symbol,prediction_date,target_trading_date,current_regime,current_raw_hmm_confidence,bull_probability,side_probability,bear_probability,next_regime,next_day_probability,actual_next_regime,agreement,stay_probability,recent_consistency,current_regime_streak,stickiness_score
INDIA_VIX,2024-09-30,2024-10-01,BEAR,0.9110263546979647,0.11780833758935781,0.2632625552467768,0.6189291071638654,BEAR,0.6189291071638654,BEAR,True,0.6189291071638654,0.6,4,58.135746429831926
NIFTY_50,2024-09-30,2024-10-01,BULL,0.9984656582608077,0.5594028439774728,0.33784212946374703,0.10275502655878017,BULL,0.5594028439774728,BULL,True,0.5594028439774728,1.0,12,73.56417063864836
NIFTY_AUTO,2024-09-30,2024-10-01,BULL,0.9933360430358753,0.6350639456281851,0.30285817639830037,0.06207787797351442,BULL,0.6350639456281851,BULL,True,0.6350639456281851,0.8,1,59.603836737691104
NIFTY_BANK,2024-09-30,2024-10-01,BULL,0.686454788154841,0.4956623800774814,0.42221142547118207,0.08212619445133648,BULL,0.4956623800774814,SIDE,False,0.4956623800774814,0.5,2,45.239742804648884
NIFTY_FIN_SERVICE,2024-09-30,2024-10-01,BULL,0.983398855900176,0.5926287581068888,0.32466306704494274,0.08270817484816853,BULL,0.5926287581068888,BULL,True,0.5926287581068888,0.4,1,47.057725486413325
NIFTY_IT,2024-09-30,2024-10-01,SIDE,0.9999303185426579,0.16374840894051707,0.6693792673133901,0.16687232374609273,SIDE,0.6693792673133901,SIDE,True,0.6693792673133901,1.0,10,80.16275603880342
NIFTY_PHARMA,2024-09-30,2024-10-01,SIDE,0.9627430190401934,0.18460577230550726,0.7169160210685964,0.09847820662589632,SIDE,0.7169160210685964,SIDE,True,0.7169160210685964,1.0,10,83.0149612641158
SENSEX,2024-09-30,2024-10-01,BULL,0.9969123829900525,0.5647766822650641,0.32889282263336617,0.10633049510156974,BULL,0.5647766822650641,BULL,True,0.5647766822650641,1.0,51,73.88660093590384
INDIA_VIX,2024-10-01,2024-10-03,BEAR,0.9999320056636591,0.09180371463534884,0.23547141711563593,0.6727248682490151,BEAR,0.6727248682490151,SIDE,False,0.6727248682490151,0.6,5,62.863492094940895
NIFTY_50,2024-10-01,2024-10-03,BULL,0.998137457653831,0.5592823474143688,0.33797733930575996,0.10274031327987133,BULL,0.5592823474143688,SIDE,False,0.5592823474143688,1.0,13,73.55694084486213
NIFTY_AUTO,2024-10-01,2024-10-03,BULL,0.9981551695960509,0.6375401660269764,0.3005189941138625,0.06194083985916112,BULL,0.6375401660269764,SIDE,False,0.6375401660269764,0.8,2,61.25240996161858
NIFTY_BANK,2024-10-01,2024-10-03,SIDE,0.8804634092973769,0.2366482264837542,0.6662308004131265,0.09712097310311914,SIDE,0.6662308004131265,SIDE,True,0.6662308004131265,0.5,3,56.973848024787586
NIFTY_FIN_SERVICE,2024-10-01,2024-10-03,BULL,0.9095700222103751,0.5617482463974586,0.35578108332686686,0.0824706702756745,BULL,0.5617482463974586,BEAR,False,0.5617482463974586,0.4,2,46.704894783847514
NIFTY_IT,2024-10-01,2024-10-03,SIDE,0.9947243926570174,0.16852508389235607,0.665588168445462,0.16588674766218195,SIDE,0.665588168445462,SIDE,True,0.665588168445462,1.0,11,79.93529010672772
NIFTY_PHARMA,2024-10-01,2024-10-03,SIDE,0.9986400608051539,0.14993066920939252,0.7481707002211174,0.10189863056949006,SIDE,0.7481707002211174,SIDE,True,0.7481707002211174,1.0,11,84.89024201326704
SENSEX,2024-10-01,2024-10-03,BULL,0.9951880580530442,0.5641127334038283,0.32962490819162915,0.10626235840454258,BULL,0.5641127334038283,SIDE,False,0.5641127334038283,1.0,52,73.8467640042297
INDIA_VIX,2024-10-03,2024-10-04,SIDE,0.970634194303254,0.2553567639728325,0.4623652424837288,0.2822779935434387,SIDE,0.4623652424837288,SIDE,True,0.4623652424837288,0.7,6,54.241914549023726
NIFTY_50,2024-10-03,2024-10-04,SIDE,0.8946246949650545,0.10967911709870629,0.6867114435091265,0.20360943939216727,SIDE,0.6867114435091265,BEAR,False,0.6867114435091265,1.0,14,81.20268661054759
NIFTY_AUTO,2024-10-03,2024-10-04,SIDE,0.9998641997897635,0.1813156917028599,0.7140820903134476,0.1046022179836924,SIDE,0.7140820903134476,SIDE,True,0.7140820903134476,0.8,3,67.34492541880687
NIFTY_BANK,2024-10-03,2024-10-04,SIDE,0.927495638234018,0.11799675633611402,0.6972345406660666,0.18476870299781947,SIDE,0.6972345406660666,SIDE,True,0.6972345406660666,0.5,4,60.334072439964004
NIFTY_FIN_SERVICE,2024-10-03,2024-10-04,BEAR,0.9417440921053842,0.11448966557361762,0.3401273587123656,0.5453829757140166,BEAR,0.5453829757140166,BEAR,True,0.5453829757140166,0.4,3,47.22297854284099
NIFTY_IT,2024-10-03,2024-10-04,SIDE,0.9998155353585786,0.16369360360435545,0.6692953250957979,0.16701107129984666,SIDE,0.6692953250957979,SIDE,True,0.6692953250957979,1.0,12,80.15771950574788
NIFTY_PHARMA,2024-10-03,2024-10-04,SIDE,0.9999487222221365,0.14844729669520015,0.7494661756198688,0.10208652768493122,SIDE,0.7494661756198688,SIDE,True,0.7494661756198688,1.0,12,84.96797053719213
SENSEX,2024-10-03,2024-10-04,SIDE,0.8446752707872471,0.10713891534859567,0.661631982975053,0.23122910167635127,SIDE,0.661631982975053,BEAR,False,0.661631982975053,1.0,53,79.69791897850318
INDIA_VIX,2024-10-04,2024-10-07,SIDE,0.9998214846335817,0.25946875658422197,0.469697793686155,0.2708334497296229,SIDE,0.469697793686155,SIDE,True,0.469697793686155,0.3,1,37.1818676211693
NIFTY_50,2024-10-04,2024-10-07,BEAR,0.8753177740581086,0.12355175556928367,0.33716763736045735,0.539280607070259,BEAR,0.539280607070259,BEAR,True,0.539280607070259,1.0,15,72.35683642421554
NIFTY_AUTO,2024-10-04,2024-10-07,SIDE,0.9593500936814816,0.1714454597825616,0.6727215575807914,0.15583298263664686,SIDE,0.6727215575807914,SIDE,True,0.6727215575807914,0.8,4,66.36329345484748
NIFTY_BANK,2024-10-04,2024-10-07,SIDE,0.6899329702992854,0.10852671525210918,0.5725510766947068,0.318922208053184,SIDE,0.5725510766947068,BEAR,False,0.5725510766947068,0.5,5,54.35306460168241
NIFTY_FIN_SERVICE,2024-10-04,2024-10-07,BEAR,0.9998713001352448,0.11135179557316752,0.3188511004604488,0.5697971039663837,BEAR,0.5697971039663837,BEAR,True,0.5697971039663837,0.4,4,50.18782623798301
NIFTY_IT,2024-10-04,2024-10-07,SIDE,0.999925076815993,0.163755697690554,0.6693753728725313,0.16686892943691456,SIDE,0.6693753728725313,SIDE,True,0.6693753728725313,1.0,13,80.16252237235187
NIFTY_PHARMA,2024-10-04,2024-10-07,SIDE,0.9997067634501805,0.1483856312484643,0.7491963361577502,0.10241803259378562,SIDE,0.7491963361577502,SIDE,True,0.7491963361577502,1.0,13,84.95178016946502
SENSEX,2024-10-04,2024-10-07,BEAR,0.9816456997879102,0.1236035097250575,0.3353734756970798,0.5410230145778627,BEAR,0.5410230145778627,BEAR,True,0.5410230145778627,1.0,54,72.46138087467176
INDIA_VIX,2024-10-07,2024-10-08,SIDE,0.9971931982335889,0.2605811416399607,0.46901082119058196,0.2704080371694573,SIDE,0.46901082119058196,SIDE,True,0.46901082119058196,0.4,2,41.14064927143492
NIFTY_50,2024-10-07,2024-10-08,BEAR,0.9999912726559975,0.13043631281625373,0.27595973345613944,0.5936039537276068,BEAR,0.5936039537276068,BEAR,True,0.5936039537276068,1.0,16,75.61623722365641
NIFTY_AUTO,2024-10-07,2024-10-08,SIDE,0.780912899807447,0.14838284585801217,0.5696512925715314,0.28196586157045644,SIDE,0.5696512925715314,SIDE,True,0.5696512925715314,0.8,5,61.67907755429187
NIFTY_BANK,2024-10-07,2024-10-08,BEAR,0.9999983527222468,0.10893809341970409,0.3118822770021973,0.5791796295780987,BEAR,0.5791796295780987,BEAR,True,0.5791796295780987,0.6,6,58.750777774685915
NIFTY_FIN_SERVICE,2024-10-07,2024-10-08,BEAR,0.9999999999403408,0.11135357238881281,0.3187967650209122,0.5698496625902749,BEAR,0.5698496625902749,BEAR,True,0.5698496625902749,0.5,5,54.19097975541649
NIFTY_IT,2024-10-07,2024-10-08,SIDE,0.9995186105126128,0.16415752074354356,0.6690747980070761,0.16676768124938027,SIDE,0.6690747980070761,SIDE,True,0.6690747980070761,1.0,14,80.14448788042458
NIFTY_PHARMA,2024-10-07,2024-10-08,SIDE,0.9902683257283991,0.14694200115086753,0.7393377834079105,0.11372021544122203,SIDE,0.7393377834079105,SIDE,True,0.7393377834079105,1.0,14,84.36026700447462
SENSEX,2024-10-07,2024-10-08,BEAR,0.9999987919017852,0.1244750571201381,0.32787287974363816,0.5476520631362237,BEAR,0.5476520631362237,BEAR,True,0.5476520631362237,1.0,55,72.85912378817342
INDIA_VIX,2024-10-08,2024-10-09,SIDE,0.9997899681043804,0.2594821323720739,0.4696895403861072,0.2708283272418188,SIDE,0.4696895403861072,SIDE,True,0.4696895403861072,0.4,3,42.68137242316644
NIFTY_50,2024-10-08,2024-10-09,BEAR,0.9915594860537242,0.12989268382227265,0.28050763366821246,0.589599682509515,BEAR,0.589599682509515,BEAR,True,0.589599682509515,1.0,17,75.3759809505709
NIFTY_AUTO,2024-10-08,2024-10-09,SIDE,0.9949828229594692,0.17976695670539586,0.7079597975301452,0.11227324576445895,SIDE,0.7079597975301452,SIDE,True,0.7079597975301452,0.8,6,71.47758785180869
NIFTY_BANK,2024-10-08,2024-10-09,BEAR,0.9994735639129495,0.10892609454282198,0.3121165340037733,0.5789573714534046,BEAR,0.5789573714534046,BEAR,True,0.5789573714534046,0.7,7,62.73744228720428
NIFTY_FIN_SERVICE,2024-10-08,2024-10-09,BEAR,0.9999966149854878,0.11135354839315909,0.3187981797333385,0.5698482718735024,BEAR,0.5698482718735024,BEAR,True,0.5698482718735024,0.6,6,58.19089631241013
NIFTY_IT,2024-10-08,2024-10-09,SIDE,0.9974952544247897,0.16601807793714338,0.6675907074773736,0.166391214585483,SIDE,0.6675907074773736,SIDE,True,0.6675907074773736,1.0,15,80.05544244864241
NIFTY_PHARMA,2024-10-08,2024-10-09,SIDE,0.9996736101392265,0.14878606196604635,0.7491948733277096,0.10201906470624407,SIDE,0.7491948733277096,BULL,False,0.7491948733277096,1.0,15,84.95169239966258
SENSEX,2024-10-08,2024-10-09,BEAR,0.998165968162786,0.12438676133528105,0.32862823902334976,0.5469849996413692,BEAR,0.5469849996413692,BEAR,True,0.5469849996413692,1.0,56,72.81909997848214
INDIA_VIX,2024-10-09,2024-10-10,SIDE,0.9999451982498484,0.2594160274992644,0.4697301969550057,0.2708537755457299,SIDE,0.4697301969550057,SIDE,True,0.4697301969550057,0.1,1,32.183811817300345
NIFTY_50,2024-10-09,2024-10-10,BEAR,0.9943883206772216,0.1300734693237363,0.2789903942340855,0.5909361364421782,BEAR,0.5909361364421782,BEAR,True,0.5909361364421782,1.0,18,75.4561681865307
NIFTY_AUTO,2024-10-09,2024-10-10,SIDE,0.9999255200147508,0.18125764202482106,0.7141272571825574,0.10461510079262151,SIDE,0.7141272571825574,SIDE,True,0.7141272571825574,0.8,7,73.34763543095345
NIFTY_BANK,2024-10-09,2024-10-10,BEAR,0.9991063410435533,0.10891771008383018,0.312280355318153,0.5788019345980168,BEAR,0.5788019345980168,BEAR,True,0.5788019345980168,0.8,8,66.728116075881
NIFTY_FIN_SERVICE,2024-10-09,2024-10-10,BEAR,0.9998694719523742,0.11135191409647868,0.3188517807008186,0.5697963052027027,BEAR,0.5697963052027027,BEAR,True,0.5697963052027027,0.7,7,62.18777831216216
NIFTY_IT,2024-10-09,2024-10-10,SIDE,0.9741601392032453,0.18595654271618792,0.6516638666726601,0.16237959061115204,SIDE,0.6516638666726601,SIDE,True,0.6516638666726601,1.0,16,79.0998320003596
NIFTY_PHARMA,2024-10-09,2024-10-10,BULL,0.9308415111202399,0.5847200887961755,0.3407174281692125,0.074562483034612,BULL,0.5847200887961755,SIDE,False,0.5847200887961755,1.0,16,75.08320532777054
SENSEX,2024-10-09,2024-10-10,BEAR,0.9995996884429394,0.12445579627074294,0.3280374917727021,0.5475067119565551,BEAR,0.5475067119565551,BEAR,True,0.5475067119565551,1.0,57,72.85040271739331
INDIA_VIX,2024-10-10,2024-10-11,SIDE,0.9994202394298095,0.2593520885740567,0.4695959675425012,0.27105194388344206,SIDE,0.4695959675425012,SIDE,True,0.4695959675425012,0.4,1,39.67575805255007
NIFTY_50,2024-10-10,2024-10-11,BEAR,0.990556147481421,0.12982888015599148,0.28104378649248357,0.5891273333515249,BEAR,0.5891273333515249,BEAR,True,0.5891273333515249,1.0,19,75.34764000109149
NIFTY_AUTO,2024-10-10,2024-10-11,SIDE,0.9999505223213124,0.18127949734179924,0.7141659175718374,0.10455458508636327,SIDE,0.7141659175718374,SIDE,True,0.7141659175718374,0.8,8,74.84995505431024
NIFTY_BANK,2024-10-10,2024-10-11,BEAR,0.9098451529549266,0.1072459692065888,0.3499488066116756,0.5428052241817355,BEAR,0.5428052241817355,BEAR,True,0.5428052241817355,0.9,9,68.56831345090413
NIFTY_FIN_SERVICE,2024-10-10,2024-10-11,BEAR,0.9724341842214449,0.11105565935963506,0.33020597284698605,0.5587383677933789,BEAR,0.5587383677933789,BEAR,True,0.5587383677933789,0.8,8,65.52430206760273
NIFTY_IT,2024-10-10,2024-10-11,SIDE,0.9998855002941892,0.1638027882607234,0.669346022954714,0.16685118878456262,SIDE,0.669346022954714,SIDE,True,0.669346022954714,1.0,17,80.16076137728284
NIFTY_PHARMA,2024-10-10,2024-10-11,SIDE,0.9993143852599755,0.14904645311445863,0.7488253766683,0.10212817021724133,SIDE,0.7488253766683,SIDE,True,0.7488253766683,1.0,17,84.929522600098
SENSEX,2024-10-10,2024-10-11,BEAR,0.9976550241183243,0.12436215651780352,0.3288385842017082,0.5467992592804882,BEAR,0.5467992592804882,BEAR,True,0.5467992592804882,1.0,58,72.8079555568293
INDIA_VIX,2024-10-11,2024-10-14,SIDE,0.9929982730106454,0.2583628038432373,0.46796355881844004,0.27367363733832273,SIDE,0.46796355881844004,SIDE,True,0.46796355881844004,0.5,2,43.5778135291064
NIFTY_50,2024-10-11,2024-10-14,BEAR,0.9923689281096568,0.12994420070554882,0.2800743939750094,0.5899814053194419,BEAR,0.5899814053194419,BEAR,True,0.5899814053194419,1.0,20,75.39888431916651
NIFTY_AUTO,2024-10-11,2024-10-14,SIDE,0.9999478162252475,0.1812517297817032,0.7141504377052796,0.10459783251301717,SIDE,0.7141504377052796,SIDE,True,0.7141504377052796,0.9,9,78.84902626231678
NIFTY_BANK,2024-10-11,2024-10-14,BEAR,0.9823762440281629,0.1085500167902274,0.3196560343561774,0.5717939488535952,BEAR,0.5717939488535952,SIDE,False,0.5717939488535952,1.0,10,74.30763693121571
NIFTY_FIN_SERVICE,2024-10-11,2024-10-14,BEAR,0.9983045683102525,0.1113300817212528,0.3195119582384966,0.5691579600402507,BEAR,0.5691579600402507,BEAR,True,0.5691579600402507,0.9,9,70.14947760241505
NIFTY_IT,2024-10-11,2024-10-14,SIDE,0.9988520680271649,0.16477422620892637,0.6685838160955122,0.16664195769556145,SIDE,0.6685838160955122,SIDE,True,0.6685838160955122,1.0,18,80.11502896573074
NIFTY_PHARMA,2024-10-11,2024-10-14,SIDE,0.9961270404484478,0.15266178068723535,0.7457156963924779,0.10162252292028669,SIDE,0.7457156963924779,SIDE,True,0.7457156963924779,1.0,18,84.74294178354867
SENSEX,2024-10-11,2024-10-14,BEAR,0.9996047707478942,0.12445603554311789,0.32803539999180065,0.5475085644650816,BEAR,0.5475085644650816,BEAR,True,0.5475085644650816,1.0,59,72.8505138679049
INDIA_VIX,2024-10-14,2024-10-15,SIDE,0.9288696029434165,0.24883720472630547,0.4523086265039123,0.29885416876978227,SIDE,0.4523086265039123,SIDE,True,0.4523086265039123,0.6,3,46.638517590234734
NIFTY_50,2024-10-14,2024-10-15,BEAR,0.5069752537632678,0.11136026390946008,0.48742392521612765,0.4012158108744123,SIDE,0.48742392521612765,SIDE,True,0.4012158108744123,1.0,21,64.07294865246473
NIFTY_AUTO,2024-10-14,2024-10-15,SIDE,0.9999578192644195,0.18125698121837513,0.7141643522661228,0.10457866651550203,SIDE,0.7141643522661228,SIDE,True,0.7141643522661228,1.0,10,82.84986113596737
NIFTY_BANK,2024-10-14,2024-10-15,SIDE,0.5586959990247389,0.10654940587233551,0.5212094185918696,0.3722411755357949,SIDE,0.5212094185918696,SIDE,True,0.5212094185918696,1.0,11,71.27256511551218
NIFTY_FIN_SERVICE,2024-10-14,2024-10-15,BEAR,0.6934915385439293,0.1110072901220632,0.4321071478208484,0.45688556205708836,BEAR,0.45688556205708836,SIDE,False,0.45688556205708836,1.0,10,67.4131337234253
NIFTY_IT,2024-10-14,2024-10-15,SIDE,0.7588638681808552,0.31243218060595185,0.550732839617301,0.13683497977674702,SIDE,0.550732839617301,SIDE,True,0.550732839617301,1.0,19,73.04397037703806
NIFTY_PHARMA,2024-10-14,2024-10-15,SIDE,0.9824341109073036,0.16663580426838917,0.7331344046366012,0.1002297910950097,SIDE,0.7331344046366012,SIDE,True,0.7331344046366012,1.0,19,83.98806427819608
SENSEX,2024-10-14,2024-10-15,BEAR,0.7692087818524994,0.11522904988469601,0.41527202704312716,0.4694989230721768,BEAR,0.4694989230721768,BEAR,True,0.4694989230721768,1.0,60,68.16993538433061
INDIA_VIX,2024-10-15,2024-10-16,SIDE,0.9005533359450817,0.24476672570502647,0.4457088395061556,0.3095244347888178,SIDE,0.4457088395061556,SIDE,True,0.4457088395061556,0.7,4,50.24253037036933
NIFTY_50,2024-10-15,2024-10-16,SIDE,0.6921058075359553,0.10815256442291044,0.5721768704157966,0.31967056516129305,SIDE,0.5721768704157966,BEAR,False,0.5721768704157966,1.0,22,74.3306122249478
NIFTY_AUTO,2024-10-15,2024-10-16,SIDE,0.9991456678749288,0.1810002023660736,0.7131161414851553,0.10588365614877109,SIDE,0.7131161414851553,SIDE,True,0.7131161414851553,1.0,11,82.78696848910933
NIFTY_BANK,2024-10-15,2024-10-16,SIDE,0.988331535034492,0.12408468173702124,0.7520280447473335,0.12388727351564514,SIDE,0.7520280447473335,SIDE,True,0.7520280447473335,1.0,12,85.12168268484001
NIFTY_FIN_SERVICE,2024-10-15,2024-10-16,SIDE,0.8542940350013108,0.12283038220610544,0.6454774328240676,0.23169218496982708,SIDE,0.6454774328240676,SIDE,True,0.6454774328240676,1.0,11,78.72864596944406
NIFTY_IT,2024-10-15,2024-10-16,SIDE,0.8415127377643361,0.27100703438285845,0.5837691957593707,0.14522376985777083,SIDE,0.5837691957593707,SIDE,True,0.5837691957593707,1.0,20,75.02615174556225
NIFTY_PHARMA,2024-10-15,2024-10-16,SIDE,0.9994481938623858,0.14903970261735539,0.7489710226936684,0.10198927468897617,SIDE,0.7489710226936684,SIDE,True,0.7489710226936684,1.0,20,84.93826136162012
SENSEX,2024-10-15,2024-10-16,BEAR,0.7270181453939882,0.11384390775409076,0.4303110789774054,0.45584501326850385,BEAR,0.45584501326850385,BEAR,True,0.45584501326850385,1.0,61,67.35070079611023
INDIA_VIX,2024-10-16,2024-10-17,SIDE,0.9428384659593727,0.25084682625920285,0.4556298793056114,0.2935232944351857,SIDE,0.4556298793056114,SIDE,True,0.4556298793056114,0.8,5,54.837792758336676
NIFTY_50,2024-10-16,2024-10-17,BEAR,0.6928916237333106,0.11640825011575369,0.4137314423826527,0.4698603075015936,BEAR,0.4698603075015936,BEAR,True,0.4698603075015936,1.0,23,68.19161845009562
NIFTY_AUTO,2024-10-16,2024-10-17,SIDE,0.7980843199951201,0.15004894125220308,0.5774305269855262,0.27252053176227076,SIDE,0.5774305269855262,BEAR,False,0.5774305269855262,1.0,12,74.64583161913157
NIFTY_BANK,2024-10-16,2024-10-17,SIDE,0.9982319614221455,0.12554638079425753,0.7641424908147125,0.11031112839103002,SIDE,0.7641424908147125,SIDE,True,0.7641424908147125,1.0,13,85.84854944888275
NIFTY_FIN_SERVICE,2024-10-16,2024-10-17,SIDE,0.9867280421374539,0.1344190496206347,0.7420999724019276,0.1234809779774377,SIDE,0.7420999724019276,BEAR,False,0.7420999724019276,1.0,12,84.52599834411566
NIFTY_IT,2024-10-16,2024-10-17,SIDE,0.9993409549293085,0.16431527731840984,0.6689437568165749,0.16674096586501524,SIDE,0.6689437568165749,SIDE,True,0.6689437568165749,1.0,21,80.1366254089945
NIFTY_PHARMA,2024-10-16,2024-10-17,SIDE,0.9999363592258805,0.14848758025592654,0.7494561563035911,0.10205626344048237,SIDE,0.7494561563035911,SIDE,True,0.7494561563035911,1.0,21,84.96736937821547
SENSEX,2024-10-16,2024-10-17,BEAR,0.9786546582938853,0.12346415842526419,0.33658295888534495,0.5399528826893908,BEAR,0.5399528826893908,BEAR,True,0.5399528826893908,1.0,62,72.39717296136344
INDIA_VIX,2024-10-17,2024-10-18,SIDE,0.999377624756188,0.25931693973435754,0.46958542583542134,0.27109763443022117,SIDE,0.46958542583542134,SIDE,True,0.46958542583542134,0.9,6,59.67512555012527
NIFTY_50,2024-10-17,2024-10-18,BEAR,0.999940765108235,0.13043301345722774,0.2759872077001505,0.5935797788426218,BEAR,0.5935797788426218,BEAR,True,0.5935797788426218,1.0,24,75.61478673055731
NIFTY_AUTO,2024-10-17,2024-10-18,BEAR,0.9999999999709761,0.09752828867534095,0.25689337312649285,0.6455783381981661,BEAR,0.6455783381981661,BEAR,True,0.6455783381981661,1.0,13,78.73470029188996
NIFTY_BANK,2024-10-17,2024-10-18,SIDE,0.8890377437371954,0.11550301035840299,0.6711678886566076,0.21332910098498956,SIDE,0.6711678886566076,SIDE,True,0.6711678886566076,1.0,14,80.27007331939645
NIFTY_FIN_SERVICE,2024-10-17,2024-10-18,BEAR,0.9471997025667734,0.1107120831120942,0.3404144131471361,0.5488735037407697,BEAR,0.5488735037407697,SIDE,False,0.5488735037407697,1.0,13,72.93241022444617
NIFTY_IT,2024-10-17,2024-10-18,SIDE,0.972079575272069,0.18761937329931425,0.6503356602339451,0.16204496646674066,SIDE,0.6503356602339451,SIDE,True,0.6503356602339451,1.0,22,79.0201396140367
NIFTY_PHARMA,2024-10-17,2024-10-18,SIDE,0.9983036814123277,0.14815566520446083,0.7476588659304156,0.10418546886512357,SIDE,0.7476588659304156,SIDE,True,0.7476588659304156,1.0,22,84.85953195582493
SENSEX,2024-10-17,2024-10-18,BEAR,0.9999695512942484,0.12447364515336946,0.3278849427387158,0.5476414121079146,BEAR,0.5476414121079146,BEAR,True,0.5476414121079146,1.0,63,72.85848472647488
INDIA_VIX,2024-10-18,2024-10-21,SIDE,0.973497938328632,0.25538672337034435,0.4630856070705684,0.2815276695590872,SIDE,0.4630856070705684,SIDE,True,0.4630856070705684,0.9,7,60.785136424234096
NIFTY_50,2024-10-18,2024-10-21,BEAR,0.9985271279896235,0.13034088557325796,0.2767550191899362,0.592904095236806,BEAR,0.592904095236806,BEAR,True,0.592904095236806,1.0,25,75.57424571420836
NIFTY_AUTO,2024-10-18,2024-10-21,BEAR,0.9999999952341314,0.09752828892810168,0.2568933758717148,0.6455783352001835,BEAR,0.6455783352001835,BEAR,True,0.6455783352001835,1.0,14,78.73470011201101
NIFTY_BANK,2024-10-18,2024-10-21,SIDE,0.9967047437079442,0.12573109583136613,0.7621756457763469,0.11209325839228679,SIDE,0.7621756457763469,SIDE,True,0.7621756457763469,1.0,15,85.73053874658082
NIFTY_FIN_SERVICE,2024-10-18,2024-10-21,SIDE,0.6708191510455472,0.12276177764934618,0.5597113007626648,0.317526921587989,SIDE,0.5597113007626648,SIDE,True,0.5597113007626648,1.0,14,73.58267804575989
NIFTY_IT,2024-10-18,2024-10-21,SIDE,0.9999128008985174,0.16376093481223253,0.6693663236581978,0.16687274152956968,SIDE,0.6693663236581978,SIDE,True,0.6693663236581978,1.0,23,80.16197941949187
NIFTY_PHARMA,2024-10-18,2024-10-21,SIDE,0.9998637879839535,0.14841626050484014,0.7493705378171921,0.10221320167796763,SIDE,0.7493705378171921,SIDE,True,0.7493705378171921,1.0,23,84.96223226903153
SENSEX,2024-10-18,2024-10-21,BEAR,0.9990678901797547,0.12443014603006845,0.3282567318931083,0.5473131220768233,BEAR,0.5473131220768233,BEAR,True,0.5473131220768233,1.0,64,72.83878732460938
INDIA_VIX,2024-10-21,2024-10-22,SIDE,0.9999639648977704,0.2594064532702754,0.46973513063578726,0.27085841609393735,SIDE,0.46973513063578726,SIDE,True,0.46973513063578726,0.2,1,34.684107838147234
NIFTY_50,2024-10-21,2024-10-22,BEAR,0.999710112937832,0.13041795342578316,0.27611263746657383,0.593469409107643,BEAR,0.593469409107643,BEAR,True,0.593469409107643,1.0,26,75.6081645464586
NIFTY_AUTO,2024-10-21,2024-10-22,BEAR,0.9999997910982851,0.09752829982090912,0.2568934941779039,0.645578206001187,BEAR,0.645578206001187,BEAR,True,0.645578206001187,1.0,15,78.73469236007121
NIFTY_BANK,2024-10-21,2024-10-22,SIDE,0.9996660741271544,0.12581294938623921,0.766035154264135,0.10815189634962566,SIDE,0.766035154264135,SIDE,True,0.766035154264135,1.0,16,85.96210925584809
NIFTY_FIN_SERVICE,2024-10-21,2024-10-22,SIDE,0.9974701856678747,0.13635209201849402,0.7546805261895727,0.10896738179193334,SIDE,0.7546805261895727,SIDE,True,0.7546805261895727,1.0,15,85.28083157137436
NIFTY_IT,2024-10-21,2024-10-22,SIDE,0.9978872372120043,0.1633409754592528,0.6678905089371225,0.16876851560362446,SIDE,0.6678905089371225,SIDE,True,0.6678905089371225,1.0,24,80.07343053622735
NIFTY_PHARMA,2024-10-21,2024-10-22,SIDE,0.9305332313045412,0.14073624103817406,0.6923341558554834,0.16692960310634256,SIDE,0.6923341558554834,BEAR,False,0.6923341558554834,1.0,24,81.540049351329
SENSEX,2024-10-21,2024-10-22,BEAR,0.9990754879675587,0.12443050086972897,0.32825360822983557,0.5473158909004354,BEAR,0.5473158909004354,BEAR,True,0.5473158909004354,1.0,65,72.83895345402613
INDIA_VIX,2024-10-22,2024-10-23,SIDE,0.9999516841765632,0.2594135585434285,0.46973189258748044,0.27085454886909105,SIDE,0.46973189258748044,SIDE,True,0.46973189258748044,0.8,1,49.68391355524883
NIFTY_50,2024-10-22,2024-10-23,BEAR,0.9999999974755478,0.13043688279365648,0.2759549871991105,0.5936081300072331,BEAR,0.5936081300072331,BEAR,True,0.5936081300072331,0.1,1,39.616487800433994
NIFTY_AUTO,2024-10-22,2024-10-23,BEAR,0.9999999999999805,0.09752828867379326,0.2568933731096835,0.6455783382165232,BEAR,0.6455783382165232,BEAR,True,0.6455783382165232,0.1,1,42.7347002929914
NIFTY_BANK,2024-10-22,2024-10-23,SIDE,0.9151354641058154,0.11711430163593547,0.6883878424448515,0.19449785591921306,SIDE,0.6883878424448515,SIDE,True,0.6883878424448515,0.1,1,45.303270546691095
NIFTY_FIN_SERVICE,2024-10-22,2024-10-23,SIDE,0.914706771883091,0.1265571708379348,0.6819199425473275,0.1915228866147378,SIDE,0.6819199425473275,SIDE,True,0.6819199425473275,0.1,1,44.915196552839646
NIFTY_IT,2024-10-22,2024-10-23,SIDE,0.9648441643037036,0.15795919162878297,0.6459650895845203,0.19607571878669686,SIDE,0.6459650895845203,SIDE,True,0.6459650895845203,1.0,25,78.75790537507122
NIFTY_PHARMA,2024-10-22,2024-10-23,BEAR,0.9979656963663673,0.12851346233399644,0.3686401064145706,0.502846431251433,BEAR,0.502846431251433,BEAR,True,0.502846431251433,1.0,25,70.17078587508598
SENSEX,2024-10-22,2024-10-23,BEAR,0.9999999832613861,0.12447511458319001,0.3278723882944285,0.5476524971223814,BEAR,0.5476524971223814,BEAR,True,0.5476524971223814,0.1,1,36.85914982734288
INDIA_VIX,2024-10-23,2024-10-24,SIDE,0.9999390325070839,0.259418924786764,0.4697285788433371,0.2708524963698989,SIDE,0.4697285788433371,SIDE,True,0.4697285788433371,0.2,1,34.68371473060022
NIFTY_50,2024-10-23,2024-10-24,BEAR,0.999999994150413,0.13043688257654637,0.2759549890078986,0.5936081284155551,BEAR,0.5936081284155551,BEAR,True,0.5936081284155551,0.2,2,43.616487704933306
NIFTY_AUTO,2024-10-23,2024-10-24,BEAR,0.9999999999999938,0.09752828867379251,0.2568933731096757,0.6455783382165318,BEAR,0.6455783382165318,BEAR,True,0.6455783382165318,0.2,2,46.7347002929919
NIFTY_BANK,2024-10-23,2024-10-24,SIDE,0.9454682949840854,0.11941662498974193,0.7111343434883294,0.1694490315219287,SIDE,0.7111343434883294,SIDE,True,0.7111343434883294,0.2,2,50.66806060929976
NIFTY_FIN_SERVICE,2024-10-23,2024-10-24,SIDE,0.9856898685711692,0.13409062948303183,0.7409636966281993,0.12494567388876883,SIDE,0.7409636966281993,SIDE,True,0.7409636966281993,0.9,1,68.45782179769195
NIFTY_IT,2024-10-23,2024-10-24,SIDE,0.9995902137512862,0.16407944863964607,0.669127718773273,0.16679283258708086,SIDE,0.669127718773273,SIDE,True,0.669127718773273,1.0,26,80.14766312639638
NIFTY_PHARMA,2024-10-23,2024-10-24,BEAR,0.9999999992165922,0.12854032449120806,0.3680011226858645,0.5034585528229274,BEAR,0.5034585528229274,BEAR,True,0.5034585528229274,1.0,26,70.20751316937564
SENSEX,2024-10-23,2024-10-24,BEAR,0.999999976057105,0.12447511424030702,0.32787239126316037,0.5476524944965327,BEAR,0.5476524944965327,BEAR,True,0.5476524944965327,0.2,2,40.85914966979196
INDIA_VIX,2024-10-24,2024-10-25,SIDE,0.9999696204383715,0.2594044273615471,0.4697366077862387,0.27085896485221406,SIDE,0.4697366077862387,SIDE,True,0.4697366077862387,0.3,2,38.684196467174324
NIFTY_50,2024-10-24,2024-10-25,BEAR,0.9999999956930408,0.13043688267731277,0.2759549881687183,0.593608129153969,BEAR,0.593608129153969,BEAR,True,0.593608129153969,0.3,3,47.61648774923814
NIFTY_AUTO,2024-10-24,2024-10-25,BEAR,0.9999999999999987,0.09752828867379226,0.2568933731096728,0.645578338216535,BEAR,0.645578338216535,BEAR,True,0.645578338216535,0.3,3,50.734700292992095
NIFTY_BANK,2024-10-24,2024-10-25,SIDE,0.9960353740243189,0.12518995694211554,0.7613190468434833,0.11349099621440112,SIDE,0.7613190468434833,BEAR,False,0.7613190468434833,0.8,1,67.17914281060901
NIFTY_FIN_SERVICE,2024-10-24,2024-10-25,SIDE,0.999055785792266,0.13646621385123872,0.7566650440815579,0.1068687420672034,SIDE,0.7566650440815579,SIDE,True,0.7566650440815579,0.9,2,70.89990264489347
NIFTY_IT,2024-10-24,2024-10-25,SIDE,0.9998794186096057,0.163812343945442,0.6693415004946945,0.16684615555986357,SIDE,0.6693415004946945,SIDE,True,0.6693415004946945,1.0,27,80.16049002968167
NIFTY_PHARMA,2024-10-24,2024-10-25,BEAR,0.9999998389732643,0.12854032236682592,0.3680011730479557,0.5034585045852183,BEAR,0.5034585045852183,BEAR,True,0.5034585045852183,1.0,27,70.20751027511311
SENSEX,2024-10-24,2024-10-25,BEAR,0.9999999372110171,0.12447511237445008,0.3278724072823249,0.5476524803432251,BEAR,0.5476524803432251,BEAR,True,0.5476524803432251,0.3,3,44.859148820593504
INDIA_VIX,2024-10-25,2024-10-28,SIDE,0.9999499732324869,0.2594142848363842,0.4697314444442938,0.270854270719322,SIDE,0.4697314444442938,SIDE,True,0.4697314444442938,0.4,3,42.68388666665763
NIFTY_50,2024-10-25,2024-10-28,BEAR,0.9999999999989617,0.13043688295848924,0.2759549858263881,0.5936081312151227,BEAR,0.5936081312151227,BEAR,True,0.5936081312151227,0.4,4,51.616487872907356
NIFTY_AUTO,2024-10-25,2024-10-28,BEAR,1.0,0.0975282886737922,0.2568933731096721,0.6455783382165357,BEAR,0.6455783382165357,BEAR,True,0.6455783382165357,0.4,4,54.734700292992144
NIFTY_BANK,2024-10-25,2024-10-28,BEAR,0.627149515467776,0.10537574890780414,0.45438111657018726,0.4402431345220086,SIDE,0.45438111657018726,SIDE,True,0.4402431345220086,0.3,1,35.414588071320516
NIFTY_FIN_SERVICE,2024-10-25,2024-10-28,SIDE,0.9953560039085398,0.13561395158720765,0.7520274636714619,0.11235858474133052,SIDE,0.7520274636714619,SIDE,True,0.7520274636714619,0.2,1,51.62164782028772
NIFTY_IT,2024-10-25,2024-10-28,SIDE,0.999923724459798,0.1637550927261731,0.6693743830487112,0.1668705242251156,SIDE,0.6693743830487112,SIDE,True,0.6693743830487112,1.0,28,80.16246298292268
NIFTY_PHARMA,2024-10-25,2024-10-28,BEAR,0.9999997845503688,0.12854032164532955,0.36800119015226,0.5034584882024102,BEAR,0.5034584882024102,BEAR,True,0.5034584882024102,1.0,28,70.20750929214462
SENSEX,2024-10-25,2024-10-28,BEAR,0.9999999999707376,0.12447511538749229,0.3278723814027421,0.5476525032097657,BEAR,0.5476525032097657,BEAR,True,0.5476525032097657,0.4,4,48.859150192585936
INDIA_VIX,2024-10-28,2024-10-29,SIDE,0.999979239515969,0.2594017283690988,0.4697391117403215,0.2708591598905797,SIDE,0.4697391117403215,SIDE,True,0.4697391117403215,0.5,4,46.68434670441929
NIFTY_50,2024-10-28,2024-10-29,BEAR,0.9999999344446692,0.13043687867779072,0.2759550214865418,0.5936080998356675,BEAR,0.5936080998356675,BEAR,True,0.5936080998356675,0.5,5,55.61648599014005
NIFTY_AUTO,2024-10-28,2024-10-29,BEAR,1.0,0.09752828867379221,0.2568933731096721,0.6455783382165357,BEAR,0.6455783382165357,BEAR,True,0.6455783382165357,0.5,5,58.73470029299212
NIFTY_BANK,2024-10-28,2024-10-29,SIDE,0.796810838149697,0.11144202197068939,0.6204905005052067,0.26806747752410387,SIDE,0.6204905005052067,SIDE,True,0.6204905005052067,0.7,1,56.2294300303124
NIFTY_FIN_SERVICE,2024-10-28,2024-10-29,SIDE,0.9993229760468393,0.1367243424132218,0.7570401677191347,0.1062354898676435,SIDE,0.7570401677191347,BULL,False,0.7570401677191347,0.8,1,66.92241006314809
NIFTY_IT,2024-10-28,2024-10-29,SIDE,0.9997867334883804,0.16390392429073716,0.6692729128739394,0.16682316283532353,SIDE,0.6692729128739394,SIDE,True,0.6692729128739394,1.0,29,80.15637477243637
NIFTY_PHARMA,2024-10-28,2024-10-29,BEAR,0.9973694086382939,0.12850562910387647,0.3688272644553437,0.5026671064407799,BEAR,0.5026671064407799,BEAR,True,0.5026671064407799,1.0,29,70.16002638644679
SENSEX,2024-10-28,2024-10-29,BEAR,0.9999948473886416,0.12447486728288025,0.3278745066119623,0.5476506261051575,BEAR,0.5476506261051575,BEAR,True,0.5476506261051575,0.5,5,52.85903756630944
INDIA_VIX,2024-10-29,2024-10-30,SIDE,0.9999796689609491,0.2594016821346017,0.4697392226909493,0.27085909517444906,SIDE,0.4697392226909493,SIDE,True,0.4697392226909493,0.6,5,50.68435336145696
NIFTY_50,2024-10-29,2024-10-30,BEAR,0.999939339716287,0.13043292094181877,0.27598798259888246,0.5935790964592987,BEAR,0.5935790964592987,BEAR,True,0.5935790964592987,0.6,6,59.61474578755792
NIFTY_AUTO,2024-10-29,2024-10-30,BEAR,1.0,0.0975282886737922,0.2568933731096721,0.6455783382165357,BEAR,0.6455783382165357,BEAR,True,0.6455783382165357,0.6,6,62.73470029299213
NIFTY_BANK,2024-10-29,2024-10-30,SIDE,0.9463814841063618,0.1747474781783939,0.7099079639203871,0.11534455790121897,SIDE,0.7099079639203871,SIDE,True,0.7099079639203871,0.7,2,63.09447783522323
NIFTY_FIN_SERVICE,2024-10-29,2024-10-30,BULL,0.9949903821435053,0.5977135919594251,0.3195095071480951,0.08277690089247985,BULL,0.5977135919594251,BULL,True,0.5977135919594251,0.8,2,58.862815517565515
NIFTY_IT,2024-10-29,2024-10-30,SIDE,0.9999261833995098,0.16374711803563943,0.6693762374245346,0.166876644539826,SIDE,0.6693762374245346,SIDE,True,0.6693762374245346,1.0,30,80.16257424547207
NIFTY_PHARMA,2024-10-29,2024-10-30,BEAR,0.9999986673155954,0.12854030683393497,0.3680015412823708,0.5034581518836944,BEAR,0.5034581518836944,BEAR,True,0.5034581518836944,1.0,30,70.20748911302167
SENSEX,2024-10-29,2024-10-30,BEAR,0.9982025537354264,0.12438850865345409,0.32861318358089486,0.5469983077656512,BEAR,0.5469983077656512,BEAR,True,0.5469983077656512,0.5,1,46.81989846593907
INDIA_VIX,2024-10-30,2024-10-31,SIDE,0.9991369757680998,0.2597588678667857,0.46951862772822794,0.2707225044049863,SIDE,0.46951862772822794,SIDE,True,0.46951862772822794,0.7,6,54.67111766369367
NIFTY_50,2024-10-30,2024-10-31,BEAR,0.9999986351877765,0.13043679380990092,0.2759557282728554,0.5936074779172437,BEAR,0.5936074779172437,BEAR,True,0.5936074779172437,0.7,7,63.61644867503462
NIFTY_AUTO,2024-10-30,2024-10-31,BEAR,1.0,0.0975282886737922,0.2568933731096721,0.6455783382165357,BEAR,0.6455783382165357,BEAR,True,0.6455783382165357,0.7,7,66.73470029299213
NIFTY_BANK,2024-10-30,2024-10-31,SIDE,0.9982592348531703,0.12596621277682085,0.7641893397256141,0.10984444749756506,SIDE,0.7641893397256141,SIDE,True,0.7641893397256141,0.7,3,67.85136038353684
NIFTY_FIN_SERVICE,2024-10-30,2024-10-31,BULL,0.6886195671186545,0.4775470708146235,0.4375450348896105,0.08490789429576606,BULL,0.4775470708146235,SIDE,False,0.4775470708146235,0.8,3,53.15282424887741
NIFTY_IT,2024-10-30,2024-10-31,SIDE,0.9993709388794997,0.16360783246440644,0.6689699827113261,0.1674221848242675,SIDE,0.6689699827113261,BEAR,False,0.6689699827113261,1.0,31,80.13819896267957
NIFTY_PHARMA,2024-10-30,2024-10-31,BEAR,0.9999999974276323,0.12854032446749142,0.36800112324810796,0.5034585522844007,BEAR,0.5034585522844007,BEAR,True,0.5034585522844007,1.0,31,70.20751313706405
SENSEX,2024-10-30,2024-10-31,BEAR,0.9999745699871081,0.124473888649553,0.32788287155552864,0.5476432397949184,BEAR,0.5476432397949184,BEAR,True,0.5476432397949184,0.6,1,49.3585943876951
INDIA_VIX,2024-10-31,2024-11-01,SIDE,0.9996827616370763,0.2595275840085031,0.46966146930831154,0.2708109466831852,SIDE,0.46966146930831154,SIDE,True,0.46966146930831154,0.8,7,58.67968815849869
NIFTY_50,2024-10-31,2024-11-01,BEAR,0.9999999809900207,0.13043688171728315,0.27595499616679564,0.5936081221159212,BEAR,0.5936081221159212,BEAR,True,0.5936081221159212,0.3,1,44.61648732695527
NIFTY_AUTO,2024-10-31,2024-11-01,BEAR,1.0,0.0975282886737922,0.2568933731096721,0.6455783382165357,BEAR,0.6455783382165357,BEAR,True,0.6455783382165357,0.8,8,70.73470029299213
NIFTY_BANK,2024-10-31,2024-11-01,SIDE,0.9981522932613232,0.12553423398576796,0.7640385799347846,0.11042718607944746,SIDE,0.7640385799347846,SIDE,True,0.7640385799347846,0.7,4,69.34231479608708
NIFTY_FIN_SERVICE,2024-10-31,2024-11-01,SIDE,0.9943086456253333,0.14231377861039304,0.7517362227243127,0.10594999866529435,SIDE,0.7517362227243127,SIDE,True,0.7517362227243127,0.8,4,71.10417336345876
NIFTY_IT,2024-10-31,2024-11-01,BEAR,0.9991559918945416,0.06665706823893065,0.27754893055082674,0.6557940012102427,BEAR,0.6557940012102427,BEAR,True,0.6557940012102427,1.0,32,79.34764007261455
NIFTY_PHARMA,2024-10-31,2024-11-01,BEAR,0.9993902691495105,0.12853225078511193,0.3681927186900415,0.5032750305248466,BEAR,0.5032750305248466,BEAR,True,0.5032750305248466,1.0,32,70.19650183149079
SENSEX,2024-10-31,2024-11-01,BEAR,0.9999999268002409,0.12447511188373431,0.3278724115691494,0.5476524765471162,BEAR,0.5476524765471162,BEAR,True,0.5476524765471162,0.4,1,44.35914859282698
INDIA_VIX,2024-11-01,2024-11-04,SIDE,0.9985117258807958,0.26002360909074423,0.46935512764866605,0.27062126326058983,SIDE,0.46935512764866605,SIDE,True,0.46935512764866605,0.9,8,62.66130765891996
NIFTY_50,2024-11-01,2024-11-04,BEAR,0.9999946630180699,0.1304365344039379,0.2759578890531509,0.5936055765429112,BEAR,0.5936055765429112,BEAR,True,0.5936055765429112,0.3,2,46.116334592574674
NIFTY_AUTO,2024-11-01,2024-11-04,BEAR,0.9999999999998872,0.0975282886737982,0.2568933731097374,0.6455783382164644,BEAR,0.6455783382164644,BEAR,True,0.6455783382164644,0.9,9,74.73470029298787
NIFTY_BANK,2024-11-01,2024-11-04,SIDE,0.9994143672032273,0.12580963014890645,0.765701638925874,0.10848873092521961,SIDE,0.765701638925874,SIDE,True,0.765701638925874,0.7,5,70.94209833555243
NIFTY_FIN_SERVICE,2024-11-01,2024-11-04,SIDE,0.9995551915088271,0.13680036037391294,0.757345059844641,0.1058545797814461,SIDE,0.757345059844641,SIDE,True,0.757345059844641,0.8,5,72.94070359067845
NIFTY_IT,2024-11-01,2024-11-04,BEAR,0.9999564991907791,0.06655533082249271,0.27714668472764215,0.6562979844498652,BEAR,0.6562979844498652,BEAR,True,0.6562979844498652,1.0,33,79.37787906699191
NIFTY_PHARMA,2024-11-01,2024-11-04,BEAR,0.9938607779978883,0.12845990807127222,0.3699272656619127,0.501612826266815,BEAR,0.501612826266815,BEAR,True,0.501612826266815,1.0,33,70.09676957600891
SENSEX,2024-11-01,2024-11-04,BEAR,0.9999682753206792,0.124473587782137,0.32788546625160836,0.5476409459662547,BEAR,0.5476409459662547,BEAR,True,0.5476409459662547,0.4,2,45.85845675797528
INDIA_VIX,2024-11-04,2024-11-05,SIDE,0.7638237729170073,0.3487058909937954,0.41491183951544763,0.23638226949075702,SIDE,0.41491183951544763,SIDE,True,0.41491183951544763,0.9,9,60.894710370926866
NIFTY_50,2024-11-04,2024-11-05,BEAR,0.9999999999826232,0.130436882957424,0.27595498583527467,0.5936081312073014,BEAR,0.5936081312073014,BEAR,True,0.5936081312073014,0.3,3,47.61648787243808
NIFTY_AUTO,2024-11-04,2024-11-05,BEAR,0.9999999999999991,0.09752828867379222,0.25689337310967253,0.6455783382165352,BEAR,0.6455783382165352,BEAR,True,0.6455783382165352,1.0,10,78.73470029299212
NIFTY_BANK,2024-11-04,2024-11-05,SIDE,0.9933042448644361,0.12475994443925015,0.7579234698496298,0.1173165857111201,SIDE,0.7579234698496298,SIDE,True,0.7579234698496298,0.7,6,71.97540819097777
NIFTY_FIN_SERVICE,2024-11-04,2024-11-05,SIDE,0.9727333930713632,0.13224167797804898,0.7278097857711135,0.13994853625083745,SIDE,0.7278097857711135,SIDE,True,0.7278097857711135,0.8,6,72.66858714626682
NIFTY_IT,2024-11-04,2024-11-05,BEAR,0.9999437132368958,0.0665569574381299,0.27715311567345874,0.6562899268884114,BEAR,0.6562899268884114,BEAR,True,0.6562899268884114,1.0,34,79.37739561330469
NIFTY_PHARMA,2024-11-04,2024-11-05,BEAR,0.9999512512144976,0.1285396782892437,0.36801644324587246,0.5034438784648837,BEAR,0.5034438784648837,BEAR,True,0.5034438784648837,1.0,34,70.20663270789302
SENSEX,2024-11-04,2024-11-05,BEAR,0.9999999997912477,0.12447511537925772,0.32787238147649744,0.5476525031442449,BEAR,0.5476525031442449,BEAR,True,0.5476525031442449,0.4,3,47.359150188654695
INDIA_VIX,2024-11-05,2024-11-06,SIDE,0.975817451367087,0.2694837329390153,0.4635161493693055,0.2670001176916792,SIDE,0.4635161493693055,SIDE,True,0.4635161493693055,1.0,10,67.81096896215834
NIFTY_50,2024-11-05,2024-11-06,BEAR,0.9999957529713777,0.13043660562738213,0.2759572961112726,0.5936060982613451,BEAR,0.5936060982613451,BEAR,True,0.5936060982613451,0.4,4,51.6163658956807
NIFTY_AUTO,2024-11-05,2024-11-06,BEAR,0.9999999999491636,0.09752828867650487,0.25689337313913424,0.645578338184361,BEAR,0.645578338184361,BEAR,True,0.645578338184361,1.0,11,78.73470029106166
NIFTY_BANK,2024-11-05,2024-11-06,SIDE,0.992949624216659,0.1342471260298329,0.7577681906611786,0.10798468330898842,SIDE,0.7577681906611786,SIDE,True,0.7577681906611786,0.8,7,75.96609143967072
NIFTY_FIN_SERVICE,2024-11-05,2024-11-06,SIDE,0.9281407298308016,0.20268025431277872,0.6973241056136449,0.0999956400735764,SIDE,0.6973241056136449,SIDE,True,0.6973241056136449,0.9,7,74.8394463368187
NIFTY_IT,2024-11-05,2024-11-06,BEAR,0.9999041455348711,0.06656199086310738,0.27717301575665737,0.6562649933802351,BEAR,0.6562649933802351,SIDE,False,0.6562649933802351,1.0,35,79.37589960281412
NIFTY_PHARMA,2024-11-05,2024-11-06,BEAR,0.9997942437503151,0.12853759783992955,0.36806578479735175,0.5033966173627187,BEAR,0.5033966173627187,BEAR,True,0.5033966173627187,1.0,35,70.20379704176312
SENSEX,2024-11-05,2024-11-06,BEAR,0.9999611324224127,0.1244732458592578,0.3278884109224734,0.5476383432182689,BEAR,0.5476383432182689,BEAR,True,0.5476383432182689,0.5,4,51.35830059309613
INDIA_VIX,2024-11-06,2024-11-07,SIDE,0.9998654574999314,0.2594497623175715,0.469709313291894,0.2708409243905344,SIDE,0.469709313291894,SIDE,True,0.469709313291894,1.0,11,68.18255879751364
NIFTY_50,2024-11-06,2024-11-07,BEAR,0.9602477581913988,0.12798987416741034,0.2967767796874313,0.5752333461451583,BEAR,0.5752333461451583,BEAR,True,0.5752333461451583,0.5,5,54.514000768709494
NIFTY_AUTO,2024-11-06,2024-11-07,BEAR,0.9999994953649203,0.0975283156014169,0.25689366556897986,0.6455780188296032,BEAR,0.6455780188296032,BEAR,True,0.6455780188296032,1.0,12,78.73468112977619
NIFTY_BANK,2024-11-06,2024-11-07,SIDE,0.9964825934157966,0.1305894402190957,0.7620901640557025,0.10732039572520177,SIDE,0.7620901640557025,SIDE,True,0.7620901640557025,0.9,8,80.22540984334215
NIFTY_FIN_SERVICE,2024-11-06,2024-11-07,SIDE,0.9835865973003903,0.1546084594531426,0.7413889545367809,0.10400258601007653,SIDE,0.7413889545367809,SIDE,True,0.7413889545367809,0.9,8,78.98333727220685
NIFTY_IT,2024-11-06,2024-11-07,SIDE,0.9964126024111166,0.16308084998995018,0.666827108189962,0.1700920418200877,SIDE,0.666827108189962,SIDE,True,0.666827108189962,1.0,36,80.00962649139773
NIFTY_PHARMA,2024-11-06,2024-11-07,BEAR,0.7322542403561416,0.12664809563147295,0.44818423570871124,0.4251676686598158,SIDE,0.44818423570871124,BEAR,False,0.4251676686598158,1.0,36,65.51006011958894
SENSEX,2024-11-06,2024-11-07,BEAR,0.5877957119425435,0.10991413045762388,0.4796433589332877,0.4104425106090883,SIDE,0.4796433589332877,BEAR,False,0.4104425106090883,0.6,5,47.1265506365453
INDIA_VIX,2024-11-07,2024-11-08,SIDE,0.9999866139646448,0.2593985492285935,0.4697410439508583,0.27086040682054824,SIDE,0.4697410439508583,SIDE,True,0.4697410439508583,1.0,12,68.1844626370515
NIFTY_50,2024-11-07,2024-11-08,BEAR,0.9999827634858549,0.1304357570278759,0.27596436225775417,0.5935998807143699,BEAR,0.5935998807143699,BEAR,True,0.5935998807143699,0.6,6,59.615992842862184
NIFTY_AUTO,2024-11-07,2024-11-08,BEAR,0.9999999990838784,0.09752828872267698,0.25689337364060727,0.6455783376367158,BEAR,0.6455783376367158,BEAR,True,0.6455783376367158,1.0,13,78.73470025820295
NIFTY_BANK,2024-11-07,2024-11-08,SIDE,0.9995814442579543,0.12589543053270846,0.765926160756924,0.1081784087103676,SIDE,0.765926160756924,SIDE,True,0.765926160756924,0.9,9,81.95556964541544
NIFTY_FIN_SERVICE,2024-11-07,2024-11-08,SIDE,0.9994124200995346,0.13667520864354743,0.7571451958982555,0.1061795954581969,SIDE,0.7571451958982555,SIDE,True,0.7571451958982555,0.9,9,81.42871175389533
NIFTY_IT,2024-11-07,2024-11-08,SIDE,0.9998897376673876,0.16377788809875501,0.6693492812406676,0.16687283066057731,SIDE,0.6693492812406676,SIDE,True,0.6693492812406676,1.0,37,80.16095687444006
NIFTY_PHARMA,2024-11-07,2024-11-08,BEAR,0.9999796465035633,0.12854005468135657,0.36800751920379476,0.5034524261148488,BEAR,0.5034524261148488,BEAR,True,0.5034524261148488,1.0,37,70.20714556689093
SENSEX,2024-11-07,2024-11-08,BEAR,0.9978908958966478,0.12437347054751972,0.32874152279065344,0.5468850066618268,BEAR,0.5468850066618268,BEAR,True,0.5468850066618268,0.7,6,59.313100399709604
INDIA_VIX,2024-11-08,2024-11-11,SIDE,0.9998457265114787,0.2593800916679165,0.4697050275404,0.27091488079168363,SIDE,0.4697050275404,SIDE,True,0.4697050275404,1.0,13,68.18230165242399
NIFTY_50,2024-11-08,2024-11-11,BEAR,0.9999894563107611,0.13043619436108808,0.2759607213840802,0.5936030842548318,BEAR,0.5936030842548318,BEAR,True,0.5936030842548318,0.7,7,63.6161850552899
NIFTY_AUTO,2024-11-08,2024-11-11,BEAR,0.9999999939539359,0.09752828899641366,0.25689337661364764,0.6455783343899387,BEAR,0.6455783343899387,BEAR,True,0.6455783343899387,1.0,14,78.73470006339632
NIFTY_BANK,2024-11-08,2024-11-11,SIDE,0.9984307660264986,0.12557479062353813,0.7644022506277904,0.1100229587486714,SIDE,0.7644022506277904,SIDE,True,0.7644022506277904,1.0,10,85.86413503766742
NIFTY_FIN_SERVICE,2024-11-08,2024-11-11,SIDE,0.9984513579535563,0.13616298980488378,0.7558669670199928,0.10797004317512332,SIDE,0.7558669670199928,SIDE,True,0.7558669670199928,1.0,10,85.35201802119957
NIFTY_IT,2024-11-08,2024-11-11,SIDE,0.9987200990416786,0.1648915871478263,0.6684868571809741,0.1666215556711996,SIDE,0.6684868571809741,SIDE,True,0.6684868571809741,1.0,38,80.10921143085844
NIFTY_PHARMA,2024-11-08,2024-11-11,BEAR,0.9999442575498616,0.12853958559153997,0.36801864118551614,0.5034417732229439,BEAR,0.5034417732229439,BEAR,True,0.5034417732229439,1.0,38,70.20650639337663
SENSEX,2024-11-08,2024-11-11,BEAR,0.9994580178257423,0.12444899407177704,0.32809588650087584,0.547455119427347,BEAR,0.547455119427347,BEAR,True,0.547455119427347,0.8,7,63.34730716564082
INDIA_VIX,2024-11-11,2024-11-12,SIDE,0.9986002559730326,0.259189127773022,0.46938723525249576,0.27142363697448224,SIDE,0.46938723525249576,SIDE,True,0.46938723525249576,1.0,14,68.16323411514973
NIFTY_50,2024-11-11,2024-11-12,BEAR,0.9999809402891909,0.1304356382426775,0.27596535381384785,0.5935990079434746,BEAR,0.5935990079434746,BEAR,True,0.5935990079434746,0.8,8,67.61594047660847
NIFTY_AUTO,2024-11-11,2024-11-12,BEAR,0.9999999959050325,0.09752828889230204,0.2568933754828964,0.6455783356248016,BEAR,0.6455783356248016,BEAR,True,0.6455783356248016,1.0,15,78.7347001374881
NIFTY_BANK,2024-11-11,2024-11-12,SIDE,0.9996637257736354,0.12590662763937127,0.7660357642148153,0.10805760814581339,SIDE,0.7660357642148153,SIDE,True,0.7660357642148153,1.0,11,85.96214585288891
NIFTY_FIN_SERVICE,2024-11-11,2024-11-12,SIDE,0.999644795211956,0.13661081233850247,0.7574283061027373,0.10596088155876021,SIDE,0.7574283061027373,BEAR,False,0.7574283061027373,1.0,11,85.44569836616424
NIFTY_IT,2024-11-11,2024-11-12,SIDE,0.8132509229128093,0.2857877103212792,0.5719783994750783,0.1422338902036424,SIDE,0.5719783994750783,SIDE,True,0.5719783994750783,1.0,39,74.31870396850469
NIFTY_PHARMA,2024-11-11,2024-11-12,BEAR,0.9999997848230853,0.12854032164894502,0.36800119006654947,0.5034584882845056,BEAR,0.5034584882845056,BEAR,True,0.5034584882845056,0.1,1,34.20750929707034
SENSEX,2024-11-11,2024-11-12,BEAR,0.9989054894889612,0.12442239397179751,0.3283236075887744,0.5472539984394281,BEAR,0.5472539984394281,BEAR,True,0.5472539984394281,0.9,8,67.33523990636569
INDIA_VIX,2024-11-12,2024-11-13,SIDE,0.9999512215515953,0.25939389957765574,0.46973199584285863,0.27087410457948563,SIDE,0.46973199584285863,SIDE,True,0.46973199584285863,1.0,15,68.18391975057152
NIFTY_50,2024-11-12,2024-11-13,BEAR,0.9999999983839638,0.13043688285309862,0.27595498670486385,0.5936081304420376,BEAR,0.5936081304420376,BEAR,True,0.5936081304420376,0.9,9,71.61648782652226
NIFTY_AUTO,2024-11-12,2024-11-13,BEAR,0.9999999999999307,0.09752828867379593,0.2568933731097124,0.6455783382164917,BEAR,0.6455783382164917,BEAR,True,0.6455783382164917,1.0,16,78.7347002929895
NIFTY_BANK,2024-11-12,2024-11-13,SIDE,0.9479983399407685,0.11963641662566239,0.7132064737115268,0.16715710966281083,SIDE,0.7132064737115268,BEAR,False,0.7132064737115268,1.0,12,82.79238842269162
NIFTY_FIN_SERVICE,2024-11-12,2024-11-13,BEAR,0.8341203353950968,0.10999481787320008,0.3832151314289132,0.5067900506978866,BEAR,0.5067900506978866,BEAR,True,0.5067900506978866,1.0,12,70.4074030418732
NIFTY_IT,2024-11-12,2024-11-13,SIDE,0.5417837771589789,0.4059416772409892,0.47626073589664986,0.11779758686236087,SIDE,0.47626073589664986,SIDE,True,0.47626073589664986,1.0,40,68.57564415379899
NIFTY_PHARMA,2024-11-12,2024-11-13,BEAR,0.9999999986455086,0.12854032448363711,0.3680011228653475,0.5034585526510154,BEAR,0.5034585526510154,BEAR,True,0.5034585526510154,0.2,2,38.20751315906092
SENSEX,2024-11-12,2024-11-13,BEAR,0.9999998942165385,0.12447511032462474,0.32787242500182995,0.5476524646735452,BEAR,0.5476524646735452,BEAR,True,0.5476524646735452,0.9,9,68.85914788041272
INDIA_VIX,2024-11-13,2024-11-14,SIDE,0.9999560372849572,0.25941171259367674,0.46973303276907047,0.2708552546372528,SIDE,0.46973303276907047,SIDE,True,0.46973303276907047,1.0,16,68.18398196614423
NIFTY_50,2024-11-13,2024-11-14,BEAR,0.999999999999996,0.13043688295855654,0.2759549858258257,0.5936081312156177,BEAR,0.5936081312156177,BEAR,True,0.5936081312156177,0.1,1,39.616487872937064
NIFTY_AUTO,2024-11-13,2024-11-14,BEAR,1.0,0.0975282886737922,0.2568933731096721,0.6455783382165357,BEAR,0.6455783382165357,BEAR,True,0.6455783382165357,1.0,17,78.73470029299213
NIFTY_BANK,2024-11-13,2024-11-14,BEAR,0.9999428650838215,0.10893682287997156,0.3119070543742261,0.5791561227458022,BEAR,0.5791561227458022,BEAR,True,0.5791561227458022,1.0,13,74.74936736474814
NIFTY_FIN_SERVICE,2024-11-13,2024-11-14,BEAR,0.9999999864855529,0.11135357232921747,0.31879677062144984,0.5698496570493327,BEAR,0.5698496570493327,BEAR,True,0.5698496570493327,1.0,13,74.19097942295997
NIFTY_IT,2024-11-13,2024-11-14,SIDE,0.8813270675377782,0.24872445387228695,0.601547505140566,0.14972804098714707,SIDE,0.601547505140566,SIDE,True,0.601547505140566,1.0,41,76.09285030843397
NIFTY_PHARMA,2024-11-13,2024-11-14,BEAR,0.9999999999999707,0.12854032450159353,0.3680011224396602,0.5034585530587463,BEAR,0.5034585530587463,BEAR,True,0.5034585530587463,0.3,3,42.207513183524775
SENSEX,2024-11-13,2024-11-14,BEAR,0.999999999999009,0.1244751153887694,0.32787238139113833,0.5476525032200923,BEAR,0.5476525032200923,BEAR,True,0.5476525032200923,1.0,10,72.85915019320554
INDIA_VIX,2024-11-14,2024-11-18,SIDE,0.9999515487535844,0.2594005313348546,0.46973200488845895,0.2708674637766863,SIDE,0.46973200488845895,SIDE,True,0.46973200488845895,1.0,17,68.18392029330754
NIFTY_50,2024-11-14,2024-11-18,BEAR,0.9999999999999754,0.1304368829585554,0.2759549858258366,0.593608131215608,BEAR,0.593608131215608,BEAR,True,0.593608131215608,0.2,2,43.616487872936474
NIFTY_AUTO,2024-11-14,2024-11-18,BEAR,0.9999999999999947,0.0975282886737925,0.2568933731096752,0.6455783382165323,BEAR,0.6455783382165323,BEAR,True,0.6455783382165323,1.0,18,78.73470029299193
NIFTY_BANK,2024-11-14,2024-11-18,BEAR,0.9999664772044117,0.10893736368049695,0.31189651077988956,0.5791661255396136,BEAR,0.5791661255396136,BEAR,True,0.5791661255396136,1.0,14,74.74996753237681
NIFTY_FIN_SERVICE,2024-11-14,2024-11-18,BEAR,0.9999984496453884,0.11135355394281857,0.3187974177014008,0.5698490283557807,BEAR,0.5698490283557807,BEAR,True,0.5698490283557807,1.0,14,74.19094170134684
NIFTY_IT,2024-11-14,2024-11-18,SIDE,0.9512165789276393,0.20346123106328912,0.6376823555387954,0.1588564133979155,SIDE,0.6376823555387954,SIDE,True,0.6376823555387954,1.0,42,78.26094133232772
NIFTY_PHARMA,2024-11-14,2024-11-18,BEAR,0.999999999999958,0.12854032450159333,0.3680011224396642,0.5034585530587424,BEAR,0.5034585530587424,BEAR,True,0.5034585530587424,0.4,4,46.20751318352455
SENSEX,2024-11-14,2024-11-18,BEAR,0.9999999999974658,0.12447511538879488,0.3278723813917074,0.5476525032194978,BEAR,0.5476525032194978,BEAR,True,0.5476525032194978,1.0,11,72.85915019316988
INDIA_VIX,2024-11-18,2024-11-19,SIDE,0.999981626298968,0.25940072230226446,0.4697397368505646,0.27085954084717107,SIDE,0.4697397368505646,SIDE,True,0.4697397368505646,1.0,18,68.18438421103387
NIFTY_50,2024-11-18,2024-11-19,BEAR,0.9999999999999969,0.13043688295855665,0.27595498582582517,0.5936081312156182,BEAR,0.5936081312156182,BEAR,True,0.5936081312156182,0.3,3,47.61648787293709
NIFTY_AUTO,2024-11-18,2024-11-19,BEAR,0.9999999999979519,0.09752828867390151,0.2568933731108593,0.6455783382152392,BEAR,0.6455783382152392,BEAR,True,0.6455783382152392,1.0,19,78.73470029291435
NIFTY_BANK,2024-11-18,2024-11-19,BEAR,0.999261710807087,0.10892125443784588,0.31221105481983824,0.5788676907423158,BEAR,0.5788676907423158,BEAR,True,0.5788676907423158,1.0,15,74.73206144453896
NIFTY_FIN_SERVICE,2024-11-18,2024-11-19,BEAR,0.9999633157275138,0.11135306361530214,0.3188122549371345,0.5698346814475633,BEAR,0.5698346814475633,BEAR,True,0.5698346814475633,1.0,15,74.1900808868538
NIFTY_IT,2024-11-18,2024-11-19,SIDE,0.9983723885976513,0.16343110729716204,0.6682423751493929,0.16832651755344508,SIDE,0.6682423751493929,SIDE,True,0.6682423751493929,1.0,43,80.09454250896357
NIFTY_PHARMA,2024-11-18,2024-11-19,BEAR,1.0,0.12854032450159392,0.36800112243965105,0.5034585530587551,BEAR,0.5034585530587551,BEAR,True,0.5034585530587551,0.5,5,50.2075131835253
SENSEX,2024-11-18,2024-11-19,BEAR,0.9999999999996347,0.12447511538881152,0.32787238139087216,0.5476525032203163,BEAR,0.5476525032203163,BEAR,True,0.5476525032203163,1.0,12,72.85915019321898
INDIA_VIX,2024-11-19,2024-11-21,SIDE,0.9999609494150977,0.2594096296078471,0.46973431937991267,0.27085605101224025,SIDE,0.46973431937991267,SIDE,True,0.46973431937991267,1.0,19,68.18405916279477
NIFTY_50,2024-11-19,2024-11-21,BEAR,0.9999999999991496,0.1304368829585044,0.2759549858262838,0.5936081312152118,BEAR,0.5936081312152118,BEAR,True,0.5936081312152118,0.4,4,51.61648787291271
NIFTY_AUTO,2024-11-19,2024-11-21,BEAR,0.9999999724460457,0.0975282901440871,0.2568933890784707,0.6455783207774423,BEAR,0.6455783207774423,BEAR,True,0.6455783207774423,1.0,20,78.73469924664654
NIFTY_BANK,2024-11-19,2024-11-21,BEAR,0.9873318285019017,0.10865617343706857,0.31748871479203844,0.573855111770893,BEAR,0.573855111770893,BEAR,True,0.573855111770893,1.0,16,74.43130670625358
NIFTY_FIN_SERVICE,2024-11-19,2024-11-21,BEAR,0.9968101121160684,0.1113091034871551,0.3201413864329394,0.5685495100799054,BEAR,0.5685495100799054,BEAR,True,0.5685495100799054,1.0,16,74.11297060479433
NIFTY_IT,2024-11-19,2024-11-21,SIDE,0.9998737446155481,0.1637854679295471,0.6693374890134348,0.1668770430570181,SIDE,0.6693374890134348,SIDE,True,0.6693374890134348,1.0,44,80.16024934080609
NIFTY_PHARMA,2024-11-19,2024-11-21,BEAR,0.9999999999877833,0.12854032450143196,0.36800112244349054,0.5034585530550776,BEAR,0.5034585530550776,BEAR,True,0.5034585530550776,0.6,6,54.20751318330465
SENSEX,2024-11-19,2024-11-21,BEAR,0.9999999998974347,0.12447511538561375,0.32787238143185815,0.5476525031825281,BEAR,0.5476525031825281,BEAR,True,0.5476525031825281,1.0,13,72.8591501909517
INDIA_VIX,2024-11-21,2024-11-22,SIDE,0.9999204589335738,0.2594268014176298,0.46972371414951486,0.2708494844328553,SIDE,0.46972371414951486,SIDE,True,0.46972371414951486,1.0,20,68.18342284897089
NIFTY_50,2024-11-21,2024-11-22,BEAR,0.9999999999999991,0.1304368829585568,0.27595498582582395,0.5936081312156193,BEAR,0.5936081312156193,BEAR,True,0.5936081312156193,0.6,1,52.11648787293716
NIFTY_AUTO,2024-11-21,2024-11-22,BEAR,0.9999999991753075,0.09752828871779828,0.2568933735876198,0.6455783376945818,BEAR,0.6455783376945818,BEAR,True,0.6455783376945818,1.0,21,78.73470026167492
NIFTY_BANK,2024-11-21,2024-11-22,BEAR,0.9979478415424449,0.10889135299110017,0.31279661077605825,0.5783120362328416,BEAR,0.5783120362328416,BEAR,True,0.5783120362328416,1.0,17,74.6987221739705
NIFTY_FIN_SERVICE,2024-11-21,2024-11-22,BEAR,0.999859645693913,0.1113515851269679,0.3188560519646428,0.5697923629083893,BEAR,0.5697923629083893,BEAR,True,0.5697923629083893,1.0,17,74.18754177450336
NIFTY_IT,2024-11-21,2024-11-22,SIDE,0.9996519148948373,0.1640244580554335,0.6691732862789426,0.16680225566562384,SIDE,0.6691732862789426,BULL,False,0.6691732862789426,1.0,45,80.15039717673656
NIFTY_PHARMA,2024-11-21,2024-11-22,BEAR,0.9999999999899316,0.1285403245014604,0.3680011224428154,0.5034585530557242,BEAR,0.5034585530557242,BEAR,True,0.5034585530557242,0.4,1,41.70751318334345
SENSEX,2024-11-21,2024-11-22,BEAR,0.9999999999992382,0.124475115388816,0.3278723813910197,0.5476525032201642,BEAR,0.5476525032201642,BEAR,True,0.5476525032201642,1.0,14,72.85915019320986
INDIA_VIX,2024-11-22,2024-11-25,SIDE,0.9999044936579837,0.25943357168582587,0.4697195327133234,0.2708468956008507,SIDE,0.4697195327133234,SIDE,True,0.4697195327133234,1.0,21,68.1831719627994
NIFTY_50,2024-11-22,2024-11-25,BEAR,0.9999871204469396,0.13043604470585612,0.27596198996530563,0.5936019653288381,BEAR,0.5936019653288381,BEAR,True,0.5936019653288381,0.6,2,53.616117919730286
NIFTY_AUTO,2024-11-22,2024-11-25,BEAR,0.9999897715336522,0.09752883447312319,0.25689930089504714,0.6455718646318297,BEAR,0.6455718646318297,BEAR,True,0.6455718646318297,0.1,1,42.73431187790979
NIFTY_BANK,2024-11-22,2024-11-25,BEAR,0.7776842088661597,0.10586491802225746,0.4003977018138452,0.4937373801638974,BEAR,0.4937373801638974,SIDE,False,0.4937373801638974,1.0,18,69.62424280983385
NIFTY_FIN_SERVICE,2024-11-22,2024-11-25,BEAR,0.8297963863714012,0.1107052664486384,0.3843197029094406,0.504975030641921,BEAR,0.504975030641921,BULL,False,0.504975030641921,1.0,18,70.29850183851526
NIFTY_IT,2024-11-22,2024-11-25,BULL,0.9964380465857523,0.6506479884520151,0.2826747893810836,0.06667722216690129,BULL,0.6506479884520151,BULL,True,0.6506479884520151,1.0,46,79.03887930712091
NIFTY_PHARMA,2024-11-22,2024-11-25,BEAR,0.999999869662921,0.1285403227736856,0.36800116340265404,0.5034585138236604,BEAR,0.5034585138236604,BEAR,True,0.5034585138236604,0.4,2,43.207510829419626
SENSEX,2024-11-22,2024-11-25,BEAR,0.9854166938461498,0.12382053564154882,0.33381639938082885,0.5423630649776223,BEAR,0.5423630649776223,SIDE,False,0.5423630649776223,1.0,15,72.54178389865734
INDIA_VIX,2024-11-25,2024-11-26,SIDE,0.999964605776062,0.2594068445605374,0.46973529101430184,0.2708578644251607,SIDE,0.46973529101430184,SIDE,True,0.46973529101430184,1.0,22,68.18411746085812
NIFTY_50,2024-11-25,2024-11-26,BEAR,0.8736411578782272,0.12376615285192485,0.3377240943553093,0.5385097527927659,BEAR,0.5385097527927659,BEAR,True,0.5385097527927659,0.6,3,51.81058516756596
NIFTY_AUTO,2024-11-25,2024-11-26,BEAR,0.9996118974162811,0.0975490016033456,0.25711817149142574,0.6453328269052286,BEAR,0.6453328269052286,BEAR,True,0.6453328269052286,0.2,2,46.71996961431372
NIFTY_BANK,2024-11-25,2024-11-26,SIDE,0.6868295935785349,0.2662333325236478,0.5433910416057225,0.19037562587062967,SIDE,0.5433910416057225,SIDE,True,0.5433910416057225,1.0,19,72.60346249634335
NIFTY_FIN_SERVICE,2024-11-25,2024-11-26,BULL,0.6065278803325596,0.44320585958489483,0.4584881741650041,0.09830596625010109,SIDE,0.4584881741650041,SIDE,True,0.44320585958489483,1.0,19,66.59235157509369
NIFTY_IT,2024-11-25,2024-11-26,BULL,0.9999979049816902,0.6528595224611387,0.28094169734180835,0.06619878019705304,BULL,0.6528595224611387,BULL,True,0.6528595224611387,1.0,47,79.17157134766832
NIFTY_PHARMA,2024-11-25,2024-11-26,BEAR,0.9997743899871903,0.128537334855797,0.36807202377719855,0.5033906413670044,BEAR,0.5033906413670044,BEAR,True,0.5033906413670044,0.4,3,44.70343848202026
SENSEX,2024-11-25,2024-11-26,SIDE,0.9586549658233758,0.14466347912842786,0.7442200972699469,0.11111642360162519,SIDE,0.7442200972699469,SIDE,True,0.7442200972699469,1.0,16,84.6532058361968
INDIA_VIX,2024-11-26,2024-11-27,SIDE,0.9999815091464694,0.25939966564571165,0.4697397186691384,0.27086061568515,SIDE,0.4697397186691384,SIDE,True,0.4697397186691384,0.1,1,32.18438312014831
NIFTY_50,2024-11-26,2024-11-27,BEAR,0.5371666442830277,0.11229689008492172,0.47520570706278853,0.4124974028522898,SIDE,0.47520570706278853,SIDE,True,0.4124974028522898,0.6,4,45.74984417113738
NIFTY_AUTO,2024-11-26,2024-11-27,BEAR,0.9999972542072704,0.09752843519105286,0.2568949644181053,0.6455766003908417,BEAR,0.6455766003908417,BEAR,True,0.6455766003908417,0.3,3,50.73459602345051
NIFTY_BANK,2024-11-26,2024-11-27,SIDE,0.9219331707571979,0.20558057438748364,0.6937558935756025,0.10066353203691385,SIDE,0.6937558935756025,SIDE,True,0.6937558935756025,1.0,20,81.62535361453614
NIFTY_FIN_SERVICE,2024-11-26,2024-11-27,SIDE,0.6312626392913894,0.3578291333153746,0.5539222656182999,0.08824860106632541,SIDE,0.5539222656182999,BULL,False,0.5539222656182999,1.0,20,73.235335937098
NIFTY_IT,2024-11-26,2024-11-27,BULL,0.9999999859341585,0.652860820760644,0.28094068005194195,0.06619849918741406,BULL,0.652860820760644,BULL,True,0.652860820760644,1.0,48,79.17164924563865
NIFTY_PHARMA,2024-11-26,2024-11-27,BEAR,0.9999996398611775,0.1285403197271537,0.3680012356259125,0.5034584446469338,BEAR,0.5034584446469338,BEAR,True,0.5034584446469338,0.4,4,46.20750667881603
SENSEX,2024-11-26,2024-11-27,SIDE,0.9953211288605501,0.11517227837076709,0.788146329455455,0.09668139217377773,SIDE,0.788146329455455,SIDE,True,0.788146329455455,1.0,17,87.28877976732731
INDIA_VIX,2024-11-27,2024-11-28,SIDE,0.9940050933312814,0.2585054224961017,0.468218796877261,0.2732757806266374,SIDE,0.468218796877261,SIDE,True,0.468218796877261,0.2,2,36.093127812635664
NIFTY_50,2024-11-27,2024-11-28,SIDE,0.9413689995074038,0.11261658358435035,0.7257707511577316,0.16161266525791795,SIDE,0.7257707511577316,BEAR,False,0.7257707511577316,0.6,5,66.0462450694639
NIFTY_AUTO,2024-11-27,2024-11-28,BEAR,0.999937959674201,0.09753159927224424,0.25692932516589223,0.6455390755618635,BEAR,0.6455390755618635,BEAR,True,0.6455390755618635,0.4,4,54.73234453371181
NIFTY_BANK,2024-11-27,2024-11-28,SIDE,0.9310241412468835,0.19864287479333845,0.7007064931011904,0.10065063210547107,SIDE,0.7007064931011904,SIDE,True,0.7007064931011904,1.0,21,82.04238958607142
NIFTY_FIN_SERVICE,2024-11-27,2024-11-28,BULL,0.7775804493451931,0.5108469122420901,0.4063979892837221,0.08275509847418779,BULL,0.5108469122420901,SIDE,False,0.5108469122420901,1.0,21,70.6508147345254
NIFTY_IT,2024-11-27,2024-11-28,BULL,0.9999999021914837,0.6528607685137441,0.2809407209903075,0.06619851049594845,BULL,0.6528607685137441,BULL,True,0.6528607685137441,1.0,49,79.17164611082464
NIFTY_PHARMA,2024-11-27,2024-11-28,BEAR,0.999999981069196,0.12854032425062387,0.36800112838932103,0.5034585473600551,BEAR,0.5034585473600551,BEAR,True,0.5034585473600551,0.5,5,50.20751284160331
SENSEX,2024-11-27,2024-11-28,SIDE,0.9882290190382741,0.12492530750434502,0.7791365252162576,0.09593816727939733,SIDE,0.7791365252162576,SIDE,True,0.7791365252162576,1.0,18,86.74819151297545
INDIA_VIX,2024-11-28,2024-11-29,SIDE,0.9999734408089124,0.2594009950463791,0.4697376289419252,0.27086137601169574,SIDE,0.4697376289419252,SIDE,True,0.4697376289419252,0.3,3,40.18425773651551
NIFTY_50,2024-11-28,2024-11-29,BEAR,0.9842560652374269,0.12943316987439238,0.28438632095783994,0.5861805091677678,BEAR,0.5861805091677678,BEAR,True,0.5861805091677678,0.6,6,59.17083055006606
NIFTY_AUTO,2024-11-28,2024-11-29,BEAR,0.999999971582888,0.0975282901901457,0.2568933895787107,0.6455783202311436,BEAR,0.6455783202311436,BEAR,True,0.6455783202311436,0.5,5,58.7346992138686
NIFTY_BANK,2024-11-28,2024-11-29,SIDE,0.9988802890522063,0.12710246094995312,0.7650497683983521,0.10784777065169475,SIDE,0.7650497683983521,SIDE,True,0.7650497683983521,1.0,22,85.90298610390114
NIFTY_FIN_SERVICE,2024-11-28,2024-11-29,SIDE,0.9439587677534615,0.19010139288974368,0.7084660733057467,0.10143253380450966,SIDE,0.7084660733057467,SIDE,True,0.7084660733057467,1.0,22,82.50796439834481
NIFTY_IT,2024-11-28,2024-11-29,BULL,0.8198362120215198,0.5573979927288043,0.3561089125071009,0.0864930947640947,BULL,0.5573979927288043,BULL,True,0.5573979927288043,1.0,50,73.44387956372826
NIFTY_PHARMA,2024-11-28,2024-11-29,BEAR,0.9999999981145347,0.12854032447659783,0.3680011230322247,0.5034585524911774,BEAR,0.5034585524911774,BEAR,True,0.5034585524911774,0.6,6,54.20751314947064
SENSEX,2024-11-28,2024-11-29,SIDE,0.7564044783418025,0.1036171067183734,0.6167499474851177,0.2796329457965089,SIDE,0.6167499474851177,SIDE,True,0.6167499474851177,1.0,19,77.00499684910706
INDIA_VIX,2024-11-29,2024-12-02,SIDE,0.9529907471240676,0.2523604693008366,0.45807073227485523,0.2895687984243081,SIDE,0.45807073227485523,SIDE,True,0.45807073227485523,0.1,1,31.484243936491318
NIFTY_50,2024-11-29,2024-12-02,BEAR,0.8854894948616174,0.12414638457790399,0.3324833144261785,0.5433703009959175,BEAR,0.5433703009959175,SIDE,False,0.5433703009959175,0.7,7,60.60221805975505
NIFTY_AUTO,2024-11-29,2024-12-02,BEAR,0.999983639750507,0.09752916167245737,0.2569028544132287,0.6455679839143139,BEAR,0.6455679839143139,BEAR,True,0.6455679839143139,0.6,6,62.73407903485882
NIFTY_BANK,2024-11-29,2024-12-02,SIDE,0.9982307401821048,0.1281860388139655,0.7642459258399925,0.10756803534604194,SIDE,0.7642459258399925,SIDE,True,0.7642459258399925,1.0,23,85.85475555039956
NIFTY_FIN_SERVICE,2024-11-29,2024-12-02,SIDE,0.9920379010974746,0.14551584459898578,0.7495622533878857,0.1049219020131285,SIDE,0.7495622533878857,SIDE,True,0.7495622533878857,1.0,23,84.97373520327315
NIFTY_IT,2024-11-29,2024-12-02,BULL,0.9235086710775429,0.6088445275490816,0.3155181557415964,0.07563731670932194,BULL,0.6088445275490816,BULL,True,0.6088445275490816,1.0,51,76.5306716529449
NIFTY_PHARMA,2024-11-29,2024-12-02,BEAR,0.985091199109932,0.12834838147463737,0.37266742728700714,0.4989841912383556,BEAR,0.4989841912383556,SIDE,False,0.4989841912383556,0.7,7,57.93905147430133
SENSEX,2024-11-29,2024-12-02,SIDE,0.9952207941325076,0.11294213924067487,0.7877858860716961,0.09927197468762898,SIDE,0.7877858860716961,SIDE,True,0.7877858860716961,1.0,20,87.26715316430177
INDIA_VIX,2024-12-02,2024-12-03,SIDE,0.9973663595212531,0.25900235098374597,0.4690728670121092,0.2719247820041449,SIDE,0.4690728670121092,SIDE,True,0.4690728670121092,0.2,2,36.14437202072654
NIFTY_50,2024-12-02,2024-12-03,SIDE,0.7956386172712638,0.111485500407285,0.6231649220175867,0.2653495775751284,SIDE,0.6231649220175867,SIDE,True,0.6231649220175867,0.8,8,69.3898953210552
NIFTY_AUTO,2024-12-02,2024-12-03,BEAR,0.9987444311599316,0.09759532356996697,0.2576197272738646,0.6447849491561685,BEAR,0.6447849491561685,BEAR,True,0.6447849491561685,0.7,7,66.6870969493701
NIFTY_BANK,2024-12-02,2024-12-03,SIDE,0.9978166807390195,0.12878556504581723,0.763732790238436,0.10748164471574678,SIDE,0.763732790238436,BULL,False,0.763732790238436,1.0,24,85.82396741430615
NIFTY_FIN_SERVICE,2024-12-02,2024-12-03,SIDE,0.9881466434262872,0.14979039375736994,0.7457311279876988,0.10447847825493105,SIDE,0.7457311279876988,BULL,False,0.7457311279876988,1.0,24,84.74386767926192
NIFTY_IT,2024-12-02,2024-12-03,BULL,0.9986242984502512,0.6520039507705977,0.2816121221323118,0.06638392709709044,BULL,0.6520039507705977,BULL,True,0.6520039507705977,0.1,1,43.120237046235864
NIFTY_PHARMA,2024-12-02,2024-12-03,SIDE,0.8623490221659657,0.1364500408371012,0.653522595529327,0.21002736363357183,SIDE,0.653522595529327,SIDE,True,0.653522595529327,0.8,8,71.21135573175962
SENSEX,2024-12-02,2024-12-03,SIDE,0.9826078358263692,0.13198461483854645,0.7724892685978064,0.09552611656364712,SIDE,0.7724892685978064,SIDE,True,0.7724892685978064,1.0,21,86.34935611586839
INDIA_VIX,2024-12-03,2024-12-04,SIDE,0.9389229186788426,0.2502622901715913,0.4546954591053193,0.2950422507230895,SIDE,0.4546954591053193,SIDE,True,0.4546954591053193,0.3,3,39.28172754631915
NIFTY_50,2024-12-03,2024-12-04,SIDE,0.9204548101229814,0.1926193971889077,0.7225768424539051,0.08480376035718742,SIDE,0.7225768424539051,SIDE,True,0.7225768424539051,0.9,9,79.3546105472343
NIFTY_AUTO,2024-12-03,2024-12-04,BEAR,0.9818351510216665,0.09850473252179152,0.2671597701963922,0.6343354972818164,BEAR,0.6343354972818164,BEAR,True,0.6343354972818164,0.8,8,70.06012983690898
NIFTY_BANK,2024-12-03,2024-12-04,BULL,0.5069330858798596,0.4244643622779347,0.4910276934866391,0.08450794423542611,SIDE,0.4910276934866391,BULL,False,0.4244643622779347,1.0,25,65.46786173667608
NIFTY_FIN_SERVICE,2024-12-03,2024-12-04,BULL,0.7811695414533845,0.5121867320298915,0.40508211173002706,0.08273115624008133,BULL,0.5121867320298915,BULL,True,0.5121867320298915,1.0,25,70.7312039217935
NIFTY_IT,2024-12-03,2024-12-04,BULL,0.9998147761956288,0.6527452945399604,0.28103120198238357,0.06622350347765599,BULL,0.6527452945399604,BULL,True,0.6527452945399604,0.2,2,47.16471767239763
NIFTY_PHARMA,2024-12-03,2024-12-04,SIDE,0.9961253220405177,0.1478171376093728,0.7453254157365089,0.10685744665411831,SIDE,0.7453254157365089,SIDE,True,0.7453254157365089,0.9,9,80.71952494419054
SENSEX,2024-12-03,2024-12-04,SIDE,0.5238914513636286,0.38331096783308416,0.5235471575736043,0.09314187459331158,SIDE,0.5235471575736043,BULL,False,0.5235471575736043,1.0,22,71.41282945441625
INDIA_VIX,2024-12-04,2024-12-05,SIDE,0.9693465803685749,0.2547444424246717,0.4620621505316608,0.28319340704366747,SIDE,0.4620621505316608,SIDE,True,0.4620621505316608,0.4,4,43.723729031899644
NIFTY_50,2024-12-04,2024-12-05,SIDE,0.9241250049026873,0.1928405718929932,0.727778422199127,0.07938100590787972,SIDE,0.727778422199127,BULL,False,0.727778422199127,1.0,10,83.66670533194763
NIFTY_AUTO,2024-12-04,2024-12-05,BEAR,0.9972728792956236,0.09767398281159131,0.258467728838485,0.6438582883499238,BEAR,0.6438582883499238,BEAR,True,0.6438582883499238,0.9,9,74.63149730099543
NIFTY_BANK,2024-12-04,2024-12-05,BULL,0.9998241110680478,0.6363309377923263,0.2823651590071376,0.0813039032005361,BULL,0.6363309377923263,BULL,True,0.6363309377923263,1.0,26,78.17985626753958
NIFTY_FIN_SERVICE,2024-12-04,2024-12-05,BULL,0.999991520471612,0.5999318897218255,0.3172606509887981,0.08280745928937637,BULL,0.5999318897218255,BULL,True,0.5999318897218255,1.0,26,75.99591338330953
NIFTY_IT,2024-12-04,2024-12-05,BULL,0.9999489536667419,0.652828983780057,0.28096562615707277,0.06620539006287017,BULL,0.652828983780057,BULL,True,0.652828983780057,0.3,3,51.16973902680343
NIFTY_PHARMA,2024-12-04,2024-12-05,SIDE,0.9982311340241877,0.14814794401445042,0.7475804026669689,0.10427165331858054,SIDE,0.7475804026669689,SIDE,True,0.7475804026669689,1.0,10,84.85482416001814
SENSEX,2024-12-04,2024-12-05,BULL,0.8843253008489743,0.5234272315919313,0.37422731445245516,0.10234545395561358,BULL,0.5234272315919313,BULL,True,0.5234272315919313,1.0,23,71.40563389551588
INDIA_VIX,2024-12-05,2024-12-06,SIDE,0.9918261929483531,0.25814809799103605,0.4676676791484046,0.2741842228605593,SIDE,0.4676676791484046,SIDE,True,0.4676676791484046,0.5,5,48.06006074890428
NIFTY_50,2024-12-05,2024-12-06,BULL,0.9721798706097075,0.549858137270321,0.34852760552119433,0.10161425720848488,BULL,0.549858137270321,BULL,True,0.549858137270321,1.0,11,72.99148823621925
NIFTY_AUTO,2024-12-05,2024-12-06,BEAR,0.9607710620861086,0.09965202956748632,0.2784760430127662,0.6218719274197474,BEAR,0.6218719274197474,BEAR,True,0.6218719274197474,1.0,10,77.31231564518485
NIFTY_BANK,2024-12-05,2024-12-06,BULL,0.9999995298999474,0.6364267603846364,0.28226768620894466,0.08130555340641897,BULL,0.6364267603846364,BULL,True,0.6364267603846364,1.0,27,78.18560562307817
NIFTY_FIN_SERVICE,2024-12-05,2024-12-06,BULL,0.9999999635434302,0.599935645804581,0.31725683870261767,0.08280751549280131,BULL,0.599935645804581,BULL,True,0.599935645804581,1.0,27,75.99613874827486
NIFTY_IT,2024-12-05,2024-12-06,BULL,0.9999999938125319,0.6528608256759469,0.2809406762005273,0.06619849812352559,BULL,0.6528608256759469,BULL,True,0.6528608256759469,0.4,4,55.17164954055682
NIFTY_PHARMA,2024-12-05,2024-12-06,SIDE,0.9994431887766662,0.14835044196407227,0.7489060796899789,0.10274347834594873,SIDE,0.7489060796899789,SIDE,True,0.7489060796899789,1.0,11,84.93436478139874
SENSEX,2024-12-05,2024-12-06,BULL,0.9999795822491043,0.5659606516097011,0.3275870372564317,0.10645231113386734,BULL,0.5659606516097011,BULL,True,0.5659606516097011,1.0,24,73.95763909658207
INDIA_VIX,2024-12-06,2024-12-09,SIDE,0.6386468764621399,0.20923216383281465,0.38945156527951214,0.4013162708876733,BEAR,0.4013162708876733,BEAR,True,0.38945156527951214,0.6,6,47.36709391677072
NIFTY_50,2024-12-06,2024-12-09,BULL,0.99751021102772,0.5590519711062633,0.33823530432011745,0.10271272457361932,BULL,0.5590519711062633,BULL,True,0.5590519711062633,1.0,12,73.5431182663758
NIFTY_AUTO,2024-12-06,2024-12-09,BEAR,0.5034674600557366,0.12659861958838584,0.4604659184947883,0.4129354619168259,SIDE,0.4604659184947883,SIDE,True,0.4129354619168259,1.0,11,64.77612771500955
NIFTY_BANK,2024-12-06,2024-12-09,BULL,0.9999955115214896,0.6364245629861716,0.2822699169667675,0.08130552004706099,BULL,0.6364245629861716,BULL,True,0.6364245629861716,1.0,28,78.1854737791703
NIFTY_FIN_SERVICE,2024-12-06,2024-12-09,BULL,0.9999996560047164,0.5999355089887435,0.31725697756607824,0.08280751344517835,BULL,0.5999355089887435,BULL,True,0.5999355089887435,1.0,28,75.9961305393246
NIFTY_IT,2024-12-06,2024-12-09,BULL,0.9999999027371441,0.6528607688541807,0.2809407207235564,0.06619851042226295,BULL,0.6528607688541807,BULL,True,0.6528607688541807,0.5,5,59.17164613125083
NIFTY_PHARMA,2024-12-06,2024-12-09,SIDE,0.9991213912528263,0.14829563102949722,0.748552040067743,0.1031523289027598,SIDE,0.748552040067743,SIDE,True,0.748552040067743,1.0,12,84.91312240406458
SENSEX,2024-12-06,2024-12-09,BULL,0.9999635185284774,0.5659544409509444,0.3275938880335974,0.1064516710154582,BULL,0.5659544409509444,BULL,True,0.5659544409509444,1.0,25,73.95726645705666
INDIA_VIX,2024-12-09,2024-12-10,BEAR,0.810263110457103,0.13998428700648805,0.29057518868406645,0.5694405243094455,BEAR,0.5694405243094455,BEAR,True,0.5694405243094455,0.7,7,62.16643145856673
NIFTY_50,2024-12-09,2024-12-10,BULL,0.9815747796802828,0.553246305785106,0.34474182273683934,0.10201187147805445,BULL,0.553246305785106,BULL,True,0.553246305785106,1.0,13,73.19477834710636
NIFTY_AUTO,2024-12-09,2024-12-10,SIDE,0.62104299057223,0.1351753604383903,0.5054121933721569,0.35941244618945284,SIDE,0.5054121933721569,SIDE,True,0.5054121933721569,1.0,12,70.32473160232942
NIFTY_BANK,2024-12-09,2024-12-10,BULL,0.9999635034044309,0.636407075107481,0.28228770398700076,0.08130522090551835,BULL,0.636407075107481,BULL,True,0.636407075107481,1.0,29,78.18442450644886
NIFTY_FIN_SERVICE,2024-12-09,2024-12-10,BULL,0.999999579631158,0.5999354750153992,0.31725701205534107,0.08280751292925961,BULL,0.5999354750153992,BULL,True,0.5999354750153992,1.0,29,75.99612850092396
NIFTY_IT,2024-12-09,2024-12-10,BULL,0.9999999500162801,0.6528607983515448,0.2809406976107233,0.06619850403773188,BULL,0.6528607983515448,BULL,True,0.6528607983515448,0.6,6,63.171647901092676
NIFTY_PHARMA,2024-12-09,2024-12-10,SIDE,0.9808410972032977,0.14568345153107162,0.7304366026946013,0.12387994577432708,SIDE,0.7304366026946013,SIDE,True,0.7304366026946013,1.0,13,83.82619616167608
SENSEX,2024-12-09,2024-12-10,BULL,0.9993510201864915,0.5657177110790078,0.3278550083225191,0.10642728059847305,BULL,0.5657177110790078,BULL,True,0.5657177110790078,1.0,26,73.94306266474048
INDIA_VIX,2024-12-10,2024-12-11,BEAR,0.9985036919425043,0.09229755243897278,0.23595668233783088,0.6717457652231964,BEAR,0.6717457652231964,BEAR,True,0.6717457652231964,0.3,1,49.304745913391784
NIFTY_50,2024-12-10,2024-12-11,BULL,0.9679172694539898,0.5483339179403918,0.3502421238361817,0.10142395822342645,BULL,0.5483339179403918,BULL,True,0.5483339179403918,1.0,14,72.9000350764235
NIFTY_AUTO,2024-12-10,2024-12-11,SIDE,0.8291881343886751,0.15325384772619474,0.5922250258598232,0.25452112641398206,SIDE,0.5922250258598232,SIDE,True,0.5922250258598232,1.0,13,75.53350155158938
NIFTY_BANK,2024-12-10,2024-12-11,BULL,0.999993676164854,0.6364235618992704,0.2822709390973454,0.08130549900338405,BULL,0.6364235618992704,BULL,True,0.6364235618992704,1.0,30,78.18541371395624
NIFTY_FIN_SERVICE,2024-12-10,2024-12-11,BULL,0.9999999431784181,0.5999356367458221,0.31725684789949604,0.08280751535468182,BULL,0.5999356367458221,BULL,True,0.5999356367458221,1.0,30,75.99613820474931
NIFTY_IT,2024-12-10,2024-12-11,BULL,0.9999999988327017,0.6528608288080222,0.28094067374637155,0.06619849744560631,BULL,0.6528608288080222,BULL,True,0.6528608288080222,0.7,7,67.17164972848133
NIFTY_PHARMA,2024-12-10,2024-12-11,SIDE,0.9758421387928042,0.14507322989804453,0.7260210117684439,0.12890575833351153,SIDE,0.7260210117684439,SIDE,True,0.7260210117684439,1.0,14,83.56126070610664
SENSEX,2024-12-10,2024-12-11,BULL,0.999192336769542,0.5656564050147019,0.3279226282176771,0.10642096676762101,BULL,0.5656564050147019,BULL,True,0.5656564050147019,1.0,27,73.93938430088211
INDIA_VIX,2024-12-11,2024-12-12,BEAR,0.9999944129218548,0.09177862374437443,0.23545189143160825,0.6727694848240173,BEAR,0.6727694848240173,BEAR,True,0.6727694848240173,0.8,1,61.86616908944104
NIFTY_50,2024-12-11,2024-12-12,BULL,0.9820043098668991,0.5534021182825395,0.34456839848421494,0.1020294832332455,BULL,0.5534021182825395,BULL,True,0.5534021182825395,1.0,15,73.20412709695238
NIFTY_AUTO,2024-12-11,2024-12-12,SIDE,0.9819054364917755,0.17633038892870315,0.6935096532405434,0.13015995783075343,SIDE,0.6935096532405434,SIDE,True,0.6935096532405434,1.0,14,81.6105791944326
NIFTY_BANK,2024-12-11,2024-12-12,BULL,0.9997697419143255,0.6363012679536221,0.2823953902607068,0.08130334178567114,BULL,0.6363012679536221,BULL,True,0.6363012679536221,1.0,31,78.17807607721733
NIFTY_FIN_SERVICE,2024-12-11,2024-12-12,BULL,0.999999840396999,0.5999355910223985,0.3172568943102767,0.08280751466732493,BULL,0.5999355910223985,BULL,True,0.5999355910223985,1.0,31,75.99613546134391
NIFTY_IT,2024-12-11,2024-12-12,BULL,0.9999999995510931,0.6528608292562251,0.28094067339517936,0.06619849734859538,BULL,0.6528608292562251,BULL,True,0.6528608292562251,0.8,8,71.1716497553735
NIFTY_PHARMA,2024-12-11,2024-12-12,SIDE,0.9854790567917472,0.14628436278985385,0.7347137761222386,0.11900186108790752,SIDE,0.7347137761222386,SIDE,True,0.7347137761222386,1.0,15,84.08282656733431
SENSEX,2024-12-11,2024-12-12,BULL,0.9990605280338024,0.5656054895167739,0.3279787865657166,0.10641572391750953,BULL,0.5656054895167739,BULL,True,0.5656054895167739,1.0,28,73.93632937100644
INDIA_VIX,2024-12-12,2024-12-13,BEAR,0.9999960017549022,0.09177797656297167,0.23545139841680957,0.6727706250202188,BEAR,0.6727706250202188,BEAR,True,0.6727706250202188,0.9,2,65.86623750121313
NIFTY_50,2024-12-12,2024-12-13,BULL,0.6454001648086676,0.4406308890754759,0.4692613957146323,0.09010771520989178,SIDE,0.4692613957146323,BULL,False,0.4406308890754759,1.0,16,66.43785334452855
NIFTY_AUTO,2024-12-12,2024-12-13,SIDE,0.9643602502303801,0.17244519231059416,0.6770011907387778,0.15055361695062808,SIDE,0.6770011907387778,SIDE,True,0.6770011907387778,1.0,15,80.62007144432667
NIFTY_BANK,2024-12-12,2024-12-13,BULL,0.9941176834700161,0.6332339068469083,0.28551694966293445,0.0812491434901574,BULL,0.6332339068469083,BULL,True,0.6332339068469083,1.0,32,77.9940344108145
NIFTY_FIN_SERVICE,2024-12-12,2024-12-13,BULL,0.9999773387463889,0.59992558110116,0.3172670547631542,0.08280736413568575,BULL,0.59992558110116,BULL,True,0.59992558110116,1.0,32,75.9955348660696
NIFTY_IT,2024-12-12,2024-12-13,BULL,0.9999999999884599,0.6528608295290976,0.28094067318136856,0.06619849728953378,BULL,0.6528608295290976,BULL,True,0.6528608295290976,0.9,9,75.17164977174586
NIFTY_PHARMA,2024-12-12,2024-12-13,SIDE,0.9030875548453748,0.13878458023973017,0.6755105535161672,0.1857048662441026,SIDE,0.6755105535161672,BEAR,False,0.6755105535161672,1.0,16,80.53063321097004
SENSEX,2024-12-12,2024-12-13,BULL,0.9755817988916072,0.5566431437578755,0.33785185639794674,0.10550499984417769,BULL,0.5566431437578755,BULL,True,0.5566431437578755,1.0,29,73.39858862547254
INDIA_VIX,2024-12-13,2024-12-16,BEAR,0.9999986145317387,0.09177701708766108,0.23545053551916478,0.6727724473931742,BEAR,0.6727724473931742,BEAR,True,0.6727724473931742,0.9,3,67.36634684359045
NIFTY_50,2024-12-13,2024-12-16,BULL,0.9897296532640921,0.5562073647648433,0.34142530322930786,0.10236733200584881,BULL,0.5562073647648433,BULL,True,0.5562073647648433,0.1,1,37.3724418858906
NIFTY_AUTO,2024-12-13,2024-12-16,SIDE,0.99558895642815,0.17994080079129615,0.7086905366537463,0.11136866255495759,SIDE,0.7086905366537463,SIDE,True,0.7086905366537463,1.0,16,82.52143219922478
NIFTY_BANK,2024-12-13,2024-12-16,BULL,0.9998542195628201,0.6363474158637124,0.2823484749460894,0.08130410919019827,BULL,0.6363474158637124,BULL,True,0.6363474158637124,0.1,1,42.18084495182274
NIFTY_FIN_SERVICE,2024-12-13,2024-12-16,BULL,0.9999996088475174,0.5999354880163039,0.31725699886755965,0.08280751311613645,BULL,0.5999354880163039,BULL,True,0.5999354880163039,0.1,1,39.99612928097824
NIFTY_IT,2024-12-13,2024-12-16,BULL,0.9999999999992124,0.652860829535806,0.2809406731761121,0.06619849728808173,BULL,0.652860829535806,BULL,True,0.652860829535806,1.0,10,79.17164977214836
NIFTY_PHARMA,2024-12-13,2024-12-16,BEAR,0.6358202442393908,0.12672016409304643,0.47650180916504403,0.39677802674190954,SIDE,0.47650180916504403,SIDE,True,0.39677802674190954,1.0,17,63.80668160451457
SENSEX,2024-12-13,2024-12-16,BULL,0.9999885206411944,0.5659641074785271,0.3275832252079866,0.10645266731348618,BULL,0.5659641074785271,BULL,True,0.5659641074785271,0.1,1,37.95784644871163
INDIA_VIX,2024-12-16,2024-12-17,BEAR,0.7284561559001246,0.15511126794164073,0.3105335597933128,0.5343551722650465,BEAR,0.5343551722650465,SIDE,False,0.5343551722650465,0.9,4,60.561310335902796
NIFTY_50,2024-12-16,2024-12-17,BULL,0.8744069171065741,0.5159271506569622,0.38638446930210724,0.09768838004093064,BULL,0.5159271506569622,SIDE,False,0.5159271506569622,0.9,1,54.95562903941773
NIFTY_AUTO,2024-12-16,2024-12-17,SIDE,0.9984800826723286,0.18079732788626268,0.7122694317124382,0.10693324040129916,SIDE,0.7122694317124382,BEAR,False,0.7122694317124382,1.0,17,82.7361659027463
NIFTY_BANK,2024-12-16,2024-12-17,BULL,0.9994885504119807,0.636147874327196,0.2825516868337455,0.08130043883905858,BULL,0.636147874327196,SIDE,False,0.636147874327196,0.2,2,46.16887245963176
NIFTY_FIN_SERVICE,2024-12-16,2024-12-17,BULL,0.9999911313879554,0.5999317167730427,0.3172608268553672,0.08280745637159004,BULL,0.5999317167730427,SIDE,False,0.5999317167730427,0.2,2,43.99590300638256
NIFTY_IT,2024-12-16,2024-12-17,BULL,0.9999999949299585,0.6528608263731077,0.2809406756542631,0.06619849797262924,BULL,0.6528608263731077,BULL,True,0.6528608263731077,1.0,11,79.17164958238646
NIFTY_PHARMA,2024-12-16,2024-12-17,SIDE,0.6508707091697765,0.12966803744531813,0.5668993809697468,0.303432581584935,SIDE,0.5668993809697468,BEAR,False,0.5668993809697468,1.0,18,74.01396285818481
SENSEX,2024-12-16,2024-12-17,BULL,0.9953531542015496,0.5641762524760784,0.329554876625723,0.10626887089819848,BULL,0.5641762524760784,SIDE,False,0.5641762524760784,0.2,2,41.85057514856471
INDIA_VIX,2024-12-17,2024-12-18,SIDE,0.9941159390280022,0.25849592613320116,0.46824731996802366,0.2732567538987752,SIDE,0.46824731996802366,SIDE,True,0.46824731996802366,0.2,1,34.59483919808142
NIFTY_50,2024-12-17,2024-12-18,SIDE,0.9956417751105701,0.11758047727459349,0.7950225632542806,0.08739695947112608,SIDE,0.7950225632542806,SIDE,True,0.7950225632542806,0.9,2,73.20135379525684
NIFTY_AUTO,2024-12-17,2024-12-18,BEAR,0.5314754955730717,0.12479023641740761,0.45055293588446277,0.42465682769812957,SIDE,0.45055293588446277,BEAR,False,0.42465682769812957,1.0,18,65.47940966188777
NIFTY_BANK,2024-12-17,2024-12-18,SIDE,0.9035025392643489,0.21994591072196937,0.6809432080591437,0.09911088121888692,SIDE,0.6809432080591437,SIDE,True,0.6809432080591437,0.8,1,62.356592483548624
NIFTY_FIN_SERVICE,2024-12-17,2024-12-18,SIDE,0.5292025080998324,0.3979759326223428,0.5158611957198567,0.08616287165780047,SIDE,0.5158611957198567,SIDE,True,0.5158611957198567,0.3,3,42.9516717431914
NIFTY_IT,2024-12-17,2024-12-18,BULL,0.999998824918655,0.6528600964061613,0.28094124762417916,0.06619865596965953,BULL,0.6528600964061613,BULL,True,0.6528600964061613,1.0,12,79.17160578436967
NIFTY_PHARMA,2024-12-17,2024-12-18,BEAR,0.9898631809148782,0.12840858411204137,0.37117797505696615,0.5004134408309925,BEAR,0.5004134408309925,SIDE,False,0.5004134408309925,1.0,19,70.02480644985954
SENSEX,2024-12-17,2024-12-18,SIDE,0.9683460357191168,0.14802716648291778,0.757120816511109,0.09485201700597312,SIDE,0.757120816511109,SIDE,True,0.757120816511109,0.8,1,66.92724899066654
INDIA_VIX,2024-12-18,2024-12-19,SIDE,0.998780813060288,0.25921326095259545,0.46943331784539527,0.2713534212020094,SIDE,0.46943331784539527,SIDE,True,0.46943331784539527,0.8,1,49.665999070723714
NIFTY_50,2024-12-18,2024-12-19,SIDE,0.9772701170226202,0.1135568044517237,0.7660818257440283,0.12036136980424815,SIDE,0.7660818257440283,BEAR,False,0.7660818257440283,0.9,3,72.9649095446417
NIFTY_AUTO,2024-12-18,2024-12-19,BEAR,0.9970999742870976,0.09768323164241795,0.25856713577399076,0.6437496325835913,BEAR,0.6437496325835913,BEAR,True,0.6437496325835913,1.0,19,78.62497795501547
NIFTY_BANK,2024-12-18,2024-12-19,SIDE,0.9971192577055825,0.12535919667043427,0.7627013770200122,0.11193942630955349,SIDE,0.7627013770200122,SIDE,True,0.7627013770200122,0.8,2,68.76208262120073
NIFTY_FIN_SERVICE,2024-12-18,2024-12-19,SIDE,0.9984624332548453,0.1366819173739005,0.755955536977482,0.1073625456486176,SIDE,0.755955536977482,SIDE,True,0.755955536977482,0.7,1,64.3573322186489
NIFTY_IT,2024-12-18,2024-12-19,BULL,0.9999994115107764,0.652860462379171,0.28094096086385706,0.06619857675697192,BULL,0.652860462379171,BULL,True,0.652860462379171,1.0,13,79.17162774275025
NIFTY_PHARMA,2024-12-18,2024-12-19,SIDE,0.6444399418842721,0.12954406496738763,0.5646633208169066,0.30579261421570575,SIDE,0.5646633208169066,SIDE,True,0.5646633208169066,1.0,20,73.8797992490144
SENSEX,2024-12-18,2024-12-19,SIDE,0.9977222625896771,0.10827834003524293,0.7911781194398501,0.1005435405249069,SIDE,0.7911781194398501,BEAR,False,0.7911781194398501,0.8,2,70.470687166391
INDIA_VIX,2024-12-19,2024-12-20,SIDE,0.9998625112128539,0.25937843314593506,0.4697093620607763,0.27091220479328865,SIDE,0.4697093620607763,SIDE,True,0.4697093620607763,0.8,2,51.18256172364658
NIFTY_50,2024-12-19,2024-12-20,BEAR,0.9823206704227385,0.12931259243882928,0.2854054953761492,0.5852819121850215,BEAR,0.5852819121850215,BEAR,True,0.5852819121850215,0.9,4,63.61691473110129
NIFTY_AUTO,2024-12-19,2024-12-20,BEAR,0.9999901373159836,0.09752881495459355,0.2568990889132705,0.6455720961321358,BEAR,0.6455720961321358,BEAR,True,0.6455720961321358,1.0,20,78.73432576792815
NIFTY_BANK,2024-12-19,2024-12-20,SIDE,0.7899687349705745,0.11119990440810527,0.6171629924460303,0.2716371031458644,SIDE,0.6171629924460303,BEAR,False,0.6171629924460303,0.8,3,61.52977954676183
NIFTY_FIN_SERVICE,2024-12-19,2024-12-20,SIDE,0.5018495954999731,0.1119516031152571,0.49997490314379206,0.3880734937409508,SIDE,0.49997490314379206,BEAR,False,0.49997490314379206,0.7,2,50.49849418862752
NIFTY_IT,2024-12-19,2024-12-20,BULL,0.9872567063517953,0.6450287972174992,0.2870805934202896,0.06789060936221125,BULL,0.6450287972174992,SIDE,False,0.6450287972174992,1.0,14,78.70172783304994
NIFTY_PHARMA,2024-12-19,2024-12-20,SIDE,0.9976533395955829,0.15098744636068384,0.7471984920900954,0.10181406154922078,SIDE,0.7471984920900954,SIDE,True,0.7471984920900954,1.0,21,84.83190952540572
SENSEX,2024-12-19,2024-12-20,BEAR,0.9716190945279117,0.12313957033513602,0.33941417857468004,0.537446251090184,BEAR,0.537446251090184,BEAR,True,0.537446251090184,0.8,3,56.74677506541105
INDIA_VIX,2024-12-20,2024-12-23,SIDE,0.999983446770377,0.2594000615347093,0.4697402124376552,0.2708597260276356,SIDE,0.4697402124376552,BEAR,False,0.4697402124376552,0.8,3,52.68441274625931
NIFTY_50,2024-12-20,2024-12-23,BEAR,0.9999999996364328,0.13043688293480987,0.27595498602360063,0.5936081310415895,BEAR,0.5936081310415895,BEAR,True,0.5936081310415895,0.9,5,65.61648786249536
NIFTY_AUTO,2024-12-20,2024-12-23,BEAR,0.9999999999636873,0.0975282886757299,0.2568933731307171,0.645578338193553,BEAR,0.645578338193553,BEAR,True,0.645578338193553,1.0,21,78.7347002916132
NIFTY_BANK,2024-12-20,2024-12-23,BEAR,0.9999661743565971,0.10893735653800685,0.3118966461435587,0.5791659973184344,BEAR,0.5791659973184344,BEAR,True,0.5791659973184344,0.8,4,60.74995983910607
NIFTY_FIN_SERVICE,2024-12-20,2024-12-23,BEAR,0.9999941710607548,0.11135348908728344,0.3187992278774929,0.5698472830352237,BEAR,0.5698472830352237,BEAR,True,0.5698472830352237,0.7,3,56.190836982113424
NIFTY_IT,2024-12-20,2024-12-23,SIDE,0.9989648914711696,0.16460441990960478,0.6686669319013165,0.16672864818907873,SIDE,0.6686669319013165,SIDE,True,0.6686669319013165,0.1,1,44.120015914079
NIFTY_PHARMA,2024-12-20,2024-12-23,SIDE,0.9998174265970647,0.1484153913227766,0.7493197675726138,0.10226484110460958,SIDE,0.7493197675726138,SIDE,True,0.7493197675726138,1.0,22,84.95918605435683
SENSEX,2024-12-20,2024-12-23,BEAR,0.9999999991654944,0.12447511534884251,0.3278723817347857,0.5476525029163718,BEAR,0.5476525029163718,BEAR,True,0.5476525029163718,0.8,4,58.85915017498231
INDIA_VIX,2024-12-23,2024-12-24,BEAR,0.7421281201533648,0.15330562804502287,0.30694821563958913,0.539746156315388,BEAR,0.539746156315388,BEAR,True,0.539746156315388,0.8,4,58.384769378923274
NIFTY_50,2024-12-23,2024-12-24,BEAR,0.9999934709621301,0.13043645647026583,0.27595853756554795,0.5936050059641862,BEAR,0.5936050059641862,BEAR,True,0.5936050059641862,0.9,6,67.11630035785117
NIFTY_AUTO,2024-12-23,2024-12-24,BEAR,0.9999999996677948,0.09752828869151886,0.25689337330220047,0.6455783380062807,BEAR,0.6455783380062807,BEAR,True,0.6455783380062807,0.1,1,42.73470028037685
NIFTY_BANK,2024-12-23,2024-12-24,BEAR,0.9947245078309352,0.10881874847229742,0.3142285728097865,0.5769526787179161,BEAR,0.5769526787179161,BEAR,True,0.5769526787179161,0.8,5,62.11716072307496
NIFTY_FIN_SERVICE,2024-12-23,2024-12-24,BEAR,0.9972674745257688,0.111314642023185,0.3199494326240969,0.568735925352718,BEAR,0.568735925352718,BEAR,True,0.568735925352718,0.7,4,57.62415552116309
NIFTY_IT,2024-12-23,2024-12-24,SIDE,0.999892893007489,0.16372293218273068,0.669351934690146,0.16692513312712345,SIDE,0.669351934690146,SIDE,True,0.669351934690146,0.2,2,48.161116081408764
NIFTY_PHARMA,2024-12-23,2024-12-24,SIDE,0.9999130320287698,0.14849902937879536,0.7494316141500258,0.10206935647117876,SIDE,0.7494316141500258,SIDE,True,0.7494316141500258,1.0,23,84.96589684900154
SENSEX,2024-12-23,2024-12-24,BEAR,0.9999926422634702,0.12447476059397883,0.3278754164687892,0.547649822937232,BEAR,0.547649822937232,BEAR,True,0.547649822937232,0.8,5,60.35898937623392
INDIA_VIX,2024-12-24,2024-12-26,BEAR,0.9994669085095956,0.09196319283373151,0.2356304377670256,0.672406369399243,BEAR,0.672406369399243,SIDE,False,0.672406369399243,0.9,5,70.34438216395458
NIFTY_50,2024-12-24,2024-12-26,BEAR,0.9999945660303913,0.1304365279857892,0.27595794187245204,0.5936055301417589,BEAR,0.5936055301417589,BEAR,True,0.5936055301417589,0.9,7,68.61633180850552
NIFTY_AUTO,2024-12-24,2024-12-26,BEAR,0.9999999313958381,0.09752829233454993,0.2568934128689736,0.6455782947964765,BEAR,0.6455782947964765,BEAR,True,0.6455782947964765,0.9,1,62.7346976877886
NIFTY_BANK,2024-12-24,2024-12-26,BEAR,0.9945843102644506,0.10881559593704064,0.3142907205645166,0.5768936834984427,BEAR,0.5768936834984427,BEAR,True,0.5768936834984427,0.8,6,63.61362100990656
NIFTY_FIN_SERVICE,2024-12-24,2024-12-26,BEAR,0.9987895709754201,0.11133615546560247,0.31930792160254784,0.5693559229318497,BEAR,0.5693559229318497,BEAR,True,0.5693559229318497,0.7,5,59.16135537591097
NIFTY_IT,2024-12-24,2024-12-26,SIDE,0.9996841311206066,0.16366872591631468,0.6691990693433346,0.1671322047403507,SIDE,0.6691990693433346,SIDE,True,0.6691990693433346,0.3,3,52.15194416060008
NIFTY_PHARMA,2024-12-24,2024-12-26,SIDE,0.9999286332358693,0.14846714003725694,0.7494459099741071,0.10208694998863589,SIDE,0.7494459099741071,SIDE,True,0.7494459099741071,1.0,24,84.96675459844643
SENSEX,2024-12-24,2024-12-26,BEAR,0.999994310259188,0.12447484087272637,0.3278747285233469,0.5476504306039266,BEAR,0.5476504306039266,BEAR,True,0.5476504306039266,0.8,6,61.859025836235595
INDIA_VIX,2024-12-26,2024-12-27,SIDE,0.8193019151490896,0.23347191006467355,0.4275380112634234,0.3389900786719031,SIDE,0.4275380112634234,BEAR,False,0.4275380112634234,0.2,1,32.1522806758054
NIFTY_50,2024-12-26,2024-12-27,BEAR,0.999972094199631,0.1304350600565641,0.275970166081389,0.5935947738620468,BEAR,0.5935947738620468,BEAR,True,0.5935947738620468,0.9,8,70.1156864317228
NIFTY_AUTO,2024-12-26,2024-12-27,BEAR,0.99996144418743,0.09753034606928744,0.25691571676163644,0.6455539371690763,BEAR,0.6455539371690763,BEAR,True,0.6455539371690763,0.9,2,64.23323623014457
NIFTY_BANK,2024-12-26,2024-12-27,BEAR,0.996061514616104,0.108848725431159,0.3136354017682218,0.5775158728006192,BEAR,0.5775158728006192,BEAR,True,0.5775158728006192,0.8,7,65.15095236803715
NIFTY_FIN_SERVICE,2024-12-26,2024-12-27,BEAR,0.9977148607038768,0.11132077871292691,0.319761110341576,0.568918110945497,BEAR,0.568918110945497,BEAR,True,0.568918110945497,0.7,6,60.63508665672982
NIFTY_IT,2024-12-26,2024-12-27,SIDE,0.9997042611421684,0.1636731870117875,0.6692138051647235,0.16711300782348906,SIDE,0.6692138051647235,SIDE,True,0.6692138051647235,0.4,4,56.15282830988342
NIFTY_PHARMA,2024-12-26,2024-12-27,SIDE,0.9991233828306032,0.14939849849677928,0.7486486950409783,0.1019528064622424,SIDE,0.7486486950409783,SIDE,True,0.7486486950409783,1.0,25,84.9189217024587
SENSEX,2024-12-26,2024-12-27,BEAR,0.9999893778832609,0.12447460280428971,0.32787676328108895,0.5476486339146214,BEAR,0.5476486339146214,BEAR,True,0.5476486339146214,0.8,7,63.35891803487728
INDIA_VIX,2024-12-27,2024-12-30,BEAR,0.9761725475491752,0.09966072185891328,0.24334011252311277,0.6569991656179739,BEAR,0.6569991656179739,SIDE,False,0.6569991656179739,0.8,1,60.919949937078435
NIFTY_50,2024-12-27,2024-12-30,BEAR,0.9994154416458985,0.13039872987382034,0.27627279443583974,0.59332847569034,BEAR,0.59332847569034,BEAR,True,0.59332847569034,0.9,9,71.5997085414204
NIFTY_AUTO,2024-12-27,2024-12-30,BEAR,0.9881602003325867,0.09816319741178026,0.2636422962755242,0.6381945063126955,BEAR,0.6381945063126955,BEAR,True,0.6381945063126955,0.9,3,65.29167037876174
NIFTY_BANK,2024-12-27,2024-12-30,BEAR,0.9757608008294205,0.10841203037855258,0.32252732000151985,0.5690606496199276,BEAR,0.5690606496199276,BEAR,True,0.5690606496199276,0.8,8,66.14363897719565
NIFTY_FIN_SERVICE,2024-12-27,2024-12-30,BEAR,0.9879354094254826,0.11118544264016007,0.3238567359257287,0.5649578214341111,BEAR,0.5649578214341111,BEAR,True,0.5649578214341111,0.7,7,61.89746928604667
NIFTY_IT,2024-12-27,2024-12-30,SIDE,0.9998191742501119,0.16369635415266445,0.6692979780260225,0.16700566782131315,SIDE,0.6692979780260225,SIDE,True,0.6692979780260225,0.5,5,60.15787868156135
NIFTY_PHARMA,2024-12-27,2024-12-30,SIDE,0.6954358615768537,0.3385886307593229,0.5760030257882071,0.08540834345247006,SIDE,0.5760030257882071,BULL,False,0.5760030257882071,0.1,1,38.56018154729243
SENSEX,2024-12-27,2024-12-30,BEAR,0.9996627596588955,0.12445883585757848,0.32801148461254753,0.5475296795298739,BEAR,0.5475296795298739,BEAR,True,0.5475296795298739,0.8,8,64.85178077179243
INDIA_VIX,2024-12-30,2024-12-31,SIDE,0.8383523609146974,0.23606544887751862,0.4317144748829391,0.33222007623954214,SIDE,0.4317144748829391,SIDE,True,0.4317144748829391,0.3,1,34.902868492976346
NIFTY_50,2024-12-30,2024-12-31,BEAR,0.9999982583374918,0.13043676918020802,0.27595593328614937,0.5936072975336427,BEAR,0.5936072975336427,BEAR,True,0.5936072975336427,1.0,10,75.61643785201856
NIFTY_AUTO,2024-12-30,2024-12-31,BEAR,0.9999870028041351,0.09752898221564514,0.2569009054492079,0.645570112335147,BEAR,0.645570112335147,BEAR,True,0.645570112335147,0.9,4,67.23420674010883
NIFTY_BANK,2024-12-30,2024-12-31,BEAR,0.9993473852348778,0.10892320730188311,0.3121728360584992,0.5789039566396177,BEAR,0.5789039566396177,BEAR,True,0.5789039566396177,0.9,9,70.73423739837706
NIFTY_FIN_SERVICE,2024-12-30,2024-12-31,BEAR,0.9999919290104095,0.1113534573289804,0.31880017501858376,0.5698463676524359,BEAR,0.5698463676524359,BEAR,True,0.5698463676524359,0.8,8,66.19078205914616
NIFTY_IT,2024-12-30,2024-12-31,SIDE,0.9999153120516407,0.16377103307008672,0.6693681082663571,0.16686085866355635,SIDE,0.6693681082663571,SIDE,True,0.6693681082663571,0.6,6,64.16208649598141
NIFTY_PHARMA,2024-12-30,2024-12-31,BULL,0.9978988254587624,0.6150646005771213,0.31058647518776195,0.07434892423511662,BULL,0.6150646005771213,BULL,True,0.6150646005771213,0.9,1,60.90387603462728
SENSEX,2024-12-30,2024-12-31,BEAR,0.9999975956123208,0.1244749993517673,0.32787337327167104,0.5476516273765617,BEAR,0.5476516273765617,BEAR,True,0.5476516273765617,0.9,9,68.8590976425937
INDIA_VIX,2024-12-31,2025-01-01,SIDE,0.9999362094342705,0.2593914442175768,0.46972816357253017,0.27088039220989296,SIDE,0.46972816357253017,SIDE,True,0.46972816357253017,0.4,2,41.18368981435181
NIFTY_50,2024-12-31,2025-01-01,BEAR,0.9999946332152625,0.13043653237128813,0.2759579053268442,0.5936055623018677,BEAR,0.5936055623018677,BEAR,True,0.5936055623018677,1.0,11,75.61633373811206
NIFTY_AUTO,2024-12-31,2025-01-01,BEAR,0.9997516648748567,0.09754154143449664,0.25703724362121455,0.6454212149442887,BEAR,0.6454212149442887,BEAR,True,0.6454212149442887,0.9,5,68.72527289665732
NIFTY_BANK,2024-12-31,2025-01-01,BEAR,0.9996805519581183,0.10893082076542822,0.3120241607974568,0.5790450184371149,BEAR,0.5790450184371149,BEAR,True,0.5790450184371149,1.0,10,74.74270110622689
NIFTY_FIN_SERVICE,2024-12-31,2025-01-01,BEAR,0.999995416784668,0.11135350738806382,0.318798701210383,0.5698477914015532,BEAR,0.5698477914015532,BEAR,True,0.5698477914015532,0.9,9,70.19086748409319
NIFTY_IT,2024-12-31,2025-01-01,SIDE,0.9896879288020523,0.1619173941082836,0.6620916702729718,0.17599093561874452,SIDE,0.6620916702729718,SIDE,True,0.6620916702729718,0.7,7,67.72550021637831
NIFTY_PHARMA,2024-12-31,2025-01-01,BULL,0.9999975665784526,0.616059829037474,0.3095934950902807,0.07434667587224529,BULL,0.616059829037474,BULL,True,0.616059829037474,0.9,2,62.46358974224845
SENSEX,2024-12-31,2025-01-01,BEAR,0.9999982825129732,0.12447503254375737,0.32787308987678065,0.547651877579462,BEAR,0.547651877579462,BEAR,True,0.547651877579462,1.0,10,72.85911265476773
INDIA_VIX,2025-01-01,2025-01-02,SIDE,0.9999753017698297,0.25939588033139116,0.46973816532033136,0.2708659543482774,SIDE,0.46973816532033136,SIDE,True,0.46973816532033136,0.4,3,42.68428991921988
NIFTY_50,2025-01-01,2025-01-02,BEAR,0.9992524697380893,0.13038810555841987,0.2763613299820826,0.5932505644594975,BEAR,0.5932505644594975,SIDE,False,0.5932505644594975,1.0,12,75.59503386756987
NIFTY_AUTO,2025-01-01,2025-01-02,BEAR,0.8452690697986185,0.10610931704694958,0.3326455688017615,0.561245114151289,BEAR,0.561245114151289,SIDE,False,0.561245114151289,0.9,6,65.17470684907734
NIFTY_BANK,2025-01-01,2025-01-02,BEAR,0.9920685222240374,0.1087596737117115,0.31540368705747623,0.5758366392308122,BEAR,0.5758366392308122,SIDE,False,0.5758366392308122,1.0,11,74.55019835384874
NIFTY_FIN_SERVICE,2025-01-01,2025-01-02,BEAR,0.9994330291475902,0.11134542018452202,0.3190362787358668,0.5696183010796112,BEAR,0.5696183010796112,SIDE,False,0.5696183010796112,1.0,10,74.17709806477667
NIFTY_IT,2025-01-01,2025-01-02,SIDE,0.9953350973887136,0.16289091807847164,0.6660559692311648,0.17105311269036358,SIDE,0.6660559692311648,SIDE,True,0.6660559692311648,0.8,8,71.96335815386988
NIFTY_PHARMA,2025-01-01,2025-01-02,BULL,0.9999986046861014,0.6160603220951267,0.3095930030708707,0.07434667483400262,BULL,0.6160603220951267,BULL,True,0.6160603220951267,0.9,3,63.96361932570761
SENSEX,2025-01-01,2025-01-02,BEAR,0.9993247729952003,0.12444253003601255,0.328150846335767,0.5474066236282203,BEAR,0.5474066236282203,SIDE,False,0.5474066236282203,1.0,11,72.84439741769323
INDIA_VIX,2025-01-02,2025-01-03,SIDE,0.9374168386349565,0.2500592565853151,0.45433580925759454,0.2956049341570903,SIDE,0.45433580925759454,SIDE,True,0.45433580925759454,0.6,1,43.76014855545567
NIFTY_50,2025-01-02,2025-01-03,SIDE,0.9266028663099104,0.11072766019556804,0.712419985124241,0.17685235468019103,SIDE,0.712419985124241,SIDE,True,0.712419985124241,1.0,13,82.74519910745445
NIFTY_AUTO,2025-01-02,2025-01-03,SIDE,0.9375351354496733,0.20618993699949859,0.6619879912152805,0.13182207178522082,SIDE,0.6619879912152805,SIDE,True,0.6619879912152805,0.9,7,72.71927947291684
NIFTY_BANK,2025-01-02,2025-01-03,SIDE,0.6591207882518006,0.10793560249517997,0.5599524273276779,0.3321119701771421,SIDE,0.5599524273276779,BEAR,False,0.5599524273276779,1.0,12,73.59714563966068
NIFTY_FIN_SERVICE,2025-01-02,2025-01-03,SIDE,0.8700304594553762,0.12452378566742403,0.6540370497598809,0.22143916457269514,SIDE,0.6540370497598809,SIDE,True,0.6540370497598809,1.0,11,79.24222298559286
NIFTY_IT,2025-01-02,2025-01-03,SIDE,0.9972620234753927,0.1662296289665234,0.667420832871921,0.16634953816155548,SIDE,0.667420832871921,SIDE,True,0.667420832871921,0.9,9,76.04524997231526
NIFTY_PHARMA,2025-01-02,2025-01-03,BULL,0.9999997939736839,0.6160608869578732,0.30959243939747616,0.0743466736446506,BULL,0.6160608869578732,BULL,True,0.6160608869578732,0.9,4,65.46365321747238
SENSEX,2025-01-02,2025-01-03,SIDE,0.9903196952617954,0.10972433849597195,0.7808228399803127,0.10945282152371542,SIDE,0.7808228399803127,SIDE,True,0.7808228399803127,1.0,12,86.84937039881876
INDIA_VIX,2025-01-03,2025-01-06,SIDE,0.6183838379506412,0.20649830915644482,0.3852671055162498,0.4082345853273054,BEAR,0.4082345853273054,SIDE,False,0.3852671055162498,0.6,2,41.11602633097499
NIFTY_50,2025-01-03,2025-01-06,SIDE,0.99487902955142,0.11587162156094809,0.7931105125694176,0.09101786586963431,SIDE,0.7931105125694176,BEAR,False,0.7931105125694176,1.0,14,87.58663075416506
NIFTY_AUTO,2025-01-03,2025-01-06,SIDE,0.9782723948922509,0.19915939710628908,0.6983815596893637,0.10245904320434729,SIDE,0.6983815596893637,SIDE,True,0.6983815596893637,0.9,8,76.40289358136182
NIFTY_BANK,2025-01-03,2025-01-06,BEAR,0.81794658206376,0.10613599834656162,0.38551346339050835,0.5083505382629301,BEAR,0.5083505382629301,BEAR,True,0.5083505382629301,0.1,1,34.50103229577581
NIFTY_FIN_SERVICE,2025-01-03,2025-01-06,SIDE,0.6394115197627553,0.114589999835879,0.5500922030615354,0.33531779710258564,SIDE,0.5500922030615354,BEAR,False,0.5500922030615354,1.0,12,73.00553218369213
NIFTY_IT,2025-01-03,2025-01-06,SIDE,0.9998311139181644,0.16369620718988703,0.6693067441863126,0.16699704862380038,SIDE,0.6693067441863126,SIDE,True,0.6693067441863126,1.0,10,80.15840465117876
NIFTY_PHARMA,2025-01-03,2025-01-06,BULL,0.9785607340596935,0.6060371157904507,0.3195796702567205,0.07438321395282879,BULL,0.6060371157904507,SIDE,False,0.6060371157904507,0.9,5,66.36222694742703
SENSEX,2025-01-03,2025-01-06,SIDE,0.994938505803321,0.10793347991442621,0.7871665046005152,0.10490001548505858,SIDE,0.7871665046005152,BEAR,False,0.7871665046005152,1.0,13,87.22999027603092
INDIA_VIX,2025-01-06,2025-01-07,SIDE,0.9829341750152324,0.266547302874814,0.4653278495359727,0.2681248475892132,SIDE,0.4653278495359727,SIDE,True,0.4653278495359727,0.1,1,31.919670972158364
NIFTY_50,2025-01-06,2025-01-07,BEAR,0.9967876143957831,0.130228058338246,0.2776968154293513,0.5920751262324027,BEAR,0.5920751262324027,BEAR,True,0.5920751262324027,1.0,15,75.52450757394416
NIFTY_AUTO,2025-01-06,2025-01-07,SIDE,0.9981567575588165,0.18070013584806072,0.7118615495359589,0.10743831461598027,SIDE,0.7118615495359589,SIDE,True,0.7118615495359589,0.9,9,78.71169297215754
NIFTY_BANK,2025-01-06,2025-01-07,BEAR,0.9999999666226139,0.10893813037959083,0.3118815563037167,0.5791803133166924,BEAR,0.5791803133166924,BEAR,True,0.5791803133166924,0.2,2,42.75081879900154
NIFTY_FIN_SERVICE,2025-01-06,2025-01-07,BEAR,0.9999989510484504,0.11135355773906573,0.31879720799026856,0.5698492342706657,BEAR,0.5698492342706657,BEAR,True,0.5698492342706657,0.1,1,38.190954056239946
NIFTY_IT,2025-01-06,2025-01-07,SIDE,0.9998510999909542,0.16370128585245433,0.6693213841665547,0.16697732998099088,SIDE,0.6693213841665547,SIDE,True,0.6693213841665547,1.0,11,80.15928304999328
NIFTY_PHARMA,2025-01-06,2025-01-07,SIDE,0.8478895177069579,0.2633166637278616,0.6453569927533275,0.09132634351881096,SIDE,0.6453569927533275,SIDE,True,0.6453569927533275,0.9,6,70.22141956519965
SENSEX,2025-01-06,2025-01-07,BEAR,0.9991646091466106,0.12443479147688748,0.3282168794912081,0.5473483290319044,BEAR,0.5473483290319044,BEAR,True,0.5473483290319044,1.0,14,72.84089974191427
INDIA_VIX,2025-01-07,2025-01-08,SIDE,0.9997226444900928,0.25950678132074867,0.4696719549106868,0.27082126376856447,SIDE,0.4696719549106868,SIDE,True,0.4696719549106868,0.5,1,42.180317294641206
NIFTY_50,2025-01-07,2025-01-08,BEAR,0.9939405563540678,0.13004475189951836,0.27923111599444417,0.5907241321060374,BEAR,0.5907241321060374,BEAR,True,0.5907241321060374,1.0,16,75.44344792636225
NIFTY_AUTO,2025-01-07,2025-01-08,SIDE,0.9996707275845064,0.18116334998829683,0.7137911366401528,0.10504551337155048,SIDE,0.7137911366401528,SIDE,True,0.7137911366401528,1.0,10,82.82746819840916
NIFTY_BANK,2025-01-07,2025-01-08,BEAR,0.9999753501243397,0.10893756669691793,0.3118925487737307,0.5791698845293514,BEAR,0.5791698845293514,BEAR,True,0.5791698845293514,0.3,3,46.75019307176108
NIFTY_FIN_SERVICE,2025-01-07,2025-01-08,BEAR,0.9998521873113365,0.11135146099425719,0.31885921398300493,0.5697893250227378,BEAR,0.5697893250227378,BEAR,True,0.5697893250227378,0.2,2,42.18735950136426
NIFTY_IT,2025-01-07,2025-01-08,SIDE,0.9982328573657476,0.1634027238599439,0.6681411006923031,0.16845617544775288,SIDE,0.6681411006923031,SIDE,True,0.6681411006923031,1.0,12,80.0884660415382
NIFTY_PHARMA,2025-01-07,2025-01-08,SIDE,0.8448023788218275,0.26506669881229356,0.643755507247122,0.09117779394058445,SIDE,0.643755507247122,SIDE,True,0.643755507247122,0.9,7,71.62533043482732
SENSEX,2025-01-07,2025-01-08,BEAR,0.998681881083022,0.12441155927018778,0.32841578114890213,0.5471726595809102,BEAR,0.5471726595809102,BEAR,True,0.5471726595809102,1.0,15,72.83035957485461
INDIA_VIX,2025-01-08,2025-01-09,SIDE,0.9998842509026641,0.2594086584727575,0.4697146084115464,0.270876733115696,SIDE,0.4697146084115464,SIDE,True,0.4697146084115464,0.6,2,46.182876504692786
NIFTY_50,2025-01-08,2025-01-09,BEAR,0.9938250668284133,0.13003733937912604,0.2792931778813063,0.5906694827395678,BEAR,0.5906694827395678,BEAR,True,0.5906694827395678,1.0,17,75.44016896437407
NIFTY_AUTO,2025-01-08,2025-01-09,SIDE,0.9987542825181376,0.18088072444500394,0.7126172057372347,0.10650206981776117,SIDE,0.7126172057372347,SIDE,True,0.7126172057372347,1.0,11,82.75703234423409
NIFTY_BANK,2025-01-08,2025-01-09,BEAR,0.9999993952165595,0.10893811729411015,0.3118818114690791,0.5791800712368106,BEAR,0.5791800712368106,BEAR,True,0.5791800712368106,0.4,4,50.75080427420864
NIFTY_FIN_SERVICE,2025-01-08,2025-01-09,BEAR,0.9999993250314327,0.11135356307799811,0.31879704997578356,0.5698493869462182,BEAR,0.5698493869462182,BEAR,True,0.5698493869462182,0.3,3,46.19096321677309
NIFTY_IT,2025-01-08,2025-01-09,SIDE,0.9998842107010659,0.1637119076440457,0.6693456284203718,0.1669424639355825,SIDE,0.6693456284203718,SIDE,True,0.6693456284203718,1.0,13,80.1607377052223
NIFTY_PHARMA,2025-01-08,2025-01-09,SIDE,0.9996803302872904,0.14877178513613332,0.7492009562978719,0.10202725856599484,SIDE,0.7492009562978719,SIDE,True,0.7492009562978719,0.9,8,79.45205737787231
SENSEX,2025-01-08,2025-01-09,BEAR,0.9985282518819605,0.12440415189745241,0.3284790730519271,0.5471167750506204,BEAR,0.5471167750506204,BEAR,True,0.5471167750506204,1.0,16,72.82700650303723
INDIA_VIX,2025-01-09,2025-01-10,SIDE,0.9999488612130488,0.25941078956288915,0.46973119791837276,0.2708580125187381,SIDE,0.46973119791837276,SIDE,True,0.46973119791837276,0.2,1,34.68387187510236
NIFTY_50,2025-01-09,2025-01-10,BEAR,0.9999470893368335,0.1304334267462589,0.27598376757099946,0.5935828056827417,BEAR,0.5935828056827417,BEAR,True,0.5935828056827417,1.0,18,75.6149683409645
NIFTY_AUTO,2025-01-09,2025-01-10,SIDE,0.9975855108433155,0.18052800410711842,0.7111452014517405,0.10832679444114109,SIDE,0.7111452014517405,SIDE,True,0.7111452014517405,1.0,12,82.66871208710444
NIFTY_BANK,2025-01-09,2025-01-10,BEAR,0.9999999719472357,0.10893813050156087,0.31188155392594774,0.5791803155724915,BEAR,0.5791803155724915,BEAR,True,0.5791803155724915,0.5,5,54.75081893434949
NIFTY_FIN_SERVICE,2025-01-09,2025-01-10,BEAR,0.9999999975950147,0.11135357236172798,0.31879676600778234,0.5698496616304897,BEAR,0.5698496616304897,BEAR,True,0.5698496616304897,0.4,4,50.19097969782938
NIFTY_IT,2025-01-09,2025-01-10,SIDE,0.9896888936233567,0.16191745639836,0.66209234108274,0.17599020251890016,SIDE,0.66209234108274,SIDE,True,0.66209234108274,0.1,1,43.7255404649644
NIFTY_PHARMA,2025-01-09,2025-01-10,SIDE,0.9997851000131841,0.14840074502082753,0.7492831821236805,0.10231607285549199,SIDE,0.7492831821236805,BEAR,False,0.7492831821236805,0.9,9,80.95699092742083
SENSEX,2025-01-09,2025-01-10,BEAR,0.9999915899075562,0.12447470961337474,0.32787585072497855,0.5476494396616468,BEAR,0.5476494396616468,BEAR,True,0.5476494396616468,1.0,17,72.85896637969881
INDIA_VIX,2025-01-10,2025-01-13,SIDE,0.9999523772844101,0.2594128960731579,0.4697320782838876,0.2708550256429546,SIDE,0.4697320782838876,SIDE,True,0.4697320782838876,0.3,2,38.683924697033255
NIFTY_50,2025-01-10,2025-01-13,BEAR,0.9999943350648242,0.13043651291110636,0.2759580675063499,0.5936054195825436,BEAR,0.5936054195825436,BEAR,True,0.5936054195825436,1.0,19,75.61632517495262
NIFTY_AUTO,2025-01-10,2025-01-13,SIDE,0.7616162412004915,0.14658502798486925,0.5611850499434485,0.2922299220716822,SIDE,0.5611850499434485,BEAR,False,0.5611850499434485,1.0,13,73.67110299660692
NIFTY_BANK,2025-01-10,2025-01-13,BEAR,0.9999999999996065,0.10893813114395946,0.31188154139897,0.5791803274570706,BEAR,0.5791803274570706,BEAR,True,0.5791803274570706,0.6,6,58.75081964742424
NIFTY_FIN_SERVICE,2025-01-10,2025-01-13,BEAR,0.9999999999997651,0.11135357237988408,0.3187967650020298,0.5698496626180861,BEAR,0.5698496626180861,BEAR,True,0.5698496626180861,0.5,5,54.19097975708517
NIFTY_IT,2025-01-10,2025-01-13,SIDE,0.9076929124030304,0.23276177194023584,0.6142889255113465,0.15294930254841763,SIDE,0.6142889255113465,SIDE,True,0.6142889255113465,0.9,1,60.85733553068079
NIFTY_PHARMA,2025-01-10,2025-01-13,BEAR,0.9966133100068789,0.12849572285793612,0.3690644928047513,0.5024397843373125,BEAR,0.5024397843373125,BEAR,True,0.5024397843373125,1.0,10,70.14638706023875
SENSEX,2025-01-10,2025-01-13,BEAR,0.9999980420081838,0.12447502104447282,0.3278731890191823,0.5476517899363449,BEAR,0.5476517899363449,BEAR,True,0.5476517899363449,1.0,18,72.8591073961807
INDIA_VIX,2025-01-13,2025-01-14,SIDE,0.9985517883234821,0.2600066529008178,0.4693655993725272,0.27062774772665493,SIDE,0.4693655993725272,SIDE,True,0.4693655993725272,0.4,3,42.661935962351635
NIFTY_50,2025-01-13,2025-01-14,BEAR,0.9999999999922782,0.13043688295805306,0.27595498583002354,0.5936081312119234,BEAR,0.5936081312119234,BEAR,True,0.5936081312119234,0.1,1,39.6164878727154
NIFTY_AUTO,2025-01-13,2025-01-14,BEAR,0.9999998729128384,0.09752829545523674,0.25689344676258463,0.6455782577821786,BEAR,0.6455782577821786,BEAR,True,0.6455782577821786,0.1,1,42.73469546693072
NIFTY_BANK,2025-01-13,2025-01-14,BEAR,1.0,0.10893813114396844,0.3118815413987942,0.5791803274572374,BEAR,0.5791803274572374,BEAR,True,0.5791803274572374,0.7,7,62.75081964743423
NIFTY_FIN_SERVICE,2025-01-13,2025-01-14,BEAR,0.9999999999999991,0.11135357237976203,0.31879676500201076,0.5698496626182271,BEAR,0.5698496626182271,BEAR,True,0.5698496626182271,0.6,6,58.19097975709362
NIFTY_IT,2025-01-13,2025-01-14,SIDE,0.9995178297626823,0.16415012162751627,0.669074256474067,0.16677562189841677,SIDE,0.669074256474067,SIDE,True,0.669074256474067,0.9,2,65.64445538844403
NIFTY_PHARMA,2025-01-13,2025-01-14,BEAR,0.9999999999777431,0.12854032450129885,0.3680011224466461,0.5034585530520551,BEAR,0.5034585530520551,BEAR,True,0.5034585530520551,1.0,11,70.20751318312331
SENSEX,2025-01-13,2025-01-14,BEAR,0.9999999999928111,0.12447511538847929,0.327872381393689,0.5476525032178317,BEAR,0.5476525032178317,BEAR,True,0.5476525032178317,0.1,1,36.8591501930699
INDIA_VIX,2025-01-14,2025-01-15,SIDE,0.9998791994543693,0.2594442903039522,0.46971290823592826,0.27084280146011946,SIDE,0.46971290823592826,SIDE,True,0.46971290823592826,0.5,4,46.682774494155694
NIFTY_50,2025-01-14,2025-01-15,BEAR,0.9999999835070863,0.1304368818820725,0.2759549947972618,0.5936081233206657,BEAR,0.5936081233206657,BEAR,True,0.5936081233206657,0.2,2,43.616487399239944
NIFTY_AUTO,2025-01-14,2025-01-15,BEAR,0.9993297879036581,0.09756406215563344,0.25728141935409,0.6451545184902765,BEAR,0.6451545184902765,BEAR,True,0.6451545184902765,0.9,1,62.709271109416584
NIFTY_BANK,2025-01-14,2025-01-15,BEAR,0.9999999993967976,0.10893813113016936,0.3118815416681493,0.5791803272016813,BEAR,0.5791803272016813,BEAR,True,0.5791803272016813,0.8,8,66.75081963210087
NIFTY_FIN_SERVICE,2025-01-14,2025-01-15,BEAR,0.9999999997982476,0.1113535724063539,0.3187967650684887,0.5698496625251575,BEAR,0.5698496625251575,BEAR,True,0.5698496625251575,0.7,7,62.190979751509445
NIFTY_IT,2025-01-14,2025-01-15,SIDE,0.9925242643132012,0.16240201367786666,0.664066910666535,0.1735310756555983,SIDE,0.664066910666535,SIDE,True,0.664066910666535,0.2,1,46.344014639992096
NIFTY_PHARMA,2025-01-14,2025-01-15,BEAR,0.9999927794761386,0.12854022877879184,0.3680033917382146,0.5034563794829935,BEAR,0.5034563794829935,BEAR,True,0.5034563794829935,1.0,12,70.20738276897961
SENSEX,2025-01-14,2025-01-15,BEAR,0.9999999976822966,0.12447511528143684,0.32787238234382243,0.5476525023747407,BEAR,0.5476525023747407,BEAR,True,0.5476525023747407,0.2,2,40.859150142484445
INDIA_VIX,2025-01-15,2025-01-16,SIDE,0.9999409090442039,0.25941803499361216,0.4697290714022053,0.27085289360418247,SIDE,0.4697290714022053,SIDE,True,0.4697290714022053,0.6,5,50.68374428413232
NIFTY_50,2025-01-15,2025-01-16,BEAR,0.9999996756893705,0.1304368617801144,0.27595516224460304,0.5936079759752826,BEAR,0.5936079759752826,BEAR,True,0.5936079759752826,0.8,1,57.11647855851696
NIFTY_AUTO,2025-01-15,2025-01-16,BEAR,0.9997279280254998,0.09754280833776034,0.2570509899682396,0.6454062016940001,BEAR,0.6454062016940001,BEAR,True,0.6454062016940001,0.9,2,64.22437210164
NIFTY_BANK,2025-01-15,2025-01-16,BEAR,0.9999999857637634,0.10893813081799973,0.31188154775605725,0.5791803214259429,BEAR,0.5791803214259429,BEAR,True,0.5791803214259429,0.9,9,70.75081928555657
NIFTY_FIN_SERVICE,2025-01-15,2025-01-16,BEAR,0.9999999987220749,0.11135357238305754,0.31879676552824254,0.5698496620886999,BEAR,0.5698496620886999,BEAR,True,0.5698496620886999,0.8,8,66.190979725322
NIFTY_IT,2025-01-15,2025-01-16,SIDE,0.9998022501621514,0.1636975773056704,0.6692855463030186,0.16701687639131108,SIDE,0.6692855463030186,SIDE,True,0.6692855463030186,0.8,1,61.657132778181115
NIFTY_PHARMA,2025-01-15,2025-01-16,BEAR,0.9999999935908124,0.12854032441662583,0.3680011244539633,0.5034585511294107,BEAR,0.5034585511294107,BEAR,True,0.5034585511294107,1.0,13,70.20751306776464
SENSEX,2025-01-15,2025-01-16,BEAR,0.9999997458824297,0.12447510322524444,0.32787248615392794,0.5476524106208276,BEAR,0.5476524106208276,BEAR,True,0.5476524106208276,0.3,3,44.859144637249656
INDIA_VIX,2025-01-16,2025-01-17,SIDE,0.9999284638480884,0.2594233981649847,0.4697258108355176,0.27085079099949766,SIDE,0.4697258108355176,SIDE,True,0.4697258108355176,0.7,6,54.68354865013105
NIFTY_50,2025-01-16,2025-01-17,BEAR,0.9999580662709426,0.13043414426277583,0.2759777963395222,0.593588059397702,BEAR,0.593588059397702,BEAR,True,0.593588059397702,0.8,2,58.61528356386212
NIFTY_AUTO,2025-01-16,2025-01-17,BEAR,0.9937466319763607,0.09786286845680363,0.2604855370548053,0.641651594488391,BEAR,0.641651594488391,BEAR,True,0.641651594488391,0.9,3,65.49909566930346
NIFTY_BANK,2025-01-16,2025-01-17,BEAR,0.9999598808522373,0.1089372126412915,0.3118994562763281,0.5791633310823804,BEAR,0.5791633310823804,BEAR,True,0.5791633310823804,1.0,10,74.74979986494283
NIFTY_FIN_SERVICE,2025-01-16,2025-01-17,BEAR,0.9999773582061079,0.11135328282271109,0.31880631000640514,0.5698404071708838,BEAR,0.5698404071708838,BEAR,True,0.5698404071708838,0.9,9,70.19042443025303
NIFTY_IT,2025-01-16,2025-01-17,SIDE,0.9992706840216223,0.16359071200633374,0.6688967252089821,0.16751256278468402,SIDE,0.6688967252089821,BEAR,False,0.6688967252089821,0.3,1,49.13380351253893
NIFTY_PHARMA,2025-01-16,2025-01-17,BEAR,0.999999997503981,0.12854032446850358,0.36800112322411266,0.5034585523073838,BEAR,0.5034585523073838,BEAR,True,0.5034585523073838,1.0,14,70.20751313844303
SENSEX,2025-01-16,2025-01-17,BEAR,0.9999532765088716,0.12447286471606502,0.32789165295913225,0.5476354823248027,BEAR,0.5476354823248027,BEAR,True,0.5476354823248027,0.7,1,51.85812893948817
INDIA_VIX,2025-01-17,2025-01-20,SIDE,0.9998659800743812,0.25944990283512825,0.4697094460942939,0.27084065107057786,SIDE,0.4697094460942939,SIDE,True,0.4697094460942939,0.8,7,58.682566765657626
NIFTY_50,2025-01-17,2025-01-20,BEAR,0.9999983979020655,0.13043677831669562,0.27595585734983186,0.5936073643334726,BEAR,0.5936073643334726,BEAR,True,0.5936073643334726,0.8,3,60.116441860008365
NIFTY_AUTO,2025-01-17,2025-01-20,BEAR,0.9974907211808471,0.09766233219974363,0.2583424175161051,0.6439952502841513,BEAR,0.6439952502841513,BEAR,True,0.6439952502841513,0.9,4,67.13971501704907
NIFTY_BANK,2025-01-17,2025-01-20,BEAR,0.9999999957020784,0.1089381310455628,0.31188154331805,0.5791803256363871,BEAR,0.5791803256363871,BEAR,True,0.5791803256363871,1.0,11,74.75081953818322
NIFTY_FIN_SERVICE,2025-01-17,2025-01-20,BEAR,0.9999999994540625,0.11135357238984307,0.3187967652212976,0.5698496623888593,BEAR,0.5698496623888593,BEAR,True,0.5698496623888593,1.0,10,74.19097974333157
NIFTY_IT,2025-01-17,2025-01-20,BEAR,0.9811038244572625,0.06889866130761102,0.2864214607768526,0.6446798779155365,BEAR,0.6446798779155365,BEAR,True,0.6446798779155365,0.4,2,51.6807926749322
NIFTY_PHARMA,2025-01-17,2025-01-20,BEAR,0.9999988125000541,0.12854030875866937,0.36800149565308843,0.5034581955882422,BEAR,0.5034581955882422,BEAR,True,0.5034581955882422,1.0,15,70.20749173529454
SENSEX,2025-01-17,2025-01-20,BEAR,0.999999449767165,0.12447508894512406,0.3278726083031577,0.5476523027517183,BEAR,0.5476523027517183,BEAR,True,0.5476523027517183,0.7,2,53.35913816510309
INDIA_VIX,2025-01-20,2025-01-21,SIDE,0.9983561134088285,0.2600894621678942,0.4693144586153693,0.2705960792167366,SIDE,0.4693144586153693,SIDE,True,0.4693144586153693,0.8,8,60.158867516922164
NIFTY_50,2025-01-20,2025-01-21,BEAR,0.9990080155652842,0.13037218866663672,0.2764940694576086,0.5931337418757546,BEAR,0.5931337418757546,BEAR,True,0.5931337418757546,0.8,4,61.58802451254528
NIFTY_AUTO,2025-01-20,2025-01-21,BEAR,0.99955961235837,0.09755179258452412,0.2571484371538592,0.6452997702616168,BEAR,0.6452997702616168,BEAR,True,0.6452997702616168,0.9,5,68.717986215697
NIFTY_BANK,2025-01-20,2025-01-21,BEAR,0.9997271665864439,0.10893189274279454,0.312003349766391,0.5790647574908145,BEAR,0.5790647574908145,BEAR,True,0.5790647574908145,0.1,1,38.743885449448875
NIFTY_FIN_SERVICE,2025-01-20,2025-01-21,BEAR,0.9999108945224168,0.11135256347987547,0.31883424418566836,0.5698131923344562,BEAR,0.5698131923344562,BEAR,True,0.5698131923344562,0.1,1,38.18879154006737
NIFTY_IT,2025-01-20,2025-01-21,BEAR,0.9949460039186903,0.06718874120258804,0.2796516819120142,0.6531595768853978,BEAR,0.6531595768853978,BEAR,True,0.6531595768853978,0.6,1,55.689574613123874
NIFTY_PHARMA,2025-01-20,2025-01-21,BEAR,0.99992288398849,0.12853930231084984,0.3680253583249043,0.5034353393642459,BEAR,0.5034353393642459,BEAR,True,0.5034353393642459,1.0,16,70.20612036185476
SENSEX,2025-01-20,2025-01-21,BEAR,0.9993564293402029,0.12444409893890902,0.32813776710117815,0.5474181339599129,BEAR,0.5474181339599129,BEAR,True,0.5474181339599129,0.7,3,54.84508803759477
INDIA_VIX,2025-01-21,2025-01-22,SIDE,0.9868604102932942,0.2649157798915452,0.4663347393218526,0.2687494807866021,SIDE,0.4663347393218526,SIDE,True,0.4663347393218526,0.9,9,63.98008435931115
NIFTY_50,2025-01-21,2025-01-22,BEAR,0.9999999942735609,0.13043688258456126,0.2759549889409278,0.593608128474511,BEAR,0.593608128474511,BEAR,True,0.593608128474511,0.8,5,63.11648770847066
NIFTY_AUTO,2025-01-21,2025-01-22,BEAR,0.999999928999294,0.0975282924624309,0.2568934142578821,0.645578293279687,BEAR,0.645578293279687,BEAR,True,0.645578293279687,0.9,6,70.23469759678122
NIFTY_BANK,2025-01-21,2025-01-22,BEAR,0.9999999072996119,0.10893812902158591,0.3118815827944974,0.5791802881839165,BEAR,0.5791802881839165,BEAR,True,0.5791802881839165,0.9,1,58.750817291035
NIFTY_FIN_SERVICE,2025-01-21,2025-01-22,BEAR,0.9999999992488167,0.11135357240892856,0.3187967652939996,0.5698496622970718,BEAR,0.5698496622970718,BEAR,True,0.5698496622970718,0.9,1,58.190979737824314
NIFTY_IT,2025-01-21,2025-01-22,BEAR,0.9999759176563005,0.06655286032393026,0.27713691744771485,0.6563102222283549,BEAR,0.6563102222283549,BEAR,True,0.6563102222283549,0.6,2,57.37861333370129
NIFTY_PHARMA,2025-01-21,2025-01-22,BEAR,0.9999999936614274,0.12854032441756197,0.3680011244317701,0.503458551150668,BEAR,0.503458551150668,BEAR,True,0.503458551150668,1.0,17,70.20751306904009
SENSEX,2025-01-21,2025-01-22,BEAR,0.9999999999025819,0.12447511538431005,0.32787238143078595,0.547652503184904,BEAR,0.547652503184904,BEAR,True,0.547652503184904,0.7,4,56.35915019109423
INDIA_VIX,2025-01-22,2025-01-23,SIDE,0.9984284304090907,0.2600588603729388,0.46933335739483256,0.27060778223222864,SIDE,0.46933335739483256,SIDE,True,0.46933335739483256,1.0,10,68.16000144368995
NIFTY_50,2025-01-22,2025-01-23,BEAR,0.9999867536523646,0.1304360178671151,0.27596219154949464,0.5936017905833902,BEAR,0.5936017905833902,BEAR,True,0.5936017905833902,0.8,6,64.61610743500341
NIFTY_AUTO,2025-01-22,2025-01-23,BEAR,0.9999998574890238,0.0975282962782605,0.2568934557013999,0.6455782480203397,BEAR,0.6455782480203397,BEAR,True,0.6455782480203397,0.9,7,71.73469488122038
NIFTY_BANK,2025-01-22,2025-01-23,BEAR,0.9999912675888216,0.10893793122330528,0.31188544086251085,0.5791766279141839,BEAR,0.5791766279141839,BEAR,True,0.5791766279141839,0.9,2,60.250597674851036
NIFTY_FIN_SERVICE,2025-01-22,2025-01-23,BEAR,0.9999991488985425,0.11135356464350063,0.318797121797258,0.5698493135592414,BEAR,0.5698493135592414,BEAR,True,0.5698493135592414,0.2,1,40.69095881355448
NIFTY_IT,2025-01-22,2025-01-23,BEAR,0.547571899392198,0.10888182792087905,0.4467224369759425,0.4443957351031784,SIDE,0.4467224369759425,SIDE,True,0.4443957351031784,0.6,3,46.1637441061907
NIFTY_PHARMA,2025-01-22,2025-01-23,BEAR,0.9999948894357829,0.12854025675034025,0.36800272861161243,0.5034570146380474,BEAR,0.5034570146380474,BEAR,True,0.5034570146380474,1.0,18,70.20742087828285
SENSEX,2025-01-22,2025-01-23,BEAR,0.9999950156647912,0.12447487630236878,0.3278744365849371,0.5476506871126943,BEAR,0.5476506871126943,BEAR,True,0.5476506871126943,0.7,5,57.85904122676164
INDIA_VIX,2025-01-23,2025-01-24,SIDE,0.9995938455013033,0.2595652754183742,0.4696381907140193,0.27079653386760644,SIDE,0.4696381907140193,SIDE,True,0.4696381907140193,1.0,11,68.17829144284117
NIFTY_50,2025-01-23,2025-01-24,BEAR,0.9998275514666076,0.1304256223703766,0.27604877955524026,0.593525598074383,BEAR,0.593525598074383,BEAR,True,0.593525598074383,0.8,7,66.11153588446298
NIFTY_AUTO,2025-01-23,2025-01-24,BEAR,0.9999053853439747,0.09753333757777417,0.25694819926404805,0.6455184631581777,BEAR,0.6455184631581777,BEAR,True,0.6455184631581777,0.9,8,73.23110778949066
NIFTY_BANK,2025-01-23,2025-01-24,BEAR,0.9999959264761769,0.10893803787489804,0.3118833604447976,0.5791786016803044,BEAR,0.5791786016803044,BEAR,True,0.5791786016803044,0.9,3,61.75071610081827
NIFTY_FIN_SERVICE,2025-01-23,2025-01-24,BEAR,0.9999988181772004,0.11135355916410705,0.3187972620155806,0.5698491788203124,BEAR,0.5698491788203124,BEAR,True,0.5698491788203124,0.3,2,44.69095072921875
NIFTY_IT,2025-01-23,2025-01-24,SIDE,0.9992495601420681,0.1637333859049091,0.6688800801669276,0.1673865339281632,SIDE,0.6688800801669276,SIDE,True,0.6688800801669276,0.7,4,63.63280481001566
NIFTY_PHARMA,2025-01-23,2025-01-24,BEAR,0.9674055553434082,0.12813521268856545,0.37815548570642765,0.4937093016050068,BEAR,0.4937093016050068,BEAR,True,0.4937093016050068,1.0,19,69.62255809630041
SENSEX,2025-01-23,2025-01-24,BEAR,0.9999562301361482,0.12447300801731281,0.3278904340364133,0.5476365579462737,BEAR,0.5476365579462737,BEAR,True,0.5476365579462737,0.7,6,59.35819347677642
INDIA_VIX,2025-01-24,2025-01-27,SIDE,0.9997326719656234,0.25950642504162585,0.46967453734496123,0.2708190376134129,SIDE,0.46967453734496123,BULL,False,0.46967453734496123,1.0,12,68.18047224069768
NIFTY_50,2025-01-24,2025-01-27,BEAR,0.9999952125732069,0.1304365702654651,0.27595759012686866,0.5936058396076663,BEAR,0.5936058396076663,BEAR,True,0.5936058396076663,0.8,8,67.61635037645998
NIFTY_AUTO,2025-01-24,2025-01-27,BEAR,0.9999999707911402,0.09752829023239379,0.25689339003756534,0.6455783197300408,BEAR,0.6455783197300408,BEAR,True,0.6455783197300408,0.9,9,74.73469918380245
NIFTY_BANK,2025-01-24,2025-01-27,BEAR,0.9999993184067044,0.10893811553760804,0.31188184576747663,0.5791800386949153,BEAR,0.5791800386949153,BEAR,True,0.5791800386949153,0.9,4,63.25080232169491
NIFTY_FIN_SERVICE,2025-01-24,2025-01-27,BEAR,0.999999914723779,0.11135357174737187,0.3187968006602823,0.5698496275923459,BEAR,0.5698496275923459,BEAR,True,0.5698496275923459,0.7,1,53.19097765554076
NIFTY_IT,2025-01-24,2025-01-27,SIDE,0.9996152018050736,0.16405739100624006,0.6691461699191062,0.16679643907465375,SIDE,0.6691461699191062,BEAR,False,0.6691461699191062,0.7,5,65.14877019514637
NIFTY_PHARMA,2025-01-24,2025-01-27,BEAR,0.9999999623713549,0.12854032400274232,0.36800113426577413,0.5034585417314835,BEAR,0.5034585417314835,BEAR,True,0.5034585417314835,0.1,1,34.20751250388901
SENSEX,2025-01-24,2025-01-27,BEAR,0.9999985200144289,0.1244750443030718,0.32787299169907463,0.5476519639978537,BEAR,0.5476519639978537,BEAR,True,0.5476519639978537,0.7,7,60.85911783987121
INDIA_VIX,2025-01-27,2025-01-28,BULL,0.6250344437070231,0.4836475920418988,0.33377614878028594,0.18257625917781523,BULL,0.4836475920418988,BULL,True,0.4836475920418988,1.0,13,69.01885552251393
NIFTY_50,2025-01-27,2025-01-28,BEAR,0.9999999998683682,0.13043688294997116,0.27595498589742135,0.5936081311526075,BEAR,0.5936081311526075,BEAR,True,0.5936081311526075,0.9,9,71.61648786915646
NIFTY_AUTO,2025-01-27,2025-01-28,BEAR,0.9999999994429767,0.09752828870351526,0.256893373432493,0.6455783378639917,BEAR,0.6455783378639917,BEAR,True,0.6455783378639917,1.0,10,78.7347002718395
NIFTY_BANK,2025-01-27,2025-01-28,BEAR,0.9999999691497407,0.10893813043763947,0.31188155517509913,0.5791803143872614,BEAR,0.5791803143872614,BEAR,True,0.5791803143872614,0.9,5,64.75081886323568
NIFTY_FIN_SERVICE,2025-01-27,2025-01-28,BEAR,0.9999999966667212,0.11135357241103036,0.318796766360173,0.5698496612287967,BEAR,0.5698496612287967,BEAR,True,0.5698496612287967,0.7,2,54.6909796737278
NIFTY_IT,2025-01-27,2025-01-28,BEAR,0.6695363991468736,0.09897748447821336,0.4067579430669573,0.4942645724548293,BEAR,0.4942645724548293,BEAR,True,0.4942645724548293,0.7,6,56.15587434728976
NIFTY_PHARMA,2025-01-27,2025-01-28,BEAR,1.0,0.1285403245015939,0.3680011224396512,0.503458553058755,BEAR,0.503458553058755,BEAR,True,0.503458553058755,0.2,2,38.2075131835253
SENSEX,2025-01-27,2025-01-28,BEAR,0.999999999951326,0.12447511538676441,0.3278723814106084,0.5476525032026272,BEAR,0.5476525032026272,BEAR,True,0.5476525032026272,0.8,8,64.85915019215763
INDIA_VIX,2025-01-28,2025-01-29,BULL,0.9667649849677781,0.6343040787248395,0.24790603156328506,0.1177898897118754,BULL,0.6343040787248395,BULL,True,0.6343040787248395,1.0,14,78.05824472349038
NIFTY_50,2025-01-28,2025-01-29,BEAR,0.9999996561860433,0.13043686051702127,0.2759551728465208,0.5936079666364579,BEAR,0.5936079666364579,BEAR,True,0.5936079666364579,1.0,10,75.61647799818748
NIFTY_AUTO,2025-01-28,2025-01-29,BEAR,0.9999967461132226,0.0975284623033161,0.25689525887972237,0.6455762788169616,BEAR,0.6455762788169616,BEAR,True,0.6455762788169616,1.0,11,78.7345767290177
NIFTY_BANK,2025-01-28,2025-01-29,BEAR,0.9997782219872084,0.10893306930489786,0.31198055318210743,0.5790863775129947,BEAR,0.5790863775129947,BEAR,True,0.5790863775129947,0.2,1,41.24518265077968
NIFTY_FIN_SERVICE,2025-01-28,2025-01-29,BEAR,0.9998470613206103,0.11135850884562175,0.31885684527279273,0.5697846458815855,BEAR,0.5697846458815855,BEAR,True,0.5697846458815855,0.4,1,45.687078752895125
NIFTY_IT,2025-01-28,2025-01-29,BEAR,0.9860666009622411,0.0682921289074347,0.2840189080623324,0.6476889630302328,BEAR,0.6476889630302328,SIDE,False,0.6476889630302328,0.8,7,69.36133778181397
NIFTY_PHARMA,2025-01-28,2025-01-29,BEAR,1.0,0.1285403245015939,0.36800112243965105,0.5034585530587551,BEAR,0.5034585530587551,BEAR,True,0.5034585530587551,0.3,3,42.2075131835253
SENSEX,2025-01-28,2025-01-29,BEAR,0.9999991436756293,0.12447507473079666,0.3278727341972638,0.5476521910719394,BEAR,0.5476521910719394,BEAR,True,0.5476521910719394,0.9,9,68.85913146431636
INDIA_VIX,2025-01-29,2025-01-30,BULL,0.999629144403331,0.6539667055855177,0.23738952834055788,0.10864376607392444,BULL,0.6539667055855177,SIDE,False,0.6539667055855177,1.0,15,79.23800233513106
NIFTY_50,2025-01-29,2025-01-30,BEAR,0.9989561660694527,0.13036884201475732,0.2765221955690789,0.5931089624161637,BEAR,0.5931089624161637,BEAR,True,0.5931089624161637,1.0,11,75.58653774496983
NIFTY_AUTO,2025-01-29,2025-01-30,BEAR,0.9958968631341809,0.09774762436539472,0.2592574917005662,0.642994883934039,BEAR,0.642994883934039,BEAR,True,0.642994883934039,1.0,12,78.57969303604234
NIFTY_BANK,2025-01-29,2025-01-30,BEAR,0.9870729547242819,0.10865164441616258,0.3176016118303583,0.5737467437534791,BEAR,0.5737467437534791,BEAR,True,0.5737467437534791,0.3,2,44.92480462520875
NIFTY_FIN_SERVICE,2025-01-29,2025-01-30,BEAR,0.922872851440261,0.11377777679032994,0.3478666103535794,0.5383556128560908,BEAR,0.5383556128560908,SIDE,False,0.5383556128560908,0.5,2,47.80133677136544
NIFTY_IT,2025-01-29,2025-01-30,SIDE,0.9445625432666563,0.15503892596891944,0.6340549166727109,0.21090615735836957,SIDE,0.6340549166727109,SIDE,True,0.6340549166727109,0.8,8,70.04329500036265
NIFTY_PHARMA,2025-01-29,2025-01-30,BEAR,0.9999999999999485,0.12854032450159322,0.36800112243966726,0.5034585530587395,BEAR,0.5034585530587395,BEAR,True,0.5034585530587395,0.4,4,46.20751318352437
SENSEX,2025-01-29,2025-01-30,BEAR,0.9970558872637308,0.12433409366760935,0.32908457955868026,0.5465813267737104,BEAR,0.5465813267737104,BEAR,True,0.5465813267737104,1.0,10,72.79487960642263
INDIA_VIX,2025-01-30,2025-01-31,SIDE,0.5681897743878431,0.41576914248302227,0.3742699261866161,0.20996093133036164,BULL,0.41576914248302227,SIDE,False,0.3742699261866161,1.0,16,62.45619557119697
NIFTY_50,2025-01-30,2025-01-31,BEAR,0.9544785721556749,0.12765735119758076,0.29967877730989895,0.5726638714925204,BEAR,0.5726638714925204,SIDE,False,0.5726638714925204,1.0,12,74.35983228955122
NIFTY_AUTO,2025-01-30,2025-01-31,BEAR,0.9922849846376128,0.09794132141632962,0.26131614378229334,0.640742534801377,BEAR,0.640742534801377,SIDE,False,0.640742534801377,0.1,1,42.444552088082624
NIFTY_BANK,2025-01-30,2025-01-31,BEAR,0.9298147108324252,0.10756925807614487,0.3418427332215944,0.5505880087022608,BEAR,0.5505880087022608,BEAR,True,0.5505880087022608,0.4,3,47.53528052213564
NIFTY_FIN_SERVICE,2025-01-30,2025-01-31,SIDE,0.6782782310934886,0.13036506347225935,0.5602237944506598,0.30941114207708076,SIDE,0.5602237944506598,SIDE,True,0.5602237944506598,0.6,3,53.113427667039595
NIFTY_IT,2025-01-30,2025-01-31,SIDE,0.9880986193324456,0.1616494416922153,0.6609983141438333,0.17735224416395146,SIDE,0.6609983141438333,SIDE,True,0.6609983141438333,0.9,9,75.65989884863
NIFTY_PHARMA,2025-01-30,2025-01-31,BEAR,0.9999999979433898,0.12854032447432892,0.368001123086013,0.503458552439658,BEAR,0.503458552439658,BEAR,True,0.503458552439658,0.5,5,50.207513146379476
SENSEX,2025-01-30,2025-01-31,BEAR,0.9221816268771704,0.12098081658148087,0.35881803616503766,0.5202011472534814,BEAR,0.5202011472534814,SIDE,False,0.5202011472534814,1.0,11,71.21206883520888
INDIA_VIX,2025-01-31,2025-02-01,SIDE,0.9956067021878063,0.2612446961975919,0.4685974461400856,0.27015785766232253,SIDE,0.4685974461400856,BEAR,False,0.4685974461400856,1.0,17,68.11584676840513
NIFTY_50,2025-01-31,2025-02-01,SIDE,0.8872912710464224,0.11017209671031836,0.6811739714763579,0.20865393181332378,SIDE,0.6811739714763579,SIDE,True,0.6811739714763579,1.0,13,80.87043828858148
NIFTY_AUTO,2025-01-31,2025-02-01,SIDE,0.6137898281827767,0.13464565574989013,0.5027229196911662,0.3626314245589436,SIDE,0.5027229196911662,SIDE,True,0.5027229196911662,0.9,1,54.16337518146997
NIFTY_BANK,2025-01-31,2025-02-01,BEAR,0.6236735772436919,0.10560720849189033,0.455461693482206,0.4389310980259037,SIDE,0.455461693482206,SIDE,True,0.4389310980259037,0.5,4,44.83586588155422
NIFTY_FIN_SERVICE,2025-01-31,2025-02-01,SIDE,0.9556976243802344,0.16683237445684806,0.7135488137228354,0.1196188118203165,SIDE,0.7135488137228354,SIDE,True,0.7135488137228354,0.7,4,66.31292882337011
NIFTY_IT,2025-01-31,2025-02-01,SIDE,0.9991893202587367,0.16357979984962326,0.6688372774104135,0.16758292273996317,SIDE,0.6688372774104135,SIDE,True,0.6688372774104135,1.0,10,80.1302366446248
NIFTY_PHARMA,2025-01-31,2025-02-01,BEAR,0.9999999889086082,0.12854032435455276,0.36800112592551043,0.5034585497199368,BEAR,0.5034585497199368,BEAR,True,0.5034585497199368,0.6,6,54.2075129831962
SENSEX,2025-01-31,2025-02-01,SIDE,0.980335516962689,0.10926203719657537,0.7682479080282868,0.12249005477513787,SIDE,0.7682479080282868,SIDE,True,0.7682479080282868,1.0,12,86.0948744816972
INDIA_VIX,2025-02-01,2025-02-03,BEAR,0.9575557677140646,0.1396870925967681,0.22973597932288145,0.6305769280803505,BEAR,0.6305769280803505,BEAR,True,0.6305769280803505,0.1,1,41.83461568482103
NIFTY_50,2025-02-01,2025-02-03,SIDE,0.9978441658315943,0.11678070718096543,0.7987721207367036,0.0844471720823311,SIDE,0.7987721207367036,SIDE,True,0.7987721207367036,1.0,14,87.92632724420221
NIFTY_AUTO,2025-02-01,2025-02-03,SIDE,0.9974057571094201,0.1819354284957357,0.7115347992848037,0.10652977221946061,SIDE,0.7115347992848037,SIDE,True,0.7115347992848037,0.9,2,68.19208795708822
NIFTY_BANK,2025-02-01,2025-02-03,SIDE,0.8246845269597045,0.11252803296382083,0.6345444068285281,0.2529275602076511,SIDE,0.6345444068285281,SIDE,True,0.6345444068285281,0.5,5,58.072664409711685
NIFTY_FIN_SERVICE,2025-02-01,2025-02-03,SIDE,0.9927321425328631,0.1425556955391052,0.7498446538920366,0.10759965056885826,SIDE,0.7498446538920366,SIDE,True,0.7498446538920366,0.7,5,69.99067923352219
NIFTY_IT,2025-02-01,2025-02-03,SIDE,0.908343241333119,0.15030918557429002,0.6148144241813879,0.23487639024432214,SIDE,0.6148144241813879,SIDE,True,0.6148144241813879,1.0,11,76.88886545088329
NIFTY_PHARMA,2025-02-01,2025-02-03,BEAR,0.9999999988944817,0.1285403244869378,0.36800112278709896,0.5034585527259633,BEAR,0.5034585527259633,BEAR,True,0.5034585527259633,0.7,7,58.2075131635578
SENSEX,2025-02-01,2025-02-03,SIDE,0.9992344175470346,0.10933036084107414,0.7934917969528814,0.09717784220604454,SIDE,0.7934917969528814,SIDE,True,0.7934917969528814,1.0,13,87.60950781717288
INDIA_VIX,2025-02-03,2025-02-04,BEAR,0.9996445778385816,0.0919475068540338,0.2355472058118703,0.6725052873340959,BEAR,0.6725052873340959,BEAR,True,0.6725052873340959,0.1,1,44.350317240045754
NIFTY_50,2025-02-03,2025-02-04,SIDE,0.9926844848199732,0.11556944102536505,0.7892732044155232,0.09515735455911178,SIDE,0.7892732044155232,SIDE,True,0.7892732044155232,1.0,15,87.35639226493139
NIFTY_AUTO,2025-02-03,2025-02-04,SIDE,0.9988122401276474,0.1822554788690096,0.7132862015477962,0.10445831958319417,SIDE,0.7132862015477962,SIDE,True,0.7132862015477962,0.9,3,69.79717209286778
NIFTY_BANK,2025-02-03,2025-02-04,SIDE,0.837977816690717,0.1130131555432651,0.6416011665160415,0.24538567794069321,SIDE,0.6416011665160415,SIDE,True,0.6416011665160415,0.6,6,62.49606999096249
NIFTY_FIN_SERVICE,2025-02-03,2025-02-04,SIDE,0.9955668811770828,0.1390028813064455,0.7527250553284595,0.10827206336509507,SIDE,0.7527250553284595,BULL,False,0.7527250553284595,0.8,6,74.16350331970757
NIFTY_IT,2025-02-03,2025-02-04,SIDE,0.9892904649616112,0.16185150806121582,0.6618172894341613,0.17633120250462292,SIDE,0.6618172894341613,SIDE,True,0.6618172894341613,1.0,12,79.70903736604967
NIFTY_PHARMA,2025-02-03,2025-02-04,BEAR,0.9999999883802458,0.12854032434754814,0.3680011260915668,0.503458549560885,BEAR,0.503458549560885,BEAR,True,0.503458549560885,0.8,8,62.2075129736531
SENSEX,2025-02-03,2025-02-04,SIDE,0.9983207453927121,0.10853283865410296,0.7920734465282928,0.09939371481760427,SIDE,0.7920734465282928,BULL,False,0.7920734465282928,1.0,14,87.52440679169756
INDIA_VIX,2025-02-04,2025-02-05,BEAR,0.9999767864667242,0.09178732296749183,0.2354566045403091,0.6727560724921992,BEAR,0.6727560724921992,BEAR,True,0.6727560724921992,0.2,2,48.365364349531944
NIFTY_50,2025-02-04,2025-02-05,SIDE,0.8979098744417998,0.2119223306358763,0.7087045362515624,0.0793731331125613,SIDE,0.7087045362515624,SIDE,True,0.7087045362515624,1.0,16,82.52227217509375
NIFTY_AUTO,2025-02-04,2025-02-05,SIDE,0.93950112350101,0.2271358982268374,0.6735949874694384,0.09926911430372433,SIDE,0.6735949874694384,SIDE,True,0.6735949874694384,0.9,4,68.91569924816629
NIFTY_BANK,2025-02-04,2025-02-05,SIDE,0.8847446587126543,0.18681846586208775,0.6571911280253042,0.15599040611260812,SIDE,0.6571911280253042,SIDE,True,0.6571911280253042,0.7,7,67.43146768151824
NIFTY_FIN_SERVICE,2025-02-04,2025-02-05,BULL,0.9998624663508434,0.5998733231125055,0.3173174076637556,0.08280926922373891,BULL,0.5998733231125055,BULL,True,0.5998733231125055,0.8,7,66.49239938675034
NIFTY_IT,2025-02-04,2025-02-05,SIDE,0.9998029122109058,0.16375556251498258,0.6692856557405389,0.16695878174447853,SIDE,0.6692856557405389,SIDE,True,0.6692856557405389,1.0,13,80.15713934443232
NIFTY_PHARMA,2025-02-04,2025-02-05,BEAR,0.9989797887230405,0.12852682626842843,0.3683216671060227,0.5031515066255489,BEAR,0.5031515066255489,BEAR,True,0.5031515066255489,0.9,9,66.18909039753294
SENSEX,2025-02-04,2025-02-05,BULL,0.6372419631815383,0.43932432489226203,0.464698900720955,0.09597677438678302,SIDE,0.464698900720955,SIDE,True,0.43932432489226203,1.0,15,66.35945949353572
INDIA_VIX,2025-02-05,2025-02-06,BEAR,0.9999498088059856,0.09179709278011017,0.23546558090624184,0.6727373263136479,BEAR,0.6727373263136479,BEAR,True,0.6727373263136479,0.3,3,52.364239578818875
NIFTY_50,2025-02-05,2025-02-06,SIDE,0.9609285183986113,0.16150156419296108,0.7592100438976083,0.07928839190943064,SIDE,0.7592100438976083,SIDE,True,0.7592100438976083,1.0,17,85.5526026338565
NIFTY_AUTO,2025-02-05,2025-02-06,SIDE,0.9468148482204132,0.22216996071400572,0.677999341298909,0.0998306979870853,SIDE,0.677999341298909,SIDE,True,0.677999341298909,0.9,5,70.67996047793453
NIFTY_BANK,2025-02-05,2025-02-06,SIDE,0.8275502508975977,0.26795895963856164,0.6345873230655521,0.09745371729588612,SIDE,0.6345873230655521,SIDE,True,0.6345873230655521,0.8,8,70.07523938393312
NIFTY_FIN_SERVICE,2025-02-05,2025-02-06,BULL,0.9999876504256012,0.5999301548797231,0.31726238125059825,0.08280746386967863,BULL,0.5999301548797231,BULL,True,0.5999301548797231,0.8,8,67.99580929278338
NIFTY_IT,2025-02-05,2025-02-06,SIDE,0.9998435160399542,0.16375995327993492,0.669315442492769,0.166924604227296,SIDE,0.669315442492769,SIDE,True,0.669315442492769,1.0,14,80.15892654956615
NIFTY_PHARMA,2025-02-05,2025-02-06,BEAR,0.9449906413469111,0.1278870275918715,0.385044056167678,0.4870689162404504,BEAR,0.4870689162404504,SIDE,False,0.4870689162404504,0.1,1,33.22413497442703
SENSEX,2025-02-05,2025-02-06,SIDE,0.5908930300428115,0.3584504274730003,0.5492817512061133,0.09226782132088626,SIDE,0.5492817512061133,SIDE,True,0.5492817512061133,1.0,16,72.9569050723668
INDIA_VIX,2025-02-06,2025-02-07,BEAR,0.9998691985433993,0.09182582486292487,0.2354926250223107,0.6726815501147645,BEAR,0.6726815501147645,BEAR,True,0.6726815501147645,0.2,1,46.86089300688587
NIFTY_50,2025-02-06,2025-02-07,SIDE,0.9975115561604512,0.11990897085907895,0.7994276992413858,0.08066332989953515,SIDE,0.7994276992413858,SIDE,True,0.7994276992413858,1.0,18,87.96566195448315
NIFTY_AUTO,2025-02-06,2025-02-07,SIDE,0.9995961068100369,0.18153170475080727,0.7138680951031097,0.10460020014608307,SIDE,0.7138680951031097,SIDE,True,0.7138680951031097,0.9,6,74.33208570618658
NIFTY_BANK,2025-02-06,2025-02-07,SIDE,0.8171869975373196,0.275536570638714,0.6299732840696626,0.09449014529162339,SIDE,0.6299732840696626,SIDE,True,0.6299732840696626,0.9,9,73.79839704417975
NIFTY_FIN_SERVICE,2025-02-06,2025-02-07,BULL,0.9999305686804238,0.5999047527823668,0.3172881417890595,0.08280710542857375,BULL,0.5999047527823668,BULL,True,0.5999047527823668,0.9,9,71.994285166942
NIFTY_IT,2025-02-06,2025-02-07,SIDE,0.9997173792758037,0.16394620208201796,0.6692217536993477,0.16683204421863432,SIDE,0.6692217536993477,SIDE,True,0.6692217536993477,1.0,15,80.15330522196086
NIFTY_PHARMA,2025-02-06,2025-02-07,SIDE,0.7153204600609369,0.13111300117800062,0.5902399464527679,0.2786470523692315,SIDE,0.5902399464527679,SIDE,True,0.5902399464527679,0.2,2,43.414396787166076
SENSEX,2025-02-06,2025-02-07,SIDE,0.9409012676810317,0.1745817728952622,0.7320413096637065,0.09337691744103134,SIDE,0.7320413096637065,SIDE,True,0.7320413096637065,1.0,17,83.9224785798224
INDIA_VIX,2025-02-07,2025-02-10,BEAR,0.9999949889367706,0.09177997229098914,0.23545092489215913,0.6727691028168518,BEAR,0.6727691028168518,BEAR,True,0.6727691028168518,0.3,2,50.8661461690111
NIFTY_50,2025-02-07,2025-02-10,SIDE,0.999298747601596,0.11742542171950486,0.8018011504913432,0.08077342778915195,SIDE,0.8018011504913432,SIDE,True,0.8018011504913432,1.0,19,88.10806902948059
NIFTY_AUTO,2025-02-07,2025-02-10,SIDE,0.9966711564923897,0.184125262145809,0.7116690326931255,0.10420570516106539,SIDE,0.7116690326931255,SIDE,True,0.7116690326931255,0.9,7,75.70014196158753
NIFTY_BANK,2025-02-07,2025-02-10,SIDE,0.9913116565637364,0.13697022191886615,0.7559103533403533,0.10711942474078069,SIDE,0.7559103533403533,SIDE,True,0.7559103533403533,1.0,10,85.35462120042119
NIFTY_FIN_SERVICE,2025-02-07,2025-02-10,BULL,0.9860354124822251,0.5937769717883095,0.3234958011421393,0.08272722706955116,BULL,0.5937769717883095,BULL,True,0.5937769717883095,1.0,10,75.62661830729857
NIFTY_IT,2025-02-07,2025-02-10,SIDE,0.9998232910206309,0.16382762220045555,0.6693001860878092,0.16687219171173515,SIDE,0.6693001860878092,SIDE,True,0.6693001860878092,1.0,16,80.15801116526855
NIFTY_PHARMA,2025-02-07,2025-02-10,SIDE,0.9938712120006067,0.14746798309889897,0.742973677450408,0.109558339450693,SIDE,0.742973677450408,BEAR,False,0.742973677450408,0.3,3,56.57842064702449
SENSEX,2025-02-07,2025-02-10,SIDE,0.9976215756058416,0.11197302551266579,0.791269260828398,0.09675771365893632,SIDE,0.791269260828398,SIDE,True,0.791269260828398,1.0,18,87.47615564970388
INDIA_VIX,2025-02-10,2025-02-11,BEAR,0.9906470266872762,0.0950005486589382,0.23857782375288988,0.6664216275881719,BEAR,0.6664216275881719,BEAR,True,0.6664216275881719,0.4,3,54.485297655290324
NIFTY_50,2025-02-10,2025-02-11,SIDE,0.9929681186427547,0.11558241913968326,0.7897527936415796,0.09466478721873724,SIDE,0.7897527936415796,BEAR,False,0.7897527936415796,1.0,20,87.38516761849478
NIFTY_AUTO,2025-02-10,2025-02-11,SIDE,0.9997078686096896,0.18117513862581425,0.713839187232919,0.10498567414126692,SIDE,0.713839187232919,BEAR,False,0.713839187232919,0.9,8,77.33035123397514
NIFTY_BANK,2025-02-10,2025-02-11,SIDE,0.9993491094102235,0.1261512740188919,0.7656285486672388,0.10822017731386936,SIDE,0.7656285486672388,SIDE,True,0.7656285486672388,1.0,11,85.93771292003433
NIFTY_FIN_SERVICE,2025-02-10,2025-02-11,BULL,0.5126787477607008,0.413657491811492,0.5005904096749415,0.08575209851356651,SIDE,0.5005904096749415,SIDE,True,0.413657491811492,1.0,11,64.81944950868952
NIFTY_IT,2025-02-10,2025-02-11,SIDE,0.9996665046108438,0.16367246644074754,0.6691861125304628,0.1671414210287896,SIDE,0.6691861125304628,SIDE,True,0.6691861125304628,1.0,17,80.15116675182777
NIFTY_PHARMA,2025-02-10,2025-02-11,BEAR,0.9851423863632656,0.12834902113781227,0.37265147060201326,0.49899950826017436,BEAR,0.49899950826017436,BEAR,True,0.49899950826017436,0.4,4,45.93997049561047
SENSEX,2025-02-10,2025-02-11,SIDE,0.9984158478361418,0.10843779912818946,0.7922100273226472,0.09935217354916326,SIDE,0.7922100273226472,BEAR,False,0.7922100273226472,1.0,19,87.53260163935883
INDIA_VIX,2025-02-11,2025-02-12,BEAR,0.7798228102561746,0.14587820695140216,0.2981683899900093,0.5559534030585885,BEAR,0.5559534030585885,BEAR,True,0.5559534030585885,0.4,1,44.85720418351531
NIFTY_50,2025-02-11,2025-02-12,BEAR,0.9812395929966926,0.12924577649620422,0.2859730173605353,0.5847812061432606,BEAR,0.5847812061432606,BEAR,True,0.5847812061432606,1.0,21,75.08687236859564
NIFTY_AUTO,2025-02-11,2025-02-12,BEAR,0.6088929408470567,0.11995582671238829,0.4230965793621926,0.45694759392541917,BEAR,0.45694759392541917,BEAR,True,0.45694759392541917,0.9,9,63.41685563552515
NIFTY_BANK,2025-02-11,2025-02-12,SIDE,0.98619754188394,0.12375418400581627,0.7496036987453052,0.12664211724887864,SIDE,0.7496036987453052,SIDE,True,0.7496036987453052,1.0,12,84.9762219247183
NIFTY_FIN_SERVICE,2025-02-11,2025-02-12,SIDE,0.9533874785794537,0.13282325523054456,0.7103106846632118,0.15686606010624365,SIDE,0.7103106846632118,SIDE,True,0.7103106846632118,1.0,12,82.61864107979271
NIFTY_IT,2025-02-11,2025-02-12,SIDE,0.9592040480997037,0.1571220407994127,0.6425545276563102,0.20032343154427726,SIDE,0.6425545276563102,SIDE,True,0.6425545276563102,1.0,18,78.55327165937861
NIFTY_PHARMA,2025-02-11,2025-02-12,BEAR,0.9999999982206311,0.1285403244780044,0.3680011229988802,0.5034585525231154,BEAR,0.5034585525231154,BEAR,True,0.5034585525231154,0.5,5,50.20751315138693
SENSEX,2025-02-11,2025-02-12,BEAR,0.9616393652901063,0.12268661895497034,0.3433983324980919,0.5339150485469377,BEAR,0.5339150485469377,BEAR,True,0.5339150485469377,1.0,20,72.03490291281625
INDIA_VIX,2025-02-12,2025-02-13,BEAR,0.5349827499359351,0.18529577267039357,0.3533522919501856,0.4613519353794208,BEAR,0.4613519353794208,SIDE,False,0.4613519353794208,0.5,2,43.18111612276525
NIFTY_50,2025-02-12,2025-02-13,BEAR,0.9996098475133587,0.1304114132882608,0.2761671415691031,0.5934214451426362,BEAR,0.5934214451426362,BEAR,True,0.5934214451426362,1.0,22,75.60528670855817
NIFTY_AUTO,2025-02-12,2025-02-13,BEAR,0.9946045917583817,0.09781686085188616,0.25999641896932185,0.6421867201787919,BEAR,0.6421867201787919,BEAR,True,0.6421867201787919,1.0,10,78.53120321072751
NIFTY_BANK,2025-02-12,2025-02-13,SIDE,0.9969397842602513,0.12533078121117278,0.7624710613730264,0.1121981574158008,SIDE,0.7624710613730264,SIDE,True,0.7624710613730264,1.0,13,85.74826368238159
NIFTY_FIN_SERVICE,2025-02-12,2025-02-13,SIDE,0.9982477419101964,0.13645498261049838,0.7556555239005296,0.10788949348897195,SIDE,0.7556555239005296,SIDE,True,0.7556555239005296,1.0,13,85.33933143403178
NIFTY_IT,2025-02-12,2025-02-13,SIDE,0.7643013567748417,0.13505773326943418,0.5527960579023431,0.3121462088282228,SIDE,0.5527960579023431,BEAR,False,0.5527960579023431,1.0,19,73.16776347414059
NIFTY_PHARMA,2025-02-12,2025-02-13,BEAR,0.9999999994715023,0.1285403244945875,0.36800112260575,0.5034585528996625,BEAR,0.5034585528996625,BEAR,True,0.5034585528996625,0.6,6,54.207513173979734
SENSEX,2025-02-12,2025-02-13,BEAR,0.9993755812221643,0.12444501217553253,0.32812987840186536,0.547425109422602,BEAR,0.547425109422602,BEAR,True,0.547425109422602,1.0,21,72.84550656535612
INDIA_VIX,2025-02-13,2025-02-14,SIDE,0.8293811317037397,0.23484400230873526,0.42974181024354374,0.33541418744772117,SIDE,0.42974181024354374,SIDE,True,0.42974181024354374,0.5,1,39.784508614612626
NIFTY_50,2025-02-13,2025-02-14,BEAR,0.9996751454387263,0.13041567398325676,0.27613164582318434,0.593452680193559,BEAR,0.593452680193559,BEAR,True,0.593452680193559,1.0,23,75.60716081161355
NIFTY_AUTO,2025-02-13,2025-02-14,BEAR,0.9997052178127988,0.09754402047132434,0.2570641409001413,0.6453918386285343,BEAR,0.6453918386285343,BEAR,True,0.6453918386285343,1.0,11,78.72351031771207
NIFTY_BANK,2025-02-13,2025-02-14,SIDE,0.9964048548202066,0.1252377366485786,0.7617879000458514,0.1129743633055701,SIDE,0.7617879000458514,SIDE,True,0.7617879000458514,1.0,14,85.70727400275108
NIFTY_FIN_SERVICE,2025-02-13,2025-02-14,SIDE,0.9995177254039063,0.13676985285929308,0.7572928996975625,0.10593724744314441,SIDE,0.7572928996975625,SIDE,True,0.7572928996975625,1.0,14,85.43757398185376
NIFTY_IT,2025-02-13,2025-02-14,BEAR,0.9813665685899738,0.06886672856001219,0.286294928258498,0.6448383431814898,BEAR,0.6448383431814898,BEAR,True,0.6448383431814898,1.0,20,78.69030059088938
NIFTY_PHARMA,2025-02-13,2025-02-14,BEAR,0.9999886174044441,0.12854017360325165,0.36800469980851924,0.5034551265882291,BEAR,0.5034551265882291,BEAR,True,0.5034551265882291,0.7,7,58.20730759529374
SENSEX,2025-02-13,2025-02-14,BEAR,0.9994837654025815,0.12445023028249359,0.32808527427932715,0.5474644954381791,BEAR,0.5474644954381791,BEAR,True,0.5474644954381791,1.0,22,72.84786972629075
INDIA_VIX,2025-02-14,2025-02-17,SIDE,0.9762610700482619,0.25579735965966893,0.4637701345172154,0.28043250582311574,SIDE,0.4637701345172154,SIDE,True,0.4637701345172154,0.5,2,43.32620807103292
NIFTY_50,2025-02-14,2025-02-17,BEAR,0.9999849878126598,0.13043590236364,0.2759631522434119,0.593600945392948,BEAR,0.593600945392948,BEAR,True,0.593600945392948,1.0,24,75.61605672357689
NIFTY_AUTO,2025-02-14,2025-02-17,BEAR,0.9999993813709044,0.0975283216842063,0.2568937316337119,0.6455779466820818,BEAR,0.6455779466820818,BEAR,True,0.6455779466820818,1.0,12,78.7346768009249
NIFTY_BANK,2025-02-14,2025-02-17,SIDE,0.9813180615181869,0.12311412663672812,0.7442595510057987,0.13262632235747307,SIDE,0.7442595510057987,SIDE,True,0.7442595510057987,1.0,15,84.65557306034792
NIFTY_FIN_SERVICE,2025-02-14,2025-02-17,SIDE,0.9995639448328346,0.1363809824062641,0.757290631879353,0.10632838571438301,SIDE,0.757290631879353,SIDE,True,0.757290631879353,1.0,15,85.43743791276118
NIFTY_IT,2025-02-14,2025-02-17,BEAR,0.9988735239476851,0.06669291793989755,0.27769068121498475,0.6556164008451176,BEAR,0.6556164008451176,BEAR,True,0.6556164008451176,1.0,21,79.33698405070706
NIFTY_PHARMA,2025-02-14,2025-02-17,BEAR,0.9999999999999911,0.12854032450159378,0.368001122439654,0.5034585530587522,BEAR,0.5034585530587522,BEAR,True,0.5034585530587522,0.3,1,39.20751318352514
SENSEX,2025-02-14,2025-02-17,BEAR,0.9999062059433341,0.1244705926842238,0.3279110699960488,0.5476183373197273,BEAR,0.5476183373197273,BEAR,True,0.5476183373197273,1.0,23,72.85710023918365
INDIA_VIX,2025-02-17,2025-02-18,SIDE,0.9999682870719326,0.2594053346853176,0.4697362546756743,0.2708584106390082,SIDE,0.4697362546756743,SIDE,True,0.4697362546756743,0.6,3,47.68417528054046
NIFTY_50,2025-02-17,2025-02-18,BEAR,0.9998747425781233,0.1304287025016331,0.27602311643165917,0.5935481810667077,BEAR,0.5935481810667077,BEAR,True,0.5935481810667077,1.0,25,75.61289086400245
NIFTY_AUTO,2025-02-17,2025-02-18,BEAR,0.9999998979275404,0.09752829412043772,0.2568934322654053,0.645578273614157,BEAR,0.645578273614157,BEAR,True,0.645578273614157,1.0,13,78.73469641684942
NIFTY_BANK,2025-02-17,2025-02-18,SIDE,0.9963326235947297,0.12522508299630328,0.7616960414884957,0.11307887551520111,SIDE,0.7616960414884957,SIDE,True,0.7616960414884957,1.0,16,85.70176248930974
NIFTY_FIN_SERVICE,2025-02-17,2025-02-18,SIDE,0.999827857939154,0.13651958994004573,0.7576453586662283,0.10583505139372593,SIDE,0.7576453586662283,SIDE,True,0.7576453586662283,1.0,16,85.45872151997371
NIFTY_IT,2025-02-17,2025-02-18,BEAR,0.9999261595593483,0.06655919051225814,0.27716194431332625,0.6562788651744156,BEAR,0.6562788651744156,BEAR,True,0.6562788651744156,1.0,22,79.37673191046494
NIFTY_PHARMA,2025-02-17,2025-02-18,BEAR,0.9999999931805457,0.1285403244111868,0.368001124582904,0.5034585510059091,BEAR,0.5034585510059091,BEAR,True,0.5034585510059091,0.8,1,51.70751306035455
SENSEX,2025-02-17,2025-02-18,BEAR,0.9995936590399294,0.12445551670762837,0.32803997043836236,0.5475045128540094,BEAR,0.5475045128540094,BEAR,True,0.5475045128540094,1.0,24,72.85027077124056
INDIA_VIX,2025-02-18,2025-02-19,SIDE,0.9999727261707454,0.25940075493581466,0.46973744789376465,0.27086179717042075,SIDE,0.46973744789376465,SIDE,True,0.46973744789376465,0.7,4,51.684246873625874
NIFTY_50,2025-02-18,2025-02-19,BEAR,0.9998790378147311,0.13042898275617548,0.2760207805865203,0.5935502366573042,BEAR,0.5935502366573042,BEAR,True,0.5935502366573042,1.0,26,75.61301419943825
NIFTY_AUTO,2025-02-18,2025-02-19,BEAR,0.9999999945411482,0.09752828896507967,0.2568933762733308,0.6455783347615895,BEAR,0.6455783347615895,BEAR,True,0.6455783347615895,1.0,14,78.73470008569538
NIFTY_BANK,2025-02-18,2025-02-19,SIDE,0.990125210732022,0.12429278499580394,0.7541159905540942,0.12159122445010188,SIDE,0.7541159905540942,SIDE,True,0.7541159905540942,1.0,17,85.24695943324565
NIFTY_FIN_SERVICE,2025-02-18,2025-02-19,SIDE,0.999870699780431,0.13648500455105675,0.7576941134250228,0.10582088202392066,SIDE,0.7576941134250228,SIDE,True,0.7576941134250228,1.0,17,85.46164680550137
NIFTY_IT,2025-02-18,2025-02-19,BEAR,0.9684714895438256,0.07041172015762293,0.2924204588376277,0.6371678210047492,BEAR,0.6371678210047492,BEAR,True,0.6371678210047492,1.0,23,78.23006926028496
NIFTY_PHARMA,2025-02-18,2025-02-19,BEAR,0.9999999994834974,0.12854032449474648,0.36800112260198015,0.5034585529032735,BEAR,0.5034585529032735,BEAR,True,0.5034585529032735,0.9,2,55.70751317419641
SENSEX,2025-02-18,2025-02-19,BEAR,0.9995568690608884,0.12445373794693683,0.3280551437554128,0.5474911182976504,BEAR,0.5474911182976504,BEAR,True,0.5474911182976504,1.0,25,72.84946709785903
INDIA_VIX,2025-02-19,2025-02-20,SIDE,0.999861829034309,0.25938598314290495,0.46970910059376986,0.2709049162633253,SIDE,0.46970910059376986,SIDE,True,0.46970910059376986,0.8,5,55.68254603562619
NIFTY_50,2025-02-19,2025-02-20,BEAR,0.9998723275415294,0.13042854451917904,0.27602443006462535,0.5935470254161955,BEAR,0.5935470254161955,BEAR,True,0.5935470254161955,1.0,27,75.61282152497174
NIFTY_AUTO,2025-02-19,2025-02-20,BEAR,0.9999999890451137,0.09752828925835128,0.2568933794585387,0.6455783312831102,BEAR,0.6455783312831102,BEAR,True,0.6455783312831102,1.0,15,78.73469987698661
NIFTY_BANK,2025-02-19,2025-02-20,SIDE,0.9995927228780187,0.12578684028788803,0.7659368866893117,0.10827627302280025,SIDE,0.7659368866893117,SIDE,True,0.7659368866893117,1.0,18,85.9562132013587
NIFTY_FIN_SERVICE,2025-02-19,2025-02-20,SIDE,0.9971209744595351,0.1397716834030205,0.7547791219332041,0.10544919466377535,SIDE,0.7547791219332041,SIDE,True,0.7547791219332041,1.0,18,85.28674731599224
NIFTY_IT,2025-02-19,2025-02-20,BEAR,0.9998382049219113,0.06657037807369699,0.2772061755096591,0.656223446416644,BEAR,0.656223446416644,BEAR,True,0.656223446416644,0.1,1,43.37340678499864
NIFTY_PHARMA,2025-02-19,2025-02-20,BEAR,0.9999999999856335,0.12854032450140343,0.36800112244416616,0.5034585530544304,BEAR,0.5034585530544304,BEAR,True,0.5034585530544304,0.2,1,36.707513183265824
SENSEX,2025-02-19,2025-02-20,BEAR,0.9995082218181919,0.1244513897114687,0.3280752040124111,0.5474734062761203,BEAR,0.5474734062761203,BEAR,True,0.5474734062761203,1.0,26,72.84840437656722
INDIA_VIX,2025-02-20,2025-02-21,SIDE,0.8097332563245878,0.23224892970974123,0.4254476768646223,0.3423033934256363,SIDE,0.4254476768646223,BEAR,False,0.4254476768646223,0.8,6,54.52686061187734
NIFTY_50,2025-02-20,2025-02-21,BEAR,0.9999055754595304,0.13043071561430455,0.2760063474751044,0.593562936910591,BEAR,0.593562936910591,BEAR,True,0.593562936910591,1.0,28,75.61377621463546
NIFTY_AUTO,2025-02-20,2025-02-21,BEAR,0.9999645243906452,0.09753018170248248,0.2569139318301084,0.645555886467409,BEAR,0.645555886467409,BEAR,True,0.645555886467409,1.0,16,78.73335318804455
NIFTY_BANK,2025-02-20,2025-02-21,SIDE,0.9990168088794866,0.12565965665971737,0.765172251307549,0.1091680920327336,SIDE,0.765172251307549,SIDE,True,0.765172251307549,1.0,19,85.91033507845293
NIFTY_FIN_SERVICE,2025-02-20,2025-02-21,SIDE,0.9998608026139955,0.13643581312832195,0.7576738628899925,0.10589032398168559,SIDE,0.7576738628899925,SIDE,True,0.7576738628899925,1.0,19,85.46043177339955
NIFTY_IT,2025-02-20,2025-02-21,BEAR,0.9998255422961092,0.06657198850645143,0.2772125425976289,0.6562154688959196,BEAR,0.6562154688959196,BEAR,True,0.6562154688959196,0.2,2,47.372928133755174
NIFTY_PHARMA,2025-02-20,2025-02-21,BEAR,0.9999999999818399,0.12854032450135316,0.3680011224453585,0.5034585530532882,BEAR,0.5034585530532882,BEAR,True,0.5034585530532882,0.3,2,40.7075131831973
SENSEX,2025-02-20,2025-02-21,BEAR,0.9999432609413542,0.12447237753853048,0.32789578707409484,0.5476318353873747,BEAR,0.5476318353873747,BEAR,True,0.5476318353873747,1.0,27,72.85791012324249
INDIA_VIX,2025-02-21,2025-02-24,BEAR,0.6874182859087485,0.16201096170904136,0.32005019354844844,0.5179388447425103,BEAR,0.5179388447425103,BEAR,True,0.5179388447425103,0.8,7,61.57633068455062
NIFTY_50,2025-02-21,2025-02-24,BEAR,0.9999988628599527,0.13043680867787072,0.27595560442356964,0.5936075868985596,BEAR,0.5936075868985596,BEAR,True,0.5936075868985596,1.0,29,75.61645521391358
NIFTY_AUTO,2025-02-21,2025-02-24,BEAR,0.9999999999977076,0.09752828867391453,0.2568933731110007,0.6455783382150847,BEAR,0.6455783382150847,BEAR,True,0.6455783382150847,1.0,17,78.73470029290509
NIFTY_BANK,2025-02-21,2025-02-24,SIDE,0.9809501752200799,0.12306766451383869,0.7438673129920231,0.13306502249413815,SIDE,0.7438673129920231,SIDE,True,0.7438673129920231,1.0,20,84.6320387795214
NIFTY_FIN_SERVICE,2025-02-21,2025-02-24,SIDE,0.9995271426696674,0.1363097249070833,0.7572334062550602,0.10645686883785646,SIDE,0.7572334062550602,SIDE,True,0.7572334062550602,1.0,20,85.4340043753036
NIFTY_IT,2025-02-21,2025-02-24,BEAR,0.9999939374378393,0.0665505676619079,0.27712785327816114,0.656321579059931,BEAR,0.656321579059931,BEAR,True,0.656321579059931,0.8,1,60.87929474359587
NIFTY_PHARMA,2025-02-21,2025-02-24,BEAR,1.0,0.1285403245015939,0.36800112243965105,0.5034585530587551,BEAR,0.5034585530587551,BEAR,True,0.5034585530587551,0.7,1,49.2075131835253
SENSEX,2025-02-21,2025-02-24,BEAR,0.9999996861008735,0.12447510028130765,0.327872510855457,0.5476523888632353,BEAR,0.5476523888632353,BEAR,True,0.5476523888632353,1.0,28,72.85914333179412
INDIA_VIX,2025-02-24,2025-02-25,BEAR,0.9482633459012417,0.10790386707218506,0.2521686247670532,0.6399275081607618,BEAR,0.6399275081607618,BEAR,True,0.6399275081607618,0.8,8,70.39565048964572
NIFTY_50,2025-02-24,2025-02-25,BEAR,0.9999999999725309,0.1304368829567646,0.275954985840765,0.5936081312024705,BEAR,0.5936081312024705,BEAR,True,0.5936081312024705,1.0,30,75.61648787214823
NIFTY_AUTO,2025-02-24,2025-02-25,BEAR,0.9999999996985893,0.09752828868987563,0.2568933732843536,0.6455783380257708,BEAR,0.6455783380257708,BEAR,True,0.6455783380257708,1.0,18,78.73470028154624
NIFTY_BANK,2025-02-24,2025-02-25,SIDE,0.6857309572406921,0.10843813910943063,0.5708088226495317,0.32075303824103774,SIDE,0.5708088226495317,BEAR,False,0.5708088226495317,1.0,21,74.24852935897191
NIFTY_FIN_SERVICE,2025-02-24,2025-02-25,SIDE,0.9703538459355133,0.13192271536281197,0.7255595311647597,0.1425177534724285,SIDE,0.7255595311647597,SIDE,True,0.7255595311647597,1.0,21,83.53357186988558
NIFTY_IT,2025-02-24,2025-02-25,BEAR,0.999999999998328,0.06654979629687603,0.2771248036470488,0.6563254000560752,BEAR,0.6563254000560752,BEAR,True,0.6563254000560752,0.3,1,48.379524003364516
NIFTY_PHARMA,2025-02-24,2025-02-25,BEAR,1.0,0.12854032450159392,0.3680011224396511,0.5034585530587551,BEAR,0.5034585530587551,BEAR,True,0.5034585530587551,0.7,2,50.7075131835253
SENSEX,2025-02-24,2025-02-25,BEAR,0.9999999999975397,0.1244751153886924,0.32787238139174857,0.547652503219559,BEAR,0.547652503219559,BEAR,True,0.547652503219559,1.0,29,72.85915019317353
INDIA_VIX,2025-02-25,2025-02-27,BEAR,0.9999603772106979,0.09179120955230415,0.23546308769513524,0.6727457027525606,BEAR,0.6727457027525606,BEAR,True,0.6727457027525606,0.9,9,76.36474216515364
NIFTY_50,2025-02-25,2025-02-27,BEAR,0.9999999998593978,0.13043688294938965,0.27595498590229794,0.5936081311483125,BEAR,0.5936081311483125,BEAR,True,0.5936081311483125,1.0,31,75.61648786889876
NIFTY_AUTO,2025-02-25,2025-02-27,BEAR,0.9999999686668076,0.09752829034574945,0.2568933912687149,0.6455783183855357,BEAR,0.6455783183855357,BEAR,True,0.6455783183855357,1.0,19,78.73469910313214
NIFTY_BANK,2025-02-25,2025-02-27,BEAR,0.7365053981864302,0.10557762633064417,0.4154033070018089,0.47901906666754684,BEAR,0.47901906666754684,BEAR,True,0.47901906666754684,1.0,22,68.74114400005281
NIFTY_FIN_SERVICE,2025-02-25,2025-02-27,SIDE,0.9940600057064506,0.13533362973348645,0.7504612901152781,0.11420508015123546,SIDE,0.7504612901152781,SIDE,True,0.7504612901152781,1.0,22,85.0276774069167
NIFTY_IT,2025-02-25,2025-02-27,BEAR,0.9999999999997629,0.06654979629669344,0.2771248036463269,0.6563254000569796,BEAR,0.6563254000569796,BEAR,True,0.6563254000569796,0.4,2,52.37952400341877
NIFTY_PHARMA,2025-02-25,2025-02-27,BEAR,1.0,0.1285403245015939,0.36800112243965105,0.5034585530587551,BEAR,0.5034585530587551,BEAR,True,0.5034585530587551,0.7,3,52.2075131835253
SENSEX,2025-02-25,2025-02-27,BEAR,0.999999999560131,0.12447511536878257,0.3278723815713804,0.547652503059837,BEAR,0.547652503059837,BEAR,True,0.547652503059837,1.0,30,72.85915018359023
INDIA_VIX,2025-02-27,2025-02-28,BEAR,0.9999977801099754,0.09177745632963226,0.2354507450042348,0.672771798666133,BEAR,0.672771798666133,BEAR,True,0.672771798666133,1.0,10,80.36630791996798
NIFTY_50,2025-02-27,2025-02-28,BEAR,0.9999999996687796,0.13043688293695302,0.27595498600598256,0.5936081310570644,BEAR,0.5936081310570644,BEAR,True,0.5936081310570644,1.0,32,75.61648786342387
NIFTY_AUTO,2025-02-27,2025-02-28,BEAR,0.9999999999969902,0.09752828867395283,0.2568933731114164,0.6455783382146308,BEAR,0.6455783382146308,BEAR,True,0.6455783382146308,0.1,1,42.734700292877854
NIFTY_BANK,2025-02-27,2025-02-28,BEAR,0.6596560535597582,0.10537254583578555,0.44286140897231996,0.4517660451918945,BEAR,0.4517660451918945,BEAR,True,0.4517660451918945,1.0,23,67.10596271151367
NIFTY_FIN_SERVICE,2025-02-27,2025-02-28,SIDE,0.9998115022463792,0.1363755484175662,0.757602131265537,0.10602232031689689,SIDE,0.757602131265537,SIDE,True,0.757602131265537,1.0,23,85.45612787593222
NIFTY_IT,2025-02-27,2025-02-28,BEAR,0.9999999999999298,0.06654979629667221,0.2771248036462429,0.656325400057085,BEAR,0.656325400057085,BEAR,True,0.656325400057085,0.5,3,56.37952400342511
NIFTY_PHARMA,2025-02-27,2025-02-28,BEAR,1.0,0.1285403245015939,0.36800112243965105,0.5034585530587551,BEAR,0.5034585530587551,BEAR,True,0.5034585530587551,0.4,1,41.7075131835253
SENSEX,2025-02-27,2025-02-28,BEAR,0.9999999986514567,0.12447511532593145,0.32787238194555723,0.5476525027285113,BEAR,0.5476525027285113,BEAR,True,0.5476525027285113,1.0,31,72.85915016371068
INDIA_VIX,2025-02-28,2025-03-03,BEAR,0.9967983815340469,0.0928875984707775,0.23653176209584922,0.6705806394333732,BEAR,0.6705806394333732,BEAR,True,0.6705806394333732,1.0,11,80.23483836600239
NIFTY_50,2025-02-28,2025-03-03,BEAR,1.0,0.13043688295855685,0.27595498582582345,0.5936081312156198,BEAR,0.5936081312156198,BEAR,True,0.5936081312156198,0.1,1,39.61648787293719
NIFTY_AUTO,2025-02-28,2025-03-03,BEAR,1.0,0.0975282886737922,0.2568933731096721,0.6455783382165357,BEAR,0.6455783382165357,BEAR,True,0.6455783382165357,0.2,2,46.73470029299214
NIFTY_BANK,2025-02-28,2025-03-03,BEAR,0.9919214979346194,0.10875640702925883,0.31546862138490067,0.5757749715858405,BEAR,0.5757749715858405,BEAR,True,0.5757749715858405,1.0,24,74.54649829515041
NIFTY_FIN_SERVICE,2025-02-28,2025-03-03,SIDE,0.9950256166902177,0.1354973357170857,0.7516208452759477,0.11288181900696653,SIDE,0.7516208452759477,SIDE,True,0.7516208452759477,1.0,24,85.09725071655686
NIFTY_IT,2025-02-28,2025-03-03,BEAR,1.0,0.0665497962966633,0.27712480364620773,0.6563254000571289,BEAR,0.6563254000571289,BEAR,True,0.6563254000571289,0.6,4,60.37952400342774
NIFTY_PHARMA,2025-02-28,2025-03-03,BEAR,1.0,0.1285403245015939,0.36800112243965105,0.5034585530587551,BEAR,0.5034585530587551,BEAR,True,0.5034585530587551,0.5,2,45.70751318352531
SENSEX,2025-02-28,2025-03-03,BEAR,1.0,0.12447511538878582,0.3278723813907508,0.5476525032204633,BEAR,0.5476525032204633,BEAR,True,0.5476525032204633,0.1,1,36.859150193227805
INDIA_VIX,2025-03-03,2025-03-04,BEAR,0.9997758652239027,0.09185483098876057,0.2355260459677697,0.6726191230434697,BEAR,0.6726191230434697,BEAR,True,0.6726191230434697,0.1,1,44.35714738260819
NIFTY_50,2025-03-03,2025-03-04,BEAR,1.0,0.13043688295855685,0.27595498582582345,0.5936081312156198,BEAR,0.5936081312156198,BEAR,True,0.5936081312156198,0.2,2,43.61648787293719
NIFTY_AUTO,2025-03-03,2025-03-04,BEAR,1.0,0.0975282886737922,0.2568933731096721,0.6455783382165357,BEAR,0.6455783382165357,BEAR,True,0.6455783382165357,0.3,3,50.734700292992144
NIFTY_BANK,2025-03-03,2025-03-04,BEAR,0.9998704201301476,0.10893516440563257,0.31193940097172607,0.5791254346226414,BEAR,0.5791254346226414,BEAR,True,0.5791254346226414,1.0,25,74.7475260773585
NIFTY_FIN_SERVICE,2025-03-03,2025-03-04,SIDE,0.976076380588975,0.13265474784840567,0.7310524195243289,0.13629283262726546,SIDE,0.7310524195243289,SIDE,True,0.7310524195243289,1.0,25,83.86314517145973
NIFTY_IT,2025-03-03,2025-03-04,BEAR,1.0,0.0665497962966633,0.27712480364620773,0.6563254000571289,BEAR,0.6563254000571289,BEAR,True,0.6563254000571289,0.7,5,64.37952400342772
NIFTY_PHARMA,2025-03-03,2025-03-04,BEAR,1.0,0.1285403245015939,0.36800112243965105,0.5034585530587551,BEAR,0.5034585530587551,BEAR,True,0.5034585530587551,0.5,3,47.2075131835253
SENSEX,2025-03-03,2025-03-04,BEAR,1.0,0.1244751153887859,0.3278723813907508,0.5476525032204633,BEAR,0.5476525032204633,BEAR,True,0.5476525032204633,0.2,2,40.8591501932278
INDIA_VIX,2025-03-04,2025-03-05,BEAR,0.9994187606877604,0.0919792451182203,0.2356471086974337,0.672373646184346,BEAR,0.672373646184346,BEAR,True,0.672373646184346,0.2,2,48.34241877106076
NIFTY_50,2025-03-04,2025-03-05,BEAR,1.0,0.13043688295855685,0.27595498582582345,0.5936081312156198,BEAR,0.5936081312156198,BEAR,True,0.5936081312156198,0.3,3,47.61648787293719
NIFTY_AUTO,2025-03-04,2025-03-05,BEAR,1.0,0.0975282886737922,0.2568933731096721,0.6455783382165357,BEAR,0.6455783382165357,BEAR,True,0.6455783382165357,0.4,4,54.734700292992144
NIFTY_BANK,2025-03-04,2025-03-05,BEAR,0.9984091107503038,0.10890182652486446,0.31259116232553996,0.5785070111495957,BEAR,0.5785070111495957,BEAR,True,0.5785070111495957,1.0,26,74.71042066897574
NIFTY_FIN_SERVICE,2025-03-04,2025-03-05,SIDE,0.9971852510236788,0.13587698775969614,0.7542692226957084,0.10985378954459536,SIDE,0.7542692226957084,SIDE,True,0.7542692226957084,1.0,26,85.2561533617425
NIFTY_IT,2025-03-04,2025-03-05,BEAR,1.0,0.0665497962966633,0.27712480364620773,0.6563254000571289,BEAR,0.6563254000571289,BEAR,True,0.6563254000571289,0.8,6,68.37952400342773
NIFTY_PHARMA,2025-03-04,2025-03-05,BEAR,1.0,0.1285403245015939,0.36800112243965105,0.5034585530587551,BEAR,0.5034585530587551,BEAR,True,0.5034585530587551,0.6,4,51.2075131835253
SENSEX,2025-03-04,2025-03-05,BEAR,1.0,0.12447511538878592,0.3278723813907508,0.5476525032204633,BEAR,0.5476525032204633,BEAR,True,0.5476525032204633,0.3,3,44.8591501932278
INDIA_VIX,2025-03-05,2025-03-06,BEAR,0.9998888539103368,0.09181539221138345,0.23548773725058075,0.6726968705380358,BEAR,0.6726968705380358,BEAR,True,0.6726968705380358,0.3,3,52.361812232282155
NIFTY_50,2025-03-05,2025-03-06,BEAR,0.9999999962811041,0.13043688271596796,0.27595498784864236,0.5936081294353897,BEAR,0.5936081294353897,BEAR,True,0.5936081294353897,0.4,4,51.61648776612338
NIFTY_AUTO,2025-03-05,2025-03-06,BEAR,0.9999999999999565,0.09752828867379454,0.2568933731096973,0.6455783382165081,BEAR,0.6455783382165081,BEAR,True,0.6455783382165081,0.5,5,58.73470029299048
NIFTY_BANK,2025-03-05,2025-03-06,BEAR,0.9465500109140783,0.10784966372059672,0.3349284000866643,0.5572219361927391,BEAR,0.5572219361927391,BEAR,True,0.5572219361927391,1.0,27,73.43331617156434
NIFTY_FIN_SERVICE,2025-03-05,2025-03-06,SIDE,0.9991817914819842,0.13624191110104594,0.7567895175133189,0.10696857138563534,SIDE,0.7567895175133189,SIDE,True,0.7567895175133189,1.0,27,85.40737105079913
NIFTY_IT,2025-03-05,2025-03-06,BEAR,0.9999999999941869,0.06654979629740292,0.2771248036491319,0.6563254000534651,BEAR,0.6563254000534651,BEAR,True,0.6563254000534651,0.9,7,72.3795240032079
NIFTY_PHARMA,2025-03-05,2025-03-06,BEAR,0.9999999999999893,0.12854032450159375,0.36800112243965444,0.5034585530587519,BEAR,0.5034585530587519,BEAR,True,0.5034585530587519,0.7,5,55.2075131835251
SENSEX,2025-03-05,2025-03-06,BEAR,0.9999999993516924,0.1244751153605569,0.32787238165612576,0.5476525029833172,BEAR,0.5476525029833172,BEAR,True,0.5476525029833172,0.4,4,48.85915017899904
INDIA_VIX,2025-03-06,2025-03-07,BEAR,0.999754032679193,0.0918624672966302,0.23553343821338876,0.672604094489981,BEAR,0.672604094489981,BEAR,True,0.672604094489981,0.4,4,56.35624566939885
NIFTY_50,2025-03-06,2025-03-07,BEAR,0.9996112611730915,0.1304115077063065,0.2761663715989278,0.5934221206947656,BEAR,0.5934221206947656,BEAR,True,0.5934221206947656,0.6,1,52.10532724168594
NIFTY_AUTO,2025-03-06,2025-03-07,BEAR,0.9999999997510978,0.09752828868707375,0.2568933732539225,0.6455783380590038,BEAR,0.6455783380590038,BEAR,True,0.6455783380590038,0.6,6,62.73470028354022
NIFTY_BANK,2025-03-06,2025-03-07,BEAR,0.555712599141876,0.10557232698228716,0.47972765121440986,0.414700021803303,SIDE,0.47972765121440986,SIDE,True,0.414700021803303,1.0,28,64.88200130819818
NIFTY_FIN_SERVICE,2025-03-06,2025-03-07,SIDE,0.9999053535182675,0.13642692063678077,0.7577288274882957,0.10584425187492352,SIDE,0.7577288274882957,SIDE,True,0.7577288274882957,1.0,28,85.46372964929775
NIFTY_IT,2025-03-06,2025-03-07,BEAR,0.9999999998336297,0.06654979631783145,0.27712480372989706,0.6563253999522716,BEAR,0.6563253999522716,BEAR,True,0.6563253999522716,0.9,8,73.8795239971363
NIFTY_PHARMA,2025-03-06,2025-03-07,BEAR,0.9999999945246787,0.1285403244290063,0.368001124160463,0.5034585514105308,BEAR,0.5034585514105308,BEAR,True,0.5034585514105308,0.7,6,56.70751308463184
SENSEX,2025-03-06,2025-03-07,BEAR,0.9999398943858457,0.12447222082697747,0.3278971719046391,0.5476306072683834,BEAR,0.5476306072683834,BEAR,True,0.5476306072683834,0.5,5,52.857836436103
INDIA_VIX,2025-03-07,2025-03-10,BEAR,0.9999787771516377,0.09178393054123127,0.23545727153220003,0.6727587979265687,BEAR,0.6727587979265687,BEAR,True,0.6727587979265687,0.6,1,56.865527875594125
NIFTY_50,2025-03-07,2025-03-10,BEAR,0.9983815361878855,0.13033143122089094,0.2768339632926398,0.5928346054864693,BEAR,0.5928346054864693,BEAR,True,0.5928346054864693,0.6,2,53.570076329188154
NIFTY_AUTO,2025-03-07,2025-03-10,BEAR,0.9999999945152238,0.09752828896646303,0.2568933762883552,0.6455783347451818,BEAR,0.6455783347451818,BEAR,True,0.6455783347451818,0.7,7,66.7347000847109
NIFTY_BANK,2025-03-07,2025-03-10,SIDE,0.690257871206547,0.10853341774566069,0.572686226754396,0.3187803554999433,SIDE,0.572686226754396,BEAR,False,0.572686226754396,1.0,29,74.36117360526376
NIFTY_FIN_SERVICE,2025-03-07,2025-03-10,SIDE,0.999907529303892,0.1363982311933589,0.7577270800246073,0.1058746887820338,SIDE,0.7577270800246073,SIDE,True,0.7577270800246073,1.0,29,85.46362480147643
NIFTY_IT,2025-03-07,2025-03-10,BEAR,0.9999999999919813,0.06654979629768357,0.27712480365024134,0.6563254000520751,BEAR,0.6563254000520751,BEAR,True,0.6563254000520751,0.9,9,75.37952400312452
NIFTY_PHARMA,2025-03-07,2025-03-10,BEAR,0.999999994593775,0.12854032442992233,0.36800112413874714,0.5034585514313306,BEAR,0.5034585514313306,BEAR,True,0.5034585514313306,0.7,7,58.20751308587984
SENSEX,2025-03-07,2025-03-10,BEAR,0.9998452445865337,0.12446765342328324,0.3279362136677782,0.5475961329089385,BEAR,0.5475961329089385,BEAR,True,0.5475961329089385,0.5,1,46.85576797453631
INDIA_VIX,2025-03-10,2025-03-11,BEAR,0.9831419202311537,0.09742567522357873,0.2410780523321261,0.6614962724442952,BEAR,0.6614962724442952,BEAR,True,0.6614962724442952,0.5,1,53.689776346657716
NIFTY_50,2025-03-10,2025-03-11,BEAR,0.9998927532594669,0.1304298786578115,0.2760133209897124,0.5935568003524762,BEAR,0.5935568003524762,BEAR,True,0.5935568003524762,0.6,3,55.11340802114857
NIFTY_AUTO,2025-03-10,2025-03-11,BEAR,0.9999999999806066,0.09752828867482705,0.2568933731209114,0.6455783382042616,BEAR,0.6455783382042616,BEAR,True,0.6455783382042616,0.8,8,70.7347002922557
NIFTY_BANK,2025-03-10,2025-03-11,BEAR,0.7245691352887305,0.10552586347473886,0.41970199822663434,0.4747721382986267,BEAR,0.4747721382986267,BEAR,True,0.4747721382986267,1.0,30,68.4863282979176
NIFTY_FIN_SERVICE,2025-03-10,2025-03-11,SIDE,0.9995911412539238,0.13631916779463885,0.7573154328484706,0.10636539935689068,SIDE,0.7573154328484706,SIDE,True,0.7573154328484706,1.0,30,85.43892597090824
NIFTY_IT,2025-03-10,2025-03-11,BEAR,0.9999999999951614,0.06654979629727893,0.2771248036486416,0.6563254000540794,BEAR,0.6563254000540794,BEAR,True,0.6563254000540794,1.0,10,79.37952400324477
NIFTY_PHARMA,2025-03-10,2025-03-11,BEAR,0.9999999996181526,0.12854032449653166,0.36800112255966005,0.5034585529438083,BEAR,0.5034585529438083,BEAR,True,0.5034585529438083,0.8,8,62.207513176628495
SENSEX,2025-03-10,2025-03-11,BEAR,0.999976317818557,0.12447397419492451,0.32788214973012214,0.5476438760749532,BEAR,0.5476438760749532,BEAR,True,0.5476438760749532,0.5,2,48.35863256449719
INDIA_VIX,2025-03-11,2025-03-12,BEAR,0.96831352380905,0.10205408169826347,0.24588151426042887,0.6520644040413077,BEAR,0.6520644040413077,BEAR,True,0.6520644040413077,0.6,2,57.12386424247846
NIFTY_50,2025-03-11,2025-03-12,BEAR,0.9987869407925944,0.13035780002556,0.27661406000965044,0.5930281399647896,BEAR,0.5930281399647896,BEAR,True,0.5930281399647896,0.6,4,56.581688397887376
NIFTY_AUTO,2025-03-11,2025-03-12,BEAR,0.9999999999736717,0.09752828867519713,0.25689337312493055,0.6455783381998723,BEAR,0.6455783381998723,BEAR,True,0.6455783381998723,0.9,9,74.73470029199234
NIFTY_BANK,2025-03-11,2025-03-12,BEAR,0.9981812544149443,0.10889664647329944,0.3126926681761653,0.5784106853505353,BEAR,0.5784106853505353,BEAR,True,0.5784106853505353,1.0,31,74.70464112103211
NIFTY_FIN_SERVICE,2025-03-11,2025-03-12,SIDE,0.9998315373906316,0.1365598059073456,0.7576563634049195,0.10578383068773492,SIDE,0.7576563634049195,SIDE,True,0.7576563634049195,1.0,31,85.45938180429516
NIFTY_IT,2025-03-11,2025-03-12,BEAR,0.9999999999991924,0.06654979629676604,0.2771248036466139,0.65632540005662,BEAR,0.65632540005662,BEAR,True,0.65632540005662,1.0,11,79.3795240033972
NIFTY_PHARMA,2025-03-11,2025-03-12,BEAR,0.9999999585596661,0.1285403239522099,0.3680011354637312,0.5034585405840589,BEAR,0.5034585405840589,BEAR,True,0.5034585405840589,0.9,9,66.20751243504354
SENSEX,2025-03-11,2025-03-12,BEAR,0.9999481450893344,0.1244726172561927,0.3278937696032502,0.547633613140557,BEAR,0.547633613140557,BEAR,True,0.547633613140557,0.5,3,49.85801678843342
INDIA_VIX,2025-03-12,2025-03-13,BEAR,0.9994486187369075,0.09196894714747302,0.23563694195190935,0.6723941109006176,BEAR,0.6723941109006176,BEAR,True,0.6723941109006176,0.4,1,51.84364665403706
NIFTY_50,2025-03-12,2025-03-13,BEAR,0.9992341555308482,0.13038691932801125,0.2763712722046533,0.5932418084673354,BEAR,0.5932418084673354,BEAR,True,0.5932418084673354,0.6,5,58.09450850804012
NIFTY_AUTO,2025-03-12,2025-03-13,BEAR,0.9999999965532216,0.09752828885771428,0.2568933751072406,0.645578336035045,BEAR,0.645578336035045,BEAR,True,0.645578336035045,1.0,10,78.7347001621027
NIFTY_BANK,2025-03-12,2025-03-13,BEAR,0.988769339787533,0.10868727157225669,0.31685741112536286,0.5744553173023805,BEAR,0.5744553173023805,BEAR,True,0.5744553173023805,1.0,32,74.46731903814283
NIFTY_FIN_SERVICE,2025-03-12,2025-03-13,SIDE,0.9979692335305238,0.13878296296180645,0.7556727487275504,0.10554428831064305,SIDE,0.7556727487275504,SIDE,True,0.7556727487275504,1.0,32,85.34036492365303
NIFTY_IT,2025-03-12,2025-03-13,BEAR,1.0,0.0665497962966633,0.27712480364620773,0.6563254000571289,BEAR,0.6563254000571289,BEAR,True,0.6563254000571289,1.0,12,79.37952400342773
NIFTY_PHARMA,2025-03-12,2025-03-13,BEAR,0.9999966119200654,0.128540279585333,0.3680021872617371,0.5034575331529298,BEAR,0.5034575331529298,BEAR,True,0.5034575331529298,0.1,1,34.207451989175794
SENSEX,2025-03-12,2025-03-13,BEAR,0.9999590383653982,0.12447314260426516,0.32788927623863673,0.5476375811570983,BEAR,0.5476375811570983,BEAR,True,0.5476375811570983,0.5,4,51.35825486942589
INDIA_VIX,2025-03-13,2025-03-17,BEAR,0.9999893008471957,0.09178024940208832,0.23545370491439377,0.6727660456835179,BEAR,0.6727660456835179,BEAR,True,0.6727660456835179,0.4,2,53.365962741011074
NIFTY_50,2025-03-13,2025-03-17,BEAR,0.9999119390079675,0.13043113174115806,0.276002885983159,0.5935659822756829,BEAR,0.5935659822756829,BEAR,True,0.5935659822756829,0.6,6,59.61395893654097
NIFTY_AUTO,2025-03-13,2025-03-17,BEAR,0.999999999980778,0.09752828867481787,0.25689337312081206,0.6455783382043699,BEAR,0.6455783382043699,BEAR,True,0.6455783382043699,1.0,11,78.7347002922622
NIFTY_BANK,2025-03-13,2025-03-17,BEAR,0.9784275052136436,0.10846711919184283,0.3213728844557539,0.5701599963524032,BEAR,0.5701599963524032,SIDE,False,0.5701599963524032,1.0,33,74.20959978114419
NIFTY_FIN_SERVICE,2025-03-13,2025-03-17,SIDE,0.999397386796621,0.13709239871979534,0.7571924134171649,0.10571518786303982,SIDE,0.7571924134171649,SIDE,True,0.7571924134171649,1.0,33,85.43154480502989
NIFTY_IT,2025-03-13,2025-03-17,BEAR,1.0,0.0665497962966633,0.27712480364620773,0.6563254000571289,BEAR,0.6563254000571289,BEAR,True,0.6563254000571289,1.0,13,79.37952400342773
NIFTY_PHARMA,2025-03-13,2025-03-17,BEAR,0.9999976029583657,0.12854029272360815,0.3680018757936568,0.5034578314827352,BEAR,0.5034578314827352,BEAR,True,0.5034578314827352,0.2,2,38.207469888964106
SENSEX,2025-03-13,2025-03-17,BEAR,0.9999938645868752,0.12447482030289038,0.3278749117399697,0.5476502679571399,BEAR,0.5476502679571399,BEAR,True,0.5476502679571399,0.5,5,52.859016077428386
INDIA_VIX,2025-03-17,2025-03-18,BEAR,0.9999113876082975,0.09180756418370671,0.2354800762604726,0.6727123595558208,BEAR,0.6727123595558208,BEAR,True,0.6727123595558208,0.4,3,54.86274157334925
NIFTY_50,2025-03-17,2025-03-18,BEAR,0.9808328351480301,0.12922108609518487,0.2861859759858319,0.5845929379189831,BEAR,0.5845929379189831,SIDE,False,0.5845929379189831,0.7,7,63.07557627513898
NIFTY_AUTO,2025-03-17,2025-03-18,BEAR,0.9999999673051567,0.09752829041840791,0.25689339205785483,0.6455783175237374,BEAR,0.6455783175237374,BEAR,True,0.6455783175237374,1.0,12,78.73469905142424
NIFTY_BANK,2025-03-17,2025-03-18,SIDE,0.5077993712525615,0.1059737552818039,0.5025508993479935,0.3914753453702026,SIDE,0.5025508993479935,SIDE,True,0.5025508993479935,1.0,34,70.1530539608796
NIFTY_FIN_SERVICE,2025-03-17,2025-03-18,SIDE,0.7061196207401295,0.3260670592124074,0.5838673064949259,0.09006563429266669,SIDE,0.5838673064949259,BULL,False,0.5838673064949259,1.0,34,75.03203838969556
NIFTY_IT,2025-03-17,2025-03-18,BEAR,1.0,0.0665497962966633,0.27712480364620773,0.6563254000571289,BEAR,0.6563254000571289,BEAR,True,0.6563254000571289,1.0,14,79.37952400342773
NIFTY_PHARMA,2025-03-17,2025-03-18,BEAR,0.9277113961843262,0.12771201712918076,0.39030833183542385,0.48197965103539536,BEAR,0.48197965103539536,SIDE,False,0.48197965103539536,0.3,3,40.918779062123726
SENSEX,2025-03-17,2025-03-18,BEAR,0.9964195196415877,0.12430308201673208,0.3293465316523648,0.5463503863309032,BEAR,0.5463503863309032,SIDE,False,0.5463503863309032,0.6,6,56.78102317985419
INDIA_VIX,2025-03-18,2025-03-19,BEAR,0.9999858765910031,0.09178143275952182,0.23545487263951723,0.6727636946009611,BEAR,0.6727636946009611,BEAR,True,0.6727636946009611,0.5,4,58.86582167605767
NIFTY_50,2025-03-18,2025-03-19,SIDE,0.9549799355240282,0.11679515118449392,0.7394112047123373,0.14379364410316872,SIDE,0.7394112047123373,SIDE,True,0.7394112047123373,0.8,8,76.36467228274024
NIFTY_AUTO,2025-03-18,2025-03-19,BEAR,0.9994181087683761,0.09755934670254544,0.25723032502818566,0.6452103282692688,BEAR,0.6452103282692688,BEAR,True,0.6452103282692688,0.1,1,42.71261969615613
NIFTY_BANK,2025-03-18,2025-03-19,SIDE,0.980181343826391,0.14772809248193497,0.7432807794752538,0.10899112804281116,SIDE,0.7432807794752538,SIDE,True,0.7432807794752538,1.0,35,84.59684676851523
NIFTY_FIN_SERVICE,2025-03-18,2025-03-19,BULL,0.9999999151208105,0.5999356242645776,0.3172568605694952,0.08280751516592723,BULL,0.5999356242645776,BULL,True,0.5999356242645776,1.0,35,75.99613745587466
NIFTY_IT,2025-03-18,2025-03-19,BEAR,0.9999999999954945,0.06654979629723658,0.27712480364847414,0.6563254000542893,BEAR,0.6563254000542893,BEAR,True,0.6563254000542893,1.0,15,79.37952400325734
NIFTY_PHARMA,2025-03-18,2025-03-19,SIDE,0.9965910594554436,0.14827835253715915,0.745841984318689,0.10587966314415187,SIDE,0.745841984318689,SIDE,True,0.745841984318689,0.4,4,60.750519059121345
SENSEX,2025-03-18,2025-03-19,SIDE,0.988348707105911,0.11760223918476108,0.7783976356269043,0.10400012518833467,SIDE,0.7783976356269043,SIDE,True,0.7783976356269043,0.7,7,74.70385813761425
INDIA_VIX,2025-03-19,2025-03-20,BEAR,0.9999322898476761,0.09180028458707,0.2354729783514982,0.6727267370614318,BEAR,0.6727267370614318,BEAR,True,0.6727267370614318,0.6,5,62.8636042236859
NIFTY_50,2025-03-19,2025-03-20,SIDE,0.9908316668112478,0.12886590809606632,0.7910768049236826,0.08005728698025123,SIDE,0.7910768049236826,BULL,False,0.7910768049236826,0.9,9,83.46460829542094
NIFTY_AUTO,2025-03-19,2025-03-20,BEAR,0.9897779145550832,0.09807609599906364,0.2627330978411682,0.6391908061597682,BEAR,0.6391908061597682,BEAR,True,0.6391908061597682,0.2,2,46.35144836958609
NIFTY_BANK,2025-03-19,2025-03-20,SIDE,0.6890378338072795,0.34116617414703193,0.5697297406924374,0.0891040851605307,SIDE,0.5697297406924374,BULL,False,0.5697297406924374,1.0,36,74.18378444154624
NIFTY_FIN_SERVICE,2025-03-19,2025-03-20,BULL,0.9999999999224618,0.5999356619894024,0.31725682227730423,0.08280751573329337,BULL,0.5999356619894024,BULL,True,0.5999356619894024,1.0,36,75.99613971936415
NIFTY_IT,2025-03-19,2025-03-20,BEAR,0.9999999999999494,0.06654979629666975,0.27712480364623315,0.6563254000570972,BEAR,0.6563254000570972,BEAR,True,0.6563254000570972,1.0,16,79.37952400342584
NIFTY_PHARMA,2025-03-19,2025-03-20,SIDE,0.9956738853369089,0.15314460730987992,0.745277890264701,0.10157750242541894,SIDE,0.745277890264701,SIDE,True,0.745277890264701,0.5,5,64.71667341588206
SENSEX,2025-03-19,2025-03-20,SIDE,0.9956199320747673,0.11490216787876738,0.7885621773185595,0.0965356548026731,SIDE,0.7885621773185595,BULL,False,0.7885621773185595,0.8,8,79.31373063911357
INDIA_VIX,2025-03-20,2025-03-21,BEAR,0.9999995963022661,0.09177675712896201,0.2354501612314686,0.6727730816395694,BEAR,0.6727730816395694,BEAR,True,0.6727730816395694,0.7,6,66.86638489837416
NIFTY_50,2025-03-20,2025-03-21,BULL,0.9854618265688619,0.5546550027450483,0.3431640881682314,0.10218090908672028,BULL,0.5546550027450483,BULL,True,0.5546550027450483,1.0,10,73.2793001647029
NIFTY_AUTO,2025-03-20,2025-03-21,BEAR,0.8207612956414166,0.10750447718884783,0.3429333579924787,0.5495621648186735,BEAR,0.5495621648186735,SIDE,False,0.5495621648186735,0.3,3,44.973729889120406
NIFTY_BANK,2025-03-20,2025-03-21,BULL,0.9944222770855139,0.6333986811289934,0.2853501916327046,0.08125112723830209,BULL,0.6333986811289934,BULL,True,0.6333986811289934,1.0,37,78.00392086773961
NIFTY_FIN_SERVICE,2025-03-20,2025-03-21,BULL,0.9999999999997566,0.5999356620237878,0.317256822242402,0.08280751573381026,BULL,0.5999356620237878,BULL,True,0.5999356620237878,1.0,37,75.99613972142727
NIFTY_IT,2025-03-20,2025-03-21,BEAR,0.9999999925975833,0.06654979723851115,0.27712480736984996,0.6563253953916389,BEAR,0.6563253953916389,BEAR,True,0.6563253953916389,1.0,17,79.37952372349834
NIFTY_PHARMA,2025-03-20,2025-03-21,SIDE,0.8145241589685639,0.2815950482166135,0.6286045299925888,0.08980042179079778,SIDE,0.6286045299925888,BULL,False,0.6286045299925888,0.6,6,61.71627179955532
SENSEX,2025-03-20,2025-03-21,BULL,0.9516688620483632,0.5477142771537896,0.34766383723620015,0.10462188561001012,BULL,0.5477142771537896,BULL,True,0.5477142771537896,0.9,9,68.86285662922738
INDIA_VIX,2025-03-21,2025-03-24,BEAR,0.9999995818667479,0.0917766432965892,0.23545022528020373,0.672773131423207,BEAR,0.672773131423207,SIDE,False,0.672773131423207,0.8,7,70.86638788539243
NIFTY_50,2025-03-21,2025-03-24,BULL,0.9999994563274677,0.559966546160181,0.33720979963392383,0.10282365420589515,BULL,0.559966546160181,BULL,True,0.559966546160181,1.0,11,73.59799276961087
NIFTY_AUTO,2025-03-21,2025-03-24,SIDE,0.7406261245499053,0.14484748644688555,0.5522285578858368,0.3029239556672775,SIDE,0.5522285578858368,SIDE,True,0.5522285578858368,0.4,4,49.1337134731502
NIFTY_BANK,2025-03-21,2025-03-24,BULL,0.9999998505237075,0.6364269362722061,0.28226750893094665,0.08130555479684712,BULL,0.6364269362722061,BULL,True,0.6364269362722061,1.0,38,78.18561617633236
NIFTY_FIN_SERVICE,2025-03-21,2025-03-24,BULL,1.0,0.5999356620238961,0.317256822242292,0.08280751573381187,BULL,0.5999356620238961,BULL,True,0.5999356620238961,1.0,38,75.99613972143376
NIFTY_IT,2025-03-21,2025-03-24,BEAR,0.9999999566134566,0.06654980181695785,0.2771248254709666,0.6563253727120755,BEAR,0.6563253727120755,BEAR,True,0.6563253727120755,1.0,18,79.37952236272453
NIFTY_PHARMA,2025-03-21,2025-03-24,BULL,0.997702532933713,0.6149716794565789,0.31067917078607193,0.07434914975734919,BULL,0.6149716794565789,BULL,True,0.6149716794565789,0.7,7,64.89830076739473
SENSEX,2025-03-21,2025-03-24,BULL,0.9999982827282003,0.5659678818453688,0.3275790618142574,0.10645305634037378,BULL,0.5659678818453688,BULL,True,0.5659678818453688,1.0,10,73.95807291072212
INDIA_VIX,2025-03-24,2025-03-25,SIDE,0.7184052503935916,0.21996758918494944,0.40601539471413745,0.37401701610091315,SIDE,0.40601539471413745,SIDE,True,0.40601539471413745,0.8,8,56.36092368284824
NIFTY_50,2025-03-24,2025-03-25,BULL,0.9999999999978324,0.5599667461504642,0.33720957538526725,0.1028236784642685,BULL,0.5599667461504642,BULL,True,0.5599667461504642,1.0,12,73.59800476902785
NIFTY_AUTO,2025-03-24,2025-03-25,SIDE,0.9721379049980485,0.18436591086469165,0.6863368091996325,0.12929727993567597,SIDE,0.6863368091996325,SIDE,True,0.6863368091996325,0.5,5,61.18020855197794
NIFTY_BANK,2025-03-24,2025-03-25,BULL,0.9999999999994817,0.6364270181472936,0.2822674261243855,0.0813055557283209,BULL,0.6364270181472936,BULL,True,0.6364270181472936,1.0,39,78.18562108883762
NIFTY_FIN_SERVICE,2025-03-24,2025-03-25,BULL,1.0,0.5999356620238961,0.317256822242292,0.08280751573381187,BULL,0.5999356620238961,BULL,True,0.5999356620238961,0.1,1,39.99613972143377
NIFTY_IT,2025-03-24,2025-03-25,BEAR,0.9995466877026459,0.06660744018314353,0.27735270800773076,0.6560398518091256,BEAR,0.6560398518091256,BEAR,True,0.6560398518091256,1.0,19,79.36239110854754
NIFTY_PHARMA,2025-03-24,2025-03-25,BULL,0.9999964394654783,0.6160592937069016,0.3095940292935103,0.07434667699958812,BULL,0.6160592937069016,BULL,True,0.6160592937069016,0.8,8,68.9635576224141
SENSEX,2025-03-24,2025-03-25,BULL,0.999999999999043,0.5659685458068202,0.3275783294173992,0.10645312477578053,BULL,0.5659685458068202,BULL,True,0.5659685458068202,1.0,11,73.9581127484092
INDIA_VIX,2025-03-25,2025-03-26,SIDE,0.8331822545191456,0.23533509203372954,0.43057929726494637,0.33408561070132414,SIDE,0.43057929726494637,SIDE,True,0.43057929726494637,0.9,9,61.83475783589678
NIFTY_50,2025-03-25,2025-03-26,BULL,0.999999999993411,0.5599667461488514,0.3372095753871138,0.10282367846403462,BULL,0.5599667461488514,BULL,True,0.5599667461488514,1.0,13,73.59800476893109
NIFTY_AUTO,2025-03-25,2025-03-26,SIDE,0.9956207657769829,0.18003056950643825,0.7087602368768304,0.11120919361673132,SIDE,0.7087602368768304,SIDE,True,0.7087602368768304,0.6,6,66.52561421260982
NIFTY_BANK,2025-03-25,2025-03-26,BULL,0.9999999999980966,0.6364270181461982,0.28226742612472183,0.08130555572907981,BULL,0.6364270181461982,BULL,True,0.6364270181461982,0.1,1,42.18562108877189
NIFTY_FIN_SERVICE,2025-03-25,2025-03-26,BULL,1.0,0.5999356620238961,0.317256822242292,0.08280751573381187,BULL,0.5999356620238961,BULL,True,0.5999356620238961,0.2,2,43.99613972143377
NIFTY_IT,2025-03-25,2025-03-26,BEAR,0.8542706648469541,0.08256935170691286,0.3408682564415751,0.5765623918515119,BEAR,0.5765623918515119,BEAR,True,0.5765623918515119,1.0,20,74.59374351109072
NIFTY_PHARMA,2025-03-25,2025-03-26,BULL,0.9904749913547178,0.6115691343419651,0.3140716297690408,0.07435923588899415,BULL,0.6115691343419651,SIDE,False,0.6115691343419651,0.1,1,40.69414806051791
SENSEX,2025-03-25,2025-03-26,BULL,0.9999999999961431,0.565968545805699,0.3275783294186359,0.10645312477566499,BULL,0.565968545805699,BULL,True,0.565968545805699,1.0,12,73.95811274834195
INDIA_VIX,2025-03-26,2025-03-27,SIDE,0.6022070061685433,0.20430108359718438,0.38192939619610666,0.41376952020670893,BEAR,0.41376952020670893,BEAR,True,0.38192939619610666,1.0,10,62.9157637717664
NIFTY_50,2025-03-26,2025-03-27,BULL,0.9999988765703578,0.5599663328669567,0.3372100387191845,0.10282362841385893,BULL,0.5599663328669567,BULL,True,0.5599663328669567,1.0,14,73.59797997201741
NIFTY_AUTO,2025-03-26,2025-03-27,SIDE,0.9980592641392144,0.18078266576114982,0.7117857447629004,0.10743158947594977,SIDE,0.7117857447629004,SIDE,True,0.7117857447629004,0.7,7,70.70714468577401
NIFTY_BANK,2025-03-26,2025-03-27,BULL,0.9999999814022683,0.6364270077903645,0.2822674362089672,0.08130555600066819,BULL,0.6364270077903645,BULL,True,0.6364270077903645,0.2,2,46.18562046742187
NIFTY_FIN_SERVICE,2025-03-26,2025-03-27,BULL,1.0,0.599935662023896,0.3172568222422921,0.08280751573381186,BULL,0.599935662023896,BULL,True,0.599935662023896,0.3,3,47.996139721433764
NIFTY_IT,2025-03-26,2025-03-27,BEAR,0.9711796213878825,0.07009100299922673,0.2911479635305909,0.6387610334701824,BEAR,0.6387610334701824,BEAR,True,0.6387610334701824,1.0,21,78.32566200821095
NIFTY_PHARMA,2025-03-26,2025-03-27,SIDE,0.6261864912129627,0.36797995086136565,0.548641833316232,0.08337821582240236,SIDE,0.548641833316232,SIDE,True,0.548641833316232,0.9,1,56.91850999897392
SENSEX,2025-03-26,2025-03-27,BULL,0.999993770076201,0.5659661370888398,0.3275809864006277,0.10645287651053253,BULL,0.5659661370888398,BULL,True,0.5659661370888398,1.0,13,73.95796822533039
INDIA_VIX,2025-03-27,2025-03-28,BEAR,0.9215041980159135,0.11509401841024099,0.26023175422315686,0.6246742273666022,BEAR,0.6246742273666022,BEAR,True,0.6246742273666022,0.1,1,41.480453641996135
NIFTY_50,2025-03-27,2025-03-28,BULL,0.999999974800795,0.5599667368800806,0.3372095857756394,0.10282367734427988,BULL,0.5599667368800806,BULL,True,0.5599667368800806,1.0,15,73.59800421280484
NIFTY_AUTO,2025-03-27,2025-03-28,SIDE,0.9807090051359599,0.17604322432851346,0.6922940723340578,0.13166270333742872,SIDE,0.6922940723340578,SIDE,True,0.6922940723340578,0.8,8,73.53764434004347
NIFTY_BANK,2025-03-27,2025-03-28,BULL,0.9999999998380904,0.6364270180511273,0.28226742620386025,0.08130555574501235,BULL,0.6364270180511273,BULL,True,0.6364270180511273,0.3,3,50.185621083067645
NIFTY_FIN_SERVICE,2025-03-27,2025-03-28,BULL,1.0,0.5999356620238961,0.317256822242292,0.08280751573381187,BULL,0.5999356620238961,BULL,True,0.5999356620238961,0.4,4,51.99613972143378
NIFTY_IT,2025-03-27,2025-03-28,BEAR,0.8125104083939342,0.08653016769964271,0.356725498249039,0.5567443340513183,BEAR,0.5567443340513183,BEAR,True,0.5567443340513183,0.1,1,37.404660043079105
NIFTY_PHARMA,2025-03-27,2025-03-28,SIDE,0.9952522590475728,0.15359447090022582,0.7448721982728012,0.10153333082697302,SIDE,0.7448721982728012,SIDE,True,0.7448721982728012,0.9,2,70.19233189636807
SENSEX,2025-03-27,2025-03-28,BULL,0.9999997972622423,0.5659684674210815,0.3275784158824426,0.1064531166964759,BULL,0.5659684674210815,BULL,True,0.5659684674210815,1.0,14,73.9581080452649
INDIA_VIX,2025-03-28,2025-04-01,BEAR,0.9999721719959094,0.09178643011868785,0.2354594159048872,0.6727541539764249,BEAR,0.6727541539764249,SIDE,False,0.6727541539764249,0.2,2,48.36524923858549
NIFTY_50,2025-03-28,2025-04-01,BULL,0.9999960509247849,0.5599652936656441,0.33721120457998055,0.10282350175437534,BULL,0.5599652936656441,SIDE,False,0.5599652936656441,1.0,16,73.59791761993864
NIFTY_AUTO,2025-03-28,2025-04-01,SIDE,0.7449859463063404,0.1450918490832737,0.5540936729543472,0.300814477962379,SIDE,0.5540936729543472,SIDE,True,0.5540936729543472,0.9,9,69.24562037726083
NIFTY_BANK,2025-03-28,2025-04-01,BULL,0.9999999988935779,0.6364270175283615,0.2822674267201798,0.08130555575145865,BULL,0.6364270175283615,BULL,True,0.6364270175283615,0.4,4,54.18562105170168
NIFTY_FIN_SERVICE,2025-03-28,2025-04-01,BULL,1.0,0.5999356620238961,0.317256822242292,0.08280751573381187,BULL,0.5999356620238961,BULL,True,0.5999356620238961,0.5,5,55.99613972143377
NIFTY_IT,2025-03-28,2025-04-01,BEAR,0.9988762720795754,0.06669256985049103,0.27768930230601413,0.6556181278434948,BEAR,0.6556181278434948,BEAR,True,0.6556181278434948,0.9,1,63.33708767060969
NIFTY_PHARMA,2025-03-28,2025-04-01,SIDE,0.9998865020452495,0.14843452318638423,0.7493969626519432,0.10216851416167268,SIDE,0.7493969626519432,BEAR,False,0.7493969626519432,0.9,3,71.9638177591166
SENSEX,2025-03-28,2025-04-01,BULL,0.9999885178986213,0.5659641064177167,0.32758322637687254,0.10645266720541073,BULL,0.5659641064177167,SIDE,False,0.5659641064177167,1.0,15,73.95784638506301
INDIA_VIX,2025-04-01,2025-04-02,SIDE,0.9802455248034129,0.2564389638984325,0.46475980698299163,0.27880122911857586,SIDE,0.46475980698299163,SIDE,True,0.46475980698299163,0.3,3,39.885588418979495
NIFTY_50,2025-04-01,2025-04-02,SIDE,0.8729820323740187,0.22842144873717282,0.6923901135356421,0.07918843772718501,SIDE,0.6923901135356421,SIDE,True,0.6923901135356421,1.0,17,81.54340681213853
NIFTY_AUTO,2025-04-01,2025-04-02,SIDE,0.542710715244346,0.1296648713041992,0.4769031226143711,0.3934320060814297,SIDE,0.4769031226143711,SIDE,True,0.4769031226143711,1.0,10,68.61418735686226
NIFTY_BANK,2025-04-01,2025-04-02,BULL,0.9987611884940946,0.6357505074708901,0.2829542497380453,0.08129524279106452,BULL,0.6357505074708901,BULL,True,0.6357505074708901,0.5,5,58.14503044825341
NIFTY_FIN_SERVICE,2025-04-01,2025-04-02,BULL,0.9999985149067264,0.5999350003497562,0.3172574915121326,0.08280750813811101,BULL,0.5999350003497562,BULL,True,0.5999350003497562,0.6,6,59.99610002098537
NIFTY_IT,2025-04-01,2025-04-02,BEAR,0.9999999879000346,0.06654979783620463,0.27712480973286074,0.6563253924309347,BEAR,0.6563253924309347,BEAR,True,0.6563253924309347,0.2,1,45.87952354585608
NIFTY_PHARMA,2025-04-01,2025-04-02,BEAR,0.689142481914476,0.12663109677175816,0.46080859671596375,0.4125603065122781,SIDE,0.46080859671596375,SIDE,True,0.4125603065122781,0.9,4,53.253618390736676
SENSEX,2025-04-01,2025-04-02,SIDE,0.9522300642594479,0.1640250581385495,0.7417511055678762,0.09422383629357432,SIDE,0.7417511055678762,SIDE,True,0.7417511055678762,1.0,16,84.50506633407257
INDIA_VIX,2025-04-02,2025-04-03,SIDE,0.9980885516812541,0.25910736777529264,0.4692568600880637,0.27163577213664375,SIDE,0.4692568600880637,SIDE,True,0.4692568600880637,0.4,4,44.15541160528382
NIFTY_50,2025-04-02,2025-04-03,SIDE,0.7561198322873676,0.29097966362467814,0.6285953173861649,0.08042501898915692,SIDE,0.6285953173861649,SIDE,True,0.6285953173861649,0.1,1,41.7157190431699
NIFTY_AUTO,2025-04-02,2025-04-03,SIDE,0.899625940193012,0.16176339226759653,0.630547098707532,0.20768950902487154,SIDE,0.630547098707532,BEAR,False,0.630547098707532,1.0,11,77.83282592245192
NIFTY_BANK,2025-04-02,2025-04-03,BULL,0.9999979608947918,0.6364259021509786,0.2822685569184165,0.08130554093060484,BULL,0.6364259021509786,BULL,True,0.6364259021509786,0.6,6,62.18555412905871
NIFTY_FIN_SERVICE,2025-04-02,2025-04-03,BULL,0.9999999823413,0.5999356541677913,0.31725683021547685,0.08280751561673194,BULL,0.5999356541677913,BULL,True,0.5999356541677913,0.7,7,63.99613925006747
NIFTY_IT,2025-04-02,2025-04-03,BEAR,0.9999893460922225,0.06655115183013308,0.27713016281866126,0.6563186853512055,BEAR,0.6563186853512055,BEAR,True,0.6563186853512055,0.3,2,49.87912112107233
NIFTY_PHARMA,2025-04-02,2025-04-03,SIDE,0.8763752536465956,0.13719183495708773,0.6607652006728026,0.20204296437010963,SIDE,0.6607652006728026,SIDE,True,0.6607652006728026,0.2,1,46.14591204036816
SENSEX,2025-04-02,2025-04-03,SIDE,0.9714110357057162,0.1449163747731446,0.7603121426490828,0.0947714825777727,SIDE,0.7603121426490828,SIDE,True,0.7603121426490828,1.0,17,85.61872855894497
INDIA_VIX,2025-04-03,2025-04-04,SIDE,0.9939938017335619,0.2584785205744667,0.46821634060824924,0.27330513881728413,SIDE,0.46821634060824924,SIDE,True,0.46821634060824924,0.5,5,48.092980436494955
NIFTY_50,2025-04-03,2025-04-04,SIDE,0.983996706992748,0.13722954814047109,0.7830867632960191,0.07968368856350985,SIDE,0.7830867632960191,SIDE,True,0.7830867632960191,0.2,2,54.98520579776115
NIFTY_AUTO,2025-04-03,2025-04-04,BEAR,0.5776671979099757,0.12188002701032355,0.434204018721421,0.4439159542682555,BEAR,0.4439159542682555,BEAR,True,0.4439159542682555,1.0,12,66.63495725609533
NIFTY_BANK,2025-04-03,2025-04-04,BULL,0.9999996540899158,0.6364268287946512,0.2822676179030576,0.08130555330229111,BULL,0.6364268287946512,BULL,True,0.6364268287946512,0.7,7,66.18560972767906
NIFTY_FIN_SERVICE,2025-04-03,2025-04-04,BULL,0.9999992293726558,0.5999353191998401,0.31725717021467836,0.08280751058548144,BULL,0.5999353191998401,BULL,True,0.5999353191998401,0.8,8,67.99611915199041
NIFTY_IT,2025-04-03,2025-04-04,BEAR,0.9999999999999991,0.06654979629666347,0.2771248036462083,0.6563254000571284,BEAR,0.6563254000571284,BEAR,True,0.6563254000571284,0.7,1,58.379524003427704
NIFTY_PHARMA,2025-04-03,2025-04-04,SIDE,0.9987049004325934,0.14985315008788005,0.7482341219154166,0.10191272799670334,SIDE,0.7482341219154166,BEAR,False,0.7482341219154166,0.3,2,55.394047314925
SENSEX,2025-04-03,2025-04-04,SIDE,0.9990723003937771,0.10984478335774286,0.7932840337169592,0.09687118292529774,SIDE,0.7932840337169592,SIDE,True,0.7932840337169592,1.0,18,87.59704202301755
INDIA_VIX,2025-04-04,2025-04-07,SIDE,0.9994454696500629,0.25931542144837255,0.46960288156637314,0.27108169698525436,SIDE,0.46960288156637314,BULL,False,0.46960288156637314,0.6,6,52.17617289398239
NIFTY_50,2025-04-04,2025-04-07,SIDE,0.979638645601747,0.11380780450166272,0.7692985842613804,0.11689361123695689,SIDE,0.7692985842613804,BEAR,False,0.7692985842613804,0.8,1,67.65791505568282
NIFTY_AUTO,2025-04-04,2025-04-07,BEAR,0.9999999436221805,0.09752829168214523,0.2568934057832404,0.6455783025346143,BEAR,0.6455783025346143,BEAR,True,0.6455783025346143,1.0,13,78.73469815207686
NIFTY_BANK,2025-04-04,2025-04-07,BULL,0.9999924349271037,0.6364228844459804,0.28227162980659615,0.08130548574742354,BULL,0.6364228844459804,BEAR,False,0.6364228844459804,0.8,8,70.18537306675881
NIFTY_FIN_SERVICE,2025-04-04,2025-04-07,BULL,0.9999992000969238,0.5999353061783885,0.31725718343688786,0.08280751038472361,BULL,0.5999353061783885,BEAR,False,0.5999353061783885,0.9,9,71.99611837070331
NIFTY_IT,2025-04-04,2025-04-07,BEAR,1.0,0.0665497962966633,0.27712480364620773,0.6563254000571289,BEAR,0.6563254000571289,BEAR,True,0.6563254000571289,0.7,2,59.87952400342773
NIFTY_PHARMA,2025-04-04,2025-04-07,BEAR,0.9999941910533999,0.1285402474919212,0.3680029481021241,0.5034568044059547,BEAR,0.5034568044059547,BEAR,True,0.5034568044059547,0.7,1,49.207408264357284
SENSEX,2025-04-04,2025-04-07,SIDE,0.9789199680131574,0.10658433544493844,0.7668476213226044,0.1265680432324571,SIDE,0.7668476213226044,BEAR,False,0.7668476213226044,1.0,19,86.01085727935627
INDIA_VIX,2025-04-07,2025-04-08,BULL,1.0,0.6541986612755314,0.23726691724273602,0.10853442148173256,BULL,0.6541986612755314,BULL,True,0.6541986612755314,0.1,1,43.251919676531884
NIFTY_50,2025-04-07,2025-04-08,BEAR,0.9999999999995932,0.13043688295853023,0.2759549858260449,0.5936081312154249,BEAR,0.5936081312154249,BEAR,True,0.5936081312154249,0.8,2,58.6164878729255
NIFTY_AUTO,2025-04-07,2025-04-08,BEAR,1.0,0.0975282886737922,0.2568933731096721,0.6455783382165357,BEAR,0.6455783382165357,BEAR,True,0.6455783382165357,0.1,1,42.73470029299214
NIFTY_BANK,2025-04-07,2025-04-08,BEAR,0.889552865850888,0.10953532276260516,0.35639778254609367,0.5340668946913011,BEAR,0.5340668946913011,SIDE,False,0.5340668946913011,0.2,1,38.54401368147806
NIFTY_FIN_SERVICE,2025-04-07,2025-04-08,BEAR,0.9937247128463432,0.1181152051712538,0.3170213497148291,0.564863445113917,BEAR,0.564863445113917,BULL,False,0.564863445113917,0.1,1,37.89180670683502
NIFTY_IT,2025-04-07,2025-04-08,BEAR,1.0,0.0665497962966633,0.27712480364620773,0.6563254000571289,BEAR,0.6563254000571289,BEAR,True,0.6563254000571289,0.7,3,61.37952400342773
NIFTY_PHARMA,2025-04-07,2025-04-08,BEAR,0.9999999999999272,0.12854032450159295,0.36800112243967387,0.5034585530587333,BEAR,0.5034585530587333,BEAR,True,0.5034585530587333,0.7,2,50.707513183524
SENSEX,2025-04-07,2025-04-08,BEAR,0.9999999999927134,0.1244751153884684,0.32787238139373376,0.5476525032177979,BEAR,0.5476525032177979,BEAR,True,0.5476525032177979,1.0,20,72.85915019306786
INDIA_VIX,2025-04-08,2025-04-09,BULL,1.0,0.6541986612755314,0.23726691724273602,0.10853442148173256,BULL,0.6541986612755314,BULL,True,0.6541986612755314,0.2,2,47.251919676531884
NIFTY_50,2025-04-08,2025-04-09,BEAR,0.9999922201110606,0.13043637551005882,0.27595921747939495,0.5936044070105463,BEAR,0.5936044070105463,BEAR,True,0.5936044070105463,0.8,3,60.11626442063278
NIFTY_AUTO,2025-04-08,2025-04-09,BEAR,0.9999999999982399,0.09752828867388613,0.2568933731106922,0.6455783382154217,BEAR,0.6455783382154217,BEAR,True,0.6455783382154217,0.9,1,62.734700292925304
NIFTY_BANK,2025-04-08,2025-04-09,SIDE,0.9198168843260505,0.14269003011856826,0.6861497847346517,0.17116018514677986,SIDE,0.6861497847346517,SIDE,True,0.6861497847346517,0.2,2,49.1689870840791
NIFTY_FIN_SERVICE,2025-04-08,2025-04-09,BULL,0.8253087339460308,0.5044730055439245,0.34254386444808826,0.15298313000798713,BULL,0.5044730055439245,SIDE,False,0.5044730055439245,0.2,2,38.268380332635466
NIFTY_IT,2025-04-08,2025-04-09,BEAR,1.0,0.0665497962966633,0.27712480364620773,0.6563254000571289,BEAR,0.6563254000571289,BEAR,True,0.6563254000571289,0.7,4,62.87952400342773
NIFTY_PHARMA,2025-04-08,2025-04-09,BEAR,0.9999993868893041,0.12854031637345353,0.36800131513118617,0.5034583684953604,BEAR,0.5034583684953604,BEAR,True,0.5034583684953604,0.7,3,52.207502109721624
SENSEX,2025-04-08,2025-04-09,BEAR,0.9999748908868594,0.12447391883817095,0.32788272922182576,0.5476433519400031,BEAR,0.5476433519400031,BEAR,True,0.5476433519400031,1.0,21,72.8586011164002
INDIA_VIX,2025-04-09,2025-04-11,BULL,1.0,0.6541986612755314,0.23726691724273602,0.10853442148173256,BULL,0.6541986612755314,BULL,True,0.6541986612755314,0.3,3,51.251919676531884
NIFTY_50,2025-04-09,2025-04-11,BEAR,0.9999997258886834,0.13043686506987545,0.27595513492886714,0.5936080000012575,BEAR,0.5936080000012575,BEAR,True,0.5936080000012575,0.8,4,61.61648000007545
NIFTY_AUTO,2025-04-09,2025-04-11,BEAR,0.9999999999925477,0.09752828867418983,0.2568933731139911,0.6455783382118191,BEAR,0.6455783382118191,BEAR,True,0.6455783382118191,0.9,2,64.23470029270915
NIFTY_BANK,2025-04-09,2025-04-11,SIDE,0.9979295581213375,0.1260636654922339,0.7637626084012957,0.11017372610647051,SIDE,0.7637626084012957,SIDE,True,0.7637626084012957,0.3,3,57.82575650407774
NIFTY_FIN_SERVICE,2025-04-09,2025-04-11,SIDE,0.5017286890082565,0.3668480678637448,0.48514422734410767,0.14800770479214745,SIDE,0.48514422734410767,BULL,False,0.48514422734410767,0.3,3,41.10865364064646
NIFTY_IT,2025-04-09,2025-04-11,BEAR,1.0,0.0665497962966633,0.27712480364620773,0.6563254000571289,BEAR,0.6563254000571289,BEAR,True,0.6563254000571289,0.7,5,64.37952400342772
NIFTY_PHARMA,2025-04-09,2025-04-11,BEAR,0.9999999999987805,0.1285403245015777,0.36800112244003447,0.5034585530583879,BEAR,0.5034585530583879,BEAR,True,0.5034585530583879,0.8,4,56.20751318350328
SENSEX,2025-04-09,2025-04-11,BEAR,0.9999993268045697,0.1244750832515703,0.32787265886589473,0.547652257882535,BEAR,0.547652257882535,BEAR,True,0.547652257882535,1.0,22,72.85913547295209
INDIA_VIX,2025-04-11,2025-04-15,BULL,1.0,0.6541986612755314,0.23726691724273602,0.10853442148173256,BULL,0.6541986612755314,BULL,True,0.6541986612755314,0.4,4,55.25191967653189
NIFTY_50,2025-04-11,2025-04-15,BEAR,0.9919922164761817,0.12992710887191863,0.2802712114887994,0.5898016796392821,BEAR,0.5898016796392821,BULL,False,0.5898016796392821,0.8,5,62.888100778356915
NIFTY_AUTO,2025-04-11,2025-04-15,BEAR,0.9999993453691236,0.09752832360528317,0.2568937524983817,0.6455779238963352,BEAR,0.6455779238963352,BEAR,True,0.6455779238963352,0.9,3,65.73467543378011
NIFTY_BANK,2025-04-11,2025-04-15,SIDE,0.7863069742863935,0.29269256337526856,0.6142654285729546,0.09304200805177688,SIDE,0.6142654285729546,BULL,False,0.6142654285729546,0.7,1,55.85592571437728
NIFTY_FIN_SERVICE,2025-04-11,2025-04-15,BULL,0.9990119612098477,0.5994918226924649,0.31769667114486355,0.08281150616267154,BULL,0.5994918226924649,BULL,True,0.5994918226924649,0.7,1,54.9695093615479
NIFTY_IT,2025-04-11,2025-04-15,BEAR,1.0,0.0665497962966633,0.27712480364620773,0.6563254000571289,BEAR,0.6563254000571289,BEAR,True,0.6563254000571289,0.7,6,65.87952400342772
NIFTY_PHARMA,2025-04-11,2025-04-15,BEAR,0.9999879088610295,0.12854016421035874,0.3680049224916899,0.5034549132979513,BEAR,0.5034549132979513,BEAR,True,0.5034549132979513,0.8,5,57.707294797877076
SENSEX,2025-04-11,2025-04-15,BEAR,0.8912647440188405,0.11987187053419843,0.3704868388554679,0.5096412906103337,BEAR,0.5096412906103337,BULL,False,0.5096412906103337,1.0,23,70.57847743662002
INDIA_VIX,2025-04-15,2025-04-16,BULL,1.0,0.6541986612755314,0.23726691724273602,0.10853442148173256,BULL,0.6541986612755314,BULL,True,0.6541986612755314,0.5,5,59.25191967653187
NIFTY_50,2025-04-15,2025-04-16,BULL,0.596674419286345,0.38638055862508314,0.3330440987727841,0.28057534260213285,BULL,0.38638055862508314,BULL,True,0.38638055862508314,0.8,6,52.18283351750499
NIFTY_AUTO,2025-04-15,2025-04-16,BEAR,0.9901093045499529,0.09805826629144315,0.262546356488962,0.6393953772195948,BEAR,0.6393953772195948,BEAR,True,0.6393953772195948,0.9,4,66.86372263317568
NIFTY_BANK,2025-04-15,2025-04-16,BULL,0.9999999050068663,0.6364269326249842,0.2822674359066259,0.08130563146839001,BULL,0.6364269326249842,BULL,True,0.6364269326249842,0.7,2,58.685615957499046
NIFTY_FIN_SERVICE,2025-04-15,2025-04-16,BULL,0.9999999999998708,0.5999356620237541,0.3172568222422405,0.08280751573400545,BULL,0.5999356620237541,BULL,True,0.5999356620237541,0.7,2,56.496139721425244
NIFTY_IT,2025-04-15,2025-04-16,BEAR,0.999999999999992,0.06654979629666431,0.2771248036462117,0.656325400057124,BEAR,0.656325400057124,BEAR,True,0.656325400057124,0.8,7,69.87952400342743
NIFTY_PHARMA,2025-04-15,2025-04-16,BEAR,0.7107192914322525,0.12662978471232017,0.4544866608513244,0.41888355443635544,SIDE,0.4544866608513244,SIDE,True,0.41888355443635544,0.8,6,54.13301326618133
SENSEX,2025-04-15,2025-04-16,BULL,0.6527141143859918,0.4439698156728094,0.458027989307429,0.09800219501976164,SIDE,0.458027989307429,BULL,False,0.4439698156728094,1.0,24,66.63818894036856
INDIA_VIX,2025-04-16,2025-04-17,BULL,0.9999999999999618,0.6541986612755071,0.23726691724274807,0.10853442148174473,BULL,0.6541986612755071,BULL,True,0.6541986612755071,0.6,6,63.25191967653042
NIFTY_50,2025-04-16,2025-04-17,BULL,0.9979076078332793,0.559178273214131,0.33803877369459334,0.10278295309127564,BULL,0.559178273214131,BULL,True,0.559178273214131,0.8,7,64.05069639284787
NIFTY_AUTO,2025-04-16,2025-04-17,BEAR,0.9414197744478047,0.1007170386620833,0.2883928216083734,0.6108901397295433,BEAR,0.6108901397295433,SIDE,False,0.6108901397295433,0.9,5,66.6534083837726
NIFTY_BANK,2025-04-16,2025-04-17,BULL,0.9999999999835891,0.6364270181277707,0.282267426119351,0.08130555575287823,BULL,0.6364270181277707,BULL,True,0.6364270181277707,0.7,3,60.18562108766624
NIFTY_FIN_SERVICE,2025-04-16,2025-04-17,BULL,0.9999999999999956,0.5999356620238928,0.3172568222422924,0.0828075157338147,BULL,0.5999356620238928,BULL,True,0.5999356620238928,0.7,3,57.99613972143357
NIFTY_IT,2025-04-16,2025-04-17,BEAR,0.999999999999932,0.06654979629667196,0.27712480364624187,0.6563254000570862,BEAR,0.6563254000570862,BEAR,True,0.6563254000570862,0.8,8,71.37952400342516
NIFTY_PHARMA,2025-04-16,2025-04-17,SIDE,0.5905203542737089,0.12863294498661948,0.5464446314861481,0.3249224235272324,SIDE,0.5464446314861481,SIDE,True,0.5464446314861481,0.8,7,63.286677889168885
SENSEX,2025-04-16,2025-04-17,BULL,0.9775292131249931,0.557378699277323,0.3370422992492423,0.10557900147343466,BULL,0.557378699277323,BULL,True,0.557378699277323,1.0,25,73.44272195663937
INDIA_VIX,2025-04-17,2025-04-21,BULL,0.9999999999999352,0.6541986612754728,0.23726691724273594,0.10853442148179133,BULL,0.6541986612754728,BULL,True,0.6541986612754728,0.7,7,67.25191967652836
NIFTY_50,2025-04-17,2025-04-21,BULL,0.999999997627071,0.5599667451705391,0.33720957618124064,0.10282367864822031,BULL,0.5599667451705391,BULL,True,0.5599667451705391,0.3,1,42.59800471023235
NIFTY_AUTO,2025-04-17,2025-04-21,SIDE,0.564097741397263,0.13112903200843382,0.4845866719370616,0.38428429605450465,SIDE,0.4845866719370616,SIDE,True,0.4845866719370616,0.9,6,60.5752003162237
NIFTY_BANK,2025-04-17,2025-04-21,BULL,0.9999999999998943,0.6364270181478158,0.2822674261245356,0.0813055557276487,BULL,0.6364270181478158,BULL,True,0.6364270181478158,0.7,4,61.68562108886895
NIFTY_FIN_SERVICE,2025-04-17,2025-04-21,BULL,1.0,0.5999356620238961,0.317256822242292,0.08280751573381187,BULL,0.5999356620238961,BULL,True,0.5999356620238961,0.7,4,59.49613972143377
NIFTY_IT,2025-04-17,2025-04-21,BEAR,0.9999999999982128,0.06654979629689069,0.27712480364710673,0.6563254000560026,BEAR,0.6563254000560026,BEAR,True,0.6563254000560026,0.9,9,75.37952400336016
NIFTY_PHARMA,2025-04-17,2025-04-21,SIDE,0.997915487244641,0.14809263608051634,0.7472383033953746,0.10466906052410904,SIDE,0.7472383033953746,SIDE,True,0.7472383033953746,0.8,8,76.83429820372247
SENSEX,2025-04-17,2025-04-21,BULL,0.9999999980012078,0.5659685450343328,0.3275783302693691,0.10645312469629814,BULL,0.5659685450343328,BULL,True,0.5659685450343328,0.1,1,37.95811270205997
INDIA_VIX,2025-04-21,2025-04-22,BULL,0.9999999999999254,0.6541986612754658,0.23726691724273838,0.10853442148179604,BULL,0.6541986612754658,BULL,True,0.6541986612754658,0.8,8,71.25191967652795
NIFTY_50,2025-04-21,2025-04-22,BULL,0.9999999999991438,0.559966746150747,0.33720957538438956,0.1028236784648633,BULL,0.559966746150747,BULL,True,0.559966746150747,0.3,2,44.09800476904482
NIFTY_AUTO,2025-04-21,2025-04-22,SIDE,0.9642892367541794,0.19976719344047164,0.6841416370265069,0.11609116953302151,SIDE,0.6841416370265069,SIDE,True,0.6841416370265069,0.9,7,74.0484982215904
NIFTY_BANK,2025-04-21,2025-04-22,BULL,0.9999999999999982,0.6364270181479482,0.28226742612457423,0.08130555572747748,BULL,0.6364270181479482,BULL,True,0.6364270181479482,0.7,5,63.185621088876886
NIFTY_FIN_SERVICE,2025-04-21,2025-04-22,BULL,1.0,0.5999356620238961,0.317256822242292,0.08280751573381187,BULL,0.5999356620238961,BULL,True,0.5999356620238961,0.7,5,60.996139721433764
NIFTY_IT,2025-04-21,2025-04-22,BEAR,0.9999976818050137,0.06655009125175836,0.2771259697659969,0.6563239389822447,BEAR,0.6563239389822447,BEAR,True,0.6563239389822447,1.0,10,79.37943633893468
NIFTY_PHARMA,2025-04-21,2025-04-22,SIDE,0.9999937396937816,0.14842986223308233,0.7495139561530952,0.10205618161382242,SIDE,0.7495139561530952,SIDE,True,0.7495139561530952,0.9,9,80.97083736918572
SENSEX,2025-04-21,2025-04-22,BULL,0.9999999999995524,0.5659685458070172,0.32757832941718196,0.10645312477580095,BULL,0.5659685458070172,BULL,True,0.5659685458070172,0.2,2,41.95811274842103
INDIA_VIX,2025-04-22,2025-04-23,BULL,0.9999999999995541,0.6541986612750258,0.23726691724261562,0.10853442148235852,BULL,0.6541986612750258,BULL,True,0.6541986612750258,0.9,9,75.25191967650154
NIFTY_50,2025-04-22,2025-04-23,BULL,0.9999999999993401,0.5599667461509348,0.3372095753845034,0.10282367846456184,BULL,0.5599667461509348,BULL,True,0.5599667461509348,0.3,3,45.59800476905608
NIFTY_AUTO,2025-04-22,2025-04-23,SIDE,0.920681572514891,0.23925551282934185,0.6626545471538086,0.09808994001684965,SIDE,0.6626545471538086,BULL,False,0.6626545471538086,0.9,8,74.25927282922852
NIFTY_BANK,2025-04-22,2025-04-23,BULL,1.0,0.6364270181479497,0.2822674261245746,0.0813055557274757,BULL,0.6364270181479497,BULL,True,0.6364270181479497,0.7,6,64.68562108887697
NIFTY_FIN_SERVICE,2025-04-22,2025-04-23,BULL,1.0,0.5999356620238961,0.317256822242292,0.08280751573381187,BULL,0.5999356620238961,BULL,True,0.5999356620238961,0.7,6,62.496139721433764
NIFTY_IT,2025-04-22,2025-04-23,BEAR,0.9999993854261915,0.06654987449201441,0.27712511279542484,0.6563250127125606,BEAR,0.6563250127125606,BEAR,True,0.6563250127125606,1.0,11,79.37950076275364
NIFTY_PHARMA,2025-04-22,2025-04-23,SIDE,0.999998008372732,0.14843058070670176,0.7495186946969226,0.10205072459637568,SIDE,0.7495186946969226,SIDE,True,0.7495186946969226,1.0,10,84.97112168181535
SENSEX,2025-04-22,2025-04-23,BULL,0.9999999999997162,0.5659685458070806,0.327578329417112,0.10645312477580743,BULL,0.5659685458070806,BULL,True,0.5659685458070806,0.3,3,45.95811274842483
INDIA_VIX,2025-04-23,2025-04-24,BULL,0.9999999999999645,0.6541986612755084,0.23726691724274743,0.10853442148174418,BULL,0.6541986612755084,BULL,True,0.6541986612755084,1.0,10,79.2519196765305
NIFTY_50,2025-04-23,2025-04-24,BULL,0.9999999999999836,0.5599667461512932,0.33720957538444335,0.10282367846426357,BULL,0.5599667461512932,BULL,True,0.5599667461512932,0.7,1,52.59800476907759
NIFTY_AUTO,2025-04-23,2025-04-24,BULL,0.9998222265885713,0.6384010930930618,0.29970426962594937,0.061894637280988894,BULL,0.6384010930930618,BULL,True,0.6384010930930618,0.9,9,74.30406558558371
NIFTY_BANK,2025-04-23,2025-04-24,BULL,0.9999999999999947,0.636427018147943,0.2822674261245727,0.08130555572748427,BULL,0.636427018147943,BULL,True,0.636427018147943,0.7,7,66.18562108887657
NIFTY_FIN_SERVICE,2025-04-23,2025-04-24,BULL,1.0,0.5999356620238961,0.317256822242292,0.08280751573381187,BULL,0.5999356620238961,BULL,True,0.5999356620238961,0.7,7,63.996139721433764
NIFTY_IT,2025-04-23,2025-04-24,BEAR,0.6894251765444731,0.09731914957781855,0.40007884884826034,0.5026020015739211,BEAR,0.5026020015739211,SIDE,False,0.5026020015739211,0.1,1,34.156120094435266
NIFTY_PHARMA,2025-04-23,2025-04-24,SIDE,0.9999951260808411,0.1484361670793467,0.7495160254011408,0.10204780751951252,SIDE,0.7495160254011408,SIDE,True,0.7495160254011408,1.0,11,84.97096152406846
SENSEX,2025-04-23,2025-04-24,BULL,0.9999999999999991,0.5659685458071899,0.32757832941699133,0.10645312477581866,BULL,0.5659685458071899,BULL,True,0.5659685458071899,0.7,1,52.9581127484314
INDIA_VIX,2025-04-24,2025-04-25,BULL,0.9999999999999574,0.6541986612755042,0.23726691724275012,0.10853442148174566,BULL,0.6541986612755042,BULL,True,0.6541986612755042,1.0,11,79.25191967653026
NIFTY_50,2025-04-24,2025-04-25,BULL,0.9999999999992206,0.5599667461508675,0.3372095753845133,0.10282367846461926,BULL,0.5599667461508675,BULL,True,0.5599667461508675,0.7,2,54.09800476905205
NIFTY_AUTO,2025-04-24,2025-04-25,BULL,0.9999779291623643,0.6384822414942369,0.29962863148075775,0.06188912702500541,BULL,0.6384822414942369,BULL,True,0.6384822414942369,1.0,10,78.30893448965422
NIFTY_BANK,2025-04-24,2025-04-25,BULL,0.9999999999999725,0.6364270181479147,0.2822674261245644,0.08130555572752088,BULL,0.6364270181479147,BULL,True,0.6364270181479147,0.8,8,70.18562108887488
NIFTY_FIN_SERVICE,2025-04-24,2025-04-25,BULL,1.0,0.5999356620238961,0.317256822242292,0.08280751573381187,BULL,0.5999356620238961,BULL,True,0.5999356620238961,0.8,8,67.99613972143376
NIFTY_IT,2025-04-24,2025-04-25,SIDE,0.8764565543921028,0.1465772154802549,0.5994594322292329,0.2539633522905122,SIDE,0.5994594322292329,SIDE,True,0.5994594322292329,0.2,2,43.967565933753974
NIFTY_PHARMA,2025-04-24,2025-04-25,SIDE,0.9990696225306427,0.14946004801708979,0.7485956397563892,0.10194431222652114,SIDE,0.7485956397563892,SIDE,True,0.7485956397563892,1.0,12,84.91573838538335
SENSEX,2025-04-24,2025-04-25,BULL,0.9999999999992668,0.5659685458069068,0.32757832941730375,0.1064531247757896,BULL,0.5659685458069068,BULL,True,0.5659685458069068,0.7,2,54.45811274841441
INDIA_VIX,2025-04-25,2025-04-28,BULL,0.9999999999999885,0.6541986612755243,0.23726691724273977,0.10853442148173591,BULL,0.6541986612755243,BULL,True,0.6541986612755243,1.0,12,79.25191967653146
NIFTY_50,2025-04-25,2025-04-28,BULL,0.9999999871934911,0.5599667412988921,0.3372095804280677,0.10282367827304015,BULL,0.5599667412988921,BULL,True,0.5599667412988921,0.7,3,55.59800447793353
NIFTY_AUTO,2025-04-25,2025-04-28,BULL,0.8960539045557268,0.5887452440822856,0.34633155496071877,0.06492320095699568,BULL,0.5887452440822856,BULL,True,0.5887452440822856,1.0,11,75.32471464493715
NIFTY_BANK,2025-04-25,2025-04-28,BULL,0.999999999991932,0.6364270181377256,0.28226742612161815,0.08130555574065618,BULL,0.6364270181377256,BULL,True,0.6364270181377256,0.9,9,74.18562108826355
NIFTY_FIN_SERVICE,2025-04-25,2025-04-28,BULL,0.999999999999966,0.5999356620238621,0.3172568222422828,0.08280751573385511,BULL,0.5999356620238621,BULL,True,0.5999356620238621,0.2,1,42.496139721431724
NIFTY_IT,2025-04-25,2025-04-28,SIDE,0.996651391878734,0.16406418544581847,0.6669845451329333,0.16895126942124833,SIDE,0.6669845451329333,SIDE,True,0.6669845451329333,0.3,3,52.019072707976
NIFTY_PHARMA,2025-04-25,2025-04-28,SIDE,0.9999624854841019,0.1484246992353395,0.7494792781850266,0.10209602257963393,SIDE,0.7494792781850266,SIDE,True,0.7494792781850266,1.0,13,84.96875669110159
SENSEX,2025-04-25,2025-04-28,BULL,0.9999999921259719,0.5659685427626785,0.3275783327749788,0.10645312446234262,BULL,0.5659685427626785,BULL,True,0.5659685427626785,0.7,3,55.95811256576071
INDIA_VIX,2025-04-28,2025-04-29,BULL,0.9999999999999671,0.6541986612755105,0.23726691724274704,0.10853442148174236,BULL,0.6541986612755105,BULL,True,0.6541986612755105,1.0,13,79.25191967653063
NIFTY_50,2025-04-28,2025-04-29,BULL,0.999999999999603,0.5599667461510148,0.33720957538436697,0.1028236784646183,BULL,0.5599667461510148,BULL,True,0.5599667461510148,0.7,4,57.098004769060886
NIFTY_AUTO,2025-04-28,2025-04-29,BULL,0.9999099700537268,0.6384470072971367,0.2996618296335717,0.0618911630692917,BULL,0.6384470072971367,BULL,True,0.6384470072971367,1.0,12,78.30682043782821
NIFTY_BANK,2025-04-28,2025-04-29,BULL,0.9999999999999192,0.6364270181478471,0.2822674261245447,0.08130555572760814,BULL,0.6364270181478471,BULL,True,0.6364270181478471,1.0,10,78.18562108887083
NIFTY_FIN_SERVICE,2025-04-28,2025-04-29,BULL,1.0,0.599935662023896,0.31725682224229196,0.08280751573381197,BULL,0.599935662023896,BULL,True,0.599935662023896,0.2,2,43.99613972143376
NIFTY_IT,2025-04-28,2025-04-29,SIDE,0.9984129583025998,0.16419978163753401,0.6682647891582599,0.16753542920420603,SIDE,0.6682647891582599,SIDE,True,0.6682647891582599,0.7,1,59.09588734949559
NIFTY_PHARMA,2025-04-28,2025-04-29,SIDE,0.9999958408742967,0.14843537231999568,0.7495167389547901,0.1020478887252142,SIDE,0.7495167389547901,SIDE,True,0.7495167389547901,1.0,14,84.9710043372874
SENSEX,2025-04-28,2025-04-29,BULL,0.9999999999999853,0.5659685458071845,0.3275783294169973,0.10645312477581811,BULL,0.5659685458071845,BULL,True,0.5659685458071845,0.7,4,57.45811274843107
INDIA_VIX,2025-04-29,2025-04-30,BULL,0.9999999999999836,0.6541986612755211,0.23726691724274152,0.10853442148173743,BULL,0.6541986612755211,BULL,True,0.6541986612755211,1.0,14,79.25191967653126
NIFTY_50,2025-04-29,2025-04-30,BULL,0.9999999999992957,0.5599667461509067,0.33720957538450197,0.10282367846459142,BULL,0.5599667461509067,BULL,True,0.5599667461509067,0.7,5,58.59800476905439
NIFTY_AUTO,2025-04-29,2025-04-30,BULL,0.9997249014240418,0.6383512841023012,0.29975241415857884,0.06189630173911985,BULL,0.6383512841023012,BULL,True,0.6383512841023012,1.0,13,78.30107704613808
NIFTY_BANK,2025-04-29,2025-04-30,BULL,0.9999999999998348,0.6364270181477398,0.28226742612451344,0.08130555572774677,BULL,0.6364270181477398,BULL,True,0.6364270181477398,1.0,11,78.1856210888644
NIFTY_FIN_SERVICE,2025-04-29,2025-04-30,BULL,0.9999999999999918,0.5999356620238886,0.3172568222422908,0.0828075157338206,BULL,0.5999356620238886,BULL,True,0.5999356620238886,0.8,1,57.496139721433316
NIFTY_IT,2025-04-29,2025-04-30,SIDE,0.9071643814762387,0.23293253895654004,0.6139849811933152,0.1530824798501447,SIDE,0.6139849811933152,SIDE,True,0.6139849811933152,0.4,1,48.33909887159892
NIFTY_PHARMA,2025-04-29,2025-04-30,SIDE,0.999998504014238,0.14843064882180326,0.7495192435750996,0.10205010760309724,SIDE,0.7495192435750996,SIDE,True,0.7495192435750996,1.0,15,84.97115461450598
SENSEX,2025-04-29,2025-04-30,BULL,0.9999999999999509,0.5659685458071714,0.327578329417012,0.10645312477581674,BULL,0.5659685458071714,BULL,True,0.5659685458071714,0.7,5,58.95811274843028
INDIA_VIX,2025-04-30,2025-05-02,BULL,0.9999999999999991,0.6541986612755307,0.23726691724273644,0.10853442148173285,BULL,0.6541986612755307,BULL,True,0.6541986612755307,1.0,15,79.25191967653184
NIFTY_50,2025-04-30,2025-05-02,BULL,0.9999999999981519,0.559966746150397,0.3372095753848235,0.10282367846477965,BULL,0.559966746150397,BULL,True,0.559966746150397,0.7,6,60.09800476902382
NIFTY_AUTO,2025-04-30,2025-05-02,BULL,0.9996952514208864,0.6383359421385946,0.2997669150457591,0.061897142815646365,BULL,0.6383359421385946,BULL,True,0.6383359421385946,1.0,14,78.30015652831567
NIFTY_BANK,2025-04-30,2025-05-02,BULL,0.9999999999937408,0.6364270181400528,0.2822674261223255,0.08130555573762169,BULL,0.6364270181400528,BULL,True,0.6364270181400528,1.0,12,78.18562108840317
NIFTY_FIN_SERVICE,2025-04-30,2025-05-02,BULL,0.999999999999452,0.5999356620235511,0.3172568222424076,0.08280751573404141,BULL,0.5999356620235511,BULL,True,0.5999356620235511,0.3,1,44.996139721413066
NIFTY_IT,2025-04-30,2025-05-02,SIDE,0.9258839792051793,0.22080523120467002,0.6236075791889616,0.15558718960636836,SIDE,0.6236075791889616,SIDE,True,0.6236075791889616,0.5,2,52.916454751337696
NIFTY_PHARMA,2025-04-30,2025-05-02,SIDE,0.9999996576530279,0.1484308973587905,0.7495205289997612,0.10204857364144825,SIDE,0.7495205289997612,SIDE,True,0.7495205289997612,1.0,16,84.97123173998567
SENSEX,2025-04-30,2025-05-02,BULL,0.9999999999996179,0.5659685458070426,0.3275783294171539,0.10645312477580357,BULL,0.5659685458070426,BULL,True,0.5659685458070426,0.7,6,60.45811274842256
INDIA_VIX,2025-05-02,2025-05-05,BULL,0.9999999999999964,0.6541986612755292,0.23726691724273716,0.10853442148173359,BULL,0.6541986612755292,BULL,True,0.6541986612755292,1.0,16,79.25191967653174
NIFTY_50,2025-05-02,2025-05-05,BULL,0.9999999999968536,0.5599667461498885,0.33720957538530716,0.10282367846480428,BULL,0.5599667461498885,BULL,True,0.5599667461498885,0.7,7,61.598004768993306
NIFTY_AUTO,2025-05-02,2025-05-05,BULL,0.9991210247078157,0.6380389788208722,0.3000475907648913,0.06191343041423651,BULL,0.6380389788208722,BULL,True,0.6380389788208722,1.0,15,78.28233872925233
NIFTY_BANK,2025-05-02,2025-05-05,BULL,0.9999999999940481,0.6364270181405888,0.2822674261226256,0.08130555573678575,BULL,0.6364270181405888,BULL,True,0.6364270181405888,1.0,13,78.18562108843533
NIFTY_FIN_SERVICE,2025-05-02,2025-05-05,BULL,0.9999999999994038,0.5999356620235609,0.31725682224247004,0.08280751573396916,BULL,0.5999356620235609,BULL,True,0.5999356620235609,0.4,2,48.996139721413655
NIFTY_IT,2025-05-02,2025-05-05,SIDE,0.7349349633341156,0.32346808904132135,0.5418145637529461,0.13471734720573253,SIDE,0.5418145637529461,BULL,False,0.5418145637529461,0.6,3,52.00887382517677
NIFTY_PHARMA,2025-05-02,2025-05-05,SIDE,0.9999969674273991,0.14843039078531733,0.7495175378626536,0.1020520713520291,SIDE,0.7495175378626536,SIDE,True,0.7495175378626536,1.0,17,84.97105227175922
SENSEX,2025-05-02,2025-05-05,BULL,0.9999999999999647,0.5659685458071766,0.3275783294170061,0.10645312477581728,BULL,0.5659685458071766,BULL,True,0.5659685458071766,0.7,7,61.958112748430594
INDIA_VIX,2025-05-05,2025-05-06,BULL,0.9999999999999933,0.6541986612755272,0.23726691724273818,0.10853442148173448,BULL,0.6541986612755272,BULL,True,0.6541986612755272,1.0,17,79.25191967653163
NIFTY_50,2025-05-05,2025-05-06,BULL,0.9999999999997735,0.5599667461511942,0.33720957538449353,0.1028236784643121,BULL,0.5599667461511942,BULL,True,0.5599667461511942,0.3,1,42.59800476907166
NIFTY_AUTO,2025-05-05,2025-05-06,BULL,0.9999998436776314,0.6384935863926705,0.29961790794293625,0.06188850566439331,BULL,0.6384935863926705,BULL,True,0.6384935863926705,0.1,1,42.30961518356023
NIFTY_BANK,2025-05-05,2025-05-06,BULL,0.9999999998047078,0.6364270179771991,0.28226742615117373,0.08130555587162698,BULL,0.6364270179771991,BULL,True,0.6364270179771991,1.0,14,78.18562107863195
NIFTY_FIN_SERVICE,2025-05-05,2025-05-06,BULL,0.999999999978014,0.5999356620139519,0.317256822252007,0.08280751573404112,BULL,0.5999356620139519,BULL,True,0.5999356620139519,0.6,1,52.49613972083711
NIFTY_IT,2025-05-05,2025-05-06,BULL,0.7843894039949754,0.5411966957546107,0.3688896205717082,0.08991368367368115,BULL,0.5411966957546107,BULL,True,0.5411966957546107,0.7,4,55.971801745276636
NIFTY_PHARMA,2025-05-05,2025-05-06,SIDE,0.9999994996901992,0.14843090896050026,0.7495203569767295,0.10204873406277018,SIDE,0.7495203569767295,SIDE,True,0.7495203569767295,1.0,18,84.97122141860378
SENSEX,2025-05-05,2025-05-06,BULL,0.9999999999999913,0.5659685458071869,0.3275783294169948,0.10645312477581834,BULL,0.5659685458071869,BULL,True,0.5659685458071869,0.3,1,42.95811274843121
INDIA_VIX,2025-05-06,2025-05-07,BULL,0.9999999999999996,0.6541986612755311,0.23726691724273624,0.10853442148173273,BULL,0.6541986612755311,BULL,True,0.6541986612755311,1.0,18,79.25191967653186
NIFTY_50,2025-05-06,2025-05-07,BULL,0.999999999929946,0.5599667461243951,0.3372095754114179,0.10282367846418705,BULL,0.5599667461243951,BULL,True,0.5599667461243951,0.8,1,55.098004767463706
NIFTY_AUTO,2025-05-06,2025-05-07,BULL,0.9999997464153674,0.6384935360439303,0.29961795554146886,0.061888508414600786,BULL,0.6384935360439303,BULL,True,0.6384935360439303,0.2,2,46.309612162635815
NIFTY_BANK,2025-05-06,2025-05-07,BULL,0.9999965469643609,0.6364249136746283,0.28226906644335936,0.08130601988201236,BULL,0.6364249136746283,BULL,True,0.6364249136746283,1.0,15,78.1854948204777
NIFTY_FIN_SERVICE,2025-05-06,2025-05-07,BULL,0.9999999371929205,0.5999356337080323,0.31725685011406457,0.08280751617790315,BULL,0.5999356337080323,BULL,True,0.5999356337080323,0.5,1,49.99613802248194
NIFTY_IT,2025-05-06,2025-05-07,BULL,0.8638255922452166,0.5783543032754215,0.3395355701123853,0.0821101266121933,BULL,0.5783543032754215,BULL,True,0.5783543032754215,0.8,5,62.20125819652529
NIFTY_PHARMA,2025-05-06,2025-05-07,SIDE,0.9999666693018874,0.14842538925379037,0.7494839194116927,0.10209069133451687,SIDE,0.7494839194116927,SIDE,True,0.7494839194116927,1.0,19,84.96903516470157
SENSEX,2025-05-06,2025-05-07,BULL,0.9999999999989853,0.5659685458067979,0.32757832941742376,0.10645312477577833,BULL,0.5659685458067979,BULL,True,0.5659685458067979,0.3,2,44.45811274840787
INDIA_VIX,2025-05-07,2025-05-08,BULL,0.9999999999999991,0.6541986612755308,0.23726691724273632,0.10853442148173283,BULL,0.6541986612755308,BULL,True,0.6541986612755308,1.0,19,79.25191967653186
NIFTY_50,2025-05-07,2025-05-08,BULL,0.9999999999453322,0.559966746130601,0.33720957540599283,0.10282367846340618,BULL,0.559966746130601,BULL,True,0.559966746130601,0.9,2,59.098004767836066
NIFTY_AUTO,2025-05-07,2025-05-08,BULL,0.9999999998598947,0.6384936672516243,0.2996178315193298,0.06188850122904586,BULL,0.6384936672516243,BULL,True,0.6384936672516243,0.3,3,50.30962003509746
NIFTY_BANK,2025-05-07,2025-05-08,BULL,0.9999998799808059,0.6364269464458164,0.282267484986236,0.08130556856794763,BULL,0.6364269464458164,BULL,True,0.6364269464458164,1.0,16,78.185616786749
NIFTY_FIN_SERVICE,2025-05-07,2025-05-08,BULL,0.9999999994827826,0.5999356617911005,0.31725682247231896,0.08280751573658066,BULL,0.5999356617911005,BULL,True,0.5999356617911005,0.5,1,49.99613970746603
NIFTY_IT,2025-05-07,2025-05-08,BULL,0.949885616190399,0.6232756823883762,0.3041613138331343,0.07256300377848951,BULL,0.6232756823883762,BULL,True,0.6232756823883762,0.9,6,68.89654094330257
NIFTY_PHARMA,2025-05-07,2025-05-08,SIDE,0.9999455328286845,0.14842190245859524,0.7494604746205783,0.1021176229208264,SIDE,0.7494604746205783,SIDE,True,0.7494604746205783,1.0,20,84.9676284772347
SENSEX,2025-05-07,2025-05-08,BULL,0.9999999999987621,0.5659685458067116,0.32757832941751885,0.10645312477576942,BULL,0.5659685458067116,BULL,True,0.5659685458067116,0.3,3,45.9581127484027
INDIA_VIX,2025-05-08,2025-05-09,BULL,1.0,0.6541986612755314,0.23726691724273602,0.10853442148173256,BULL,0.6541986612755314,BULL,True,0.6541986612755314,1.0,20,79.25191967653188
NIFTY_50,2025-05-08,2025-05-09,BULL,0.9999995954021572,0.5599665970612817,0.3372097418346862,0.10282366110403203,BULL,0.5599665970612817,BULL,True,0.5599665970612817,0.2,1,40.097995823676904
NIFTY_AUTO,2025-05-08,2025-05-09,BULL,0.9998339998080452,0.638407742066295,0.2996990500606713,0.06189320787303351,BULL,0.638407742066295,BULL,True,0.638407742066295,0.4,4,54.3044645239777
NIFTY_BANK,2025-05-08,2025-05-09,BULL,0.9999891171036432,0.6364208478871946,0.28227318728996914,0.0813059648228363,BULL,0.6364208478871946,BULL,True,0.6364208478871946,1.0,17,78.18525087323168
NIFTY_FIN_SERVICE,2025-05-08,2025-05-09,BULL,0.9999992884217668,0.5999353406610113,0.3172571372941463,0.08280752204484237,BULL,0.5999353406610113,BULL,True,0.5999353406610113,0.6,1,52.49612043966068
NIFTY_IT,2025-05-08,2025-05-09,BULL,0.9823930919218019,0.6420993862100962,0.28937844703632715,0.06852216675357663,BULL,0.6420993862100962,BULL,True,0.6420993862100962,0.1,1,42.52596317260577
NIFTY_PHARMA,2025-05-08,2025-05-09,SIDE,0.8895839535716527,0.1379466175914055,0.6678857847589088,0.19416759764968564,SIDE,0.6678857847589088,SIDE,True,0.6678857847589088,1.0,21,80.07314708553453
SENSEX,2025-05-08,2025-05-09,BULL,0.9999999898104973,0.5659685418674973,0.3275783337626256,0.10645312436987718,BULL,0.5659685418674973,BULL,True,0.5659685418674973,0.4,4,49.95811251204984
INDIA_VIX,2025-05-09,2025-05-12,BULL,0.999999998701119,0.6541986604627029,0.23726691767233177,0.1085344218649652,BULL,0.6541986604627029,BULL,True,0.6541986604627029,0.1,1,43.25191962776218
NIFTY_50,2025-05-09,2025-05-12,BULL,0.8524775124472048,0.5085533456218094,0.39454952532477144,0.09689712905341903,BULL,0.5085533456218094,BULL,True,0.5085533456218094,0.3,2,41.013200737308566
NIFTY_AUTO,2025-05-09,2025-05-12,BULL,0.9979637078931248,0.6374413875237415,0.3006123372230531,0.06194627525320547,BULL,0.6374413875237415,BULL,True,0.6374413875237415,0.5,5,58.24648325142447
NIFTY_BANK,2025-05-09,2025-05-12,BULL,0.8087121909022728,0.5431251811750388,0.36918923399939346,0.08768558482556783,BULL,0.5431251811750388,BULL,True,0.5431251811750388,1.0,18,72.58751087050234
NIFTY_FIN_SERVICE,2025-05-09,2025-05-12,BULL,0.9080731270619209,0.546020782362579,0.3320242053958913,0.1219550122415297,BULL,0.546020782362579,BULL,True,0.546020782362579,0.4,1,44.26124694175474
NIFTY_IT,2025-05-09,2025-05-12,BULL,0.8657878766489081,0.5793257531796744,0.33878858343736595,0.08188566338295969,BULL,0.5793257531796744,BULL,True,0.5793257531796744,0.2,2,42.75954519078046
NIFTY_PHARMA,2025-05-09,2025-05-12,SIDE,0.7467440636146901,0.1319750233170044,0.602361167459824,0.26566380922317157,SIDE,0.602361167459824,SIDE,True,0.602361167459824,0.1,1,40.14167004758944
SENSEX,2025-05-09,2025-05-12,BULL,0.991108259059308,0.5625464307834555,0.3313513092009487,0.10610226001559599,BULL,0.5625464307834555,BULL,True,0.5625464307834555,0.5,5,53.752785847007324
INDIA_VIX,2025-05-12,2025-05-13,BULL,0.9997849963263312,0.6540641550567636,0.2373380124565949,0.10859783248664143,BULL,0.6540641550567636,BULL,True,0.6540641550567636,0.2,2,47.24384930340582
NIFTY_50,2025-05-12,2025-05-13,BULL,0.9999999999852367,0.5599667461387735,0.3372095753785581,0.1028236784826683,BULL,0.5599667461387735,BULL,True,0.5599667461387735,0.4,3,48.09800476832641
NIFTY_AUTO,2025-05-12,2025-05-13,BULL,0.9999999997060396,0.6384936671719111,0.2996178315945575,0.06188850123353127,BULL,0.6384936671719111,BULL,True,0.6384936671719111,0.6,6,62.30962003031466
NIFTY_BANK,2025-05-12,2025-05-13,BULL,0.9999999679197874,0.6364269780296637,0.2822674150543379,0.08130560691599842,BULL,0.6364269780296637,BULL,True,0.6364269780296637,1.0,19,78.18561868177983
NIFTY_FIN_SERVICE,2025-05-12,2025-05-13,BULL,0.9999999999909184,0.5999356620138377,0.31725682223855967,0.08280751574760258,BULL,0.5999356620138377,BULL,True,0.5999356620138377,0.5,2,51.49613972083026
NIFTY_IT,2025-05-12,2025-05-13,BULL,0.9999999999999751,0.6528608295362639,0.2809406731757197,0.06619849728801631,BULL,0.6528608295362639,BULL,True,0.6528608295362639,0.3,3,51.17164977217583
NIFTY_PHARMA,2025-05-12,2025-05-13,SIDE,0.7206765180043868,0.13125184921489508,0.5922669896364429,0.276481161148662,SIDE,0.5922669896364429,SIDE,True,0.5922669896364429,0.9,1,59.53601937818658
SENSEX,2025-05-12,2025-05-13,BULL,1.0,0.5659685458071902,0.327578329416991,0.10645312477581868,BULL,0.5659685458071902,BULL,True,0.5659685458071902,0.6,6,57.95811274843141
INDIA_VIX,2025-05-13,2025-05-14,BULL,0.8643505276363644,0.5814198929676927,0.27717318053503004,0.14140692649727732,BULL,0.5814198929676927,BULL,True,0.5814198929676927,0.3,3,46.88519357806156
NIFTY_50,2025-05-13,2025-05-14,BULL,0.999999935389459,0.5599667218000687,0.3372096010491897,0.1028236771507416,BULL,0.5599667218000687,BULL,True,0.5599667218000687,0.5,4,52.09800330800412
NIFTY_AUTO,2025-05-13,2025-05-14,BULL,0.999997917887937,0.6384925894209194,0.29961885032279,0.061888560256290574,BULL,0.6384925894209194,BULL,True,0.6384925894209194,0.7,7,66.30955536525516
NIFTY_BANK,2025-05-13,2025-05-14,BULL,0.9999943378160162,0.6364237539350515,0.28227035460810435,0.08130589145684422,BULL,0.6364237539350515,BULL,True,0.6364237539350515,1.0,20,78.18542523610309
NIFTY_FIN_SERVICE,2025-05-13,2025-05-14,BULL,0.9999995019627695,0.5999354263309328,0.31725702873201395,0.08280754493705329,BULL,0.5999354263309328,BULL,True,0.5999354263309328,0.6,3,55.49612557985597
NIFTY_IT,2025-05-13,2025-05-14,BULL,0.9999990764250166,0.6528602533201388,0.28094112467329996,0.06619862200656138,BULL,0.6528602533201388,BULL,True,0.6528602533201388,0.4,4,55.171615199208325
NIFTY_PHARMA,2025-05-13,2025-05-14,SIDE,0.997262711629848,0.14798944543210626,0.7465358106331955,0.10547474393469819,SIDE,0.7465358106331955,SIDE,True,0.7465358106331955,0.2,1,51.29214863799173
SENSEX,2025-05-13,2025-05-14,BULL,0.9999999875717759,0.5659685409999965,0.32757833471402137,0.10645312428598215,BULL,0.5659685409999965,BULL,True,0.5659685409999965,0.7,7,61.95811245999978
INDIA_VIX,2025-05-14,2025-05-15,BULL,0.6393403999396,0.48889661331878553,0.33062811305812906,0.18047527362308524,BULL,0.48889661331878553,SIDE,False,0.48889661331878553,0.4,4,45.33379679912713
NIFTY_50,2025-05-14,2025-05-15,BULL,0.9999999899397863,0.5599667424357752,0.3372095795089382,0.10282367805528655,BULL,0.5599667424357752,BULL,True,0.5599667424357752,0.6,5,56.098004546146505
NIFTY_AUTO,2025-05-14,2025-05-15,BULL,0.9999998959348921,0.638493613449864,0.29961788237465153,0.06188850417548443,BULL,0.638493613449864,BULL,True,0.638493613449864,0.8,8,70.30961680699184
NIFTY_BANK,2025-05-14,2025-05-15,BULL,0.9999272336365242,0.6363864462854448,0.2823068164279077,0.08130673728664752,BULL,0.6363864462854448,BULL,True,0.6363864462854448,1.0,21,78.18318677712669
NIFTY_FIN_SERVICE,2025-05-14,2025-05-15,BULL,0.9999865664557729,0.5999295954336122,0.3172627701773635,0.08280763438902423,BULL,0.5999295954336122,BULL,True,0.5999295954336122,0.6,4,56.99577572601673
NIFTY_IT,2025-05-14,2025-05-15,BULL,0.9999999973391376,0.6528608278761902,0.28094067447651394,0.06619849764729586,BULL,0.6528608278761902,BULL,True,0.6528608278761902,0.5,5,59.171649672571405
NIFTY_PHARMA,2025-05-14,2025-05-15,SIDE,0.9999415923196996,0.1484262895476209,0.7494565418008403,0.10211716865153876,SIDE,0.7494565418008403,SIDE,True,0.7494565418008403,0.8,1,66.46739250805041
SENSEX,2025-05-14,2025-05-15,BULL,0.9999999911249796,0.56596854237562,0.3275783332018263,0.10645312442255382,BULL,0.56596854237562,BULL,True,0.56596854237562,0.8,8,65.9581125425372
INDIA_VIX,2025-05-15,2025-05-16,SIDE,0.9883456364602484,0.2632959321877112,0.4667195879419752,0.2699844798703136,SIDE,0.4667195879419752,SIDE,True,0.4667195879419752,0.1,1,32.00317527651851
NIFTY_50,2025-05-15,2025-05-16,BULL,0.999999999999952,0.5599667461512737,0.33720957538444324,0.102823678464283,BULL,0.5599667461512737,BULL,True,0.5599667461512737,0.7,6,60.09800476907642
NIFTY_AUTO,2025-05-15,2025-05-16,BULL,0.99999999996525,0.6384936673061666,0.29961783146777454,0.061888501226058885,BULL,0.6384936673061666,BULL,True,0.6384936673061666,0.9,9,74.30962003837
NIFTY_BANK,2025-05-15,2025-05-16,BULL,0.9999988261074295,0.6364263646020514,0.28226806294198137,0.08130557245596727,BULL,0.6364263646020514,BULL,True,0.6364263646020514,1.0,22,78.1855818761231
NIFTY_FIN_SERVICE,2025-05-15,2025-05-16,BULL,0.9999999579571612,0.5999356432593113,0.31725684114679176,0.08280751559389693,BULL,0.5999356432593113,BULL,True,0.5999356432593113,0.4,1,47.496138595558676
NIFTY_IT,2025-05-15,2025-05-16,BULL,0.9999999999546856,0.6528608295080257,0.28094067319787963,0.06619849729409465,BULL,0.6528608295080257,BULL,True,0.6528608295080257,0.6,6,63.171649770481544
NIFTY_PHARMA,2025-05-15,2025-05-16,SIDE,0.9998586603047355,0.1485828217009645,0.7493794361407442,0.10203774215829119,SIDE,0.7493794361407442,SIDE,True,0.7493794361407442,0.8,2,67.96276616844466
SENSEX,2025-05-15,2025-05-16,BULL,0.9999999999999778,0.5659685458071817,0.3275783294170005,0.10645312477581782,BULL,0.5659685458071817,BULL,True,0.5659685458071817,0.9,9,69.9581127484309
INDIA_VIX,2025-05-16,2025-05-19,SIDE,0.981308952658034,0.2567443664817495,0.4650213380801545,0.27823429543809597,SIDE,0.4650213380801545,SIDE,True,0.4650213380801545,0.2,2,35.90128028480927
NIFTY_50,2025-05-16,2025-05-19,BULL,0.9999999999976807,0.5599667461503868,0.3372095753852931,0.10282367846432021,BULL,0.5599667461503868,BULL,True,0.5599667461503868,0.8,7,64.0980047690232
NIFTY_AUTO,2025-05-16,2025-05-19,BULL,0.9999999999862481,0.6384936673170373,0.2996178314574992,0.061888501225463514,BULL,0.6384936673170373,BULL,True,0.6384936673170373,1.0,10,78.30962003902224
NIFTY_BANK,2025-05-16,2025-05-19,BULL,0.9999930561583475,0.6364232029853727,0.28227125786008983,0.08130553915453756,BULL,0.6364232029853727,BULL,True,0.6364232029853727,0.1,1,42.18539217912237
NIFTY_FIN_SERVICE,2025-05-16,2025-05-19,BULL,0.999999213817344,0.5999353120279216,0.3172571769106921,0.08280751106138635,BULL,0.5999353120279216,BULL,True,0.5999353120279216,0.4,2,48.996118721675295
NIFTY_IT,2025-05-16,2025-05-19,BULL,0.999999914630978,0.652860776274721,0.28094071490914835,0.06619850881613064,BULL,0.652860776274721,BULL,True,0.652860776274721,0.7,7,67.17164657648325
NIFTY_PHARMA,2025-05-16,2025-05-19,SIDE,0.9999453020369485,0.14848077921800745,0.7494653547337461,0.10205386604824632,SIDE,0.7494653547337461,SIDE,True,0.7494653547337461,0.8,3,69.46792128402477
SENSEX,2025-05-16,2025-05-19,BULL,0.9999999999905262,0.5659685458035267,0.3275783294210302,0.10645312477544301,BULL,0.5659685458035267,BULL,True,0.5659685458035267,1.0,10,73.95811274821162
INDIA_VIX,2025-05-19,2025-05-20,SIDE,0.9998752225469267,0.2594357020519205,0.46971198199904834,0.2708523159490311,SIDE,0.46971198199904834,SIDE,True,0.46971198199904834,0.4,1,39.68271891994291
NIFTY_50,2025-05-19,2025-05-20,BULL,0.9999999993604689,0.5599667459145925,0.3372095756457728,0.10282367843963465,BULL,0.5599667459145925,BULL,True,0.5599667459145925,0.3,1,42.598004754875554
NIFTY_AUTO,2025-05-19,2025-05-20,BULL,0.9999999999884808,0.6384936673181931,0.2996178314564066,0.06188850122540021,BULL,0.6384936673181931,BULL,True,0.6384936673181931,1.0,11,78.30962003909158
NIFTY_BANK,2025-05-19,2025-05-20,BULL,0.9999850588793916,0.636418841573311,0.282275712367662,0.08130544605902694,BULL,0.636418841573311,BULL,True,0.636418841573311,0.2,2,46.18513049439865
NIFTY_FIN_SERVICE,2025-05-19,2025-05-20,BULL,0.9999967437571883,0.5999342132551729,0.31725829233381103,0.08280749441101604,BULL,0.5999342132551729,BULL,True,0.5999342132551729,0.5,3,52.996052795310376
NIFTY_IT,2025-05-19,2025-05-20,BULL,0.9995884077636026,0.6526041652459992,0.28114178737456746,0.06625404737943336,BULL,0.6526041652459992,BULL,True,0.6526041652459992,0.8,8,71.15624991475995
NIFTY_PHARMA,2025-05-19,2025-05-20,SIDE,0.999623109805052,0.1488464681239311,0.7491450023703968,0.10200852950567202,SIDE,0.7491450023703968,SIDE,True,0.7491450023703968,0.8,4,70.94870014222381
SENSEX,2025-05-19,2025-05-20,BULL,0.9999999962868649,0.5659685443714964,0.3275783310005064,0.10645312462799733,BULL,0.5659685443714964,BULL,True,0.5659685443714964,0.1,1,37.958112662289786
INDIA_VIX,2025-05-20,2025-05-21,SIDE,0.9998847032568668,0.2594185050509297,0.4697146134733546,0.27086688147571564,SIDE,0.4697146134733546,SIDE,True,0.4697146134733546,0.4,2,41.18287680840128
NIFTY_50,2025-05-20,2025-05-21,BULL,0.9999400926133317,0.559944690605736,0.3372342525201322,0.10282105687413158,BULL,0.559944690605736,BULL,True,0.559944690605736,0.3,2,44.09668143634416
NIFTY_AUTO,2025-05-20,2025-05-21,BULL,0.9999472233649359,0.638466346250967,0.2996436561945261,0.06188999755450705,BULL,0.638466346250967,BULL,True,0.638466346250967,1.0,12,78.30798077505801
NIFTY_BANK,2025-05-20,2025-05-21,BULL,0.9846019755635677,0.6281311711561872,0.29066575101378345,0.08120307783002925,BULL,0.6281311711561872,BULL,True,0.6281311711561872,0.3,3,49.68787026937123
NIFTY_FIN_SERVICE,2025-05-20,2025-05-21,BULL,0.9943666357595223,0.597433380826168,0.3197828961390361,0.08278372303479585,BULL,0.597433380826168,BULL,True,0.597433380826168,0.5,4,54.34600284957008
NIFTY_IT,2025-05-20,2025-05-21,BULL,0.992420760116778,0.6481745944896931,0.28461371454833806,0.067211690961969,BULL,0.6481745944896931,BULL,True,0.6481745944896931,0.9,9,74.89047566938159
NIFTY_PHARMA,2025-05-20,2025-05-21,SIDE,0.9983548577857422,0.14816345520243349,0.7477144239604502,0.1041221208371162,SIDE,0.7477144239604502,SIDE,True,0.7477144239604502,0.8,5,72.362865437627
SENSEX,2025-05-20,2025-05-21,BULL,0.9997989790342304,0.5658908266660146,0.32766404386606307,0.10644512946792231,BULL,0.5658908266660146,BULL,True,0.5658908266660146,0.2,2,41.95344959996088
INDIA_VIX,2025-05-21,2025-05-22,SIDE,0.9999155980003563,0.25941963044633837,0.4697225449375797,0.2708578246160819,SIDE,0.4697225449375797,SIDE,True,0.4697225449375797,0.4,3,42.68335269625478
NIFTY_50,2025-05-21,2025-05-22,BULL,0.9999986725705142,0.5599662576242364,0.3372101225241913,0.10282361985157232,BULL,0.5599662576242364,BULL,True,0.5599662576242364,0.3,3,45.59797545745418
NIFTY_AUTO,2025-05-21,2025-05-22,BULL,0.9999979459635893,0.6384926039555648,0.2996188365841156,0.06188855946031949,BULL,0.6384926039555648,BULL,True,0.6384926039555648,1.0,13,78.3095562373339
NIFTY_BANK,2025-05-21,2025-05-22,BULL,0.9959754270355984,0.6342372389054538,0.28449402574510724,0.08126873534943893,BULL,0.6342372389054538,BULL,True,0.6342372389054538,0.4,4,54.054234334327234
NIFTY_FIN_SERVICE,2025-05-21,2025-05-22,BULL,0.9992910984412833,0.5996203850980953,0.3175766760305796,0.08280293887132503,BULL,0.5996203850980953,BULL,True,0.5996203850980953,0.6,5,58.47722310588571
NIFTY_IT,2025-05-21,2025-05-22,BULL,0.9991118504412184,0.6523073068598435,0.2813744045986042,0.06631828854155229,BULL,0.6523073068598435,BULL,True,0.6523073068598435,1.0,10,79.13843841159061
NIFTY_PHARMA,2025-05-21,2025-05-22,SIDE,0.9999150049898269,0.1485174064006557,0.7494353848013369,0.10204720879800752,SIDE,0.7494353848013369,SIDE,True,0.7494353848013369,0.8,6,73.96612308808021
SENSEX,2025-05-21,2025-05-22,BULL,0.9999924869298897,0.5659656409342485,0.3275815335648407,0.1064528255009108,BULL,0.5659656409342485,BULL,True,0.5659656409342485,0.3,3,45.95793845605491
INDIA_VIX,2025-05-22,2025-05-23,SIDE,0.9995291992083398,0.25937643809368754,0.4696236936333619,0.2709998682729506,SIDE,0.4696236936333619,SIDE,True,0.4696236936333619,0.4,4,44.177421618001716
NIFTY_50,2025-05-22,2025-05-23,BULL,0.9967564212086046,0.558774865193994,0.3385443726373726,0.10268076216863337,BULL,0.558774865193994,BULL,True,0.558774865193994,0.4,4,49.52649191163964
NIFTY_AUTO,2025-05-22,2025-05-23,BULL,0.9977277254711071,0.6373196857192759,0.3007273383579714,0.06195297592275276,BULL,0.6373196857192759,BULL,True,0.6373196857192759,0.1,1,42.23918114315656
NIFTY_BANK,2025-05-22,2025-05-23,BULL,0.973412410650575,0.6222763295115248,0.29662743897692695,0.08109623151154831,BULL,0.6222763295115248,BULL,True,0.6222763295115248,0.5,5,57.336579770691486
NIFTY_FIN_SERVICE,2025-05-22,2025-05-23,BULL,0.9832918416088638,0.5925796597518934,0.32470699297962213,0.08271334726848462,BULL,0.5925796597518934,BULL,True,0.5925796597518934,0.6,6,59.55477958511361
NIFTY_IT,2025-05-22,2025-05-23,BULL,0.6582993341750911,0.48711904623940566,0.4117679204287087,0.10111303333188562,BULL,0.48711904623940566,BULL,True,0.48711904623940566,0.1,1,33.227142774364346
NIFTY_PHARMA,2025-05-22,2025-05-23,SIDE,0.9994629872320857,0.14834364168365446,0.7489270723690279,0.10272928594731758,SIDE,0.7489270723690279,SIDE,True,0.7489270723690279,0.8,7,75.43562434214167
SENSEX,2025-05-22,2025-05-23,BULL,0.9923634921859816,0.5630274388782647,0.3308206260301091,0.10615193509162624,BULL,0.5630274388782647,BULL,True,0.5630274388782647,0.4,4,49.78164633269588
INDIA_VIX,2025-05-23,2025-05-26,SIDE,0.99954745326985,0.2593733991088877,0.4696284211971326,0.27099817969397977,SIDE,0.4696284211971326,SIDE,True,0.4696284211971326,0.5,5,48.17770527182796
NIFTY_50,2025-05-23,2025-05-26,BULL,0.9999971744686282,0.5599657060131696,0.33721073955020975,0.10282355443662067,BULL,0.5599657060131696,BULL,True,0.5599657060131696,0.5,5,53.59794236079017
NIFTY_AUTO,2025-05-23,2025-05-26,BULL,0.9988903933604065,0.6379197927777979,0.30016023427323035,0.061919972948971724,BULL,0.6379197927777979,BULL,True,0.6379197927777979,0.9,1,62.27518756666788
NIFTY_BANK,2025-05-23,2025-05-26,BULL,0.9995226749811552,0.6361663577592215,0.282532561726927,0.08130108051385158,BULL,0.6361663577592215,BULL,True,0.6361663577592215,0.6,6,62.16998146555328
NIFTY_FIN_SERVICE,2025-05-23,2025-05-26,BULL,0.9999354248736209,0.5999069310910138,0.31728597285047777,0.08280709605850846,BULL,0.5999069310910138,BULL,True,0.5999069310910138,0.7,7,63.994415865460816
NIFTY_IT,2025-05-23,2025-05-26,BULL,0.9192117902396312,0.606555613801716,0.31732052328403865,0.0761238629142455,BULL,0.606555613801716,BULL,True,0.606555613801716,0.9,1,60.39333682810296
NIFTY_PHARMA,2025-05-23,2025-05-26,SIDE,0.9978855433202819,0.14808827746360806,0.7472059809475666,0.10470574158882522,SIDE,0.7472059809475666,SIDE,True,0.7472059809475666,0.9,8,79.332358856854
SENSEX,2025-05-23,2025-05-26,BULL,0.9999853878443153,0.565962896137004,0.3275845611157245,0.10645254274727145,BULL,0.565962896137004,BULL,True,0.565962896137004,0.5,5,53.95777376822024
INDIA_VIX,2025-05-26,2025-05-27,SIDE,0.9999330265138743,0.25942126375618424,0.4697270081127567,0.270851728131059,SIDE,0.4697270081127567,SIDE,True,0.4697270081127567,0.3,1,37.1836204867654
NIFTY_50,2025-05-26,2025-05-27,BULL,0.9999998969426891,0.5599667082069224,0.3372096178344427,0.10282367395863495,BULL,0.5599667082069224,BULL,True,0.5599667082069224,0.6,6,57.59800249241533
NIFTY_AUTO,2025-05-26,2025-05-27,BULL,0.9999794758621734,0.638483042212796,0.2996278746646366,0.061889083122567606,BULL,0.638483042212796,BULL,True,0.638483042212796,0.9,2,63.80898253276776
NIFTY_BANK,2025-05-26,2025-05-27,BULL,0.9998216689771049,0.6363296148522294,0.28236652952455077,0.08130385562321983,BULL,0.6363296148522294,BULL,True,0.6363296148522294,0.7,7,66.17977689113376
NIFTY_FIN_SERVICE,2025-05-26,2025-05-27,BULL,0.9999731749469964,0.5999237280483644,0.3172689338070005,0.08280733814463521,BULL,0.5999237280483644,BULL,True,0.5999237280483644,0.8,8,67.99542368290187
NIFTY_IT,2025-05-26,2025-05-27,BULL,0.9993693830079142,0.6524676872141955,0.2812487294752765,0.06628358331052812,BULL,0.6524676872141955,BULL,True,0.6524676872141955,0.9,2,64.64806123285173
NIFTY_PHARMA,2025-05-26,2025-05-27,SIDE,0.9996410841041113,0.14837499498781143,0.7491237629847789,0.10250124202740958,SIDE,0.7491237629847789,SIDE,True,0.7491237629847789,0.9,9,80.94742577908673
SENSEX,2025-05-26,2025-05-27,BULL,0.999999275952655,0.5659682658599672,0.32757863820971456,0.10645309593031825,BULL,0.5659682658599672,BULL,True,0.5659682658599672,0.6,6,57.95809595159802
INDIA_VIX,2025-05-27,2025-05-28,SIDE,0.9999161868741153,0.2594286093510412,0.46972259529431204,0.2708487953546467,SIDE,0.46972259529431204,SIDE,True,0.46972259529431204,0.6,1,44.68335571765872
NIFTY_50,2025-05-27,2025-05-28,BULL,0.9997528285430239,0.5598758163434151,0.33731148381481557,0.10281269984176945,BULL,0.5598758163434151,BULL,True,0.5598758163434151,0.7,7,61.5925489806049
NIFTY_AUTO,2025-05-27,2025-05-28,BULL,0.995707891072485,0.6362800717201261,0.3017095540227186,0.06201037425715522,BULL,0.6362800717201261,BULL,True,0.6362800717201261,0.9,3,65.17680430320758
NIFTY_BANK,2025-05-27,2025-05-28,BULL,0.9934807030690807,0.6328899448636186,0.285865700644858,0.08124435449152351,BULL,0.6328899448636186,BULL,True,0.6328899448636186,0.8,8,69.97339669181711
NIFTY_FIN_SERVICE,2025-05-27,2025-05-28,BULL,0.99525827859801,0.5978324836173692,0.31939002091007657,0.08277749547255432,BULL,0.5978324836173692,BULL,True,0.5978324836173692,0.9,9,71.86994901704216
NIFTY_IT,2025-05-27,2025-05-28,BULL,0.9734140833492263,0.6367731035729979,0.2935590240120703,0.06966787241493184,BULL,0.6367731035729979,BULL,True,0.6367731035729979,0.9,3,65.20638621437988
NIFTY_PHARMA,2025-05-27,2025-05-28,SIDE,0.9998093040352037,0.14840554474663767,0.749310044805419,0.10228441044794351,SIDE,0.749310044805419,SIDE,True,0.749310044805419,1.0,10,84.95860268832514
SENSEX,2025-05-27,2025-05-28,BULL,0.9984548981758116,0.5653716177786721,0.32823668066024997,0.10639170156107802,BULL,0.5653716177786721,BULL,True,0.5653716177786721,0.7,7,61.92229706672032
INDIA_VIX,2025-05-28,2025-05-29,SIDE,0.9999333871458396,0.2594195098496992,0.4697271205965209,0.2708533695537798,SIDE,0.4697271205965209,BEAR,False,0.4697271205965209,0.4,1,39.68362723579125
NIFTY_50,2025-05-28,2025-05-29,BULL,0.9966118746174859,0.5587223214695507,0.33860457663059423,0.10267310189985514,BULL,0.5587223214695507,BULL,True,0.5587223214695507,0.8,8,65.52333928817305
NIFTY_AUTO,2025-05-28,2025-05-29,BULL,0.7672784157479161,0.5344803124114904,0.39665491070447584,0.06886477688403363,BULL,0.5344803124114904,BULL,True,0.5344803124114904,0.2,1,38.56881874468942
NIFTY_BANK,2025-05-28,2025-05-29,BULL,0.9944098299341676,0.6333914958532674,0.2853564335807939,0.08125207056593875,BULL,0.6333914958532674,BULL,True,0.6333914958532674,0.9,9,74.00348975119604
NIFTY_FIN_SERVICE,2025-05-28,2025-05-29,BULL,0.9953638236921345,0.597879364723934,0.3193429712365344,0.08277766403953148,BULL,0.597879364723934,BULL,True,0.597879364723934,1.0,10,75.87276188343604
NIFTY_IT,2025-05-28,2025-05-29,BULL,0.940175227261116,0.6178841218280288,0.3084039769181295,0.07371190125384174,BULL,0.6178841218280288,BULL,True,0.6178841218280288,0.2,1,43.573047309681726
NIFTY_PHARMA,2025-05-28,2025-05-29,SIDE,0.9941626705032905,0.1475118013538545,0.743274259716998,0.10921393892914752,SIDE,0.743274259716998,SIDE,True,0.743274259716998,1.0,11,84.59645558301987
SENSEX,2025-05-28,2025-05-29,BULL,0.9835736252253549,0.5596704183489595,0.33451906696822153,0.10581051468281906,BULL,0.5596704183489595,BULL,True,0.5596704183489595,0.8,8,65.58022510093757
INDIA_VIX,2025-05-29,2025-05-30,BEAR,0.5350537470255476,0.18826271605324965,0.3514635937118642,0.4602736902348861,BEAR,0.4602736902348861,BEAR,True,0.4602736902348861,0.1,1,31.61642141409317
NIFTY_50,2025-05-29,2025-05-30,BULL,0.9993899003228465,0.5597423869664976,0.33746115147332073,0.10279646156018175,BULL,0.5597423869664976,BULL,True,0.5597423869664976,0.9,9,69.58454321798986
NIFTY_AUTO,2025-05-29,2025-05-30,BULL,0.8302561447541391,0.560299772916588,0.37278554322715046,0.06691468385626154,BULL,0.560299772916588,SIDE,False,0.560299772916588,0.8,1,55.117986374995276
NIFTY_BANK,2025-05-29,2025-05-30,BULL,0.9973438680581792,0.6349804180461932,0.28373999019954393,0.08127959175426272,BULL,0.6349804180461932,BULL,True,0.6349804180461932,1.0,10,78.0988250827716
NIFTY_FIN_SERVICE,2025-05-29,2025-05-30,BULL,0.995068854990746,0.597748997785672,0.319475272805149,0.08277572940917888,BULL,0.597748997785672,BULL,True,0.597748997785672,1.0,11,75.86493986714032
NIFTY_IT,2025-05-29,2025-05-30,BULL,0.9953427483739585,0.6499713154530249,0.2832051913145278,0.06682349323244716,BULL,0.6499713154530249,SIDE,False,0.6499713154530249,0.8,1,60.498278927181495
NIFTY_PHARMA,2025-05-29,2025-05-30,SIDE,0.9999269093026486,0.14844332679179537,0.7494419487161443,0.10211472449206027,SIDE,0.7494419487161443,SIDE,True,0.7494419487161443,1.0,12,84.96651692296867
SENSEX,2025-05-29,2025-05-30,BULL,0.9974621878090408,0.564988623833488,0.32865907687261176,0.10635229929390029,BULL,0.564988623833488,BULL,True,0.564988623833488,0.9,9,69.89931743000928
INDIA_VIX,2025-05-30,2025-06-02,BEAR,0.9944687253371486,0.09374731023844818,0.23728338195387216,0.6689693078076798,BEAR,0.6689693078076798,SIDE,False,0.6689693078076798,0.2,2,48.13815846846079
NIFTY_50,2025-05-30,2025-06-02,BULL,0.9836818066995873,0.5540083748222507,0.3438857188080095,0.10210590636973975,BULL,0.5540083748222507,BULL,True,0.5540083748222507,1.0,10,73.24050248933504
NIFTY_AUTO,2025-05-30,2025-06-02,SIDE,0.9839121662898567,0.19469677376240843,0.7023300988939618,0.10297312734362961,SIDE,0.7023300988939618,SIDE,True,0.7023300988939618,0.3,1,51.1398059336377
NIFTY_BANK,2025-05-30,2025-06-02,BULL,0.9994842999925269,0.6361455283432992,0.2825540127856784,0.08130045887102252,BULL,0.6361455283432992,BULL,True,0.6361455283432992,1.0,11,78.16873170059796
NIFTY_FIN_SERVICE,2025-05-30,2025-06-02,BULL,0.9943744591028073,0.597442235348374,0.31978642955864645,0.08277133509297947,BULL,0.597442235348374,BULL,True,0.597442235348374,1.0,12,75.84653412090245
NIFTY_IT,2025-05-30,2025-06-02,SIDE,0.533532804746128,0.4092934559324738,0.47359515208219055,0.11711139198533574,SIDE,0.47359515208219055,SIDE,True,0.47359515208219055,0.3,1,37.41570912493143
NIFTY_PHARMA,2025-05-30,2025-06-02,SIDE,0.9975920978753046,0.148042071419089,0.74688961783893,0.10506831074198089,SIDE,0.74688961783893,SIDE,True,0.74688961783893,1.0,13,84.8133770703358
SENSEX,2025-05-30,2025-06-02,BULL,0.9779985379003076,0.5575560562053167,0.33684675496858635,0.10559718882609694,BULL,0.5575560562053167,BULL,True,0.5575560562053167,1.0,10,73.453363372319
INDIA_VIX,2025-06-02,2025-06-03,SIDE,0.9231931227294061,0.24837309278093136,0.45094884382899025,0.30067806339007835,SIDE,0.45094884382899025,SIDE,True,0.45094884382899025,0.3,3,39.05693062973941
NIFTY_50,2025-06-02,2025-06-03,BULL,0.9297037611084156,0.5348536596294655,0.36529080709301703,0.09985553327751755,BULL,0.5348536596294655,SIDE,False,0.5348536596294655,1.0,11,72.09121957776793
NIFTY_AUTO,2025-06-02,2025-06-03,SIDE,0.9997035726426702,0.18151197005770303,0.7139836162917197,0.10450441365057724,SIDE,0.7139836162917197,SIDE,True,0.7139836162917197,0.4,2,55.839016977503185
NIFTY_BANK,2025-06-02,2025-06-03,BULL,0.9998030593718792,0.6363194847731171,0.2823769103992125,0.08130360482767048,BULL,0.6363194847731171,BULL,True,0.6363194847731171,1.0,12,78.17916908638702
NIFTY_FIN_SERVICE,2025-06-02,2025-06-03,BULL,0.9696713759064732,0.5866993132676086,0.33066075513664805,0.08263993159574343,BULL,0.5866993132676086,SIDE,False,0.5866993132676086,1.0,13,75.20195879605652
NIFTY_IT,2025-06-02,2025-06-03,SIDE,0.9955100215714067,0.16780503213129974,0.6661523887077652,0.16604257916093498,SIDE,0.6661523887077652,SIDE,True,0.6661523887077652,0.4,2,52.96914332246592
NIFTY_PHARMA,2025-06-02,2025-06-03,SIDE,0.9943459109383443,0.14753949570287445,0.7434637545537371,0.10899674974338842,SIDE,0.7434637545537371,SIDE,True,0.7434637545537371,1.0,14,84.60782527322422
SENSEX,2025-06-02,2025-06-03,BULL,0.9264152946709864,0.5384725088155278,0.3577917473401606,0.10373574384431157,BULL,0.5384725088155278,SIDE,False,0.5384725088155278,1.0,11,72.30835052893167
INDIA_VIX,2025-06-03,2025-06-04,SIDE,0.6418590660950588,0.20997536906419517,0.3900606910688001,0.39996393986700485,BEAR,0.39996393986700485,BEAR,True,0.3900606910688001,0.4,4,39.40364146412801
NIFTY_50,2025-06-03,2025-06-04,SIDE,0.8991656983415665,0.20934941793610973,0.7081289107434364,0.08252167132045381,SIDE,0.7081289107434364,SIDE,True,0.7081289107434364,1.0,12,82.48773464460618
NIFTY_AUTO,2025-06-03,2025-06-04,SIDE,0.9999373155325436,0.18129528940975145,0.7141576521387961,0.10454705845145239,SIDE,0.7141576521387961,SIDE,True,0.7141576521387961,0.5,3,59.849459128327766
NIFTY_BANK,2025-06-03,2025-06-04,BULL,0.9705815017184145,0.6208184264228216,0.29812042085645424,0.08106115272072419,BULL,0.6208184264228216,BULL,True,0.6208184264228216,1.0,13,77.24910558536929
NIFTY_FIN_SERVICE,2025-06-03,2025-06-04,SIDE,0.6370067140328517,0.35498881353046996,0.5558151927203208,0.08919599374920929,SIDE,0.5558151927203208,SIDE,True,0.5558151927203208,1.0,14,73.34891156321925
NIFTY_IT,2025-06-03,2025-06-04,SIDE,0.9998708963519134,0.16374054361725865,0.6693356699556824,0.16692378642705888,SIDE,0.6693356699556824,SIDE,True,0.6693356699556824,0.5,3,57.16014019734095
NIFTY_PHARMA,2025-06-03,2025-06-04,SIDE,0.9848059225105679,0.14619350982888957,0.7340814058433252,0.11972508432778528,SIDE,0.7340814058433252,SIDE,True,0.7340814058433252,1.0,15,84.0448843505995
SENSEX,2025-06-03,2025-06-04,SIDE,0.8908400722758446,0.21227514869488742,0.6943630895749741,0.09336176173013845,SIDE,0.6943630895749741,SIDE,True,0.6943630895749741,1.0,12,81.66178537449845
INDIA_VIX,2025-06-04,2025-06-05,BEAR,0.9977106497476996,0.09265497259452433,0.23618320173380572,0.6711618256716699,BEAR,0.6711618256716699,BEAR,True,0.6711618256716699,0.5,5,60.2697095403002
NIFTY_50,2025-06-04,2025-06-05,SIDE,0.9829426383348898,0.13772785718486252,0.7814805989963421,0.08079154381879537,SIDE,0.7814805989963421,SIDE,True,0.7814805989963421,1.0,13,86.88883593978053
NIFTY_AUTO,2025-06-04,2025-06-05,SIDE,0.9998715955565722,0.18136538834190422,0.7141127684124555,0.10452184324564036,SIDE,0.7141127684124555,SIDE,True,0.7141127684124555,0.6,4,63.84676610474733
NIFTY_BANK,2025-06-04,2025-06-05,BULL,0.972253710043229,0.6216839118434431,0.2972461529233167,0.08106993523324027,BULL,0.6216839118434431,BULL,True,0.6216839118434431,1.0,14,77.30103471060659
NIFTY_FIN_SERVICE,2025-06-04,2025-06-05,SIDE,0.971860630757031,0.16609700776042563,0.7308214160736045,0.10308157616596997,SIDE,0.7308214160736045,SIDE,True,0.7308214160736045,1.0,15,83.84928496441627
NIFTY_IT,2025-06-04,2025-06-05,SIDE,0.9998438152229391,0.1638248858530303,0.6693152762704525,0.16685983787651718,SIDE,0.6693152762704525,SIDE,True,0.6693152762704525,0.6,4,61.15891657622714
NIFTY_PHARMA,2025-06-04,2025-06-05,SIDE,0.9904927530744909,0.14697420877509806,0.7395601224021691,0.11346566882273292,SIDE,0.7395601224021691,SIDE,True,0.7395601224021691,1.0,16,84.37360734413014
SENSEX,2025-06-04,2025-06-05,SIDE,0.9840758671802478,0.13005343202180006,0.7741597898982381,0.09578677807996187,SIDE,0.7741597898982381,SIDE,True,0.7741597898982381,1.0,13,86.44958739389429
INDIA_VIX,2025-06-05,2025-06-06,BEAR,0.9999948499562336,0.09178033126617523,0.23545081755766611,0.6727688511761587,BEAR,0.6727688511761587,BEAR,True,0.6727688511761587,0.6,6,64.36613107056952
NIFTY_50,2025-06-05,2025-06-06,SIDE,0.9075460248002737,0.20531790393164986,0.7156074959162794,0.07907460015207066,SIDE,0.7156074959162794,BULL,False,0.7156074959162794,1.0,14,82.93644975497678
NIFTY_AUTO,2025-06-05,2025-06-06,SIDE,0.9999532432063438,0.18129178700013807,0.7141745370776297,0.10453367592223241,SIDE,0.7141745370776297,SIDE,True,0.7141745370776297,0.6,5,65.35047222465778
NIFTY_BANK,2025-06-05,2025-06-06,BULL,0.9798003687651194,0.62561706010694,0.29325742214352735,0.0811255177495326,BULL,0.62561706010694,BULL,True,0.62561706010694,1.0,15,77.5370236064164
NIFTY_FIN_SERVICE,2025-06-05,2025-06-06,SIDE,0.9710915144704172,0.16695942814667045,0.7302023153774472,0.10283825647588239,SIDE,0.7302023153774472,BULL,False,0.7302023153774472,1.0,16,83.81213892264684
NIFTY_IT,2025-06-05,2025-06-06,SIDE,0.9995079633355621,0.16415844556049314,0.6690669768539322,0.16677457758557465,SIDE,0.6690669768539322,SIDE,True,0.6690669768539322,0.6,5,62.64401861123593
NIFTY_PHARMA,2025-06-05,2025-06-06,SIDE,0.9999141712932662,0.1485050836511244,0.7494333916316868,0.10206152471718882,SIDE,0.7494333916316868,SIDE,True,0.7494333916316868,1.0,17,84.96600349790121
SENSEX,2025-06-05,2025-06-06,SIDE,0.9168928182208896,0.19422438030629213,0.7131414300536244,0.09263418964008341,SIDE,0.7131414300536244,BULL,False,0.7131414300536244,1.0,14,82.78848580321745
INDIA_VIX,2025-06-06,2025-06-09,BEAR,0.9999984772756922,0.09177827238987898,0.23544998128542358,0.6727717463246975,BEAR,0.6727717463246975,BEAR,True,0.6727717463246975,0.7,7,68.36630477948185
NIFTY_50,2025-06-06,2025-06-09,BULL,0.9866781763345541,0.5550965436285272,0.34266875738538427,0.10223469898608857,BULL,0.5550965436285272,BULL,True,0.5550965436285272,1.0,15,73.30579261771163
NIFTY_AUTO,2025-06-06,2025-06-09,SIDE,0.9595111847517503,0.21324639256645103,0.6859324389486687,0.10082116848488029,SIDE,0.6859324389486687,SIDE,True,0.6859324389486687,0.7,6,67.65594633692012
NIFTY_BANK,2025-06-06,2025-06-09,BULL,0.9999978788417905,0.6364258592896443,0.2822686050383751,0.08130553567198046,BULL,0.6364258592896443,BULL,True,0.6364258592896443,0.1,1,42.185551557378666
NIFTY_FIN_SERVICE,2025-06-06,2025-06-09,BULL,0.9993951240154535,0.5996666832520937,0.3175298292411316,0.08280348750677466,BULL,0.5996666832520937,BULL,True,0.5996666832520937,0.1,1,39.98000099512563
NIFTY_IT,2025-06-06,2025-06-09,SIDE,0.9976664246316675,0.16585802202541308,0.6677155218574129,0.16642645611717397,SIDE,0.6677155218574129,SIDE,True,0.6677155218574129,0.7,6,66.56293131144476
NIFTY_PHARMA,2025-06-06,2025-06-09,SIDE,0.9999025348900675,0.14852967055145191,0.7494228052924606,0.10204752415608752,SIDE,0.7494228052924606,SIDE,True,0.7494228052924606,1.0,18,84.96536831754764
SENSEX,2025-06-06,2025-06-09,BULL,0.9676181694420144,0.5536486418313495,0.3411451693728297,0.10520618879582079,BULL,0.5536486418313495,BULL,True,0.5536486418313495,1.0,15,73.21891850988096
INDIA_VIX,2025-06-09,2025-06-10,BEAR,0.99999872437126,0.09177711813843326,0.23545042888873363,0.6727724529728331,BEAR,0.6727724529728331,BEAR,True,0.6727724529728331,0.8,8,72.36634717836998
NIFTY_50,2025-06-09,2025-06-10,BULL,0.9998643889651484,0.5599168747401347,0.3372655245112912,0.10281760074857402,BULL,0.5599168747401347,BULL,True,0.5599168747401347,1.0,16,73.59501248440809
NIFTY_AUTO,2025-06-09,2025-06-10,SIDE,0.7811449819890549,0.31458737441224166,0.5958361948250173,0.08957643076274097,SIDE,0.5958361948250173,SIDE,True,0.5958361948250173,0.8,7,66.25017168950103
NIFTY_BANK,2025-06-09,2025-06-10,BULL,0.9999996926945978,0.636426850296204,0.28226759697215653,0.0813055527316394,BULL,0.636426850296204,BULL,True,0.636426850296204,0.9,1,62.185611017772246
NIFTY_FIN_SERVICE,2025-06-09,2025-06-10,BULL,0.9999894252293846,0.5999309577855828,0.31726159726516323,0.08280744494925399,BULL,0.5999309577855828,BULL,True,0.5999309577855828,0.9,1,59.995857467134975
NIFTY_IT,2025-06-09,2025-06-10,SIDE,0.8337450418992017,0.27514537218704066,0.5804680353389806,0.14438659247397886,SIDE,0.5804680353389806,BULL,False,0.5804680353389806,0.8,7,65.32808212033883
NIFTY_PHARMA,2025-06-09,2025-06-10,SIDE,0.9981905065441601,0.1504242060815245,0.7477278736407253,0.10184792027775019,SIDE,0.7477278736407253,SIDE,True,0.7477278736407253,1.0,19,84.86367241844351
SENSEX,2025-06-09,2025-06-10,BULL,0.9993805530049054,0.5657291220708035,0.3278424222844732,0.10642845564472343,BULL,0.5657291220708035,BULL,True,0.5657291220708035,1.0,16,73.9437473242482
INDIA_VIX,2025-06-10,2025-06-11,BEAR,0.9999990933040712,0.09177782682878402,0.2354498869798237,0.6727722861913923,BEAR,0.6727722861913923,BEAR,True,0.6727722861913923,0.9,9,76.36633717148354
NIFTY_50,2025-06-10,2025-06-11,BULL,0.999744608071468,0.5598728305015764,0.33731493668130114,0.10281223281712232,BULL,0.5598728305015764,BULL,True,0.5598728305015764,1.0,17,73.5923698300946
NIFTY_AUTO,2025-06-10,2025-06-11,SIDE,0.7744273077534464,0.3177490056114552,0.5930118479251373,0.08923914646340753,SIDE,0.5930118479251373,SIDE,True,0.5930118479251373,0.9,8,70.08071087550823
NIFTY_BANK,2025-06-10,2025-06-11,BULL,0.9999706784509499,0.6364110063025034,0.2822837311703113,0.08130526252718534,BULL,0.6364110063025034,BULL,True,0.6364110063025034,0.9,2,63.684660378150205
NIFTY_FIN_SERVICE,2025-06-10,2025-06-11,BULL,0.9978679810014264,0.5989885583274418,0.318218030383581,0.08279341128897721,BULL,0.5989885583274418,BULL,True,0.5989885583274418,0.9,2,61.43931349964651
NIFTY_IT,2025-06-10,2025-06-11,BULL,0.9992414731298556,0.6523880179162105,0.2813111584637638,0.06630082362002568,BULL,0.6523880179162105,BULL,True,0.6523880179162105,0.9,8,73.64328107497263
NIFTY_PHARMA,2025-06-10,2025-06-11,SIDE,0.9793107532508245,0.1696363341879778,0.7304296291828959,0.09993403662912632,SIDE,0.7304296291828959,SIDE,True,0.7304296291828959,1.0,20,83.82577775097376
SENSEX,2025-06-10,2025-06-11,BULL,0.9984189268985415,0.5653577500409177,0.3282520249466474,0.10639022501243482,BULL,0.5653577500409177,BULL,True,0.5653577500409177,1.0,17,73.92146500245505
INDIA_VIX,2025-06-11,2025-06-12,BEAR,0.9999986957778609,0.09177855091160421,0.2354497306003265,0.6727717184880693,BEAR,0.6727717184880693,BEAR,True,0.6727717184880693,1.0,10,80.36630310928416
NIFTY_50,2025-06-11,2025-06-12,BULL,0.9998695181795717,0.559918761067722,0.33726340875417143,0.10281783017810656,BULL,0.559918761067722,SIDE,False,0.559918761067722,1.0,18,73.59512566406332
NIFTY_AUTO,2025-06-11,2025-06-12,SIDE,0.6379668442279455,0.3770244348907991,0.5398834609997989,0.08309210410940196,SIDE,0.5398834609997989,SIDE,True,0.5398834609997989,0.9,9,68.39300765998793
NIFTY_BANK,2025-06-11,2025-06-12,BULL,0.9992481361183053,0.6360167718406715,0.28268520848536655,0.081298019673962,BULL,0.6360167718406715,BULL,True,0.6360167718406715,0.9,3,65.1610063104403
NIFTY_FIN_SERVICE,2025-06-11,2025-06-12,BULL,0.964986830248088,0.5846990144125083,0.33268480717803545,0.08261617840945627,BULL,0.5846990144125083,SIDE,False,0.5846990144125083,0.9,3,62.08194086475049
NIFTY_IT,2025-06-11,2025-06-12,BULL,0.9999999599746122,0.6528608045645296,0.28094069274250183,0.06619850269296862,BULL,0.6528608045645296,BULL,True,0.6528608045645296,0.9,9,75.17164827387177
NIFTY_PHARMA,2025-06-11,2025-06-12,SIDE,0.782701165670824,0.2979050272878871,0.613609654637972,0.0884853180741409,SIDE,0.613609654637972,SIDE,True,0.613609654637972,1.0,21,76.81657927827833
SENSEX,2025-06-11,2025-06-12,BULL,0.9992545931704336,0.5656804561574069,0.32789610049489853,0.10642344334769448,BULL,0.5656804561574069,SIDE,False,0.5656804561574069,1.0,18,73.94082736944442
INDIA_VIX,2025-06-12,2025-06-13,BEAR,0.9999992589472254,0.09177735920442133,0.23545003469803785,0.6727726060975407,BEAR,0.6727726060975407,BEAR,True,0.6727726060975407,1.0,11,80.36635636585244
NIFTY_50,2025-06-12,2025-06-13,SIDE,0.5823378179272327,0.3622870851036959,0.5536737078033701,0.08403920709293401,SIDE,0.5536737078033701,SIDE,True,0.5536737078033701,1.0,19,73.2204224682022
NIFTY_AUTO,2025-06-12,2025-06-13,SIDE,0.9999197052418345,0.18129849078981833,0.7141386872474487,0.10456282196273307,SIDE,0.7141386872474487,SIDE,True,0.7141386872474487,1.0,10,82.84832123484692
NIFTY_BANK,2025-06-12,2025-06-13,BULL,0.8622003949869175,0.5691594385872982,0.35002970693809693,0.08081085447460486,BULL,0.5691594385872982,SIDE,False,0.5691594385872982,0.9,4,62.649566315237905
NIFTY_FIN_SERVICE,2025-06-12,2025-06-13,SIDE,0.8706070183538255,0.24184806652375732,0.6619556595275002,0.09619627394874258,SIDE,0.6619556595275002,SIDE,True,0.6619556595275002,0.9,4,68.21733957165002
NIFTY_IT,2025-06-12,2025-06-13,BULL,0.9999759060484483,0.6528457977993971,0.2809524513930912,0.06620175080751166,BULL,0.6528457977993971,BULL,True,0.6528457977993971,1.0,10,79.17074786796383
NIFTY_PHARMA,2025-06-12,2025-06-13,SIDE,0.7452964589960591,0.3159662006208049,0.5969511892409113,0.08708261013828389,SIDE,0.5969511892409113,SIDE,True,0.5969511892409113,1.0,22,75.81707135445468
SENSEX,2025-06-12,2025-06-13,SIDE,0.7217680376746252,0.30466269544858604,0.6041275074915995,0.09120979705981447,SIDE,0.6041275074915995,SIDE,True,0.6041275074915995,1.0,19,76.24765044949596
INDIA_VIX,2025-06-13,2025-06-16,BEAR,0.99825050104189,0.09239572098354247,0.23603707451562567,0.6715672045008318,BEAR,0.6715672045008318,BEAR,True,0.6715672045008318,1.0,12,80.29403227004991
NIFTY_50,2025-06-13,2025-06-16,SIDE,0.998868446092988,0.11823956963713556,0.8013159636686447,0.08044446669421972,SIDE,0.8013159636686447,SIDE,True,0.8013159636686447,1.0,20,88.07895782011869
NIFTY_AUTO,2025-06-13,2025-06-16,SIDE,0.9999617416469848,0.1812538531931265,0.7141675027465368,0.1045786440603366,SIDE,0.7141675027465368,SIDE,True,0.7141675027465368,1.0,11,82.85005016479221
NIFTY_BANK,2025-06-13,2025-06-16,SIDE,0.9936856126857556,0.13414595162747533,0.7587131430925119,0.10714090528001272,SIDE,0.7587131430925119,SIDE,True,0.7587131430925119,0.9,5,75.5227885855507
NIFTY_FIN_SERVICE,2025-06-13,2025-06-16,SIDE,0.9997683533122262,0.1364962449072255,0.7575664463583531,0.10593730873442135,SIDE,0.7575664463583531,SIDE,True,0.7575664463583531,0.9,5,75.45398678150119
NIFTY_IT,2025-06-13,2025-06-16,BULL,0.9999797274812188,0.6528481818569498,0.2809505833473933,0.0662012347956569,BULL,0.6528481818569498,BULL,True,0.6528481818569498,1.0,11,79.17089091141699
NIFTY_PHARMA,2025-06-13,2025-06-16,SIDE,0.9449525495039907,0.19923299080668813,0.7036861876048948,0.097080821588417,SIDE,0.7036861876048948,SIDE,True,0.7036861876048948,1.0,23,82.22117125629367
SENSEX,2025-06-13,2025-06-16,SIDE,0.9993237210833428,0.10925055878177772,0.7936214740507768,0.09712796716744557,SIDE,0.7936214740507768,SIDE,True,0.7936214740507768,1.0,20,87.6172884430466
INDIA_VIX,2025-06-16,2025-06-17,BEAR,0.9999239512823261,0.09180333570655469,0.2354757368280253,0.67272092746542,BEAR,0.67272092746542,BEAR,True,0.67272092746542,1.0,13,80.3632556479252
NIFTY_50,2025-06-16,2025-06-17,SIDE,0.976739702058442,0.14542940081800948,0.7751139273231332,0.07945667185885723,SIDE,0.7751139273231332,SIDE,True,0.7751139273231332,1.0,21,86.50683563938799
NIFTY_AUTO,2025-06-16,2025-06-17,SIDE,0.9999775214009279,0.18126172359527085,0.7141892742515887,0.10454900215314038,SIDE,0.7141892742515887,SIDE,True,0.7141892742515887,1.0,12,82.85135645509533
NIFTY_BANK,2025-06-16,2025-06-17,SIDE,0.9962937086605447,0.13094415641636198,0.7618668901667165,0.10718895341692156,SIDE,0.7618668901667165,SIDE,True,0.7618668901667165,0.9,6,77.21201341000298
NIFTY_FIN_SERVICE,2025-06-16,2025-06-17,SIDE,0.9990329985301765,0.13752583251211606,0.7568026574880417,0.10567150999984232,SIDE,0.7568026574880417,SIDE,True,0.7568026574880417,0.9,6,76.9081594492825
NIFTY_IT,2025-06-16,2025-06-17,BULL,0.9999999929623258,0.652860825145505,0.28094067661615835,0.06619849823833665,BULL,0.652860825145505,BULL,True,0.652860825145505,1.0,12,79.1716495087303
NIFTY_PHARMA,2025-06-16,2025-06-17,SIDE,0.9395561544734119,0.20342601538855684,0.6998879613330136,0.09668602327842951,SIDE,0.6998879613330136,SIDE,True,0.6998879613330136,1.0,24,81.99327767998082
SENSEX,2025-06-16,2025-06-17,SIDE,0.9939379552287174,0.1172798716688064,0.7863414826156752,0.09637864571551842,SIDE,0.7863414826156752,SIDE,True,0.7863414826156752,1.0,21,87.18048895694052
INDIA_VIX,2025-06-17,2025-06-18,BEAR,0.9999950036014424,0.09177840605994639,0.23545169674017016,0.6727698971998834,BEAR,0.6727698971998834,BEAR,True,0.6727698971998834,1.0,14,80.366193831993
NIFTY_50,2025-06-17,2025-06-18,SIDE,0.9987094196555573,0.11857369502134497,0.8011532497487198,0.0802730552299351,SIDE,0.8011532497487198,SIDE,True,0.8011532497487198,1.0,22,88.0691949849232
NIFTY_AUTO,2025-06-17,2025-06-18,SIDE,0.9998061709784012,0.18120394398837628,0.7139654305567117,0.10483062545491201,SIDE,0.7139654305567117,SIDE,True,0.7139654305567117,1.0,13,82.8379258334027
NIFTY_BANK,2025-06-17,2025-06-18,SIDE,0.9997555921231492,0.12611892950104933,0.7661667672184406,0.10771430328051007,SIDE,0.7661667672184406,SIDE,True,0.7661667672184406,0.9,7,78.97000603310643
NIFTY_FIN_SERVICE,2025-06-17,2025-06-18,SIDE,0.9999045387474651,0.13647564555748135,0.7577354643170694,0.10578889012544919,SIDE,0.7577354643170694,SIDE,True,0.7577354643170694,0.9,7,78.46412785902416
NIFTY_IT,2025-06-17,2025-06-18,BULL,0.9999999996677487,0.6528608293290065,0.2809406733381513,0.0661984973328423,BULL,0.6528608293290065,BULL,True,0.6528608293290065,0.1,1,43.17164975974039
NIFTY_PHARMA,2025-06-17,2025-06-18,SIDE,0.990928614212674,0.14703688439866192,0.7399934540397918,0.11296966156154635,SIDE,0.7399934540397918,SIDE,True,0.7399934540397918,1.0,25,84.3996072423875
SENSEX,2025-06-17,2025-06-18,SIDE,0.9992232737601967,0.10962271108663246,0.7934962671723469,0.09688102174102052,SIDE,0.7934962671723469,SIDE,True,0.7934962671723469,1.0,22,87.60977603034081
INDIA_VIX,2025-06-18,2025-06-19,BEAR,0.9999962511765941,0.09177791371153211,0.23545130174074672,0.6727707845477212,BEAR,0.6727707845477212,BEAR,True,0.6727707845477212,1.0,15,80.36624707286327
NIFTY_50,2025-06-18,2025-06-19,SIDE,0.9996089113018907,0.11730876943150512,0.8023552338843346,0.08033599668416029,SIDE,0.8023552338843346,SIDE,True,0.8023552338843346,1.0,23,88.14131403306008
NIFTY_AUTO,2025-06-18,2025-06-19,SIDE,0.9999543762373978,0.18125114724724797,0.7141577728295844,0.10459107992316756,SIDE,0.7141577728295844,SIDE,True,0.7141577728295844,1.0,14,82.84946636977507
NIFTY_BANK,2025-06-18,2025-06-19,SIDE,0.9994802803603383,0.12652730349658656,0.7658189066820821,0.10765378982133138,SIDE,0.7658189066820821,SIDE,True,0.7658189066820821,0.9,8,80.44913440092493
NIFTY_FIN_SERVICE,2025-06-18,2025-06-19,SIDE,0.9999335451314463,0.13642142706141253,0.757763641982491,0.10581493095609652,SIDE,0.757763641982491,SIDE,True,0.757763641982491,0.9,8,79.96581851894946
NIFTY_IT,2025-06-18,2025-06-19,BULL,0.9999993658542945,0.6528604338942147,0.28094098318341315,0.0661985829223723,BULL,0.6528604338942147,BULL,True,0.6528604338942147,0.9,1,63.171626033652885
NIFTY_PHARMA,2025-06-18,2025-06-19,SIDE,0.9954631319647286,0.1477094775189158,0.7446278663309379,0.10766265615014628,SIDE,0.7446278663309379,SIDE,True,0.7446278663309379,1.0,26,84.67767197985629
SENSEX,2025-06-18,2025-06-19,SIDE,0.9996983515027725,0.10889108219709896,0.7941650513586337,0.09694386644426735,SIDE,0.7941650513586337,SIDE,True,0.7941650513586337,1.0,23,87.64990308151802
INDIA_VIX,2025-06-19,2025-06-20,BEAR,0.9999951451393275,0.09177830545341467,0.2354516741950775,0.6727700203515079,BEAR,0.6727700203515079,BEAR,True,0.6727700203515079,1.0,16,80.36620122109048
NIFTY_50,2025-06-19,2025-06-20,SIDE,0.9997633076511395,0.11707771307188282,0.8025576807184708,0.08036460620964647,SIDE,0.8025576807184708,SIDE,True,0.8025576807184708,1.0,24,88.15346084310825
NIFTY_AUTO,2025-06-19,2025-06-20,SIDE,0.9999781754432681,0.18127063356702297,0.7141939960708751,0.10453537036210198,SIDE,0.7141939960708751,SIDE,True,0.7141939960708751,1.0,15,82.85163976425251
NIFTY_BANK,2025-06-19,2025-06-20,SIDE,0.999886518280742,0.12586512159595617,0.7663301590265543,0.10780471937748942,SIDE,0.7663301590265543,SIDE,True,0.7663301590265543,0.9,9,81.97980954159327
NIFTY_FIN_SERVICE,2025-06-19,2025-06-20,SIDE,0.9997829924797951,0.13635757227712367,0.7575633268273043,0.10607910089557204,SIDE,0.7575633268273043,SIDE,True,0.7575633268273043,0.9,9,81.45379960963825
NIFTY_IT,2025-06-19,2025-06-20,BULL,0.9994709217762455,0.6525309489819979,0.2811991586147994,0.06626989240320283,BULL,0.6525309489819979,BULL,True,0.6525309489819979,0.9,2,64.65185693891988
NIFTY_PHARMA,2025-06-19,2025-06-20,SIDE,0.7007243117313664,0.13075025227850487,0.5847902904797188,0.28445945724177635,SIDE,0.5847902904797188,SIDE,True,0.5847902904797188,1.0,27,75.08741742878313
SENSEX,2025-06-19,2025-06-20,SIDE,0.9998125334737072,0.10869621709021278,0.7943252688735318,0.09697851403625532,SIDE,0.7943252688735318,SIDE,True,0.7943252688735318,1.0,24,87.65951613241191
INDIA_VIX,2025-06-20,2025-06-23,BEAR,0.9999994834407084,0.09177698236513807,0.23545010705066835,0.6727729105841935,BEAR,0.6727729105841935,BEAR,True,0.6727729105841935,1.0,17,80.36637463505161
NIFTY_50,2025-06-20,2025-06-23,SIDE,0.6948519521466562,0.3180763746083804,0.6003636172547399,0.08156000813687975,SIDE,0.6003636172547399,SIDE,True,0.6003636172547399,1.0,25,76.0218170352844
NIFTY_AUTO,2025-06-20,2025-06-23,SIDE,0.9986921902237413,0.182398425107085,0.7132119034120131,0.1043896714809018,SIDE,0.7132119034120131,SIDE,True,0.7132119034120131,1.0,16,82.7927142047208
NIFTY_BANK,2025-06-20,2025-06-23,SIDE,0.9840572420964692,0.1464975407291117,0.7479067196406336,0.10559573963025476,SIDE,0.7479067196406336,SIDE,True,0.7479067196406336,1.0,10,84.87440317843802
NIFTY_FIN_SERVICE,2025-06-20,2025-06-23,SIDE,0.9955314235306256,0.14161028883278678,0.7531247125649072,0.10526499860230608,SIDE,0.7531247125649072,SIDE,True,0.7531247125649072,1.0,10,85.18748275389444
NIFTY_IT,2025-06-20,2025-06-23,BULL,0.9999897292883114,0.6528544217367833,0.2809456940467354,0.06619988421648128,BULL,0.6528544217367833,BULL,True,0.6528544217367833,0.9,3,66.17126530420701
NIFTY_PHARMA,2025-06-20,2025-06-23,SIDE,0.9865735969711872,0.14643057701893186,0.7357509989967637,0.11781842398430462,SIDE,0.7357509989967637,SIDE,True,0.7357509989967637,1.0,28,84.14505993980582
SENSEX,2025-06-20,2025-06-23,SIDE,0.814503622299306,0.25926886306356384,0.6495347589401864,0.09119637799624984,SIDE,0.6495347589401864,SIDE,True,0.6495347589401864,1.0,25,78.97208553641119
INDIA_VIX,2025-06-23,2025-06-24,BEAR,0.9999877253776088,0.0917811220910945,0.2354540788416588,0.6727647990672466,BEAR,0.6727647990672466,BEAR,True,0.6727647990672466,1.0,18,80.3658879440348
NIFTY_50,2025-06-23,2025-06-24,SIDE,0.9851888462245267,0.13583739103448372,0.7844542340805591,0.0797083748849573,SIDE,0.7844542340805591,SIDE,True,0.7844542340805591,1.0,26,87.06725404483355
NIFTY_AUTO,2025-06-23,2025-06-24,SIDE,0.9999754177882213,0.18126070883005344,0.7141863868368268,0.10455290433311987,SIDE,0.7141863868368268,SIDE,True,0.7141863868368268,1.0,17,82.8511832102096
NIFTY_BANK,2025-06-23,2025-06-24,SIDE,0.9990734160274005,0.12710827226267846,0.7653061642297402,0.10758556350758137,SIDE,0.7653061642297402,SIDE,True,0.7653061642297402,1.0,11,85.91836985378441
NIFTY_FIN_SERVICE,2025-06-23,2025-06-24,SIDE,0.9998123255241653,0.13659644129623466,0.7576378513772851,0.1057657073264802,SIDE,0.7576378513772851,SIDE,True,0.7576378513772851,1.0,11,85.45827108263711
NIFTY_IT,2025-06-23,2025-06-24,BULL,0.9088734720044297,0.6011140466932396,0.3216069744416231,0.07727897886513715,BULL,0.6011140466932396,BULL,True,0.6011140466932396,0.9,4,64.56684280159438
NIFTY_PHARMA,2025-06-23,2025-06-24,SIDE,0.9979772004086188,0.14810351549115866,0.747305085718161,0.10459139879068029,SIDE,0.747305085718161,SIDE,True,0.747305085718161,1.0,29,84.83830514308967
SENSEX,2025-06-23,2025-06-24,SIDE,0.9957993239454608,0.11464995003246845,0.7888024868022608,0.09654756316527079,SIDE,0.7888024868022608,SIDE,True,0.7888024868022608,1.0,26,87.32814920813566
INDIA_VIX,2025-06-24,2025-06-25,BEAR,0.9999990306045712,0.09177690681476017,0.2354503769479429,0.6727727162372968,BEAR,0.6727727162372968,BEAR,True,0.6727727162372968,1.0,19,80.36636297423782
NIFTY_50,2025-06-24,2025-06-25,SIDE,0.9836923317337387,0.13760072187438668,0.782750645864332,0.07964863226128142,SIDE,0.782750645864332,BULL,False,0.782750645864332,1.0,27,86.96503875185991
NIFTY_AUTO,2025-06-24,2025-06-25,SIDE,0.9999250779645468,0.1813242149483496,0.714156358346017,0.10451942670563338,SIDE,0.714156358346017,SIDE,True,0.714156358346017,1.0,18,82.84938150076103
NIFTY_BANK,2025-06-24,2025-06-25,SIDE,0.9726388239956917,0.15947353112936086,0.7362433507761843,0.10428311809445481,SIDE,0.7362433507761843,SIDE,True,0.7362433507761843,1.0,12,84.17460104657106
NIFTY_FIN_SERVICE,2025-06-24,2025-06-25,SIDE,0.9938016770783685,0.14358191725417901,0.7513517199463375,0.10506636279948349,SIDE,0.7513517199463375,SIDE,True,0.7513517199463375,1.0,12,85.08110319678025
NIFTY_IT,2025-06-24,2025-06-25,BULL,0.8241231190213627,0.5593951697017165,0.35453027922311336,0.08607455107517006,BULL,0.5593951697017165,BULL,True,0.5593951697017165,0.9,5,63.56371018210298
NIFTY_PHARMA,2025-06-24,2025-06-25,SIDE,0.9993966927100019,0.14833413587341984,0.7488541493677736,0.10281171475880652,SIDE,0.7488541493677736,SIDE,True,0.7488541493677736,1.0,30,84.93124896206642
SENSEX,2025-06-24,2025-06-25,SIDE,0.9967200346711669,0.11332820278233176,0.7900431470045629,0.09662865021310528,SIDE,0.7900431470045629,SIDE,True,0.7900431470045629,1.0,27,87.40258882027378
INDIA_VIX,2025-06-25,2025-06-26,BEAR,0.999999270294798,0.09177752357773933,0.23544994708376416,0.6727725293384965,BEAR,0.6727725293384965,BEAR,True,0.6727725293384965,1.0,20,80.36635176030978
NIFTY_50,2025-06-25,2025-06-26,BULL,0.7364251863019498,0.47036180591452087,0.43674462317722806,0.09289357090825108,BULL,0.47036180591452087,BULL,True,0.47036180591452087,1.0,28,68.22170835487125
NIFTY_AUTO,2025-06-25,2025-06-26,SIDE,0.9947810529265251,0.18574853668215588,0.7102527896527769,0.1039986736650673,SIDE,0.7102527896527769,SIDE,True,0.7102527896527769,1.0,19,82.61516737916662
NIFTY_BANK,2025-06-25,2025-06-26,SIDE,0.9157572197791194,0.21105021913266922,0.6895833675440075,0.09936641332332333,SIDE,0.6895833675440075,BULL,False,0.6895833675440075,1.0,13,81.37500205264044
NIFTY_FIN_SERVICE,2025-06-25,2025-06-26,SIDE,0.9755411109861026,0.16271156752799576,0.7340826042727665,0.10320582819923786,SIDE,0.7340826042727665,BULL,False,0.7340826042727665,1.0,13,84.04495625636599
NIFTY_IT,2025-06-25,2025-06-26,BULL,0.999727535568939,0.6526908952222792,0.28107382755718424,0.06623527722053658,BULL,0.6526908952222792,BULL,True,0.6526908952222792,0.9,6,70.66145371333675
NIFTY_PHARMA,2025-06-25,2025-06-26,SIDE,0.9999458280638859,0.1484558487714493,0.7494637522772418,0.10208039895130895,SIDE,0.7494637522772418,SIDE,True,0.7494637522772418,1.0,31,84.96782513663452
SENSEX,2025-06-25,2025-06-26,SIDE,0.6170184035577826,0.34836070618713194,0.5596618270329968,0.09197746677987119,SIDE,0.5596618270329968,BULL,False,0.5596618270329968,1.0,28,73.5797096219798
INDIA_VIX,2025-06-26,2025-06-27,BEAR,0.9999990618627069,0.0917779131710846,0.23544986014464464,0.6727722266842707,BEAR,0.6727722266842707,BEAR,True,0.6727722266842707,1.0,21,80.36633360105624
NIFTY_50,2025-06-26,2025-06-27,BULL,0.9999985714278126,0.5599662207342753,0.33721016477493415,0.10282361449079044,BULL,0.5599662207342753,BULL,True,0.5599662207342753,1.0,29,73.59797324405652
NIFTY_AUTO,2025-06-26,2025-06-27,SIDE,0.9534978502727395,0.21753630073300298,0.6821350865032058,0.10032861276379133,SIDE,0.6821350865032058,SIDE,True,0.6821350865032058,1.0,20,80.92810519019234
NIFTY_BANK,2025-06-26,2025-06-27,BULL,0.9835377575688646,0.6275856688764231,0.2912598528976171,0.08115447822595992,BULL,0.6275856688764231,BULL,True,0.6275856688764231,1.0,14,77.65514013258539
NIFTY_FIN_SERVICE,2025-06-26,2025-06-27,BULL,0.9993459774786744,0.5996448415334298,0.3175520050358589,0.08280315343071146,BULL,0.5996448415334298,BULL,True,0.5996448415334298,1.0,14,75.9786904920058
NIFTY_IT,2025-06-26,2025-06-27,BULL,0.9995872527580113,0.6526034453550378,0.281142351467403,0.06625420317755921,BULL,0.6526034453550378,BULL,True,0.6526034453550378,0.9,7,72.15620672130227
NIFTY_PHARMA,2025-06-26,2025-06-27,SIDE,0.9999492398768511,0.1484463419877097,0.7494666592287157,0.1020869987835745,SIDE,0.7494666592287157,SIDE,True,0.7494666592287157,1.0,32,84.96799955372295
SENSEX,2025-06-26,2025-06-27,BULL,0.9999803588021091,0.5659609518545159,0.3275867060836819,0.10645234206180233,BULL,0.5659609518545159,BULL,True,0.5659609518545159,1.0,29,73.95765711127095
INDIA_VIX,2025-06-27,2025-06-30,BEAR,0.9999986384585933,0.09177865685599161,0.23544970728606396,0.6727716358579444,BEAR,0.6727716358579444,BEAR,True,0.6727716358579444,1.0,22,80.36629815147667
NIFTY_50,2025-06-27,2025-06-30,BULL,0.9999999589507358,0.5599667310537233,0.3372095923202948,0.10282367662598192,BULL,0.5599667310537233,BULL,True,0.5599667310537233,1.0,30,73.59800386322341
NIFTY_AUTO,2025-06-27,2025-06-30,SIDE,0.9036098296783144,0.2499274042356127,0.6534125021834116,0.09666009358097574,SIDE,0.6534125021834116,SIDE,True,0.6534125021834116,1.0,21,79.2047501310047
NIFTY_BANK,2025-06-27,2025-06-30,BULL,0.9999609187381411,0.6364056779834956,0.28228915939816634,0.081305162618338,BULL,0.6364056779834956,BULL,True,0.6364056779834956,1.0,15,78.18434067900974
NIFTY_FIN_SERVICE,2025-06-27,2025-06-30,BULL,0.9999967336505335,0.599934208964975,0.31725829716533704,0.08280749386968791,BULL,0.599934208964975,BULL,True,0.599934208964975,1.0,15,75.9960525378985
NIFTY_IT,2025-06-27,2025-06-30,BULL,0.9897788720650224,0.646560575443643,0.2858792794708589,0.0675601450854981,BULL,0.646560575443643,BULL,True,0.646560575443643,0.9,8,73.29363452661858
NIFTY_PHARMA,2025-06-27,2025-06-30,SIDE,0.999723056972455,0.1487346061862477,0.7492444126031732,0.10202098121057904,SIDE,0.7492444126031732,SIDE,True,0.7492444126031732,1.0,33,84.9546647561904
SENSEX,2025-06-27,2025-06-30,BULL,0.9999998547530087,0.5659684896492061,0.32757839136328365,0.10645311898751013,BULL,0.5659684896492061,BULL,True,0.5659684896492061,1.0,30,73.95810937895236
INDIA_VIX,2025-06-30,2025-07-01,BEAR,0.9999993977432371,0.09177711197774763,0.23545008651736993,0.6727728015048824,BEAR,0.6727728015048824,BEAR,True,0.6727728015048824,1.0,23,80.36636809029295
NIFTY_50,2025-06-30,2025-07-01,BULL,0.999959850525721,0.5599519803696243,0.3372261406542401,0.10282187897613554,BULL,0.5599519803696243,BULL,True,0.5599519803696243,1.0,31,73.59711882217746
NIFTY_AUTO,2025-06-30,2025-07-01,SIDE,0.9976844601514866,0.18326792448231422,0.7124432680320064,0.10428880748567923,SIDE,0.7124432680320064,SIDE,True,0.7124432680320064,1.0,22,82.74659608192039
NIFTY_BANK,2025-06-30,2025-07-01,BULL,0.999508575193061,0.6361588083978624,0.2825405765456872,0.08130061505645036,BULL,0.6361588083978624,BULL,True,0.6361588083978624,1.0,16,78.16952850387175
NIFTY_FIN_SERVICE,2025-06-30,2025-07-01,BULL,0.9974156693115179,0.598787970960647,0.3184215650002761,0.08279046403907692,BULL,0.598787970960647,BULL,True,0.598787970960647,1.0,16,75.92727825763882
NIFTY_IT,2025-06-30,2025-07-01,BULL,0.9962185820708812,0.6505122719140922,0.282781180842856,0.06670654724305182,BULL,0.6505122719140922,BULL,True,0.6505122719140922,0.9,9,75.03073631484554
NIFTY_PHARMA,2025-06-30,2025-07-01,SIDE,0.9971307193245442,0.15157835889918997,0.7466902261386956,0.10173141496211441,SIDE,0.7466902261386956,SIDE,True,0.7466902261386956,1.0,34,84.80141356832173
SENSEX,2025-06-30,2025-07-01,BULL,0.9997691122345225,0.5658792866914162,0.3276767874363185,0.10644392587226524,BULL,0.5658792866914162,BULL,True,0.5658792866914162,1.0,31,73.95275720148497
INDIA_VIX,2025-07-01,2025-07-02,BEAR,0.9999996519411154,0.09177685059413893,0.23545008618032998,0.672773063225531,BEAR,0.672773063225531,BEAR,True,0.672773063225531,1.0,24,80.36638379353185
NIFTY_50,2025-07-01,2025-07-02,BULL,0.9999697592129446,0.5599556244821686,0.33722205256664867,0.10282232295118275,BULL,0.5599556244821686,BULL,True,0.5599556244821686,1.0,32,73.59733746893012
NIFTY_AUTO,2025-07-01,2025-07-02,SIDE,0.9997883278929326,0.18144511163212673,0.7140518986377248,0.10450298973014842,SIDE,0.7140518986377248,SIDE,True,0.7140518986377248,1.0,23,82.84311391826348
NIFTY_BANK,2025-07-01,2025-07-02,BULL,0.9998732502982904,0.6363578142862348,0.2823379065307403,0.08130427918302491,BULL,0.6363578142862348,BULL,True,0.6363578142862348,1.0,17,78.18146885717408
NIFTY_FIN_SERVICE,2025-07-01,2025-07-02,BULL,0.9781687381793539,0.5903591619775762,0.32696242206993975,0.08267841595248399,BULL,0.5903591619775762,SIDE,False,0.5903591619775762,1.0,17,75.42154971865457
NIFTY_IT,2025-07-01,2025-07-02,BULL,0.9590931170465039,0.6284831011075032,0.30007053310171683,0.07144636579077995,BULL,0.6284831011075032,BULL,True,0.6284831011075032,0.1,1,41.708986066450194
NIFTY_PHARMA,2025-07-01,2025-07-02,SIDE,0.9980609337219697,0.15056586432435023,0.7476005222549861,0.10183361342066369,SIDE,0.7476005222549861,SIDE,True,0.7476005222549861,1.0,35,84.85603133529916
SENSEX,2025-07-01,2025-07-02,BULL,0.9998454892294406,0.5659088109488113,0.3276442207295747,0.10644696832161393,BULL,0.5659088109488113,BULL,True,0.5659088109488113,1.0,32,73.95452865692867
INDIA_VIX,2025-07-02,2025-07-03,BEAR,0.999999635544554,0.09177687881886502,0.23545008054697852,0.6727730406341564,BEAR,0.6727730406341564,BEAR,True,0.6727730406341564,1.0,25,80.36638243804938
NIFTY_50,2025-07-02,2025-07-03,BULL,0.997163390983313,0.5589248974783506,0.3383782901042311,0.10269681241741825,BULL,0.5589248974783506,BULL,True,0.5589248974783506,1.0,33,73.53549384870104
NIFTY_AUTO,2025-07-02,2025-07-03,SIDE,0.999170460474869,0.18198357012163596,0.7135779600191812,0.10443846985918287,SIDE,0.7135779600191812,SIDE,True,0.7135779600191812,1.0,24,82.81467760115088
NIFTY_BANK,2025-07-02,2025-07-03,BULL,0.8761476281154378,0.5754190178060564,0.3437888636062198,0.0807921185877239,BULL,0.5754190178060564,SIDE,False,0.5754190178060564,1.0,18,74.52514106836338
NIFTY_FIN_SERVICE,2025-07-02,2025-07-03,SIDE,0.9116062124575194,0.21501193619076972,0.6865167559455703,0.09847130786366008,SIDE,0.6865167559455703,SIDE,True,0.6865167559455703,1.0,18,81.19100535673421
NIFTY_IT,2025-07-02,2025-07-03,BULL,0.9461406723849327,0.6211856166410923,0.3058072250214739,0.07300715833743379,BULL,0.6211856166410923,BULL,True,0.6211856166410923,0.2,2,45.271136998465536
NIFTY_PHARMA,2025-07-02,2025-07-03,SIDE,0.9905524021025973,0.1585244328824451,0.740440527442372,0.10103503967518279,SIDE,0.740440527442372,SIDE,True,0.740440527442372,1.0,36,84.42643164654233
SENSEX,2025-07-02,2025-07-03,BULL,0.9900185002291463,0.5621291953433799,0.33181120451641444,0.10605960014020564,BULL,0.5621291953433799,BULL,True,0.5621291953433799,1.0,33,73.7277517206028
INDIA_VIX,2025-07-03,2025-07-04,BEAR,0.9999996207174027,0.09177690753115086,0.23545007386591144,0.6727730186029377,BEAR,0.6727730186029377,BEAR,True,0.6727730186029377,1.0,26,80.36638111617626
NIFTY_50,2025-07-03,2025-07-04,BULL,0.9750400316386192,0.5508897741539225,0.34738346024569744,0.10172676560038012,BULL,0.5508897741539225,BULL,True,0.5508897741539225,1.0,34,73.05338644923535
NIFTY_AUTO,2025-07-03,2025-07-04,SIDE,0.9944161181862489,0.18605764807287622,0.7099798655744017,0.1039624863527222,SIDE,0.7099798655744017,SIDE,True,0.7099798655744017,1.0,25,82.5987919344641
NIFTY_BANK,2025-07-03,2025-07-04,SIDE,0.8428087596301751,0.2608377472200218,0.644091849295723,0.09507040348425518,SIDE,0.644091849295723,SIDE,True,0.644091849295723,1.0,19,78.64551095774338
NIFTY_FIN_SERVICE,2025-07-03,2025-07-04,SIDE,0.9998075769479899,0.1365786693269118,0.757629028433151,0.10579230223993716,SIDE,0.757629028433151,SIDE,True,0.757629028433151,1.0,19,85.45774170598906
NIFTY_IT,2025-07-03,2025-07-04,BULL,0.8656794966487199,0.5792727524193334,0.3388307702783717,0.08189647730229481,BULL,0.5792727524193334,BULL,True,0.5792727524193334,0.8,1,56.256365145160004
NIFTY_PHARMA,2025-07-03,2025-07-04,SIDE,0.9210806170113502,0.21706573184366407,0.6875151322092967,0.09541913594703924,SIDE,0.6875151322092967,BULL,False,0.6875151322092967,1.0,37,81.25090793255781
SENSEX,2025-07-03,2025-07-04,BULL,0.9144941126846962,0.5341701235300017,0.3625005250764815,0.10332935139351687,BULL,0.5341701235300017,BULL,True,0.5341701235300017,1.0,34,72.0502074118001
INDIA_VIX,2025-07-04,2025-07-07,BEAR,0.9999995980938148,0.09177695048672412,0.23545006409687017,0.6727729854164056,BEAR,0.6727729854164056,BEAR,True,0.6727729854164056,1.0,27,80.36637912498433
NIFTY_50,2025-07-04,2025-07-07,BULL,0.9926838380304243,0.5572851793681289,0.3402171834393561,0.1024976371925149,BULL,0.5572851793681289,BULL,True,0.5572851793681289,1.0,35,73.43711076208773
NIFTY_AUTO,2025-07-04,2025-07-07,SIDE,0.9980089580183604,0.1829887262882263,0.7126904345590609,0.1043208391527129,SIDE,0.7126904345590609,SIDE,True,0.7126904345590609,1.0,26,82.76142607354366
NIFTY_BANK,2025-07-04,2025-07-07,SIDE,0.8959236993129195,0.22586434047596293,0.6760976130821961,0.09803804644184111,SIDE,0.6760976130821961,SIDE,True,0.6760976130821961,1.0,20,80.56585678493177
NIFTY_FIN_SERVICE,2025-07-04,2025-07-07,SIDE,0.9994266449419542,0.13705935486320178,0.7572240627549938,0.10571658238180458,SIDE,0.7572240627549938,SIDE,True,0.7572240627549938,1.0,20,85.43344376529963
NIFTY_IT,2025-07-04,2025-07-07,BULL,0.9941314666893988,0.6492250103561887,0.28379021099949875,0.06698477864431245,BULL,0.6492250103561887,BULL,True,0.6492250103561887,0.8,2,61.953500621371326
NIFTY_PHARMA,2025-07-04,2025-07-07,BULL,0.9569737634995366,0.5962383675818682,0.3293130527258237,0.07444857969230813,BULL,0.5962383675818682,BULL,True,0.5962383675818682,1.0,38,75.7743020549121
SENSEX,2025-07-04,2025-07-07,BULL,0.962429677494396,0.5517091921220169,0.34327683306339624,0.10501397481458698,BULL,0.5517091921220169,BULL,True,0.5517091921220169,1.0,35,73.10255152732101
INDIA_VIX,2025-07-07,2025-07-08,BEAR,0.9999991302085492,0.09177702127138875,0.23545026889745868,0.6727727098311526,BEAR,0.6727727098311526,BEAR,True,0.6727727098311526,1.0,28,80.36636258986915
NIFTY_50,2025-07-07,2025-07-08,BULL,0.9903566302631763,0.5564359517471439,0.3411693212386983,0.10239472701415779,BULL,0.5564359517471439,BULL,True,0.5564359517471439,1.0,36,73.38615710482864
NIFTY_AUTO,2025-07-07,2025-07-08,SIDE,0.9994744786455192,0.18171874751230288,0.7138109074276329,0.10447034506006427,SIDE,0.7138109074276329,SIDE,True,0.7138109074276329,1.0,27,82.82865444565797
NIFTY_BANK,2025-07-07,2025-07-08,SIDE,0.9784437055955322,0.15304120466858334,0.7420333527525353,0.10492544257888128,SIDE,0.7420333527525353,SIDE,True,0.7420333527525353,1.0,21,84.52200116515213
NIFTY_FIN_SERVICE,2025-07-07,2025-07-08,SIDE,0.9997678480758166,0.13665082327253927,0.7575901961233137,0.10575898060414703,SIDE,0.7575901961233137,SIDE,True,0.7575901961233137,1.0,21,85.45541176739883
NIFTY_IT,2025-07-07,2025-07-08,BULL,0.6556157223475377,0.48600919299752016,0.412648381040341,0.10134242596213898,BULL,0.48600919299752016,BULL,True,0.48600919299752016,0.8,3,53.660551579851216
NIFTY_PHARMA,2025-07-07,2025-07-08,BULL,0.9958094243497498,0.6140769222035938,0.31157162069655325,0.07435145709985291,BULL,0.6140769222035938,SIDE,False,0.6140769222035938,1.0,39,76.84461533221562
SENSEX,2025-07-07,2025-07-08,BULL,0.9646958638692115,0.5525552123336571,0.3423471472582934,0.10509764040804936,BULL,0.5525552123336571,BULL,True,0.5525552123336571,1.0,36,73.15331274001943
INDIA_VIX,2025-07-08,2025-07-09,BEAR,0.9999996319875548,0.0917768787702388,0.23545008239590312,0.6727730388338581,BEAR,0.6727730388338581,BEAR,True,0.6727730388338581,1.0,29,80.3663823300315
NIFTY_50,2025-07-08,2025-07-09,BULL,0.9981716058503447,0.5592948863235865,0.337963278908042,0.10274183476837147,BULL,0.5592948863235865,BULL,True,0.5592948863235865,1.0,37,73.5576931794152
NIFTY_AUTO,2025-07-08,2025-07-09,SIDE,0.9999588778138138,0.18129097363014088,0.7141807002819157,0.10452832608794341,SIDE,0.7141807002819157,SIDE,True,0.7141807002819157,1.0,28,82.85084201691494
NIFTY_BANK,2025-07-08,2025-07-09,SIDE,0.7853938898873177,0.2935135131405274,0.6140183032957381,0.0924681835637344,SIDE,0.6140183032957381,SIDE,True,0.6140183032957381,1.0,22,76.84109819774429
NIFTY_FIN_SERVICE,2025-07-08,2025-07-09,SIDE,0.9907285676530336,0.14700433401104465,0.7482664994953758,0.10472916649357956,SIDE,0.7482664994953758,SIDE,True,0.7482664994953758,1.0,22,84.89598996972255
NIFTY_IT,2025-07-08,2025-07-09,BULL,0.5361166340451423,0.4374228945060486,0.4512294092496717,0.11134769624427979,SIDE,0.4512294092496717,SIDE,True,0.4374228945060486,0.8,4,52.245373670362916
NIFTY_PHARMA,2025-07-08,2025-07-09,SIDE,0.9011206595279706,0.23075075347272517,0.6750744684679604,0.09417477805931447,SIDE,0.6750744684679604,SIDE,True,0.6750744684679604,1.0,40,80.50446810807762
SENSEX,2025-07-08,2025-07-09,BULL,0.9967101240741829,0.564698743412438,0.32897877214751703,0.10632248444004497,BULL,0.564698743412438,BULL,True,0.564698743412438,1.0,37,73.88192460474629
INDIA_VIX,2025-07-09,2025-07-10,BEAR,0.9999994332287422,0.09177725833053034,0.23544999548763143,0.6727727461818382,BEAR,0.6727727461818382,BEAR,True,0.6727727461818382,1.0,30,80.3663647709103
NIFTY_50,2025-07-09,2025-07-10,BULL,0.9803914097888481,0.5528192338056959,0.3452224422219306,0.10195832397237345,BULL,0.5528192338056959,SIDE,False,0.5528192338056959,1.0,38,73.16915402834175
NIFTY_AUTO,2025-07-09,2025-07-10,SIDE,0.9997040830099133,0.18151807102285256,0.713986929227666,0.10449499974948145,SIDE,0.713986929227666,SIDE,True,0.713986929227666,1.0,29,82.83921575365997
NIFTY_BANK,2025-07-09,2025-07-10,SIDE,0.7318143269167975,0.32086263932328857,0.5886663121574963,0.09047104851921513,SIDE,0.5886663121574963,SIDE,True,0.5886663121574963,1.0,23,75.31997872944979
NIFTY_FIN_SERVICE,2025-07-09,2025-07-10,SIDE,0.9869733203718503,0.15106557544120428,0.7446032682969415,0.10433115626185427,SIDE,0.7446032682969415,SIDE,True,0.7446032682969415,1.0,23,84.67619609781649
NIFTY_IT,2025-07-09,2025-07-10,SIDE,0.9913055821334564,0.17155920538490066,0.6631625650250879,0.1652782295900115,SIDE,0.6631625650250879,SIDE,True,0.6631625650250879,0.8,5,67.28975390150526
NIFTY_PHARMA,2025-07-09,2025-07-10,SIDE,0.992455586325489,0.15655152599137376,0.7422161509407617,0.10123232306786459,SIDE,0.7422161509407617,SIDE,True,0.7422161509407617,1.0,41,84.53296905644571
SENSEX,2025-07-09,2025-07-10,BULL,0.9670007735128057,0.5534174214361208,0.3413994456531784,0.10518313291070086,BULL,0.5534174214361208,SIDE,False,0.5534174214361208,1.0,38,73.20504528616726
INDIA_VIX,2025-07-10,2025-07-11,BEAR,0.9999987831935635,0.09177840396599647,0.23544975887774167,0.6727718371562619,BEAR,0.6727718371562619,BEAR,True,0.6727718371562619,1.0,31,80.36631022937571
NIFTY_50,2025-07-10,2025-07-11,SIDE,0.7201514695273592,0.30721550770923434,0.6117151617121284,0.08106933057863727,SIDE,0.6117151617121284,SIDE,True,0.6117151617121284,1.0,39,76.7029097027277
NIFTY_AUTO,2025-07-10,2025-07-11,SIDE,0.9999003584082975,0.1813429696515821,0.7141360862681867,0.10452094408023112,SIDE,0.7141360862681867,SIDE,True,0.7141360862681867,1.0,30,82.8481651760912
NIFTY_BANK,2025-07-10,2025-07-11,SIDE,0.9856336453957962,0.14460476623752094,0.7496113275039216,0.1057839062585574,SIDE,0.7496113275039216,SIDE,True,0.7496113275039216,1.0,24,84.97667965023528
NIFTY_FIN_SERVICE,2025-07-10,2025-07-11,SIDE,0.9982345376844723,0.13847258051631917,0.755953798263147,0.10557362122053388,SIDE,0.755953798263147,SIDE,True,0.755953798263147,1.0,24,85.35722789578882
NIFTY_IT,2025-07-10,2025-07-11,SIDE,0.9999316902144599,0.16373557056073482,0.6693803528862177,0.16688407655304763,SIDE,0.6693803528862177,SIDE,True,0.6693803528862177,0.8,6,69.16282117317306
NIFTY_PHARMA,2025-07-10,2025-07-11,SIDE,0.9999487419435507,0.1484687728990477,0.7494680717530191,0.10206315534793316,SIDE,0.7494680717530191,SIDE,True,0.7494680717530191,1.0,42,84.96808430518115
SENSEX,2025-07-10,2025-07-11,SIDE,0.686995173893985,0.3198515402563808,0.5887631023964462,0.09138535734717285,SIDE,0.5887631023964462,SIDE,True,0.5887631023964462,1.0,39,75.32578614378677
INDIA_VIX,2025-07-11,2025-07-14,BEAR,0.9999994117534362,0.09177728843729302,0.23544999152311374,0.6727727200395932,BEAR,0.6727727200395932,BEAR,True,0.6727727200395932,1.0,32,80.3663632023756
NIFTY_50,2025-07-11,2025-07-14,SIDE,0.9995688800856498,0.11687959427599556,0.8020951800693809,0.08102522565462353,SIDE,0.8020951800693809,SIDE,True,0.8020951800693809,1.0,40,88.12571080416285
NIFTY_AUTO,2025-07-11,2025-07-14,SIDE,0.9810862281825474,0.17613246060271626,0.6926754702727875,0.13119206912449632,SIDE,0.6926754702727875,SIDE,True,0.6926754702727875,1.0,31,81.56052821636725
NIFTY_BANK,2025-07-11,2025-07-14,SIDE,0.9996686309933084,0.12625184280034532,0.7660569196099718,0.10769123758968299,SIDE,0.7660569196099718,SIDE,True,0.7660569196099718,1.0,25,85.9634151765983
NIFTY_FIN_SERVICE,2025-07-11,2025-07-14,SIDE,0.9998739189269628,0.13651779240767203,0.7577033597265462,0.10577884786578182,SIDE,0.7577033597265462,SIDE,True,0.7577033597265462,1.0,25,85.46220158359277
NIFTY_IT,2025-07-11,2025-07-14,SIDE,0.9047498626709788,0.14986829621642528,0.613019707132645,0.23711199665092983,SIDE,0.613019707132645,BEAR,False,0.613019707132645,0.8,7,67.2811824279587
NIFTY_PHARMA,2025-07-11,2025-07-14,SIDE,0.9979455036389777,0.15069206163706664,0.7474871986281197,0.10182073973481359,SIDE,0.7474871986281197,SIDE,True,0.7474871986281197,1.0,43,84.84923191768718
SENSEX,2025-07-11,2025-07-14,SIDE,0.9995177446794394,0.10881718524591162,0.7938857712431565,0.09729704351093184,SIDE,0.7938857712431565,SIDE,True,0.7938857712431565,1.0,40,87.6331462745894
INDIA_VIX,2025-07-14,2025-07-15,BEAR,0.9999995349652828,0.09177690687270942,0.23545011818408187,0.6727729749432088,BEAR,0.6727729749432088,BEAR,True,0.6727729749432088,1.0,33,80.36637849659253
NIFTY_50,2025-07-14,2025-07-15,SIDE,0.9989609752981117,0.11660853010265364,0.8008143399350246,0.08257712996232175,SIDE,0.8008143399350246,SIDE,True,0.8008143399350246,1.0,41,88.04886039610147
NIFTY_AUTO,2025-07-14,2025-07-15,SIDE,0.9970785300477274,0.18037704051344017,0.7105148815947865,0.10910807789177328,SIDE,0.7105148815947865,SIDE,True,0.7105148815947865,1.0,32,82.6308928956872
NIFTY_BANK,2025-07-14,2025-07-15,SIDE,0.9996908730471248,0.1262231361720846,0.766085236210919,0.10769162761699656,SIDE,0.766085236210919,SIDE,True,0.766085236210919,1.0,26,85.96511417265515
NIFTY_FIN_SERVICE,2025-07-14,2025-07-15,SIDE,0.9999314793729301,0.13643761335275073,0.7577635737653748,0.10579881288187444,SIDE,0.7577635737653748,SIDE,True,0.7577635737653748,1.0,26,85.46581442592249
NIFTY_IT,2025-07-14,2025-07-15,BEAR,0.9722998692391703,0.06995769694888487,0.290619493844604,0.6394228092065111,BEAR,0.6394228092065111,BEAR,True,0.6394228092065111,0.8,8,70.36536855239066
NIFTY_PHARMA,2025-07-14,2025-07-15,SIDE,0.8059913742462439,0.28606547257231335,0.6244991171947674,0.08943541023291927,SIDE,0.6244991171947674,BULL,False,0.6244991171947674,1.0,44,77.46994703168605
SENSEX,2025-07-14,2025-07-15,SIDE,0.9987564627740722,0.10834979951452813,0.7927129308629787,0.09893726962249326,SIDE,0.7927129308629787,SIDE,True,0.7927129308629787,1.0,41,87.56277585177872
INDIA_VIX,2025-07-15,2025-07-16,BEAR,0.9999990876733796,0.09177786836778626,0.23544986919828054,0.6727722624339332,BEAR,0.6727722624339332,BEAR,True,0.6727722624339332,1.0,34,80.36633574603599
NIFTY_50,2025-07-15,2025-07-16,SIDE,0.999837903855396,0.11687938641558279,0.8026188000607039,0.08050181352371329,SIDE,0.8026188000607039,SIDE,True,0.8026188000607039,1.0,42,88.15712800364223
NIFTY_AUTO,2025-07-15,2025-07-16,SIDE,0.9999556531737599,0.18128398519664438,0.7141738556356629,0.10454215916769272,SIDE,0.7141738556356629,SIDE,True,0.7141738556356629,1.0,33,82.85043133813977
NIFTY_BANK,2025-07-15,2025-07-16,SIDE,0.9971817192492396,0.12973761223214433,0.7629536424694731,0.10730874529838266,SIDE,0.7629536424694731,SIDE,True,0.7629536424694731,1.0,27,85.77721854816839
NIFTY_FIN_SERVICE,2025-07-15,2025-07-16,SIDE,0.9995733256402204,0.13688437390000374,0.7573813863489564,0.1057342397510398,SIDE,0.7573813863489564,SIDE,True,0.7573813863489564,1.0,27,85.44288318093737
NIFTY_IT,2025-07-15,2025-07-16,BEAR,0.9831199933750099,0.06865310696168798,0.2854486249756938,0.6458982680626182,BEAR,0.6458982680626182,BEAR,True,0.6458982680626182,0.1,1,42.75389608375709
NIFTY_PHARMA,2025-07-15,2025-07-16,BULL,0.9972018217771408,0.6147347766699813,0.3109154866750251,0.0743497366549935,BULL,0.6147347766699813,BULL,True,0.6147347766699813,1.0,45,76.88408660019888
SENSEX,2025-07-15,2025-07-16,SIDE,0.9998491805321277,0.1085712084299113,0.7943725534724096,0.09705623809767895,SIDE,0.7943725534724096,SIDE,True,0.7943725534724096,1.0,42,87.66235320834458
INDIA_VIX,2025-07-16,2025-07-17,BEAR,0.9999986127199006,0.09177870303739731,0.23544969750964423,0.6727715994529584,BEAR,0.6727715994529584,BEAR,True,0.6727715994529584,1.0,35,80.3662959671775
NIFTY_50,2025-07-16,2025-07-17,SIDE,0.9998581426146059,0.11688116028152053,0.8026590809266946,0.08045975879178488,SIDE,0.8026590809266946,SIDE,True,0.8026590809266946,1.0,43,88.15954485560168
NIFTY_AUTO,2025-07-16,2025-07-17,SIDE,0.9998630076257421,0.18137879655417374,0.7141087987849376,0.10451240466088864,SIDE,0.7141087987849376,SIDE,True,0.7141087987849376,1.0,34,82.84652792709626
NIFTY_BANK,2025-07-16,2025-07-17,SIDE,0.989291254896257,0.14009746735791406,0.7536663865863692,0.10623614605571656,SIDE,0.7536663865863692,SIDE,True,0.7536663865863692,1.0,28,85.21998319518215
NIFTY_FIN_SERVICE,2025-07-16,2025-07-17,SIDE,0.9997876792896782,0.13662757160902708,0.7576115990867178,0.10576082930425518,SIDE,0.7576115990867178,SIDE,True,0.7576115990867178,1.0,28,85.45669594520308
NIFTY_IT,2025-07-16,2025-07-17,BEAR,0.5570131090033972,0.10812488749444675,0.4436636631490397,0.4482114493565135,BEAR,0.4482114493565135,BEAR,True,0.4482114493565135,0.9,1,50.89268696139081
NIFTY_PHARMA,2025-07-16,2025-07-17,BULL,0.9958160226892299,0.614080036455779,0.3115685149408675,0.0743514486033535,BULL,0.614080036455779,BULL,True,0.614080036455779,1.0,46,76.84480218734674
SENSEX,2025-07-16,2025-07-17,SIDE,0.9998662252678516,0.10858003806825735,0.7943990744648195,0.0970208874669231,SIDE,0.7943990744648195,SIDE,True,0.7943990744648195,1.0,43,87.66394446788918
INDIA_VIX,2025-07-17,2025-07-18,BEAR,0.9999988910347007,0.091778213389077,0.2354497983881892,0.6727719882227338,BEAR,0.6727719882227338,BEAR,True,0.6727719882227338,1.0,36,80.36631929336403
NIFTY_50,2025-07-17,2025-07-18,SIDE,0.9990378053267956,0.11662262907037244,0.8009667814448889,0.08241058948473862,SIDE,0.8009667814448889,SIDE,True,0.8009667814448889,1.0,44,88.05800688669333
NIFTY_AUTO,2025-07-17,2025-07-18,SIDE,0.9999289167988551,0.18132021415340294,0.7141590221869761,0.10452076365962108,SIDE,0.7141590221869761,SIDE,True,0.7141590221869761,1.0,35,82.84954133121857
NIFTY_BANK,2025-07-17,2025-07-18,SIDE,0.9998037444960489,0.12603765827231442,0.7662273220293564,0.10773501969832912,SIDE,0.7662273220293564,SIDE,True,0.7662273220293564,1.0,29,85.97363932176138
NIFTY_FIN_SERVICE,2025-07-17,2025-07-18,SIDE,0.9999327583556442,0.1364133521527526,0.7577613770141511,0.10582527083309638,SIDE,0.7577613770141511,SIDE,True,0.7577613770141511,1.0,29,85.46568262084907
NIFTY_IT,2025-07-17,2025-07-18,BEAR,0.993157319634768,0.06741294268630448,0.28053870851886814,0.6520483487948274,BEAR,0.6520483487948274,BEAR,True,0.6520483487948274,0.9,2,64.62290092768966
NIFTY_PHARMA,2025-07-17,2025-07-18,BULL,0.9991708020164449,0.615667397416871,0.30998507659778374,0.0743475259853453,BULL,0.615667397416871,BULL,True,0.615667397416871,0.1,1,40.94004384501226
SENSEX,2025-07-17,2025-07-18,SIDE,0.9978075902721653,0.10823722790750796,0.7913018896256003,0.10046088246689155,SIDE,0.7913018896256003,SIDE,True,0.7913018896256003,1.0,44,87.47811337753603
INDIA_VIX,2025-07-18,2025-07-21,BEAR,0.9999994716504434,0.09177715439518462,0.23545002749614843,0.6727728181086668,BEAR,0.6727728181086668,BEAR,True,0.6727728181086668,1.0,37,80.36636908652001
NIFTY_50,2025-07-18,2025-07-21,SIDE,0.9372083340760148,0.1106307549614838,0.7220628620915863,0.16730638294692993,SIDE,0.7220628620915863,SIDE,True,0.7220628620915863,1.0,45,83.32377172549518
NIFTY_AUTO,2025-07-18,2025-07-21,SIDE,0.9999723010266773,0.18125925573742266,0.7141821313939993,0.104558612868578,SIDE,0.7141821313939993,SIDE,True,0.7141821313939993,1.0,36,82.85092788363995
NIFTY_BANK,2025-07-18,2025-07-21,SIDE,0.9976696247397061,0.1254394589290364,0.7634111138485878,0.11114942722237564,SIDE,0.7634111138485878,SIDE,True,0.7634111138485878,1.0,30,85.80466683091527
NIFTY_FIN_SERVICE,2025-07-18,2025-07-21,SIDE,0.9819549555427942,0.133463727724415,0.7369993363840931,0.1295369358914919,SIDE,0.7369993363840931,SIDE,True,0.7369993363840931,1.0,30,84.2199601830456
NIFTY_IT,2025-07-18,2025-07-21,BEAR,0.9983063795813684,0.06676481989967208,0.2779749986727224,0.6552601814276056,BEAR,0.6552601814276056,BEAR,True,0.6552601814276056,0.9,3,66.31561088565634
NIFTY_PHARMA,2025-07-18,2025-07-21,BULL,0.940925335186177,0.589123385953066,0.33636237669103286,0.07451423735590111,BULL,0.589123385953066,SIDE,False,0.589123385953066,0.9,1,59.34740315718396
SENSEX,2025-07-18,2025-07-21,SIDE,0.7167262388380767,0.10386567009590315,0.5984371435473773,0.29769718635671955,SIDE,0.5984371435473773,SIDE,True,0.5984371435473773,1.0,45,75.90622861284264
INDIA_VIX,2025-07-21,2025-07-22,BEAR,0.9999993870493049,0.09177733722038493,0.2354499799215354,0.6727726828580796,BEAR,0.6727726828580796,BEAR,True,0.6727726828580796,1.0,38,80.36636097148477
NIFTY_50,2025-07-21,2025-07-22,SIDE,0.9975836722045706,0.1163569399535606,0.7981307818541394,0.0855122781923,SIDE,0.7981307818541394,SIDE,True,0.7981307818541394,1.0,46,87.88784691124837
NIFTY_AUTO,2025-07-21,2025-07-22,SIDE,0.9998682120426642,0.18137348383328958,0.7141124575183097,0.10451405864840081,SIDE,0.7141124575183097,SIDE,True,0.7141124575183097,1.0,37,82.84674745109858
NIFTY_BANK,2025-07-21,2025-07-22,SIDE,0.9994072566218214,0.12659491689978936,0.7657249685738903,0.10768011452632026,SIDE,0.7657249685738903,SIDE,True,0.7657249685738903,1.0,31,85.94349811443341
NIFTY_FIN_SERVICE,2025-07-21,2025-07-22,SIDE,0.9971218032392539,0.13975776159144146,0.7547776992656496,0.10546453914290893,SIDE,0.7547776992656496,SIDE,True,0.7547776992656496,1.0,31,85.28666195593898
NIFTY_IT,2025-07-21,2025-07-22,BEAR,0.9995556486963602,0.06660630133865639,0.277348205266157,0.6560454933951866,BEAR,0.6560454933951866,BEAR,True,0.6560454933951866,0.9,4,67.8627296037112
NIFTY_PHARMA,2025-07-21,2025-07-22,SIDE,0.5820796787388357,0.38580661001373723,0.5319624056796,0.08223098430666284,SIDE,0.5319624056796,SIDE,True,0.5319624056796,0.9,2,57.417744340776
SENSEX,2025-07-21,2025-07-22,SIDE,0.9897444385651517,0.10745889338097535,0.7801157302920569,0.11242537632696774,SIDE,0.7801157302920569,SIDE,True,0.7801157302920569,1.0,46,86.80694381752342
INDIA_VIX,2025-07-22,2025-07-23,BEAR,0.9999963319277966,0.09178269769841106,0.23544887974606168,0.6727684225555274,BEAR,0.6727684225555274,BEAR,True,0.6727684225555274,1.0,39,80.36610535333165
NIFTY_50,2025-07-22,2025-07-23,SIDE,0.9970353833936699,0.11624635942619911,0.7970834708602023,0.08667016971359874,SIDE,0.7970834708602023,SIDE,True,0.7970834708602023,1.0,47,87.82500825161213
NIFTY_AUTO,2025-07-22,2025-07-23,SIDE,0.9999383408013677,0.18124579790840392,0.7141368341286946,0.10461736796290148,SIDE,0.7141368341286946,SIDE,True,0.7141368341286946,1.0,38,82.84821004772168
NIFTY_BANK,2025-07-22,2025-07-23,SIDE,0.999896715681181,0.12587314481289472,0.7663440653859147,0.10778278980119063,SIDE,0.7663440653859147,SIDE,True,0.7663440653859147,1.0,32,85.98064392315489
NIFTY_FIN_SERVICE,2025-07-22,2025-07-23,SIDE,0.9996446229621839,0.13680016593420852,0.7574580880794333,0.10574174598635808,SIDE,0.7574580880794333,SIDE,True,0.7574580880794333,1.0,32,85.44748528476599
NIFTY_IT,2025-07-22,2025-07-23,BEAR,0.9999541208634564,0.06655563339482469,0.27714788096907117,0.6562964856361041,BEAR,0.6562964856361041,BEAR,True,0.6562964856361041,0.9,5,69.37778913816625
NIFTY_PHARMA,2025-07-22,2025-07-23,SIDE,0.9998634158604609,0.14851467394862822,0.74937866556242,0.10210666048895177,SIDE,0.74937866556242,SIDE,True,0.74937866556242,0.9,3,71.9627199337452
SENSEX,2025-07-22,2025-07-23,SIDE,0.9976008156646193,0.1082212634631264,0.7909976867730897,0.10078104976378395,SIDE,0.7909976867730897,SIDE,True,0.7909976867730897,1.0,47,87.45986120638538
INDIA_VIX,2025-07-23,2025-07-24,BEAR,0.9999918066239663,0.09179062126610711,0.23544725819304693,0.6727621205408459,BEAR,0.6727621205408459,BEAR,True,0.6727621205408459,1.0,40,80.36572723245075
NIFTY_50,2025-07-23,2025-07-24,SIDE,0.9997813866496742,0.11697108994126663,0.8025474667227515,0.08048144333598185,SIDE,0.8025474667227515,SIDE,True,0.8025474667227515,1.0,48,88.15284800336508
NIFTY_AUTO,2025-07-23,2025-07-24,SIDE,0.999896734387287,0.1813475553026245,0.7141339324041287,0.1045185122932468,SIDE,0.7141339324041287,SIDE,True,0.7141339324041287,1.0,39,82.84803594424773
NIFTY_BANK,2025-07-23,2025-07-24,SIDE,0.9974815581292206,0.12932299177592244,0.763322858920526,0.10735414930355154,SIDE,0.763322858920526,SIDE,True,0.763322858920526,1.0,33,85.79937153523156
NIFTY_FIN_SERVICE,2025-07-23,2025-07-24,SIDE,0.9633363167250727,0.17415339558485182,0.7237241804119046,0.10212242400324367,SIDE,0.7237241804119046,SIDE,True,0.7237241804119046,1.0,33,83.42345082471428
NIFTY_IT,2025-07-23,2025-07-24,BEAR,0.9993099082760853,0.06663752291650075,0.2774716499953071,0.6558908270881922,BEAR,0.6558908270881922,BEAR,True,0.6558908270881922,0.2,1,45.85344962529153
NIFTY_PHARMA,2025-07-23,2025-07-24,SIDE,0.9998738074006158,0.14856675994061241,0.7493946077825427,0.10203863227684502,SIDE,0.7493946077825427,SIDE,True,0.7493946077825427,0.9,4,73.46367646695255
SENSEX,2025-07-23,2025-07-24,SIDE,0.9997275432411582,0.10884401504206218,0.7942061699922502,0.09694981496568757,SIDE,0.7942061699922502,SIDE,True,0.7942061699922502,1.0,48,87.65237019953501
INDIA_VIX,2025-07-24,2025-07-25,BEAR,0.9999985214050948,0.09177885944357138,0.2354496665246645,0.6727714740317641,BEAR,0.6727714740317641,BEAR,True,0.6727714740317641,1.0,41,80.36628844190584
NIFTY_50,2025-07-24,2025-07-25,SIDE,0.9961118619320366,0.11608575329048682,0.7953583580549073,0.08855588865460605,SIDE,0.7953583580549073,BEAR,False,0.7953583580549073,1.0,49,87.72150148329445
NIFTY_AUTO,2025-07-24,2025-07-25,SIDE,0.9999137904665324,0.1813334604008,0.7141474048132781,0.10451913478592188,SIDE,0.7141474048132781,SIDE,True,0.7141474048132781,1.0,40,82.84884428879668
NIFTY_BANK,2025-07-24,2025-07-25,SIDE,0.9995800827650329,0.12638682434903953,0.7659451955643257,0.10766798008663467,SIDE,0.7659451955643257,SIDE,True,0.7659451955643257,1.0,34,85.95671173385954
NIFTY_FIN_SERVICE,2025-07-24,2025-07-25,SIDE,0.9992525567223849,0.13726648709896247,0.7570375999390089,0.10569591296202864,SIDE,0.7570375999390089,SIDE,True,0.7570375999390089,1.0,34,85.42225599634054
NIFTY_IT,2025-07-24,2025-07-25,BEAR,0.9999999983797814,0.06654979650281212,0.2771248044612273,0.6563253990359607,BEAR,0.6563253990359607,BEAR,True,0.6563253990359607,0.3,2,49.87952394215765
NIFTY_PHARMA,2025-07-24,2025-07-25,SIDE,0.9981761521687522,0.1504401864565824,0.7477137859154047,0.10184602762801291,SIDE,0.7477137859154047,SIDE,True,0.7477137859154047,0.9,5,74.86282715492429
SENSEX,2025-07-24,2025-07-25,SIDE,0.9974913587408526,0.10821361023820457,0.7908370898322602,0.10094929992953526,SIDE,0.7908370898322602,BEAR,False,0.7908370898322602,1.0,49,87.45022538993561
INDIA_VIX,2025-07-25,2025-07-28,BEAR,0.9999858533108308,0.09178278397876168,0.23545421219417217,0.6727630038270662,BEAR,0.6727630038270662,SIDE,False,0.6727630038270662,1.0,42,80.36578022962398
NIFTY_50,2025-07-25,2025-07-28,BEAR,0.7158376600480173,0.11717154203941978,0.40452654694004286,0.47830191102053726,BEAR,0.47830191102053726,BEAR,True,0.47830191102053726,1.0,50,68.69811466123224
NIFTY_AUTO,2025-07-25,2025-07-28,SIDE,0.9993734250318198,0.181070124583831,0.7134079398646553,0.10552193555151364,SIDE,0.7134079398646553,SIDE,True,0.7134079398646553,1.0,41,82.80447639187932
NIFTY_BANK,2025-07-25,2025-07-28,SIDE,0.9994831576425848,0.12574237891079132,0.7657901422780011,0.1084674788112075,SIDE,0.7657901422780011,SIDE,True,0.7657901422780011,1.0,35,85.94740853668007
NIFTY_FIN_SERVICE,2025-07-25,2025-07-28,SIDE,0.9998299598171686,0.1363783710455333,0.7576258942826689,0.10599573467179786,SIDE,0.7576258942826689,SIDE,True,0.7576258942826689,1.0,35,85.45755365696014
NIFTY_IT,2025-07-25,2025-07-28,BEAR,0.9999999999985185,0.0665497962968518,0.2771248036469529,0.6563254000561952,BEAR,0.6563254000561952,BEAR,True,0.6563254000561952,0.4,3,53.87952400337171
NIFTY_PHARMA,2025-07-25,2025-07-28,SIDE,0.973357175202696,0.1751896623611971,0.7254205480751558,0.09938978956364715,SIDE,0.7254205480751558,SIDE,True,0.7254205480751558,0.9,6,75.02523288450934
SENSEX,2025-07-25,2025-07-28,BEAR,0.7372789028911005,0.11416958728842203,0.42666674752783873,0.45916366518373924,BEAR,0.45916366518373924,BEAR,True,0.45916366518373924,1.0,50,67.54981991102436
INDIA_VIX,2025-07-28,2025-07-29,SIDE,0.5326986666426686,0.1949437406884481,0.3675161385666886,0.4375401207448633,BEAR,0.4375401207448633,BEAR,True,0.3675161385666886,1.0,43,62.050968314001324
NIFTY_50,2025-07-28,2025-07-29,BEAR,0.9998379225108034,0.13042629719425192,0.2760431413244623,0.5935305614812859,BEAR,0.5935305614812859,BEAR,True,0.5935305614812859,1.0,51,75.61183368887716
NIFTY_AUTO,2025-07-28,2025-07-29,SIDE,0.9982925107255594,0.18074039431229894,0.712032350012687,0.10722725567501416,SIDE,0.712032350012687,SIDE,True,0.712032350012687,1.0,42,82.72194100076122
NIFTY_BANK,2025-07-28,2025-07-29,SIDE,0.9903448754552834,0.12432427491312756,0.7543743935933384,0.12130133149353418,SIDE,0.7543743935933384,SIDE,True,0.7543743935933384,1.0,36,85.2624636156003
NIFTY_FIN_SERVICE,2025-07-28,2025-07-29,SIDE,0.9957409978704909,0.1356209644120722,0.752489516508798,0.11188951907912978,SIDE,0.752489516508798,SIDE,True,0.752489516508798,1.0,36,85.14937099052788
NIFTY_IT,2025-07-28,2025-07-29,BEAR,0.999999999999905,0.06654979629667539,0.2771248036462555,0.6563254000570692,BEAR,0.6563254000570692,BEAR,True,0.6563254000570692,0.5,4,57.87952400342415
NIFTY_PHARMA,2025-07-28,2025-07-29,SIDE,0.7551056144041842,0.3113314774265416,0.601231458890537,0.08743706368292155,SIDE,0.601231458890537,BULL,False,0.601231458890537,0.9,7,69.07388753343223
SENSEX,2025-07-28,2025-07-29,BEAR,0.9999550935706902,0.12447294689894071,0.32789090712886276,0.5476361459721965,BEAR,0.5476361459721965,BEAR,True,0.5476361459721965,1.0,51,72.85816875833179
INDIA_VIX,2025-07-29,2025-07-30,BEAR,0.992664507146939,0.0942986972581191,0.2379173732514468,0.6677839294904341,BEAR,0.6677839294904341,BEAR,True,0.6677839294904341,1.0,44,80.06703576942606
NIFTY_50,2025-07-29,2025-07-30,BEAR,0.9823243933264146,0.1293129376608105,0.2854034580939816,0.5852836042452079,BEAR,0.5852836042452079,BEAR,True,0.5852836042452079,1.0,52,75.11701625471247
NIFTY_AUTO,2025-07-29,2025-07-30,SIDE,0.9999347010676731,0.1812449606936341,0.7141322495984405,0.10462278970792548,SIDE,0.7141322495984405,SIDE,True,0.7141322495984405,1.0,43,82.84793497590643
NIFTY_BANK,2025-07-29,2025-07-30,SIDE,0.9980958906584287,0.12550768014355165,0.7639646718535273,0.11052764800292114,SIDE,0.7639646718535273,SIDE,True,0.7639646718535273,1.0,37,85.83788031121163
NIFTY_FIN_SERVICE,2025-07-29,2025-07-30,SIDE,0.9996284764664424,0.13632546831261444,0.7573634399111807,0.10631109177620476,SIDE,0.7573634399111807,SIDE,True,0.7573634399111807,1.0,37,85.44180639467083
NIFTY_IT,2025-07-29,2025-07-30,BEAR,0.9999999999995479,0.06654979629672082,0.2771248036464351,0.6563254000568441,BEAR,0.6563254000568441,BEAR,True,0.6563254000568441,0.5,5,59.379524003410644
NIFTY_PHARMA,2025-07-29,2025-07-30,BULL,0.9997939694832045,0.6159631439953024,0.30968997509151197,0.07434688091318559,BULL,0.6159631439953024,BULL,True,0.6159631439953024,0.9,8,71.45778863971815
SENSEX,2025-07-29,2025-07-30,BEAR,0.9891575242874541,0.12395687926372324,0.33232022402003675,0.54372289671624,BEAR,0.54372289671624,BEAR,True,0.54372289671624,1.0,52,72.6233738029744
INDIA_VIX,2025-07-30,2025-07-31,BEAR,0.9999651553708646,0.09178896736398325,0.23546175252768806,0.6727492801083287,BEAR,0.6727492801083287,BEAR,True,0.6727492801083287,1.0,45,80.36495680649972
NIFTY_50,2025-07-30,2025-07-31,BEAR,0.9040792276536109,0.12495241126489824,0.3239919435593658,0.551055645175736,BEAR,0.551055645175736,BEAR,True,0.551055645175736,1.0,53,73.06333871054417
NIFTY_AUTO,2025-07-30,2025-07-31,SIDE,0.9993348844577531,0.18105824954139102,0.7133584767242125,0.1055832737343965,SIDE,0.7133584767242125,SIDE,True,0.7133584767242125,1.0,44,82.80150860345276
NIFTY_BANK,2025-07-30,2025-07-31,SIDE,0.9972172086401618,0.12536483108366975,0.7628271742123858,0.11180799470394451,SIDE,0.7628271742123858,SIDE,True,0.7628271742123858,1.0,38,85.76963045274314
NIFTY_FIN_SERVICE,2025-07-30,2025-07-31,SIDE,0.9996886624912511,0.13633489946355343,0.7574407712054666,0.10622432933097999,SIDE,0.7574407712054666,SIDE,True,0.7574407712054666,1.0,38,85.44644627232799
NIFTY_IT,2025-07-30,2025-07-31,BEAR,0.999999999944206,0.06654979630376227,0.2771248036742739,0.6563254000219638,BEAR,0.6563254000219638,BEAR,True,0.6563254000219638,0.6,6,63.37952400131782
NIFTY_PHARMA,2025-07-30,2025-07-31,BULL,0.9999813097889955,0.6160521078449985,0.309601200014294,0.07434669214070742,BULL,0.6160521078449985,SIDE,False,0.6160521078449985,0.9,9,72.96312647069992
SENSEX,2025-07-30,2025-07-31,BEAR,0.9112410372283939,0.12051163632293085,0.36302203336125355,0.5164663303158157,BEAR,0.5164663303158157,BEAR,True,0.5164663303158157,1.0,53,70.98797981894894
INDIA_VIX,2025-07-31,2025-08-01,BEAR,0.9935399754237272,0.09399777482257016,0.237627085816436,0.6683751393609939,BEAR,0.6683751393609939,SIDE,False,0.6683751393609939,1.0,46,80.10250836165963
NIFTY_50,2025-07-31,2025-08-01,BEAR,0.9846602129965157,0.1294579839584871,0.2841733482573313,0.5863686677841816,BEAR,0.5863686677841816,BEAR,True,0.5863686677841816,1.0,54,75.1821200670509
NIFTY_AUTO,2025-07-31,2025-08-01,SIDE,0.99693207030197,0.1803336716311941,0.7103336977081366,0.1093326306606693,SIDE,0.7103336977081366,SIDE,True,0.7103336977081366,1.0,45,82.62002186248819
NIFTY_BANK,2025-07-31,2025-08-01,SIDE,0.9860545020093406,0.12372945441729197,0.7494434789086032,0.1268270666741048,SIDE,0.7494434789086032,SIDE,True,0.7494434789086032,1.0,39,84.96660873451619
NIFTY_FIN_SERVICE,2025-07-31,2025-08-01,SIDE,0.9989983172157079,0.13620277938907802,0.7565541406626128,0.10724307994830913,SIDE,0.7565541406626128,SIDE,True,0.7565541406626128,1.0,39,85.39324843975676
NIFTY_IT,2025-07-31,2025-08-01,BEAR,0.9999999999933717,0.06654979629750662,0.2771248036495419,0.6563254000529515,BEAR,0.6563254000529515,BEAR,True,0.6563254000529515,0.7,7,67.37952400317708
NIFTY_PHARMA,2025-07-31,2025-08-01,SIDE,0.7249570725007679,0.3253721344213807,0.5882528431124925,0.08637502246612665,SIDE,0.5882528431124925,BEAR,False,0.5882528431124925,1.0,10,75.29517058674955
SENSEX,2025-07-31,2025-08-01,BEAR,0.9910563574556729,0.12404670258033935,0.3315449758567043,0.5444083215629564,BEAR,0.5444083215629564,BEAR,True,0.5444083215629564,1.0,54,72.66449929377738
INDIA_VIX,2025-08-01,2025-08-04,SIDE,0.7891422632058751,0.229380669633045,0.4210137069741839,0.349605623392771,SIDE,0.4210137069741839,SIDE,True,0.4210137069741839,0.1,1,29.26082241845104
NIFTY_50,2025-08-01,2025-08-04,BEAR,0.9999922384049954,0.13043637591796375,0.2759592080894335,0.5936044159926027,BEAR,0.5936044159926027,BEAR,True,0.5936044159926027,1.0,55,75.61626495955616
NIFTY_AUTO,2025-08-01,2025-08-04,SIDE,0.6154326721400415,0.13476520837341374,0.5033309662430975,0.36190382538348875,SIDE,0.5033309662430975,SIDE,True,0.5033309662430975,1.0,46,70.19985797458584
NIFTY_BANK,2025-08-01,2025-08-04,SIDE,0.6921993774256329,0.10857431397422751,0.5734946636399744,0.3179310223857982,SIDE,0.5734946636399744,BEAR,False,0.5734946636399744,1.0,40,74.40967981839847
NIFTY_FIN_SERVICE,2025-08-01,2025-08-04,SIDE,0.9574317189341044,0.1304200774933146,0.7140416817538122,0.15553824075287312,SIDE,0.7140416817538122,SIDE,True,0.7140416817538122,1.0,40,82.84250090522873
NIFTY_IT,2025-08-01,2025-08-04,BEAR,1.0,0.06654979629666331,0.2771248036462078,0.6563254000571289,BEAR,0.6563254000571289,BEAR,True,0.6563254000571289,0.8,8,71.37952400342775
NIFTY_PHARMA,2025-08-01,2025-08-04,BEAR,0.9997836119810959,0.1285374570087291,0.36806912580436846,0.5033934171869024,BEAR,0.5033934171869024,BEAR,True,0.5033934171869024,1.0,11,70.20360503121415
SENSEX,2025-08-01,2025-08-04,BEAR,0.999991636548296,0.12447471175212028,0.32787583156037686,0.5476494566875029,BEAR,0.5476494566875029,BEAR,True,0.5476494566875029,1.0,55,72.85896740125017
INDIA_VIX,2025-08-04,2025-08-05,SIDE,0.9895420695898252,0.25780241373027174,0.4670910902500075,0.27510649601972076,SIDE,0.4670910902500075,SIDE,True,0.4670910902500075,0.2,2,36.02546541500045
NIFTY_50,2025-08-04,2025-08-05,BEAR,0.9870855067393892,0.1296097990786257,0.28289025726177436,0.5874999436595999,BEAR,0.5874999436595999,BEAR,True,0.5874999436595999,1.0,56,75.249996619576
NIFTY_AUTO,2025-08-04,2025-08-05,SIDE,0.995505048876218,0.17991676901801004,0.7085890488157062,0.11149418216628378,SIDE,0.7085890488157062,SIDE,True,0.7085890488157062,1.0,47,82.51534292894237
NIFTY_BANK,2025-08-04,2025-08-05,BEAR,0.6686896744733763,0.10538096713213661,0.4396545268476893,0.45496450602017413,BEAR,0.45496450602017413,BEAR,True,0.45496450602017413,1.0,41,67.29787036121046
NIFTY_FIN_SERVICE,2025-08-04,2025-08-05,SIDE,0.9403978029915414,0.1286956875608356,0.7003277595938476,0.17097655284531663,SIDE,0.7003277595938476,SIDE,True,0.7003277595938476,1.0,41,82.01966557563087
NIFTY_IT,2025-08-04,2025-08-05,BEAR,0.9999999686592418,0.06654980028431032,0.2771248194115683,0.6563253803041215,BEAR,0.6563253803041215,BEAR,True,0.6563253803041215,0.9,9,75.3795228182473
NIFTY_PHARMA,2025-08-04,2025-08-05,BEAR,0.9899195442469303,0.12840930177680832,0.37116036005432934,0.5004303381688624,BEAR,0.5004303381688624,BEAR,True,0.5004303381688624,1.0,12,70.02582029013175
SENSEX,2025-08-04,2025-08-05,BEAR,0.9924954207583554,0.12411530604024433,0.3309562283930512,0.5449284655667045,BEAR,0.5449284655667045,BEAR,True,0.5449284655667045,1.0,56,72.69570793400227
INDIA_VIX,2025-08-05,2025-08-06,SIDE,0.9266943115357722,0.24848421782900404,0.45179802917378625,0.29971775299720976,SIDE,0.45179802917378625,SIDE,True,0.45179802917378625,0.3,3,39.107881750427175
NIFTY_50,2025-08-05,2025-08-06,BEAR,0.9976745423965963,0.13028551459680335,0.2772170317990776,0.5924974536041191,BEAR,0.5924974536041191,BEAR,True,0.5924974536041191,1.0,57,75.54984721624714
NIFTY_AUTO,2025-08-05,2025-08-06,SIDE,0.9999455723782659,0.18124857363672595,0.7141464377681922,0.10460498859508177,SIDE,0.7141464377681922,SIDE,True,0.7141464377681922,1.0,48,82.84878626609154
NIFTY_BANK,2025-08-05,2025-08-06,BEAR,0.9906805627234325,0.10872906766283943,0.31601607466196224,0.5752548576751984,BEAR,0.5752548576751984,BEAR,True,0.5752548576751984,1.0,42,74.5152914605119
NIFTY_FIN_SERVICE,2025-08-05,2025-08-06,SIDE,0.5184935939894214,0.11219872493904136,0.5058362786750604,0.38196499638589826,SIDE,0.5058362786750604,BEAR,False,0.5058362786750604,1.0,42,70.35017672050363
NIFTY_IT,2025-08-05,2025-08-06,BEAR,0.9999999937385373,0.06654979709334168,0.2771248067959151,0.6563253961107433,BEAR,0.6563253961107433,BEAR,True,0.6563253961107433,1.0,10,79.3795237666446
NIFTY_PHARMA,2025-08-05,2025-08-06,BEAR,0.9999577811435728,0.1285397648426364,0.3680143910392375,0.5034458441181261,BEAR,0.5034458441181261,BEAR,True,0.5034458441181261,1.0,13,70.20675064708757
SENSEX,2025-08-05,2025-08-06,BEAR,0.9996051991518812,0.12445605843438727,0.3280352218250508,0.5475087197405619,BEAR,0.5475087197405619,BEAR,True,0.5475087197405619,1.0,57,72.85052318443371
INDIA_VIX,2025-08-06,2025-08-07,SIDE,0.9982322237022043,0.25913446560948333,0.46929340404282655,0.27157213034768996,SIDE,0.46929340404282655,SIDE,True,0.46929340404282655,0.4,4,44.15760424256959
NIFTY_50,2025-08-06,2025-08-07,BEAR,0.9997479370915766,0.13042042294608766,0.2760920721436334,0.5934875049102789,BEAR,0.5934875049102789,BEAR,True,0.5934875049102789,1.0,58,75.60925029461674
NIFTY_AUTO,2025-08-06,2025-08-07,SIDE,0.9996289122067639,0.18114895974468287,0.7137365782478895,0.10511446200742766,SIDE,0.7137365782478895,SIDE,True,0.7137365782478895,1.0,49,82.82419469487337
NIFTY_BANK,2025-08-06,2025-08-07,BEAR,0.9956828864650965,0.10884020771435216,0.3138035013752966,0.5773562909103513,BEAR,0.5773562909103513,BEAR,True,0.5773562909103513,1.0,43,74.64137745462108
NIFTY_FIN_SERVICE,2025-08-06,2025-08-07,BEAR,0.8087148500134311,0.10992375685476921,0.3923835023831103,0.4976927407621205,BEAR,0.4976927407621205,BEAR,True,0.4976927407621205,1.0,43,69.86156444572723
NIFTY_IT,2025-08-06,2025-08-07,BEAR,0.9999999999993365,0.06654979629674769,0.2771248036465414,0.6563254000567109,BEAR,0.6563254000567109,BEAR,True,0.6563254000567109,1.0,11,79.37952400340265
NIFTY_PHARMA,2025-08-06,2025-08-07,BEAR,0.9999999999836011,0.12854032450137648,0.36800112244480493,0.5034585530538186,BEAR,0.5034585530538186,BEAR,True,0.5034585530538186,1.0,14,70.20751318322912
SENSEX,2025-08-06,2025-08-07,BEAR,0.9998928659451439,0.12446994471219112,0.3279165754707601,0.5476134798170488,BEAR,0.5476134798170488,BEAR,True,0.5476134798170488,1.0,58,72.85680878902294
INDIA_VIX,2025-08-07,2025-08-08,SIDE,0.9492796081951448,0.2517721219443719,0.45717714385842695,0.2910507341972011,SIDE,0.45717714385842695,SIDE,True,0.45717714385842695,0.5,5,47.43062863150562
NIFTY_50,2025-08-07,2025-08-08,BEAR,0.9989195899419845,0.13036642358732195,0.27654207605789066,0.5930915003547873,BEAR,0.5930915003547873,BEAR,True,0.5930915003547873,1.0,59,75.58549002128724
NIFTY_AUTO,2025-08-07,2025-08-08,SIDE,0.9998734027784005,0.18122500151316587,0.7140524750715892,0.10472252341524496,SIDE,0.7140524750715892,SIDE,True,0.7140524750715892,1.0,50,82.84314850429536
NIFTY_BANK,2025-08-07,2025-08-08,BEAR,0.9767387933460023,0.10843212994373223,0.3221044166077249,0.5694634534485429,BEAR,0.5694634534485429,BEAR,True,0.5694634534485429,1.0,44,74.16780720691257
NIFTY_FIN_SERVICE,2025-08-07,2025-08-08,BEAR,0.7872234722028534,0.10990514053792932,0.40003682657037276,0.49005803289169786,BEAR,0.49005803289169786,BEAR,True,0.49005803289169786,1.0,44,69.40348197350187
NIFTY_IT,2025-08-07,2025-08-08,BEAR,0.9999999844055751,0.06654979828082282,0.27712481149068086,0.6563253902284965,BEAR,0.6563253902284965,BEAR,True,0.6563253902284965,1.0,12,79.37952341370979
NIFTY_PHARMA,2025-08-07,2025-08-08,BEAR,0.9999999231435622,0.12854032348269054,0.36800114659448524,0.5034585299228242,BEAR,0.5034585299228242,BEAR,True,0.5034585299228242,1.0,15,70.20751179536944
SENSEX,2025-08-07,2025-08-08,BEAR,0.999372036981295,0.1244448200320418,0.3281313539603446,0.5474238260076137,BEAR,0.5474238260076137,BEAR,True,0.5474238260076137,1.0,59,72.84542956045682
INDIA_VIX,2025-08-08,2025-08-11,SIDE,0.9997190515360463,0.25936086279467635,0.4696726797271154,0.2709664574782082,SIDE,0.4696726797271154,SIDE,True,0.4696726797271154,0.6,6,52.180360783626924
NIFTY_50,2025-08-08,2025-08-11,BEAR,0.9999998417943357,0.13043687262433695,0.27595507188877744,0.5936080554868857,BEAR,0.5936080554868857,BEAR,True,0.5936080554868857,1.0,60,75.61648332921315
NIFTY_AUTO,2025-08-08,2025-08-11,SIDE,0.9082636181286942,0.16297625351399592,0.6359078324772988,0.20111591400870524,SIDE,0.6359078324772988,SIDE,True,0.6359078324772988,1.0,51,78.15446994863792
NIFTY_BANK,2025-08-08,2025-08-11,BEAR,0.9999204391100289,0.10893630937418289,0.31191706793887036,0.5791466226869467,BEAR,0.5791466226869467,BEAR,True,0.5791466226869467,1.0,45,74.74879736121682
NIFTY_FIN_SERVICE,2025-08-08,2025-08-11,BEAR,0.9997242843449347,0.1113495768743774,0.31891327908023803,0.5697371440453847,BEAR,0.5697371440453847,BEAR,True,0.5697371440453847,1.0,45,74.18422864272308
NIFTY_IT,2025-08-08,2025-08-11,BEAR,0.9999999998219047,0.0665497963193233,0.27712480373579507,0.6563253999448815,BEAR,0.6563253999448815,BEAR,True,0.6563253999448815,1.0,13,79.3795239966929
NIFTY_PHARMA,2025-08-08,2025-08-11,BEAR,0.9999999999940179,0.12854032450151456,0.36800112244153105,0.5034585530569543,BEAR,0.5034585530569543,BEAR,True,0.5034585530569543,1.0,16,70.20751318341726
SENSEX,2025-08-08,2025-08-11,BEAR,0.9999999488589228,0.12447511293301232,0.3278724024796336,0.547652484587354,BEAR,0.547652484587354,BEAR,True,0.547652484587354,1.0,60,72.85914907524123
INDIA_VIX,2025-08-11,2025-08-12,SIDE,0.9999765342054986,0.25939788310274137,0.46973845956712595,0.2708636573301326,SIDE,0.46973845956712595,SIDE,True,0.46973845956712595,0.7,7,56.18430757402756
NIFTY_50,2025-08-11,2025-08-12,BEAR,0.993091727124169,0.12999041320959098,0.2796868717769687,0.5903227150134402,BEAR,0.5903227150134402,BEAR,True,0.5903227150134402,1.0,61,75.4193629008064
NIFTY_AUTO,2025-08-11,2025-08-12,SIDE,0.9981406342868324,0.18069463820961673,0.7118409850205738,0.10746437676980934,SIDE,0.7118409850205738,SIDE,True,0.7118409850205738,1.0,52,82.71045910123443
NIFTY_BANK,2025-08-11,2025-08-12,BEAR,0.9133016066753308,0.10729524972594237,0.3485599625455867,0.544144787728471,BEAR,0.544144787728471,BEAR,True,0.544144787728471,1.0,46,72.64868726370827
NIFTY_FIN_SERVICE,2025-08-11,2025-08-12,BEAR,0.767970326332202,0.10992235764780671,0.4068221125966595,0.4832555297555338,BEAR,0.4832555297555338,BEAR,True,0.4832555297555338,1.0,46,68.99533178533203
NIFTY_IT,2025-08-11,2025-08-12,BEAR,0.9999999743224306,0.0665497995637535,0.2771248165628111,0.6563253838734353,BEAR,0.6563253838734353,BEAR,True,0.6563253838734353,1.0,14,79.37952303240611
NIFTY_PHARMA,2025-08-11,2025-08-12,BEAR,0.9999999370507975,0.12854032366706186,0.3680011422236483,0.5034585341092898,BEAR,0.5034585341092898,BEAR,True,0.5034585341092898,1.0,17,70.20751204655738
SENSEX,2025-08-11,2025-08-12,BEAR,0.9914404718806762,0.12406529714261276,0.3313877087351721,0.5445469941222151,BEAR,0.5445469941222151,BEAR,True,0.5445469941222151,1.0,61,72.67281964733291
INDIA_VIX,2025-08-12,2025-08-13,SIDE,0.999976054706831,0.2593974161318692,0.4697383415515221,0.27086424231660877,SIDE,0.4697383415515221,SIDE,True,0.4697383415515221,0.1,1,32.18430049309133
NIFTY_50,2025-08-12,2025-08-13,BEAR,0.9994596956080767,0.13040161622242427,0.27624874776701225,0.5933496360105635,BEAR,0.5933496360105635,BEAR,True,0.5933496360105635,1.0,62,75.60097816063382
NIFTY_AUTO,2025-08-12,2025-08-13,SIDE,0.9999303287116812,0.18124343033789858,0.7141265095657261,0.10463006009637527,SIDE,0.7141265095657261,SIDE,True,0.7141265095657261,1.0,53,82.84759057394356
NIFTY_BANK,2025-08-12,2025-08-13,BEAR,0.997066530446197,0.1088713861825493,0.31318878328404237,0.5779398305334084,BEAR,0.5779398305334084,BEAR,True,0.5779398305334084,1.0,47,74.6763898320045
NIFTY_FIN_SERVICE,2025-08-12,2025-08-13,BEAR,0.9989726669980405,0.11133871231425846,0.3192306967832734,0.5694305909024681,BEAR,0.5694305909024681,BEAR,True,0.5694305909024681,1.0,47,74.1658354541481
NIFTY_IT,2025-08-12,2025-08-13,BEAR,0.9999987824582355,0.06654995121057448,0.2771254161060979,0.6563246326833276,BEAR,0.6563246326833276,BEAR,True,0.6563246326833276,1.0,15,79.37947796099965
NIFTY_PHARMA,2025-08-12,2025-08-13,BEAR,0.9999843586212251,0.12854011714655997,0.36800603827046235,0.5034538445829776,BEAR,0.5034538445829776,BEAR,True,0.5034538445829776,1.0,18,70.20723067497866
SENSEX,2025-08-12,2025-08-13,BEAR,0.999758873267051,0.1244634765911434,0.3279718437739979,0.5475646796348587,BEAR,0.5475646796348587,BEAR,True,0.5475646796348587,1.0,62,72.85388077809152
INDIA_VIX,2025-08-13,2025-08-14,SIDE,0.9999315042603942,0.259390461606953,0.4697269648770162,0.2708825735160308,SIDE,0.4697269648770162,SIDE,True,0.4697269648770162,0.2,2,36.183617892620966
NIFTY_50,2025-08-13,2025-08-14,BEAR,0.9236202649296015,0.1259602699933409,0.314769789412167,0.559269940594492,BEAR,0.559269940594492,BEAR,True,0.559269940594492,1.0,63,73.55619643566952
NIFTY_AUTO,2025-08-13,2025-08-14,SIDE,0.9998163878125296,0.18141723045102845,0.7140719524616823,0.10451081708728917,SIDE,0.7140719524616823,SIDE,True,0.7140719524616823,1.0,54,82.84431714770093
NIFTY_BANK,2025-08-13,2025-08-14,BEAR,0.9829551222541086,0.10856224663405911,0.31940362891458324,0.5720341244513576,BEAR,0.5720341244513576,BEAR,True,0.5720341244513576,1.0,48,74.32204746708145
NIFTY_FIN_SERVICE,2025-08-13,2025-08-14,BEAR,0.9754557238564929,0.11102406076621599,0.32901270612403066,0.5599632331097534,BEAR,0.5599632331097534,BEAR,True,0.5599632331097534,1.0,48,73.5977939865852
NIFTY_IT,2025-08-13,2025-08-14,BEAR,0.9999961539084125,0.06655028565243389,0.277126738339019,0.6563229760085472,BEAR,0.6563229760085472,BEAR,True,0.6563229760085472,1.0,16,79.37937856051283
NIFTY_PHARMA,2025-08-13,2025-08-14,BEAR,0.7565808950930508,0.12669219003275617,0.44106608336816555,0.4322417265990782,SIDE,0.44106608336816555,SIDE,True,0.4322417265990782,1.0,19,65.93450359594469
SENSEX,2025-08-13,2025-08-14,BEAR,0.9790203368520581,0.12348191235799715,0.3364347665974411,0.5400833210445617,BEAR,0.5400833210445617,BEAR,True,0.5400833210445617,1.0,63,72.40499926267371
INDIA_VIX,2025-08-14,2025-08-18,SIDE,0.9999852413738046,0.2593986251989072,0.46974069014181025,0.27086068465928265,SIDE,0.46974069014181025,SIDE,True,0.46974069014181025,0.3,3,40.18444140850861
NIFTY_50,2025-08-14,2025-08-18,BEAR,0.7574146912707066,0.11864524677099136,0.3876278893079479,0.49372686392106074,BEAR,0.49372686392106074,SIDE,False,0.49372686392106074,1.0,64,69.62361183526365
NIFTY_AUTO,2025-08-14,2025-08-18,SIDE,0.99989722853257,0.18134748266855952,0.7141344722405495,0.10451804509089099,SIDE,0.7141344722405495,BULL,False,0.7141344722405495,1.0,55,82.84806833443298
NIFTY_BANK,2025-08-14,2025-08-18,BEAR,0.8536081093194168,0.10650076948107082,0.3720029494070124,0.5214962811119168,BEAR,0.5214962811119168,SIDE,False,0.5214962811119168,1.0,49,71.28977686671502
NIFTY_FIN_SERVICE,2025-08-14,2025-08-18,BEAR,0.6237803109308461,0.11054244451137875,0.45659886921327564,0.43285868627534557,SIDE,0.45659886921327564,SIDE,True,0.43285868627534557,1.0,49,65.97152117652072
NIFTY_IT,2025-08-14,2025-08-18,BEAR,0.9998461611325568,0.0665693661652941,0.27720217483120624,0.6562284590034997,BEAR,0.6562284590034997,BEAR,True,0.6562284590034997,1.0,17,79.37370754020998
NIFTY_PHARMA,2025-08-14,2025-08-18,SIDE,0.7779511854090119,0.13295590121681417,0.6150125753375753,0.25203152344561064,SIDE,0.6150125753375753,SIDE,True,0.6150125753375753,1.0,20,76.90075452025452
SENSEX,2025-08-14,2025-08-18,BEAR,0.9368842098975537,0.12159594994453382,0.35313404025042927,0.5252700098050369,BEAR,0.5252700098050369,SIDE,False,0.5252700098050369,1.0,64,71.51620058830221
INDIA_VIX,2025-08-18,2025-08-19,SIDE,0.9999850132214296,0.25939789205438923,0.4697406397643633,0.27086146818124746,SIDE,0.4697406397643633,SIDE,True,0.4697406397643633,0.4,4,44.184438385861796
NIFTY_50,2025-08-18,2025-08-19,SIDE,0.993395563188294,0.11602392708744731,0.7905972745905359,0.09337879832201677,SIDE,0.7905972745905359,SIDE,True,0.7905972745905359,1.0,65,87.43583647543215
NIFTY_AUTO,2025-08-18,2025-08-19,BULL,0.9999877952171,0.6384873348166038,0.2996237899769479,0.061888875206448465,BULL,0.6384873348166038,BULL,True,0.6384873348166038,0.1,1,42.30924008899623
NIFTY_BANK,2025-08-18,2025-08-19,SIDE,0.9417161568426766,0.11911120789964737,0.7081152995452238,0.1727734925551289,SIDE,0.7081152995452238,SIDE,True,0.7081152995452238,1.0,50,82.48691797271343
NIFTY_FIN_SERVICE,2025-08-18,2025-08-19,SIDE,0.9985333669437341,0.13639122065045942,0.7560014681270091,0.10760731122253153,SIDE,0.7560014681270091,SIDE,True,0.7560014681270091,1.0,50,85.36008808762054
NIFTY_IT,2025-08-18,2025-08-19,BEAR,0.9999878186625722,0.06655134616726684,0.2771309311412069,0.6563177226915263,BEAR,0.6563177226915263,BEAR,True,0.6563177226915263,1.0,18,79.37906336149157
NIFTY_PHARMA,2025-08-18,2025-08-19,SIDE,0.9546441341247083,0.14281980702148023,0.7090734808192537,0.1481067121592661,SIDE,0.7090734808192537,SIDE,True,0.7090734808192537,1.0,21,82.54440884915523
SENSEX,2025-08-18,2025-08-19,SIDE,0.9867242763619677,0.10753854219670732,0.7762174736408086,0.116243984162484,SIDE,0.7762174736408086,SIDE,True,0.7762174736408086,1.0,65,86.57304841844852
INDIA_VIX,2025-08-19,2025-08-20,SIDE,0.9729371157889624,0.2552897582198975,0.46294737869633745,0.2817628630837651,SIDE,0.46294737869633745,SIDE,True,0.46294737869633745,0.5,5,47.77684272178025
NIFTY_50,2025-08-19,2025-08-20,SIDE,0.9985073913645374,0.11882514072372677,0.8008716969011499,0.08030316237512326,SIDE,0.8008716969011499,SIDE,True,0.8008716969011499,1.0,66,88.05230181406898
NIFTY_AUTO,2025-08-19,2025-08-20,BULL,0.9999999994871966,0.6384936670586793,0.2996178317017082,0.061888501239612474,BULL,0.6384936670586793,BULL,True,0.6384936670586793,0.2,2,46.30962002352076
NIFTY_BANK,2025-08-19,2025-08-20,SIDE,0.9994952094568194,0.1257543304420202,0.7658065305852046,0.10843913897277527,SIDE,0.7658065305852046,SIDE,True,0.7658065305852046,1.0,51,85.94839183511228
NIFTY_FIN_SERVICE,2025-08-19,2025-08-20,SIDE,0.999922163558703,0.13642581794054914,0.7577499270024212,0.10582425505702975,SIDE,0.7577499270024212,SIDE,True,0.7577499270024212,1.0,51,85.46499562014527
NIFTY_IT,2025-08-19,2025-08-20,BEAR,0.9996399520803804,0.06659558599286769,0.27730583951903465,0.6560985744880976,BEAR,0.6560985744880976,SIDE,False,0.6560985744880976,1.0,19,79.36591446928585
NIFTY_PHARMA,2025-08-19,2025-08-20,SIDE,0.9121396485240462,0.13938762543378333,0.6808448705060182,0.17976750406019856,SIDE,0.6808448705060182,BEAR,False,0.6808448705060182,1.0,22,80.85069223036109
SENSEX,2025-08-19,2025-08-20,SIDE,0.9992509486743896,0.10957642893252953,0.7935348082156247,0.0968887628518457,SIDE,0.7935348082156247,SIDE,True,0.7935348082156247,1.0,66,87.61208849293747
INDIA_VIX,2025-08-20,2025-08-21,SIDE,0.9662034224683713,0.2542691151040148,0.4612901687200356,0.2844407161759497,SIDE,0.4612901687200356,BEAR,False,0.4612901687200356,0.6,6,51.67741012320213
NIFTY_50,2025-08-20,2025-08-21,SIDE,0.9928609370446595,0.12637286261716377,0.7936193088357095,0.08000782854712678,SIDE,0.7936193088357095,SIDE,True,0.7936193088357095,1.0,67,87.61715853014258
NIFTY_AUTO,2025-08-20,2025-08-21,BULL,0.9999999983723227,0.6384936664815113,0.29961783224726785,0.06188850127122088,BULL,0.6384936664815113,BULL,True,0.6384936664815113,0.3,3,50.309619988890674
NIFTY_BANK,2025-08-20,2025-08-21,SIDE,0.9993386838826193,0.12571489493562682,0.7655981995895855,0.10868690547478767,SIDE,0.7655981995895855,SIDE,True,0.7655981995895855,1.0,52,85.93589197537513
NIFTY_FIN_SERVICE,2025-08-20,2025-08-21,SIDE,0.999726709907493,0.1363479283776905,0.7574907813607819,0.10616129026152772,SIDE,0.7574907813607819,SIDE,True,0.7574907813607819,1.0,52,85.44944688164692
NIFTY_IT,2025-08-20,2025-08-21,SIDE,0.976248722084719,0.15971947849305979,0.6531265901931576,0.18715393131378258,SIDE,0.6531265901931576,SIDE,True,0.6531265901931576,0.1,1,43.187595411589456
NIFTY_PHARMA,2025-08-20,2025-08-21,BEAR,0.6180608203759337,0.12677751748628946,0.48176288521086513,0.3914595973028454,SIDE,0.48176288521086513,SIDE,True,0.3914595973028454,1.0,23,63.48757583817073
SENSEX,2025-08-20,2025-08-21,SIDE,0.9973535327401865,0.1124039740853335,0.790905491845086,0.09669053406958052,SIDE,0.790905491845086,SIDE,True,0.790905491845086,1.0,67,87.45432951070516
INDIA_VIX,2025-08-21,2025-08-22,BEAR,0.9415336091818938,0.10979183313686125,0.2542202120905649,0.635987954772574,BEAR,0.635987954772574,BEAR,True,0.635987954772574,0.7,7,66.15927728635444
NIFTY_50,2025-08-21,2025-08-22,SIDE,0.9817214936155803,0.139863616963131,0.780532014785943,0.07960436825092602,SIDE,0.780532014785943,SIDE,True,0.780532014785943,1.0,68,86.83192088715657
NIFTY_AUTO,2025-08-21,2025-08-22,BULL,0.9999999419672192,0.6384936372807042,0.2996178598489011,0.06188850287039488,BULL,0.6384936372807042,BULL,True,0.6384936372807042,0.4,4,54.30961823684226
NIFTY_BANK,2025-08-21,2025-08-22,SIDE,0.9996069263383915,0.12576622271012725,0.7659549206784527,0.10827885661142013,SIDE,0.7659549206784527,SIDE,True,0.7659549206784527,1.0,53,85.95729524070717
NIFTY_FIN_SERVICE,2025-08-21,2025-08-22,SIDE,0.9998992561176343,0.13644774921487354,0.7577243852225943,0.10582786556253224,SIDE,0.7577243852225943,SIDE,True,0.7577243852225943,1.0,53,85.46346311335566
NIFTY_IT,2025-08-21,2025-08-22,SIDE,0.9992154618180032,0.16434290573651605,0.6688515645800232,0.16680552968346082,SIDE,0.6688515645800232,SIDE,True,0.6688515645800232,0.2,2,48.13109387480139
NIFTY_PHARMA,2025-08-21,2025-08-22,SIDE,0.9544544422798072,0.14280179907563115,0.7089325838839587,0.14826561704041002,SIDE,0.7089325838839587,SIDE,True,0.7089325838839587,1.0,24,82.53595503303754
SENSEX,2025-08-21,2025-08-22,SIDE,0.9918033007605042,0.12021665889633211,0.7835909656822749,0.09619237542139308,SIDE,0.7835909656822749,SIDE,True,0.7835909656822749,1.0,68,87.01545794093649
INDIA_VIX,2025-08-22,2025-08-25,BEAR,0.660617579646802,0.16633257493677817,0.32611915562296073,0.5075482694402611,BEAR,0.5075482694402611,SIDE,False,0.5075482694402611,0.8,8,62.45289616641566
NIFTY_50,2025-08-22,2025-08-25,SIDE,0.9995558004602139,0.11682340380581381,0.8020463307669528,0.08113026542723357,SIDE,0.8020463307669528,SIDE,True,0.8020463307669528,1.0,69,88.12277984601717
NIFTY_AUTO,2025-08-22,2025-08-25,BULL,0.9999995437461413,0.6384934311225453,0.2996180547168597,0.061888514160594904,BULL,0.6384934311225453,BULL,True,0.6384934311225453,0.5,5,58.30960586735272
NIFTY_BANK,2025-08-22,2025-08-25,SIDE,0.918478765586844,0.11734094005675827,0.6907321921024118,0.19192686784082993,SIDE,0.6907321921024118,SIDE,True,0.6907321921024118,1.0,54,81.44393152614471
NIFTY_FIN_SERVICE,2025-08-22,2025-08-25,SIDE,0.9871237157925089,0.13422466176495845,0.7425245965250266,0.12325074171001514,SIDE,0.7425245965250266,SIDE,True,0.7425245965250266,1.0,54,84.5514757915016
NIFTY_IT,2025-08-22,2025-08-25,SIDE,0.9994321580040125,0.16366320220005595,0.6690143792012992,0.16732241859864475,SIDE,0.6690143792012992,SIDE,True,0.6690143792012992,0.3,3,52.14086275207796
NIFTY_PHARMA,2025-08-22,2025-08-25,SIDE,0.9995301166038932,0.14835447511162325,0.7490010751572244,0.10264444973115243,SIDE,0.7490010751572244,SIDE,True,0.7490010751572244,1.0,25,84.94006450943347
SENSEX,2025-08-22,2025-08-25,SIDE,0.9996504916760753,0.10856059988305558,0.7940701501362094,0.09736924998073493,SIDE,0.7940701501362094,SIDE,True,0.7940701501362094,1.0,69,87.64420900817257
INDIA_VIX,2025-08-25,2025-08-26,SIDE,0.6612607478951369,0.2122222690776223,0.39413757090775026,0.39364016001462737,SIDE,0.39413757090775026,SIDE,True,0.39413757090775026,0.2,1,30.14825425446502
NIFTY_50,2025-08-25,2025-08-26,SIDE,0.9992072964379614,0.11782769863843778,0.8017960919235224,0.08037620943803968,SIDE,0.8017960919235224,SIDE,True,0.8017960919235224,1.0,70,88.10776551541134
NIFTY_AUTO,2025-08-25,2025-08-26,BULL,0.9999998455228908,0.6384935873516783,0.2996179070435774,0.0618885056047445,BULL,0.6384935873516783,BULL,True,0.6384935873516783,0.6,6,62.309615241100694
NIFTY_BANK,2025-08-25,2025-08-26,SIDE,0.901976863010346,0.11626545907208881,0.6794832758294976,0.2042512650984136,SIDE,0.6794832758294976,BEAR,False,0.6794832758294976,1.0,55,80.76899654976987
NIFTY_FIN_SERVICE,2025-08-25,2025-08-26,SIDE,0.9931709156468638,0.13518571446601568,0.749406339234214,0.11540794629977037,SIDE,0.749406339234214,BEAR,False,0.749406339234214,1.0,55,84.96438035405284
NIFTY_IT,2025-08-25,2025-08-26,SIDE,0.5682648877337393,0.3951327128666079,0.4848558636194055,0.12001142351398654,SIDE,0.4848558636194055,SIDE,True,0.4848558636194055,0.4,4,45.09135181716433
NIFTY_PHARMA,2025-08-25,2025-08-26,SIDE,0.9999612699689014,0.1484301204584284,0.7494784189839548,0.10209146055761673,SIDE,0.7494784189839548,SIDE,True,0.7494784189839548,1.0,26,84.9687051390373
SENSEX,2025-08-25,2025-08-26,SIDE,0.9993350967458889,0.10944652364512326,0.7936529183362944,0.0969005580185823,SIDE,0.7936529183362944,SIDE,True,0.7936529183362944,1.0,70,87.61917510017766
INDIA_VIX,2025-08-26,2025-08-28,SIDE,0.9998910760321829,0.2593857185125243,0.4697166236090214,0.2708976578784543,SIDE,0.4697166236090214,SIDE,True,0.4697166236090214,0.2,2,36.18299741654128
NIFTY_50,2025-08-26,2025-08-28,SIDE,0.9863307099397572,0.1146117657891604,0.7789984026833146,0.10638983152752511,SIDE,0.7789984026833146,BEAR,False,0.7789984026833146,1.0,71,86.73990416099888
NIFTY_AUTO,2025-08-26,2025-08-28,BULL,0.999989975064328,0.6384884774814384,0.2996227370696717,0.061888785448889955,BULL,0.6384884774814384,BULL,True,0.6384884774814384,0.7,7,66.3093086488863
NIFTY_BANK,2025-08-26,2025-08-28,BEAR,0.996547297802683,0.10885966195176092,0.3134196060386504,0.5777207320095888,BEAR,0.5777207320095888,BEAR,True,0.5777207320095888,1.0,56,74.66324392057534
NIFTY_FIN_SERVICE,2025-08-26,2025-08-28,BEAR,0.9933422173723989,0.11125891714951879,0.3215988037274027,0.5671422791230786,BEAR,0.5671422791230786,BEAR,True,0.5671422791230786,1.0,56,74.0285367473847
NIFTY_IT,2025-08-26,2025-08-28,SIDE,0.8351827482483407,0.27437599209795077,0.5810725418680355,0.14455146603401364,SIDE,0.5810725418680355,SIDE,True,0.5810725418680355,0.5,5,54.86435251208213
NIFTY_PHARMA,2025-08-26,2025-08-28,SIDE,0.5153937403125698,0.1276905237958587,0.5223214491486429,0.3499880270554984,SIDE,0.5223214491486429,BEAR,False,0.5223214491486429,1.0,27,71.33928694891857
SENSEX,2025-08-26,2025-08-28,SIDE,0.9728040059963949,0.1061876732307019,0.7600135357609523,0.13379879100834574,SIDE,0.7600135357609523,BEAR,False,0.7600135357609523,1.0,71,85.60081214565714
INDIA_VIX,2025-08-28,2025-08-29,SIDE,0.9999526083429503,0.25939456187221954,0.46973234493052707,0.27087309319725345,SIDE,0.46973234493052707,SIDE,True,0.46973234493052707,0.8,1,49.68394069583162
NIFTY_50,2025-08-28,2025-08-29,BEAR,0.7664850661534649,0.11898071390560858,0.3838963186172458,0.49712296747714557,BEAR,0.49712296747714557,BEAR,True,0.49712296747714557,1.0,72,69.82737804862874
NIFTY_AUTO,2025-08-28,2025-08-29,BULL,0.9990825563492418,0.6380190961347774,0.3000663831326187,0.06191452073260404,BULL,0.6380190961347774,BULL,True,0.6380190961347774,0.8,8,70.28114576808665
NIFTY_BANK,2025-08-28,2025-08-29,BEAR,0.9999999573031273,0.10893813016613679,0.311881560465421,0.5791803093684423,BEAR,0.5791803093684423,BEAR,True,0.5791803093684423,1.0,57,74.75081856210653
NIFTY_FIN_SERVICE,2025-08-28,2025-08-29,BEAR,0.9999999844493203,0.11135357217931888,0.31879677155873115,0.56984965626195,BEAR,0.56984965626195,BEAR,True,0.56984965626195,1.0,57,74.190979375717
NIFTY_IT,2025-08-28,2025-08-29,SIDE,0.9994296063917967,0.16377282433961954,0.6690116904315935,0.16721548522878704,SIDE,0.6690116904315935,SIDE,True,0.6690116904315935,0.6,6,64.14070142589561
NIFTY_PHARMA,2025-08-28,2025-08-29,BEAR,0.997656199101315,0.1285093942846745,0.3687372567632703,0.5027533489520553,BEAR,0.5027533489520553,BEAR,True,0.5027533489520553,0.1,1,34.165200937123316
SENSEX,2025-08-28,2025-08-29,BEAR,0.9609008646237712,0.12265286700817812,0.34369211007824957,0.5336550229135723,BEAR,0.5336550229135723,BEAR,True,0.5336550229135723,1.0,72,72.01930137481433
INDIA_VIX,2025-08-29,2025-09-01,SIDE,0.9565082418988298,0.25284099694349205,0.45892456962768896,0.288234433428819,SIDE,0.45892456962768896,BEAR,False,0.45892456962768896,0.3,1,36.535474177661335
NIFTY_50,2025-08-29,2025-09-01,BEAR,0.9978725157635446,0.13029835683171,0.27710982356905167,0.5925918195992383,BEAR,0.5925918195992383,BEAR,True,0.5925918195992383,1.0,73,75.5555091759543
NIFTY_AUTO,2025-08-29,2025-09-01,BULL,0.67432425703033,0.497971003275223,0.4301966559409401,0.07183234078383689,BULL,0.497971003275223,BULL,True,0.497971003275223,0.2,1,36.37826019651338
NIFTY_BANK,2025-08-29,2025-09-01,BEAR,0.9999999751138698,0.10893813057403665,0.31188155251189076,0.5791803169140725,BEAR,0.5791803169140725,BEAR,True,0.5791803169140725,1.0,58,74.75081901484435
NIFTY_FIN_SERVICE,2025-08-29,2025-09-01,BEAR,0.9999999857680683,0.11135357220117213,0.31879677099960857,0.5698496567992193,BEAR,0.5698496567992193,BEAR,True,0.5698496567992193,1.0,58,74.19097940795315
NIFTY_IT,2025-08-29,2025-09-01,SIDE,0.9966154453258467,0.1631208700757907,0.6669727512255296,0.16990637869867958,SIDE,0.6669727512255296,SIDE,True,0.6669727512255296,0.7,7,68.01836507353177
NIFTY_PHARMA,2025-08-29,2025-09-01,BEAR,0.9994967187591348,0.12853365894484745,0.3681592737008873,0.5033070673542653,BEAR,0.5033070673542653,BEAR,True,0.5033070673542653,0.2,2,38.19842404125592
SENSEX,2025-08-29,2025-09-01,BEAR,0.9999314035124572,0.12447180524131804,0.3279006783750029,0.5476275163836791,BEAR,0.5476275163836791,BEAR,True,0.5476275163836791,1.0,73,72.85765098302075
INDIA_VIX,2025-09-01,2025-09-02,BEAR,0.9653730533321673,0.10296597879297606,0.24680433102447588,0.6502296901825481,BEAR,0.6502296901825481,BEAR,True,0.6502296901825481,0.4,2,52.01378141095289
NIFTY_50,2025-09-01,2025-09-02,BEAR,0.7701443817643036,0.11912325224707594,0.3823817689450805,0.4984949788078436,BEAR,0.4984949788078436,BEAR,True,0.4984949788078436,1.0,74,69.90969872847062
NIFTY_AUTO,2025-09-01,2025-09-02,BULL,0.9999972724177522,0.6384922551609348,0.2996191660800509,0.06188857875901438,BULL,0.6384922551609348,BULL,True,0.6384922551609348,0.9,1,62.309535309656084
NIFTY_BANK,2025-09-01,2025-09-02,BEAR,0.9999811250978706,0.10893769889920057,0.311889970019763,0.5791723310810364,BEAR,0.5791723310810364,BEAR,True,0.5791723310810364,1.0,59,74.75033986486218
NIFTY_FIN_SERVICE,2025-09-01,2025-09-02,BEAR,0.9999758994335403,0.11135322757743892,0.31880694826390066,0.5698398241586604,BEAR,0.5698398241586604,BEAR,True,0.5698398241586604,1.0,59,74.19038944951963
NIFTY_IT,2025-09-01,2025-09-02,SIDE,0.9987196906318757,0.16486069886323446,0.6684865988662556,0.16665270227050993,SIDE,0.6684865988662556,SIDE,True,0.6684865988662556,0.8,8,72.10919593197534
NIFTY_PHARMA,2025-09-01,2025-09-02,BEAR,0.9996623146273004,0.12853585068170628,0.3681072417754775,0.5033569075428161,BEAR,0.5033569075428161,BEAR,True,0.5033569075428161,0.8,1,51.70141445256897
SENSEX,2025-09-01,2025-09-02,BEAR,0.9390611597871404,0.12169184330930846,0.35228459775306736,0.5260235589376242,BEAR,0.5260235589376242,BEAR,True,0.5260235589376242,1.0,74,71.56141353625746
INDIA_VIX,2025-09-02,2025-09-03,BEAR,0.9951701537771251,0.09344171127240712,0.23708139131576272,0.6694768974118301,BEAR,0.6694768974118301,BEAR,True,0.6694768974118301,0.5,3,57.1686138447098
NIFTY_50,2025-09-02,2025-09-03,BEAR,0.6269234766296781,0.114393819142134,0.43990236378145336,0.4457038170764125,BEAR,0.4457038170764125,SIDE,False,0.4457038170764125,1.0,75,66.74222902458474
NIFTY_AUTO,2025-09-02,2025-09-03,BULL,0.9999763774916425,0.6384814382564071,0.299629390777342,0.061889170966250864,BULL,0.6384814382564071,BULL,True,0.6384814382564071,0.9,2,63.808886295384426
NIFTY_BANK,2025-09-02,2025-09-03,BEAR,0.9999995049087358,0.10893811980555197,0.31188176248564176,0.5791801177088063,BEAR,0.5791801177088063,BEAR,True,0.5791801177088063,1.0,60,74.75080706252838
NIFTY_FIN_SERVICE,2025-09-02,2025-09-03,BEAR,0.9999997309206083,0.11135356862230988,0.3187968786395366,0.5698495527381534,BEAR,0.5698495527381534,BEAR,True,0.5698495527381534,1.0,60,74.1909731642892
NIFTY_IT,2025-09-02,2025-09-03,SIDE,0.9992776500612277,0.1643543581458388,0.6688971548644624,0.16674848698969882,SIDE,0.6688971548644624,SIDE,True,0.6688971548644624,0.9,9,76.13382929186776
NIFTY_PHARMA,2025-09-02,2025-09-03,BEAR,0.9999164731623142,0.12853921734772333,0.3680273730604562,0.5034334095918205,BEAR,0.5034334095918205,BEAR,True,0.5034334095918205,0.8,2,53.20600457550923
SENSEX,2025-09-02,2025-09-03,BEAR,0.9841001782770965,0.12371861475150873,0.3343782045749405,0.5419031806735508,BEAR,0.5419031806735508,SIDE,False,0.5419031806735508,1.0,75,72.51419084041305
INDIA_VIX,2025-09-03,2025-09-04,BEAR,0.9999866747017163,0.09178133069171039,0.23545451401552298,0.6727641552927667,BEAR,0.6727641552927667,BEAR,True,0.6727641552927667,0.1,1,44.365849317566
NIFTY_50,2025-09-03,2025-09-04,SIDE,0.9721347474278551,0.11308563317037855,0.7594304505477457,0.12748391628187564,SIDE,0.7594304505477457,SIDE,True,0.7594304505477457,1.0,76,85.56582703286473
NIFTY_AUTO,2025-09-03,2025-09-04,BULL,0.9999988017884223,0.638493047013088,0.2996184177906262,0.06188853519628565,BULL,0.638493047013088,BULL,True,0.638493047013088,0.9,3,65.30958282078528
NIFTY_BANK,2025-09-03,2025-09-04,BEAR,0.9995593861132684,0.10892805051498963,0.31207823911834504,0.5789937103666654,BEAR,0.5789937103666654,BEAR,True,0.5789937103666654,1.0,61,74.73962262199993
NIFTY_FIN_SERVICE,2025-09-03,2025-09-04,BEAR,0.9997987027662006,0.11135067602933583,0.3188818212397374,0.5697675027309267,BEAR,0.5697675027309267,BEAR,True,0.5697675027309267,1.0,61,74.18605016385561
NIFTY_IT,2025-09-03,2025-09-04,SIDE,0.9997831576783642,0.16373214441260592,0.6692713032066594,0.16699655238073474,SIDE,0.6692713032066594,SIDE,True,0.6692713032066594,1.0,10,80.15627819239957
NIFTY_PHARMA,2025-09-03,2025-09-04,BEAR,0.8268210676783615,0.1269586779368155,0.4204453127947686,0.452596009268416,BEAR,0.452596009268416,BEAR,True,0.452596009268416,0.8,3,51.65576055610496
SENSEX,2025-09-03,2025-09-04,SIDE,0.5561168673363147,0.1065213545607301,0.5325580468569727,0.3609205985822972,SIDE,0.5325580468569727,SIDE,True,0.5325580468569727,1.0,76,71.95348281141837
INDIA_VIX,2025-09-04,2025-09-05,BEAR,0.9999916080121951,0.09177949844705499,0.23545289505701147,0.6727676064959336,BEAR,0.6727676064959336,BEAR,True,0.6727676064959336,0.2,2,48.36605638975602
NIFTY_50,2025-09-04,2025-09-05,SIDE,0.9988678426435492,0.116623294485855,0.8006425696513939,0.08273413586275118,SIDE,0.8006425696513939,SIDE,True,0.8006425696513939,1.0,77,88.03855417908363
NIFTY_AUTO,2025-09-04,2025-09-05,BULL,0.9999999498655306,0.6384936413696436,0.29961785598389123,0.061888502646465254,BULL,0.6384936413696436,BULL,True,0.6384936413696436,0.9,4,66.8096184821786
NIFTY_BANK,2025-09-04,2025-09-05,BEAR,0.9990877774783524,0.10891728233225476,0.3122886371109779,0.5787940805567673,BEAR,0.5787940805567673,BEAR,True,0.5787940805567673,1.0,62,74.72764483340603
NIFTY_FIN_SERVICE,2025-09-04,2025-09-05,BEAR,0.9869902885453766,0.11117281500437219,0.32424990296749256,0.5645772820281353,BEAR,0.5645772820281353,BEAR,True,0.5645772820281353,1.0,62,73.87463692168812
NIFTY_IT,2025-09-04,2025-09-05,SIDE,0.9971868607451869,0.16321960771480373,0.6673842416825565,0.16939615060263966,SIDE,0.6673842416825565,SIDE,True,0.6673842416825565,1.0,11,80.04305450095339
NIFTY_PHARMA,2025-09-04,2025-09-05,BEAR,0.8516582941669509,0.12710284532241886,0.41310153483404977,0.45979561984353146,BEAR,0.45979561984353146,BEAR,True,0.45979561984353146,0.8,4,53.5877371906119
SENSEX,2025-09-04,2025-09-05,SIDE,0.9851872450183633,0.10710673719993004,0.774318395600999,0.11857486719907082,SIDE,0.774318395600999,SIDE,True,0.774318395600999,1.0,77,86.45910373605994
INDIA_VIX,2025-09-05,2025-09-08,BEAR,0.9999948874981273,0.09177834934439597,0.23545178452211912,0.6727698661334849,BEAR,0.6727698661334849,BEAR,True,0.6727698661334849,0.3,3,52.36619196800909
NIFTY_50,2025-09-05,2025-09-08,SIDE,0.9992933570860146,0.11670715918266317,0.8014913202537485,0.0818015205635883,SIDE,0.8014913202537485,SIDE,True,0.8014913202537485,1.0,78,88.08947921522491
NIFTY_AUTO,2025-09-05,2025-09-08,BULL,0.9999999996891171,0.6384936671632131,0.2996178316028992,0.06188850123388766,BULL,0.6384936671632131,BULL,True,0.6384936671632131,0.9,5,68.30962002979278
NIFTY_BANK,2025-09-05,2025-09-08,BEAR,0.9977890604744172,0.1088877461832116,0.312867304710912,0.5782449491058764,BEAR,0.5782449491058764,BEAR,True,0.5782449491058764,1.0,63,74.6946969463526
NIFTY_FIN_SERVICE,2025-09-05,2025-09-08,BEAR,0.9415733940223103,0.11064965766611567,0.34264879530352016,0.5467015470303641,BEAR,0.5467015470303641,BEAR,True,0.5467015470303641,1.0,63,72.80209282182184
NIFTY_IT,2025-09-05,2025-09-08,SIDE,0.5747627265105563,0.11872067681840978,0.48652626926093456,0.3947530539206556,SIDE,0.48652626926093456,BEAR,False,0.48652626926093456,1.0,12,69.19157615565608
NIFTY_PHARMA,2025-09-05,2025-09-08,BEAR,0.815112802653687,0.12689986324273844,0.4238951725068682,0.4492049642503934,BEAR,0.4492049642503934,BEAR,True,0.4492049642503934,0.8,5,54.4522978550236
SENSEX,2025-09-05,2025-09-08,SIDE,0.9982436507264062,0.10832489010550345,0.7919491844871203,0.09972592540737624,SIDE,0.7919491844871203,SIDE,True,0.7919491844871203,1.0,78,87.51695106922722
INDIA_VIX,2025-09-08,2025-09-09,BEAR,0.9999824311203256,0.09178277861888105,0.23545597036541685,0.672761251015702,BEAR,0.672761251015702,BEAR,True,0.672761251015702,0.4,4,56.365675060942124
NIFTY_50,2025-09-08,2025-09-09,SIDE,0.9996393556062827,0.11680840979428947,0.8022022165150182,0.0809893736906924,SIDE,0.8022022165150182,SIDE,True,0.8022022165150182,1.0,79,88.13213299090108
NIFTY_AUTO,2025-09-08,2025-09-09,BULL,1.0,0.6384936673241566,0.2996178314507698,0.061888501225073625,BULL,0.6384936673241566,BULL,True,0.6384936673241566,0.9,6,69.8096200394494
NIFTY_BANK,2025-09-08,2025-09-09,BEAR,0.9916799169896057,0.10875108053025548,0.3155752658720019,0.5756736535977427,BEAR,0.5756736535977427,BEAR,True,0.5756736535977427,1.0,64,74.54041921586456
NIFTY_FIN_SERVICE,2025-09-08,2025-09-09,BEAR,0.6558359223719911,0.11031273456068691,0.44562472279499526,0.4440625426443178,SIDE,0.44562472279499526,SIDE,True,0.4440625426443178,1.0,64,66.64375255865907
NIFTY_IT,2025-09-08,2025-09-09,BEAR,0.9968390529391723,0.0669503685687464,0.27870878996637255,0.6543408414648811,BEAR,0.6543408414648811,SIDE,False,0.6543408414648811,1.0,13,79.26045048789287
NIFTY_PHARMA,2025-09-08,2025-09-09,BEAR,0.9641512448979249,0.12809767315654796,0.37916007662597534,0.49274225021747664,BEAR,0.49274225021747664,SIDE,False,0.49274225021747664,0.8,6,58.564535013048605
SENSEX,2025-09-08,2025-09-09,SIDE,0.999337719071995,0.10846702398239899,0.7935914766626295,0.09794149935497139,SIDE,0.7935914766626295,SIDE,True,0.7935914766626295,1.0,79,87.61548859975777
INDIA_VIX,2025-09-09,2025-09-10,BEAR,0.9999967180016646,0.09177770860135036,0.23545116432703964,0.6727711270716099,BEAR,0.6727711270716099,BEAR,True,0.6727711270716099,0.5,5,60.36626762429659
NIFTY_50,2025-09-09,2025-09-10,SIDE,0.999614977567512,0.11724918386746748,0.8023414871066696,0.080409329025863,SIDE,0.8023414871066696,SIDE,True,0.8023414871066696,1.0,80,88.14048922640018
NIFTY_AUTO,2025-09-09,2025-09-10,BULL,0.9999999999999982,0.6384936673241557,0.2996178314507706,0.06188850122507368,BULL,0.6384936673241557,BULL,True,0.6384936673241557,0.9,7,71.30962003944934
NIFTY_BANK,2025-09-09,2025-09-10,BEAR,0.9827236805336561,0.10855733727101344,0.3195045764583196,0.571938086270667,BEAR,0.571938086270667,BEAR,True,0.571938086270667,1.0,65,74.31628517624002
NIFTY_FIN_SERVICE,2025-09-09,2025-09-10,SIDE,0.8191589377546565,0.12071889297003248,0.6272782573334876,0.2520028496964798,SIDE,0.6272782573334876,SIDE,True,0.6272782573334876,1.0,65,77.63669544000925
NIFTY_IT,2025-09-09,2025-09-10,SIDE,0.9600417602118166,0.15724641286327382,0.6430558253051477,0.19969776183157853,SIDE,0.6430558253051477,SIDE,True,0.6430558253051477,1.0,14,78.58334951830886
NIFTY_PHARMA,2025-09-09,2025-09-10,SIDE,0.8105407900462037,0.1341391779478336,0.62902403252102,0.23683678953114634,SIDE,0.62902403252102,SIDE,True,0.62902403252102,0.8,7,68.24144195126121
SENSEX,2025-09-09,2025-09-10,SIDE,0.9997516875822136,0.10877643979938881,0.7942382162824897,0.09698534391812141,SIDE,0.7942382162824897,SIDE,True,0.7942382162824897,1.0,80,87.65429297694939
INDIA_VIX,2025-09-10,2025-09-11,BEAR,0.9999989751259584,0.09177692905553977,0.23545039434113207,0.6727726766033281,BEAR,0.6727726766033281,BEAR,True,0.6727726766033281,0.6,6,64.36636059619968
NIFTY_50,2025-09-10,2025-09-11,SIDE,0.9964068917942193,0.12171413802583493,0.7981247433895464,0.08016111858461857,SIDE,0.7981247433895464,SIDE,True,0.7981247433895464,1.0,81,87.88748460337278
NIFTY_AUTO,2025-09-10,2025-09-11,BULL,0.9999999996942752,0.6384936671658836,0.29961783160037503,0.061888501233741434,BULL,0.6384936671658836,BULL,True,0.6384936671658836,0.9,8,72.80962002995301
NIFTY_BANK,2025-09-10,2025-09-11,BEAR,0.5714642280985041,0.10550881078068006,0.4741202363884573,0.4203709528308627,SIDE,0.4741202363884573,SIDE,True,0.4203709528308627,1.0,66,65.22225716985176
NIFTY_FIN_SERVICE,2025-09-10,2025-09-11,SIDE,0.9990540227177058,0.13627352943927604,0.756634190896129,0.10709227966459475,SIDE,0.756634190896129,SIDE,True,0.756634190896129,1.0,66,85.39805145376775
NIFTY_IT,2025-09-10,2025-09-11,SIDE,0.8252653851527921,0.2795923059806971,0.5769170167884015,0.14349067723090142,SIDE,0.5769170167884015,SIDE,True,0.5769170167884015,1.0,15,74.6150210073041
NIFTY_PHARMA,2025-09-10,2025-09-11,SIDE,0.9982145552279441,0.14814732436050065,0.747562562274413,0.10429011336508638,SIDE,0.747562562274413,SIDE,True,0.747562562274413,0.8,8,76.85375373646478
SENSEX,2025-09-10,2025-09-11,SIDE,0.9985819746123833,0.11058910560342058,0.7926000485627325,0.09681084583384685,SIDE,0.7926000485627325,SIDE,True,0.7926000485627325,1.0,81,87.55600291376395
INDIA_VIX,2025-09-11,2025-09-12,BEAR,0.9999995657630499,0.09177679169171113,0.2354501596994306,0.6727730486088583,BEAR,0.6727730486088583,BEAR,True,0.6727730486088583,0.7,7,68.36638291653149
NIFTY_50,2025-09-11,2025-09-12,SIDE,0.9934983965337281,0.12555813579395975,0.7944197360590024,0.08002212814703777,SIDE,0.7944197360590024,SIDE,True,0.7944197360590024,1.0,82,87.66518416354015
NIFTY_AUTO,2025-09-11,2025-09-12,BULL,0.999999990097588,0.6384936621976979,0.29961783629647937,0.06188850150582268,BULL,0.6384936621976979,BULL,True,0.6384936621976979,0.9,9,74.30961973186187
NIFTY_BANK,2025-09-11,2025-09-12,SIDE,0.9692618740809145,0.12171255061831114,0.7320732239891824,0.14621422539250656,SIDE,0.7320732239891824,SIDE,True,0.7320732239891824,1.0,67,83.92439343935095
NIFTY_FIN_SERVICE,2025-09-11,2025-09-12,SIDE,0.9998807171688312,0.13644728946087545,0.757700855306985,0.10585185523213965,SIDE,0.757700855306985,SIDE,True,0.757700855306985,1.0,67,85.4620513184191
NIFTY_IT,2025-09-11,2025-09-12,SIDE,0.962712755010397,0.1949068940890497,0.6445122652813644,0.1605808406295858,SIDE,0.6445122652813644,SIDE,True,0.6445122652813644,1.0,16,78.67073591688187
NIFTY_PHARMA,2025-09-11,2025-09-12,SIDE,0.9999213947511741,0.14846400270924223,0.7494377114920783,0.10209828579867944,SIDE,0.7494377114920783,SIDE,True,0.7494377114920783,0.9,9,80.9662626895247
SENSEX,2025-09-11,2025-09-12,SIDE,0.997265602322707,0.11253366604711275,0.7907854258402682,0.09668090811261902,SIDE,0.7907854258402682,SIDE,True,0.7907854258402682,1.0,82,87.44712555041609
INDIA_VIX,2025-09-12,2025-09-15,BEAR,0.9999994980177762,0.09177712131088106,0.23545003043270044,0.6727728482564186,BEAR,0.6727728482564186,BEAR,True,0.6727728482564186,0.8,8,72.36637089538512
NIFTY_50,2025-09-12,2025-09-15,SIDE,0.8724380437295898,0.22890731747447296,0.6921770966983922,0.07891558582713487,SIDE,0.6921770966983922,SIDE,True,0.6921770966983922,1.0,83,81.53062580190354
NIFTY_AUTO,2025-09-12,2025-09-15,BULL,0.9999999968508828,0.6384936656938651,0.29961783299177897,0.061888501314356074,BULL,0.6384936656938651,BULL,True,0.6384936656938651,1.0,10,78.30961994163191
NIFTY_BANK,2025-09-12,2025-09-15,SIDE,0.9993823632352093,0.12573618159697336,0.7656566520383207,0.10860716636470605,SIDE,0.7656566520383207,SIDE,True,0.7656566520383207,1.0,68,85.93939912229925
NIFTY_FIN_SERVICE,2025-09-12,2025-09-15,SIDE,0.9979810251494885,0.1387664913945398,0.755684764183481,0.1055487444219792,SIDE,0.755684764183481,SIDE,True,0.755684764183481,1.0,68,85.34108585100886
NIFTY_IT,2025-09-12,2025-09-15,SIDE,0.9556140742606054,0.20023743093322888,0.640256606823622,0.1595059622431492,SIDE,0.640256606823622,SIDE,True,0.640256606823622,1.0,17,78.41539640941731
NIFTY_PHARMA,2025-09-12,2025-09-15,SIDE,0.9996892448582635,0.14877096493767944,0.7492106394537849,0.10201839560853568,SIDE,0.7492106394537849,SIDE,True,0.7492106394537849,1.0,10,84.9526383672271
SENSEX,2025-09-12,2025-09-15,SIDE,0.9541853897394608,0.16246906010344614,0.743635137077844,0.09389580281870989,SIDE,0.743635137077844,SIDE,True,0.743635137077844,1.0,83,84.61810822467064
INDIA_VIX,2025-09-15,2025-09-16,BEAR,0.9999947231252247,0.09177855940520128,0.23545176431604653,0.6727696762787521,BEAR,0.6727696762787521,BEAR,True,0.6727696762787521,0.9,9,76.36618057672513
NIFTY_50,2025-09-15,2025-09-16,SIDE,0.9585400667649668,0.16387918657375844,0.7570422723882763,0.0790785410379653,SIDE,0.7570422723882763,BULL,False,0.7570422723882763,1.0,84,85.42253634329657
NIFTY_AUTO,2025-09-15,2025-09-16,BULL,0.9999997388560865,0.638493532130508,0.2996179592405744,0.06188850862891766,BULL,0.638493532130508,BULL,True,0.638493532130508,1.0,11,78.30961192783047
NIFTY_BANK,2025-09-15,2025-09-16,SIDE,0.9997784963495581,0.12582176087021138,0.7661847530013097,0.10799348612847874,SIDE,0.7661847530013097,SIDE,True,0.7661847530013097,1.0,69,85.97108518007857
NIFTY_FIN_SERVICE,2025-09-15,2025-09-16,SIDE,0.9977549044059233,0.13903427796484505,0.7554464107869489,0.10551931124820604,SIDE,0.7554464107869489,SIDE,True,0.7554464107869489,1.0,69,85.32678464721694
NIFTY_IT,2025-09-15,2025-09-16,SIDE,0.9968916705366171,0.16656305443947272,0.667151571730104,0.16628537383042322,SIDE,0.667151571730104,SIDE,True,0.667151571730104,1.0,18,80.02909430380623
NIFTY_PHARMA,2025-09-15,2025-09-16,SIDE,0.9998120000095847,0.14840808651113951,0.7493132093400843,0.10227870414877614,SIDE,0.7493132093400843,SIDE,True,0.7493132093400843,1.0,11,84.95879256040504
SENSEX,2025-09-15,2025-09-16,SIDE,0.9861640135853355,0.12760316754788575,0.7766538409187577,0.09574299153335651,SIDE,0.7766538409187577,BULL,False,0.7766538409187577,1.0,84,86.59923045512546
INDIA_VIX,2025-09-16,2025-09-17,BEAR,0.9999988028984903,0.09177694951041983,0.23545047251461768,0.6727725779749625,BEAR,0.6727725779749625,BEAR,True,0.6727725779749625,1.0,10,80.36635467849774
NIFTY_50,2025-09-16,2025-09-17,BULL,0.8689492336382405,0.5140882860211348,0.3884296624311175,0.09748205154774782,BULL,0.5140882860211348,BULL,True,0.5140882860211348,1.0,85,70.84529716126809
NIFTY_AUTO,2025-09-16,2025-09-17,BULL,0.999999999542359,0.6384936670872368,0.29961783167471473,0.06188850123804848,BULL,0.6384936670872368,BULL,True,0.6384936670872368,1.0,12,78.30962002523421
NIFTY_BANK,2025-09-16,2025-09-17,SIDE,0.9995595818757593,0.126359419384454,0.7659166988941487,0.10772388172139745,SIDE,0.7659166988941487,SIDE,True,0.7659166988941487,1.0,70,85.95500193364892
NIFTY_FIN_SERVICE,2025-09-16,2025-09-17,SIDE,0.9708221321547014,0.1672440980859018,0.7299811991792265,0.10277470273487153,SIDE,0.7299811991792265,SIDE,True,0.7299811991792265,1.0,70,83.7988719507536
NIFTY_IT,2025-09-16,2025-09-17,SIDE,0.9427990954570634,0.2094793975940755,0.6328770819809968,0.15764352042492766,SIDE,0.6328770819809968,BULL,False,0.6328770819809968,1.0,19,77.97262491885981
NIFTY_PHARMA,2025-09-16,2025-09-17,SIDE,0.9999372468151068,0.1484661849900895,0.7494552579103297,0.10207855709958083,SIDE,0.7494552579103297,SIDE,True,0.7494552579103297,1.0,12,84.96731547461978
SENSEX,2025-09-16,2025-09-17,BULL,0.7799040501787025,0.48740882351803844,0.41327078137819373,0.0993203951037678,BULL,0.48740882351803844,BULL,True,0.48740882351803844,1.0,85,69.24452941108231
INDIA_VIX,2025-09-17,2025-09-18,BEAR,0.99999861912424,0.09177705424775764,0.23545051467221897,0.6727724310800234,BEAR,0.6727724310800234,BEAR,True,0.6727724310800234,1.0,11,80.3663458648014
NIFTY_50,2025-09-17,2025-09-18,BULL,0.9997702560621606,0.5598822610955503,0.33730435696709665,0.1028133819373531,BULL,0.5598822610955503,BULL,True,0.5598822610955503,1.0,86,73.59293566573302
NIFTY_AUTO,2025-09-17,2025-09-18,BULL,0.9999999998743574,0.6384936672591116,0.2996178315122525,0.06188850122863579,BULL,0.6384936672591116,BULL,True,0.6384936672591116,1.0,13,78.3096200355467
NIFTY_BANK,2025-09-17,2025-09-18,SIDE,0.9828668604244762,0.14789994988641034,0.7466344160516509,0.10546563406193873,SIDE,0.7466344160516509,SIDE,True,0.7466344160516509,1.0,71,84.79806496309907
NIFTY_FIN_SERVICE,2025-09-17,2025-09-18,SIDE,0.8265489932781752,0.2672784066757614,0.6385403437410075,0.09418124958323114,SIDE,0.6385403437410075,BULL,False,0.6385403437410075,1.0,71,78.31242062446046
NIFTY_IT,2025-09-17,2025-09-18,BULL,0.5190861360099668,0.4305587716763828,0.4566850210730592,0.11275620725055804,SIDE,0.4566850210730592,BULL,False,0.4305587716763828,1.0,20,65.83352630058297
NIFTY_PHARMA,2025-09-17,2025-09-18,SIDE,0.999926957431225,0.14843960187208027,0.7494416776308733,0.10211872049704636,SIDE,0.7494416776308733,SIDE,True,0.7494416776308733,1.0,13,84.9665006578524
SENSEX,2025-09-17,2025-09-18,BULL,0.9995509084622373,0.5657949510286181,0.3277698124734393,0.10643523649794252,BULL,0.5657949510286181,BULL,True,0.5657949510286181,1.0,86,73.9476970617171
INDIA_VIX,2025-09-18,2025-09-19,BEAR,0.9999995251167227,0.09177706821321306,0.2354500429526694,0.6727728888341175,BEAR,0.6727728888341175,BEAR,True,0.6727728888341175,1.0,12,80.36637333004705
NIFTY_50,2025-09-18,2025-09-19,BULL,0.9999969584339709,0.5599656275324434,0.33721083032452576,0.10282354214303077,BULL,0.5599656275324434,BULL,True,0.5599656275324434,1.0,87,73.59793765194661
NIFTY_AUTO,2025-09-18,2025-09-19,BULL,0.9999999997455877,0.6384936671924479,0.29961783157526545,0.061888501232286605,BULL,0.6384936671924479,BULL,True,0.6384936671924479,1.0,14,78.30962003154688
NIFTY_BANK,2025-09-18,2025-09-19,SIDE,0.773161957597142,0.2999726973313697,0.608032383158577,0.09199491951005337,SIDE,0.608032383158577,SIDE,True,0.608032383158577,1.0,72,76.48194298951462
NIFTY_FIN_SERVICE,2025-09-18,2025-09-19,BULL,0.9631995263024958,0.5839381629972675,0.333453261301018,0.08260857570171433,BULL,0.5839381629972675,BULL,True,0.5839381629972675,1.0,72,75.03628977983605
NIFTY_IT,2025-09-18,2025-09-19,BULL,0.996857901212242,0.650907850716689,0.28247113201317775,0.06662101727013328,BULL,0.650907850716689,BULL,True,0.650907850716689,1.0,21,79.05447104300134
NIFTY_PHARMA,2025-09-18,2025-09-19,SIDE,0.9587305712611545,0.18802359492517992,0.7138287170652051,0.09814768800961499,SIDE,0.7138287170652051,SIDE,True,0.7138287170652051,1.0,14,82.82972302391231
SENSEX,2025-09-18,2025-09-19,BULL,0.999997085451063,0.5659674189339817,0.3275795724391695,0.10645300862684881,BULL,0.5659674189339817,BULL,True,0.5659674189339817,1.0,87,73.9580451360389
INDIA_VIX,2025-09-19,2025-09-22,BEAR,0.9999995069236775,0.0917768309673674,0.23545017034010407,0.6727729986925286,BEAR,0.6727729986925286,BEAR,True,0.6727729986925286,1.0,13,80.36637992155173
NIFTY_50,2025-09-19,2025-09-22,BULL,0.9990542249916735,0.5596190678500108,0.33759961634166974,0.10278131580831947,BULL,0.5596190678500108,BULL,True,0.5596190678500108,1.0,88,73.57714407100066
NIFTY_AUTO,2025-09-19,2025-09-22,BULL,0.9999999780858153,0.6384936559792275,0.29961784217439713,0.06188850184637548,BULL,0.6384936559792275,BULL,True,0.6384936559792275,1.0,15,78.30961935875365
NIFTY_BANK,2025-09-19,2025-09-22,SIDE,0.9799698479464386,0.1512642492308716,0.7435960530312016,0.10513969773792702,SIDE,0.7435960530312016,SIDE,True,0.7435960530312016,1.0,73,84.6157631818721
NIFTY_FIN_SERVICE,2025-09-19,2025-09-22,BULL,0.6684772019124948,0.4708189744746006,0.44565501342483793,0.08352601210056165,BULL,0.4708189744746006,SIDE,False,0.4708189744746006,1.0,73,68.24913846847603
NIFTY_IT,2025-09-19,2025-09-22,BULL,0.994027238306577,0.6491608925597431,0.2838404768807437,0.0669986305595133,BULL,0.6491608925597431,SIDE,False,0.6491608925597431,1.0,22,78.94965355358458
NIFTY_PHARMA,2025-09-19,2025-09-22,SIDE,0.6228204624606336,0.36936150904922405,0.5473515637838212,0.08328692716695471,SIDE,0.5473515637838212,SIDE,True,0.5473515637838212,1.0,15,72.84109382702927
SENSEX,2025-09-19,2025-09-22,BULL,0.9974739183642949,0.5649931590425719,0.3286541091224771,0.106352731834951,BULL,0.5649931590425719,BULL,True,0.5649931590425719,1.0,88,73.89958954255431
INDIA_VIX,2025-09-22,2025-09-23,BEAR,0.9828154561206913,0.09753714297798098,0.24118200372067825,0.6612808533013408,BEAR,0.6612808533013408,BEAR,True,0.6612808533013408,1.0,14,79.67685119808044
NIFTY_50,2025-09-22,2025-09-23,BULL,0.8299304090135037,0.5010531517930542,0.4028857824621299,0.09606106574481585,BULL,0.5010531517930542,SIDE,False,0.5010531517930542,1.0,89,70.06318910758326
NIFTY_AUTO,2025-09-22,2025-09-23,BULL,0.9999996306377508,0.6384934761061243,0.2996180121967962,0.061888511697079464,BULL,0.6384934761061243,BULL,True,0.6384934761061243,1.0,16,78.30960856636744
NIFTY_BANK,2025-09-22,2025-09-23,SIDE,0.9992802625046712,0.12676195263518156,0.7655640674556942,0.10767397990912415,SIDE,0.7655640674556942,SIDE,True,0.7655640674556942,1.0,74,85.93384404734165
NIFTY_FIN_SERVICE,2025-09-22,2025-09-23,SIDE,0.7094127282313621,0.3246025114961078,0.5852373827561929,0.09016010574769927,SIDE,0.5852373827561929,SIDE,True,0.5852373827561929,1.0,74,75.11424296537157
NIFTY_IT,2025-09-22,2025-09-23,SIDE,0.9991032073273751,0.16448935494642955,0.6687687144875717,0.16674193056599879,SIDE,0.6687687144875717,SIDE,True,0.6687687144875717,1.0,23,80.1261228692543
NIFTY_PHARMA,2025-09-22,2025-09-23,SIDE,0.9997201136866549,0.14865450192809823,0.7492341120842616,0.10211138598764004,SIDE,0.7492341120842616,SIDE,True,0.7492341120842616,1.0,16,84.9540467250557
SENSEX,2025-09-22,2025-09-23,BULL,0.6047471977001041,0.42829554841469797,0.4763798652658774,0.09532458631942453,SIDE,0.4763798652658774,SIDE,True,0.42829554841469797,1.0,89,65.69773290488187
INDIA_VIX,2025-09-23,2025-09-24,BEAR,0.9651114193682936,0.10301798526605188,0.24690111413894517,0.6500809005950029,BEAR,0.6500809005950029,BEAR,True,0.6500809005950029,1.0,15,79.00485403570018
NIFTY_50,2025-09-23,2025-09-24,SIDE,0.6760476189562196,0.32589262682265274,0.5921648581748071,0.08194251500254025,SIDE,0.5921648581748071,SIDE,True,0.5921648581748071,1.0,90,75.52989149048842
NIFTY_AUTO,2025-09-23,2025-09-24,BULL,0.9999999650318123,0.6384936492211964,0.29961784856232626,0.06188850221647713,BULL,0.6384936492211964,BULL,True,0.6384936492211964,1.0,17,78.30961895327178
NIFTY_BANK,2025-09-23,2025-09-24,SIDE,0.9925907863153143,0.13585118445443733,0.7574512578815635,0.1066975576639991,SIDE,0.7574512578815635,SIDE,True,0.7574512578815635,1.0,75,85.44707547289381
NIFTY_FIN_SERVICE,2025-09-23,2025-09-24,SIDE,0.8236159716895163,0.2688743082227851,0.6370654268242055,0.09406026495300936,SIDE,0.6370654268242055,SIDE,True,0.6370654268242055,1.0,75,78.22392560945234
NIFTY_IT,2025-09-23,2025-09-24,SIDE,0.9988113110521368,0.1635072931913699,0.6685616734980036,0.1679310333106266,SIDE,0.6685616734980036,SIDE,True,0.6685616734980036,1.0,24,80.11370040988021
NIFTY_PHARMA,2025-09-23,2025-09-24,SIDE,0.9998591880135964,0.1484192426522407,0.7493657635255898,0.10221499382216945,SIDE,0.7493657635255898,SIDE,True,0.7493657635255898,1.0,17,84.96194581153539
SENSEX,2025-09-23,2025-09-24,SIDE,0.8983011539259095,0.20792926051509675,0.6998946326484621,0.09217610683644123,SIDE,0.6998946326484621,SIDE,True,0.6998946326484621,1.0,90,81.99367795890772
INDIA_VIX,2025-09-24,2025-09-25,BEAR,0.991607035589877,0.0946443877115223,0.2382754744165999,0.6670801378718778,BEAR,0.6670801378718778,SIDE,False,0.6670801378718778,1.0,16,80.02480827231267
NIFTY_50,2025-09-24,2025-09-25,SIDE,0.9974758084336715,0.12022004739020205,0.7994983056486085,0.08028164696118943,SIDE,0.7994983056486085,SIDE,True,0.7994983056486085,1.0,91,87.96989833891651
NIFTY_AUTO,2025-09-24,2025-09-25,BULL,0.9993464482681134,0.6381555216813042,0.2999374435370829,0.061907034781612885,BULL,0.6381555216813042,BULL,True,0.6381555216813042,1.0,18,78.28933130087825
NIFTY_BANK,2025-09-24,2025-09-25,SIDE,0.9997721686712215,0.12589867921067377,0.7661794762590772,0.10792184453024906,SIDE,0.7661794762590772,SIDE,True,0.7661794762590772,1.0,76,85.97076857554462
NIFTY_FIN_SERVICE,2025-09-24,2025-09-25,SIDE,0.9983128678770409,0.13835642403166898,0.756032799750876,0.10561077621745504,SIDE,0.756032799750876,SIDE,True,0.756032799750876,1.0,76,85.36196798505257
NIFTY_IT,2025-09-24,2025-09-25,SIDE,0.9885003876470841,0.16171680577187408,0.661273821817262,0.17700937241086387,SIDE,0.661273821817262,BEAR,False,0.661273821817262,1.0,25,79.67642930903573
NIFTY_PHARMA,2025-09-24,2025-09-25,SIDE,0.9970251463640663,0.14795250056802156,0.7462815749566184,0.10576592447536005,SIDE,0.7462815749566184,BEAR,False,0.7462815749566184,1.0,18,84.77689449739711
SENSEX,2025-09-24,2025-09-25,SIDE,0.99927190842301,0.10953261843922424,0.7935633587011575,0.09690402285961836,SIDE,0.7935633587011575,SIDE,True,0.7935633587011575,1.0,91,87.61380152206945
INDIA_VIX,2025-09-25,2025-09-26,SIDE,0.6680204715214029,0.213139914387475,0.39553619637703524,0.3913238892354897,SIDE,0.39553619637703524,SIDE,True,0.39553619637703524,1.0,17,63.73217178262212
NIFTY_50,2025-09-25,2025-09-26,SIDE,0.998065775094228,0.11644777140570314,0.799060869473516,0.0844913591207809,SIDE,0.799060869473516,BEAR,False,0.799060869473516,1.0,92,87.94365216841096
NIFTY_AUTO,2025-09-25,2025-09-26,BULL,0.741693997105373,0.5242785639774702,0.40605118353657954,0.0696702524859502,BULL,0.5242785639774702,SIDE,False,0.5242785639774702,1.0,19,71.45671383864821
NIFTY_BANK,2025-09-25,2025-09-26,SIDE,0.9996664930912124,0.12580232438156122,0.766035293878818,0.10816238173962076,SIDE,0.766035293878818,SIDE,True,0.766035293878818,1.0,77,85.96211763272909
NIFTY_FIN_SERVICE,2025-09-25,2025-09-26,SIDE,0.9996987177013469,0.13639760090156344,0.7574631332883405,0.10613926581009608,SIDE,0.7574631332883405,SIDE,True,0.7574631332883405,1.0,77,85.44778799730042
NIFTY_IT,2025-09-25,2025-09-26,BEAR,0.6600929280599565,0.09975913289591382,0.4099073031758944,0.4903335639281919,BEAR,0.4903335639281919,BEAR,True,0.4903335639281919,1.0,26,69.4200138356915
NIFTY_PHARMA,2025-09-25,2025-09-26,BEAR,0.567849546346169,0.12701801799518309,0.49677559865007964,0.3762063833547373,SIDE,0.49677559865007964,BEAR,False,0.3762063833547373,1.0,19,62.57238300128424
SENSEX,2025-09-25,2025-09-26,SIDE,0.9973015132245399,0.10820018179574654,0.790559195417607,0.10124062278664636,SIDE,0.790559195417607,BEAR,False,0.790559195417607,1.0,92,87.43355172505642
INDIA_VIX,2025-09-26,2025-09-29,SIDE,0.999953581633832,0.2594127215662215,0.46973238994017374,0.2708548884936047,SIDE,0.46973238994017374,SIDE,True,0.46973238994017374,0.1,1,32.18394339641043
NIFTY_50,2025-09-26,2025-09-29,BEAR,0.657310621056577,0.11528887467386496,0.4278869016657297,0.45682422366040526,BEAR,0.45682422366040526,BEAR,True,0.45682422366040526,1.0,93,67.40945341962431
NIFTY_AUTO,2025-09-26,2025-09-29,SIDE,0.9987440163715604,0.18233207360156228,0.7132418720366217,0.10442605436181608,SIDE,0.7132418720366217,SIDE,True,0.7132418720366217,1.0,20,82.7945123221973
NIFTY_BANK,2025-09-26,2025-09-29,SIDE,0.9616956550816591,0.12091706676963943,0.7250307125545756,0.1540522206757849,SIDE,0.7250307125545756,SIDE,True,0.7250307125545756,1.0,78,83.50184275327453
NIFTY_FIN_SERVICE,2025-09-26,2025-09-29,SIDE,0.8950042318679365,0.12504640377257992,0.6692010248665771,0.20575257136084282,SIDE,0.6692010248665771,SIDE,True,0.6692010248665771,1.0,78,80.15206149199462
NIFTY_IT,2025-09-26,2025-09-29,BEAR,0.999999831876031,0.06654981768794795,0.2771248882176935,0.6563252940943586,BEAR,0.6563252940943586,BEAR,True,0.6563252940943586,1.0,27,79.37951764566152
NIFTY_PHARMA,2025-09-26,2025-09-29,BEAR,0.9999999960262975,0.1285403244489136,0.36800112368852655,0.5034585518625598,BEAR,0.5034585518625598,BEAR,True,0.5034585518625598,1.0,20,70.20751311175358
SENSEX,2025-09-26,2025-09-29,BEAR,0.8413710279164508,0.11776887163003419,0.3891551159328317,0.49307601243713417,BEAR,0.49307601243713417,BEAR,True,0.49307601243713417,1.0,93,69.58456074622805
INDIA_VIX,2025-09-29,2025-09-30,SIDE,0.9999779801674946,0.2594023449587433,0.4697387809427373,0.27085887409851933,SIDE,0.4697387809427373,SIDE,True,0.4697387809427373,0.2,2,36.18432685656423
NIFTY_50,2025-09-29,2025-09-30,BEAR,0.9765903069498678,0.1289607733910518,0.2884008845115193,0.582638342097429,BEAR,0.582638342097429,BEAR,True,0.582638342097429,1.0,94,74.95830052584574
NIFTY_AUTO,2025-09-29,2025-09-30,SIDE,0.9999662438830103,0.1812654958129167,0.7141778931646878,0.10455661102239548,SIDE,0.7141778931646878,SIDE,True,0.7141778931646878,0.1,1,46.85067358988127
NIFTY_BANK,2025-09-29,2025-09-30,SIDE,0.9850847466889627,0.12360070061870301,0.7483610559676104,0.12803824341368664,SIDE,0.7483610559676104,SIDE,True,0.7483610559676104,1.0,79,84.90166335805662
NIFTY_FIN_SERVICE,2025-09-29,2025-09-30,SIDE,0.936210249687108,0.1283120718610048,0.6971621501833376,0.17452577795565766,SIDE,0.6971621501833376,SIDE,True,0.6971621501833376,1.0,79,81.82972901100027
NIFTY_IT,2025-09-29,2025-09-30,BEAR,0.9999998571279598,0.06654981447501053,0.27712487551520726,0.6563253100097822,BEAR,0.6563253100097822,BEAR,True,0.6563253100097822,0.1,1,43.379518600586934
NIFTY_PHARMA,2025-09-29,2025-09-30,BEAR,0.9999999981598722,0.1285403244771989,0.3680011230179759,0.5034585525048252,BEAR,0.5034585525048252,BEAR,True,0.5034585525048252,1.0,21,70.20751315028951
SENSEX,2025-09-29,2025-09-30,BEAR,0.9957357848754285,0.12426998635507666,0.3296276640795689,0.5461023495653544,BEAR,0.5461023495653544,BEAR,True,0.5461023495653544,1.0,94,72.76614097392127
INDIA_VIX,2025-09-30,2025-10-01,SIDE,0.9999222397573915,0.25939120129143994,0.4697245743007483,0.27088422440781174,SIDE,0.4697245743007483,BEAR,False,0.4697245743007483,0.3,3,40.1834744580449
NIFTY_50,2025-09-30,2025-10-01,BEAR,0.9981136382881077,0.1303140154456923,0.27697918590324566,0.5927067986510621,BEAR,0.5927067986510621,SIDE,False,0.5927067986510621,1.0,95,75.56240791906373
NIFTY_AUTO,2025-09-30,2025-10-01,SIDE,0.9999433050017296,0.18130226299083707,0.7141676915612276,0.10453004544793532,SIDE,0.7141676915612276,SIDE,True,0.7141676915612276,0.2,2,50.85006149367366
NIFTY_BANK,2025-09-30,2025-10-01,SIDE,0.9977665888499165,0.12545637014102634,0.7635367691506166,0.11100686070835705,SIDE,0.7635367691506166,SIDE,True,0.7635367691506166,1.0,80,85.812206149037
NIFTY_FIN_SERVICE,2025-09-30,2025-10-01,SIDE,0.9625761532104892,0.13100126531583176,0.7184937517380683,0.15050498294609996,SIDE,0.7184937517380683,SIDE,True,0.7184937517380683,1.0,80,83.10962510428409
NIFTY_IT,2025-09-30,2025-10-01,BEAR,0.9999998196229989,0.06654981924695923,0.27712489438134386,0.656325286371697,BEAR,0.656325286371697,BEAR,True,0.656325286371697,0.2,2,47.37951718230181
NIFTY_PHARMA,2025-09-30,2025-10-01,BEAR,0.9999999987046932,0.12854032448442174,0.3680011228467467,0.5034585526688315,BEAR,0.5034585526688315,BEAR,True,0.5034585526688315,1.0,22,70.20751316012989
SENSEX,2025-09-30,2025-10-01,BEAR,0.9995114962465448,0.12445154297535659,0.32807385703832365,0.5474745999863198,BEAR,0.5474745999863198,SIDE,False,0.5474745999863198,1.0,95,72.84847599917919
INDIA_VIX,2025-10-01,2025-10-03,BEAR,0.8849371119002138,0.12412501674526015,0.27066173546667466,0.6052132477880652,BEAR,0.6052132477880652,BEAR,True,0.6052132477880652,0.7,1,55.31279486728391
NIFTY_50,2025-10-01,2025-10-03,SIDE,0.7802754031592436,0.10777420438128409,0.615916206772177,0.276309588846539,SIDE,0.615916206772177,SIDE,True,0.615916206772177,1.0,96,76.95497240633061
NIFTY_AUTO,2025-10-01,2025-10-03,SIDE,0.998151657755582,0.18286514783156918,0.7127989746222362,0.10433587754619451,SIDE,0.7127989746222362,SIDE,True,0.7127989746222362,0.3,3,54.76793847733418
NIFTY_BANK,2025-10-01,2025-10-03,SIDE,0.9984219229361836,0.12794935042836755,0.7644860003204064,0.10756464925122602,SIDE,0.7644860003204064,SIDE,True,0.7644860003204064,1.0,81,85.8691600192244
NIFTY_FIN_SERVICE,2025-10-01,2025-10-03,SIDE,0.9985938241624965,0.13800967116557233,0.756328648211882,0.10566168062254581,SIDE,0.756328648211882,SIDE,True,0.756328648211882,1.0,81,85.37971889271292
NIFTY_IT,2025-10-01,2025-10-03,BEAR,0.999941718554279,0.06655721119477102,0.2771541189200934,0.6562886698851356,BEAR,0.6562886698851356,BEAR,True,0.6562886698851356,0.8,1,60.87732019310813
NIFTY_PHARMA,2025-10-01,2025-10-03,BEAR,0.9998609287774416,0.1285384813032079,0.36804482873305683,0.5034166899637352,BEAR,0.5034166899637352,BEAR,True,0.5034166899637352,1.0,23,70.20500139782412
SENSEX,2025-10-01,2025-10-03,SIDE,0.8024199886927371,0.10329324360794526,0.6397424517585947,0.25696430463346004,SIDE,0.6397424517585947,SIDE,True,0.6397424517585947,1.0,96,78.3845471055157
INDIA_VIX,2025-10-03,2025-10-06,BEAR,0.9998516643663229,0.091828515524768,0.23550027769644236,0.6726712067787897,BEAR,0.6726712067787897,BEAR,True,0.6726712067787897,0.7,2,60.860272406727375
NIFTY_50,2025-10-03,2025-10-06,SIDE,0.9986434341665348,0.11659187212432862,0.8002036622814169,0.08320446559425457,SIDE,0.8002036622814169,SIDE,True,0.8002036622814169,1.0,97,88.01221973688502
NIFTY_AUTO,2025-10-03,2025-10-06,SIDE,0.9994155629824414,0.18177001936383347,0.7137656967386475,0.10446428389751905,SIDE,0.7137656967386475,SIDE,True,0.7137656967386475,0.4,4,58.82594180431886
NIFTY_BANK,2025-10-03,2025-10-06,SIDE,0.9929970460800264,0.13533807150255733,0.7579284930591084,0.10673343543833425,SIDE,0.7579284930591084,BULL,False,0.7579284930591084,1.0,82,85.4757095835465
NIFTY_FIN_SERVICE,2025-10-03,2025-10-06,SIDE,0.9994201632060504,0.1370664975345041,0.7572170217703287,0.10571648069516726,SIDE,0.7572170217703287,SIDE,True,0.7572170217703287,1.0,82,85.43302130621971
NIFTY_IT,2025-10-03,2025-10-06,BEAR,0.9997978320446701,0.06657551252895878,0.27722647532082817,0.6561980121502131,BEAR,0.6561980121502131,SIDE,False,0.6561980121502131,0.8,2,62.37188072901279
NIFTY_PHARMA,2025-10-03,2025-10-06,BEAR,0.9996154573304916,0.12853523035999623,0.3681219653147933,0.5033428043252105,BEAR,0.5033428043252105,BEAR,True,0.5033428043252105,1.0,24,70.20056825951264
SENSEX,2025-10-03,2025-10-06,SIDE,0.999244280141564,0.10847118772629681,0.793450953019673,0.09807785925403013,SIDE,0.793450953019673,SIDE,True,0.793450953019673,1.0,97,87.60705718118038
INDIA_VIX,2025-10-06,2025-10-07,BEAR,0.9992191467019291,0.09204875055049207,0.23571471433697935,0.6722365351125287,BEAR,0.6722365351125287,BEAR,True,0.6722365351125287,0.7,3,62.334192106751715
NIFTY_50,2025-10-06,2025-10-07,SIDE,0.9984309606748246,0.11895849210313501,0.8007823389645795,0.08025916893228545,SIDE,0.8007823389645795,SIDE,True,0.8007823389645795,1.0,98,88.04694033787477
NIFTY_AUTO,2025-10-06,2025-10-07,SIDE,0.9971229922852113,0.1837513208548262,0.7120173005695434,0.10423137857563036,SIDE,0.7120173005695434,SIDE,True,0.7120173005695434,0.5,5,62.721038034172594
NIFTY_BANK,2025-10-06,2025-10-07,BULL,0.6123289146687442,0.4663434679567274,0.45089179600106816,0.08276473604220441,BULL,0.4663434679567274,BULL,True,0.4663434679567274,1.0,83,67.98060807740363
NIFTY_FIN_SERVICE,2025-10-06,2025-10-07,SIDE,0.6906645707471807,0.33285608197017474,0.5775039640359987,0.08963995399382663,SIDE,0.5775039640359987,BULL,False,0.5775039640359987,1.0,83,74.65023784215992
NIFTY_IT,2025-10-06,2025-10-07,SIDE,0.8962140423750875,0.14883784433227795,0.6088270292154067,0.24233512645231542,SIDE,0.6088270292154067,SIDE,True,0.6088270292154067,0.8,3,61.0296217529244
NIFTY_PHARMA,2025-10-06,2025-10-07,BEAR,0.9989687089461634,0.12852667996957276,0.368325147295421,0.5031481727350062,BEAR,0.5031481727350062,BEAR,True,0.5031481727350062,1.0,25,70.18889036410037
SENSEX,2025-10-06,2025-10-07,SIDE,0.998512120038079,0.11069478419624224,0.7925030169879063,0.09680219881585155,SIDE,0.7925030169879063,SIDE,True,0.7925030169879063,1.0,98,87.55018101927438
INDIA_VIX,2025-10-07,2025-10-08,BEAR,0.9998870074005585,0.09181606172891431,0.23548835102835197,0.6726955872427337,BEAR,0.6726955872427337,BEAR,True,0.6726955872427337,0.7,4,63.86173523456402
NIFTY_50,2025-10-07,2025-10-08,SIDE,0.9976776618125859,0.12000254281702857,0.7997899981752159,0.08020745900775553,SIDE,0.7997899981752159,SIDE,True,0.7997899981752159,1.0,99,87.98739989051295
NIFTY_AUTO,2025-10-07,2025-10-08,SIDE,0.9908016726737308,0.1890864326147527,0.7073039775303667,0.10360958985488056,SIDE,0.7073039775303667,SIDE,True,0.7073039775303667,0.6,6,66.43823865182199
NIFTY_BANK,2025-10-07,2025-10-08,BULL,0.9855736330350685,0.6286636434228994,0.2901648619600245,0.08117149461707623,BULL,0.6286636434228994,BULL,True,0.6286636434228994,1.0,84,77.71981860537397
NIFTY_FIN_SERVICE,2025-10-07,2025-10-08,BULL,0.804628511672519,0.5209774951505765,0.396396606533404,0.0826258983160196,BULL,0.5209774951505765,SIDE,False,0.5209774951505765,1.0,84,71.25864970903459
NIFTY_IT,2025-10-07,2025-10-08,SIDE,0.9984130235542212,0.1634375161973209,0.6682719075836927,0.16829057621898652,SIDE,0.6682719075836927,SIDE,True,0.6682719075836927,0.8,4,66.09631445502156
NIFTY_PHARMA,2025-10-07,2025-10-08,BEAR,0.9713128399739395,0.12818097310970486,0.3769472168310425,0.4948718100592527,BEAR,0.4948718100592527,BEAR,True,0.4948718100592527,1.0,26,69.69230860355516
SENSEX,2025-10-07,2025-10-08,SIDE,0.9973104697400641,0.11246900699981002,0.7908468142218167,0.09668417877837342,SIDE,0.7908468142218167,SIDE,True,0.7908468142218167,1.0,99,87.450808853309
INDIA_VIX,2025-10-08,2025-10-09,BEAR,0.9849564322794135,0.09683754082433398,0.24048162243432564,0.6626808367413404,BEAR,0.6626808367413404,BEAR,True,0.6626808367413404,0.4,1,51.26085020448043
NIFTY_50,2025-10-08,2025-10-09,SIDE,0.9996428111267696,0.11725818769070545,0.8023996909600729,0.08034212134922167,SIDE,0.8023996909600729,SIDE,True,0.8023996909600729,1.0,100,88.14398145760437
NIFTY_AUTO,2025-10-08,2025-10-09,SIDE,0.9998931093063937,0.18123187506135077,0.7140783162382331,0.1046898087004161,SIDE,0.7140783162382331,SIDE,True,0.7140783162382331,0.7,7,70.84469897429399
NIFTY_BANK,2025-10-08,2025-10-09,BULL,0.9287588573289209,0.5999658095344423,0.3191830269408686,0.08085116352468913,BULL,0.5999658095344423,BULL,True,0.5999658095344423,1.0,85,75.99794857206655
NIFTY_FIN_SERVICE,2025-10-08,2025-10-09,SIDE,0.7226768820163855,0.3186421170727855,0.5908142732677613,0.09054360965945325,SIDE,0.5908142732677613,SIDE,True,0.5908142732677613,1.0,85,75.44885639606568
NIFTY_IT,2025-10-08,2025-10-09,SIDE,0.9994222890675052,0.16424329816290945,0.6690037318710925,0.16675296996599817,SIDE,0.6690037318710925,SIDE,True,0.6690037318710925,0.8,5,67.64022391226554
NIFTY_PHARMA,2025-10-08,2025-10-09,BEAR,0.9998410788715696,0.12853821830190246,0.3680510667361975,0.5034107149619,BEAR,0.5034107149619,BEAR,True,0.5034107149619,1.0,27,70.20464289771401
SENSEX,2025-10-08,2025-10-09,SIDE,0.9993391233085829,0.1094543759265885,0.7936596142302269,0.09688600984318448,SIDE,0.7936596142302269,SIDE,True,0.7936596142302269,1.0,100,87.61957685381361
INDIA_VIX,2025-10-09,2025-10-10,BEAR,0.9991715149185102,0.09206519733088386,0.23573090634516758,0.6722038963239485,BEAR,0.6722038963239485,BEAR,True,0.6722038963239485,0.5,2,55.83223377943691
NIFTY_50,2025-10-09,2025-10-10,SIDE,0.9872575828807897,0.13336989467103616,0.7868588745356864,0.07977123079327754,SIDE,0.7868588745356864,SIDE,True,0.7868588745356864,1.0,101,87.21153247214119
NIFTY_AUTO,2025-10-09,2025-10-10,SIDE,0.9999742874839046,0.1812610709587728,0.714185239044879,0.10455368999634819,SIDE,0.714185239044879,SIDE,True,0.714185239044879,0.8,8,74.85111434269274
NIFTY_BANK,2025-10-09,2025-10-10,BULL,0.9792097084365817,0.6253076747203653,0.2935723331027145,0.08111999217692019,BULL,0.6253076747203653,BULL,True,0.6253076747203653,1.0,86,77.51846048322192
NIFTY_FIN_SERVICE,2025-10-09,2025-10-10,SIDE,0.8062585674039774,0.2781133412438614,0.6285201222187838,0.09336653653735477,SIDE,0.6285201222187838,BULL,False,0.6285201222187838,1.0,86,77.71120733312704
NIFTY_IT,2025-10-09,2025-10-10,SIDE,0.9634926728273354,0.1943143363032579,0.6449881287568496,0.16069753493989253,SIDE,0.6449881287568496,SIDE,True,0.6449881287568496,0.8,6,67.69928772541097
NIFTY_PHARMA,2025-10-09,2025-10-10,BEAR,0.7262029236908981,0.126640979733025,0.4499548276928983,0.42340419257407674,SIDE,0.4499548276928983,SIDE,True,0.42340419257407674,1.0,28,65.4042515544446
SENSEX,2025-10-09,2025-10-10,SIDE,0.9847195688218269,0.12941796893193572,0.7749465801733958,0.09563545089466848,SIDE,0.7749465801733958,SIDE,True,0.7749465801733958,1.0,101,86.49679481040374
INDIA_VIX,2025-10-10,2025-10-13,BEAR,0.9992869378595005,0.09202507667832521,0.23569179596714426,0.6722831273545304,BEAR,0.6722831273545304,SIDE,False,0.6722831273545304,0.6,3,59.83698764127183
NIFTY_50,2025-10-10,2025-10-13,SIDE,0.802167432643214,0.26850523112347613,0.6518080814406557,0.07968668743586818,SIDE,0.6518080814406557,SIDE,True,0.6518080814406557,1.0,102,79.10848488643934
NIFTY_AUTO,2025-10-10,2025-10-13,SIDE,0.9999531024258554,0.18129846569760572,0.7141773471003661,0.10452418720202826,SIDE,0.7141773471003661,SIDE,True,0.7141773471003661,0.9,9,78.85064082602197
NIFTY_BANK,2025-10-10,2025-10-13,BULL,0.9998733810773295,0.636357884582778,0.28233783241574845,0.08130428300147363,BULL,0.636357884582778,BULL,True,0.636357884582778,1.0,87,78.18147307496668
NIFTY_FIN_SERVICE,2025-10-10,2025-10-13,BULL,0.7261147679378952,0.4918488750169364,0.4250968277890492,0.08305429719401429,BULL,0.4918488750169364,BULL,True,0.4918488750169364,1.0,87,69.51093250101619
NIFTY_IT,2025-10-10,2025-10-13,SIDE,0.965634050635324,0.19266884283156885,0.6463022046511446,0.16102895251728647,SIDE,0.6463022046511446,SIDE,True,0.6463022046511446,0.8,7,69.27813227906867
NIFTY_PHARMA,2025-10-10,2025-10-13,SIDE,0.9992176592953348,0.14836814035118817,0.7486623105311934,0.10296954911761841,SIDE,0.7486623105311934,SIDE,True,0.7486623105311934,1.0,29,84.9197386318716
SENSEX,2025-10-10,2025-10-13,SIDE,0.7825328226913988,0.2759023115103246,0.6329954813656521,0.09110220712402338,SIDE,0.6329954813656521,SIDE,True,0.6329954813656521,1.0,102,77.97972888193912
INDIA_VIX,2025-10-13,2025-10-14,SIDE,0.9998557553437836,0.2594341062282397,0.46970699420746087,0.2708588995642995,SIDE,0.46970699420746087,SIDE,True,0.46970699420746087,0.1,1,32.18241965244765
NIFTY_50,2025-10-13,2025-10-14,SIDE,0.937846205286147,0.18218621947253844,0.7389657932219549,0.07884798730550681,SIDE,0.7389657932219549,SIDE,True,0.7389657932219549,1.0,103,84.33794759331728
NIFTY_AUTO,2025-10-13,2025-10-14,SIDE,0.9999759245634405,0.18127579987029063,0.7141936884794619,0.10453051165024758,SIDE,0.7141936884794619,SIDE,True,0.7141936884794619,1.0,10,82.85162130876772
NIFTY_BANK,2025-10-13,2025-10-14,BULL,0.9998242434491339,0.6363310617157111,0.28236515149848584,0.08130378678580301,BULL,0.6363310617157111,BULL,True,0.6363310617157111,1.0,88,78.17986370294267
NIFTY_FIN_SERVICE,2025-10-13,2025-10-14,BULL,0.9760274542595418,0.5894337691174761,0.32789873211159287,0.08266749877093106,BULL,0.5894337691174761,BULL,True,0.5894337691174761,1.0,88,75.36602614704857
NIFTY_IT,2025-10-13,2025-10-14,SIDE,0.9987751141468231,0.16484203003673542,0.6685272689522911,0.16663070101097355,SIDE,0.6685272689522911,SIDE,True,0.6685272689522911,0.8,8,72.11163613713745
NIFTY_PHARMA,2025-10-13,2025-10-14,SIDE,0.9999396827959559,0.14846555181727142,0.7494578700068537,0.10207657817587486,SIDE,0.7494578700068537,SIDE,True,0.7494578700068537,1.0,30,84.96747220041122
SENSEX,2025-10-13,2025-10-14,SIDE,0.9099919522391334,0.19945600919314282,0.7081080365638519,0.09243595424300528,SIDE,0.7081080365638519,SIDE,True,0.7081080365638519,1.0,103,82.48648219383111
INDIA_VIX,2025-10-14,2025-10-15,SIDE,0.9999864394236345,0.2593987319948337,0.4697409970027864,0.27086027100237997,SIDE,0.4697409970027864,SIDE,True,0.4697409970027864,0.2,2,36.18445982016718
NIFTY_50,2025-10-14,2025-10-15,SIDE,0.9981120579875681,0.11940153348149025,0.8003609834593676,0.08023748305914224,SIDE,0.8003609834593676,SIDE,True,0.8003609834593676,1.0,104,88.02165900756206
NIFTY_AUTO,2025-10-14,2025-10-15,SIDE,0.9999779104417538,0.1812614863630768,0.714189619234296,0.10454889440262723,SIDE,0.714189619234296,SIDE,True,0.714189619234296,1.0,11,82.85137715405776
NIFTY_BANK,2025-10-14,2025-10-15,BULL,0.9975368863673737,0.6350854476496869,0.2836334963727288,0.08128105597758438,BULL,0.6350854476496869,BULL,True,0.6350854476496869,1.0,89,78.10512685898122
NIFTY_FIN_SERVICE,2025-10-14,2025-10-15,BULL,0.9429734851573306,0.5754300473109458,0.3420332396482684,0.0825367130407857,BULL,0.5754300473109458,BULL,True,0.5754300473109458,1.0,89,74.52580283865674
NIFTY_IT,2025-10-14,2025-10-15,SIDE,0.9996619078311806,0.16402023945281027,0.6691806450752068,0.16679911547198273,SIDE,0.6691806450752068,SIDE,True,0.6691806450752068,0.9,9,76.15083870451241
NIFTY_PHARMA,2025-10-14,2025-10-15,SIDE,0.9981394765396955,0.14812961288677245,0.7474807641397864,0.1043896229734413,SIDE,0.7474807641397864,SIDE,True,0.7474807641397864,1.0,31,84.84884584838717
SENSEX,2025-10-14,2025-10-15,SIDE,0.9973816269858521,0.112362937879998,0.7909439263470689,0.09669313577293315,SIDE,0.7909439263470689,SIDE,True,0.7909439263470689,1.0,104,87.45663558082414
INDIA_VIX,2025-10-15,2025-10-16,SIDE,0.9892975335355694,0.2577740051707756,0.46702928730647725,0.27519670752274705,SIDE,0.46702928730647725,SIDE,True,0.46702928730647725,0.4,1,39.52175723838863
NIFTY_50,2025-10-15,2025-10-16,SIDE,0.8110351006677147,0.26390842215764876,0.6565269763516067,0.07956460149074458,SIDE,0.6565269763516067,BULL,False,0.6565269763516067,1.0,105,79.39161858109641
NIFTY_AUTO,2025-10-15,2025-10-16,SIDE,0.9999766260168498,0.18127346688413482,0.7141934625466321,0.1045330705692333,SIDE,0.7141934625466321,SIDE,True,0.7141934625466321,1.0,12,82.85160775279793
NIFTY_BANK,2025-10-15,2025-10-16,BULL,0.9999299645901543,0.636388776948725,0.28230637194134806,0.08130485110992705,BULL,0.636388776948725,BULL,True,0.636388776948725,1.0,90,78.1833266169235
NIFTY_FIN_SERVICE,2025-10-15,2025-10-16,BULL,0.9999438782314612,0.5999106967519406,0.3172821631125984,0.0828071401354611,BULL,0.5999106967519406,BULL,True,0.5999106967519406,1.0,90,75.99464180511644
NIFTY_IT,2025-10-15,2025-10-16,SIDE,0.9965251402329369,0.16689951160158026,0.6668857330951341,0.1662147553032856,SIDE,0.6668857330951341,SIDE,True,0.6668857330951341,1.0,10,80.01314398570804
NIFTY_PHARMA,2025-10-15,2025-10-16,SIDE,0.999281590275853,0.14831559456165605,0.7487275169021511,0.10295688853619275,SIDE,0.7487275169021511,SIDE,True,0.7487275169021511,1.0,32,84.92365101412908
SENSEX,2025-10-15,2025-10-16,SIDE,0.813246034622455,0.25994729201736516,0.6488626189717828,0.09119008901085213,SIDE,0.6488626189717828,BULL,False,0.6488626189717828,1.0,105,78.93175713830696
INDIA_VIX,2025-10-16,2025-10-17,SIDE,0.9999624953932479,0.2593942412203293,0.4697348908773548,0.27087086790231585,SIDE,0.4697348908773548,SIDE,True,0.4697348908773548,0.3,1,37.18409345264129
NIFTY_50,2025-10-16,2025-10-17,BULL,0.9997822014832013,0.5598866529053185,0.3372994285498158,0.10281391854486574,BULL,0.5598866529053185,BULL,True,0.5598866529053185,1.0,106,73.59319917431911
NIFTY_AUTO,2025-10-16,2025-10-17,SIDE,0.989288667815248,0.1903372593956787,0.7061982340973447,0.10346450650697657,SIDE,0.7061982340973447,SIDE,True,0.7061982340973447,1.0,13,82.37189404584068
NIFTY_BANK,2025-10-16,2025-10-17,BULL,0.9999999677020098,0.6364270004971556,0.2822674440686591,0.08130555543418516,BULL,0.6364270004971556,BULL,True,0.6364270004971556,1.0,91,78.18562002982934
NIFTY_FIN_SERVICE,2025-10-16,2025-10-17,BULL,0.9999999979290652,0.599935661102624,0.31725682317742687,0.08280751571994913,BULL,0.599935661102624,BULL,True,0.599935661102624,1.0,91,75.99613966615745
NIFTY_IT,2025-10-16,2025-10-17,SIDE,0.9813575990296969,0.180070185492447,0.6563650496060319,0.1635647649015212,SIDE,0.6563650496060319,SIDE,True,0.6563650496060319,1.0,11,79.38190297636191
NIFTY_PHARMA,2025-10-16,2025-10-17,SIDE,0.9997886280537854,0.1484029195521666,0.749287223111838,0.10230985733599535,SIDE,0.749287223111838,SIDE,True,0.749287223111838,1.0,33,84.95723338671029
SENSEX,2025-10-16,2025-10-17,BULL,0.9998392493803077,0.5659063987896795,0.32764688147844545,0.10644671973187508,BULL,0.5659063987896795,BULL,True,0.5659063987896795,1.0,106,73.95438392738077
INDIA_VIX,2025-10-17,2025-10-20,SIDE,0.999901101579657,0.25943501009797876,0.46971864431299765,0.2708463455890236,SIDE,0.46971864431299765,SIDE,True,0.46971864431299765,0.4,2,41.18311865877986
NIFTY_50,2025-10-17,2025-10-20,BULL,0.9999999156769852,0.5599667151386644,0.3372096101750371,0.10282367468629847,BULL,0.5599667151386644,BULL,True,0.5599667151386644,1.0,107,73.59800290831987
NIFTY_AUTO,2025-10-17,2025-10-20,SIDE,0.812368474728978,0.29947191902269105,0.6093267292290979,0.09120135174821108,SIDE,0.6093267292290979,SIDE,True,0.6093267292290979,1.0,14,76.55960375374588
NIFTY_BANK,2025-10-17,2025-10-20,BULL,0.9999999979245981,0.636427017012851,0.2822674272764789,0.08130555571067015,BULL,0.636427017012851,BULL,True,0.636427017012851,1.0,92,78.18562102077105
NIFTY_FIN_SERVICE,2025-10-17,2025-10-20,BULL,0.9999999999589608,0.5999356620056395,0.3172568222608233,0.08280751573353717,BULL,0.5999356620056395,BULL,True,0.5999356620056395,1.0,92,75.99613972033838
NIFTY_IT,2025-10-17,2025-10-20,SIDE,0.9998628902493498,0.16373376000325965,0.6693298330306167,0.16693640696612377,SIDE,0.6693298330306167,SIDE,True,0.6693298330306167,0.1,1,44.159789981837
NIFTY_PHARMA,2025-10-17,2025-10-20,SIDE,0.9998117338803285,0.14863201962523842,0.7493323967854483,0.10203558358931338,SIDE,0.7493323967854483,SIDE,True,0.7493323967854483,1.0,34,84.95994380712689
SENSEX,2025-10-17,2025-10-20,BULL,0.9999999786047213,0.5659685375349657,0.3275783385418505,0.10645312392318393,BULL,0.5659685375349657,BULL,True,0.5659685375349657,1.0,107,73.95811225209795
INDIA_VIX,2025-10-20,2025-10-21,SIDE,0.9999825668403508,0.25940042127527463,0.4697399821050595,0.2708595966196658,SIDE,0.4697399821050595,SIDE,True,0.4697399821050595,0.5,3,45.18439892630357
NIFTY_50,2025-10-20,2025-10-21,BULL,0.9999999992027293,0.5599667458580502,0.3372095757133369,0.1028236784286129,BULL,0.5599667458580502,BULL,True,0.5599667458580502,1.0,108,73.598004751483
NIFTY_AUTO,2025-10-20,2025-10-21,SIDE,0.8619965602080103,0.27371572480604733,0.6322694937238074,0.09401478147014515,SIDE,0.6322694937238074,SIDE,True,0.6322694937238074,1.0,15,77.93616962342844
NIFTY_BANK,2025-10-20,2025-10-21,BULL,0.9999999999347524,0.6364270181120778,0.2822674261605503,0.08130555572737189,BULL,0.6364270181120778,BULL,True,0.6364270181120778,1.0,93,78.18562108672468
NIFTY_FIN_SERVICE,2025-10-20,2025-10-21,BULL,0.9999999988271913,0.5999356615021629,0.3172568227718765,0.08280751572596066,BULL,0.5999356615021629,BULL,True,0.5999356615021629,1.0,93,75.99613969012978
NIFTY_IT,2025-10-20,2025-10-21,SIDE,0.9976958316743696,0.16583150979481215,0.6677369814510146,0.16643150875417326,SIDE,0.6677369814510146,SIDE,True,0.6677369814510146,0.9,1,64.06421888706087
NIFTY_PHARMA,2025-10-20,2025-10-21,SIDE,0.9877768203394296,0.16135121265650373,0.7378952846096032,0.10075350273389307,SIDE,0.7378952846096032,SIDE,True,0.7378952846096032,1.0,35,84.27371707657619
SENSEX,2025-10-20,2025-10-21,BULL,0.9999999997773166,0.5659685457210925,0.32757832951196314,0.10645312476694443,BULL,0.5659685457210925,BULL,True,0.5659685457210925,1.0,108,73.95811274326554
INDIA_VIX,2025-10-21,2025-10-23,SIDE,0.9999877721536873,0.2593981185886667,0.46974134663847544,0.27086053477285793,SIDE,0.46974134663847544,SIDE,True,0.46974134663847544,0.6,4,49.18448079830852
NIFTY_50,2025-10-21,2025-10-23,BULL,0.9999999993107245,0.5599667458977752,0.3372095756687896,0.1028236784334353,BULL,0.5599667458977752,BULL,True,0.5599667458977752,1.0,109,73.59800475386652
NIFTY_AUTO,2025-10-21,2025-10-23,SIDE,0.8143362662732417,0.2984940282755308,0.6101987193565245,0.09130725236794467,SIDE,0.6101987193565245,SIDE,True,0.6101987193565245,1.0,16,76.61192316139147
NIFTY_BANK,2025-10-21,2025-10-23,BULL,0.9999999995647624,0.6364270179097005,0.2822674263658813,0.08130555572441808,BULL,0.6364270179097005,BULL,True,0.6364270179097005,1.0,94,78.18562107458203
NIFTY_FIN_SERVICE,2025-10-21,2025-10-23,BULL,0.9999999990294859,0.5999356615921554,0.31725682268053,0.08280751572731475,BULL,0.5999356615921554,BULL,True,0.5999356615921554,1.0,94,75.99613969552934
NIFTY_IT,2025-10-21,2025-10-23,SIDE,0.9979690610121525,0.1655823536857829,0.6679365481327704,0.1664810981814467,SIDE,0.6679365481327704,BULL,False,0.6679365481327704,0.9,2,65.57619288796623
NIFTY_PHARMA,2025-10-21,2025-10-23,SIDE,0.931563503406524,0.2094551818275202,0.694422017768357,0.09612280040412273,SIDE,0.694422017768357,SIDE,True,0.694422017768357,1.0,36,81.66532106610141
SENSEX,2025-10-21,2025-10-23,BULL,0.9999999997506577,0.5659685457107851,0.3275783295233328,0.10645312476588199,BULL,0.5659685457107851,BULL,True,0.5659685457107851,1.0,109,73.9581127426471
INDIA_VIX,2025-10-23,2025-10-24,SIDE,0.9999491714100844,0.2594146251418095,0.46973123442614295,0.2708541404320474,SIDE,0.46973123442614295,SIDE,True,0.46973123442614295,0.7,5,53.183874065568574
NIFTY_50,2025-10-23,2025-10-24,BULL,0.9999999993818152,0.5599667459239251,0.33720957563946524,0.10282367843660965,BULL,0.5599667459239251,BULL,True,0.5599667459239251,1.0,110,73.59800475543551
NIFTY_AUTO,2025-10-23,2025-10-24,SIDE,0.8728791874952225,0.2677176379963878,0.6376046362298193,0.09467772577379288,SIDE,0.6376046362298193,SIDE,True,0.6376046362298193,1.0,17,78.25627817378916
NIFTY_BANK,2025-10-23,2025-10-24,BULL,0.999999999595284,0.6364270179265071,0.28226742634908564,0.08130555572440724,BULL,0.6364270179265071,BULL,True,0.6364270179265071,1.0,95,78.18562107559043
NIFTY_FIN_SERVICE,2025-10-23,2025-10-24,BULL,0.9999999986396133,0.5999356614187173,0.31725682285657786,0.08280751572470457,BULL,0.5999356614187173,BULL,True,0.5999356614187173,1.0,95,75.99613968512304
NIFTY_IT,2025-10-23,2025-10-24,BULL,0.9751524473780788,0.6377962518287263,0.29275574441086644,0.06944800376040726,BULL,0.6377962518287263,BULL,True,0.6377962518287263,0.9,3,65.26777510972359
NIFTY_PHARMA,2025-10-23,2025-10-24,SIDE,0.9697244260237707,0.17847873460705277,0.7224517511971362,0.09906951419581106,SIDE,0.7224517511971362,SIDE,True,0.7224517511971362,1.0,37,83.34710507182818
SENSEX,2025-10-23,2025-10-24,BULL,0.9999999998979834,0.5659685457677468,0.3275783294605,0.10645312477175316,BULL,0.5659685457677468,BULL,True,0.5659685457677468,1.0,110,73.95811274606481
INDIA_VIX,2025-10-24,2025-10-27,SIDE,0.9999783067345017,0.2594022657763374,0.4697388658113389,0.27085886841232365,SIDE,0.4697388658113389,SIDE,True,0.4697388658113389,0.8,6,57.18433194868033
NIFTY_50,2025-10-24,2025-10-27,BULL,0.999999118156639,0.5599664218270728,0.3372099392271991,0.10282363894572814,BULL,0.5599664218270728,BULL,True,0.5599664218270728,1.0,111,73.59798530962436
NIFTY_AUTO,2025-10-24,2025-10-27,SIDE,0.9964493716676049,0.1843278772410213,0.7115072807495832,0.10416484200939538,SIDE,0.7115072807495832,SIDE,True,0.7115072807495832,1.0,18,82.690436844975
NIFTY_BANK,2025-10-24,2025-10-27,BULL,0.9999955831581242,0.6364246059559607,0.2822698820551036,0.08130551198893562,BULL,0.6364246059559607,BULL,True,0.6364246059559607,1.0,96,78.18547635735766
NIFTY_FIN_SERVICE,2025-10-24,2025-10-27,BULL,0.9999817002730409,0.59992752134542,0.31726508541443343,0.08280739324014656,BULL,0.59992752134542,BULL,True,0.59992752134542,1.0,96,75.9956512807252
NIFTY_IT,2025-10-24,2025-10-27,BULL,0.9978877173191083,0.6515463202455245,0.2819707521898758,0.06648292756459968,BULL,0.6515463202455245,BULL,True,0.6515463202455245,0.9,4,67.59277921473148
NIFTY_PHARMA,2025-10-24,2025-10-27,SIDE,0.9995797197972561,0.14889171306301008,0.7491015771371831,0.10200670979980682,SIDE,0.7491015771371831,SIDE,True,0.7491015771371831,1.0,38,84.94609462823098
SENSEX,2025-10-24,2025-10-27,BULL,0.9999996119798344,0.5659683957839327,0.32757849490343827,0.10645310931262912,BULL,0.5659683957839327,BULL,True,0.5659683957839327,1.0,111,73.95810374703596
INDIA_VIX,2025-10-27,2025-10-28,SIDE,0.9999405208138454,0.25941829373570163,0.4697289686572941,0.27085273760700435,SIDE,0.4697289686572941,SIDE,True,0.4697289686572941,0.9,7,61.18373811943765
NIFTY_50,2025-10-27,2025-10-28,BULL,0.9999999986103598,0.5599667456401757,0.33720957595772305,0.10282367840210127,BULL,0.5599667456401757,BULL,True,0.5599667456401757,1.0,112,73.59800473841055
NIFTY_AUTO,2025-10-27,2025-10-28,SIDE,0.9756600322593293,0.2012002376558982,0.696593425167916,0.10220633717618581,SIDE,0.696593425167916,SIDE,True,0.696593425167916,1.0,19,81.79560551007495
NIFTY_BANK,2025-10-27,2025-10-28,BULL,0.9999999706669684,0.6364270021211299,0.28226744242603374,0.0813055554528363,BULL,0.6364270021211299,BULL,True,0.6364270021211299,0.1,1,42.185620127267796
NIFTY_FIN_SERVICE,2025-10-27,2025-10-28,BULL,0.999999378737952,0.5999353856507429,0.31725710277453734,0.08280751157471976,BULL,0.5999353856507429,BULL,True,0.5999353856507429,1.0,97,75.99612313904457
NIFTY_IT,2025-10-27,2025-10-28,BULL,0.9996818283890454,0.6526623989579806,0.28109615663176896,0.06624144441025044,BULL,0.6526623989579806,BULL,True,0.6526623989579806,0.9,5,69.15974393747884
NIFTY_PHARMA,2025-10-27,2025-10-28,SIDE,0.9999067572958913,0.14852014954224954,0.7494265935877067,0.10205325687004384,SIDE,0.7494265935877067,SIDE,True,0.7494265935877067,1.0,39,84.9655956152624
SENSEX,2025-10-27,2025-10-28,BULL,0.9999999995705249,0.565968545641139,0.3275783296001576,0.10645312475870344,BULL,0.565968545641139,BULL,True,0.565968545641139,1.0,112,73.95811273846834
INDIA_VIX,2025-10-28,2025-10-29,SIDE,0.9999183992031582,0.25942767489770535,0.4697231746836299,0.2708491504186647,SIDE,0.4697231746836299,SIDE,True,0.4697231746836299,0.2,1,34.683390481017796
NIFTY_50,2025-10-28,2025-10-29,BULL,0.9999999677195457,0.559966734278945,0.33720958870272605,0.10282367701832877,BULL,0.559966734278945,BULL,True,0.559966734278945,0.1,1,37.598004056736706
NIFTY_AUTO,2025-10-28,2025-10-29,SIDE,0.9992767255183536,0.1818903525326243,0.7136590235445704,0.10445062392280528,SIDE,0.7136590235445704,SIDE,True,0.7136590235445704,1.0,20,82.81954141267424
NIFTY_BANK,2025-10-28,2025-10-29,BULL,0.9999999743597585,0.6364270041405597,0.2822674403760945,0.08130555548334564,BULL,0.6364270041405597,BULL,True,0.6364270041405597,0.2,2,46.18562024843358
NIFTY_FIN_SERVICE,2025-10-28,2025-10-29,BULL,0.9999546392568789,0.5999154835531728,0.31727730430838935,0.08280721213843793,BULL,0.5999154835531728,BULL,True,0.5999154835531728,0.1,1,39.99492901319037
NIFTY_IT,2025-10-28,2025-10-29,BULL,0.945593213929349,0.6208811241481724,0.3060467011350156,0.07307217471681206,BULL,0.6208811241481724,BULL,True,0.6208811241481724,0.1,1,41.25286744889035
NIFTY_PHARMA,2025-10-28,2025-10-29,SIDE,0.999937398206989,0.14843225567529894,0.749452468690811,0.10211527563389013,SIDE,0.749452468690811,SIDE,True,0.749452468690811,1.0,40,84.96714812144866
SENSEX,2025-10-28,2025-10-29,BULL,0.9999999619067396,0.5659685310788937,0.3275783456633622,0.10645312325774407,BULL,0.5659685310788937,BULL,True,0.5659685310788937,0.1,1,37.958111864733624
INDIA_VIX,2025-10-29,2025-10-30,SIDE,0.9999129736132805,0.2594299756917097,0.4697217536706982,0.27084827063759204,SIDE,0.4697217536706982,SIDE,True,0.4697217536706982,0.8,1,49.68330522024189
NIFTY_50,2025-10-29,2025-10-30,BULL,0.9999999993437296,0.5599667459099188,0.33720957565518056,0.10282367843490052,BULL,0.5599667459099188,BULL,True,0.5599667459099188,0.2,2,41.59800475459513
NIFTY_AUTO,2025-10-29,2025-10-30,SIDE,0.9999661918055066,0.1812570012779908,0.7141740549313896,0.10456894379061948,SIDE,0.7141740549313896,SIDE,True,0.7141740549313896,1.0,21,82.85044329588338
NIFTY_BANK,2025-10-29,2025-10-30,BULL,0.9999999919092039,0.636427013727446,0.28226743062106086,0.08130555565149299,BULL,0.636427013727446,BULL,True,0.636427013727446,0.3,3,50.18562082364676
NIFTY_FIN_SERVICE,2025-10-29,2025-10-30,BULL,0.9999986436333524,0.5999350586342023,0.31725743471236045,0.08280750665343728,BULL,0.5999350586342023,BULL,True,0.5999350586342023,0.2,2,43.99610351805213
NIFTY_IT,2025-10-29,2025-10-30,BULL,0.993518014057902,0.6488478521496612,0.2840858809239119,0.06706626692642689,BULL,0.6488478521496612,BULL,True,0.6488478521496612,0.2,2,46.93087112897967
NIFTY_PHARMA,2025-10-29,2025-10-30,SIDE,0.9993786331956587,0.14911759798084392,0.7489020080907435,0.10198039392841254,SIDE,0.7489020080907435,SIDE,True,0.7489020080907435,1.0,41,84.93412048544461
SENSEX,2025-10-29,2025-10-30,BULL,0.9999999991769466,0.5659685454889667,0.32757832976801454,0.10645312474301877,BULL,0.5659685454889667,BULL,True,0.5659685454889667,0.2,2,41.958112729338005
INDIA_VIX,2025-10-30,2025-10-31,SIDE,0.9998569986080846,0.2594537116167534,0.469707093945092,0.27083919443815446,SIDE,0.469707093945092,SIDE,True,0.469707093945092,0.9,2,53.682425636705524
NIFTY_50,2025-10-30,2025-10-31,BULL,0.9998745640076127,0.559920616469633,0.33726132692999766,0.10281805660036938,BULL,0.559920616469633,BULL,True,0.559920616469633,0.3,3,45.59523698817798
NIFTY_AUTO,2025-10-30,2025-10-31,SIDE,0.9998269468076756,0.18121046522322917,0.7139923259907308,0.10479720878603982,SIDE,0.7139923259907308,SIDE,True,0.7139923259907308,1.0,22,82.83953955944384
NIFTY_BANK,2025-10-30,2025-10-31,BULL,0.9999617267138804,0.6364061184812941,0.282288709233036,0.08130517228566997,BULL,0.6364061184812941,BULL,True,0.6364061184812941,0.4,4,54.18436710887764
NIFTY_FIN_SERVICE,2025-10-30,2025-10-31,BULL,0.9765684500233983,0.5896673356683325,0.32766241166104343,0.08267025267062406,BULL,0.5896673356683325,SIDE,False,0.5896673356683325,0.3,3,47.38004014009995
NIFTY_IT,2025-10-30,2025-10-31,BULL,0.8603851674201881,0.5766841221732076,0.34087409610259145,0.082441781724201,BULL,0.5766841221732076,SIDE,False,0.5766841221732076,0.3,3,46.60104733039246
NIFTY_PHARMA,2025-10-30,2025-10-31,SIDE,0.9999302313163926,0.14843112789136814,0.7494445253190414,0.10212434678959036,SIDE,0.7494445253190414,SIDE,True,0.7494445253190414,1.0,42,84.9666715191425
SENSEX,2025-10-30,2025-10-31,BULL,0.9998237428104078,0.5659004044188587,0.32765349356506046,0.1064461020160808,BULL,0.5659004044188587,BULL,True,0.5659004044188587,0.3,3,45.95402426513152
INDIA_VIX,2025-10-31,2025-11-03,SIDE,0.999794159733443,0.2594803559059851,0.46969063800776345,0.27082900608625154,SIDE,0.46969063800776345,SIDE,True,0.46969063800776345,0.9,3,55.18143828046581
NIFTY_50,2025-10-31,2025-11-03,BULL,0.8861112767902749,0.5198888482795125,0.38198202990529323,0.0981291218151942,BULL,0.5198888482795125,BULL,True,0.5198888482795125,0.7,1,50.193330896770746
NIFTY_AUTO,2025-10-31,2025-11-03,SIDE,0.99974680787471,0.1811855454356332,0.713888730301312,0.10492572426305498,SIDE,0.713888730301312,SIDE,True,0.713888730301312,1.0,23,82.83332381807872
NIFTY_BANK,2025-10-31,2025-11-03,BULL,0.9964864405718116,0.6345153318860633,0.2842137538108576,0.08127091430307899,BULL,0.6345153318860633,BULL,True,0.6345153318860633,0.6,1,54.5709199131638
NIFTY_FIN_SERVICE,2025-10-31,2025-11-03,SIDE,0.9279749478763137,0.20312348472826577,0.697361041488161,0.09951547378357309,SIDE,0.697361041488161,SIDE,True,0.697361041488161,0.7,1,60.84166248928966
NIFTY_IT,2025-10-31,2025-11-03,SIDE,0.9032151596923588,0.2355533920628518,0.6120604780962667,0.15238612984088143,SIDE,0.6120604780962667,SIDE,True,0.6120604780962667,0.4,4,52.723628685776006
NIFTY_PHARMA,2025-10-31,2025-11-03,SIDE,0.9980813628707687,0.14811977426124467,0.7474177759960052,0.10446244974275007,SIDE,0.7474177759960052,SIDE,True,0.7474177759960052,1.0,43,84.84506655976031
SENSEX,2025-10-31,2025-11-03,BULL,0.9156464796268764,0.5345845390288102,0.36204738420490906,0.10336807676628076,BULL,0.5345845390288102,BULL,True,0.5345845390288102,0.7,1,51.075072341728614
INDIA_VIX,2025-11-03,2025-11-04,SIDE,0.9896807030140535,0.26373862339456233,0.46706134284571493,0.2692000337597226,SIDE,0.46706134284571493,SIDE,True,0.46706134284571493,0.9,4,56.52368057074288
NIFTY_50,2025-11-03,2025-11-04,BULL,0.9042667632729116,0.5260795356181328,0.3750921564095771,0.09882830797229,BULL,0.5260795356181328,SIDE,False,0.5260795356181328,0.7,2,52.064772137087964
NIFTY_AUTO,2025-11-03,2025-11-04,SIDE,0.9998382055278027,0.1812140385303183,0.714006921845575,0.10477903962410669,SIDE,0.714006921845575,SIDE,True,0.714006921845575,1.0,24,82.8404153107345
NIFTY_BANK,2025-11-03,2025-11-04,BULL,0.999899170597311,0.6363719641116816,0.28232349381792415,0.0813045420703942,BULL,0.6363719641116816,BULL,True,0.6363719641116816,0.6,2,56.182317846700904
NIFTY_FIN_SERVICE,2025-11-03,2025-11-04,SIDE,0.974608488963408,0.16361884662108026,0.7332616918489314,0.10311946152998838,SIDE,0.7332616918489314,SIDE,True,0.7332616918489314,0.7,2,64.49570151093589
NIFTY_IT,2025-11-03,2025-11-04,SIDE,0.9982520668230959,0.16532383969360792,0.6681436119342881,0.16653254837210393,SIDE,0.6681436119342881,SIDE,True,0.6681436119342881,0.6,1,56.58861671605728
NIFTY_PHARMA,2025-11-03,2025-11-04,SIDE,0.9997579465253859,0.14869474216115744,0.7492790645354005,0.10202619330344202,SIDE,0.7492790645354005,SIDE,True,0.7492790645354005,1.0,44,84.95674387212404
SENSEX,2025-11-03,2025-11-04,BULL,0.8510259599560442,0.5117763565775325,0.38690365618609684,0.1013199872363705,BULL,0.5117763565775325,SIDE,False,0.5117763565775325,0.7,2,51.20658139465195
INDIA_VIX,2025-11-04,2025-11-06,SIDE,0.9931661643531275,0.2622776971715038,0.46796324881537926,0.26975905401311695,SIDE,0.46796324881537926,SIDE,True,0.46796324881537926,0.9,5,58.077794928922756
NIFTY_50,2025-11-04,2025-11-06,SIDE,0.9676199605322346,0.15497559334463465,0.7657336115782793,0.07929079507708593,SIDE,0.7657336115782793,SIDE,True,0.7657336115782793,0.7,3,67.94401669469676
NIFTY_AUTO,2025-11-04,2025-11-06,SIDE,0.9842128455143712,0.17689560701928905,0.6958985591600384,0.12720583382067252,SIDE,0.6958985591600384,SIDE,True,0.6958985591600384,1.0,25,81.7539135496023
NIFTY_BANK,2025-11-04,2025-11-06,BULL,0.9868227597444114,0.6293267167139712,0.289490183293513,0.0811830999925158,BULL,0.6293267167139712,BULL,True,0.6293267167139712,0.6,3,57.259603002838276
NIFTY_FIN_SERVICE,2025-11-04,2025-11-06,SIDE,0.9990640457951839,0.13748944632549034,0.756835891608347,0.10567466206616286,SIDE,0.756835891608347,SIDE,True,0.756835891608347,0.7,3,67.41015349650083
NIFTY_IT,2025-11-04,2025-11-06,SIDE,0.9998730351066357,0.1637070222080436,0.6693374531377778,0.16695552465417846,SIDE,0.6693374531377778,SIDE,True,0.6693374531377778,0.6,2,58.160247188266666
NIFTY_PHARMA,2025-11-04,2025-11-06,SIDE,0.9999189805355387,0.1484280944402813,0.7494319475516648,0.10213995800805388,SIDE,0.7494319475516648,SIDE,True,0.7494319475516648,1.0,45,84.96591685309988
SENSEX,2025-11-04,2025-11-06,SIDE,0.9732452992464518,0.14288206086139693,0.7622205289587777,0.09489741017982545,SIDE,0.7622205289587777,SIDE,True,0.7622205289587777,0.7,3,67.73323173752667
INDIA_VIX,2025-11-06,2025-11-07,SIDE,0.9996764393229588,0.2595302641813009,0.46965981400242407,0.270809921816275,SIDE,0.46965981400242407,SIDE,True,0.46965981400242407,0.9,6,59.679588840145435
NIFTY_50,2025-11-06,2025-11-07,SIDE,0.9997895414601405,0.11691328760631677,0.8025388025250771,0.08054790986860609,SIDE,0.8025388025250771,SIDE,True,0.8025388025250771,0.7,4,71.65232815150462
NIFTY_AUTO,2025-11-06,2025-11-07,SIDE,0.9883522825808821,0.1779508529093286,0.7003438241994479,0.12170532289122361,SIDE,0.7003438241994479,SIDE,True,0.7003438241994479,1.0,26,82.02062945196687
NIFTY_BANK,2025-11-06,2025-11-07,BULL,0.5897428236322527,0.45740244537009295,0.45947808163386367,0.08311947299604346,SIDE,0.45947808163386367,BULL,False,0.45740244537009295,0.6,4,48.44414672220558
NIFTY_FIN_SERVICE,2025-11-06,2025-11-07,SIDE,0.9998719462848937,0.13643245076045687,0.7576874306929846,0.1058801185465586,SIDE,0.7576874306929846,SIDE,True,0.7576874306929846,0.7,4,68.96124584157907
NIFTY_IT,2025-11-06,2025-11-07,SIDE,0.999927430840189,0.1637328624636889,0.6693772406605595,0.16688989687575148,SIDE,0.6693772406605595,SIDE,True,0.6693772406605595,0.6,3,59.662634439633564
NIFTY_PHARMA,2025-11-06,2025-11-07,SIDE,0.9992960907350048,0.14831706006295273,0.7487433894806451,0.10293955045640218,SIDE,0.7487433894806451,SIDE,True,0.7487433894806451,1.0,46,84.9246033688387
SENSEX,2025-11-06,2025-11-07,SIDE,0.9996846360797201,0.10889056592165726,0.7941441570464546,0.09696527703188816,SIDE,0.7941441570464546,SIDE,True,0.7941441570464546,0.7,4,71.14864942278727
INDIA_VIX,2025-11-07,2025-11-10,SIDE,0.9994948355458738,0.2596072400637593,0.46961227305073744,0.2707804868855034,SIDE,0.46961227305073744,SIDE,True,0.46961227305073744,0.9,7,61.176736383044236
NIFTY_50,2025-11-07,2025-11-10,SIDE,0.9997831330510965,0.11683664611188348,0.8024938385757298,0.08066951531238675,SIDE,0.8024938385757298,SIDE,True,0.8024938385757298,0.7,5,73.14963031454378
NIFTY_AUTO,2025-11-07,2025-11-10,SIDE,0.9992913361959586,0.18104495793872233,0.7133026745935801,0.10565236746769749,SIDE,0.7133026745935801,SIDE,True,0.7133026745935801,1.0,27,82.79816047561481
NIFTY_BANK,2025-11-07,2025-11-10,BULL,0.8082477835434585,0.5457184247508657,0.37331737977393115,0.08096419547520321,BULL,0.5457184247508657,BULL,True,0.5457184247508657,0.6,5,55.243105485051935
NIFTY_FIN_SERVICE,2025-11-07,2025-11-10,SIDE,0.9983791376881452,0.13830033038455997,0.7561068149487432,0.1055928546666968,SIDE,0.7561068149487432,SIDE,True,0.7561068149487432,0.7,5,70.36640889692458
NIFTY_IT,2025-11-07,2025-11-10,SIDE,0.9994682287817,0.16362561671149126,0.6690411067834962,0.16733327650501248,SIDE,0.6690411067834962,SIDE,True,0.6690411067834962,0.6,4,61.14246640700978
NIFTY_PHARMA,2025-11-07,2025-11-10,SIDE,0.9921809712592441,0.14721778347263562,0.7412499590421503,0.11153225748521402,SIDE,0.7412499590421503,SIDE,True,0.7412499590421503,1.0,47,84.47499754252902
SENSEX,2025-11-07,2025-11-10,SIDE,0.99980986680537,0.10862959066222184,0.7943166890201573,0.09705372031762081,SIDE,0.7943166890201573,SIDE,True,0.7943166890201573,0.7,5,72.65900134120943
INDIA_VIX,2025-11-10,2025-11-11,SIDE,0.9999416028129,0.25941783469246693,0.4697292520556022,0.2708529132519309,SIDE,0.4697292520556022,SIDE,True,0.4697292520556022,0.9,8,62.68375512333613
NIFTY_50,2025-11-10,2025-11-11,SIDE,0.9996873969000044,0.11717364766374094,0.8024504852711467,0.08037586706511234,SIDE,0.8024504852711467,SIDE,True,0.8024504852711467,0.7,6,74.6470291162688
NIFTY_AUTO,2025-11-10,2025-11-11,SIDE,0.9998390817890608,0.1812145257591784,0.7140081505311192,0.10477732370970248,SIDE,0.7140081505311192,SIDE,True,0.7140081505311192,1.0,28,82.84048903186715
NIFTY_BANK,2025-11-10,2025-11-11,BULL,0.9123816282150122,0.5921497882779119,0.3270431511000194,0.0808070606220687,BULL,0.5921497882779119,BULL,True,0.5921497882779119,0.6,6,59.52898729667471
NIFTY_FIN_SERVICE,2025-11-10,2025-11-11,SIDE,0.9974417717810221,0.13940226554792853,0.7551168626519673,0.10548087180010417,SIDE,0.7551168626519673,SIDE,True,0.7551168626519673,0.7,6,71.80701175911804
NIFTY_IT,2025-11-10,2025-11-11,SIDE,0.9983628978751488,0.16522348882758478,0.6682248018554988,0.16655170931691649,SIDE,0.6682248018554988,SIDE,True,0.6682248018554988,0.6,5,62.59348811132992
NIFTY_PHARMA,2025-11-10,2025-11-11,SIDE,0.9999440650622599,0.14844788270330622,0.7494611273711984,0.10209098992549527,SIDE,0.7494611273711984,SIDE,True,0.7494611273711984,1.0,48,84.9676676422719
SENSEX,2025-11-10,2025-11-11,SIDE,0.9991858607568784,0.10968022901911519,0.7934438148297744,0.09687595615111043,SIDE,0.7934438148297744,SIDE,True,0.7934438148297744,0.7,6,74.10662888978646
INDIA_VIX,2025-11-11,2025-11-12,SIDE,0.9998757638356772,0.2594457545173425,0.4697120083824419,0.27084223710021565,SIDE,0.4697120083824419,SIDE,True,0.4697120083824419,0.9,9,64.18272050294651
NIFTY_50,2025-11-11,2025-11-12,SIDE,0.9958800363360074,0.12242872253892155,0.7974478818146734,0.08012339564640523,SIDE,0.7974478818146734,SIDE,True,0.7974478818146734,0.7,7,75.84687290888039
NIFTY_AUTO,2025-11-11,2025-11-12,SIDE,0.999815475665813,0.18141650170135873,0.7140705716450436,0.10451292665359771,SIDE,0.7140705716450436,SIDE,True,0.7140705716450436,1.0,29,82.84423429870262
NIFTY_BANK,2025-11-11,2025-11-12,BULL,0.992551161801676,0.6323905426775068,0.2863760001864582,0.08123345713603494,BULL,0.6323905426775068,BULL,True,0.6323905426775068,0.7,7,65.94343256065041
NIFTY_FIN_SERVICE,2025-11-11,2025-11-12,SIDE,0.9989583049107684,0.1376171116578854,0.7567233655909994,0.10565952275111536,SIDE,0.7567233655909994,SIDE,True,0.7567233655909994,0.7,7,73.40340193545995
NIFTY_IT,2025-11-11,2025-11-12,SIDE,0.7998990867881232,0.29252778247965366,0.5666035653048169,0.14086865221552938,SIDE,0.5666035653048169,BULL,False,0.5666035653048169,0.6,6,57.99621391828901
NIFTY_PHARMA,2025-11-11,2025-11-12,SIDE,0.9999457379865226,0.14843202129184757,0.749461578438809,0.10210640026934346,SIDE,0.749461578438809,SIDE,True,0.749461578438809,1.0,49,84.96769470632853
SENSEX,2025-11-11,2025-11-12,SIDE,0.9924143245043866,0.11938518811069215,0.7843708706314323,0.09624394125787548,SIDE,0.7843708706314323,BULL,False,0.7843708706314323,0.7,7,75.06225223788594
INDIA_VIX,2025-11-12,2025-11-13,SIDE,0.9999716242237207,0.2594049905076006,0.4697371166826247,0.2708578928097747,SIDE,0.4697371166826247,SIDE,True,0.4697371166826247,1.0,10,68.18422700095749
NIFTY_50,2025-11-12,2025-11-13,SIDE,0.6532370929292135,0.3351178642179703,0.5824627079322016,0.08241942784982809,SIDE,0.5824627079322016,BULL,False,0.5824627079322016,0.8,8,66.9477624759321
NIFTY_AUTO,2025-11-12,2025-11-13,SIDE,0.9203701792015705,0.23960048614180768,0.6625769139506011,0.09782259990759126,SIDE,0.6625769139506011,SIDE,True,0.6625769139506011,1.0,30,79.75461483703606
NIFTY_BANK,2025-11-12,2025-11-13,BULL,0.9987668560851829,0.6357545170132982,0.28295228642434844,0.0812931965623532,BULL,0.6357545170132982,BULL,True,0.6357545170132982,0.8,8,70.14527102079789
NIFTY_FIN_SERVICE,2025-11-12,2025-11-13,SIDE,0.9973329874298135,0.13952946732093086,0.7550025375429438,0.10546799513612524,SIDE,0.7550025375429438,SIDE,True,0.7550025375429438,0.8,8,77.30015225257662
NIFTY_IT,2025-11-12,2025-11-13,BULL,0.9999479242779453,0.652828341577064,0.2809661292741367,0.06620552914879918,BULL,0.652828341577064,BULL,True,0.652828341577064,0.7,7,67.16970049462384
NIFTY_PHARMA,2025-11-12,2025-11-13,SIDE,0.9983189351424978,0.1502837509932442,0.7478542451744821,0.10186200383227359,SIDE,0.7478542451744821,SIDE,True,0.7478542451744821,1.0,50,84.87125471046892
SENSEX,2025-11-12,2025-11-13,BULL,0.5589135274588889,0.41256318257200186,0.4929632063341831,0.094473611093815,SIDE,0.4929632063341831,BULL,False,0.41256318257200186,0.8,8,56.75379095432012
INDIA_VIX,2025-11-13,2025-11-14,SIDE,0.999976391090119,0.2594030350140694,0.46973836452898615,0.27085860045694443,SIDE,0.46973836452898615,SIDE,True,0.46973836452898615,1.0,11,68.18430187173917
NIFTY_50,2025-11-13,2025-11-14,BULL,0.6748383826268735,0.4502768890754291,0.45875762526965885,0.09096548565491194,SIDE,0.45875762526965885,BULL,False,0.4502768890754291,0.9,9,63.01661334452575
NIFTY_AUTO,2025-11-13,2025-11-14,SIDE,0.994776161088156,0.18575168325385366,0.7102486617978613,0.10399965494828518,SIDE,0.7102486617978613,SIDE,True,0.7102486617978613,1.0,31,82.61491970787168
NIFTY_BANK,2025-11-13,2025-11-14,BULL,0.9994535322834964,0.6361287865462655,0.282571155524592,0.08130005792914247,BULL,0.6361287865462655,BULL,True,0.6361287865462655,0.9,9,74.16772719277593
NIFTY_FIN_SERVICE,2025-11-13,2025-11-14,SIDE,0.9932096090813041,0.14424900371703314,0.7507509820963638,0.10500001418660303,SIDE,0.7507509820963638,SIDE,True,0.7507509820963638,0.9,9,81.04505892578183
NIFTY_IT,2025-11-13,2025-11-14,BULL,0.9998985008397187,0.6527975121415938,0.28099028609839816,0.06621220176000799,BULL,0.6527975121415938,BULL,True,0.6527975121415938,0.8,8,71.16785072849562
NIFTY_PHARMA,2025-11-13,2025-11-14,SIDE,0.9916965778986011,0.15734199571128457,0.741504994739299,0.10115300954941644,SIDE,0.741504994739299,SIDE,True,0.741504994739299,1.0,51,84.49029968435794
SENSEX,2025-11-13,2025-11-14,BULL,0.9049674440872513,0.5307560742642827,0.366231316535674,0.10301260920004315,BULL,0.5307560742642827,BULL,True,0.5307560742642827,0.9,9,67.84536445585697
INDIA_VIX,2025-11-14,2025-11-17,SIDE,0.9999583569751372,0.2594020058400637,0.46973373886420466,0.27086425529573155,SIDE,0.46973373886420466,SIDE,True,0.46973373886420466,1.0,12,68.18402433185227
NIFTY_50,2025-11-14,2025-11-17,BULL,0.9306528713412259,0.5351909173975954,0.3649337391107253,0.09987534349167926,BULL,0.5351909173975954,BULL,True,0.5351909173975954,1.0,10,72.11145504385573
NIFTY_AUTO,2025-11-14,2025-11-17,SIDE,0.9999415375297968,0.1813057792558706,0.7141672101768616,0.10452701056726772,SIDE,0.7141672101768616,SIDE,True,0.7141672101768616,1.0,32,82.85003261061169
NIFTY_BANK,2025-11-14,2025-11-17,BULL,0.9998217595062937,0.6363297070634714,0.28236653394047234,0.08130375899605626,BULL,0.6363297070634714,BULL,True,0.6363297070634714,1.0,10,78.17978242380829
NIFTY_FIN_SERVICE,2025-11-14,2025-11-17,SIDE,0.9487662654556814,0.18674770413702516,0.7122968060608128,0.10095548980216208,SIDE,0.7122968060608128,BULL,False,0.7122968060608128,1.0,10,82.73780836364877
NIFTY_IT,2025-11-14,2025-11-17,BULL,0.9375150763409672,0.6164234651081055,0.30955315520213633,0.07402337968975822,BULL,0.6164234651081055,BULL,True,0.6164234651081055,0.9,9,72.98540790648633
NIFTY_PHARMA,2025-11-14,2025-11-17,SIDE,0.8424649086695755,0.26638318597650795,0.6425504026663413,0.09106641135715075,SIDE,0.6425504026663413,BULL,False,0.6425504026663413,1.0,52,78.55302415998048
SENSEX,2025-11-14,2025-11-17,BULL,0.9867259712496925,0.5608712254552153,0.33319715325250726,0.10593162129227748,BULL,0.5608712254552153,BULL,True,0.5608712254552153,1.0,10,73.65227352731291
INDIA_VIX,2025-11-17,2025-11-18,SIDE,0.9996552429562946,0.25935871661784876,0.4696563003904411,0.27098498299171014,SIDE,0.4696563003904411,SIDE,True,0.4696563003904411,1.0,13,68.17937802342648
NIFTY_50,2025-11-17,2025-11-18,BULL,0.999361370312465,0.5597319448574244,0.33747299037843487,0.10279506476414076,BULL,0.5597319448574244,BULL,True,0.5597319448574244,1.0,11,73.58391669144547
NIFTY_AUTO,2025-11-17,2025-11-18,SIDE,0.9946103243828833,0.18589222149866158,0.7101245743797747,0.10398320412156382,SIDE,0.7101245743797747,SIDE,True,0.7101245743797747,1.0,33,82.60747446278648
NIFTY_BANK,2025-11-17,2025-11-18,BULL,0.9999990439117059,0.6364264960227716,0.28226795778613806,0.08130554619109019,BULL,0.6364264960227716,BULL,True,0.6364264960227716,1.0,11,78.1855897613663
NIFTY_FIN_SERVICE,2025-11-17,2025-11-18,BULL,0.8125125232588559,0.5239522887232708,0.393450875155356,0.08259683612137324,BULL,0.5239522887232708,BULL,True,0.5239522887232708,1.0,11,71.43713732339624
NIFTY_IT,2025-11-17,2025-11-18,BULL,0.9589471850431015,0.6283998475522972,0.30013593949827366,0.0714642129494291,BULL,0.6283998475522972,SIDE,False,0.6283998475522972,1.0,10,77.70399085313782
NIFTY_PHARMA,2025-11-17,2025-11-18,BULL,0.5632842518432967,0.44167268309440816,0.47924730791059317,0.07908000899499858,SIDE,0.47924730791059317,SIDE,True,0.44167268309440816,1.0,53,66.50036098566449
SENSEX,2025-11-17,2025-11-18,BULL,0.9998942747769549,0.5659276707076515,0.32762341734605493,0.10644891194629359,BULL,0.5659276707076515,BULL,True,0.5659276707076515,1.0,11,73.95566024245909
INDIA_VIX,2025-11-18,2025-11-19,SIDE,0.9999547522605289,0.2594115769546704,0.4697327038655014,0.27085571917982815,SIDE,0.4697327038655014,SIDE,True,0.4697327038655014,0.1,1,32.18396223193009
NIFTY_50,2025-11-18,2025-11-19,BULL,0.9357236864025176,0.536959143428545,0.36295970609188755,0.1000811504795674,BULL,0.536959143428545,BULL,True,0.536959143428545,1.0,12,72.2175486057127
NIFTY_AUTO,2025-11-18,2025-11-19,SIDE,0.9997439750261043,0.18148159902467326,0.7140168299549465,0.10450157102038005,SIDE,0.7140168299549465,SIDE,True,0.7140168299549465,1.0,34,82.84100979729679
NIFTY_BANK,2025-11-18,2025-11-19,BULL,0.9999912025824733,0.636422214172213,0.2822723185381564,0.08130546728963062,BULL,0.636422214172213,BULL,True,0.636422214172213,1.0,12,78.18533285033278
NIFTY_FIN_SERVICE,2025-11-18,2025-11-19,BULL,0.700622625038015,0.4825267550383888,0.434227358845527,0.08324588611608412,BULL,0.4825267550383888,BULL,True,0.4825267550383888,1.0,12,68.95160530230334
NIFTY_IT,2025-11-18,2025-11-19,SIDE,0.9243728553822066,0.22203071057493687,0.6228558316383894,0.15511345778667382,SIDE,0.6228558316383894,BULL,False,0.6228558316383894,1.0,11,77.37134989830336
NIFTY_PHARMA,2025-11-18,2025-11-19,SIDE,0.9807061231649078,0.16830286928281868,0.7316310282062977,0.10006610251088371,SIDE,0.7316310282062977,SIDE,True,0.7316310282062977,1.0,54,83.89786169237786
SENSEX,2025-11-18,2025-11-19,BULL,0.9888926954495959,0.5616985978656408,0.3322856615871222,0.10601574054723703,BULL,0.5616985978656408,BULL,True,0.5616985978656408,1.0,12,73.70191587193845
INDIA_VIX,2025-11-19,2025-11-20,SIDE,0.9999220581534621,0.2594067587906344,0.46972435136661617,0.27086888984274937,SIDE,0.46972435136661617,SIDE,True,0.46972435136661617,0.9,1,52.183461081996974
NIFTY_50,2025-11-19,2025-11-20,BULL,0.9989553278309473,0.5595827306613828,0.3376403816504975,0.1027768876881198,BULL,0.5595827306613828,BULL,True,0.5595827306613828,1.0,13,73.57496383968297
NIFTY_AUTO,2025-11-19,2025-11-20,SIDE,0.9990960735697495,0.18204674774783405,0.7135203264144839,0.104432925837682,SIDE,0.7135203264144839,SIDE,True,0.7135203264144839,1.0,35,82.81121958486905
NIFTY_BANK,2025-11-19,2025-11-20,BULL,0.9999997762999827,0.6364268959799392,0.2822675505145551,0.08130555350550568,BULL,0.6364268959799392,BULL,True,0.6364268959799392,1.0,13,78.18561375879635
NIFTY_FIN_SERVICE,2025-11-19,2025-11-20,BULL,0.9399018425594518,0.5741536099740934,0.34331846268700383,0.08252792733890285,BULL,0.5741536099740934,BULL,True,0.5741536099740934,1.0,13,74.4492165984456
NIFTY_IT,2025-11-19,2025-11-20,BULL,0.9988984495835258,0.652174484022375,0.28147848570090855,0.06634703027671647,BULL,0.652174484022375,BULL,True,0.652174484022375,1.0,12,79.1304690413425
NIFTY_PHARMA,2025-11-19,2025-11-20,SIDE,0.9981095622800407,0.1505129108347113,0.7476483200027806,0.10183876916250804,SIDE,0.7476483200027806,SIDE,True,0.7476483200027806,1.0,55,84.85889920016683
SENSEX,2025-11-19,2025-11-20,BULL,0.9999503564010804,0.5659493522139215,0.3275995012776869,0.10645114650839153,BULL,0.5659493522139215,BULL,True,0.5659493522139215,1.0,13,73.95696113283529
INDIA_VIX,2025-11-20,2025-11-21,SIDE,0.9999529820916827,0.2594119899388373,0.46973224402364083,0.2708557660375218,SIDE,0.46973224402364083,SIDE,True,0.46973224402364083,0.9,2,53.68393464141845
NIFTY_50,2025-11-20,2025-11-21,BULL,0.9999937506357318,0.5599644477922848,0.3372121538669381,0.10282339834077706,BULL,0.5599644477922848,BULL,True,0.5599644477922848,1.0,14,73.59786686753709
NIFTY_AUTO,2025-11-20,2025-11-21,SIDE,0.9910321451105136,0.18889395796061592,0.7074726312208138,0.10363341081857035,SIDE,0.7074726312208138,SIDE,True,0.7074726312208138,1.0,36,82.44835787324884
NIFTY_BANK,2025-11-20,2025-11-21,BULL,0.9999999070782148,0.6364269674000341,0.2822674777930361,0.08130555480692964,BULL,0.6364269674000341,BULL,True,0.6364269674000341,1.0,14,78.18561804400204
NIFTY_FIN_SERVICE,2025-11-20,2025-11-21,BULL,0.9999513950090156,0.5999140404175503,0.31727876915852643,0.08280719042392326,BULL,0.5999140404175503,BULL,True,0.5999140404175503,1.0,14,75.99484242505302
NIFTY_IT,2025-11-20,2025-11-21,BULL,0.9999569682041614,0.6528339834681337,0.280961708606572,0.06620430792529446,BULL,0.6528339834681337,BULL,True,0.6528339834681337,1.0,13,79.17003900808803
NIFTY_PHARMA,2025-11-20,2025-11-21,SIDE,0.999669178871997,0.1487958067157901,0.7491908925218783,0.10201330076233162,SIDE,0.7491908925218783,SIDE,True,0.7491908925218783,1.0,56,84.9514535513127
SENSEX,2025-11-20,2025-11-21,BULL,0.9999995924955376,0.5659683882505737,0.3275785032132892,0.1064531085361371,BULL,0.5659683882505737,BULL,True,0.5659683882505737,1.0,14,73.95810329503442
INDIA_VIX,2025-11-21,2025-11-24,SIDE,0.530155778699464,0.4288033549141241,0.36643759860353126,0.20475904648234466,BULL,0.4288033549141241,SIDE,False,0.36643759860353126,0.9,3,48.986255916211874
NIFTY_50,2025-11-21,2025-11-24,BULL,0.9934211438312647,0.5575546005661927,0.33991506697476503,0.10253033245904225,BULL,0.5575546005661927,BULL,True,0.5575546005661927,1.0,15,73.45327603397156
NIFTY_AUTO,2025-11-21,2025-11-24,SIDE,0.9951675648147925,0.18541987430048934,0.7105421357838225,0.10403798991568813,SIDE,0.7105421357838225,SIDE,True,0.7105421357838225,1.0,37,82.63252814702936
NIFTY_BANK,2025-11-21,2025-11-24,BULL,0.997769389348068,0.6352117519495548,0.28350481699719976,0.08128343105324534,BULL,0.6352117519495548,BULL,True,0.6352117519495548,1.0,15,78.11270511697329
NIFTY_FIN_SERVICE,2025-11-21,2025-11-24,BULL,0.5398991841849075,0.423869391655392,0.49109436685304914,0.0850362414915588,SIDE,0.49109436685304914,SIDE,True,0.423869391655392,1.0,15,65.43216349932351
NIFTY_IT,2025-11-21,2025-11-24,BULL,0.9990810111920397,0.6522881082585571,0.2813894491433668,0.06632244259807615,BULL,0.6522881082585571,BULL,True,0.6522881082585571,1.0,14,79.13728649551342
NIFTY_PHARMA,2025-11-21,2025-11-24,SIDE,0.9999589049678216,0.1484410571090313,0.7494767819009683,0.10208216099000036,SIDE,0.7494767819009683,SIDE,True,0.7494767819009683,1.0,57,84.96860691405811
SENSEX,2025-11-21,2025-11-24,BULL,0.9991702230597894,0.565647862502796,0.32793205080190163,0.10642008669530252,BULL,0.565647862502796,BULL,True,0.565647862502796,1.0,15,73.93887175016776
INDIA_VIX,2025-11-24,2025-11-25,SIDE,0.9692631191680092,0.2721651463309375,0.46186236450469387,0.26597248916436866,SIDE,0.46186236450469387,SIDE,True,0.46186236450469387,0.9,4,56.21174187028164
NIFTY_50,2025-11-24,2025-11-25,BULL,0.6566511228021111,0.4443272491129601,0.46525310143600995,0.09041964945103,SIDE,0.46525310143600995,SIDE,True,0.4443272491129601,1.0,16,66.65963494677762
NIFTY_AUTO,2025-11-24,2025-11-25,SIDE,0.9997179726135006,0.18150460737151683,0.7139969975835173,0.10449839504496584,SIDE,0.7139969975835173,SIDE,True,0.7139969975835173,1.0,38,82.83981985501104
NIFTY_BANK,2025-11-24,2025-11-25,BULL,0.9957488748420478,0.6341158154931844,0.28462044673202913,0.0812637377747864,BULL,0.6341158154931844,BULL,True,0.6341158154931844,1.0,16,78.04694892959107
NIFTY_FIN_SERVICE,2025-11-24,2025-11-25,SIDE,0.9853979622928324,0.1527301639807818,0.743098774443312,0.10417106157590628,SIDE,0.743098774443312,SIDE,True,0.743098774443312,1.0,16,84.58592646659872
NIFTY_IT,2025-11-24,2025-11-25,BULL,0.9998706510230407,0.6527801415264164,0.28100389707343726,0.06621596140014643,BULL,0.6527801415264164,BULL,True,0.6527801415264164,1.0,15,79.16680849158499
NIFTY_PHARMA,2025-11-24,2025-11-25,SIDE,0.9996661058298608,0.1483777639027849,0.7491512958147976,0.10247094028241745,SIDE,0.7491512958147976,SIDE,True,0.7491512958147976,1.0,58,84.94907774888786
SENSEX,2025-11-24,2025-11-25,BULL,0.930954211050258,0.5401211520940005,0.3559886297755588,0.10389021813044073,BULL,0.5401211520940005,SIDE,False,0.5401211520940005,1.0,16,72.40726912564003
INDIA_VIX,2025-11-25,2025-11-26,SIDE,0.9998070189358079,0.2594671191486022,0.46969409224047093,0.2708387886109268,SIDE,0.46969409224047093,SIDE,True,0.46969409224047093,0.2,1,34.681645534428256
NIFTY_50,2025-11-25,2025-11-26,SIDE,0.9703951595383397,0.15215765168922768,0.768525198095714,0.07931715021505834,SIDE,0.768525198095714,BULL,False,0.768525198095714,1.0,17,86.11151188574283
NIFTY_AUTO,2025-11-25,2025-11-26,SIDE,0.999941434562258,0.18130495205996444,0.7141667226665033,0.10452832527353219,SIDE,0.7141667226665033,SIDE,True,0.7141667226665033,1.0,39,82.8500033599902
NIFTY_BANK,2025-11-25,2025-11-26,BULL,0.9931556844128828,0.6327157737213572,0.28604495310471645,0.08123927317392628,BULL,0.6327157737213572,BULL,True,0.6327157737213572,1.0,17,77.96294642328144
NIFTY_FIN_SERVICE,2025-11-25,2025-11-26,SIDE,0.9997828151187591,0.13662846467570244,0.7576055856833416,0.10576594964095601,SIDE,0.7576055856833416,BULL,False,0.7576055856833416,1.0,17,85.4563351410005
NIFTY_IT,2025-11-25,2025-11-26,BULL,0.9931518907172471,0.6486230144789519,0.2842621506974131,0.06711483482363509,BULL,0.6486230144789519,BULL,True,0.6486230144789519,1.0,16,78.91738086873711
NIFTY_PHARMA,2025-11-25,2025-11-26,SIDE,0.9999603523308028,0.14844635641873805,0.7494788289338717,0.10207481464739028,SIDE,0.7494788289338717,SIDE,True,0.7494788289338717,1.0,59,84.9687297360323
SENSEX,2025-11-25,2025-11-26,SIDE,0.7692710064744909,0.2824654445325543,0.6264368785283613,0.09109767693908442,SIDE,0.6264368785283613,BULL,False,0.6264368785283613,1.0,17,77.58621271170169
INDIA_VIX,2025-11-26,2025-11-27,SIDE,0.9992731591917066,0.25929708695397274,0.469558811799812,0.2711441012462153,SIDE,0.469558811799812,SIDE,True,0.469558811799812,0.3,2,38.67352870798872
NIFTY_50,2025-11-26,2025-11-27,BULL,0.9584986917873783,0.5449785203833566,0.35399855022443405,0.10102292939220935,BULL,0.5449785203833566,BULL,True,0.5449785203833566,1.0,18,72.69871122300138
NIFTY_AUTO,2025-11-26,2025-11-27,SIDE,0.9589895903608594,0.2136224284388555,0.6855995885974208,0.1007779829637238,SIDE,0.6855995885974208,SIDE,True,0.6855995885974208,1.0,40,81.13597531584526
NIFTY_BANK,2025-11-26,2025-11-27,BULL,0.9999984672996091,0.6364261810918111,0.28226827837639556,0.08130554053179337,BULL,0.6364261810918111,BULL,True,0.6364261810918111,1.0,18,78.18557086550867
NIFTY_FIN_SERVICE,2025-11-26,2025-11-27,BULL,0.6273457219761654,0.4558681978168045,0.46019645860739117,0.0839353435758043,SIDE,0.46019645860739117,BULL,False,0.4558681978168045,1.0,18,67.35209186900826
NIFTY_IT,2025-11-26,2025-11-27,BULL,0.9999951125751808,0.6528577802983107,0.28094306242408995,0.06619915727759931,BULL,0.6528577802983107,BULL,True,0.6528577802983107,1.0,17,79.17146681789863
NIFTY_PHARMA,2025-11-26,2025-11-27,SIDE,0.9854539525441881,0.1636733608097816,0.7358037496342075,0.10052288955601091,SIDE,0.7358037496342075,SIDE,True,0.7358037496342075,1.0,60,84.14822497805244
SENSEX,2025-11-26,2025-11-27,BULL,0.9959902335978047,0.5644214642355944,0.32928451437556244,0.10629402138884331,BULL,0.5644214642355944,BULL,True,0.5644214642355944,1.0,18,73.86528785413566
INDIA_VIX,2025-11-27,2025-11-28,SIDE,0.9920679866357364,0.2581950450722418,0.46772862901910267,0.27407632590865566,SIDE,0.46772862901910267,SIDE,True,0.46772862901910267,0.4,3,42.563717741146164
NIFTY_50,2025-11-27,2025-11-28,BULL,0.9992297630742676,0.5596835752576415,0.33752725341725764,0.10278917132510093,BULL,0.5596835752576415,BULL,True,0.5596835752576415,1.0,19,73.58101451545849
NIFTY_AUTO,2025-11-27,2025-11-28,SIDE,0.9973047443114186,0.18359392023245194,0.7121545545468768,0.10425152522067135,SIDE,0.7121545545468768,SIDE,True,0.7121545545468768,1.0,41,82.7292732728126
NIFTY_BANK,2025-11-27,2025-11-28,BULL,0.9999996711559473,0.6364268385602827,0.2822676089832223,0.08130555245649497,BULL,0.6364268385602827,BULL,True,0.6364268385602827,1.0,19,78.18561031361696
NIFTY_FIN_SERVICE,2025-11-27,2025-11-28,BULL,0.996610462711752,0.5984311840907639,0.31878357077941355,0.0827852451298226,BULL,0.5984311840907639,BULL,True,0.5984311840907639,1.0,19,75.90587104544582
NIFTY_IT,2025-11-27,2025-11-28,BULL,0.9999971020012416,0.652859021486312,0.2809420898840811,0.06619888862960686,BULL,0.652859021486312,BULL,True,0.652859021486312,1.0,18,79.17154128917872
NIFTY_PHARMA,2025-11-27,2025-11-28,SIDE,0.9907195752722248,0.15835235044269416,0.7405954940501248,0.10105215550718119,SIDE,0.7405954940501248,SIDE,True,0.7405954940501248,1.0,61,84.43572964300749
SENSEX,2025-11-27,2025-11-28,BULL,0.9999146768369239,0.5659355581231045,0.32761471704483736,0.10644972483205822,BULL,0.5659355581231045,BULL,True,0.5659355581231045,1.0,19,73.95613348738627
INDIA_VIX,2025-11-28,2025-12-01,SIDE,0.9268126823791722,0.24850719989364456,0.45182554411292786,0.2996672559934276,SIDE,0.45182554411292786,SIDE,True,0.45182554411292786,0.5,4,45.60953264677567
NIFTY_50,2025-11-28,2025-12-01,BULL,0.9988658731550801,0.5595498653552002,0.33767725057454573,0.10277288407025399,BULL,0.5595498653552002,BULL,True,0.5595498653552002,1.0,20,73.57299192131201
NIFTY_AUTO,2025-11-28,2025-12-01,SIDE,0.9493876349331039,0.2204120864712654,0.6795873383109141,0.10000057521782053,SIDE,0.6795873383109141,BULL,False,0.6795873383109141,1.0,42,80.77524029865485
NIFTY_BANK,2025-11-28,2025-12-01,BULL,0.9999994577050902,0.6364267219990093,0.2822677276859507,0.08130555031503996,BULL,0.6364267219990093,BULL,True,0.6364267219990093,1.0,20,78.18560331994057
NIFTY_FIN_SERVICE,2025-11-28,2025-12-01,BULL,0.9941546804840049,0.5973453392692526,0.3198850261813019,0.08276963454944548,BULL,0.5973453392692526,BULL,True,0.5973453392692526,1.0,20,75.84072035615516
NIFTY_IT,2025-11-28,2025-12-01,BULL,0.99998871961402,0.6528537918191821,0.2809461876228579,0.06620002055796004,BULL,0.6528537918191821,BULL,True,0.6528537918191821,1.0,19,79.17122750915092
NIFTY_PHARMA,2025-11-28,2025-12-01,SIDE,0.7980819990252354,0.2901434190784548,0.6207510959390471,0.08910548498249815,SIDE,0.6207510959390471,SIDE,True,0.6207510959390471,1.0,62,77.24506575634284
SENSEX,2025-11-28,2025-12-01,BULL,0.9998584651517924,0.5659138271513986,0.32763868758596115,0.10644748526264021,BULL,0.5659138271513986,BULL,True,0.5659138271513986,1.0,20,73.95482962908392
INDIA_VIX,2025-12-01,2025-12-02,SIDE,0.9027761824709242,0.24505329768584425,0.4462234473625107,0.3087232549516451,SIDE,0.4462234473625107,BEAR,False,0.4462234473625107,0.6,5,49.27340684175064
NIFTY_50,2025-12-01,2025-12-02,BULL,0.9949258521432025,0.5581050144830808,0.33929783877727354,0.10259714673964547,BULL,0.5581050144830808,SIDE,False,0.5581050144830808,1.0,21,73.48630086898486
NIFTY_AUTO,2025-12-01,2025-12-02,BULL,0.8285894104214097,0.5596010960713135,0.37343336042027125,0.06696554350841515,BULL,0.5596010960713135,BULL,True,0.5596010960713135,1.0,43,73.57606576427881
NIFTY_BANK,2025-12-01,2025-12-02,BULL,0.9999953511602033,0.6364244795366275,0.2822700114150652,0.08130550904830743,BULL,0.6364244795366275,BULL,True,0.6364244795366275,1.0,21,78.18546877219765
NIFTY_FIN_SERVICE,2025-12-01,2025-12-02,BULL,0.9196080343100479,0.5658154723354023,0.351700788460524,0.08248373920407377,BULL,0.5658154723354023,SIDE,False,0.5658154723354023,1.0,21,73.94892834012413
NIFTY_IT,2025-12-01,2025-12-02,BULL,0.9999980560512135,0.6528596167129274,0.28094162349067786,0.06619875979639478,BULL,0.6528596167129274,BULL,True,0.6528596167129274,0.1,1,43.17157700277565
NIFTY_PHARMA,2025-12-01,2025-12-02,SIDE,0.9901973408484356,0.1588890405125805,0.7401120051677659,0.10099895431965356,SIDE,0.7401120051677659,SIDE,True,0.7401120051677659,1.0,63,84.40672031006595
SENSEX,2025-12-01,2025-12-02,BULL,0.9994578855819941,0.5657590035886123,0.3278094630057606,0.10643153340562708,BULL,0.5657590035886123,BULL,True,0.5657590035886123,1.0,21,73.94554021531674
INDIA_VIX,2025-12-02,2025-12-03,BEAR,0.9538897119846714,0.10634077986874117,0.25040859999498366,0.6432506201362751,BEAR,0.6432506201362751,BEAR,True,0.6432506201362751,0.1,1,42.59503720817651
NIFTY_50,2025-12-02,2025-12-03,SIDE,0.6511010347897596,0.33596351929563706,0.5815624987083882,0.08247398199597476,SIDE,0.5815624987083882,SIDE,True,0.5815624987083882,1.0,22,74.89374992250329
NIFTY_AUTO,2025-12-02,2025-12-03,BULL,0.9799051124032285,0.6282690779827039,0.309268783936098,0.06246213808119812,BULL,0.6282690779827039,SIDE,False,0.6282690779827039,1.0,44,77.69614467896223
NIFTY_BANK,2025-12-02,2025-12-03,BULL,0.9869079410369124,0.6293720382605555,0.2894441699767898,0.08118379176265465,BULL,0.6293720382605555,BULL,True,0.6293720382605555,1.0,22,77.76232229563334
NIFTY_FIN_SERVICE,2025-12-02,2025-12-03,SIDE,0.9789555359347374,0.15930511982317466,0.7371242230921908,0.10357065708463462,SIDE,0.7371242230921908,SIDE,True,0.7371242230921908,1.0,22,84.22745338553145
NIFTY_IT,2025-12-02,2025-12-03,BULL,0.9999956104799529,0.6528580909369955,0.28094281902168167,0.06619909004132293,BULL,0.6528580909369955,BULL,True,0.6528580909369955,0.2,2,47.17148545621973
NIFTY_PHARMA,2025-12-02,2025-12-03,SIDE,0.9972008857444071,0.15150248702895916,0.7467586724330807,0.10173884053796008,SIDE,0.7467586724330807,SIDE,True,0.7467586724330807,1.0,64,84.80552034598485
SENSEX,2025-12-02,2025-12-03,BULL,0.6869531466996374,0.45608265951929783,0.4468689678654388,0.0970483726152635,BULL,0.45608265951929783,SIDE,False,0.45608265951929783,1.0,22,67.36495957115788
INDIA_VIX,2025-12-03,2025-12-04,BEAR,0.9985739315198163,0.09227348446325762,0.23593278333420922,0.6717937322025331,BEAR,0.6717937322025331,BEAR,True,0.6717937322025331,0.2,2,48.30762393215199
NIFTY_50,2025-12-03,2025-12-04,SIDE,0.992648245283933,0.1266437817332271,0.7933537135846279,0.08000250468214498,SIDE,0.7933537135846279,SIDE,True,0.7933537135846279,1.0,23,87.60122281507768
NIFTY_AUTO,2025-12-03,2025-12-04,SIDE,0.9907911070470123,0.18909406247024568,0.7072956799680515,0.10361025756170276,SIDE,0.7072956799680515,SIDE,True,0.7072956799680515,1.0,45,82.4377407980831
NIFTY_BANK,2025-12-03,2025-12-04,BULL,0.9925069072633308,0.6323666825814868,0.28640013242431694,0.0812331849941963,BULL,0.6323666825814868,BULL,True,0.6323666825814868,1.0,23,77.9420009548892
NIFTY_FIN_SERVICE,2025-12-03,2025-12-04,SIDE,0.9992202535881481,0.13730545520087364,0.7570031284458941,0.1056914163532322,SIDE,0.7570031284458941,SIDE,True,0.7570031284458941,1.0,23,85.42018770675365
NIFTY_IT,2025-12-03,2025-12-04,BULL,0.9999999162140283,0.6528607772623831,0.28094071413525995,0.06619850860235701,BULL,0.6528607772623831,BULL,True,0.6528607772623831,0.3,3,51.17164663574299
NIFTY_PHARMA,2025-12-03,2025-12-04,SIDE,0.9980724831453559,0.1505536282155344,0.747611905846318,0.10183446593814773,SIDE,0.747611905846318,SIDE,True,0.747611905846318,1.0,65,84.85671435077907
SENSEX,2025-12-03,2025-12-04,SIDE,0.8052466720164173,0.2642124344307314,0.6446299785848966,0.09115758698437203,SIDE,0.6446299785848966,SIDE,True,0.6446299785848966,1.0,23,78.6777987150938
INDIA_VIX,2025-12-04,2025-12-05,BEAR,0.9999871193031967,0.09178141592274343,0.23545424353164127,0.6727643405456153,BEAR,0.6727643405456153,BEAR,True,0.6727643405456153,0.3,3,52.36586043273692
NIFTY_50,2025-12-04,2025-12-05,SIDE,0.9964490597160299,0.12166517333171899,0.79818301751307,0.080151809155211,SIDE,0.79818301751307,SIDE,True,0.79818301751307,1.0,24,87.8909810507842
NIFTY_AUTO,2025-12-04,2025-12-05,SIDE,0.9995403510490029,0.1816613701267813,0.7138614599703587,0.10447716990286,SIDE,0.7138614599703587,SIDE,True,0.7138614599703587,1.0,46,82.83168759822152
NIFTY_BANK,2025-12-04,2025-12-05,BULL,0.9729509166883779,0.6220453714858151,0.2968805910517883,0.08107403746239658,BULL,0.6220453714858151,BULL,True,0.6220453714858151,1.0,24,77.3227222891489
NIFTY_FIN_SERVICE,2025-12-04,2025-12-05,SIDE,0.9996737410419028,0.13676392829720618,0.7574891366487261,0.10574693505406767,SIDE,0.7574891366487261,SIDE,True,0.7574891366487261,1.0,24,85.44934819892357
NIFTY_IT,2025-12-04,2025-12-05,BULL,0.9999999999621052,0.652860829512655,0.2809406731942523,0.06619849729309267,BULL,0.652860829512655,BULL,True,0.652860829512655,0.4,4,55.1716497707593
NIFTY_PHARMA,2025-12-04,2025-12-05,SIDE,0.9942124028285197,0.15470477611240024,0.7438782403941165,0.10141698349348327,SIDE,0.7438782403941165,SIDE,True,0.7438782403941165,1.0,66,84.632694423647
SENSEX,2025-12-04,2025-12-05,SIDE,0.886159424402652,0.21630362097343026,0.6917511284910451,0.0919452505355246,SIDE,0.6917511284910451,BULL,False,0.6917511284910451,1.0,24,81.50506770946271
INDIA_VIX,2025-12-05,2025-12-08,BEAR,0.9999991452329462,0.09177758388230693,0.23544998123210897,0.6727724348855841,BEAR,0.6727724348855841,BEAR,True,0.6727724348855841,0.4,4,56.36634609313504
NIFTY_50,2025-12-05,2025-12-08,SIDE,0.8052388013939388,0.2669237233195174,0.6534320036080632,0.07964427307241953,SIDE,0.6534320036080632,SIDE,True,0.6534320036080632,1.0,25,79.20592021648379
NIFTY_AUTO,2025-12-05,2025-12-08,SIDE,0.9826617349370428,0.19570718163003872,0.7014511369137942,0.10284168145616714,SIDE,0.7014511369137942,SIDE,True,0.7014511369137942,1.0,47,82.08706821482767
NIFTY_BANK,2025-12-05,2025-12-08,BULL,0.9998767472211183,0.6363597236493542,0.28233596272321504,0.08130431362743082,BULL,0.6363597236493542,BULL,True,0.6363597236493542,1.0,25,78.18158341896125
NIFTY_FIN_SERVICE,2025-12-05,2025-12-08,SIDE,0.8916868362679513,0.22852631269023077,0.6741860726568031,0.09728761465296615,SIDE,0.6741860726568031,SIDE,True,0.6741860726568031,1.0,25,80.4511643594082
NIFTY_IT,2025-12-05,2025-12-08,BULL,0.999999999999376,0.6528608295359082,0.2809406731760321,0.06619849728805965,BULL,0.6528608295359082,BULL,True,0.6528608295359082,0.5,5,59.17164977215448
NIFTY_PHARMA,2025-12-05,2025-12-08,SIDE,0.9976885790383992,0.15097241803306188,0.7472353395747575,0.10179224239218047,SIDE,0.7472353395747575,SIDE,True,0.7472353395747575,1.0,67,84.83412037448545
SENSEX,2025-12-05,2025-12-08,BULL,0.8376317506468883,0.5071405628280897,0.3919351294552646,0.10092430771664575,BULL,0.5071405628280897,SIDE,False,0.5071405628280897,1.0,25,70.42843376968538
INDIA_VIX,2025-12-08,2025-12-09,BEAR,0.9639703981611748,0.10341062011130867,0.2472358215843267,0.6493535583043646,BEAR,0.6493535583043646,BEAR,True,0.6493535583043646,0.5,5,58.96121349826187
NIFTY_50,2025-12-08,2025-12-09,SIDE,0.9995638007546782,0.11726240068900427,0.802247322298326,0.08049027701266963,SIDE,0.802247322298326,SIDE,True,0.802247322298326,1.0,26,88.13483933789955
NIFTY_AUTO,2025-12-08,2025-12-09,SIDE,0.9999664656208623,0.18125778801744882,0.7141747218244318,0.10456749015811952,SIDE,0.7141747218244318,SIDE,True,0.7141747218244318,1.0,48,82.8504833094659
NIFTY_BANK,2025-12-08,2025-12-09,BULL,0.5467112724273255,0.44034832223602494,0.47584517744852123,0.08380650031545384,SIDE,0.47584517744852123,SIDE,True,0.44034832223602494,1.0,26,66.4208993341615
NIFTY_FIN_SERVICE,2025-12-08,2025-12-09,SIDE,0.9988166800433277,0.1377820657479696,0.7565718738002867,0.10564606045174368,SIDE,0.7565718738002867,SIDE,True,0.7565718738002867,1.0,26,85.39431242801719
NIFTY_IT,2025-12-08,2025-12-09,BULL,0.9999999999302553,0.6528608294927839,0.2809406732098224,0.06619849729739365,BULL,0.6528608294927839,BULL,True,0.6528608294927839,0.6,6,63.171649769567026
NIFTY_PHARMA,2025-12-08,2025-12-09,SIDE,0.9948428103923125,0.1476144495536708,0.7439796209300117,0.1084059295163175,SIDE,0.7439796209300117,SIDE,True,0.7439796209300117,1.0,68,84.6387772558007
SENSEX,2025-12-08,2025-12-09,SIDE,0.9479347729051129,0.16829945272688118,0.7380616687699756,0.09363887850314329,SIDE,0.7380616687699756,SIDE,True,0.7380616687699756,1.0,26,84.28370012619854
INDIA_VIX,2025-12-09,2025-12-10,BEAR,0.998594777586551,0.09226614633902994,0.23592578631376443,0.6718080673472057,BEAR,0.6718080673472057,BEAR,True,0.6718080673472057,0.6,6,64.30848404083234
NIFTY_50,2025-12-09,2025-12-10,SIDE,0.9991665831648341,0.11665315929446994,0.8012257479463182,0.08212109275921194,SIDE,0.8012257479463182,SIDE,True,0.8012257479463182,1.0,27,88.07354487677908
NIFTY_AUTO,2025-12-09,2025-12-10,SIDE,0.9996703009325514,0.18116176285555172,0.7137899455493362,0.1050482915951121,SIDE,0.7137899455493362,SIDE,True,0.7137899455493362,1.0,49,82.82739673296017
NIFTY_BANK,2025-12-09,2025-12-10,SIDE,0.9383834439662069,0.1924788152276873,0.7064222178296291,0.10109896694268346,SIDE,0.7064222178296291,SIDE,True,0.7064222178296291,1.0,27,82.38533306977774
NIFTY_FIN_SERVICE,2025-12-09,2025-12-10,SIDE,0.999926086419051,0.1364286384822795,0.7577553353960603,0.10581602612166012,SIDE,0.7577553353960603,SIDE,True,0.7577553353960603,1.0,27,85.46532012376362
NIFTY_IT,2025-12-09,2025-12-10,BULL,0.9999859892359941,0.6528520883931277,0.28094752235373155,0.06620038925314096,BULL,0.6528520883931277,BULL,True,0.6528520883931277,0.7,7,67.17112530358766
NIFTY_PHARMA,2025-12-09,2025-12-10,SIDE,0.8820513948539835,0.13750864930922505,0.6637872144184991,0.1987041362722757,SIDE,0.6637872144184991,SIDE,True,0.6637872144184991,1.0,69,79.82723286510995
SENSEX,2025-12-09,2025-12-10,SIDE,0.9997492464259999,0.10862644447714094,0.7942243413602438,0.09714921416261532,SIDE,0.7942243413602438,SIDE,True,0.7942243413602438,1.0,27,87.65346048161463
INDIA_VIX,2025-12-10,2025-12-11,BEAR,0.999105606531272,0.09208872468528013,0.23575292198683528,0.6721583533278847,BEAR,0.6721583533278847,BEAR,True,0.6721583533278847,0.7,7,68.32950119967308
NIFTY_50,2025-12-10,2025-12-11,SIDE,0.9936015306980921,0.1156601345328176,0.7908462645994413,0.09349360086774117,SIDE,0.7908462645994413,SIDE,True,0.7908462645994413,1.0,28,87.45077587596649
NIFTY_AUTO,2025-12-10,2025-12-11,SIDE,0.9994346323528808,0.18108896957598578,0.7134865437731361,0.1054244866508781,SIDE,0.7134865437731361,SIDE,True,0.7134865437731361,1.0,50,82.80919262638817
NIFTY_BANK,2025-12-10,2025-12-11,SIDE,0.9996627749631201,0.1262265956160595,0.7660480113133692,0.10772539307057123,SIDE,0.7660480113133692,SIDE,True,0.7660480113133692,1.0,28,85.96288067880215
NIFTY_FIN_SERVICE,2025-12-10,2025-12-11,SIDE,0.9994887625449033,0.1362978583397475,0.7571833088945488,0.10651883276570379,SIDE,0.7571833088945488,SIDE,True,0.7571833088945488,1.0,28,85.43099853367292
NIFTY_IT,2025-12-10,2025-12-11,BULL,0.9916040421650819,0.647674581620235,0.28500575134129424,0.06731966703847085,BULL,0.647674581620235,BULL,True,0.647674581620235,0.3,1,47.860474897214104
NIFTY_PHARMA,2025-12-10,2025-12-11,SIDE,0.934274522965074,0.14103352927394314,0.6947932448798262,0.16417322584623062,SIDE,0.6947932448798262,SIDE,True,0.6947932448798262,1.0,70,81.68759469278957
SENSEX,2025-12-10,2025-12-11,SIDE,0.9986004626496296,0.10834376492521663,0.7924800136276616,0.09917622144712178,SIDE,0.7924800136276616,SIDE,True,0.7924800136276616,1.0,28,87.5488008176597
INDIA_VIX,2025-12-11,2025-12-12,BEAR,0.9999953954758398,0.091778581092784,0.23545140861458122,0.6727700102926348,BEAR,0.6727700102926348,BEAR,True,0.6727700102926348,0.8,8,72.36620061755808
NIFTY_50,2025-12-11,2025-12-12,SIDE,0.999757326422049,0.11682946101111749,0.8024405207387251,0.0807300182501573,SIDE,0.8024405207387251,SIDE,True,0.8024405207387251,1.0,29,88.1464312443235
NIFTY_AUTO,2025-12-11,2025-12-12,SIDE,0.9999713161762849,0.18127311313796116,0.7141871558204977,0.10453973104154117,SIDE,0.7141871558204977,SIDE,True,0.7141871558204977,1.0,51,82.85122934922987
NIFTY_BANK,2025-12-11,2025-12-12,SIDE,0.9984538353810841,0.12797354227318156,0.7645295879466567,0.10749686978016183,SIDE,0.7645295879466567,SIDE,True,0.7645295879466567,1.0,29,85.8717752767994
NIFTY_FIN_SERVICE,2025-12-11,2025-12-12,SIDE,0.9999082127780521,0.13645845068904477,0.7577374047988825,0.10580414451207264,SIDE,0.7577374047988825,SIDE,True,0.7577374047988825,1.0,29,85.46424428793294
NIFTY_IT,2025-12-11,2025-12-12,BULL,0.9998421568982517,0.6527623702436206,0.28101782202181125,0.06621980773456806,BULL,0.6527623702436206,BULL,True,0.6527623702436206,0.3,2,49.66574221461724
NIFTY_PHARMA,2025-12-11,2025-12-12,SIDE,0.9999079428560035,0.14843120341574273,0.7494201371019154,0.10214865948234204,SIDE,0.7494201371019154,SIDE,True,0.7494201371019154,1.0,71,84.96520822611492
SENSEX,2025-12-11,2025-12-12,SIDE,0.9997702526635233,0.10876299395994725,0.794265528954874,0.09697147708517874,SIDE,0.794265528954874,SIDE,True,0.794265528954874,1.0,29,87.65593173729243
INDIA_VIX,2025-12-12,2025-12-15,BEAR,0.9999992166445546,0.09177711991001114,0.23545017547315034,0.6727727046168386,BEAR,0.6727727046168386,BEAR,True,0.6727727046168386,0.9,9,76.36636227701031
NIFTY_50,2025-12-12,2025-12-15,SIDE,0.9991869346089166,0.11791024756429659,0.8017922688187833,0.08029748361692009,SIDE,0.8017922688187833,SIDE,True,0.8017922688187833,1.0,30,88.107536129127
NIFTY_AUTO,2025-12-12,2025-12-15,SIDE,0.9998173773656258,0.18141943380364953,0.7140740802784072,0.1045064859179432,SIDE,0.7140740802784072,SIDE,True,0.7140740802784072,1.0,52,82.84444481670444
NIFTY_BANK,2025-12-12,2025-12-15,SIDE,0.9935695351131592,0.13459476997518807,0.7586028752351814,0.1068023547896305,SIDE,0.7586028752351814,SIDE,True,0.7586028752351814,1.0,30,85.51617251411089
NIFTY_FIN_SERVICE,2025-12-12,2025-12-15,SIDE,0.9997572626580495,0.13666334838761332,0.7575787917995062,0.10575785981288048,SIDE,0.7575787917995062,SIDE,True,0.7575787917995062,1.0,30,85.45472750797038
NIFTY_IT,2025-12-12,2025-12-15,BULL,0.9999747930856122,0.6528451034651244,0.28095299544385127,0.06620190109102435,BULL,0.6528451034651244,BULL,True,0.6528451034651244,0.8,1,60.670706207907465
NIFTY_PHARMA,2025-12-12,2025-12-15,SIDE,0.9999624642014672,0.14844220284510418,0.7494807793582192,0.10207701779667656,SIDE,0.7494807793582192,SIDE,True,0.7494807793582192,1.0,72,84.96884676149315
SENSEX,2025-12-12,2025-12-15,SIDE,0.9972237622363594,0.11259500539743371,0.7907283171426714,0.09667667745989467,SIDE,0.7907283171426714,SIDE,True,0.7907283171426714,1.0,30,87.44369902856029
INDIA_VIX,2025-12-15,2025-12-16,BEAR,0.9999955212699254,0.0917784056405792,0.23545143138964456,0.6727701629697763,BEAR,0.6727701629697763,BEAR,True,0.6727701629697763,1.0,10,80.36620977818659
NIFTY_50,2025-12-15,2025-12-16,SIDE,0.9996409415981552,0.11726764326217397,0.8024001032975618,0.08033225344026426,SIDE,0.8024001032975618,SIDE,True,0.8024001032975618,1.0,31,88.14400619785371
NIFTY_AUTO,2025-12-15,2025-12-16,SIDE,0.9999281085005333,0.18124234136869477,0.7141234565160584,0.10463420211524685,SIDE,0.7141234565160584,SIDE,True,0.7141234565160584,1.0,53,82.8474073909635
NIFTY_BANK,2025-12-15,2025-12-16,SIDE,0.988630727642448,0.1409250553567598,0.7529234547124752,0.1061514899307651,SIDE,0.7529234547124752,SIDE,True,0.7529234547124752,1.0,31,85.17540728274852
NIFTY_FIN_SERVICE,2025-12-15,2025-12-16,SIDE,0.9999273154118611,0.13644726966857693,0.7577598234151405,0.10579290691628267,SIDE,0.7577598234151405,SIDE,True,0.7577598234151405,1.0,31,85.46558940490843
NIFTY_IT,2025-12-15,2025-12-16,BULL,0.9999897819883825,0.6528544546154788,0.2809456682844668,0.06619987710005426,BULL,0.6528544546154788,BULL,True,0.6528544546154788,0.8,2,62.171267276928724
NIFTY_PHARMA,2025-12-15,2025-12-16,SIDE,0.9996029111147476,0.1483670145696763,0.7490814609502182,0.1025515244801055,SIDE,0.7490814609502182,SIDE,True,0.7490814609502182,1.0,73,84.9448876570131
SENSEX,2025-12-15,2025-12-16,SIDE,0.9987507400452642,0.11033925143291537,0.7928353632069695,0.0968253853601151,SIDE,0.7928353632069695,SIDE,True,0.7928353632069695,1.0,31,87.57012179241816
INDIA_VIX,2025-12-16,2025-12-17,BEAR,0.9999991123303303,0.09177701152082658,0.2354502829208291,0.6727727055583443,BEAR,0.6727727055583443,BEAR,True,0.6727727055583443,1.0,11,80.36636233350066
NIFTY_50,2025-12-16,2025-12-17,SIDE,0.999112506604093,0.11663845225787203,0.801116135063312,0.0822454126788158,SIDE,0.801116135063312,SIDE,True,0.801116135063312,1.0,32,88.06696810379871
NIFTY_AUTO,2025-12-16,2025-12-17,SIDE,0.9999216117220301,0.1812401472205111,0.7141149639837172,0.10464488879577169,SIDE,0.7141149639837172,SIDE,True,0.7141149639837172,1.0,54,82.84689783902303
NIFTY_BANK,2025-12-16,2025-12-17,SIDE,0.9998545142881423,0.12590749849855584,0.7662893465279174,0.10780315497352685,SIDE,0.7662893465279174,SIDE,True,0.7662893465279174,1.0,32,85.97736079167504
NIFTY_FIN_SERVICE,2025-12-16,2025-12-17,SIDE,0.9983273751442071,0.13608208650442202,0.7557018546791797,0.10821605881639823,SIDE,0.7557018546791797,SIDE,True,0.7557018546791797,1.0,32,85.34211128075079
NIFTY_IT,2025-12-16,2025-12-17,BULL,0.9885867626388201,0.6458354783092831,0.2864479165974467,0.06771660509327027,BULL,0.6458354783092831,BULL,True,0.6458354783092831,0.8,3,63.250128698556985
NIFTY_PHARMA,2025-12-16,2025-12-17,SIDE,0.9754725257346399,0.14502829484410426,0.7257019898927961,0.12926971526309966,SIDE,0.7257019898927961,SIDE,True,0.7257019898927961,1.0,74,83.54211939356776
SENSEX,2025-12-16,2025-12-17,SIDE,0.9997007512695933,0.10848895243920702,0.7941417452421367,0.0973693023186563,SIDE,0.7941417452421367,SIDE,True,0.7941417452421367,1.0,32,87.6485047145282
INDIA_VIX,2025-12-17,2025-12-18,BEAR,0.999999481135573,0.09177704246110109,0.23545007832919626,0.6727728792097027,BEAR,0.6727728792097027,BEAR,True,0.6727728792097027,1.0,12,80.36637275258217
NIFTY_50,2025-12-17,2025-12-18,SIDE,0.9981871080031202,0.11645903339410703,0.7992922887479247,0.08424867785796834,SIDE,0.7992922887479247,SIDE,True,0.7992922887479247,1.0,33,87.95753732487547
NIFTY_AUTO,2025-12-17,2025-12-18,SIDE,0.9998207979718043,0.18120847788018227,0.7139843397794091,0.10480718234040869,SIDE,0.7139843397794091,SIDE,True,0.7139843397794091,1.0,55,82.83906038676456
NIFTY_BANK,2025-12-17,2025-12-18,SIDE,0.9998643292490901,0.12583855096294952,0.7662995369317603,0.1078619121052902,SIDE,0.7662995369317603,SIDE,True,0.7662995369317603,1.0,33,85.97797221590562
NIFTY_FIN_SERVICE,2025-12-17,2025-12-18,SIDE,0.9792483831508475,0.13308234007215303,0.7342199679903394,0.13269769193750744,SIDE,0.7342199679903394,SIDE,True,0.7342199679903394,1.0,33,84.05319807942037
NIFTY_IT,2025-12-17,2025-12-18,BULL,0.9964475216441183,0.6506538601969944,0.28267020564535555,0.06667593415765004,BULL,0.6506538601969944,BULL,True,0.6506538601969944,0.3,1,48.039231611819666
NIFTY_PHARMA,2025-12-17,2025-12-18,SIDE,0.9872978991984394,0.14652808495703604,0.7364435635786397,0.11702835146432423,SIDE,0.7364435635786397,SIDE,True,0.7364435635786397,1.0,75,84.18661381471838
SENSEX,2025-12-17,2025-12-18,SIDE,0.9994259330840787,0.10844364356364637,0.7937231453667603,0.09783321106959333,SIDE,0.7937231453667603,SIDE,True,0.7937231453667603,1.0,33,87.62338872200561
INDIA_VIX,2025-12-18,2025-12-19,BEAR,0.9999994601258176,0.09177715505547528,0.23545003307967485,0.6727728118648499,BEAR,0.6727728118648499,BEAR,True,0.6727728118648499,1.0,13,80.36636871189098
NIFTY_50,2025-12-18,2025-12-19,SIDE,0.9981244680773028,0.11644923930412708,0.7991712368584646,0.08437952383740842,SIDE,0.7991712368584646,SIDE,True,0.7991712368584646,1.0,34,87.95027421150787
NIFTY_AUTO,2025-12-18,2025-12-19,SIDE,0.9969717487728581,0.1803454083288082,0.7103827429336826,0.10927184873750911,SIDE,0.7103827429336826,SIDE,True,0.7103827429336826,1.0,56,82.62296457602095
NIFTY_BANK,2025-12-18,2025-12-19,SIDE,0.9998593681065763,0.12583335644234167,0.7662927245932197,0.10787391896443856,SIDE,0.7662927245932197,SIDE,True,0.7662927245932197,1.0,34,85.97756347559319
NIFTY_FIN_SERVICE,2025-12-18,2025-12-19,SIDE,0.9892999451470192,0.13455785046827448,0.7449450413103622,0.12049710822136335,SIDE,0.7449450413103622,SIDE,True,0.7449450413103622,1.0,34,84.69670247862173
NIFTY_IT,2025-12-18,2025-12-19,BULL,0.9999939255806539,0.6528570397444442,0.2809436426899115,0.06619931756564419,BULL,0.6528570397444442,BULL,True,0.6528570397444442,0.4,2,52.171422384666656
NIFTY_PHARMA,2025-12-18,2025-12-19,SIDE,0.922315249878183,0.1401117413932665,0.6870841666440934,0.17280409196264002,SIDE,0.6870841666440934,SIDE,True,0.6870841666440934,1.0,76,81.2250499986456
SENSEX,2025-12-18,2025-12-19,SIDE,0.9989221031794562,0.10837896872654078,0.7929620955874239,0.09865893568603537,SIDE,0.7929620955874239,SIDE,True,0.7929620955874239,1.0,34,87.57772573524544
INDIA_VIX,2025-12-19,2025-12-22,BEAR,0.9999995700546209,0.09177701584718373,0.2354500459572469,0.6727729381955694,BEAR,0.6727729381955694,BEAR,True,0.6727729381955694,1.0,14,80.36637629173417
NIFTY_50,2025-12-19,2025-12-22,SIDE,0.9997925439903541,0.1169876704856188,0.8025763202241135,0.08043600929026776,SIDE,0.8025763202241135,SIDE,True,0.8025763202241135,1.0,35,88.15457921344681
NIFTY_AUTO,2025-12-19,2025-12-22,SIDE,0.9999670914437406,0.18126007033761382,0.7141764614372244,0.10456346822516167,SIDE,0.7141764614372244,SIDE,True,0.7141764614372244,1.0,57,82.85058768623347
NIFTY_BANK,2025-12-19,2025-12-22,SIDE,0.9998462107244969,0.12596269880504612,0.7662806287241064,0.10775667247084737,SIDE,0.7662806287241064,SIDE,True,0.7662806287241064,1.0,35,85.97683772344638
NIFTY_FIN_SERVICE,2025-12-19,2025-12-22,SIDE,0.9993933531759224,0.13628311712534277,0.757061128581969,0.10665575429268828,SIDE,0.757061128581969,SIDE,True,0.757061128581969,1.0,35,85.42366771491814
NIFTY_IT,2025-12-19,2025-12-22,BULL,0.9999943200978575,0.652857285879665,0.28094344982934144,0.06619926429099356,BULL,0.652857285879665,BULL,True,0.652857285879665,0.5,3,56.1714371527799
NIFTY_PHARMA,2025-12-19,2025-12-22,SIDE,0.9996888392699993,0.14838516635180674,0.7491767303878195,0.10243810326037382,SIDE,0.7491767303878195,SIDE,True,0.7491767303878195,1.0,77,84.95060382326916
SENSEX,2025-12-19,2025-12-22,SIDE,0.9997345834241227,0.10883612317830269,0.794216330258509,0.09694754656318824,SIDE,0.794216330258509,SIDE,True,0.794216330258509,1.0,35,87.65297981551053
INDIA_VIX,2025-12-22,2025-12-23,BEAR,0.9999995815655077,0.09177672762869384,0.23545018347080696,0.6727730889004992,BEAR,0.6727730889004992,BEAR,True,0.6727730889004992,1.0,15,80.36638533402996
NIFTY_50,2025-12-22,2025-12-23,SIDE,0.9829161801361667,0.13849917490345476,0.7818732894149606,0.07962753568158469,SIDE,0.7818732894149606,SIDE,True,0.7818732894149606,1.0,36,86.91239736489763
NIFTY_AUTO,2025-12-22,2025-12-23,SIDE,0.9997754731604519,0.18145593795381637,0.7140418455363401,0.10450221650984354,SIDE,0.7140418455363401,SIDE,True,0.7140418455363401,1.0,58,82.84251073218041
NIFTY_BANK,2025-12-22,2025-12-23,SIDE,0.9990460814137349,0.12714258803186484,0.7652715802585445,0.10758583170959053,SIDE,0.7652715802585445,SIDE,True,0.7652715802585445,1.0,36,85.91629481551267
NIFTY_FIN_SERVICE,2025-12-22,2025-12-23,SIDE,0.999912488299424,0.13640392201797993,0.7577342461081032,0.10586183187391691,SIDE,0.7577342461081032,SIDE,True,0.7577342461081032,1.0,36,85.4640547664862
NIFTY_IT,2025-12-22,2025-12-23,BULL,0.9999999999503415,0.6528608295053157,0.2809406732000031,0.06619849729468125,BULL,0.6528608295053157,BULL,True,0.6528608295053157,0.5,1,53.17164977031894
NIFTY_PHARMA,2025-12-22,2025-12-23,SIDE,0.9997597935493507,0.14869375894986273,0.7492809992398065,0.10202524181033064,SIDE,0.7492809992398065,SIDE,True,0.7492809992398065,1.0,78,84.95685995438839
SENSEX,2025-12-22,2025-12-23,SIDE,0.9792164984616403,0.13607671140904318,0.7686707576218303,0.0952525309691264,SIDE,0.7686707576218303,SIDE,True,0.7686707576218303,1.0,36,86.12024545730982
INDIA_VIX,2025-12-23,2025-12-24,BEAR,0.9999996328007867,0.09177690515797694,0.23545006884807876,0.6727730259939442,BEAR,0.6727730259939442,BEAR,True,0.6727730259939442,1.0,16,80.36638155963665
NIFTY_50,2025-12-23,2025-12-24,SIDE,0.9856019610131758,0.1353544253219438,0.7849336571539429,0.07971191752411327,SIDE,0.7849336571539429,SIDE,True,0.7849336571539429,1.0,37,87.09601942923658
NIFTY_AUTO,2025-12-23,2025-12-24,SIDE,0.9998488203841523,0.18139222010503342,0.7140983542330608,0.10450942566190576,SIDE,0.7140983542330608,SIDE,True,0.7140983542330608,1.0,59,82.84590125398364
NIFTY_BANK,2025-12-23,2025-12-24,SIDE,0.9993317316375798,0.12674037472059557,0.7656314258253306,0.10762819945407387,SIDE,0.7656314258253306,SIDE,True,0.7656314258253306,1.0,37,85.93788554951983
NIFTY_FIN_SERVICE,2025-12-23,2025-12-24,SIDE,0.9998815429076309,0.13650796384588543,0.7577114571434895,0.10578057901062496,SIDE,0.7577114571434895,SIDE,True,0.7577114571434895,1.0,37,85.46268742860937
NIFTY_IT,2025-12-23,2025-12-24,BULL,0.9999995750081654,0.6528605643847787,0.2809408809367608,0.06619855467846063,BULL,0.6528605643847787,BULL,True,0.6528605643847787,0.5,2,54.67163386308672
NIFTY_PHARMA,2025-12-23,2025-12-24,SIDE,0.9999550687618528,0.1484615665696522,0.7494743707037085,0.10206406272663933,SIDE,0.7494743707037085,SIDE,True,0.7494743707037085,1.0,79,84.96846224222251
SENSEX,2025-12-23,2025-12-24,SIDE,0.9899509692840432,0.12269959110169638,0.7812620186987851,0.09603839019951853,SIDE,0.7812620186987851,SIDE,True,0.7812620186987851,1.0,37,86.87572112192711
INDIA_VIX,2025-12-24,2025-12-26,BEAR,0.9999993695931688,0.09177737515356525,0.23544997000072743,0.6727726548457073,BEAR,0.6727726548457073,BEAR,True,0.6727726548457073,1.0,17,80.36635929074244
NIFTY_50,2025-12-24,2025-12-26,SIDE,0.9948572839057572,0.12378410694686882,0.7961373862702892,0.08007850678284202,SIDE,0.7961373862702892,SIDE,True,0.7961373862702892,1.0,38,87.76824317621735
NIFTY_AUTO,2025-12-24,2025-12-26,SIDE,0.9998866181477796,0.18135863800795954,0.7141271555081432,0.10451420648389717,SIDE,0.7141271555081432,SIDE,True,0.7141271555081432,1.0,60,82.84762933048859
NIFTY_BANK,2025-12-24,2025-12-26,SIDE,0.9997528741284892,0.12610121638342736,0.7661623799315528,0.10773640368501977,SIDE,0.7661623799315528,SIDE,True,0.7661623799315528,1.0,38,85.96974279589317
NIFTY_FIN_SERVICE,2025-12-24,2025-12-26,SIDE,0.9998943706628807,0.13648527804577834,0.7577241131779722,0.10579060877624942,SIDE,0.7577241131779722,SIDE,True,0.7577241131779722,1.0,38,85.46344679067833
NIFTY_IT,2025-12-24,2025-12-26,BULL,0.9999609390753327,0.6528364606426773,0.2809597675960076,0.06620377176131508,BULL,0.6528364606426773,BULL,True,0.6528364606426773,0.5,1,53.17018763856064
NIFTY_PHARMA,2025-12-24,2025-12-26,SIDE,0.9995393282702693,0.1483563688170482,0.7490112687334753,0.10263236244947649,SIDE,0.7490112687334753,SIDE,True,0.7490112687334753,1.0,80,84.94067612400852
SENSEX,2025-12-24,2025-12-26,SIDE,0.9964533316434017,0.11371375939209048,0.7896822568291986,0.09660398377871086,SIDE,0.7896822568291986,SIDE,True,0.7896822568291986,1.0,38,87.38093540975191
INDIA_VIX,2025-12-26,2025-12-29,BEAR,0.9999993596820872,0.09177739117199517,0.2354499671142228,0.6727726417137821,BEAR,0.6727726417137821,BEAR,True,0.6727726417137821,1.0,18,80.36635850282693
NIFTY_50,2025-12-26,2025-12-29,SIDE,0.9997191680083071,0.11711795159924508,0.802488677553725,0.08039337084703005,SIDE,0.802488677553725,SIDE,True,0.802488677553725,1.0,39,88.14932065322351
NIFTY_AUTO,2025-12-26,2025-12-29,SIDE,0.9999749911112498,0.1812601644373107,0.7141856505927402,0.10455418496994909,SIDE,0.7141856505927402,SIDE,True,0.7141856505927402,1.0,61,82.85113903556442
NIFTY_BANK,2025-12-26,2025-12-29,SIDE,0.999810083801459,0.1258408437185249,0.7662275024476888,0.1079316538337865,SIDE,0.7662275024476888,SIDE,True,0.7662275024476888,1.0,39,85.97365014686133
NIFTY_FIN_SERVICE,2025-12-26,2025-12-29,SIDE,0.9996981273867924,0.1363488693486546,0.7574548617426146,0.10619626890873084,SIDE,0.7574548617426146,SIDE,True,0.7574548617426146,1.0,39,85.44729170455687
NIFTY_IT,2025-12-26,2025-12-29,BULL,0.9506641437245892,0.6237136197200756,0.3038194345398474,0.07246694574007716,BULL,0.6237136197200756,SIDE,False,0.6237136197200756,0.5,2,52.92281718320453
NIFTY_PHARMA,2025-12-26,2025-12-29,SIDE,0.9961355850256962,0.14781298611232607,0.7453359640021578,0.106851049885516,SIDE,0.7453359640021578,SIDE,True,0.7453359640021578,1.0,81,84.72015784012947
SENSEX,2025-12-26,2025-12-29,SIDE,0.9997908279495662,0.10873317878007689,0.7942947791111536,0.09697204210876949,SIDE,0.7942947791111536,SIDE,True,0.7942947791111536,1.0,39,87.65768674666921
INDIA_VIX,2025-12-29,2025-12-30,BEAR,0.9999129327626223,0.09180839399556226,0.23547887079973878,0.6727127352046989,BEAR,0.6727127352046989,BEAR,True,0.6727127352046989,1.0,19,80.36276411228192
NIFTY_50,2025-12-29,2025-12-30,SIDE,0.9996164940397089,0.1167685215454378,0.8021411710289484,0.08109030742561368,SIDE,0.8021411710289484,SIDE,True,0.8021411710289484,1.0,40,88.12847026173691
NIFTY_AUTO,2025-12-29,2025-12-30,SIDE,0.9998289131118929,0.18121101432678818,0.7139948417606438,0.10479414391256808,SIDE,0.7139948417606438,SIDE,True,0.7139948417606438,1.0,62,82.83969050563863
NIFTY_BANK,2025-12-29,2025-12-30,SIDE,0.9997092951029376,0.12579780076411204,0.766091908338218,0.10811029089766994,SIDE,0.766091908338218,SIDE,True,0.766091908338218,1.0,40,85.96551450029308
NIFTY_FIN_SERVICE,2025-12-29,2025-12-30,SIDE,0.9990611374386114,0.13622054032415154,0.7566353005718346,0.10714415910401393,SIDE,0.7566353005718346,SIDE,True,0.7566353005718346,1.0,40,85.39811803431007
NIFTY_IT,2025-12-29,2025-12-30,SIDE,0.8067191289085791,0.28910306336851976,0.569334646962973,0.1415622896685072,SIDE,0.569334646962973,SIDE,True,0.569334646962973,0.6,3,53.66007881777838
NIFTY_PHARMA,2025-12-29,2025-12-30,SIDE,0.8845053002765788,0.13764918446143823,0.665111031769092,0.19723978376946988,SIDE,0.665111031769092,BEAR,False,0.665111031769092,1.0,82,79.90666190614552
SENSEX,2025-12-29,2025-12-30,SIDE,0.9993979772108232,0.10844921747771077,0.7936812921996851,0.09786949032260434,SIDE,0.7936812921996851,SIDE,True,0.7936812921996851,1.0,40,87.6208775319811
INDIA_VIX,2025-12-30,2025-12-31,BEAR,0.9999748826104043,0.09178533134554386,0.23545857223513142,0.6727560964193247,BEAR,0.6727560964193247,BEAR,True,0.6727560964193247,1.0,20,80.36536578515948
NIFTY_50,2025-12-30,2025-12-31,SIDE,0.9996419898442708,0.11678334465974512,0.8021968485994074,0.08101980674084741,SIDE,0.8021968485994074,SIDE,True,0.8021968485994074,1.0,41,88.13181091596445
NIFTY_AUTO,2025-12-30,2025-12-31,SIDE,0.999915545032847,0.1813302506884857,0.7141480071033666,0.10452174220814779,SIDE,0.7141480071033666,SIDE,True,0.7141480071033666,1.0,63,82.84888042620199
NIFTY_BANK,2025-12-30,2025-12-31,SIDE,0.9997448259333517,0.1261080806047846,0.7661519701938477,0.1077399492013677,SIDE,0.7661519701938477,SIDE,True,0.7661519701938477,1.0,41,85.96911821163086
NIFTY_FIN_SERVICE,2025-12-30,2025-12-31,SIDE,0.9995233846111593,0.13631132245262587,0.7572289190139951,0.10645975853337902,SIDE,0.7572289190139951,SIDE,True,0.7572289190139951,1.0,41,85.4337351408397
NIFTY_IT,2025-12-30,2025-12-31,SIDE,0.9995498468389603,0.1641187416595337,0.6690979013150172,0.166783357025449,SIDE,0.6690979013150172,SIDE,True,0.6690979013150172,0.7,4,63.64587407890103
NIFTY_PHARMA,2025-12-30,2025-12-31,BEAR,0.5183361154531597,0.12737453251146347,0.5118493955177879,0.3607760719707487,SIDE,0.5118493955177879,SIDE,True,0.3607760719707487,1.0,83,61.64656431824492
SENSEX,2025-12-30,2025-12-31,SIDE,0.9994305388868238,0.10846050135591512,0.7937311185699502,0.09780838007413455,SIDE,0.7937311185699502,SIDE,True,0.7937311185699502,1.0,41,87.62386711419701
INDIA_VIX,2025-12-31,2026-01-01,BEAR,0.9999972754902149,0.09177744429047177,0.23545100986176154,0.6727715458477667,BEAR,0.6727715458477667,BEAR,True,0.6727715458477667,1.0,21,80.36629275086601
NIFTY_50,2025-12-31,2026-01-01,SIDE,0.9970033611238468,0.12091061154018645,0.7989015238518076,0.08018786460800598,SIDE,0.7989015238518076,SIDE,True,0.7989015238518076,1.0,42,87.93409143110846
NIFTY_AUTO,2025-12-31,2026-01-01,SIDE,0.9836638568262427,0.1949059073308415,0.7021591765559702,0.10293491611318831,SIDE,0.7021591765559702,BULL,False,0.7021591765559702,1.0,64,82.12955059335822
NIFTY_BANK,2025-12-31,2026-01-01,SIDE,0.9813468493001986,0.14969870007409997,0.745034611116201,0.10526668880969911,SIDE,0.745034611116201,SIDE,True,0.745034611116201,1.0,42,84.70207666697206
NIFTY_FIN_SERVICE,2025-12-31,2026-01-01,SIDE,0.9993113982304421,0.13719111488878752,0.7570997137109698,0.10570917140024255,SIDE,0.7570997137109698,SIDE,True,0.7570997137109698,1.0,42,85.4259828226582
NIFTY_IT,2025-12-31,2026-01-01,SIDE,0.9999276725264423,0.16374624999922,0.6693773365805951,0.1668764134201849,SIDE,0.6693773365805951,SIDE,True,0.6693773365805951,0.8,5,67.6626401948357
NIFTY_PHARMA,2025-12-31,2026-01-01,SIDE,0.9910393082774257,0.1470535222383851,0.7401038378780312,0.11284263988358362,SIDE,0.7401038378780312,SIDE,True,0.7401038378780312,1.0,84,84.40623027268187
SENSEX,2025-12-31,2026-01-01,SIDE,0.9990279592163781,0.10992101259073904,0.7932226441616487,0.09685634324761241,SIDE,0.7932226441616487,SIDE,True,0.7932226441616487,1.0,42,87.59335864969891
INDIA_VIX,2026-01-01,2026-01-02,BEAR,0.9999996371049172,0.0917766643483994,0.23545018646777388,0.6727731491838268,BEAR,0.6727731491838268,BEAR,True,0.6727731491838268,1.0,22,80.3663889510296
NIFTY_50,2026-01-01,2026-01-02,SIDE,0.9965854567689842,0.12148177290005065,0.7983601886344863,0.0801580384654631,SIDE,0.7983601886344863,SIDE,True,0.7983601886344863,1.0,43,87.90161131806919
NIFTY_AUTO,2026-01-01,2026-01-02,BULL,0.7344201102472097,0.5214024053772339,0.40869647909179785,0.06990111553096814,BULL,0.5214024053772339,BULL,True,0.5214024053772339,1.0,65,71.28414432263403
NIFTY_BANK,2026-01-01,2026-01-02,SIDE,0.931135674584482,0.19865617365229946,0.7008334770644414,0.10051034928325903,SIDE,0.7008334770644414,BULL,False,0.7008334770644414,1.0,43,82.05000862386649
NIFTY_FIN_SERVICE,2026-01-01,2026-01-02,SIDE,0.9990346962852487,0.137525883534227,0.7568048090891726,0.10566930737660037,SIDE,0.7568048090891726,SIDE,True,0.7568048090891726,1.0,43,85.40828854535036
NIFTY_IT,2026-01-01,2026-01-02,SIDE,0.9993419715933888,0.16432171040375407,0.6689444799143871,0.16673380968185897,SIDE,0.6689444799143871,SIDE,True,0.6689444799143871,0.8,6,69.13666879486323
NIFTY_PHARMA,2026-01-01,2026-01-02,SIDE,0.9865947960392861,0.1464325345130508,0.7357712135460335,0.11779625194091578,SIDE,0.7357712135460335,SIDE,True,0.7357712135460335,1.0,85,84.146272812762
SENSEX,2026-01-01,2026-01-02,SIDE,0.9994478809773888,0.10928699190246277,0.7938125415194575,0.09690046657807974,SIDE,0.7938125415194575,SIDE,True,0.7938125415194575,1.0,43,87.62875249116745
INDIA_VIX,2026-01-02,2026-01-05,BEAR,0.9999736610306593,0.0917859847199117,0.23545887372743599,0.6727551415526523,BEAR,0.6727551415526523,BEAR,True,0.6727551415526523,1.0,23,80.36530849315913
NIFTY_50,2026-01-02,2026-01-05,SIDE,0.543581767055364,0.37639663961316294,0.5386430704277226,0.08496028995911442,SIDE,0.5386430704277226,SIDE,True,0.5386430704277226,1.0,44,72.31858422566336
NIFTY_AUTO,2026-01-02,2026-01-05,BULL,0.9999378701142647,0.6384615045143094,0.2996482325963542,0.06189026288933632,BULL,0.6384615045143094,BULL,True,0.6384615045143094,1.0,66,78.30769027085857
NIFTY_BANK,2026-01-02,2026-01-05,BULL,0.9542954489894767,0.6125334290251923,0.3065103835319083,0.08095618744289955,BULL,0.6125334290251923,BULL,True,0.6125334290251923,1.0,44,76.75200574151154
NIFTY_FIN_SERVICE,2026-01-02,2026-01-05,SIDE,0.8180569011114239,0.2718715159068399,0.6342957192013902,0.09383276489176999,SIDE,0.6342957192013902,SIDE,True,0.6342957192013902,1.0,44,78.05774315208342
NIFTY_IT,2026-01-02,2026-01-05,SIDE,0.997411252345825,0.16609494506439343,0.6675294986731773,0.16637555626242914,SIDE,0.6675294986731773,SIDE,True,0.6675294986731773,0.8,7,70.55176992039064
NIFTY_PHARMA,2026-01-02,2026-01-05,SIDE,0.9998924063897215,0.14842221099266462,0.7494023580999511,0.10217543090738417,SIDE,0.7494023580999511,SIDE,True,0.7494023580999511,1.0,86,84.96414148599708
SENSEX,2026-01-02,2026-01-05,SIDE,0.9372350727639238,0.1777654331034464,0.7290057394327758,0.09322882746377793,SIDE,0.7290057394327758,SIDE,True,0.7290057394327758,1.0,44,83.74034436596655
INDIA_VIX,2026-01-05,2026-01-06,BEAR,0.6140748115609721,0.17362111816996365,0.33638593400307665,0.4899929478269597,BEAR,0.4899929478269597,SIDE,False,0.4899929478269597,0.1,1,33.39957686961758
NIFTY_50,2026-01-05,2026-01-06,SIDE,0.8082992268064209,0.2653352906241905,0.6550598060347215,0.0796049033410882,SIDE,0.6550598060347215,SIDE,True,0.6550598060347215,1.0,45,79.30358836208329
NIFTY_AUTO,2026-01-05,2026-01-06,BULL,0.9999951204125218,0.6384911411824894,0.2996202192481555,0.06188863956935518,BULL,0.6384911411824894,BULL,True,0.6384911411824894,1.0,67,78.30946847094935
NIFTY_BANK,2026-01-05,2026-01-06,BULL,0.9923552309929534,0.632285163370987,0.28648313379951895,0.08123170282949421,BULL,0.632285163370987,BULL,True,0.632285163370987,1.0,45,77.93710980225922
NIFTY_FIN_SERVICE,2026-01-05,2026-01-06,SIDE,0.8962810394925415,0.22549860329407742,0.6769586916210011,0.09754270508492142,SIDE,0.6769586916210011,SIDE,True,0.6769586916210011,1.0,45,80.61752149726006
NIFTY_IT,2026-01-05,2026-01-06,SIDE,0.999825703445486,0.16369551608134236,0.6693027767687504,0.1670017071499072,SIDE,0.6693027767687504,SIDE,True,0.6693027767687504,0.8,8,72.15816660612504
NIFTY_PHARMA,2026-01-05,2026-01-06,SIDE,0.999615888923736,0.14836987077264388,0.7490958520443295,0.10253427718302668,SIDE,0.7490958520443295,SIDE,True,0.7490958520443295,1.0,87,84.94575112265977
SENSEX,2026-01-05,2026-01-06,SIDE,0.9969073692318026,0.1130549374912637,0.7902972790064174,0.09664778350231881,SIDE,0.7902972790064174,SIDE,True,0.7902972790064174,1.0,45,87.41783674038504
INDIA_VIX,2026-01-06,2026-01-07,SIDE,0.6377939523010077,0.20909005590608787,0.3892801604277122,0.40162978366619984,BEAR,0.40162978366619984,SIDE,False,0.3892801604277122,0.9,1,47.356809625662734
NIFTY_50,2026-01-06,2026-01-07,SIDE,0.9917512315039142,0.12779286019251637,0.7922473984536755,0.07995974135380804,SIDE,0.7922473984536755,SIDE,True,0.7922473984536755,1.0,46,87.53484390722053
NIFTY_AUTO,2026-01-06,2026-01-07,BULL,0.9999942106012685,0.6384906701795122,0.29962066445645447,0.061888665364033445,BULL,0.6384906701795122,BULL,True,0.6384906701795122,1.0,68,78.30944021077075
NIFTY_BANK,2026-01-06,2026-01-07,BULL,0.998367744475202,0.6355372156738937,0.2831735240930427,0.08128926023306374,BULL,0.6355372156738937,BULL,True,0.6355372156738937,1.0,46,78.13223294043362
NIFTY_FIN_SERVICE,2026-01-06,2026-01-07,SIDE,0.5155875724368234,0.40315840764649574,0.5109488895863402,0.08589270276716396,SIDE,0.5109488895863402,SIDE,True,0.5109488895863402,1.0,46,70.65693337518042
NIFTY_IT,2026-01-06,2026-01-07,SIDE,0.9998937928868392,0.16379975874643174,0.6693521321960246,0.16684810905754374,SIDE,0.6693521321960246,SIDE,True,0.6693521321960246,0.9,9,76.16112793176147
NIFTY_PHARMA,2026-01-06,2026-01-07,SIDE,0.9795047579876486,0.16945167850810522,0.7305960170351016,0.09995230445679322,SIDE,0.7305960170351016,SIDE,True,0.7305960170351016,1.0,88,83.8357610221061
SENSEX,2026-01-06,2026-01-07,SIDE,0.9998217723908127,0.10866063607769813,0.7943368984441703,0.09700246547813164,SIDE,0.7943368984441703,SIDE,True,0.7943368984441703,1.0,46,87.66021390665021
INDIA_VIX,2026-01-07,2026-01-08,SIDE,0.6395776204056589,0.20933318312034585,0.38964818609182295,0.4010186307878311,BEAR,0.4010186307878311,SIDE,False,0.38964818609182295,0.9,2,48.87889116550937
NIFTY_50,2026-01-07,2026-01-08,SIDE,0.9991986518438989,0.1178789928002803,0.8018015121305587,0.08031949506916106,SIDE,0.8018015121305587,SIDE,True,0.8018015121305587,1.0,47,88.10809072783353
NIFTY_AUTO,2026-01-07,2026-01-08,BULL,0.9931222951233233,0.6349545952471095,0.30296143807803266,0.062083966674857737,BULL,0.6349545952471095,SIDE,False,0.6349545952471095,1.0,69,78.09727571482658
NIFTY_BANK,2026-01-07,2026-01-08,BULL,0.9792451177526097,0.6253257731032094,0.2935529048360485,0.08112132206074214,BULL,0.6253257731032094,SIDE,False,0.6253257731032094,1.0,47,77.51954638619256
NIFTY_FIN_SERVICE,2026-01-07,2026-01-08,SIDE,0.8397374080118704,0.25996433140865477,0.6452906261357286,0.09474504245561659,SIDE,0.6452906261357286,SIDE,True,0.6452906261357286,1.0,47,78.71743756814372
NIFTY_IT,2026-01-07,2026-01-08,SIDE,0.8449371900413559,0.26916320202055144,0.5852403822046452,0.1455964157748032,SIDE,0.5852403822046452,SIDE,True,0.5852403822046452,1.0,10,75.11442293227871
NIFTY_PHARMA,2026-01-07,2026-01-08,SIDE,0.5801032649845284,0.38659260128468853,0.5312255046822656,0.08218189403304584,SIDE,0.5312255046822656,SIDE,True,0.5312255046822656,1.0,89,71.87353028093594
SENSEX,2026-01-07,2026-01-08,SIDE,0.9998175677270514,0.10858798706231577,0.7943256050501792,0.09708640788750501,SIDE,0.7943256050501792,SIDE,True,0.7943256050501792,1.0,47,87.65953630301075
INDIA_VIX,2026-01-08,2026-01-09,SIDE,0.9999491519123895,0.2594141063161558,0.4697312352610749,0.2708546584227694,SIDE,0.4697312352610749,SIDE,True,0.4697312352610749,0.2,1,34.683874115664494
NIFTY_50,2026-01-08,2026-01-09,SIDE,0.9822471422048806,0.11410410070663551,0.7729647035696329,0.11293119572373163,SIDE,0.7729647035696329,BEAR,False,0.7729647035696329,1.0,48,86.37788221417797
NIFTY_AUTO,2026-01-08,2026-01-09,SIDE,0.8755881948191852,0.26620209770157044,0.6389527364397447,0.09484516585868484,SIDE,0.6389527364397447,SIDE,True,0.6389527364397447,1.0,70,78.33716418638468
NIFTY_BANK,2026-01-08,2026-01-09,SIDE,0.7659432692772369,0.30364827908993786,0.6045141408050487,0.09183758010501344,SIDE,0.6045141408050487,SIDE,True,0.6045141408050487,1.0,48,76.27084844830293
NIFTY_FIN_SERVICE,2026-01-08,2026-01-09,SIDE,0.9991567551068524,0.13736138793635735,0.7569320373337017,0.10570657472994091,SIDE,0.7569320373337017,SIDE,True,0.7569320373337017,1.0,48,85.4159222400221
NIFTY_IT,2026-01-08,2026-01-09,SIDE,0.9998639853442725,0.16376373815233133,0.6693304516042611,0.16690581024340756,SIDE,0.6693304516042611,SIDE,True,0.6693304516042611,1.0,11,80.15982709625567
NIFTY_PHARMA,2026-01-08,2026-01-09,SIDE,0.9997225239433705,0.14867745109515662,0.7492387693756676,0.10208377952917579,SIDE,0.7492387693756676,SIDE,True,0.7492387693756676,1.0,90,84.95432616254006
SENSEX,2026-01-08,2026-01-09,SIDE,0.7271901627269791,0.10375204638973035,0.6031706141171733,0.29307733949309644,SIDE,0.6031706141171733,BEAR,False,0.6031706141171733,1.0,48,76.1902368470304
INDIA_VIX,2026-01-09,2026-01-12,SIDE,0.9999233984171337,0.25942555448400967,0.46972448403928835,0.27084996147670193,SIDE,0.46972448403928835,SIDE,True,0.46972448403928835,0.3,2,38.6834690423573
NIFTY_50,2026-01-09,2026-01-12,BEAR,0.8254314310957878,0.1213271443423,0.35910237894720315,0.5195704767104967,BEAR,0.5195704767104967,BEAR,True,0.5195704767104967,1.0,49,71.1742286026298
NIFTY_AUTO,2026-01-09,2026-01-12,SIDE,0.9999409412183586,0.1812499567222462,0.7141416916915969,0.10460835158615685,SIDE,0.7141416916915969,SIDE,True,0.7141416916915969,1.0,71,82.84850150149582
NIFTY_BANK,2026-01-09,2026-01-12,SIDE,0.9994701777942786,0.12586905975970988,0.7657777223386787,0.10835321790161143,SIDE,0.7657777223386787,SIDE,True,0.7657777223386787,1.0,49,85.94666334032071
NIFTY_FIN_SERVICE,2026-01-09,2026-01-12,SIDE,0.992679062084168,0.13510991934539132,0.7488282223376654,0.11606185831694332,SIDE,0.7488282223376654,SIDE,True,0.7488282223376654,1.0,49,84.92969334025993
NIFTY_IT,2026-01-09,2026-01-12,SIDE,0.9998948179940481,0.16379837429226196,0.6693528932458507,0.1668487324618874,SIDE,0.6693528932458507,SIDE,True,0.6693528932458507,1.0,12,80.16117359475105
NIFTY_PHARMA,2026-01-09,2026-01-12,SIDE,0.9957355385072433,0.147751445989877,0.744914037245673,0.10733451676444997,SIDE,0.744914037245673,SIDE,True,0.744914037245673,1.0,91,84.69484223474039
SENSEX,2026-01-09,2026-01-12,BEAR,0.9990597998777112,0.12442974198678237,0.32826007575876065,0.5473101822544569,BEAR,0.5473101822544569,BEAR,True,0.5473101822544569,1.0,49,72.83861093526741
INDIA_VIX,2026-01-12,2026-01-13,SIDE,0.9990623360813062,0.2597904836928291,0.46949910201043277,0.2707104142967382,SIDE,0.46949910201043277,SIDE,True,0.46949910201043277,0.1,1,32.16994612062597
NIFTY_50,2026-01-12,2026-01-13,BEAR,0.6334457838155302,0.11458181981439956,0.4373266686252346,0.4480915115603658,BEAR,0.4480915115603658,BEAR,True,0.4480915115603658,1.0,50,66.88549069362195
NIFTY_AUTO,2026-01-12,2026-01-13,SIDE,0.9999043751920671,0.18123467458145617,0.7140925912609598,0.10467273415758405,SIDE,0.7140925912609598,SIDE,True,0.7140925912609598,1.0,72,82.84555547565759
NIFTY_BANK,2026-01-12,2026-01-13,SIDE,0.9998047013461424,0.12597616447244878,0.7662259689519603,0.1077978665755911,SIDE,0.7662259689519603,SIDE,True,0.7662259689519603,1.0,50,85.9735581371176
NIFTY_FIN_SERVICE,2026-01-12,2026-01-13,SIDE,0.999825032637001,0.13639779063051438,0.7576226930196077,0.10597951634987796,SIDE,0.7576226930196077,SIDE,True,0.7576226930196077,1.0,50,85.45736158117646
NIFTY_IT,2026-01-12,2026-01-13,SIDE,0.9999219908605704,0.16376621440269332,0.6693730431872726,0.16686074241003396,SIDE,0.6693730431872726,SIDE,True,0.6693730431872726,1.0,13,80.16238259123637
NIFTY_PHARMA,2026-01-12,2026-01-13,SIDE,0.9623633630160995,0.1435851891618773,0.7149541583784249,0.14146065245969774,SIDE,0.7149541583784249,BEAR,False,0.7149541583784249,1.0,92,82.89724950270549
SENSEX,2026-01-12,2026-01-13,BEAR,0.9930753930231966,0.12414294826697254,0.33071874534699386,0.5451383063860337,BEAR,0.5451383063860337,BEAR,True,0.5451383063860337,1.0,50,72.70829838316203
INDIA_VIX,2026-01-13,2026-01-14,SIDE,0.9998389518597959,0.25946136382471563,0.46970236779746766,0.2708362683778167,SIDE,0.46970236779746766,SIDE,True,0.46970236779746766,0.2,2,36.182142067848055
NIFTY_50,2026-01-13,2026-01-14,BEAR,0.8033381767600765,0.12041497271333562,0.36851596527225927,0.511069062014405,BEAR,0.511069062014405,BEAR,True,0.511069062014405,1.0,51,70.6641437208643
NIFTY_AUTO,2026-01-13,2026-01-14,SIDE,0.9995904312537124,0.18113705306413153,0.7136869875783148,0.10517595935755349,SIDE,0.7136869875783148,SIDE,True,0.7136869875783148,1.0,73,82.82121925469889
NIFTY_BANK,2026-01-13,2026-01-14,SIDE,0.999603555509762,0.12632179375844796,0.7659734832650923,0.1077047229764596,SIDE,0.7659734832650923,SIDE,True,0.7659734832650923,1.0,51,85.95840899590553
NIFTY_FIN_SERVICE,2026-01-13,2026-01-14,SIDE,0.9998999885547313,0.1364544664770335,0.7577263688905777,0.10581916463238887,SIDE,0.7577263688905777,SIDE,True,0.7577263688905777,1.0,51,85.46358213343466
NIFTY_IT,2026-01-13,2026-01-14,SIDE,0.999335781379943,0.16432743458447782,0.6689399157483409,0.16673264966718124,SIDE,0.6689399157483409,SIDE,True,0.6689399157483409,1.0,14,80.13639494490045
NIFTY_PHARMA,2026-01-13,2026-01-14,BEAR,0.5612898772612168,0.12705824521681647,0.49875520554605324,0.37418654923713024,SIDE,0.49875520554605324,BEAR,False,0.37418654923713024,1.0,93,62.45119295422782
SENSEX,2026-01-13,2026-01-14,BEAR,0.9995009532017788,0.12445103068225345,0.3280782067657441,0.5474707625520024,BEAR,0.5474707625520024,BEAR,True,0.5474707625520024,1.0,51,72.84824575312015
INDIA_VIX,2026-01-14,2026-01-16,SIDE,0.9997590372712741,0.25949524714376376,0.4696814409632054,0.2708233118930308,SIDE,0.4696814409632054,SIDE,True,0.4696814409632054,0.3,3,40.180886457792326
NIFTY_50,2026-01-14,2026-01-16,BEAR,0.985418074473183,0.12950528435421205,0.2837730551574598,0.5867216604883281,BEAR,0.5867216604883281,BEAR,True,0.5867216604883281,1.0,52,75.20329962929969
NIFTY_AUTO,2026-01-14,2026-01-16,SIDE,0.9898726625815686,0.17835256074400577,0.702032591431725,0.11961484782426927,SIDE,0.702032591431725,SIDE,True,0.702032591431725,1.0,74,82.1219554859035
NIFTY_BANK,2026-01-14,2026-01-16,SIDE,0.9995839617674344,0.12633624152834166,0.7659480749456273,0.10771568352603095,SIDE,0.7659480749456273,SIDE,True,0.7659480749456273,1.0,52,85.95688449673764
NIFTY_FIN_SERVICE,2026-01-14,2026-01-16,SIDE,0.9997715291361104,0.13636861238658962,0.7575505616208911,0.10608082599251921,SIDE,0.7575505616208911,SIDE,True,0.7575505616208911,1.0,52,85.45303369725346
NIFTY_IT,2026-01-14,2026-01-16,SIDE,0.9998660108057535,0.16370435318035356,0.6693323124835754,0.1669633343360711,SIDE,0.6693323124835754,BULL,False,0.6693323124835754,1.0,15,80.15993874901453
NIFTY_PHARMA,2026-01-14,2026-01-16,BEAR,0.9861666251369129,0.12836184840150935,0.37233209188773075,0.49930605971076,BEAR,0.49930605971076,BEAR,True,0.49930605971076,1.0,94,69.9583635826456
SENSEX,2026-01-14,2026-01-16,BEAR,0.9999661384305704,0.12447348161816862,0.3278863498128568,0.5476401685689746,BEAR,0.5476401685689746,BEAR,True,0.5476401685689746,1.0,52,72.85841011413848
INDIA_VIX,2026-01-16,2026-01-19,SIDE,0.9997394341504793,0.2595035581677709,0.46967630796273835,0.2708201338694908,SIDE,0.46967630796273835,SIDE,True,0.46967630796273835,0.4,4,44.18057847776431
NIFTY_50,2026-01-16,2026-01-19,BEAR,0.983620022897501,0.1293932787567935,0.28472180129701585,0.5858849199461907,BEAR,0.5858849199461907,BEAR,True,0.5858849199461907,1.0,53,75.15309519677145
NIFTY_AUTO,2026-01-16,2026-01-19,SIDE,0.8989304637809763,0.16166765676824,0.6301235104791952,0.2082088327525648,SIDE,0.6301235104791952,SIDE,True,0.6301235104791952,1.0,75,77.80741062875171
NIFTY_BANK,2026-01-16,2026-01-19,SIDE,0.9078307004822234,0.2171077766152183,0.684065659288537,0.0988265640962447,SIDE,0.684065659288537,SIDE,True,0.684065659288537,1.0,53,81.04393955731223
NIFTY_FIN_SERVICE,2026-01-16,2026-01-19,SIDE,0.9998402227110345,0.13639592434786058,0.7576416021838788,0.10596247346826075,SIDE,0.7576416021838788,SIDE,True,0.7576416021838788,1.0,53,85.45849613103272
NIFTY_IT,2026-01-16,2026-01-19,BULL,0.8445579898596955,0.5690470434065898,0.3469043421550184,0.08404861443839165,BULL,0.5690470434065898,BULL,True,0.5690470434065898,1.0,16,74.14282260439539
NIFTY_PHARMA,2026-01-16,2026-01-19,BEAR,0.9999999105228365,0.12854032331537468,0.36800115056099136,0.503458526123634,BEAR,0.503458526123634,BEAR,True,0.503458526123634,1.0,95,70.20751156741804
SENSEX,2026-01-16,2026-01-19,BEAR,0.9990477286693312,0.12442918758638918,0.3282650321516306,0.5473057802619802,BEAR,0.5473057802619802,BEAR,True,0.5473057802619802,1.0,53,72.83834681571881
INDIA_VIX,2026-01-19,2026-01-20,SIDE,0.9915503009920024,0.2629558357055303,0.4675445786359325,0.2694995856585371,SIDE,0.4675445786359325,BULL,False,0.4675445786359325,0.5,5,48.052674718155956
NIFTY_50,2026-01-19,2026-01-20,BEAR,0.9996523769765908,0.1304141858204693,0.27614402495291895,0.5934417892266117,BEAR,0.5934417892266117,BEAR,True,0.5934417892266117,1.0,54,75.6065073535967
NIFTY_AUTO,2026-01-19,2026-01-20,SIDE,0.8566297873148979,0.1563252987152749,0.6062097378030004,0.23746496348172488,SIDE,0.6062097378030004,BEAR,False,0.6062097378030004,1.0,76,76.37258426818002
NIFTY_BANK,2026-01-19,2026-01-20,SIDE,0.9932599987843292,0.13498824504792403,0.7582368734081212,0.10677488154395484,SIDE,0.7582368734081212,SIDE,True,0.7582368734081212,1.0,54,85.49421240448727
NIFTY_FIN_SERVICE,2026-01-19,2026-01-20,SIDE,0.9998192003029458,0.13638585190352853,0.7576134618288585,0.10600068626761301,SIDE,0.7576134618288585,SIDE,True,0.7576134618288585,1.0,54,85.4568077097315
NIFTY_IT,2026-01-19,2026-01-20,BULL,0.9033690601737082,0.5982529856759043,0.32386136880896604,0.07788564551512955,BULL,0.5982529856759043,SIDE,False,0.5982529856759043,1.0,17,75.89517914055428
NIFTY_PHARMA,2026-01-19,2026-01-20,BEAR,0.9999999858805673,0.12854032431440932,0.36800112687717856,0.503458548808412,BEAR,0.503458548808412,BEAR,True,0.503458548808412,1.0,96,70.20751292850473
SENSEX,2026-01-19,2026-01-20,BEAR,0.9999806479689343,0.12447418175252165,0.32788036440832274,0.5476454538391557,BEAR,0.5476454538391557,BEAR,True,0.5476454538391557,1.0,54,72.85872723034934
INDIA_VIX,2026-01-20,2026-01-21,BULL,0.9934774126919093,0.6501541399802155,0.23940992440261824,0.11043593561716625,BULL,0.6501541399802155,BULL,True,0.6501541399802155,0.6,6,63.00924839881292
NIFTY_50,2026-01-20,2026-01-21,BEAR,0.9999999998576141,0.13043688294925895,0.2759549859032784,0.5936081311474626,BEAR,0.5936081311474626,BEAR,True,0.5936081311474626,1.0,55,75.61648786884774
NIFTY_AUTO,2026-01-20,2026-01-21,BEAR,0.9999994657824122,0.0975283171799573,0.2568936827133946,0.6455780001066481,BEAR,0.6455780001066481,BEAR,True,0.6455780001066481,1.0,77,78.73468000639889
NIFTY_BANK,2026-01-20,2026-01-21,SIDE,0.9996878745914306,0.12579215345856432,0.7660632616699797,0.10814458487145585,SIDE,0.7660632616699797,SIDE,True,0.7660632616699797,1.0,55,85.96379570019879
NIFTY_FIN_SERVICE,2026-01-20,2026-01-21,SIDE,0.5367521486690554,0.11249757040033405,0.5123128761116077,0.3751895534880582,SIDE,0.5123128761116077,BEAR,False,0.5123128761116077,1.0,55,70.73877256669647
NIFTY_IT,2026-01-20,2026-01-21,SIDE,0.9975893238775486,0.16589712536194803,0.6676591868670946,0.1664436877709574,SIDE,0.6676591868670946,SIDE,True,0.6676591868670946,1.0,18,80.05955121202567
NIFTY_PHARMA,2026-01-20,2026-01-21,BEAR,0.9999999999999978,0.12854032450159386,0.3680011224396518,0.5034585530587543,BEAR,0.5034585530587543,BEAR,True,0.5034585530587543,1.0,97,70.20751318352526
SENSEX,2026-01-20,2026-01-21,BEAR,0.9999999999831695,0.12447511538804841,0.32787238139764335,0.5476525032143083,BEAR,0.5476525032143083,BEAR,True,0.5476525032143083,1.0,55,72.85915019285851
INDIA_VIX,2026-01-21,2026-01-22,BULL,0.9999999999716076,0.6541986612577638,0.23726691725212656,0.10853442149010958,BULL,0.6541986612577638,BULL,True,0.6541986612577638,0.7,7,67.25191967546581
NIFTY_50,2026-01-21,2026-01-22,BEAR,0.9999999999523317,0.13043688295545078,0.2759549858517491,0.5936081311928,BEAR,0.5936081311928,BEAR,True,0.5936081311928,1.0,56,75.616487871568
NIFTY_AUTO,2026-01-21,2026-01-22,BEAR,0.9999999836298382,0.09752828954731346,0.2568933825969427,0.6455783278557438,BEAR,0.6455783278557438,BEAR,True,0.6455783278557438,1.0,78,78.73469967134461
NIFTY_BANK,2026-01-21,2026-01-22,SIDE,0.9636895672553815,0.12111877123927008,0.7268476144152918,0.15203361434543816,SIDE,0.7268476144152918,SIDE,True,0.7268476144152918,1.0,56,83.61085686491751
NIFTY_FIN_SERVICE,2026-01-21,2026-01-22,BEAR,0.9996447205443794,0.11134842429690879,0.31894689457603254,0.5697046811270587,BEAR,0.5697046811270587,BEAR,True,0.5697046811270587,1.0,56,74.18228086762352
NIFTY_IT,2026-01-21,2026-01-22,SIDE,0.9999209346831741,0.16373824584897406,0.6693724358455143,0.16688931830551157,SIDE,0.6693724358455143,SIDE,True,0.6693724358455143,1.0,19,80.16234615073087
NIFTY_PHARMA,2026-01-21,2026-01-22,BEAR,1.0,0.12854032450159392,0.3680011224396511,0.503458553058755,BEAR,0.503458553058755,BEAR,True,0.503458553058755,0.1,1,34.2075131835253
SENSEX,2026-01-21,2026-01-22,BEAR,0.999999999996434,0.12447511538869867,0.3278723813921644,0.5476525032191368,BEAR,0.5476525032191368,BEAR,True,0.5476525032191368,1.0,56,72.85915019314821
INDIA_VIX,2026-01-22,2026-01-23,BULL,0.9999953423452017,0.6541957465757811,0.23726845772149163,0.10853579570272734,BULL,0.6541957465757811,BULL,True,0.6541957465757811,0.8,8,71.25174479454687
NIFTY_50,2026-01-22,2026-01-23,BEAR,0.9999996253484285,0.1304368584894518,0.27595518963142324,0.593607951879125,BEAR,0.593607951879125,BEAR,True,0.593607951879125,1.0,57,75.61647711274749
NIFTY_AUTO,2026-01-22,2026-01-23,BEAR,0.9999749672340309,0.097529624451415,0.2569078802417026,0.6455624953068824,BEAR,0.6455624953068824,BEAR,True,0.6455624953068824,1.0,79,78.73374971841295
NIFTY_BANK,2026-01-22,2026-01-23,SIDE,0.9990327328171837,0.12566881186826406,0.7651934838604844,0.10913770427125147,SIDE,0.7651934838604844,SIDE,True,0.7651934838604844,1.0,57,85.91160903162906
NIFTY_FIN_SERVICE,2026-01-22,2026-01-23,BEAR,0.9691718148878601,0.11094844464857231,0.3315798736099148,0.5574716817415128,BEAR,0.5574716817415128,BEAR,True,0.5574716817415128,1.0,57,73.44830090449076
NIFTY_IT,2026-01-22,2026-01-23,SIDE,0.9994055818630343,0.16426097038047505,0.6689913986853887,0.16674763093413625,SIDE,0.6689913986853887,SIDE,True,0.6689913986853887,1.0,20,80.13948392112333
NIFTY_PHARMA,2026-01-22,2026-01-23,BEAR,0.9999999921549723,0.12854032439759058,0.3680011249052265,0.503458550697183,BEAR,0.503458550697183,BEAR,True,0.503458550697183,0.9,1,54.20751304183098
SENSEX,2026-01-22,2026-01-23,BEAR,0.9999999706881519,0.12447511399713213,0.327872393467224,0.5476524925356439,BEAR,0.5476524925356439,BEAR,True,0.5476524925356439,1.0,57,72.85914955213862
INDIA_VIX,2026-01-23,2026-01-27,BULL,0.999999999654805,0.6541986610595112,0.23726691735690697,0.10853442158358187,BULL,0.6541986610595112,BULL,True,0.6541986610595112,0.9,9,75.25191966357067
NIFTY_50,2026-01-23,2026-01-27,BEAR,0.9999999999743898,0.13043688295688624,0.2759549858397535,0.5936081312033602,BEAR,0.5936081312033602,BEAR,True,0.5936081312033602,1.0,58,75.61648787220162
NIFTY_AUTO,2026-01-23,2026-01-27,BEAR,0.999999966004579,0.0975282904878075,0.2568933928116001,0.6455783167005924,BEAR,0.6455783167005924,BEAR,True,0.6455783167005924,1.0,80,78.73469900203554
NIFTY_BANK,2026-01-23,2026-01-27,SIDE,0.7136772961391362,0.10905593368851199,0.58256500606832,0.3083790602431681,SIDE,0.58256500606832,SIDE,True,0.58256500606832,1.0,58,74.9539003640992
NIFTY_FIN_SERVICE,2026-01-23,2026-01-27,BEAR,0.9999966019132873,0.11135352366941462,0.3187982008800555,0.5698482754505299,BEAR,0.5698482754505299,BEAR,True,0.5698482754505299,1.0,58,74.1908965270318
NIFTY_IT,2026-01-23,2026-01-27,SIDE,0.9997098270831459,0.16397643591117197,0.6692160527615343,0.16680751132729385,SIDE,0.6692160527615343,SIDE,True,0.6692160527615343,1.0,21,80.15296316569206
NIFTY_PHARMA,2026-01-23,2026-01-27,BEAR,0.9999999999884805,0.12854032450144118,0.36800112244327143,0.5034585530552873,BEAR,0.5034585530552873,BEAR,True,0.5034585530552873,0.9,2,55.70751318331724
SENSEX,2026-01-23,2026-01-27,BEAR,0.9999999999983102,0.12447511538873568,0.32787238139142666,0.5476525032198376,BEAR,0.5476525032198376,BEAR,True,0.5476525032198376,1.0,58,72.85915019319026
INDIA_VIX,2026-01-27,2026-01-28,BULL,0.9999999997625562,0.6541986611269412,0.23726691732126884,0.10853442155178995,BULL,0.6541986611269412,BULL,True,0.6541986611269412,1.0,10,79.25191966761648
NIFTY_50,2026-01-27,2026-01-28,BEAR,0.9999998133963299,0.13043687077165286,0.275955087335472,0.5936080418928752,BEAR,0.5936080418928752,BEAR,True,0.5936080418928752,1.0,59,75.61648251357252
NIFTY_AUTO,2026-01-27,2026-01-28,BEAR,0.999999999800079,0.09752828868446008,0.25689337322553557,0.6455783380900043,BEAR,0.6455783380900043,BEAR,True,0.6455783380900043,1.0,81,78.73470028540027
NIFTY_BANK,2026-01-27,2026-01-28,SIDE,0.9952667248192725,0.12507628569830462,0.7603509504551532,0.1145727638465421,SIDE,0.7603509504551532,SIDE,True,0.7603509504551532,1.0,59,85.62105702730919
NIFTY_FIN_SERVICE,2026-01-27,2026-01-28,BEAR,0.9814686992419934,0.11110071579454947,0.32653773907674466,0.5623615451287058,BEAR,0.5623615451287058,SIDE,False,0.5623615451287058,1.0,59,73.74169270772235
NIFTY_IT,2026-01-27,2026-01-28,SIDE,0.9920318621663611,0.17092102423989725,0.6636738320698734,0.16540514369022924,SIDE,0.6636738320698734,SIDE,True,0.6636738320698734,1.0,22,79.82042992419241
NIFTY_PHARMA,2026-01-27,2026-01-28,BEAR,0.9999999992133113,0.12854032449116456,0.3680011226868956,0.5034585528219399,BEAR,0.5034585528219399,BEAR,True,0.5034585528219399,0.9,3,57.20751316931639
SENSEX,2026-01-27,2026-01-28,BEAR,0.9999999952921725,0.1244751151686572,0.32787238332808055,0.5476525015032623,BEAR,0.5476525015032623,BEAR,True,0.5476525015032623,1.0,59,72.85915009019574
INDIA_VIX,2026-01-28,2026-01-29,BULL,0.9977968875905263,0.6528242731279278,0.23799393696646057,0.10918178990561161,BULL,0.6528242731279278,BULL,True,0.6528242731279278,1.0,11,79.16945638767567
NIFTY_50,2026-01-28,2026-01-29,BEAR,0.9994045953664957,0.13039802471650142,0.2762786861722087,0.5933232891112898,BEAR,0.5933232891112898,BEAR,True,0.5933232891112898,1.0,60,75.59939734667739
NIFTY_AUTO,2026-01-28,2026-01-29,BEAR,0.9999998540944619,0.0975282964593963,0.25689345766870564,0.6455782458718979,BEAR,0.6455782458718979,BEAR,True,0.6455782458718979,1.0,82,78.73469475231389
NIFTY_BANK,2026-01-28,2026-01-29,SIDE,0.9998636922726744,0.12594479720091362,0.7663031346044429,0.10775206819464354,SIDE,0.7663031346044429,SIDE,True,0.7663031346044429,1.0,60,85.97818807626658
NIFTY_FIN_SERVICE,2026-01-28,2026-01-29,SIDE,0.9318622278653976,0.12810749883188918,0.6939157732931027,0.17797672787500815,SIDE,0.6939157732931027,SIDE,True,0.6939157732931027,1.0,60,81.63494639758616
NIFTY_IT,2026-01-28,2026-01-29,SIDE,0.9652668765111643,0.19295231223586853,0.6460760175797043,0.1609716701844271,SIDE,0.6460760175797043,SIDE,True,0.6460760175797043,1.0,23,78.76456105478226
NIFTY_PHARMA,2026-01-28,2026-01-29,BEAR,0.9999999997568847,0.12854032449837086,0.3680011225160586,0.5034585529855706,BEAR,0.5034585529855706,BEAR,True,0.5034585529855706,0.9,4,58.70751317913423
SENSEX,2026-01-28,2026-01-29,BEAR,0.9999748174681626,0.12447390172251156,0.32788276869970745,0.547643329577781,BEAR,0.547643329577781,BEAR,True,0.547643329577781,1.0,60,72.85859977466686
INDIA_VIX,2026-01-29,2026-01-30,BULL,0.9140793528676017,0.6057916169204306,0.263530478261387,0.1306779048181824,BULL,0.6057916169204306,BULL,True,0.6057916169204306,1.0,12,76.34749701522584
NIFTY_50,2026-01-29,2026-01-30,BEAR,0.983920621371518,0.12941199307355988,0.28456339200427716,0.586024614922163,BEAR,0.586024614922163,BEAR,True,0.586024614922163,1.0,61,75.16147689532978
NIFTY_AUTO,2026-01-29,2026-01-30,BEAR,0.9999999963313797,0.09752828886955188,0.25689337523580835,0.6455783358946398,BEAR,0.6455783358946398,BEAR,True,0.6455783358946398,1.0,83,78.73470015367839
NIFTY_BANK,2026-01-29,2026-01-30,SIDE,0.9987857073546111,0.1275124687671471,0.7649449080432088,0.10754262318964411,SIDE,0.7649449080432088,SIDE,True,0.7649449080432088,1.0,61,85.89669448259252
NIFTY_FIN_SERVICE,2026-01-29,2026-01-30,SIDE,0.9998494695624345,0.13650963559795234,0.7576711318149322,0.10581923258711552,SIDE,0.7576711318149322,SIDE,True,0.7576711318149322,1.0,61,85.46026790889593
NIFTY_IT,2026-01-29,2026-01-30,SIDE,0.9988780701130514,0.1647476516680186,0.6686029353116878,0.1666494130202935,SIDE,0.6686029353116878,SIDE,True,0.6686029353116878,1.0,24,80.11617611870126
NIFTY_PHARMA,2026-01-29,2026-01-30,BEAR,0.9999999999992224,0.12854032450158362,0.36800112243989547,0.503458553058521,BEAR,0.503458553058521,BEAR,True,0.503458553058521,0.9,5,60.20751318351126
SENSEX,2026-01-29,2026-01-30,BEAR,0.9990307641877294,0.12442837941023062,0.3282720172735037,0.5472996033162658,BEAR,0.5472996033162658,BEAR,True,0.5472996033162658,1.0,61,72.83797619897595
INDIA_VIX,2026-01-30,2026-02-01,BULL,0.930880780020241,0.6145415272508411,0.2586936222138195,0.12676485053533945,BULL,0.6145415272508411,BULL,True,0.6145415272508411,1.0,13,76.87249163505047
NIFTY_50,2026-01-30,2026-02-01,BEAR,0.9988366880190965,0.1303610244149636,0.2765870728633539,0.5930519027216825,BEAR,0.5930519027216825,BEAR,True,0.5930519027216825,1.0,62,75.58311416330096
NIFTY_AUTO,2026-01-30,2026-02-01,BEAR,0.9999971804318946,0.09752843912775913,0.25689500717402847,0.6455765536982124,BEAR,0.6455765536982124,BEAR,True,0.6455765536982124,0.1,1,42.734593221892744
NIFTY_BANK,2026-01-30,2026-02-01,SIDE,0.9999069625082607,0.12587206569188905,0.7663576589226023,0.10777027538550867,SIDE,0.7663576589226023,BEAR,False,0.7663576589226023,1.0,62,85.98145953535614
NIFTY_FIN_SERVICE,2026-01-30,2026-02-01,SIDE,0.9995625804210024,0.1363136775076468,0.7572786231128561,0.106407699379497,SIDE,0.7572786231128561,BEAR,False,0.7572786231128561,1.0,62,85.43671738677136
NIFTY_IT,2026-01-30,2026-02-01,SIDE,0.9998949313655127,0.1637204811852092,0.6693534471468294,0.16692607166796136,SIDE,0.6693534471468294,SIDE,True,0.6693534471468294,1.0,25,80.16120682880977
NIFTY_PHARMA,2026-01-30,2026-02-01,BEAR,0.9999999968452553,0.1285403244597707,0.36800112343114033,0.503458552109089,BEAR,0.503458552109089,BEAR,True,0.503458552109089,0.9,6,61.70751312654533
SENSEX,2026-01-30,2026-02-01,BEAR,0.999950751756606,0.12447273960841028,0.3278926966585145,0.5476345637330752,BEAR,0.5476345637330752,BEAR,True,0.5476345637330752,1.0,62,72.85807382398451
INDIA_VIX,2026-02-01,2026-02-02,BULL,0.9999999946322902,0.654198657916466,0.23726691901806796,0.1085344230654661,BULL,0.654198657916466,BULL,True,0.654198657916466,1.0,14,79.25191947498796
NIFTY_50,2026-02-01,2026-02-02,BEAR,0.9999999999984792,0.13043688295845757,0.2759549858266508,0.5936081312148918,BEAR,0.5936081312148918,BEAR,True,0.5936081312148918,0.1,1,39.61648787289351
NIFTY_AUTO,2026-02-01,2026-02-02,BEAR,0.999999999995687,0.09752828867402237,0.2568933731121718,0.6455783382138058,BEAR,0.6455783382138058,BEAR,True,0.6455783382138058,0.2,2,46.73470029282834
NIFTY_BANK,2026-02-01,2026-02-02,BEAR,0.5937563028249664,0.10543441515767207,0.4662101504350028,0.42835543440732515,SIDE,0.4662101504350028,SIDE,True,0.42835543440732515,1.0,63,65.70132606443951
NIFTY_FIN_SERVICE,2026-02-01,2026-02-02,BEAR,0.9999873722464113,0.11135339486832095,0.318802098661635,0.569844506470044,BEAR,0.569844506470044,BEAR,True,0.569844506470044,1.0,63,74.19067038820265
NIFTY_IT,2026-02-01,2026-02-02,SIDE,0.9998007807365455,0.16388820830550455,0.6692833149736479,0.1668284767208475,SIDE,0.6692833149736479,SIDE,True,0.6692833149736479,1.0,26,80.15699889841888
NIFTY_PHARMA,2026-02-01,2026-02-02,BEAR,0.9999999999921623,0.12854032450148997,0.36800112244211436,0.5034585530563956,BEAR,0.5034585530563956,BEAR,True,0.5034585530563956,0.9,7,63.20751318338373
SENSEX,2026-02-01,2026-02-02,BEAR,0.9999999999999387,0.12447511538878482,0.32787238139077474,0.5476525032204405,BEAR,0.5476525032204405,BEAR,True,0.5476525032204405,0.1,1,36.859150193226434
INDIA_VIX,2026-02-02,2026-02-03,BULL,0.9756757863979162,0.6394715878225807,0.24511971856197468,0.11540869361544445,BULL,0.6394715878225807,SIDE,False,0.6394715878225807,1.0,15,78.36829526935483
NIFTY_50,2026-02-02,2026-02-03,BEAR,0.9999865499540661,0.13043600447616008,0.2759623024182767,0.5936016931055632,BEAR,0.5936016931055632,BEAR,True,0.5936016931055632,0.9,1,59.61610158633379
NIFTY_AUTO,2026-02-02,2026-02-03,BEAR,0.9999392221635973,0.09753153190142061,0.2569285936234413,0.645539874475138,BEAR,0.645539874475138,SIDE,False,0.645539874475138,0.3,3,50.73239246850828
NIFTY_BANK,2026-02-02,2026-02-03,SIDE,0.7367587562925721,0.10962859287613996,0.5926025437523718,0.29776886337148833,SIDE,0.5926025437523718,SIDE,True,0.5926025437523718,1.0,64,75.55615262514232
NIFTY_FIN_SERVICE,2026-02-02,2026-02-03,BEAR,0.9995309855604567,0.11134682046467055,0.31899491405907954,0.5696582654762499,BEAR,0.5696582654762499,BULL,False,0.5696582654762499,1.0,64,74.179495928575
NIFTY_IT,2026-02-02,2026-02-03,SIDE,0.9999151944305126,0.1637364952488521,0.6693682301317736,0.16689527461937437,SIDE,0.6693682301317736,SIDE,True,0.6693682301317736,1.0,27,80.16209380790642
NIFTY_PHARMA,2026-02-02,2026-02-03,BEAR,0.9999999999351945,0.12854032450073474,0.3680011224600185,0.5034585530392468,BEAR,0.5034585530392468,BEAR,True,0.5034585530392468,0.2,1,36.70751318235481
SENSEX,2026-02-02,2026-02-03,BEAR,0.9999937552243172,0.12447481547609836,0.3278749565495645,0.547650227974337,BEAR,0.547650227974337,SIDE,False,0.547650227974337,0.9,1,56.85901367846022
INDIA_VIX,2026-02-03,2026-02-04,SIDE,0.8369271000615869,0.32272009008687363,0.4307923115903687,0.24648759832275766,SIDE,0.4307923115903687,SIDE,True,0.4307923115903687,1.0,16,65.84753869542212
NIFTY_50,2026-02-03,2026-02-04,BEAR,0.5299430653136065,0.11422033536011403,0.47662529713385965,0.4091543675060264,SIDE,0.47662529713385965,SIDE,True,0.4091543675060264,0.9,2,50.049262050361584
NIFTY_AUTO,2026-02-03,2026-02-04,SIDE,0.5993601121190995,0.13360467848498855,0.4974080387063319,0.36898728280867954,SIDE,0.4974080387063319,SIDE,True,0.4974080387063319,0.7,1,48.84448232237991
NIFTY_BANK,2026-02-03,2026-02-04,SIDE,0.9768015511185795,0.1477250513084103,0.7392325109545771,0.1130424377370126,SIDE,0.7392325109545771,SIDE,True,0.7392325109545771,1.0,65,84.35395065727464
NIFTY_FIN_SERVICE,2026-02-03,2026-02-04,BULL,0.9249961017863413,0.543184751045775,0.3023617618214907,0.1544534871327343,BULL,0.543184751045775,BULL,True,0.543184751045775,1.0,65,72.5910850627465
NIFTY_IT,2026-02-03,2026-02-04,SIDE,0.9937506712975211,0.16939538940589566,0.6648923445297082,0.16571226606439618,SIDE,0.6648923445297082,BEAR,False,0.6648923445297082,1.0,28,79.8935406717825
NIFTY_PHARMA,2026-02-03,2026-02-04,BEAR,0.9331298438080398,0.12776539264330652,0.3886615850689208,0.4835730222877728,BEAR,0.4835730222877728,BEAR,True,0.4835730222877728,0.8,1,50.514381337266364
SENSEX,2026-02-03,2026-02-04,SIDE,0.9423131158499389,0.13536918670575238,0.7263694753080817,0.13826133798616577,SIDE,0.7263694753080817,SIDE,True,0.7263694753080817,0.9,2,69.0821685184849
INDIA_VIX,2026-02-04,2026-02-05,SIDE,0.9980926964719935,0.2601524351215144,0.46924610561369473,0.27060145926479084,SIDE,0.46924610561369473,SIDE,True,0.46924610561369473,1.0,17,68.15476633682168
NIFTY_50,2026-02-04,2026-02-05,SIDE,0.9939446017001513,0.12229611280453594,0.7937600979928474,0.08394378920261657,SIDE,0.7937600979928474,SIDE,True,0.7937600979928474,0.9,3,74.62560587957084
NIFTY_AUTO,2026-02-04,2026-02-05,SIDE,0.9990761036600241,0.18115401283697347,0.7131030944765556,0.1057428926864709,SIDE,0.7131030944765556,SIDE,True,0.7131030944765556,0.7,2,63.28618566859334
NIFTY_BANK,2026-02-04,2026-02-05,SIDE,0.9849369092407477,0.14542696286319062,0.7488520945366796,0.10572094260012971,SIDE,0.7488520945366796,SIDE,True,0.7488520945366796,1.0,66,84.93112567220076
NIFTY_FIN_SERVICE,2026-02-04,2026-02-05,BULL,0.9819384633671724,0.5919893557721381,0.32530124886557327,0.08270939536228879,BULL,0.5919893557721381,BULL,True,0.5919893557721381,1.0,66,75.51936134632828
NIFTY_IT,2026-02-04,2026-02-05,BEAR,0.9999990596696884,0.06654991593962503,0.2771252766606115,0.6563248073997634,BEAR,0.6563248073997634,BEAR,True,0.6563248073997634,1.0,29,79.3794884439858
NIFTY_PHARMA,2026-02-04,2026-02-05,BEAR,0.8867564642858098,0.12735201586135272,0.40264929762912366,0.4699986865095236,BEAR,0.4699986865095236,BEAR,True,0.4699986865095236,0.9,2,53.69992119057142
SENSEX,2026-02-04,2026-02-05,SIDE,0.9948599935246187,0.11596111256392905,0.7875500951363061,0.09648879229976483,SIDE,0.7875500951363061,SIDE,True,0.7875500951363061,0.9,3,74.25300570817836
INDIA_VIX,2026-02-05,2026-02-06,SIDE,0.9996210374214572,0.2594161675852999,0.46964684793750283,0.27093698447719733,SIDE,0.46964684793750283,SIDE,True,0.46964684793750283,1.0,18,68.17881087625017
NIFTY_50,2026-02-05,2026-02-06,SIDE,0.9989444062960396,0.11710652986159137,0.8009838218598414,0.08190964827856721,SIDE,0.8009838218598414,SIDE,True,0.8009838218598414,0.9,4,76.55902931159049
NIFTY_AUTO,2026-02-05,2026-02-06,SIDE,0.9998657017244176,0.1812325709193896,0.7140469245093244,0.10472050457128593,SIDE,0.7140469245093244,SIDE,True,0.7140469245093244,0.7,3,64.84281547055947
NIFTY_BANK,2026-02-05,2026-02-06,SIDE,0.9976344571487236,0.12908161981902624,0.7635098452240967,0.1074085349568772,SIDE,0.7635098452240967,SIDE,True,0.7635098452240967,1.0,67,85.8105907134458
NIFTY_FIN_SERVICE,2026-02-05,2026-02-06,BULL,0.8099973170840917,0.5229770523027047,0.3943563412197608,0.08266660647753447,BULL,0.5229770523027047,BULL,True,0.5229770523027047,1.0,67,71.37862313816228
NIFTY_IT,2026-02-05,2026-02-06,BEAR,0.9999999192637122,0.0665498065691588,0.2771248442590292,0.6563253491718121,BEAR,0.6563253491718121,BEAR,True,0.6563253491718121,0.1,1,43.379520950308724
NIFTY_PHARMA,2026-02-05,2026-02-06,BEAR,0.7802253581401077,0.1267588077744937,0.4341411135423653,0.43910007868314105,BEAR,0.43910007868314105,BEAR,True,0.43910007868314105,0.2,1,32.84600472098846
SENSEX,2026-02-05,2026-02-06,SIDE,0.9993303457955026,0.1090044937274025,0.79361449759247,0.0973810086801274,SIDE,0.79361449759247,SIDE,True,0.79361449759247,0.9,4,76.1168698555482
INDIA_VIX,2026-02-06,2026-02-09,SIDE,0.9952108962699026,0.25879899151419583,0.4685230463862271,0.272677962099577,SIDE,0.4685230463862271,SIDE,True,0.4685230463862271,1.0,19,68.11138278317362
NIFTY_50,2026-02-06,2026-02-09,SIDE,0.9987755259440951,0.11812092173901331,0.8010843931181175,0.08079468514286928,SIDE,0.8010843931181175,SIDE,True,0.8010843931181175,0.9,5,78.06506358708705
NIFTY_AUTO,2026-02-06,2026-02-09,SIDE,0.9996219958711094,0.18114824855220596,0.7137282912892247,0.10512346015856945,SIDE,0.7137282912892247,SIDE,True,0.7137282912892247,0.7,4,66.32369747735348
NIFTY_BANK,2026-02-06,2026-02-09,SIDE,0.9968457471079528,0.13017452061979462,0.7625397349032611,0.10728574447694421,SIDE,0.7625397349032611,SIDE,True,0.7625397349032611,1.0,68,85.75238409419566
NIFTY_FIN_SERVICE,2026-02-06,2026-02-09,BULL,0.9284396338773091,0.5694223215548551,0.3480727729716981,0.08250490547344679,BULL,0.5694223215548551,BULL,True,0.5694223215548551,1.0,68,74.16533929329131
NIFTY_IT,2026-02-06,2026-02-09,BEAR,0.9999999999398692,0.06654979630431407,0.27712480367645537,0.6563254000192307,BEAR,0.6563254000192307,BEAR,True,0.6563254000192307,0.2,2,47.37952400115384
NIFTY_PHARMA,2026-02-06,2026-02-09,BEAR,0.992831173240173,0.12844661134631147,0.3702496547999619,0.5013037338537267,BEAR,0.5013037338537267,SIDE,False,0.5013037338537267,0.8,1,51.578224031223606
SENSEX,2026-02-06,2026-02-09,SIDE,0.9983651823457687,0.11085968147779846,0.7922944578615149,0.09684586066068679,SIDE,0.7922944578615149,SIDE,True,0.7922944578615149,0.9,5,77.53766747169088
INDIA_VIX,2026-02-09,2026-02-10,SIDE,0.9996654305182371,0.25942049200887124,0.46965821210832553,0.2709212958828032,SIDE,0.46965821210832553,SIDE,True,0.46965821210832553,1.0,20,68.17949272649953
NIFTY_50,2026-02-09,2026-02-10,SIDE,0.9678596162433482,0.15468464001306872,0.7659387360156967,0.07937662397123453,SIDE,0.7659387360156967,SIDE,True,0.7659387360156967,0.9,6,77.4563241609418
NIFTY_AUTO,2026-02-09,2026-02-10,SIDE,0.999809367961823,0.18136004118195886,0.7140383632635423,0.1046015955544988,SIDE,0.7140383632635423,SIDE,True,0.7140383632635423,0.7,5,67.84230179581253
NIFTY_BANK,2026-02-09,2026-02-10,SIDE,0.6911779120508218,0.3401691796681043,0.570650148785993,0.08918067154590278,SIDE,0.570650148785993,SIDE,True,0.570650148785993,1.0,69,74.23900892715957
NIFTY_FIN_SERVICE,2026-02-09,2026-02-10,BULL,0.9999919977441334,0.5999321014553812,0.31726043471970244,0.08280746382491634,BULL,0.5999321014553812,BULL,True,0.5999321014553812,1.0,69,75.99592608732287
NIFTY_IT,2026-02-09,2026-02-10,BEAR,0.9999999997184095,0.06654979633249154,0.2771248037878563,0.6563253998796521,BEAR,0.6563253998796521,BEAR,True,0.6563253998796521,0.3,3,51.37952399277913
NIFTY_PHARMA,2026-02-09,2026-02-10,SIDE,0.9344580546445527,0.14104882016259207,0.6949149504235906,0.16403622941381735,SIDE,0.6949149504235906,SIDE,True,0.6949149504235906,0.8,2,64.69489702541544
SENSEX,2026-02-09,2026-02-10,SIDE,0.9757513892645,0.14007745380282233,0.7648864553574902,0.0950360908396875,SIDE,0.7648864553574902,SIDE,True,0.7648864553574902,0.9,6,77.3931873214494
INDIA_VIX,2026-02-10,2026-02-11,SIDE,0.8831431449351748,0.24293633013777982,0.44167237370897683,0.3153912961532434,SIDE,0.44167237370897683,SIDE,True,0.44167237370897683,0.1,1,30.500342422538612
NIFTY_50,2026-02-10,2026-02-11,SIDE,0.8517067098665569,0.2414003253909289,0.6794490303799907,0.07915064422908041,SIDE,0.6794490303799907,SIDE,True,0.6794490303799907,0.9,7,73.76694182279944
NIFTY_AUTO,2026-02-10,2026-02-11,SIDE,0.9529064449137602,0.21792611003735923,0.681750385744315,0.10032350421832578,SIDE,0.681750385744315,BULL,False,0.681750385744315,0.7,6,67.4050231446589
NIFTY_BANK,2026-02-10,2026-02-11,SIDE,0.5132691302444433,0.416343349483812,0.49883317523702214,0.08482347527916584,SIDE,0.49883317523702214,BULL,False,0.49883317523702214,1.0,70,69.92999051422133
NIFTY_FIN_SERVICE,2026-02-10,2026-02-11,BULL,0.9999891602835891,0.5999308394292945,0.3172617162562279,0.08280744431447766,BULL,0.5999308394292945,BULL,True,0.5999308394292945,1.0,70,75.99585036575768
NIFTY_IT,2026-02-10,2026-02-11,BEAR,0.9999999938224531,0.06654979708266462,0.27712480675370293,0.6563253961636324,BEAR,0.6563253961636324,BEAR,True,0.6563253961636324,0.4,4,55.379523769817936
NIFTY_PHARMA,2026-02-10,2026-02-11,SIDE,0.9949795836300089,0.1476365718242196,0.7441221990369863,0.1082412291387942,SIDE,0.7441221990369863,SIDE,True,0.7441221990369863,0.8,3,69.14733194221918
SENSEX,2026-02-10,2026-02-11,SIDE,0.9071054513619293,0.2015874770317058,0.7060426435197148,0.09236987944857944,SIDE,0.7060426435197148,SIDE,True,0.7060426435197148,0.9,7,75.36255861118289
INDIA_VIX,2026-02-11,2026-02-12,SIDE,0.5117596315385645,0.1924307795261837,0.363076000624421,0.4444932198493953,BEAR,0.4444932198493953,SIDE,False,0.363076000624421,0.2,2,29.78456003746526
NIFTY_50,2026-02-11,2026-02-12,SIDE,0.6643735891133872,0.33062864327544816,0.5871519597531405,0.08221939697141126,SIDE,0.5871519597531405,SIDE,True,0.5871519597531405,0.9,8,69.72911758518843
NIFTY_AUTO,2026-02-11,2026-02-12,BULL,0.9560363603793471,0.6165457915050988,0.32029770815668684,0.06315650033821438,BULL,0.6165457915050988,BULL,True,0.6165457915050988,0.7,7,64.99274749030593
NIFTY_BANK,2026-02-11,2026-02-12,BULL,0.8290185868550267,0.5546142762664532,0.36450177150844876,0.080883952225098,BULL,0.5546142762664532,BULL,True,0.5546142762664532,1.0,71,73.2768565759872
NIFTY_FIN_SERVICE,2026-02-11,2026-02-12,BULL,0.9999985604291748,0.5999350215480308,0.31725747218934225,0.0828075062626269,BULL,0.5999350215480308,BULL,True,0.5999350215480308,1.0,71,75.99610129288185
NIFTY_IT,2026-02-11,2026-02-12,BEAR,0.9999999999994589,0.06654979629673213,0.27712480364647996,0.656325400056788,BEAR,0.656325400056788,BEAR,True,0.656325400056788,0.5,5,59.37952400340727
NIFTY_PHARMA,2026-02-11,2026-02-12,SIDE,0.9999009625531451,0.14851616812252882,0.7494198993829061,0.10206393249456502,SIDE,0.7494198993829061,SIDE,True,0.7494198993829061,0.8,4,70.96519396297435
SENSEX,2026-02-11,2026-02-12,SIDE,0.9067904869887641,0.20181823674055885,0.7058187035386022,0.09236305972083891,SIDE,0.7058187035386022,SIDE,True,0.7058187035386022,0.9,8,76.84912221231613
INDIA_VIX,2026-02-12,2026-02-13,SIDE,0.6649459810745254,0.21301915418443143,0.3948494092204743,0.3921314365950943,SIDE,0.3948494092204743,SIDE,True,0.3948494092204743,0.3,3,35.690964553228454
NIFTY_50,2026-02-12,2026-02-13,SIDE,0.9815546327332854,0.13988800563701798,0.7802489238463871,0.07986307051659491,SIDE,0.7802489238463871,SIDE,True,0.7802489238463871,0.9,9,82.81493543078322
NIFTY_AUTO,2026-02-12,2026-02-13,BULL,0.9971248186087038,0.6370089539986609,0.3010208905759549,0.06197015542538424,BULL,0.6370089539986609,BULL,True,0.6370089539986609,0.8,8,70.22053723991965
NIFTY_BANK,2026-02-12,2026-02-13,BULL,0.9259959731641012,0.5986347251461466,0.3205228748777219,0.08084239997613141,BULL,0.5986347251461466,SIDE,False,0.5986347251461466,1.0,72,75.9180835087688
NIFTY_FIN_SERVICE,2026-02-12,2026-02-13,BULL,0.999999858014015,0.5999355988523198,0.3172568863459743,0.0828075148017058,BULL,0.5999355988523198,BULL,True,0.5999355988523198,1.0,72,75.9961359311392
NIFTY_IT,2026-02-12,2026-02-13,BEAR,1.0,0.0665497962966633,0.27712480364620773,0.6563254000571289,BEAR,0.6563254000571289,BEAR,True,0.6563254000571289,0.6,6,63.37952400342773
NIFTY_PHARMA,2026-02-12,2026-02-13,SIDE,0.9999279388562688,0.14844560392344716,0.7494432737862123,0.10211112229034057,SIDE,0.7494432737862123,SIDE,True,0.7494432737862123,0.8,5,72.46659642717273
SENSEX,2026-02-12,2026-02-13,SIDE,0.9978293695862347,0.11162489046615764,0.7915512289948566,0.09682388053898576,SIDE,0.7915512289948566,SIDE,True,0.7915512289948566,0.9,9,83.4930737396914
INDIA_VIX,2026-02-13,2026-02-16,SIDE,0.9832452005832457,0.26641836137684966,0.46540741805841707,0.26817422056473333,SIDE,0.46540741805841707,SIDE,True,0.46540741805841707,0.7,1,46.92444508350502
NIFTY_50,2026-02-13,2026-02-16,SIDE,0.9322676634897833,0.11040777688623983,0.7175366820547003,0.17205554105905974,SIDE,0.7175366820547003,SIDE,True,0.7175366820547003,1.0,10,83.05220092328202
NIFTY_AUTO,2026-02-13,2026-02-16,BULL,0.6590657898145995,0.49209498535444035,0.43557314246923423,0.07233187217632538,BULL,0.49209498535444035,SIDE,False,0.49209498535444035,0.9,9,65.52569912126643
NIFTY_BANK,2026-02-13,2026-02-16,SIDE,0.9395419337032387,0.19125326976121967,0.7072547458583602,0.10149198438042005,SIDE,0.7072547458583602,BULL,False,0.7072547458583602,1.0,73,82.43528475150161
NIFTY_FIN_SERVICE,2026-02-13,2026-02-16,BULL,0.9993895939518808,0.5996641413733712,0.3175322150668087,0.08280364355981992,BULL,0.5996641413733712,BULL,True,0.5996641413733712,1.0,73,75.97984848240228
NIFTY_IT,2026-02-13,2026-02-16,BEAR,1.0,0.0665497962966633,0.27712480364620773,0.6563254000571289,BEAR,0.6563254000571289,BEAR,True,0.6563254000571289,0.7,7,67.37952400342773
NIFTY_PHARMA,2026-02-13,2026-02-16,SIDE,0.994491958215642,0.14756177221815442,0.7436150801623714,0.10882314761947413,SIDE,0.7436150801623714,SIDE,True,0.7436150801623714,0.8,6,73.6169048097423
SENSEX,2026-02-13,2026-02-16,SIDE,0.8570374987653319,0.10329267131834428,0.6702879828526578,0.226419345828998,SIDE,0.6702879828526578,SIDE,True,0.6702879828526578,1.0,10,80.21727897115947
INDIA_VIX,2026-02-16,2026-02-17,SIDE,0.9987106081788224,0.2599394238435846,0.46940711847162075,0.2706534576847946,SIDE,0.46940711847162075,SIDE,True,0.46940711847162075,0.7,2,48.66442710829725
NIFTY_50,2026-02-16,2026-02-17,SIDE,0.997820453511383,0.11753532701706178,0.7990193757438289,0.08344529723910932,SIDE,0.7990193757438289,SIDE,True,0.7990193757438289,1.0,11,87.94116254462972
NIFTY_AUTO,2026-02-16,2026-02-17,SIDE,0.9926171985233035,0.18750951452262946,0.7086121797084339,0.10387830576893657,SIDE,0.7086121797084339,SIDE,True,0.7086121797084339,1.0,10,82.51673078250604
NIFTY_BANK,2026-02-16,2026-02-17,BULL,0.7075719079044107,0.5042180219412769,0.4140876747275722,0.08169430333115099,BULL,0.5042180219412769,BULL,True,0.5042180219412769,1.0,74,70.25308131647662
NIFTY_FIN_SERVICE,2026-02-16,2026-02-17,BULL,0.9999916689477136,0.5999319553032809,0.31726058333504825,0.08280746136167073,BULL,0.5999319553032809,BULL,True,0.5999319553032809,1.0,74,75.99591731819685
NIFTY_IT,2026-02-16,2026-02-17,BEAR,1.0,0.0665497962966633,0.27712480364620773,0.6563254000571289,BEAR,0.6563254000571289,BEAR,True,0.6563254000571289,0.8,8,71.37952400342775
NIFTY_PHARMA,2026-02-16,2026-02-17,SIDE,0.9999277810483576,0.14846356243401912,0.7494446649197125,0.10209177264626848,SIDE,0.7494446649197125,SIDE,True,0.7494446649197125,0.9,7,77.96667989518275
SENSEX,2026-02-16,2026-02-17,SIDE,0.9983610989369829,0.10909007462959523,0.7921634484181738,0.09874647695223096,SIDE,0.7921634484181738,SIDE,True,0.7921634484181738,1.0,11,87.52980690509042
INDIA_VIX,2026-02-17,2026-02-18,SIDE,0.999549876609949,0.25958109480749936,0.46962671135911704,0.2707921938333836,SIDE,0.46962671135911704,SIDE,True,0.46962671135911704,0.4,1,39.67760268154702
NIFTY_50,2026-02-17,2026-02-18,SIDE,0.999112287903778,0.11770124255118125,0.8015569278398011,0.08074182960901763,SIDE,0.8015569278398011,SIDE,True,0.8015569278398011,1.0,12,88.09341567038807
NIFTY_AUTO,2026-02-17,2026-02-18,SIDE,0.9975433488089435,0.18337424396056445,0.7123291276510644,0.10429662838837131,SIDE,0.7123291276510644,SIDE,True,0.7123291276510644,1.0,11,82.73974765906385
NIFTY_BANK,2026-02-17,2026-02-18,BULL,0.9920968870380055,0.6321461814763786,0.2866242007606383,0.08122961776298325,BULL,0.6321461814763786,BULL,True,0.6321461814763786,1.0,75,77.9287708885827
NIFTY_FIN_SERVICE,2026-02-17,2026-02-18,BULL,0.9999131599360265,0.5998970305310988,0.31729602964084785,0.0828069398280534,BULL,0.5998970305310988,BULL,True,0.5998970305310988,1.0,75,75.99382183186593
NIFTY_IT,2026-02-17,2026-02-18,BEAR,1.0,0.0665497962966633,0.27712480364620773,0.6563254000571289,BEAR,0.6563254000571289,BEAR,True,0.6563254000571289,0.9,9,75.37952400342773
NIFTY_PHARMA,2026-02-17,2026-02-18,SIDE,0.9997431508707337,0.14870794085126754,0.7492640393336973,0.10202801981503509,SIDE,0.7492640393336973,SIDE,True,0.7492640393336973,0.9,8,79.45584236002185
SENSEX,2026-02-17,2026-02-18,SIDE,0.9994101525760553,0.10921157945672981,0.7937498121011645,0.09703860844210575,SIDE,0.7937498121011645,SIDE,True,0.7937498121011645,1.0,12,87.62498872606986
INDIA_VIX,2026-02-18,2026-02-19,SIDE,0.9987732565139452,0.25939340877201633,0.46942920979430336,0.27117738143368036,SIDE,0.46942920979430336,SIDE,True,0.46942920979430336,0.1,1,32.165752587658204
NIFTY_50,2026-02-18,2026-02-19,SIDE,0.9966796803919501,0.12124792636743162,0.7984335364130908,0.08031853721947767,SIDE,0.7984335364130908,SIDE,True,0.7984335364130908,1.0,13,87.90601218478545
NIFTY_AUTO,2026-02-18,2026-02-19,SIDE,0.984808021398292,0.1939784752795344,0.7029677600287965,0.10305376469166913,SIDE,0.7029677600287965,SIDE,True,0.7029677600287965,0.1,1,46.178065601727795
NIFTY_BANK,2026-02-18,2026-02-19,BULL,0.9999534684385796,0.6364016038939916,0.28229329454915364,0.08130510155685491,BULL,0.6364016038939916,BULL,True,0.6364016038939916,1.0,76,78.1840962336395
NIFTY_FIN_SERVICE,2026-02-18,2026-02-19,BULL,0.9999980586678054,0.5999347983702824,0.3172576988048528,0.08280750282486482,BULL,0.5999347983702824,BULL,True,0.5999347983702824,0.1,1,39.99608790221695
NIFTY_IT,2026-02-18,2026-02-19,BEAR,1.0,0.0665497962966633,0.27712480364620773,0.6563254000571289,BEAR,0.6563254000571289,BEAR,True,0.6563254000571289,1.0,10,79.37952400342773
NIFTY_PHARMA,2026-02-18,2026-02-19,SIDE,0.999551201712373,0.14892401150431084,0.7490732747300769,0.10200271376561235,SIDE,0.7490732747300769,SIDE,True,0.7490732747300769,0.9,9,80.94439648380461
SENSEX,2026-02-18,2026-02-19,SIDE,0.9983298099147171,0.11094120028243665,0.7922478136142341,0.09681098610332924,SIDE,0.7922478136142341,SIDE,True,0.7922478136142341,1.0,13,87.53486881685404
INDIA_VIX,2026-02-19,2026-02-20,SIDE,0.9961175951528713,0.2610352019432258,0.46873043149055893,0.27023436656621524,SIDE,0.46873043149055893,SIDE,True,0.46873043149055893,0.5,1,42.12382588943353
NIFTY_50,2026-02-19,2026-02-20,SIDE,0.8648160723007198,0.10839536997531986,0.6659353161222178,0.2256693139024625,SIDE,0.6659353161222178,SIDE,True,0.6659353161222178,1.0,14,79.95611896733307
NIFTY_AUTO,2026-02-19,2026-02-20,SIDE,0.9976830609195255,0.1805575197769712,0.7112671795106029,0.10817530071242595,SIDE,0.7112671795106029,SIDE,True,0.7112671795106029,0.9,1,66.67603077063617
NIFTY_BANK,2026-02-19,2026-02-20,BULL,0.5447581602731282,0.43945734478295334,0.4763873389331282,0.08415531628391852,SIDE,0.4763873389331282,BULL,False,0.43945734478295334,1.0,77,66.3674406869772
NIFTY_FIN_SERVICE,2026-02-19,2026-02-20,BULL,0.9456669016072154,0.576517277536933,0.3408557602728439,0.08262696219022313,BULL,0.576517277536933,BULL,True,0.576517277536933,0.9,1,58.59103665221599
NIFTY_IT,2026-02-19,2026-02-20,BEAR,1.0,0.0665497962966633,0.27712480364620773,0.6563254000571289,BEAR,0.6563254000571289,BEAR,True,0.6563254000571289,1.0,11,79.37952400342773
NIFTY_PHARMA,2026-02-19,2026-02-20,SIDE,0.9999183690727474,0.14845291570018812,0.7494334338831508,0.10211365041666104,SIDE,0.7494334338831508,SIDE,True,0.7494334338831508,1.0,10,84.96600603298904
SENSEX,2026-02-19,2026-02-20,SIDE,0.6148729426982601,0.10537789960190815,0.555473070526004,0.33914902987208784,SIDE,0.555473070526004,SIDE,True,0.555473070526004,1.0,14,73.32838423156024
INDIA_VIX,2026-02-20,2026-02-23,SIDE,0.9077863654688473,0.29638972571820604,0.44694748235664983,0.25666279192514424,SIDE,0.44694748235664983,SIDE,True,0.44694748235664983,0.6,2,44.81684894139899
NIFTY_50,2026-02-20,2026-02-23,SIDE,0.9914872328651533,0.11541560888829852,0.7872511507257307,0.09733324038597076,SIDE,0.7872511507257307,SIDE,True,0.7872511507257307,1.0,15,87.23506904354385
NIFTY_AUTO,2026-02-20,2026-02-23,SIDE,0.9998180362646013,0.18121090521162944,0.7139822221438971,0.10480687264447344,SIDE,0.7139822221438971,SIDE,True,0.7139822221438971,0.9,2,68.33893332863383
NIFTY_BANK,2026-02-20,2026-02-23,BULL,0.7607917090224903,0.5258743142116394,0.3928817075986861,0.08124397818967459,BULL,0.5258743142116394,BULL,True,0.5258743142116394,1.0,78,71.55245885269838
NIFTY_FIN_SERVICE,2026-02-20,2026-02-23,BULL,0.9711642909375395,0.5873402017558822,0.3300146544803935,0.0826451437637243,BULL,0.5873402017558822,BULL,True,0.5873402017558822,0.2,1,41.74041210535293
NIFTY_IT,2026-02-20,2026-02-23,BEAR,1.0,0.0665497962966633,0.27712480364620773,0.6563254000571289,BEAR,0.6563254000571289,BEAR,True,0.6563254000571289,1.0,12,79.37952400342773
NIFTY_PHARMA,2026-02-20,2026-02-23,SIDE,0.9999212824965165,0.14848129799130053,0.7494390976106297,0.10207960439806982,SIDE,0.7494390976106297,SIDE,True,0.7494390976106297,1.0,11,84.96634585663779
SENSEX,2026-02-20,2026-02-23,SIDE,0.9405855113966334,0.10477767917524516,0.7292090284959665,0.16601329232878834,SIDE,0.7292090284959665,SIDE,True,0.7292090284959665,1.0,15,83.75254170975799
INDIA_VIX,2026-02-23,2026-02-24,SIDE,0.9477828057664631,0.28080900446698176,0.45653500017110277,0.2626559953619155,SIDE,0.45653500017110277,SIDE,True,0.45653500017110277,0.7,3,49.39210001026616
NIFTY_50,2026-02-23,2026-02-24,SIDE,0.9992605628873168,0.11725988558834556,0.8016570490914571,0.08108306532019749,SIDE,0.8016570490914571,SIDE,True,0.8016570490914571,1.0,16,88.09942294548743
NIFTY_AUTO,2026-02-23,2026-02-24,SIDE,0.9999026547009852,0.18131092287757822,0.7141244790996308,0.10456459802279108,SIDE,0.7141244790996308,SIDE,True,0.7141244790996308,0.2,1,49.34746874597785
NIFTY_BANK,2026-02-23,2026-02-24,BULL,0.8786556438333138,0.5765565226369187,0.34265798520956003,0.08078549215352125,BULL,0.5765565226369187,SIDE,False,0.5765565226369187,1.0,79,74.59339135821511
NIFTY_FIN_SERVICE,2026-02-23,2026-02-24,BULL,0.9998465769529065,0.5998674153660024,0.31732609008219853,0.08280649455179907,BULL,0.5998674153660024,BULL,True,0.5998674153660024,0.3,2,46.492044921960144
NIFTY_IT,2026-02-23,2026-02-24,BEAR,1.0,0.0665497962966633,0.27712480364620773,0.6563254000571289,BEAR,0.6563254000571289,BEAR,True,0.6563254000571289,1.0,13,79.37952400342773
NIFTY_PHARMA,2026-02-23,2026-02-24,SIDE,0.9994315113187577,0.14905707748764066,0.7489543486999872,0.10198857381237209,SIDE,0.7489543486999872,SIDE,True,0.7489543486999872,1.0,12,84.93726092199924
SENSEX,2026-02-23,2026-02-24,SIDE,0.9993014334213509,0.10883104481865577,0.7935593351186759,0.09760962006266817,SIDE,0.7935593351186759,BEAR,False,0.7935593351186759,1.0,16,87.61356010712056
INDIA_VIX,2026-02-24,2026-02-25,SIDE,0.9853909506666704,0.2655273829582266,0.4659572666429358,0.26851535039883756,SIDE,0.4659572666429358,SIDE,True,0.4659572666429358,0.7,4,51.45743599857615
NIFTY_50,2026-02-24,2026-02-25,SIDE,0.8448832455415668,0.1081080595080279,0.6531017316628681,0.23879020882910387,SIDE,0.6531017316628681,SIDE,True,0.6531017316628681,1.0,17,79.18610389977209
NIFTY_AUTO,2026-02-24,2026-02-25,SIDE,0.99990275027056,0.1812382299880332,0.7140922890488506,0.10466948096311614,SIDE,0.7140922890488506,SIDE,True,0.7140922890488506,0.8,1,64.34553734293104
NIFTY_BANK,2026-02-24,2026-02-25,SIDE,0.5389641648325355,0.4058841264575408,0.5087637501012547,0.0853521234412045,SIDE,0.5087637501012547,SIDE,True,0.5087637501012547,1.0,80,70.52582500607528
NIFTY_FIN_SERVICE,2026-02-24,2026-02-25,BULL,0.9761943608834938,0.5895051049782305,0.3278249148637616,0.08266998015800796,BULL,0.5895051049782305,BULL,True,0.5895051049782305,0.7,1,54.370306298693826
NIFTY_IT,2026-02-24,2026-02-25,BEAR,1.0,0.0665497962966633,0.27712480364620773,0.6563254000571289,BEAR,0.6563254000571289,BEAR,True,0.6563254000571289,1.0,14,79.37952400342773
NIFTY_PHARMA,2026-02-24,2026-02-25,SIDE,0.9988274412804671,0.14972481640278945,0.7483558056757549,0.10191937792145564,SIDE,0.7483558056757549,BULL,False,0.7483558056757549,1.0,13,84.9013483405453
SENSEX,2026-02-24,2026-02-25,BEAR,0.7781394091437249,0.11552411404968478,0.4120765971322306,0.4723992888180847,BEAR,0.4723992888180847,BEAR,True,0.4723992888180847,1.0,17,68.34395732908509
INDIA_VIX,2026-02-25,2026-02-26,SIDE,0.9992102758182302,0.25972781308242987,0.46953780508451837,0.2707343818330519,SIDE,0.46953780508451837,SIDE,True,0.46953780508451837,0.7,5,53.1722683050711
NIFTY_50,2026-02-25,2026-02-26,SIDE,0.9486706412247334,0.11129786094452405,0.7331556202273802,0.15554651882809573,SIDE,0.7331556202273802,SIDE,True,0.7331556202273802,1.0,18,83.98933721364283
NIFTY_AUTO,2026-02-25,2026-02-26,SIDE,0.9874604903047125,0.19182410492167465,0.7048673952337418,0.10330849984458347,SIDE,0.7048673952337418,SIDE,True,0.7048673952337418,0.3,1,51.2920437140245
NIFTY_BANK,2026-02-25,2026-02-26,SIDE,0.8889081253993515,0.23082976154964516,0.6715555767221857,0.09761466172816924,SIDE,0.6715555767221857,SIDE,True,0.6715555767221857,1.0,81,80.29333460333113
NIFTY_FIN_SERVICE,2026-02-25,2026-02-26,BULL,0.9808094498569813,0.5915034805586817,0.3258037593071026,0.08269276013421564,BULL,0.5915034805586817,BULL,True,0.5915034805586817,0.7,2,55.9902088335209
NIFTY_IT,2026-02-25,2026-02-26,BEAR,1.0,0.0665497962966633,0.27712480364620773,0.6563254000571289,BEAR,0.6563254000571289,BEAR,True,0.6563254000571289,1.0,15,79.37952400342773
NIFTY_PHARMA,2026-02-25,2026-02-26,BULL,0.9243357434408582,0.5819050666157505,0.34349857684673973,0.07459635653750972,BULL,0.5819050666157505,BULL,True,0.5819050666157505,0.1,1,38.91430399694503
SENSEX,2026-02-25,2026-02-26,BEAR,0.9457470802936485,0.12198199643076568,0.3496708686017951,0.5283471349674393,BEAR,0.5283471349674393,BEAR,True,0.5283471349674393,1.0,18,71.70082809804636
INDIA_VIX,2026-02-26,2026-02-27,SIDE,0.999807733453856,0.25947357169349194,0.46969420397106465,0.27083222433544335,SIDE,0.46969420397106465,SIDE,True,0.46969420397106465,0.7,6,54.68165223826388
NIFTY_50,2026-02-26,2026-02-27,SIDE,0.981114278590827,0.1140024649987204,0.7713588601558055,0.11463867484547409,SIDE,0.7713588601558055,BEAR,False,0.7713588601558055,1.0,19,86.28153160934832
NIFTY_AUTO,2026-02-26,2026-02-27,SIDE,0.8452769628303706,0.2826637630242156,0.6243009180473772,0.09303531892840727,SIDE,0.6243009180473772,SIDE,True,0.6243009180473772,0.4,2,50.458055082842634
NIFTY_BANK,2026-02-26,2026-02-27,SIDE,0.9290616266683698,0.20037552304355774,0.699267543857709,0.10035693309873325,SIDE,0.699267543857709,SIDE,True,0.699267543857709,1.0,82,81.95605263146254
NIFTY_FIN_SERVICE,2026-02-26,2026-02-27,BULL,0.9269734093544583,0.5688222994994098,0.34867857302448474,0.0824991274761054,BULL,0.5688222994994098,SIDE,False,0.5688222994994098,0.7,3,56.12933796996459
NIFTY_IT,2026-02-26,2026-02-27,BEAR,1.0,0.0665497962966633,0.27712480364620773,0.6563254000571289,BEAR,0.6563254000571289,BEAR,True,0.6563254000571289,1.0,16,79.37952400342773
NIFTY_PHARMA,2026-02-26,2026-02-27,BULL,0.9999944931690243,0.6160583693012859,0.30959495175222046,0.07434667894649363,BULL,0.6160583693012859,SIDE,False,0.6160583693012859,0.2,2,44.96350215807715
SENSEX,2026-02-26,2026-02-27,BEAR,0.9806026130963399,0.12355585063571568,0.33579497450937174,0.5406491748549126,BEAR,0.5406491748549126,BEAR,True,0.5406491748549126,1.0,19,72.43895049129475
INDIA_VIX,2026-02-27,2026-03-02,SIDE,0.9997167091491111,0.25951319237778814,0.46967035769390414,0.2708164499283077,SIDE,0.46967035769390414,BULL,False,0.46967035769390414,0.2,1,34.68022146163425
NIFTY_50,2026-02-27,2026-03-02,BEAR,0.9921753552061652,0.1299318363803534,0.2801780865027546,0.5898900771168919,BEAR,0.5898900771168919,BEAR,True,0.5898900771168919,1.0,20,75.39340462701351
NIFTY_AUTO,2026-02-27,2026-03-02,SIDE,0.9998356606422969,0.18122887372312954,0.7140105500079936,0.10476057626887673,SIDE,0.7140105500079936,SIDE,True,0.7140105500079936,0.5,3,59.84063300047963
NIFTY_BANK,2026-02-27,2026-03-02,SIDE,0.9997885208654987,0.12590355003819106,0.7662014131639402,0.10789503679786869,SIDE,0.7662014131639402,SIDE,True,0.7662014131639402,1.0,83,85.97208478983642
NIFTY_FIN_SERVICE,2026-02-27,2026-03-02,SIDE,0.9705295130321158,0.1458234240498638,0.7257110867658044,0.1284654891843318,SIDE,0.7257110867658044,BEAR,False,0.7257110867658044,0.7,4,67.04266520594825
NIFTY_IT,2026-02-27,2026-03-02,BEAR,1.0,0.0665497962966633,0.27712480364620773,0.6563254000571289,BEAR,0.6563254000571289,BEAR,True,0.6563254000571289,1.0,17,79.37952400342773
NIFTY_PHARMA,2026-02-27,2026-03-02,SIDE,0.572883065773885,0.38945556781815444,0.5285401738599231,0.08200425832192239,SIDE,0.5285401738599231,SIDE,True,0.5285401738599231,0.3,3,43.71241043159539
SENSEX,2026-02-27,2026-03-02,BEAR,0.9999996154259447,0.12447509686619679,0.32787254001388777,0.5476523631199154,BEAR,0.5476523631199154,BEAR,True,0.5476523631199154,1.0,20,72.85914178719493
INDIA_VIX,2026-03-02,2026-03-04,BULL,0.9999999999999982,0.6541986612755304,0.2372669172427366,0.10853442148173305,BULL,0.6541986612755304,BULL,True,0.6541986612755304,0.1,1,43.25191967653183
NIFTY_50,2026-03-02,2026-03-04,BEAR,0.9999999982371366,0.1304368828434295,0.27595498678479274,0.5936081303717777,BEAR,0.5936081303717777,BEAR,True,0.5936081303717777,1.0,21,75.61648782230667
NIFTY_AUTO,2026-03-02,2026-03-04,SIDE,0.7166178368090901,0.1426497784746054,0.5423722519323124,0.3149779695930823,SIDE,0.5423722519323124,BEAR,False,0.5423722519323124,0.5,1,46.54233511593874
NIFTY_BANK,2026-03-02,2026-03-04,SIDE,0.9893433585251014,0.12418261400907404,0.7532016013547413,0.12261578463618451,SIDE,0.7532016013547413,BEAR,False,0.7532016013547413,1.0,84,85.19209608128448
NIFTY_FIN_SERVICE,2026-03-02,2026-03-04,BEAR,0.699170712481071,0.11009114293209002,0.4307381686605192,0.4591706884073908,BEAR,0.4591706884073908,BEAR,True,0.4591706884073908,0.7,5,52.550241304443446
NIFTY_IT,2026-03-02,2026-03-04,BEAR,1.0,0.0665497962966633,0.27712480364620773,0.6563254000571289,BEAR,0.6563254000571289,BEAR,True,0.6563254000571289,1.0,18,79.37952400342773
NIFTY_PHARMA,2026-03-02,2026-03-04,SIDE,0.934904136953537,0.20696024610280725,0.6966843091297328,0.09635544476745996,SIDE,0.6966843091297328,SIDE,True,0.6966843091297328,0.4,4,57.80105854778397
SENSEX,2026-03-02,2026-03-04,BEAR,0.9999999999985545,0.12447511538873564,0.32787238139133396,0.5476525032199305,BEAR,0.5476525032199305,BEAR,True,0.5476525032199305,1.0,21,72.85915019319583
INDIA_VIX,2026-03-04,2026-03-05,BULL,1.0,0.6541986612755314,0.23726691724273602,0.10853442148173256,BULL,0.6541986612755314,BULL,True,0.6541986612755314,0.2,2,47.251919676531884
NIFTY_50,2026-03-04,2026-03-05,BEAR,0.9999999999999991,0.13043688295855674,0.2759549858258239,0.5936081312156193,BEAR,0.5936081312156193,BEAR,True,0.5936081312156193,1.0,22,75.61648787293717
NIFTY_AUTO,2026-03-04,2026-03-05,BEAR,0.9999975491891088,0.09752841945061572,0.25689479346367333,0.645576787085711,BEAR,0.645576787085711,BEAR,True,0.645576787085711,0.5,2,54.23460722514266
NIFTY_BANK,2026-03-04,2026-03-05,BEAR,0.9973400081419601,0.10887757159895668,0.3130671425018964,0.5780552858991469,BEAR,0.5780552858991469,BEAR,True,0.5780552858991469,1.0,85,74.68331715394882
NIFTY_FIN_SERVICE,2026-03-04,2026-03-05,BEAR,0.9999999940815556,0.11135357232377611,0.31879676748451113,0.5698496601917127,BEAR,0.5698496601917127,BEAR,True,0.5698496601917127,0.7,6,60.69097961150275
NIFTY_IT,2026-03-04,2026-03-05,BEAR,1.0,0.0665497962966633,0.27712480364620773,0.6563254000571289,BEAR,0.6563254000571289,BEAR,True,0.6563254000571289,1.0,19,79.37952400342773
NIFTY_PHARMA,2026-03-04,2026-03-05,SIDE,0.9998467504276675,0.1484262409958666,0.7493527635787368,0.10222099542539659,SIDE,0.7493527635787368,SIDE,True,0.7493527635787368,0.6,1,61.461165814724204
SENSEX,2026-03-04,2026-03-05,BEAR,1.0,0.12447511538878582,0.3278723813907508,0.5476525032204633,BEAR,0.5476525032204633,BEAR,True,0.5476525032204633,0.1,1,36.859150193227805
INDIA_VIX,2026-03-05,2026-03-06,BULL,1.0,0.6541986612755314,0.23726691724273602,0.10853442148173256,BULL,0.6541986612755314,BULL,True,0.6541986612755314,0.3,3,51.251919676531884
NIFTY_50,2026-03-05,2026-03-06,BEAR,0.9999999856708561,0.13043688202323278,0.27595499362031223,0.5936081243564549,BEAR,0.5936081243564549,BEAR,True,0.5936081243564549,1.0,23,75.61648746138731
NIFTY_AUTO,2026-03-05,2026-03-06,BEAR,0.9960283879094189,0.09774058176019595,0.2591821352430129,0.6430772829967911,BEAR,0.6430772829967911,BEAR,True,0.6430772829967911,0.6,3,58.08463697980747
NIFTY_BANK,2026-03-05,2026-03-06,BEAR,0.9965809034785477,0.10886042657345285,0.31340466768739733,0.5777349057391498,BEAR,0.5777349057391498,BEAR,True,0.5777349057391498,1.0,86,74.66409434434898
NIFTY_FIN_SERVICE,2026-03-05,2026-03-06,BEAR,0.9999569769245578,0.11135297205237159,0.31881493375507264,0.5698320941925558,BEAR,0.5698320941925558,BEAR,True,0.5698320941925558,0.8,7,64.68992565155334
NIFTY_IT,2026-03-05,2026-03-06,BEAR,1.0,0.0665497962966633,0.27712480364620773,0.6563254000571289,BEAR,0.6563254000571289,BEAR,True,0.6563254000571289,1.0,20,79.37952400342773
NIFTY_PHARMA,2026-03-05,2026-03-06,SIDE,0.9913795172634648,0.15767051197126536,0.7412090848832695,0.10112040314546512,SIDE,0.7412090848832695,SIDE,True,0.7412090848832695,0.6,2,62.47254509299617
SENSEX,2026-03-05,2026-03-06,BEAR,0.9999999998286822,0.1244751153817648,0.32787238146058023,0.547652503157655,BEAR,0.547652503157655,BEAR,True,0.547652503157655,0.9,1,56.85915018945931
INDIA_VIX,2026-03-06,2026-03-09,BULL,1.0,0.6541986612755314,0.23726691724273602,0.10853442148173256,BULL,0.6541986612755314,BULL,True,0.6541986612755314,0.4,4,55.25191967653189
NIFTY_50,2026-03-06,2026-03-09,BEAR,0.9999999999999118,0.13043688295855113,0.2759549858258713,0.5936081312155775,BEAR,0.5936081312155775,BEAR,True,0.5936081312155775,1.0,24,75.61648787293466
NIFTY_AUTO,2026-03-06,2026-03-09,BEAR,0.9999383605783619,0.0975315778785963,0.25692909286449545,0.6455393292569083,BEAR,0.6455393292569083,BEAR,True,0.6455393292569083,0.6,4,59.732359755414485
NIFTY_BANK,2026-03-06,2026-03-09,BEAR,0.9999999997706075,0.10893813113871632,0.3118815415012304,0.5791803273600533,BEAR,0.5791803273600533,BEAR,True,0.5791803273600533,1.0,87,74.7508196416032
NIFTY_FIN_SERVICE,2026-03-06,2026-03-09,BEAR,0.9999999999998848,0.11135357237986954,0.3187967650019895,0.569849662618141,BEAR,0.569849662618141,BEAR,True,0.569849662618141,0.8,8,66.19097975708847
NIFTY_IT,2026-03-06,2026-03-09,BEAR,1.0,0.0665497962966633,0.27712480364620773,0.6563254000571289,BEAR,0.6563254000571289,BEAR,True,0.6563254000571289,1.0,21,79.37952400342773
NIFTY_PHARMA,2026-03-06,2026-03-09,SIDE,0.9981976067912227,0.15041637084373574,0.7477348494463244,0.10184877970993979,SIDE,0.7477348494463244,SIDE,True,0.7477348494463244,0.6,3,64.36409096677946
SENSEX,2026-03-06,2026-03-09,BEAR,0.9999999999999996,0.12447511538878593,0.32787238139075087,0.5476525032204632,BEAR,0.5476525032204632,BEAR,True,0.5476525032204632,0.2,1,39.35915019322779
INDIA_VIX,2026-03-09,2026-03-10,BULL,1.0,0.6541986612755314,0.23726691724273602,0.10853442148173256,BULL,0.6541986612755314,BULL,True,0.6541986612755314,0.5,5,59.25191967653187
NIFTY_50,2026-03-09,2026-03-10,BEAR,1.0,0.13043688295855685,0.27595498582582345,0.5936081312156198,BEAR,0.5936081312156198,BEAR,True,0.5936081312156198,0.1,1,39.61648787293719
NIFTY_AUTO,2026-03-09,2026-03-10,BEAR,1.0,0.0975282886737922,0.2568933731096721,0.6455783382165357,BEAR,0.6455783382165357,BEAR,True,0.6455783382165357,0.1,1,42.73470029299214
NIFTY_BANK,2026-03-09,2026-03-10,BEAR,1.0,0.10893813114396846,0.31188154139879426,0.5791803274572374,BEAR,0.5791803274572374,BEAR,True,0.5791803274572374,0.1,1,38.75081964743424
NIFTY_FIN_SERVICE,2026-03-09,2026-03-10,BEAR,1.0,0.11135357237976079,0.3187967650020111,0.5698496626182281,BEAR,0.5698496626182281,BEAR,True,0.5698496626182281,0.1,1,38.19097975709369
NIFTY_IT,2026-03-09,2026-03-10,BEAR,1.0,0.0665497962966633,0.27712480364620773,0.6563254000571289,BEAR,0.6563254000571289,BEAR,True,0.6563254000571289,1.0,22,79.37952400342773
NIFTY_PHARMA,2026-03-09,2026-03-10,SIDE,0.9994920562810014,0.14899143884604368,0.7490146411706264,0.1019939199833297,SIDE,0.7490146411706264,SIDE,True,0.7490146411706264,0.6,4,65.94087847023758
SENSEX,2026-03-09,2026-03-10,BEAR,1.0,0.12447511538878582,0.3278723813907508,0.5476525032204633,BEAR,0.5476525032204633,BEAR,True,0.5476525032204633,0.3,2,43.359150193227805
INDIA_VIX,2026-03-10,2026-03-11,BULL,1.0,0.6541986612755314,0.23726691724273602,0.10853442148173256,BULL,0.6541986612755314,BULL,True,0.6541986612755314,0.6,6,63.25191967653188
NIFTY_50,2026-03-10,2026-03-11,BEAR,0.9999999999999774,0.13043688295855554,0.27595498582583566,0.5936081312156088,BEAR,0.5936081312156088,BEAR,True,0.5936081312156088,0.2,2,43.616487872936524
NIFTY_AUTO,2026-03-10,2026-03-11,BEAR,0.9999999544816683,0.09752829110267662,0.25689339948966233,0.6455783094076609,BEAR,0.6455783094076609,BEAR,True,0.6455783094076609,0.6,1,55.23469856445965
NIFTY_BANK,2026-03-10,2026-03-11,BEAR,0.9999999999987084,0.1089381311439399,0.31188154139937035,0.5791803274566898,BEAR,0.5791803274566898,BEAR,True,0.5791803274566898,0.2,2,42.750819647401386
NIFTY_FIN_SERVICE,2026-03-10,2026-03-11,BEAR,0.9999999999933595,0.11135357238697081,0.3187967650001657,0.5698496626128635,BEAR,0.5698496626128635,BEAR,True,0.5698496626128635,0.2,2,42.19097975677181
NIFTY_IT,2026-03-10,2026-03-11,BEAR,1.0,0.0665497962966633,0.27712480364620773,0.6563254000571289,BEAR,0.6563254000571289,BEAR,True,0.6563254000571289,1.0,23,79.37952400342773
NIFTY_PHARMA,2026-03-10,2026-03-11,SIDE,0.64798065757896,0.3589390443136763,0.5570763333847065,0.08398462230161713,SIDE,0.5570763333847065,BULL,False,0.5570763333847065,0.6,5,55.92458000308238
SENSEX,2026-03-10,2026-03-11,BEAR,0.9999999999999996,0.12447511538878624,0.32787238139075076,0.547652503220463,BEAR,0.547652503220463,BEAR,True,0.547652503220463,0.4,3,47.35915019322778
INDIA_VIX,2026-03-11,2026-03-12,BULL,1.0,0.6541986612755314,0.23726691724273602,0.10853442148173256,BULL,0.6541986612755314,BULL,True,0.6541986612755314,0.7,7,67.25191967653188
NIFTY_50,2026-03-11,2026-03-12,BEAR,1.0,0.13043688295855685,0.27595498582582345,0.5936081312156198,BEAR,0.5936081312156198,BEAR,True,0.5936081312156198,0.3,3,47.61648787293719
NIFTY_AUTO,2026-03-11,2026-03-12,BEAR,0.9999999999999996,0.09752828867379222,0.25689337310967236,0.6455783382165354,BEAR,0.6455783382165354,BEAR,True,0.6455783382165354,0.2,1,45.23470029299212
NIFTY_BANK,2026-03-11,2026-03-12,BEAR,1.0,0.10893813114396846,0.31188154139879426,0.5791803274572374,BEAR,0.5791803274572374,BEAR,True,0.5791803274572374,0.3,3,46.75081964743424
NIFTY_FIN_SERVICE,2026-03-11,2026-03-12,BEAR,1.0,0.11135357237976083,0.3187967650020111,0.569849662618228,BEAR,0.569849662618228,BEAR,True,0.569849662618228,0.3,3,46.19097975709368
NIFTY_IT,2026-03-11,2026-03-12,BEAR,1.0,0.0665497962966633,0.27712480364620773,0.6563254000571289,BEAR,0.6563254000571289,BEAR,True,0.6563254000571289,1.0,24,79.37952400342773
NIFTY_PHARMA,2026-03-11,2026-03-12,BULL,0.9531150214675025,0.594515063724282,0.331021852362205,0.07446308391351304,BULL,0.594515063724282,BULL,True,0.594515063724282,0.6,6,59.67090382345691
SENSEX,2026-03-11,2026-03-12,BEAR,1.0,0.12447511538878582,0.3278723813907508,0.5476525032204633,BEAR,0.5476525032204633,BEAR,True,0.5476525032204633,0.5,4,51.3591501932278
INDIA_VIX,2026-03-12,2026-03-13,BULL,1.0,0.6541986612755314,0.23726691724273602,0.10853442148173256,BULL,0.6541986612755314,BULL,True,0.6541986612755314,0.8,8,71.25191967653188
NIFTY_50,2026-03-12,2026-03-13,BEAR,1.0,0.13043688295855685,0.27595498582582345,0.5936081312156198,BEAR,0.5936081312156198,BEAR,True,0.5936081312156198,0.4,4,51.6164878729372
NIFTY_AUTO,2026-03-12,2026-03-13,BEAR,1.0,0.0975282886737922,0.2568933731096721,0.6455783382165357,BEAR,0.6455783382165357,BEAR,True,0.6455783382165357,0.3,2,49.23470029299214
NIFTY_BANK,2026-03-12,2026-03-13,BEAR,1.0,0.10893813114396846,0.31188154139879426,0.5791803274572374,BEAR,0.5791803274572374,BEAR,True,0.5791803274572374,0.4,4,50.75081964743424
NIFTY_FIN_SERVICE,2026-03-12,2026-03-13,BEAR,1.0,0.11135357237976079,0.3187967650020111,0.5698496626182281,BEAR,0.5698496626182281,BEAR,True,0.5698496626182281,0.4,4,50.19097975709368
NIFTY_IT,2026-03-12,2026-03-13,BEAR,1.0,0.0665497962966633,0.27712480364620773,0.6563254000571289,BEAR,0.6563254000571289,BEAR,True,0.6563254000571289,1.0,25,79.37952400342773
NIFTY_PHARMA,2026-03-12,2026-03-13,BULL,0.9341622777709647,0.5861646832357439,0.3392892998304389,0.07454601693381721,BULL,0.5861646832357439,SIDE,False,0.5861646832357439,0.7,7,63.16988099414462
SENSEX,2026-03-12,2026-03-13,BEAR,1.0,0.12447511538878582,0.3278723813907508,0.5476525032204633,BEAR,0.5476525032204633,BEAR,True,0.5476525032204633,0.6,5,55.35915019322779
INDIA_VIX,2026-03-13,2026-03-16,BULL,1.0,0.6541986612755314,0.23726691724273602,0.10853442148173256,BULL,0.6541986612755314,BULL,True,0.6541986612755314,0.9,9,75.25191967653188
NIFTY_50,2026-03-13,2026-03-16,BEAR,1.0,0.13043688295855685,0.27595498582582345,0.5936081312156198,BEAR,0.5936081312156198,BEAR,True,0.5936081312156198,0.5,5,55.61648787293719
NIFTY_AUTO,2026-03-13,2026-03-16,BEAR,1.0,0.0975282886737922,0.2568933731096721,0.6455783382165357,BEAR,0.6455783382165357,BEAR,True,0.6455783382165357,0.4,3,53.234700292992144
NIFTY_BANK,2026-03-13,2026-03-16,BEAR,1.0,0.10893813114396846,0.31188154139879426,0.5791803274572374,BEAR,0.5791803274572374,BEAR,True,0.5791803274572374,0.5,5,54.750819647434234
NIFTY_FIN_SERVICE,2026-03-13,2026-03-16,BEAR,1.0,0.11135357237976076,0.3187967650020111,0.5698496626182281,BEAR,0.5698496626182281,BEAR,True,0.5698496626182281,0.5,5,54.190979757093686
NIFTY_IT,2026-03-13,2026-03-16,BEAR,1.0,0.0665497962966633,0.27712480364620773,0.6563254000571289,BEAR,0.6563254000571289,BEAR,True,0.6563254000571289,1.0,26,79.37952400342773
NIFTY_PHARMA,2026-03-13,2026-03-16,SIDE,0.999320123201041,0.14844959956643863,0.748780327697673,0.10277007273588824,SIDE,0.748780327697673,SIDE,True,0.748780327697673,0.8,8,76.92681966186038
SENSEX,2026-03-13,2026-03-16,BEAR,1.0,0.12447511538878582,0.3278723813907508,0.5476525032204633,BEAR,0.5476525032204633,BEAR,True,0.5476525032204633,0.7,6,59.35915019322779
INDIA_VIX,2026-03-16,2026-03-17,BULL,1.0,0.6541986612755314,0.23726691724273602,0.10853442148173256,BULL,0.6541986612755314,BULL,True,0.6541986612755314,1.0,10,79.25191967653188
NIFTY_50,2026-03-16,2026-03-17,BEAR,1.0,0.13043688295855685,0.27595498582582345,0.5936081312156198,BEAR,0.5936081312156198,BEAR,True,0.5936081312156198,0.6,6,59.616487872937185
NIFTY_AUTO,2026-03-16,2026-03-17,BEAR,1.0,0.0975282886737922,0.2568933731096721,0.6455783382165357,BEAR,0.6455783382165357,BEAR,True,0.6455783382165357,0.5,4,57.23470029299214
NIFTY_BANK,2026-03-16,2026-03-17,BEAR,1.0,0.10893813114396846,0.31188154139879426,0.5791803274572374,BEAR,0.5791803274572374,BEAR,True,0.5791803274572374,0.6,6,58.75081964743424
NIFTY_FIN_SERVICE,2026-03-16,2026-03-17,BEAR,0.9999999999999991,0.1113535723797616,0.3187967650020109,0.5698496626182274,BEAR,0.5698496626182274,BEAR,True,0.5698496626182274,0.6,6,58.19097975709364
NIFTY_IT,2026-03-16,2026-03-17,BEAR,1.0,0.0665497962966633,0.27712480364620773,0.6563254000571289,BEAR,0.6563254000571289,BEAR,True,0.6563254000571289,1.0,27,79.37952400342773
NIFTY_PHARMA,2026-03-16,2026-03-17,SIDE,0.6693464577754955,0.13004236122772683,0.5734100813559316,0.2965475574163415,SIDE,0.5734100813559316,SIDE,True,0.5734100813559316,0.9,9,70.40460488135591
SENSEX,2026-03-16,2026-03-17,BEAR,1.0,0.12447511538878582,0.3278723813907508,0.5476525032204633,BEAR,0.5476525032204633,BEAR,True,0.5476525032204633,0.8,7,63.3591501932278
INDIA_VIX,2026-03-17,2026-03-18,BULL,0.9999999999999911,0.6541986612755256,0.23726691724273904,0.10853442148173525,BULL,0.6541986612755256,BULL,True,0.6541986612755256,1.0,11,79.25191967653154
NIFTY_50,2026-03-17,2026-03-18,BEAR,1.0,0.13043688295855685,0.27595498582582345,0.5936081312156198,BEAR,0.5936081312156198,BEAR,True,0.5936081312156198,0.7,7,63.616487872937185
NIFTY_AUTO,2026-03-17,2026-03-18,BEAR,1.0,0.0975282886737922,0.2568933731096721,0.6455783382165357,BEAR,0.6455783382165357,BEAR,True,0.6455783382165357,0.6,5,61.23470029299213
NIFTY_BANK,2026-03-17,2026-03-18,BEAR,1.0,0.10893813114396846,0.31188154139879426,0.5791803274572374,BEAR,0.5791803274572374,BEAR,True,0.5791803274572374,0.7,7,62.75081964743423
NIFTY_FIN_SERVICE,2026-03-17,2026-03-18,BEAR,0.9999999999998845,0.11135357237989066,0.31879676500197623,0.5698496626181332,BEAR,0.5698496626181332,BEAR,True,0.5698496626181332,0.7,7,62.19097975708798
NIFTY_IT,2026-03-17,2026-03-18,BEAR,1.0,0.0665497962966633,0.27712480364620773,0.6563254000571289,BEAR,0.6563254000571289,BEAR,True,0.6563254000571289,1.0,28,79.37952400342773
NIFTY_PHARMA,2026-03-17,2026-03-18,SIDE,0.7019259552574226,0.13077930546657449,0.585234961122541,0.2839857334108844,SIDE,0.585234961122541,SIDE,True,0.585234961122541,1.0,10,75.11409766735247
SENSEX,2026-03-17,2026-03-18,BEAR,1.0,0.12447511538878585,0.3278723813907508,0.5476525032204633,BEAR,0.5476525032204633,BEAR,True,0.5476525032204633,0.9,8,67.3591501932278
INDIA_VIX,2026-03-18,2026-03-19,BULL,0.99999999997859,0.6541986612621332,0.2372669172498173,0.10853442148804959,BULL,0.6541986612621332,BULL,True,0.6541986612621332,1.0,12,79.25191967572799
NIFTY_50,2026-03-18,2026-03-19,BEAR,0.9999999999999629,0.13043688295855618,0.2759549858258423,0.5936081312156014,BEAR,0.5936081312156014,BEAR,True,0.5936081312156014,0.8,8,67.61648787293608
NIFTY_AUTO,2026-03-18,2026-03-19,BEAR,0.9999999999996905,0.09752828867380872,0.25689337310985144,0.6455783382163399,BEAR,0.6455783382163399,BEAR,True,0.6455783382163399,0.7,6,65.23470029298039
NIFTY_BANK,2026-03-18,2026-03-19,BEAR,0.999999999999972,0.10893813114396811,0.3118815413988065,0.5791803274572254,BEAR,0.5791803274572254,BEAR,True,0.5791803274572254,0.8,8,66.75081964743353
NIFTY_FIN_SERVICE,2026-03-18,2026-03-19,BEAR,0.999999999983755,0.11135357239780819,0.3187967649972359,0.5698496626049558,BEAR,0.5698496626049558,BEAR,True,0.5698496626049558,0.8,8,66.19097975629735
NIFTY_IT,2026-03-18,2026-03-19,BEAR,0.999999999998848,0.06654979629680986,0.2771248036467872,0.6563254000564028,BEAR,0.6563254000564028,BEAR,True,0.6563254000564028,1.0,29,79.37952400338418
NIFTY_PHARMA,2026-03-18,2026-03-19,SIDE,0.8628571755700424,0.13647523173100087,0.6537799494370826,0.2097448188319165,SIDE,0.6537799494370826,BEAR,False,0.6537799494370826,1.0,11,79.22679696622495
SENSEX,2026-03-18,2026-03-19,BEAR,0.9999999999999627,0.1244751153888181,0.3278723813907431,0.5476525032204387,BEAR,0.5476525032204387,BEAR,True,0.5476525032204387,0.9,9,68.85915019322633
INDIA_VIX,2026-03-19,2026-03-20,BULL,1.0,0.6541986612755314,0.23726691724273602,0.10853442148173256,BULL,0.6541986612755314,BULL,True,0.6541986612755314,1.0,13,79.25191967653188
NIFTY_50,2026-03-19,2026-03-20,BEAR,1.0,0.13043688295855685,0.27595498582582345,0.5936081312156198,BEAR,0.5936081312156198,BEAR,True,0.5936081312156198,0.9,9,71.6164878729372
NIFTY_AUTO,2026-03-19,2026-03-20,BEAR,1.0,0.0975282886737922,0.2568933731096721,0.6455783382165357,BEAR,0.6455783382165357,BEAR,True,0.6455783382165357,0.8,7,69.23470029299213
NIFTY_BANK,2026-03-19,2026-03-20,BEAR,1.0,0.10893813114396846,0.31188154139879426,0.5791803274572374,BEAR,0.5791803274572374,BEAR,True,0.5791803274572374,0.9,9,70.75081964743424
NIFTY_FIN_SERVICE,2026-03-19,2026-03-20,BEAR,1.0,0.11135357237976076,0.3187967650020111,0.5698496626182281,BEAR,0.5698496626182281,BEAR,True,0.5698496626182281,0.9,9,70.19097975709369
NIFTY_IT,2026-03-19,2026-03-20,BEAR,1.0,0.0665497962966633,0.27712480364620773,0.6563254000571289,BEAR,0.6563254000571289,BEAR,True,0.6563254000571289,1.0,30,79.37952400342773
NIFTY_PHARMA,2026-03-19,2026-03-20,BEAR,0.9999993633192277,0.1285403160609804,0.3680013225389077,0.5034583614001119,BEAR,0.5034583614001119,BEAR,True,0.5034583614001119,1.0,12,70.20750168400673
SENSEX,2026-03-19,2026-03-20,BEAR,1.0,0.12447511538878582,0.3278723813907508,0.5476525032204633,BEAR,0.5476525032204633,BEAR,True,0.5476525032204633,1.0,10,72.8591501932278
INDIA_VIX,2026-03-20,2026-03-23,BULL,1.0,0.6541986612755314,0.23726691724273602,0.10853442148173256,BULL,0.6541986612755314,BULL,True,0.6541986612755314,1.0,14,79.25191967653188
NIFTY_50,2026-03-20,2026-03-23,BEAR,1.0,0.13043688295855685,0.27595498582582345,0.5936081312156198,BEAR,0.5936081312156198,BEAR,True,0.5936081312156198,1.0,10,75.61648787293718
NIFTY_AUTO,2026-03-20,2026-03-23,BEAR,1.0,0.0975282886737922,0.2568933731096721,0.6455783382165357,BEAR,0.6455783382165357,BEAR,True,0.6455783382165357,0.9,8,73.23470029299214
NIFTY_BANK,2026-03-20,2026-03-23,BEAR,1.0,0.10893813114396846,0.31188154139879426,0.5791803274572374,BEAR,0.5791803274572374,BEAR,True,0.5791803274572374,1.0,10,74.75081964743424
NIFTY_FIN_SERVICE,2026-03-20,2026-03-23,BEAR,1.0,0.11135357237976076,0.3187967650020111,0.5698496626182281,BEAR,0.5698496626182281,BEAR,True,0.5698496626182281,1.0,10,74.19097975709369
NIFTY_IT,2026-03-20,2026-03-23,BEAR,0.9999999999861173,0.06654979629842968,0.2771248036531911,0.6563254000483791,BEAR,0.6563254000483791,BEAR,True,0.6563254000483791,1.0,31,79.37952400290274
NIFTY_PHARMA,2026-03-20,2026-03-23,BEAR,0.9588438739252788,0.12803755265640546,0.38079509768960274,0.4911673496539917,BEAR,0.4911673496539917,BEAR,True,0.4911673496539917,1.0,13,69.47004097923951
SENSEX,2026-03-20,2026-03-23,BEAR,1.0,0.12447511538878582,0.3278723813907508,0.5476525032204633,BEAR,0.5476525032204633,BEAR,True,0.5476525032204633,1.0,11,72.8591501932278
INDIA_VIX,2026-03-23,2026-03-24,BULL,1.0,0.6541986612755314,0.23726691724273602,0.10853442148173256,BULL,0.6541986612755314,BULL,True,0.6541986612755314,1.0,15,79.25191967653188
NIFTY_50,2026-03-23,2026-03-24,BEAR,1.0,0.13043688295855685,0.27595498582582345,0.5936081312156198,BEAR,0.5936081312156198,BEAR,True,0.5936081312156198,1.0,11,75.61648787293718
NIFTY_AUTO,2026-03-23,2026-03-24,BEAR,1.0,0.0975282886737922,0.2568933731096721,0.6455783382165357,BEAR,0.6455783382165357,BEAR,True,0.6455783382165357,0.9,9,74.73470029299214
NIFTY_BANK,2026-03-23,2026-03-24,BEAR,1.0,0.10893813114396846,0.31188154139879426,0.5791803274572374,BEAR,0.5791803274572374,BEAR,True,0.5791803274572374,1.0,11,74.75081964743424
NIFTY_FIN_SERVICE,2026-03-23,2026-03-24,BEAR,1.0,0.11135357237976076,0.3187967650020111,0.5698496626182281,BEAR,0.5698496626182281,BEAR,True,0.5698496626182281,1.0,11,74.19097975709369
NIFTY_IT,2026-03-23,2026-03-24,BEAR,0.9999999999719225,0.06654979630023576,0.27712480366033165,0.6563254000394327,BEAR,0.6563254000394327,BEAR,True,0.6563254000394327,1.0,32,79.37952400236597
NIFTY_PHARMA,2026-03-23,2026-03-24,BEAR,0.999999951698853,0.12854032386125447,0.36800113761998254,0.503458538518763,BEAR,0.503458538518763,BEAR,True,0.503458538518763,1.0,14,70.20751231112577
SENSEX,2026-03-23,2026-03-24,BEAR,1.0,0.12447511538878582,0.3278723813907508,0.5476525032204633,BEAR,0.5476525032204633,BEAR,True,0.5476525032204633,1.0,12,72.8591501932278
INDIA_VIX,2026-03-24,2026-03-25,BULL,1.0,0.6541986612755314,0.23726691724273602,0.10853442148173256,BULL,0.6541986612755314,BULL,True,0.6541986612755314,1.0,16,79.25191967653188
NIFTY_50,2026-03-24,2026-03-25,BEAR,1.0,0.13043688295855685,0.27595498582582345,0.5936081312156198,BEAR,0.5936081312156198,BEAR,True,0.5936081312156198,1.0,12,75.61648787293718
NIFTY_AUTO,2026-03-24,2026-03-25,BEAR,1.0,0.0975282886737922,0.2568933731096721,0.6455783382165357,BEAR,0.6455783382165357,BEAR,True,0.6455783382165357,1.0,10,78.73470029299213
NIFTY_BANK,2026-03-24,2026-03-25,BEAR,1.0,0.10893813114396846,0.31188154139879426,0.5791803274572374,BEAR,0.5791803274572374,BEAR,True,0.5791803274572374,1.0,12,74.75081964743424
NIFTY_FIN_SERVICE,2026-03-24,2026-03-25,BEAR,1.0,0.11135357237976083,0.3187967650020111,0.569849662618228,BEAR,0.569849662618228,BEAR,True,0.569849662618228,1.0,12,74.19097975709369
NIFTY_IT,2026-03-24,2026-03-25,BEAR,0.999998959641011,0.06654992866675627,0.2771253269779801,0.6563247443552637,BEAR,0.6563247443552637,BEAR,True,0.6563247443552637,1.0,33,79.37948466131583
NIFTY_PHARMA,2026-03-24,2026-03-25,BEAR,0.9998897899489873,0.1285388637360898,0.36803575873697664,0.5034253775269335,BEAR,0.5034253775269335,SIDE,False,0.5034253775269335,1.0,15,70.20552265161601
SENSEX,2026-03-24,2026-03-25,BEAR,1.0,0.12447511538878585,0.3278723813907508,0.5476525032204633,BEAR,0.5476525032204633,BEAR,True,0.5476525032204633,1.0,13,72.8591501932278
INDIA_VIX,2026-03-25,2026-03-27,BULL,1.0,0.6541986612755314,0.23726691724273602,0.10853442148173256,BULL,0.6541986612755314,BULL,True,0.6541986612755314,1.0,17,79.25191967653188
NIFTY_50,2026-03-25,2026-03-27,BEAR,0.9999999999999925,0.13043688295856354,0.2759549858258225,0.5936081312156141,BEAR,0.5936081312156141,BEAR,True,0.5936081312156141,1.0,13,75.61648787293684
NIFTY_AUTO,2026-03-25,2026-03-27,BEAR,0.9999999999999885,0.09752828867379279,0.25689337310967864,0.6455783382165285,BEAR,0.6455783382165285,BEAR,True,0.6455783382165285,1.0,11,78.7347002929917
NIFTY_BANK,2026-03-25,2026-03-27,BEAR,1.0,0.10893813114396853,0.3118815413987942,0.5791803274572374,BEAR,0.5791803274572374,BEAR,True,0.5791803274572374,1.0,13,74.75081964743424
NIFTY_FIN_SERVICE,2026-03-25,2026-03-27,BEAR,0.9999999999924363,0.11135357238826551,0.31879676499972304,0.5698496626120113,BEAR,0.5698496626120113,BEAR,True,0.5698496626120113,1.0,13,74.19097975672068
NIFTY_IT,2026-03-25,2026-03-27,BEAR,0.9999942670515459,0.06655052572407755,0.2771276874747516,0.6563217868011708,BEAR,0.6563217868011708,BEAR,True,0.6563217868011708,0.1,1,43.37930720807025
NIFTY_PHARMA,2026-03-25,2026-03-27,SIDE,0.6650481459284939,0.12995250799182542,0.5718836408361246,0.29816385117205,SIDE,0.5718836408361246,SIDE,True,0.5718836408361246,1.0,16,74.31301845016748
SENSEX,2026-03-25,2026-03-27,BEAR,0.9999999999958993,0.12447511539254694,0.3278723813897614,0.5476525032176917,BEAR,0.5476525032176917,BEAR,True,0.5476525032176917,1.0,14,72.8591501930615
INDIA_VIX,2026-03-27,2026-03-30,BULL,1.0,0.6541986612755314,0.23726691724273602,0.10853442148173256,BULL,0.6541986612755314,BULL,True,0.6541986612755314,1.0,18,79.25191967653188
NIFTY_50,2026-03-27,2026-03-30,BEAR,1.0,0.13043688295855685,0.27595498582582345,0.5936081312156198,BEAR,0.5936081312156198,BEAR,True,0.5936081312156198,1.0,14,75.61648787293718
NIFTY_AUTO,2026-03-27,2026-03-30,BEAR,1.0,0.0975282886737922,0.2568933731096721,0.6455783382165357,BEAR,0.6455783382165357,BEAR,True,0.6455783382165357,1.0,12,78.73470029299213
NIFTY_BANK,2026-03-27,2026-03-30,BEAR,1.0,0.10893813114396846,0.31188154139879426,0.5791803274572374,BEAR,0.5791803274572374,BEAR,True,0.5791803274572374,1.0,14,74.75081964743424
NIFTY_FIN_SERVICE,2026-03-27,2026-03-30,BEAR,1.0,0.11135357237976083,0.3187967650020111,0.569849662618228,BEAR,0.569849662618228,BEAR,True,0.569849662618228,1.0,14,74.19097975709369
NIFTY_IT,2026-03-27,2026-03-30,BEAR,0.9999976605062789,0.06655009396169095,0.27712598047985204,0.6563239255584571,BEAR,0.6563239255584571,BEAR,True,0.6563239255584571,0.2,2,47.37943553350742
NIFTY_PHARMA,2026-03-27,2026-03-30,SIDE,0.8500595991672879,0.13584439283949565,0.6474150271798308,0.21674057998067361,SIDE,0.6474150271798308,BEAR,False,0.6474150271798308,1.0,17,78.84490163078985
SENSEX,2026-03-27,2026-03-30,BEAR,1.0,0.12447511538878582,0.3278723813907508,0.5476525032204633,BEAR,0.5476525032204633,BEAR,True,0.5476525032204633,1.0,15,72.8591501932278
INDIA_VIX,2026-03-30,2026-04-01,BULL,1.0,0.6541986612755314,0.23726691724273602,0.10853442148173256,BULL,0.6541986612755314,BULL,True,0.6541986612755314,1.0,19,79.25191967653188
NIFTY_50,2026-03-30,2026-04-01,BEAR,1.0,0.13043688295855685,0.27595498582582345,0.5936081312156198,BEAR,0.5936081312156198,BEAR,True,0.5936081312156198,1.0,15,75.61648787293718
NIFTY_AUTO,2026-03-30,2026-04-01,BEAR,1.0,0.0975282886737922,0.2568933731096721,0.6455783382165357,BEAR,0.6455783382165357,BEAR,True,0.6455783382165357,1.0,13,78.73470029299213
NIFTY_BANK,2026-03-30,2026-04-01,BEAR,1.0,0.10893813114396846,0.31188154139879426,0.5791803274572374,BEAR,0.5791803274572374,BEAR,True,0.5791803274572374,1.0,15,74.75081964743424
NIFTY_FIN_SERVICE,2026-03-30,2026-04-01,BEAR,1.0,0.11135357237976076,0.3187967650020111,0.5698496626182281,BEAR,0.5698496626182281,BEAR,True,0.5698496626182281,1.0,15,74.19097975709369
NIFTY_IT,2026-03-30,2026-04-01,BEAR,0.999999996076306,0.06654979679589522,0.2771248056199459,0.6563253975841589,BEAR,0.6563253975841589,BEAR,True,0.6563253975841589,0.8,1,60.879523855049534
NIFTY_PHARMA,2026-03-30,2026-04-01,BEAR,0.9963892816300379,0.12849279333464106,0.36913476317898997,0.502372443486369,BEAR,0.502372443486369,BEAR,True,0.502372443486369,1.0,18,70.14234660918214
SENSEX,2026-03-30,2026-04-01,BEAR,1.0,0.12447511538878582,0.3278723813907508,0.5476525032204633,BEAR,0.5476525032204633,BEAR,True,0.5476525032204633,1.0,16,72.8591501932278
INDIA_VIX,2026-04-01,2026-04-02,BULL,1.0,0.6541986612755314,0.23726691724273602,0.10853442148173256,BULL,0.6541986612755314,BULL,True,0.6541986612755314,1.0,20,79.25191967653188
NIFTY_50,2026-04-01,2026-04-02,BEAR,1.0,0.13043688295855685,0.27595498582582345,0.5936081312156198,BEAR,0.5936081312156198,BEAR,True,0.5936081312156198,1.0,16,75.61648787293718
NIFTY_AUTO,2026-04-01,2026-04-02,BEAR,1.0,0.0975282886737922,0.2568933731096721,0.6455783382165357,BEAR,0.6455783382165357,BEAR,True,0.6455783382165357,1.0,14,78.73470029299213
NIFTY_BANK,2026-04-01,2026-04-02,BEAR,1.0,0.10893813114396846,0.31188154139879426,0.5791803274572374,BEAR,0.5791803274572374,BEAR,True,0.5791803274572374,1.0,16,74.75081964743424
NIFTY_FIN_SERVICE,2026-04-01,2026-04-02,BEAR,0.9999999999999964,0.11135357237976473,0.31879676500201004,0.5698496626182251,BEAR,0.5698496626182251,BEAR,True,0.5698496626182251,1.0,16,74.19097975709352
NIFTY_IT,2026-04-01,2026-04-02,BEAR,0.9995993534176181,0.06660074655490088,0.2773262430179496,0.6560730104271495,BEAR,0.6560730104271495,BEAR,True,0.6560730104271495,0.3,1,48.364380625628975
NIFTY_PHARMA,2026-04-01,2026-04-02,BEAR,0.9999992229759769,0.12854031420042258,0.36800136664668553,0.5034583191528919,BEAR,0.5034583191528919,BEAR,True,0.5034583191528919,1.0,19,70.20749914917351
SENSEX,2026-04-01,2026-04-02,BEAR,0.9999999999999947,0.12447511538879111,0.3278723813907495,0.5476525032204596,BEAR,0.5476525032204596,BEAR,True,0.5476525032204596,1.0,17,72.85915019322758
INDIA_VIX,2026-04-02,2026-04-06,BULL,1.0,0.6541986612755314,0.23726691724273602,0.10853442148173256,BULL,0.6541986612755314,BULL,True,0.6541986612755314,1.0,21,79.25191967653188
NIFTY_50,2026-04-02,2026-04-06,BEAR,1.0,0.1304368829585569,0.27595498582582334,0.5936081312156196,BEAR,0.5936081312156196,BEAR,True,0.5936081312156196,1.0,17,75.61648787293717
NIFTY_AUTO,2026-04-02,2026-04-06,BEAR,1.0,0.0975282886737922,0.2568933731096721,0.6455783382165357,BEAR,0.6455783382165357,BEAR,True,0.6455783382165357,1.0,15,78.73470029299213
NIFTY_BANK,2026-04-02,2026-04-06,BEAR,1.0,0.10893813114396846,0.31188154139879426,0.5791803274572374,BEAR,0.5791803274572374,BEAR,True,0.5791803274572374,1.0,17,74.75081964743424
NIFTY_FIN_SERVICE,2026-04-02,2026-04-06,BEAR,0.999999999999952,0.11135357237981575,0.31879676500199633,0.5698496626181879,BEAR,0.5698496626181879,BEAR,True,0.5698496626181879,1.0,17,74.19097975709127
NIFTY_IT,2026-04-02,2026-04-06,BEAR,0.6506132963673542,0.1005446169091387,0.41305334207119715,0.4864020410196642,BEAR,0.4864020410196642,SIDE,False,0.4864020410196642,0.4,2,42.184122461179854
NIFTY_PHARMA,2026-04-02,2026-04-06,BEAR,0.9999999949156986,0.12854032443419014,0.3680011240375713,0.5034585515282386,BEAR,0.5034585515282386,BEAR,True,0.5034585515282386,0.1,1,34.20751309169432
SENSEX,2026-04-02,2026-04-06,BEAR,0.9999999999998659,0.12447511538890911,0.3278723813907184,0.5476525032203725,BEAR,0.5476525032203725,BEAR,True,0.5476525032203725,1.0,18,72.85915019322235
INDIA_VIX,2026-04-06,2026-04-07,BULL,0.9999999999999978,0.6541986612755301,0.2372669172427367,0.10853442148173317,BULL,0.6541986612755301,BULL,True,0.6541986612755301,1.0,22,79.25191967653181
NIFTY_50,2026-04-06,2026-04-07,BEAR,0.9999999999995568,0.1304368829589503,0.27595498582576306,0.5936081312152867,BEAR,0.5936081312152867,BEAR,True,0.5936081312152867,1.0,18,75.6164878729172
NIFTY_AUTO,2026-04-06,2026-04-07,BEAR,0.9999999999999982,0.0975282886737923,0.25689337310967303,0.6455783382165347,BEAR,0.6455783382165347,BEAR,True,0.6455783382165347,1.0,16,78.73470029299209
NIFTY_BANK,2026-04-06,2026-04-07,BEAR,0.9999999999999964,0.10893813114397347,0.3118815413987928,0.5791803274572338,BEAR,0.5791803274572338,BEAR,True,0.5791803274572338,1.0,18,74.75081964743403
NIFTY_FIN_SERVICE,2026-04-06,2026-04-07,BEAR,0.9999999975893274,0.11135357509025615,0.3187967642728005,0.5698496606369434,BEAR,0.5698496606369434,BEAR,True,0.5698496606369434,1.0,18,74.1909796382166
NIFTY_IT,2026-04-06,2026-04-07,SIDE,0.947810761300573,0.16365736813639675,0.6349052534656121,0.20143737839799108,SIDE,0.6349052534656121,BULL,False,0.6349052534656121,0.5,3,55.09431520793673
NIFTY_PHARMA,2026-04-06,2026-04-07,BEAR,0.9999999626615376,0.12854032400658932,0.3680011341745741,0.5034585418188365,BEAR,0.5034585418188365,BEAR,True,0.5034585418188365,0.9,1,54.2075125091302
SENSEX,2026-04-06,2026-04-07,BEAR,0.999999999713487,0.12447511565167534,0.3278723813215542,0.5476525030267704,BEAR,0.5476525030267704,BEAR,True,0.5476525030267704,1.0,19,72.85915018160622
INDIA_VIX,2026-04-07,2026-04-08,BULL,0.9999999999766733,0.6541986612609338,0.23726691725045113,0.10853442148861503,BULL,0.6541986612609338,BULL,True,0.6541986612609338,1.0,23,79.25191967565603
NIFTY_50,2026-04-07,2026-04-08,BEAR,0.9999999998646554,0.13043688307797938,0.27595498580791533,0.5936081311141053,BEAR,0.5936081311141053,BEAR,True,0.5936081311141053,1.0,19,75.61648786684631
NIFTY_AUTO,2026-04-07,2026-04-08,BEAR,0.9999999999999671,0.09752828867379396,0.2568933731096911,0.645578338216515,BEAR,0.645578338216515,BEAR,True,0.645578338216515,1.0,17,78.7347002929909
NIFTY_BANK,2026-04-07,2026-04-08,BEAR,0.9999999999998903,0.10893813114410546,0.3118815413987551,0.5791803274571394,BEAR,0.5791803274571394,BEAR,True,0.5791803274571394,1.0,19,74.75081964742837
NIFTY_FIN_SERVICE,2026-04-07,2026-04-08,BEAR,0.9999999672282037,0.11135360922748834,0.31879675508878524,0.5698496356837264,BEAR,0.5698496356837264,BULL,False,0.5698496356837264,1.0,19,74.19097814102359
NIFTY_IT,2026-04-07,2026-04-08,BULL,0.9916225355712457,0.6476728564778385,0.2849837658640152,0.06734337765814633,BULL,0.6476728564778385,BULL,True,0.6476728564778385,0.6,4,59.86037138867031
NIFTY_PHARMA,2026-04-07,2026-04-08,BEAR,0.9999997794055895,0.1285403215771241,0.3680011917691875,0.5034584866536884,BEAR,0.5034584866536884,BEAR,True,0.5034584866536884,0.2,1,36.707509199221306
SENSEX,2026-04-07,2026-04-08,BEAR,0.9999999462746768,0.12447516466425872,0.3278723684289855,0.5476524669067557,BEAR,0.5476524669067557,BULL,False,0.5476524669067557,1.0,20,72.85914801440535
INDIA_VIX,2026-04-08,2026-04-09,BULL,0.9999999999999991,0.654198661275531,0.2372669172427361,0.10853442148173298,BULL,0.654198661275531,BULL,True,0.654198661275531,0.1,1,43.251919676531855
NIFTY_50,2026-04-08,2026-04-09,BEAR,0.9999563732640743,0.13047564072130607,0.2759490226647068,0.5935753366139872,BEAR,0.5935753366139872,BEAR,True,0.5935753366139872,0.1,1,39.61452019683924
NIFTY_AUTO,2026-04-08,2026-04-09,BEAR,0.9999999999999929,0.09752828867379254,0.25689337310967597,0.6455783382165315,BEAR,0.6455783382165315,BEAR,True,0.6455783382165315,0.1,1,42.734700292991896
NIFTY_BANK,2026-04-08,2026-04-09,BEAR,0.99999994929165,0.10893819453094584,0.31188152332978714,0.5791802821392671,BEAR,0.5791802821392671,BEAR,True,0.5791802821392671,0.1,1,38.75081692835603
NIFTY_FIN_SERVICE,2026-04-08,2026-04-09,BULL,0.963936956353221,0.567890591528701,0.30642681170198327,0.1256825967693156,BULL,0.567890591528701,BULL,True,0.567890591528701,0.1,1,38.073435491722066
NIFTY_IT,2026-04-08,2026-04-09,BULL,0.9999856976929128,0.6528519057156424,0.28094766408933736,0.06620043019502012,BULL,0.6528519057156424,BULL,True,0.6528519057156424,0.7,5,64.17111434293854
NIFTY_PHARMA,2026-04-08,2026-04-09,BEAR,0.9999797776561822,0.1285400564199038,0.36800747798497613,0.50345246559512,BEAR,0.50345246559512,BEAR,True,0.50345246559512,0.8,1,51.7071479357072
SENSEX,2026-04-08,2026-04-09,BULL,0.9817242776370534,0.5525872286084123,0.32294096429564223,0.12447180709594548,BULL,0.5525872286084123,BULL,True,0.5525872286084123,0.1,1,37.15523371650474
INDIA_VIX,2026-04-09,2026-04-10,BULL,0.9999999955784449,0.6541986583034057,0.237266918462453,0.10853442323414127,BULL,0.6541986583034057,BULL,True,0.6541986583034057,0.1,1,43.251919498204344
NIFTY_50,2026-04-09,2026-04-10,BEAR,0.9997331485283165,0.1306737402160382,0.2759185766497278,0.5934076831342341,BEAR,0.5934076831342341,BEAR,True,0.5934076831342341,0.2,2,43.604460988054036
NIFTY_AUTO,2026-04-09,2026-04-10,BEAR,0.9999999952562781,0.09752828892691986,0.2568933758588793,0.6455783352142008,BEAR,0.6455783352142008,BEAR,True,0.6455783352142008,0.2,2,46.734700112852046
NIFTY_BANK,2026-04-09,2026-04-10,BEAR,0.9999992617308252,0.10893905399894029,0.31188127833121415,0.5791796676698455,BEAR,0.5791796676698455,BEAR,True,0.5791796676698455,0.2,2,42.75078006019073
NIFTY_FIN_SERVICE,2026-04-09,2026-04-10,BULL,0.9962513250279469,0.5959095177805961,0.31577923135495023,0.08831125086445378,BULL,0.5959095177805961,BULL,True,0.5959095177805961,0.2,2,43.754571066835766
NIFTY_IT,2026-04-09,2026-04-10,BULL,0.9999920047564018,0.652855841365537,0.28094458168659225,0.06619957694787071,BULL,0.652855841365537,BULL,True,0.652855841365537,0.8,6,68.17135048193221
NIFTY_PHARMA,2026-04-09,2026-04-10,BEAR,0.998074814743351,0.12851489776712668,0.3686058504295738,0.5028792518032994,BEAR,0.5028792518032994,BEAR,True,0.5028792518032994,0.8,2,53.17275510819797
SENSEX,2026-04-09,2026-04-10,BULL,0.9988833550373738,0.5650903350951767,0.3272619298770054,0.10764773502781795,BULL,0.5650903350951767,BULL,True,0.5650903350951767,0.2,2,41.9054201057106
INDIA_VIX,2026-04-10,2026-04-13,BULL,0.9999992996555306,0.6541978500001778,0.23726670764050542,0.10853544235931673,BULL,0.6541978500001778,BULL,True,0.6541978500001778,0.2,1,45.75187100001067
NIFTY_50,2026-04-10,2026-04-13,BEAR,0.7951220391702781,0.24895932272784885,0.2664275566880802,0.4846131205840709,BEAR,0.4846131205840709,BEAR,True,0.4846131205840709,0.3,3,41.07678723504426
NIFTY_AUTO,2026-04-10,2026-04-13,BEAR,0.9999999998313029,0.0975282886829666,0.2568933732073348,0.6455783381096987,BEAR,0.6455783381096987,BEAR,True,0.6455783381096987,0.3,3,50.734700286581926
NIFTY_BANK,2026-04-10,2026-04-13,BEAR,0.9965011333613443,0.11322122528666241,0.31066578690151747,0.5761129878118202,BEAR,0.5761129878118202,BEAR,True,0.5761129878118202,0.3,3,46.566779268709205
NIFTY_FIN_SERVICE,2026-04-10,2026-04-13,BULL,0.9999999391913691,0.5999355946570264,0.3172567972285046,0.08280760811446897,BULL,0.5999355946570264,BULL,True,0.5999355946570264,0.3,3,47.996135679421585
NIFTY_IT,2026-04-10,2026-04-13,BULL,0.8752086295771061,0.583977541047482,0.33511816523562027,0.0809042937168977,BULL,0.583977541047482,SIDE,False,0.583977541047482,0.9,7,68.03865246284892
NIFTY_PHARMA,2026-04-10,2026-04-13,BEAR,0.9932308157072902,0.1284517659248829,0.3701245407821654,0.5014236932929517,BEAR,0.5014236932929517,BEAR,True,0.5014236932929517,0.8,3,54.5854215975771
SENSEX,2026-04-10,2026-04-13,BULL,0.9999999592398997,0.5659685139978806,0.3275783185102058,0.10645316749191358,BULL,0.5659685139978806,BULL,True,0.5659685139978806,0.3,3,45.95811083987284
INDIA_VIX,2026-04-13,2026-04-15,BULL,0.999999562680126,0.6541983860490943,0.23726706004283826,0.10853455390806742,BULL,0.6541983860490943,BULL,True,0.6541983860490943,0.3,2,49.75190316294565
NIFTY_50,2026-04-13,2026-04-15,BEAR,0.9675662814570739,0.15631751179494593,0.27237144320518153,0.5713110449998726,BEAR,0.5713110449998726,BULL,False,0.5713110449998726,0.4,4,50.27866269999235
NIFTY_AUTO,2026-04-13,2026-04-15,BEAR,0.9999999964319937,0.09752828886418309,0.2568933751774979,0.645578335958319,BEAR,0.645578335958319,BEAR,True,0.645578335958319,0.4,4,54.73470015749915
NIFTY_BANK,2026-04-13,2026-04-15,BEAR,0.99900584534274,0.11017333321583257,0.31152986634000307,0.5782968004441643,BEAR,0.5782968004441643,BEAR,True,0.5782968004441643,0.4,4,50.69780802664985
NIFTY_FIN_SERVICE,2026-04-13,2026-04-15,BULL,0.9999978663535944,0.5999332983053326,0.31725594458297623,0.08281075711169117,BULL,0.5999332983053326,BULL,True,0.5999332983053326,0.4,4,51.99599789831994
NIFTY_IT,2026-04-13,2026-04-15,SIDE,0.9538508237115605,0.20124230600361473,0.6391777361463081,0.15957995785007706,SIDE,0.6391777361463081,BULL,False,0.6391777361463081,0.9,8,72.8506641687785
NIFTY_PHARMA,2026-04-13,2026-04-15,BEAR,0.9982824034449904,0.128517630263911,0.36854067544160574,0.5029416942944832,BEAR,0.5029416942944832,SIDE,False,0.5029416942944832,0.3,1,39.17650165766899
SENSEX,2026-04-13,2026-04-15,BULL,0.9999678635643268,0.5659432203499676,0.3275692917562923,0.10648748789374021,BULL,0.5659432203499676,BULL,True,0.5659432203499676,0.4,4,49.95659322099805
INDIA_VIX,2026-04-15,2026-04-16,BULL,0.9999992616767005,0.6541978049995053,0.237266695083594,0.10853549991690073,BULL,0.6541978049995053,BULL,True,0.6541978049995053,0.2,1,45.75186829997032
NIFTY_50,2026-04-15,2026-04-16,BULL,0.9414115078786041,0.5208145351412476,0.32004308481085825,0.1591423800478941,BULL,0.5208145351412476,BULL,True,0.5208145351412476,0.5,5,51.24887210847485
NIFTY_AUTO,2026-04-15,2026-04-16,BEAR,0.9999999600962085,0.09752829080334764,0.25689339623561314,0.6455783129610393,BEAR,0.6455783129610393,BEAR,True,0.6455783129610393,0.1,1,42.73469877766236
NIFTY_BANK,2026-04-15,2026-04-16,BEAR,0.9158119721329866,0.18482652629156204,0.2919457455511814,0.5232277281572566,BEAR,0.5232277281572566,BEAR,True,0.5232277281572566,0.5,5,51.3936636894354
NIFTY_FIN_SERVICE,2026-04-15,2026-04-16,BULL,0.9999999983307344,0.599935660174598,0.31725682155563467,0.08280751826976729,BULL,0.599935660174598,BULL,True,0.599935660174598,0.5,5,55.99613961047588
NIFTY_IT,2026-04-15,2026-04-16,BULL,0.981096305661929,0.6413221589925779,0.28998554002510607,0.06869230098231595,BULL,0.6413221589925779,BULL,True,0.6413221589925779,0.1,1,42.479329539554676
NIFTY_PHARMA,2026-04-15,2026-04-16,SIDE,0.8953703703401532,0.1382969005292534,0.6711073957076512,0.19059570376309545,SIDE,0.6711073957076512,SIDE,True,0.6711073957076512,0.7,1,59.266443742459074
SENSEX,2026-04-15,2026-04-16,BULL,0.9999999991756674,0.5659685451800198,0.32757832922486324,0.106453125595117,BULL,0.5659685451800198,BULL,True,0.5659685451800198,0.5,5,53.95811271080119
INDIA_VIX,2026-04-16,2026-04-17,BULL,0.9999843963396853,0.6541805523672101,0.23726220588616065,0.1085572417466294,BULL,0.6541805523672101,BULL,True,0.6541805523672101,0.3,2,49.750833142032604
NIFTY_50,2026-04-16,2026-04-17,BULL,0.9997871684044987,0.5597862936042334,0.337124781708597,0.10308892468716971,BULL,0.5597862936042334,BULL,True,0.5597862936042334,0.6,6,57.587177616253996
NIFTY_AUTO,2026-04-16,2026-04-17,BEAR,0.9999975909409456,0.09752841722576165,0.25689476926485033,0.645576813509388,BEAR,0.645576813509388,BEAR,True,0.645576813509388,0.2,2,46.73460881056328
NIFTY_BANK,2026-04-16,2026-04-17,BEAR,0.8912621601770035,0.20125432530537485,0.2881047653229297,0.5106409093716954,BEAR,0.5106409093716954,BULL,False,0.5106409093716954,0.6,6,54.63845456230172
NIFTY_FIN_SERVICE,2026-04-16,2026-04-17,BULL,0.9999999675377748,0.5999356260605965,0.3172568088888674,0.0828075650505362,BULL,0.5999356260605965,BULL,True,0.5999356260605965,0.6,6,59.996137563635784
NIFTY_IT,2026-04-16,2026-04-17,BULL,0.9999833537173728,0.6528504440087589,0.28094881055664517,0.06620074543459584,BULL,0.6528504440087589,BULL,True,0.6528504440087589,0.2,2,47.17102664052554
NIFTY_PHARMA,2026-04-16,2026-04-17,SIDE,0.9991825823696135,0.14829814992383597,0.7486186199463213,0.10308323012984272,SIDE,0.7486186199463213,SIDE,True,0.7486186199463213,0.7,2,65.41711719677927
SENSEX,2026-04-16,2026-04-17,BULL,0.9999999896845395,0.5659685395792627,0.32757832986880847,0.10645313055192887,BULL,0.5659685395792627,BULL,True,0.5659685395792627,0.6,6,57.95811237475576
INDIA_VIX,2026-04-17,2026-04-20,BULL,0.9999911035782821,0.6541883353587018,0.2372642301258043,0.10854743451549384,BULL,0.6541883353587018,BULL,True,0.6541883353587018,0.4,3,53.751300121522114
NIFTY_50,2026-04-17,2026-04-20,BULL,0.9999990505802248,0.5599659402399384,0.337209196676468,0.10282486308359359,BULL,0.5599659402399384,BULL,True,0.5599659402399384,0.7,7,61.59795641439629
NIFTY_AUTO,2026-04-17,2026-04-20,BEAR,0.9999936486818238,0.09752862812422773,0.2568970536322388,0.6455743182435335,BEAR,0.6455743182435335,BEAR,True,0.6455743182435335,0.3,3,50.73445909461201
NIFTY_BANK,2026-04-17,2026-04-20,BULL,0.7909437868886409,0.4997548121669231,0.2586742208792072,0.24157096695386962,BULL,0.4997548121669231,BULL,True,0.4997548121669231,0.7,7,57.985288730015384
NIFTY_FIN_SERVICE,2026-04-17,2026-04-20,BULL,0.9999999986129389,0.5999356604872387,0.3172568216717203,0.08280751784104108,BULL,0.5999356604872387,BULL,True,0.5999356604872387,0.7,7,63.996139629234314
NIFTY_IT,2026-04-17,2026-04-20,BULL,0.9999559551129099,0.6528333514688307,0.2809622038153734,0.0662044447157959,BULL,0.6528333514688307,BULL,True,0.6528333514688307,0.3,3,51.170001088129844
NIFTY_PHARMA,2026-04-17,2026-04-20,SIDE,0.9998389197496184,0.14840740001753058,0.7493425805194358,0.1022500194630336,SIDE,0.7493425805194358,SIDE,True,0.7493425805194358,0.7,3,66.96055483116615
SENSEX,2026-04-17,2026-04-20,BULL,0.9999999996371374,0.5659685456203135,0.32757832948964305,0.10645312489004344,BULL,0.5659685456203135,BULL,True,0.5659685456203135,0.7,7,61.958112737218805
INDIA_VIX,2026-04-20,2026-04-21,BULL,0.9999995617429792,0.6541981630728851,0.23726679728455535,0.10853503964255962,BULL,0.6541981630728851,BULL,True,0.6541981630728851,0.5,4,57.75188978437311
NIFTY_50,2026-04-20,2026-04-21,BULL,0.9999991103135365,0.5599659910736511,0.33720922072154075,0.10282478820480821,BULL,0.5599659910736511,BULL,True,0.5599659910736511,0.8,8,65.59795946441906
NIFTY_AUTO,2026-04-20,2026-04-21,BEAR,0.9999843319671027,0.09752913091528405,0.2569024494974677,0.6455684195872483,BEAR,0.6455684195872483,BEAR,True,0.6455684195872483,0.4,4,54.734105175234895
NIFTY_BANK,2026-04-20,2026-04-21,BULL,0.9897191693027448,0.624444041745075,0.27891345718544996,0.09664250106947508,BULL,0.624444041745075,BULL,True,0.624444041745075,0.8,8,69.4666425047045
NIFTY_FIN_SERVICE,2026-04-20,2026-04-21,BULL,0.9999999982401047,0.5999356600741942,0.317256821518354,0.08280751840745186,BULL,0.5999356600741942,BULL,True,0.5999356600741942,0.8,8,67.99613960445164
NIFTY_IT,2026-04-20,2026-04-21,BULL,0.9963088516402407,0.6505680903414428,0.282737431042065,0.06669447861649226,BULL,0.6505680903414428,BULL,True,0.6505680903414428,0.4,4,55.034085420486576
NIFTY_PHARMA,2026-04-20,2026-04-21,SIDE,0.999522945166113,0.14835374279848743,0.7489932016099029,0.1026530555916096,SIDE,0.7489932016099029,SIDE,True,0.7489932016099029,0.8,4,70.93959209659417
SENSEX,2026-04-20,2026-04-21,BULL,0.9999999991723074,0.5659685454196451,0.327578329650965,0.10645312492938995,BULL,0.5659685454196451,BULL,True,0.5659685454196451,0.8,8,65.95811272517871
INDIA_VIX,2026-04-21,2026-04-22,BULL,0.9999932378549062,0.6541908125105195,0.23726487479218925,0.10854431269729126,BULL,0.6541908125105195,BULL,True,0.6541908125105195,0.6,5,61.75144875063117
NIFTY_50,2026-04-21,2026-04-22,BULL,0.9999999837022734,0.5599667323159905,0.3372095688818616,0.10282369880214791,BULL,0.5599667323159905,BULL,True,0.5599667323159905,0.9,9,69.59800393895944
NIFTY_AUTO,2026-04-21,2026-04-22,BEAR,0.9999691759791488,0.09753001684455448,0.2569111855270375,0.645558797628408,BEAR,0.645558797628408,BEAR,True,0.645558797628408,0.5,1,52.73352785770447
NIFTY_BANK,2026-04-21,2026-04-22,BULL,0.9999865894602771,0.6364099843723804,0.2822624600223594,0.08132755560526007,BULL,0.6364099843723804,BULL,True,0.6364099843723804,0.9,9,74.18459906234283
NIFTY_FIN_SERVICE,2026-04-21,2026-04-22,BULL,0.999999999993574,0.5999356620167774,0.3172568222396488,0.08280751574357388,BULL,0.5999356620167774,BULL,True,0.5999356620167774,0.9,9,71.99613972100664
NIFTY_IT,2026-04-21,2026-04-22,BULL,0.9993750453778872,0.6524712148392652,0.2812459656346867,0.06628281952604818,BULL,0.6524712148392652,SIDE,False,0.6524712148392652,0.5,5,59.14827289035591
NIFTY_PHARMA,2026-04-21,2026-04-22,SIDE,0.999309591620849,0.14831859729206123,0.7487581842939232,0.10292321841401557,SIDE,0.7487581842939232,SIDE,True,0.7487581842939232,0.8,5,72.42549105763538
SENSEX,2026-04-21,2026-04-22,BULL,0.9999999999987486,0.5659685458065556,0.3275783294172594,0.10645312477618495,BULL,0.5659685458065556,BULL,True,0.5659685458065556,0.9,9,69.95811274839335
INDIA_VIX,2026-04-22,2026-04-23,BULL,0.9995936942877284,0.6537293690572731,0.23714585360086213,0.10912477734186482,BULL,0.6537293690572731,BULL,True,0.6537293690572731,0.7,6,65.72376214343637
NIFTY_50,2026-04-22,2026-04-23,BULL,0.9999959027022383,0.559963379083093,0.3372081280580391,0.10282849285886775,BULL,0.559963379083093,BULL,True,0.559963379083093,0.1,1,37.59780274498558
NIFTY_AUTO,2026-04-22,2026-04-23,BEAR,0.9986782070407109,0.09759890672389536,0.2576579384239951,0.6447431548521095,BEAR,0.6447431548521095,BEAR,True,0.6447431548521095,0.5,1,52.68458929112657
NIFTY_BANK,2026-04-22,2026-04-23,BULL,0.9999628321593278,0.6363798191001484,0.28225366691067566,0.08136651398917595,BULL,0.6363798191001484,BULL,True,0.6363798191001484,0.1,1,42.18278914600891
NIFTY_FIN_SERVICE,2026-04-22,2026-04-23,BULL,0.9999999947798575,0.5999356562407563,0.3172568200949716,0.08280752366427208,BULL,0.5999356562407563,BULL,True,0.5999356562407563,0.1,1,39.99613937444538
NIFTY_IT,2026-04-22,2026-04-23,SIDE,0.9996341308811264,0.1639712256470098,0.6691604966584259,0.16686827769456436,SIDE,0.6691604966584259,SIDE,True,0.6691604966584259,0.6,6,64.14962979950555
NIFTY_PHARMA,2026-04-22,2026-04-23,SIDE,0.9995772663635626,0.14836531259148045,0.7490533595711594,0.10258132783736029,SIDE,0.7490533595711594,SIDE,True,0.7490533595711594,0.9,6,76.44320157426957
SENSEX,2026-04-22,2026-04-23,BULL,0.9999997252168913,0.5659684370472385,0.3275784421699498,0.10645312078281154,BULL,0.5659684370472385,BULL,True,0.5659684370472385,0.1,1,37.95810622283432
INDIA_VIX,2026-04-23,2026-04-24,BULL,0.9989524108132569,0.6529974475383973,0.23696086369024938,0.1100416887713533,BULL,0.6529974475383973,BULL,True,0.6529974475383973,0.8,7,69.67984685230384
NIFTY_50,2026-04-23,2026-04-24,BULL,0.9994063392746277,0.5594910709001681,0.33701880605739354,0.10349012304243836,BULL,0.5594910709001681,BULL,True,0.5594910709001681,0.9,1,57.56946425401009
NIFTY_AUTO,2026-04-23,2026-04-24,BEAR,0.9999916989948414,0.09752873162288923,0.2568981838706278,0.645573084506483,BEAR,0.645573084506483,BEAR,True,0.645573084506483,0.5,1,52.73438507038898
NIFTY_BANK,2026-04-23,2026-04-24,BULL,0.9586155492272216,0.5959720691425766,0.2720197996739518,0.13200813118347166,BULL,0.5959720691425766,BULL,True,0.5959720691425766,0.2,2,43.75832414855459
NIFTY_FIN_SERVICE,2026-04-23,2026-04-24,BULL,0.999978115897799,0.5999114223056351,0.3172478224959594,0.08284075519840545,BULL,0.5999114223056351,BULL,True,0.5999114223056351,0.2,2,43.9946853383381
NIFTY_IT,2026-04-23,2026-04-24,SIDE,0.9580075991959495,0.15694689403611214,0.6418413569041019,0.20121174905978598,SIDE,0.6418413569041019,BEAR,False,0.6418413569041019,0.4,1,50.01048141424612
NIFTY_PHARMA,2026-04-23,2026-04-24,SIDE,0.8612882665432919,0.25556507056803807,0.652445406672869,0.09198952275909296,SIDE,0.652445406672869,SIDE,True,0.652445406672869,0.9,7,72.14672440037214
SENSEX,2026-04-23,2026-04-24,BULL,0.9998633655689018,0.5659091183653356,0.3276249583171681,0.10646592331749632,BULL,0.5659091183653356,BULL,True,0.5659091183653356,0.9,1,57.95454710192014
INDIA_VIX,2026-04-24,2026-04-27,BULL,0.9953869330840363,0.6512352050743436,0.2386713940803906,0.11009340084526589,BULL,0.6512352050743436,BULL,True,0.6512352050743436,0.8,8,71.07411230446063
NIFTY_50,2026-04-24,2026-04-27,BULL,0.4803441891395503,0.34747136277835317,0.2948800266490689,0.3576486105725779,BEAR,0.3576486105725779,BULL,False,0.34747136277835317,0.2,1,27.348281766701195
NIFTY_AUTO,2026-04-24,2026-04-27,BEAR,0.9999454661429513,0.09753119870208284,0.2569249755454089,0.6455438257525083,BEAR,0.6455438257525083,BEAR,True,0.6455438257525083,0.6,1,55.2326295451505
NIFTY_BANK,2026-04-24,2026-04-27,BULL,0.8562693638199423,0.5317245901510138,0.2615309337977822,0.20674447605120402,BULL,0.5317245901510138,BULL,True,0.5317245901510138,0.3,3,43.903475409060825
NIFTY_FIN_SERVICE,2026-04-24,2026-04-27,BULL,0.9998095462311793,0.5997250155119295,0.31717865540593376,0.08309632908213682,BULL,0.5997250155119295,BULL,True,0.5997250155119295,0.3,3,47.98350093071576
NIFTY_IT,2026-04-24,2026-04-27,BEAR,0.9999999999844231,0.06654979629864524,0.27712480365404346,0.6563254000473112,BEAR,0.6563254000473112,BEAR,True,0.6563254000473112,0.4,2,52.37952400283867
NIFTY_PHARMA,2026-04-24,2026-04-27,SIDE,0.9995040394265313,0.1483646756968827,0.7489735123567128,0.10266181194640442,SIDE,0.7489735123567128,SIDE,True,0.7489735123567128,0.9,8,79.43841074140276
SENSEX,2026-04-24,2026-04-27,BULL,0.7907579326854035,0.46148640182784445,0.3148855895285251,0.2236280086436305,BULL,0.46148640182784445,BULL,True,0.46148640182784445,0.2,1,34.18918410967067
INDIA_VIX,2026-04-27,2026-04-28,BULL,0.9832418541866361,0.6366363479638045,0.23292057052580464,0.13044308151039077,BULL,0.6366363479638045,BULL,True,0.6366363479638045,0.9,9,74.19818087782826
NIFTY_50,2026-04-27,2026-04-28,BULL,0.7872053637844376,0.4535669868584231,0.3051492609370271,0.24128375220454978,BULL,0.4535669868584231,BEAR,False,0.4535669868584231,0.3,2,37.71401921150539
NIFTY_AUTO,2026-04-27,2026-04-28,BEAR,0.9976473324469969,0.09765395787570545,0.2582522806155179,0.6440937615087767,BEAR,0.6440937615087767,BEAR,True,0.6440937615087767,0.7,2,59.14562569052661
NIFTY_BANK,2026-04-27,2026-04-28,BULL,0.9052342509800102,0.5592368185080075,0.26520940080371924,0.17555378068827304,BULL,0.5592368185080075,BEAR,False,0.5592368185080075,0.4,4,49.55420911048046
NIFTY_FIN_SERVICE,2026-04-27,2026-04-28,BULL,0.9998421181194975,0.5997609917637796,0.3171919988655205,0.08304700937069971,BULL,0.5997609917637796,BULL,True,0.5997609917637796,0.4,4,51.98565950582679
NIFTY_IT,2026-04-27,2026-04-28,BEAR,0.9999969643578109,0.0665501825356615,0.2771263306615628,0.6563234868027757,BEAR,0.6563234868027757,BEAR,True,0.6563234868027757,0.4,3,53.87940920816655
NIFTY_PHARMA,2026-04-27,2026-04-28,SIDE,0.7853610709988211,0.29657791032197045,0.6148313986860607,0.08859069099196887,SIDE,0.6148313986860607,SIDE,True,0.6148313986860607,0.9,9,72.88988392116364
SENSEX,2026-04-27,2026-04-28,BULL,0.9774513249580934,0.5545016798065185,0.3318831370083953,0.11361518318508627,BULL,0.5545016798065185,BULL,True,0.5545016798065185,0.8,1,54.77010078839112
INDIA_VIX,2026-04-28,2026-04-29,BULL,0.8648502285087512,0.5547845677681618,0.21649969109205874,0.22871574113977952,BULL,0.5547845677681618,BEAR,False,0.5547845677681618,1.0,10,73.2870740660897
NIFTY_50,2026-04-28,2026-04-29,BEAR,0.4798927790756114,0.328379509917948,0.3120104420390676,0.35961004804298446,BEAR,0.35961004804298446,BULL,False,0.35961004804298446,0.7,1,40.576602882579074
NIFTY_AUTO,2026-04-28,2026-04-29,BEAR,0.9994774510216089,0.09755617864368897,0.25719598779727454,0.6452478335590365,BEAR,0.6452478335590365,BEAR,True,0.6452478335590365,0.3,1,47.71487001354219
NIFTY_BANK,2026-04-28,2026-04-29,BEAR,0.9976355068678132,0.11185058288062574,0.3110541900489906,0.5770952270703836,BEAR,0.5770952270703836,BEAR,True,0.5770952270703836,0.6,1,51.12571362422301
NIFTY_FIN_SERVICE,2026-04-28,2026-04-29,BULL,0.9648599324911089,0.5685798617932576,0.3066379385739588,0.12478219963278349,BULL,0.5685798617932576,BULL,True,0.5685798617932576,0.6,1,50.61479170759545
NIFTY_IT,2026-04-28,2026-04-29,BEAR,0.9999997359234238,0.06654982989648413,0.2771249364847707,0.6563252336187451,BEAR,0.6563252336187451,BEAR,True,0.6563252336187451,0.4,4,55.379514017124706
NIFTY_PHARMA,2026-04-28,2026-04-29,SIDE,0.5627529362629131,0.39345114215188287,0.524789552871559,0.08175930497655802,SIDE,0.524789552871559,BULL,False,0.524789552871559,1.0,10,71.48737317229354
SENSEX,2026-04-28,2026-04-29,BULL,0.8344901911947581,0.49409255182484046,0.3685841323138366,0.13732331586132293,BULL,0.49409255182484046,BULL,True,0.49409255182484046,0.8,2,52.64555310949043
INDIA_VIX,2026-04-29,2026-04-30,BEAR,0.7370740071933373,0.2928106892326397,0.2066414706555027,0.5005478401118575,BEAR,0.5005478401118575,BEAR,True,0.5005478401118575,1.0,11,70.03287040671145
NIFTY_50,2026-04-29,2026-04-30,BULL,0.8398728480638571,0.4916612321052721,0.37415826725848716,0.1341805006362408,BULL,0.4916612321052721,SIDE,False,0.4916612321052721,0.4,1,40.999673926316326
NIFTY_AUTO,2026-04-29,2026-04-30,BEAR,0.9699113828485384,0.0991524743420082,0.27363721501362454,0.6272103106443673,BEAR,0.6272103106443673,BEAR,True,0.6272103106443673,0.7,1,56.63261863866204
NIFTY_BANK,2026-04-29,2026-04-30,BEAR,0.9999501044291887,0.10898845108753669,0.31187135926713344,0.5791401896453299,BEAR,0.5791401896453299,BEAR,True,0.5791401896453299,0.5,1,48.748411378719794
NIFTY_FIN_SERVICE,2026-04-29,2026-04-30,BULL,0.8612614158992646,0.5081209176863346,0.2915153834994121,0.2003636988142532,BULL,0.5081209176863346,BEAR,False,0.5081209176863346,0.5,1,44.48725506118008
NIFTY_IT,2026-04-29,2026-04-30,BEAR,0.9999284172344927,0.06655890330974737,0.2771608088345332,0.6562802878557195,BEAR,0.6562802878557195,BEAR,True,0.6562802878557195,0.5,5,59.376817271343164
NIFTY_PHARMA,2026-04-29,2026-04-30,BULL,0.937433605595972,0.5875929991647348,0.33787665221783253,0.07453034861743274,BULL,0.5875929991647348,BULL,True,0.5875929991647348,1.0,11,75.2555799498841
SENSEX,2026-04-29,2026-04-30,BULL,0.8416963577944837,0.5082301524224611,0.38985978222391837,0.10191006535362047,BULL,0.5082301524224611,SIDE,False,0.5082301524224611,0.3,1,39.49380914534766
INDIA_VIX,2026-04-30,2026-05-04,BEAR,0.6867434884059282,0.3095335490113368,0.21143108475830685,0.4790353662303565,BEAR,0.4790353662303565,BEAR,True,0.4790353662303565,1.0,12,68.74212197382138
NIFTY_50,2026-04-30,2026-05-04,SIDE,0.9333311968554775,0.15188477704163095,0.7192010891940583,0.12891413376431063,SIDE,0.7192010891940583,SIDE,True,0.7192010891940583,0.5,2,58.6520653516435
NIFTY_AUTO,2026-04-30,2026-05-04,BEAR,0.9691873957929993,0.09919195288213821,0.2740243647582698,0.626783682359592,BEAR,0.626783682359592,BEAR,True,0.626783682359592,0.7,2,58.10702094157551
NIFTY_BANK,2026-04-30,2026-05-04,BEAR,0.9999701590338141,0.10893762604736167,0.31189475439574704,0.5791676195568914,BEAR,0.5791676195568914,BEAR,True,0.5791676195568914,0.6,2,52.75005717341349
NIFTY_FIN_SERVICE,2026-04-30,2026-05-04,BEAR,0.9976719315735229,0.11391990777363153,0.31811593729802035,0.5679641549283481,BEAR,0.5679641549283481,BEAR,True,0.5679641549283481,0.6,2,52.07784929570089
NIFTY_IT,2026-04-30,2026-05-04,BEAR,0.9995245589743833,0.06661025239887709,0.2773638268808209,0.656025920720302,BEAR,0.656025920720302,BEAR,True,0.656025920720302,0.6,6,63.36155524321811
NIFTY_PHARMA,2026-04-30,2026-05-04,BULL,0.9910287167167845,0.611828535631202,0.3138131225754912,0.07435834179330679,BULL,0.611828535631202,BULL,True,0.611828535631202,1.0,12,76.70971213787212
SENSEX,2026-04-30,2026-05-04,SIDE,0.9291445095858858,0.16371451608761134,0.7157055119751523,0.1205799719372365,SIDE,0.7157055119751523,SIDE,True,0.7157055119751523,0.4,2,55.94233071850914
INDIA_VIX,2026-05-04,2026-05-05,BEAR,0.960730301690536,0.13762808053514097,0.2294803597863672,0.6328915596784918,BEAR,0.6328915596784918,BEAR,True,0.6328915596784918,1.0,13,77.9734935807095
NIFTY_50,2026-05-04,2026-05-05,SIDE,0.993994018674035,0.12271509050559479,0.7940305381766567,0.08325437131774849,SIDE,0.7940305381766567,SIDE,True,0.7940305381766567,0.6,3,67.1418322905994
NIFTY_AUTO,2026-05-04,2026-05-05,BEAR,0.8599350264853194,0.10527857183799885,0.32632790056378547,0.5683935275982156,BEAR,0.5683935275982156,SIDE,False,0.5683935275982156,0.7,3,56.10361165589294
NIFTY_BANK,2026-05-04,2026-05-05,BEAR,0.999849141065755,0.10893511343548566,0.31194862637893667,0.5791162601855777,BEAR,0.5791162601855777,BEAR,True,0.5791162601855777,0.7,3,56.746975611134665
NIFTY_FIN_SERVICE,2026-05-04,2026-05-05,BEAR,0.9991101160699914,0.11213224841015977,0.31866794240569407,0.5691998091841461,BEAR,0.5691998091841461,BEAR,True,0.5691998091841461,0.7,3,56.151988551048774
NIFTY_IT,2026-05-04,2026-05-05,BEAR,0.9999893456445184,0.06655115188709747,0.27713016304386323,0.6563186850690392,BEAR,0.6563186850690392,BEAR,True,0.6563186850690392,0.7,7,67.37912110414234
NIFTY_PHARMA,2026-05-04,2026-05-05,BULL,0.9999333983473818,0.6160293533273474,0.3096239064815329,0.0743467401911197,BULL,0.6160293533273474,BULL,True,0.6160293533273474,0.1,1,40.96176119964085
SENSEX,2026-05-04,2026-05-05,SIDE,0.9949751127090003,0.11373496293537859,0.7874915286188026,0.09877350844581886,SIDE,0.7874915286188026,SIDE,True,0.7874915286188026,0.5,3,64.24949171712817
INDIA_VIX,2026-05-05,2026-05-06,BEAR,0.9977951411074217,0.09407626058209773,0.23542748571330305,0.6704962537045992,BEAR,0.6704962537045992,BEAR,True,0.6704962537045992,1.0,14,80.22977522227596
NIFTY_50,2026-05-05,2026-05-06,SIDE,0.996073964267974,0.11673091669334625,0.795506776776086,0.0877623065305678,SIDE,0.795506776776086,SIDE,True,0.795506776776086,0.7,4,71.23040660656517
NIFTY_AUTO,2026-05-05,2026-05-06,SIDE,0.6216886695596482,0.135231916648796,0.5056495970729394,0.3591184862782645,SIDE,0.5056495970729394,SIDE,True,0.5056495970729394,0.7,4,53.838975824376355
NIFTY_BANK,2026-05-05,2026-05-06,BEAR,0.9999935475152751,0.10893799362544143,0.3118844163272468,0.5791775900473117,BEAR,0.5791775900473117,BEAR,True,0.5791775900473117,0.8,4,60.7506554028387
NIFTY_FIN_SERVICE,2026-05-05,2026-05-06,BEAR,0.9999439017833828,0.11139325752185995,0.31879468627270857,0.5698120562054314,BEAR,0.5698120562054314,BULL,False,0.5698120562054314,0.8,4,60.18872337232588
NIFTY_IT,2026-05-05,2026-05-06,BEAR,0.9999386756374138,0.06655759830167447,0.27715564937780446,0.656286752320521,BEAR,0.656286752320521,BEAR,True,0.656286752320521,0.8,8,71.37720513923126
NIFTY_PHARMA,2026-05-05,2026-05-06,BULL,0.999983366762305,0.6160530847977531,0.3096002251209831,0.07434669008126377,BULL,0.6160530847977531,BULL,True,0.6160530847977531,0.2,2,44.963185087865185
SENSEX,2026-05-05,2026-05-06,SIDE,0.9920553150848552,0.10862369879947553,0.7831755605126055,0.108200740687919,SIDE,0.7831755605126055,SIDE,True,0.7831755605126055,0.5,1,60.990533630756325
INDIA_VIX,2026-05-06,2026-05-07,BEAR,0.9998387019606452,0.09205360572470554,0.235394829022175,0.6725515652531194,BEAR,0.6725515652531194,BEAR,True,0.6725515652531194,1.0,15,80.35309391518717
NIFTY_50,2026-05-06,2026-05-07,SIDE,0.9230778139786127,0.19358631035806517,0.7269236416731336,0.07949004796880124,SIDE,0.7269236416731336,SIDE,True,0.7269236416731336,0.8,5,71.115418500388
NIFTY_AUTO,2026-05-06,2026-05-07,SIDE,0.7982818196593426,0.29009739229346065,0.5924315897857396,0.11747101792079967,SIDE,0.5924315897857396,BULL,False,0.5924315897857396,0.8,5,63.04589538714438
NIFTY_BANK,2026-05-06,2026-05-07,BEAR,0.9981189467806055,0.11072915007276098,0.3115597618847351,0.5777110880425039,BEAR,0.5777110880425039,BEAR,True,0.5777110880425039,0.9,5,64.66266528255024
NIFTY_FIN_SERVICE,2026-05-06,2026-05-07,BULL,0.9766297627108023,0.5778347624115646,0.30957026896965745,0.1125949686187779,BULL,0.5778347624115646,BULL,True,0.5778347624115646,0.9,5,64.67008574469388
NIFTY_IT,2026-05-06,2026-05-07,BEAR,0.9981700930652385,0.06678208270122049,0.27804326305578536,0.6551746542429941,BEAR,0.6551746542429941,BEAR,True,0.6551746542429941,0.9,9,75.31047925457966
NIFTY_PHARMA,2026-05-06,2026-05-07,BULL,0.9999999999221343,0.6160609847750308,0.30959234178626843,0.07434667343870074,BULL,0.6160609847750308,BULL,True,0.6160609847750308,0.3,3,48.96365908650185
SENSEX,2026-05-06,2026-05-07,SIDE,0.9663059446416636,0.15028349117158576,0.7551113917388006,0.09460511708961372,SIDE,0.7551113917388006,SIDE,True,0.7551113917388006,0.6,1,61.80668350432803
INDIA_VIX,2026-05-07,2026-05-08,BEAR,0.999953609197574,0.09184958588638166,0.23543750484162446,0.6727129092719939,BEAR,0.6727129092719939,BEAR,True,0.6727129092719939,1.0,16,80.36277455631962
NIFTY_50,2026-05-07,2026-05-08,SIDE,0.9396811449276264,0.18048127726037846,0.7403477703234225,0.079170952416199,SIDE,0.7403477703234225,SIDE,True,0.7403477703234225,0.8,6,73.42086621940534
NIFTY_AUTO,2026-05-07,2026-05-08,BULL,0.9991656822411813,0.6380603760573476,0.3000241351274146,0.06191548881523777,BULL,0.6380603760573476,BULL,True,0.6380603760573476,0.8,6,67.28362256344084
NIFTY_BANK,2026-05-07,2026-05-08,BEAR,0.9659368114126551,0.12126707072117658,0.31834190126108003,0.5603910280177435,BEAR,0.5603910280177435,BEAR,True,0.5603910280177435,0.9,6,65.12346168106461
NIFTY_FIN_SERVICE,2026-05-07,2026-05-08,BULL,0.9999513333568654,0.599902802382218,0.31726420398398747,0.08283299363379447,BULL,0.599902802382218,SIDE,False,0.599902802382218,0.9,6,67.49416814293308
NIFTY_IT,2026-05-07,2026-05-08,BEAR,0.9998151162186497,0.0665733144616039,0.27721778494265686,0.6562089005957392,BEAR,0.6562089005957392,BEAR,True,0.6562089005957392,0.1,1,43.37253403574435
NIFTY_PHARMA,2026-05-07,2026-05-08,BULL,0.9999999996832256,0.6160609846615589,0.3095923418995016,0.07434667343893966,BULL,0.6160609846615589,BULL,True,0.6160609846615589,0.4,4,52.963659079693535
SENSEX,2026-05-07,2026-05-08,SIDE,0.9894437122149435,0.12323896586488986,0.7806113643543758,0.09614966978073414,SIDE,0.7806113643543758,SIDE,True,0.7806113643543758,0.5,1,60.836681861262555
INDIA_VIX,2026-05-08,2026-05-11,BEAR,0.9999453099210779,0.09179831050514156,0.23546728251884635,0.6727344069760121,BEAR,0.6727344069760121,SIDE,False,0.6727344069760121,1.0,17,80.36406441856073
NIFTY_50,2026-05-08,2026-05-11,SIDE,0.9996573731413827,0.11715737809138166,0.8023849113164521,0.08045771059216614,SIDE,0.8023849113164521,SIDE,True,0.8023849113164521,0.2,1,54.643094678987126
NIFTY_AUTO,2026-05-08,2026-05-11,BULL,0.9985711634314831,0.6377549003726956,0.3003160677834524,0.061929031843852074,BULL,0.6377549003726956,SIDE,False,0.6377549003726956,0.2,1,44.765294022361736
NIFTY_BANK,2026-05-08,2026-05-11,BEAR,0.8278639592977245,0.10624298741522921,0.3817790197600206,0.5119779928247502,BEAR,0.5119779928247502,BEAR,True,0.5119779928247502,0.2,1,37.21867956948501
NIFTY_FIN_SERVICE,2026-05-08,2026-05-11,SIDE,0.7750348572479934,0.21611583911009596,0.5900868637438345,0.1937972971460695,SIDE,0.5900868637438345,BEAR,False,0.5900868637438345,0.2,1,41.905211824630065
NIFTY_IT,2026-05-08,2026-05-11,BEAR,0.8972641275669431,0.07825996906434786,0.32365086669873194,0.5980891642369203,BEAR,0.5980891642369203,BEAR,True,0.5980891642369203,0.2,2,43.885349854215214
NIFTY_PHARMA,2026-05-08,2026-05-11,BULL,0.9999999958934755,0.6160609828615811,0.3095923436956895,0.07434667344272941,BULL,0.6160609828615811,BULL,True,0.6160609828615811,0.5,5,56.96365897169486
SENSEX,2026-05-08,2026-05-11,SIDE,0.9996402601133109,0.10855069410077457,0.7940540018776724,0.09739530402155307,SIDE,0.7940540018776724,BEAR,False,0.7940540018776724,0.5,2,63.14324011266035
INDIA_VIX,2026-05-11,2026-05-12,SIDE,0.9672436933095102,0.2557470976610567,0.4614995708342343,0.282753331504709,SIDE,0.4614995708342343,SIDE,True,0.4614995708342343,1.0,18,67.68997425005406
NIFTY_50,2026-05-11,2026-05-12,SIDE,0.8358503577908228,0.10800460803326654,0.6475351344727089,0.24446025749402459,SIDE,0.6475351344727089,BEAR,False,0.6475351344727089,0.3,2,49.35210806836253
NIFTY_AUTO,2026-05-11,2026-05-12,SIDE,0.936674784735162,0.2290460649452023,0.6719370151853923,0.09901691986940553,SIDE,0.6719370151853923,SIDE,True,0.6719370151853923,0.3,2,50.81622091112353
NIFTY_BANK,2026-05-11,2026-05-12,BEAR,0.9991683094005458,0.10891912352843301,0.31225271697804874,0.5788281594935183,BEAR,0.5788281594935183,BEAR,True,0.5788281594935183,0.3,2,45.2296895696111
NIFTY_FIN_SERVICE,2026-05-11,2026-05-12,BEAR,0.9628314818315037,0.11091060813851158,0.334129207262385,0.5549601845991033,BEAR,0.5549601845991033,BEAR,True,0.5549601845991033,0.3,2,43.79761107594619
NIFTY_IT,2026-05-11,2026-05-12,BEAR,0.8140209756281094,0.08638945012554496,0.3561649836604064,0.5574455662140487,BEAR,0.5574455662140487,BEAR,True,0.5574455662140487,0.3,3,45.44673397284292
NIFTY_PHARMA,2026-05-11,2026-05-12,BULL,0.9999999972853777,0.6160609835226782,0.30959234303598426,0.07434667344133751,BULL,0.6160609835226782,BULL,True,0.6160609835226782,0.6,6,60.96365901136069
SENSEX,2026-05-11,2026-05-12,BEAR,0.9744267677982362,0.12326864539258216,0.33828655816614,0.5384447964412777,BEAR,0.5384447964412777,BEAR,True,0.5384447964412777,0.6,3,51.806687786476665
INDIA_VIX,2026-05-12,2026-05-13,SIDE,0.9998837136522296,0.25943675793564924,0.46971415353462365,0.27084908852972706,SIDE,0.46971415353462365,SIDE,True,0.46971415353462365,0.1,1,32.18284921207742
NIFTY_50,2026-05-12,2026-05-13,BEAR,0.9999971352828289,0.13043669580682238,0.27595654422876337,0.5936067599644143,BEAR,0.5936067599644143,BEAR,True,0.5936067599644143,0.4,3,50.116405597864855
NIFTY_AUTO,2026-05-12,2026-05-13,SIDE,0.9927837383292786,0.17914523429585763,0.7053589359207991,0.1154958297833432,SIDE,0.7053589359207991,SIDE,True,0.7053589359207991,0.4,3,56.821536155247955
NIFTY_BANK,2026-05-12,2026-05-13,BEAR,0.9999999320119215,0.10893812958823956,0.31188157175857945,0.579180298653181,BEAR,0.579180298653181,BEAR,True,0.579180298653181,0.4,3,49.25081791919085
NIFTY_FIN_SERVICE,2026-05-12,2026-05-13,BEAR,0.9999999994322004,0.11135357244813118,0.3187967651932222,0.5698496623586466,BEAR,0.5698496623586466,BEAR,True,0.5698496623586466,0.4,3,48.690979741518795
NIFTY_IT,2026-05-12,2026-05-13,BEAR,0.9999999937693165,0.0665497970894255,0.2771248067804322,0.6563253961301423,BEAR,0.6563253961301423,BEAR,True,0.6563253961301423,0.4,4,55.37952376780855
NIFTY_PHARMA,2026-05-12,2026-05-13,BULL,0.9958781505818416,0.6141093606159672,0.3115392702793853,0.07435136910464744,BULL,0.6141093606159672,BULL,True,0.6141093606159672,0.7,7,64.84656163695803
SENSEX,2026-05-12,2026-05-13,BEAR,0.9999999999612412,0.12447511538700064,0.3278723814066822,0.5476525032063172,BEAR,0.5476525032063172,BEAR,True,0.5476525032063172,0.6,4,53.85915019237903
INDIA_VIX,2026-05-13,2026-05-14,SIDE,0.9999451842952191,0.2594142157887861,0.4697302137882536,0.2708555704229602,SIDE,0.4697302137882536,SIDE,True,0.4697302137882536,0.9,1,52.18381282729522
NIFTY_50,2026-05-13,2026-05-14,BEAR,0.9999941805847656,0.13043650283814673,0.2759581515289741,0.5936053456328791,BEAR,0.5936053456328791,BEAR,True,0.5936053456328791,0.4,4,51.61632073797276
NIFTY_AUTO,2026-05-13,2026-05-14,SIDE,0.9723023758989083,0.17412166193974413,0.6841489145912694,0.14172942346898654,SIDE,0.6841489145912694,SIDE,True,0.6841489145912694,0.4,4,57.04893487547616
NIFTY_BANK,2026-05-13,2026-05-14,BEAR,0.999999614653845,0.10893812232609508,0.31188171347358395,0.5791801642003209,BEAR,0.5791801642003209,BEAR,True,0.5791801642003209,0.4,4,50.75080985201925
NIFTY_FIN_SERVICE,2026-05-13,2026-05-14,BEAR,0.9999999709103404,0.11135357270282827,0.3187967768227962,0.5698496504743755,BEAR,0.5698496504743755,BEAR,True,0.5698496504743755,0.4,4,50.19097902846252
NIFTY_IT,2026-05-13,2026-05-14,BEAR,0.9999999998883335,0.06654979631087118,0.2771248037023793,0.6563253999867495,BEAR,0.6563253999867495,BEAR,True,0.6563253999867495,0.5,5,59.37952399920496
NIFTY_PHARMA,2026-05-13,2026-05-14,BULL,0.9988025842008799,0.6154927776960597,0.3101593027891529,0.07434791951478757,BULL,0.6154927776960597,BULL,True,0.6154927776960597,0.8,8,68.92956666176359
SENSEX,2026-05-13,2026-05-14,BEAR,0.9999999971890261,0.12447511525823228,0.32787238254690443,0.5476525021948634,BEAR,0.5476525021948634,BEAR,True,0.5476525021948634,0.6,5,55.35915013169179
INDIA_VIX,2026-05-14,2026-05-15,SIDE,0.9969282948281544,0.2589708115606585,0.46896089984912404,0.27206828859021753,SIDE,0.46896089984912404,SIDE,True,0.46896089984912404,0.2,1,34.63765399094744
NIFTY_50,2026-05-14,2026-05-15,BEAR,0.9562879352281282,0.1277599463589172,0.2987723688527202,0.5734676847883626,BEAR,0.5734676847883626,BEAR,True,0.5734676847883626,0.5,5,54.40806108730175
NIFTY_AUTO,2026-05-14,2026-05-15,SIDE,0.9977233245236586,0.1805692169023608,0.7113173730581358,0.10811341003950344,SIDE,0.7113173730581358,SIDE,True,0.7113173730581358,0.5,5,62.67904238348814
NIFTY_BANK,2026-05-14,2026-05-15,BEAR,0.999000405250756,0.10891531704519557,0.3123275837241356,0.5787570992306689,BEAR,0.5787570992306689,BEAR,True,0.5787570992306689,0.5,5,54.72542595384014
NIFTY_FIN_SERVICE,2026-05-14,2026-05-15,BEAR,0.9992061226079485,0.11134567157643233,0.31912985275811845,0.5695244756654492,BEAR,0.5695244756654492,BEAR,True,0.5695244756654492,0.5,5,54.17146853992695
NIFTY_IT,2026-05-14,2026-05-15,BEAR,0.9999999999999849,0.0665497962966652,0.2771248036462153,0.6563254000571195,BEAR,0.6563254000571195,BEAR,True,0.6563254000571195,0.6,6,63.379524003427164
NIFTY_PHARMA,2026-05-14,2026-05-15,BULL,0.9999999996335456,0.6160609846379627,0.30959234192304796,0.07434667343898936,BULL,0.6160609846379627,BULL,True,0.6160609846379627,0.9,9,72.96365907827777
SENSEX,2026-05-14,2026-05-15,BEAR,0.9998301116762808,0.12446692882164362,0.3279424516516442,0.5475906195267122,BEAR,0.5475906195267122,BEAR,True,0.5475906195267122,0.7,6,59.35543717160273
INDIA_VIX,2026-05-15,2026-05-18,SIDE,0.9992243009859642,0.25929945930254245,0.4695462273316505,0.27115431336580714,SIDE,0.4695462273316505,SIDE,True,0.4695462273316505,0.3,2,38.67277363989903
NIFTY_50,2026-05-15,2026-05-18,BEAR,0.931948620041089,0.1264041819110536,0.31076495643508406,0.5628308616538623,BEAR,0.5628308616538623,BEAR,True,0.5628308616538623,0.6,6,57.76985169923174
NIFTY_AUTO,2026-05-15,2026-05-18,SIDE,0.9992005787737023,0.1810170771778244,0.7131864127143642,0.10579651010781138,SIDE,0.7131864127143642,SIDE,True,0.7131864127143642,0.6,6,66.79118476286185
NIFTY_BANK,2026-05-15,2026-05-18,BEAR,0.999935978382594,0.10893666571806612,0.3119101290963852,0.5791532051855486,BEAR,0.5791532051855486,BEAR,True,0.5791532051855486,0.6,6,58.749192311132916
NIFTY_FIN_SERVICE,2026-05-15,2026-05-18,BEAR,0.9997453877120951,0.11135015720922115,0.3189041875838923,0.5697456552068865,BEAR,0.5697456552068865,BEAR,True,0.5697456552068865,0.6,6,58.18473931241318
NIFTY_IT,2026-05-15,2026-05-18,BEAR,0.9999999973238907,0.06654979663715856,0.2771248049923726,0.6563253983704688,BEAR,0.6563253983704688,BEAR,True,0.6563253983704688,0.7,7,67.37952390222813
NIFTY_PHARMA,2026-05-15,2026-05-18,BULL,0.9999999997610916,0.6160609846985421,0.3095923418625962,0.0743466734388618,BULL,0.6160609846985421,BULL,True,0.6160609846985421,1.0,10,76.96365908191252
SENSEX,2026-05-15,2026-05-18,BEAR,0.9998940408725275,0.12447000297493159,0.3279160897684743,0.547613907256594,BEAR,0.547613907256594,BEAR,True,0.547613907256594,0.8,7,63.35683443539564
INDIA_VIX,2026-05-18,2026-05-19,SIDE,0.9999558784757901,0.2594111010417889,0.46973299883034186,0.2708559001278692,SIDE,0.46973299883034186,SIDE,True,0.46973299883034186,0.1,1,32.18397992982052
NIFTY_50,2026-05-18,2026-05-19,BEAR,0.8211181738952604,0.12114652554020713,0.3609525270016952,0.5179009474580976,BEAR,0.5179009474580976,BEAR,True,0.5179009474580976,0.7,7,59.074056847485856
NIFTY_AUTO,2026-05-18,2026-05-19,SIDE,0.5556702819917734,0.13054732187231188,0.4815523879641622,0.3879002901635259,SIDE,0.4815523879641622,BEAR,False,0.4815523879641622,0.7,7,56.89314327784973
NIFTY_BANK,2026-05-18,2026-05-19,BEAR,0.9999405778065238,0.10893677086754067,0.31190807546634247,0.5791551536661168,BEAR,0.5791551536661168,BEAR,True,0.5791551536661168,0.1,1,38.74930921996701
NIFTY_FIN_SERVICE,2026-05-18,2026-05-19,BEAR,0.998632310489683,0.11133470664010756,0.3193737609317908,0.5692915324281016,BEAR,0.5692915324281016,BEAR,True,0.5692915324281016,0.7,7,62.1574919456861
NIFTY_IT,2026-05-18,2026-05-19,BEAR,0.9979634745580939,0.06680824285948526,0.27814671314091655,0.6550450439995982,BEAR,0.6550450439995982,SIDE,False,0.6550450439995982,0.8,8,71.30270263997589
NIFTY_PHARMA,2026-05-18,2026-05-19,BULL,0.9999999999689395,0.6160609847972612,0.30959234176408473,0.07434667343865395,BULL,0.6160609847972612,BULL,True,0.6160609847972612,1.0,11,76.96365908783568
SENSEX,2026-05-18,2026-05-19,BEAR,0.9991599971630529,0.12443459989083688,0.3282187596436327,0.5473466404655304,BEAR,0.5473466404655304,BEAR,True,0.5473466404655304,0.9,8,67.34079842793183
INDIA_VIX,2026-05-19,2026-05-20,SIDE,0.9949145253358271,0.25865654709346886,0.4684492685860295,0.27289418432050155,SIDE,0.4684492685860295,SIDE,True,0.4684492685860295,0.4,1,39.60695611516177
NIFTY_50,2026-05-19,2026-05-20,BEAR,0.7613377023558836,0.11878914200261517,0.3860165618817211,0.49519429611566373,BEAR,0.49519429611566373,SIDE,False,0.49519429611566373,0.8,8,61.71165776693983
NIFTY_AUTO,2026-05-19,2026-05-20,BEAR,0.5253266785697448,0.12518413186194005,0.4527277070348799,0.4220881611031801,SIDE,0.4527277070348799,SIDE,True,0.4220881611031801,0.8,8,57.325289666190805
NIFTY_BANK,2026-05-19,2026-05-20,BEAR,0.9999460308013889,0.10893689561203711,0.31190564065237913,0.5791574637355837,BEAR,0.5791574637355837,BEAR,True,0.5791574637355837,0.2,2,42.749447824135025
NIFTY_FIN_SERVICE,2026-05-19,2026-05-20,BEAR,0.9992841116721445,0.11134361158934149,0.31909895021927864,0.5695574381913798,BEAR,0.5695574381913798,BEAR,True,0.5695574381913798,0.8,8,66.17344629148279
NIFTY_IT,2026-05-19,2026-05-20,SIDE,0.9493688721938564,0.1557122476779185,0.6367917611807089,0.2074959911413726,SIDE,0.6367917611807089,SIDE,True,0.6367917611807089,0.9,9,74.20750567084254
NIFTY_PHARMA,2026-05-19,2026-05-20,BULL,0.9999999999916764,0.6160609848080604,0.3095923417533085,0.07434667343863123,BULL,0.6160609848080604,BULL,True,0.6160609848080604,1.0,12,76.96365908848362
SENSEX,2026-05-19,2026-05-20,BEAR,0.9993496728381939,0.12444373822032195,0.32814057618192577,0.5474156855977523,BEAR,0.5474156855977523,BEAR,True,0.5474156855977523,0.9,9,68.84494113586514
INDIA_VIX,2026-05-20,2026-05-21,SIDE,0.9728393235756798,0.2552802201820725,0.4629230471396189,0.28179673267830846,SIDE,0.4629230471396189,BEAR,False,0.4629230471396189,0.2,1,34.27538282837713
NIFTY_50,2026-05-20,2026-05-21,SIDE,0.71417008223598,0.10797601510910404,0.5825814959560269,0.30944248893486903,SIDE,0.5825814959560269,SIDE,True,0.5825814959560269,0.9,9,70.95488975736161
NIFTY_AUTO,2026-05-20,2026-05-21,SIDE,0.9408930349791117,0.1680728203811517,0.658184477639595,0.17374270197925323,SIDE,0.658184477639595,SIDE,True,0.658184477639595,0.9,9,75.49106865837571
NIFTY_BANK,2026-05-20,2026-05-21,BEAR,0.998442891793774,0.10890260053485504,0.31257610717584466,0.5785212922893002,BEAR,0.5785212922893002,BEAR,True,0.5785212922893002,0.3,3,46.71127753735801
NIFTY_FIN_SERVICE,2026-05-20,2026-05-21,BEAR,0.9945873915412374,0.11127767001104692,0.32107570040153693,0.5676466295874162,BEAR,0.5676466295874162,BEAR,True,0.5676466295874162,0.1,1,38.058797775244976
NIFTY_IT,2026-05-20,2026-05-21,SIDE,0.9993557744901762,0.16367016960027986,0.6689583666616019,0.16737146373811831,SIDE,0.6689583666616019,SIDE,True,0.6689583666616019,1.0,10,80.13750199969611
NIFTY_PHARMA,2026-05-20,2026-05-21,BULL,0.999999999847772,0.6160609847397116,0.3095923418215133,0.07434667343877513,BULL,0.6160609847397116,BULL,True,0.6160609847397116,1.0,13,76.9636590843827
SENSEX,2026-05-20,2026-05-21,BEAR,0.9920623908038311,0.12409468380656329,0.33113345253387705,0.5447718636595598,BEAR,0.5447718636595598,BEAR,True,0.5447718636595598,0.1,1,36.68631181957359
INDIA_VIX,2026-05-21,2026-05-22,BEAR,0.7127660431525225,0.15781675530579375,0.31419240743359,0.5279908372606162,BEAR,0.5279908372606162,BEAR,True,0.5279908372606162,0.5,1,45.67945023563698
NIFTY_50,2026-05-21,2026-05-22,SIDE,0.9533296195232867,0.11156877936368002,0.7379458220320882,0.1504853986042317,SIDE,0.7379458220320882,SIDE,True,0.7379458220320882,1.0,10,84.2767493219253
NIFTY_AUTO,2026-05-21,2026-05-22,SIDE,0.9981863805919322,0.18070858083803307,0.7118986503026971,0.10739276885926986,SIDE,0.7118986503026971,SIDE,True,0.7118986503026971,1.0,10,82.71391901816182
NIFTY_BANK,2026-05-21,2026-05-22,BEAR,0.9985781414144703,0.10890567452433599,0.3125158399074024,0.5785784855682615,BEAR,0.5785784855682615,BEAR,True,0.5785784855682615,0.4,4,50.714709134095685
NIFTY_FIN_SERVICE,2026-05-21,2026-05-22,BEAR,0.9960433607933942,0.11129756779857262,0.32046439634702345,0.5682380358544039,BEAR,0.5682380358544039,SIDE,False,0.5682380358544039,0.2,2,42.09428215126423
NIFTY_IT,2026-05-21,2026-05-22,SIDE,0.999407578238663,0.16363809354581305,0.668996570969159,0.16736533548502805,SIDE,0.668996570969159,SIDE,True,0.668996570969159,0.1,1,44.13979425814954
NIFTY_PHARMA,2026-05-21,2026-05-22,BULL,0.9999999998369946,0.6160609847345928,0.30959234182662126,0.07434667343878591,BULL,0.6160609847345928,BULL,True,0.6160609847345928,1.0,14,76.96365908407557
SENSEX,2026-05-21,2026-05-22,BEAR,0.9948405565291969,0.12422714860508574,0.3299951630936786,0.5457776883012357,BEAR,0.5457776883012357,BEAR,True,0.5457776883012357,0.9,1,56.746661298074144
INDIA_VIX,2026-05-22,2026-05-25,BEAR,0.9435010915710245,0.10923308800849377,0.2536288867191966,0.6371380252723097,BEAR,0.6371380252723097,BEAR,True,0.6371380252723097,0.6,2,56.22828151633858
NIFTY_50,2026-05-22,2026-05-25,SIDE,0.9978844469973156,0.11640971624247304,0.79870832438313,0.08488195937439695,SIDE,0.79870832438313,SIDE,True,0.79870832438313,1.0,11,87.9224994629878
NIFTY_AUTO,2026-05-22,2026-05-25,SIDE,0.9996966604689338,0.18117015634570438,0.7138240561756951,0.10500578747860055,SIDE,0.7138240561756951,SIDE,True,0.7138240561756951,1.0,11,82.82944337054171
NIFTY_BANK,2026-05-22,2026-05-25,BEAR,0.782003377726971,0.10585151561597894,0.3988398215625344,0.4953086628214868,BEAR,0.4953086628214868,SIDE,False,0.4953086628214868,0.6,1,46.2185197692892
NIFTY_FIN_SERVICE,2026-05-22,2026-05-25,SIDE,0.5925955800427044,0.11434770497413979,0.532236519645156,0.35341577538070423,SIDE,0.532236519645156,BULL,False,0.532236519645156,0.8,1,53.434191178709355
NIFTY_IT,2026-05-22,2026-05-25,SIDE,0.9989426557911646,0.16354373358005975,0.6686572511900695,0.16779901522987084,SIDE,0.6686572511900695,SIDE,True,0.6686572511900695,0.2,2,48.11943507140417
NIFTY_PHARMA,2026-05-22,2026-05-25,BULL,0.9998108591319423,0.6159711634842386,0.3096819727202034,0.07434686379555787,BULL,0.6159711634842386,BULL,True,0.6159711634842386,1.0,15,76.95826980905433
SENSEX,2026-05-22,2026-05-25,BEAR,0.8907220003045891,0.11967687666820985,0.3708070487747442,0.509516074557046,BEAR,0.509516074557046,SIDE,False,0.509516074557046,0.9,2,56.070964473422755
INDIA_VIX,2026-05-25,2026-05-26,BEAR,0.9999845222919937,0.09178353608366414,0.23545452071676917,0.6727619431995667,BEAR,0.6727619431995667,BEAR,True,0.6727619431995667,0.2,1,46.86571659197401
NIFTY_50,2026-05-25,2026-05-26,SIDE,0.9960556781855576,0.12215287257829975,0.7976552243085309,0.08019190311316943,SIDE,0.7976552243085309,SIDE,True,0.7976552243085309,1.0,12,87.85931345851185
NIFTY_AUTO,2026-05-25,2026-05-26,SIDE,0.9996316675005116,0.18156764132329986,0.7139252507355351,0.10450710794116494,SIDE,0.7139252507355351,SIDE,True,0.7139252507355351,1.0,12,82.83551504413211
NIFTY_BANK,2026-05-25,2026-05-26,SIDE,0.7914172216531357,0.19556055003836587,0.597636145480259,0.2068033044813751,SIDE,0.597636145480259,SIDE,True,0.597636145480259,0.6,2,53.858168728815535
NIFTY_FIN_SERVICE,2026-05-25,2026-05-26,BULL,0.9688610836672217,0.5861482280167847,0.33074291324011523,0.0831088587431001,BULL,0.5861482280167847,BULL,True,0.5861482280167847,0.8,2,58.168893681007084
NIFTY_IT,2026-05-25,2026-05-26,SIDE,0.9997564010122016,0.1637168645161337,0.6692517643943391,0.1670313710895271,SIDE,0.6692517643943391,SIDE,True,0.6692517643943391,0.3,3,52.155105863660346
NIFTY_PHARMA,2026-05-25,2026-05-26,BULL,0.9999918087729451,0.6160570943351619,0.3095962240327086,0.07434668163212957,BULL,0.6160570943351619,BULL,True,0.6160570943351619,1.0,16,76.9634256601097
SENSEX,2026-05-25,2026-05-26,SIDE,0.9967480184106523,0.110257195716299,0.789842998023998,0.0998998062597028,SIDE,0.789842998023998,SIDE,True,0.789842998023998,0.9,3,74.39057988143989
INDIA_VIX,2026-05-26,2026-05-27,BEAR,0.9999991002845217,0.09177712948166648,0.23545023040246799,0.6727726401158655,BEAR,0.6727726401158655,BEAR,True,0.6727726401158655,0.3,2,50.86635840695193
NIFTY_50,2026-05-26,2026-05-27,SIDE,0.9997736116900875,0.11701721594956363,0.8025519505260058,0.08043083352443042,SIDE,0.8025519505260058,SIDE,True,0.8025519505260058,1.0,13,88.15311703156034
NIFTY_AUTO,2026-05-26,2026-05-27,SIDE,0.9997686848210837,0.1814582933433204,0.7140350378698918,0.10450666878678777,SIDE,0.7140350378698918,SIDE,True,0.7140350378698918,1.0,13,82.8421022721935
NIFTY_BANK,2026-05-26,2026-05-27,SIDE,0.9927595452651689,0.13434698474124698,0.7575314382609887,0.10812157699776431,SIDE,0.7575314382609887,SIDE,True,0.7575314382609887,0.6,3,64.95188629565932
NIFTY_FIN_SERVICE,2026-05-26,2026-05-27,BULL,0.7958410427020884,0.5176173650859252,0.3995809247343578,0.08280171017971705,BULL,0.5176173650859252,SIDE,False,0.5176173650859252,0.8,3,55.557041905155515
NIFTY_IT,2026-05-26,2026-05-27,SIDE,0.9997853770087067,0.1637231711923111,0.6692729909478841,0.16700383785980472,SIDE,0.6692729909478841,SIDE,True,0.6692729909478841,0.4,4,56.15637945687304
NIFTY_PHARMA,2026-05-26,2026-05-27,BULL,0.9999794762882978,0.6160512370324088,0.30960206899093895,0.07434669397665215,BULL,0.6160512370324088,BULL,True,0.6160512370324088,1.0,17,76.96307422194454
SENSEX,2026-05-26,2026-05-27,SIDE,0.9995390073734466,0.10848280379506123,0.7938963985722243,0.09762079763271445,SIDE,0.7938963985722243,SIDE,True,0.7938963985722243,0.9,4,76.13378391433345
INDIA_VIX,2026-05-27,2026-05-29,BEAR,0.9999879599109804,0.09179734993926728,0.2354458830022129,0.6727567670585198,BEAR,0.6727567670585198,BEAR,True,0.6727567670585198,0.3,3,52.3654060235112
NIFTY_50,2026-05-27,2026-05-29,SIDE,0.9997665644572563,0.11704285945999386,0.8025491372819499,0.08040800325805626,SIDE,0.8025491372819499,SIDE,True,0.8025491372819499,1.0,14,88.152948236917
NIFTY_AUTO,2026-05-27,2026-05-29,SIDE,0.8909414240801592,0.2574243917994285,0.6467514438311208,0.09582416436945072,SIDE,0.6467514438311208,SIDE,True,0.6467514438311208,1.0,14,78.80508662986725
NIFTY_BANK,2026-05-27,2026-05-29,SIDE,0.9993995336816576,0.12626807984881347,0.7657002127465545,0.108031707404632,SIDE,0.7657002127465545,SIDE,True,0.7657002127465545,0.6,4,66.94201276479328
NIFTY_FIN_SERVICE,2026-05-27,2026-05-29,SIDE,0.9201033266601053,0.2079075131226045,0.6915543794239092,0.1005381074534862,SIDE,0.6915543794239092,BEAR,False,0.6915543794239092,0.8,4,67.49326276543455
NIFTY_IT,2026-05-27,2026-05-29,SIDE,0.9996554430491953,0.16367792937567774,0.6691779594396681,0.16714411118465433,SIDE,0.6691779594396681,SIDE,True,0.6691779594396681,0.5,5,60.15067756638008
NIFTY_PHARMA,2026-05-27,2026-05-29,BULL,0.999990722700131,0.6160565785014185,0.3095967387797345,0.07434668271884698,BULL,0.6160565785014185,SIDE,False,0.6160565785014185,1.0,18,76.96339471008511
SENSEX,2026-05-27,2026-05-29,SIDE,0.999270482260205,0.10843571088714127,0.7934883219147544,0.09807596719810446,SIDE,0.7934883219147544,BEAR,False,0.7934883219147544,0.9,5,77.60929931488526
INDIA_VIX,2026-05-29,2026-06-01,BEAR,0.9999515419109197,0.09180908972779608,0.23545872147760266,0.6727321887946013,BEAR,0.6727321887946013,BEAR,True,0.6727321887946013,0.4,4,56.36393132767608
NIFTY_50,2026-05-29,2026-06-01,SIDE,0.7256312193914847,0.10789688686998733,0.5881135391507727,0.3039895739792401,SIDE,0.5881135391507727,BEAR,False,0.5881135391507727,1.0,15,75.28681234904636
NIFTY_AUTO,2026-05-29,2026-06-01,SIDE,0.9998290261715606,0.18122424822158126,0.7140008316173051,0.1047749201611137,SIDE,0.7140008316173051,SIDE,True,0.7140008316173051,1.0,15,82.84004989703831
NIFTY_BANK,2026-05-29,2026-06-01,SIDE,0.9935388179540289,0.12480933908575555,0.7582101572784151,0.11698050363582922,SIDE,0.7582101572784151,SIDE,True,0.7582101572784151,0.6,5,67.9926094367049
NIFTY_FIN_SERVICE,2026-05-29,2026-06-01,BEAR,0.6772865786968715,0.11056905607364112,0.43801713625814254,0.45141380766821637,BEAR,0.45141380766821637,BEAR,True,0.45141380766821637,0.8,5,54.58482846009298
NIFTY_IT,2026-05-29,2026-06-01,SIDE,0.9997917921582297,0.1638447351153034,0.6692769548897339,0.16687830999496275,SIDE,0.6692769548897339,BULL,False,0.6692769548897339,0.6,6,64.15661729338403
NIFTY_PHARMA,2026-05-29,2026-06-01,SIDE,0.8249820059144293,0.27600927740779424,0.6337299381388007,0.09026078445340488,SIDE,0.6337299381388007,SIDE,True,0.6337299381388007,0.1,1,42.02379628832805
SENSEX,2026-05-29,2026-06-01,BEAR,0.9674759893679413,0.12295016333364661,0.3410728603132844,0.535976976353069,BEAR,0.535976976353069,BEAR,True,0.535976976353069,0.9,6,63.658618581184136
INDIA_VIX,2026-06-01,2026-06-02,BEAR,0.9998743751065468,0.09182186809491177,0.23549193962301426,0.672686192282074,BEAR,0.672686192282074,BEAR,True,0.672686192282074,0.5,5,60.36117153692444
NIFTY_50,2026-06-01,2026-06-02,BEAR,0.9796782231023153,0.12914959865890055,0.28679070388918526,0.5840596974519142,BEAR,0.5840596974519142,BEAR,True,0.5840596974519142,1.0,16,75.04358184711485
NIFTY_AUTO,2026-06-01,2026-06-02,SIDE,0.9760941940303542,0.17496740219317383,0.6877412540021666,0.13729134380465957,SIDE,0.6877412540021666,SIDE,True,0.6877412540021666,1.0,16,81.26447524013
NIFTY_BANK,2026-06-01,2026-06-02,SIDE,0.7878459459404802,0.11113063257005643,0.6161380028422422,0.2727313645877015,SIDE,0.6161380028422422,SIDE,True,0.6161380028422422,0.6,6,60.96828017053453
NIFTY_FIN_SERVICE,2026-06-01,2026-06-02,BEAR,0.9999845306438692,0.11135338012791912,0.318803282826919,0.5698433370451619,BEAR,0.5698433370451619,BEAR,True,0.5698433370451619,0.8,6,63.19060022270971
NIFTY_IT,2026-06-01,2026-06-02,BULL,0.7003001286444296,0.5046692304446312,0.39784877568056193,0.09748199387480694,BULL,0.5046692304446312,BULL,True,0.5046692304446312,0.7,7,58.280153826677875
NIFTY_PHARMA,2026-06-01,2026-06-02,SIDE,0.9997063071752585,0.1486922987213673,0.7492223365602204,0.10208536471841233,SIDE,0.7492223365602204,SIDE,True,0.7492223365602204,0.2,2,52.953340193613215
SENSEX,2026-06-01,2026-06-02,BEAR,0.9999926688599159,0.12447476160713651,0.32787540568014567,0.5476498327127178,BEAR,0.5476498327127178,BEAR,True,0.5476498327127178,0.9,7,65.85898996276308
INDIA_VIX,2026-06-02,2026-06-03,BEAR,0.999996226594523,0.09178260399616747,0.23544898040920148,0.6727684155946311,BEAR,0.6727684155946311,BEAR,True,0.6727684155946311,0.6,6,64.36610493567785
NIFTY_50,2026-06-02,2026-06-03,BEAR,0.9512996271465662,0.12747465376654435,0.30126744102876035,0.5712579052046953,BEAR,0.5712579052046953,BEAR,True,0.5712579052046953,1.0,17,74.27547431228172
NIFTY_AUTO,2026-06-02,2026-06-03,SIDE,0.9985170179831008,0.18080862527221023,0.712316226384326,0.10687514834346387,SIDE,0.712316226384326,SIDE,True,0.712316226384326,1.0,17,82.73897358305956
NIFTY_BANK,2026-06-02,2026-06-03,SIDE,0.7595899803512679,0.11025816538482029,0.6028722316971015,0.2868696029180783,SIDE,0.6028722316971015,SIDE,True,0.6028722316971015,0.7,7,64.17233390182608
NIFTY_FIN_SERVICE,2026-06-02,2026-06-03,BEAR,0.9999995333712515,0.11135356939241552,0.3187969598216693,0.5698494707859152,BEAR,0.5698494707859152,BEAR,True,0.5698494707859152,0.8,7,64.69096824715491
NIFTY_IT,2026-06-02,2026-06-03,BULL,0.9999999998623892,0.652860829450177,0.2809406732427362,0.06619849730708677,BULL,0.652860829450177,SIDE,False,0.652860829450177,0.1,1,43.17164976701062
NIFTY_PHARMA,2026-06-02,2026-06-03,SIDE,0.993525513759801,0.14741660148156724,0.7426184645651864,0.10996493395324632,SIDE,0.7426184645651864,SIDE,True,0.7426184645651864,0.3,3,56.557107873911185
SENSEX,2026-06-02,2026-06-03,BEAR,0.9982322759639078,0.1243899353176124,0.32860094729710015,0.5470091173852876,BEAR,0.5470091173852876,BEAR,True,0.5470091173852876,0.9,8,67.32054704311724
INDIA_VIX,2026-06-03,2026-06-04,BEAR,0.9997160705268439,0.09188742352960465,0.2355404761102023,0.6725721003601931,BEAR,0.6725721003601931,BEAR,True,0.6725721003601931,0.7,7,68.35432602161158
NIFTY_50,2026-06-03,2026-06-04,BEAR,0.9905567158147481,0.12982887848995608,0.2810435098555082,0.5891276116545358,BEAR,0.5891276116545358,BEAR,True,0.5891276116545358,1.0,18,75.34765669927215
NIFTY_AUTO,2026-06-03,2026-06-04,SIDE,0.9992409884768658,0.18102957933033506,0.7132381979319216,0.10573222273774345,SIDE,0.7132381979319216,SIDE,True,0.7132381979319216,1.0,18,82.79429187591529
NIFTY_BANK,2026-06-03,2026-06-04,SIDE,0.9746114112644783,0.12236011446190213,0.7373123639535952,0.1403275215845027,SIDE,0.7373123639535952,SIDE,True,0.7373123639535952,0.8,8,76.23874183721571
NIFTY_FIN_SERVICE,2026-06-03,2026-06-04,BEAR,0.9999808902019512,0.11135337771746279,0.31880478939299345,0.5698418328895438,BEAR,0.5698418328895438,BEAR,True,0.5698418328895438,0.8,8,66.19050997337263
NIFTY_IT,2026-06-03,2026-06-04,SIDE,0.9944399781843319,0.16878148575936072,0.665384532463556,0.16583398177708347,SIDE,0.665384532463556,SIDE,True,0.665384532463556,0.8,1,61.42307194781337
NIFTY_PHARMA,2026-06-03,2026-06-04,SIDE,0.9991029762376946,0.1482877811291336,0.7485314520808843,0.10318076678998216,SIDE,0.7485314520808843,SIDE,True,0.7485314520808843,0.4,4,60.91188712485307
SENSEX,2026-06-03,2026-06-04,BEAR,0.9998897961161808,0.12446979650439466,0.32791784178015493,0.5476123617154505,BEAR,0.5476123617154505,BEAR,True,0.5476123617154505,0.9,9,68.85674170292702
INDIA_VIX,2026-06-04,2026-06-05,BEAR,0.9999902352764609,0.09178092295606581,0.23545289039866676,0.6727661866452674,BEAR,0.6727661866452674,BEAR,True,0.6727661866452674,0.3,1,49.365971198716046
NIFTY_50,2026-06-04,2026-06-05,BEAR,0.9782319389679777,0.1290609990742935,0.28754595677991646,0.5833930441457901,BEAR,0.5833930441457901,BEAR,True,0.5833930441457901,1.0,19,75.00358264874741
NIFTY_AUTO,2026-06-04,2026-06-05,SIDE,0.999773830839418,0.18119421784880213,0.7139237684814095,0.10488201366978833,SIDE,0.7139237684814095,SIDE,True,0.7139237684814095,1.0,19,82.83542610888458
NIFTY_BANK,2026-06-04,2026-06-05,SIDE,0.9994216144876497,0.12575706797471964,0.7657092872742851,0.10853364475099518,SIDE,0.7657092872742851,SIDE,True,0.7657092872742851,0.9,9,81.9425572364571
NIFTY_FIN_SERVICE,2026-06-04,2026-06-05,BEAR,0.9970506415853702,0.11131195371319501,0.3200404892248819,0.568647557061923,BEAR,0.568647557061923,BEAR,True,0.568647557061923,0.2,1,40.618853423715386
NIFTY_IT,2026-06-04,2026-06-05,SIDE,0.9996243973262718,0.16383416490115732,0.6691541369387346,0.1670116981601081,SIDE,0.6691541369387346,SIDE,True,0.6691541369387346,0.9,2,65.64924821632407
NIFTY_PHARMA,2026-06-04,2026-06-05,SIDE,0.9998567286694101,0.14844019162960645,0.7493648804714937,0.10219492789889968,SIDE,0.7493648804714937,SIDE,True,0.7493648804714937,0.5,5,64.96189282828962
SENSEX,2026-06-04,2026-06-05,BEAR,0.999557436532702,0.12445375985194641,0.32805491346211607,0.5474913266859376,BEAR,0.5474913266859376,BEAR,True,0.5474913266859376,1.0,10,72.84947960115625
INDIA_VIX,2026-06-05,2026-06-08,BEAR,0.9999918544540168,0.09178024306293724,0.23545239810705995,0.6727673588300029,BEAR,0.6727673588300029,BEAR,True,0.6727673588300029,0.8,1,61.86604152980018
NIFTY_50,2026-06-05,2026-06-08,BEAR,0.9921983163367379,0.12993331748891782,0.28016577827091355,0.5899009042401686,BEAR,0.5899009042401686,BEAR,True,0.5899009042401686,1.0,20,75.39405425441011
NIFTY_AUTO,2026-06-05,2026-06-08,SIDE,0.9998767854020066,0.18122635970706344,0.7140569892229911,0.10471665106994553,SIDE,0.7140569892229911,SIDE,True,0.7140569892229911,1.0,20,82.84341935337946
NIFTY_BANK,2026-06-05,2026-06-08,SIDE,0.999723974167783,0.12591852855728666,0.7661162519009745,0.1079652195417389,SIDE,0.7661162519009745,SIDE,True,0.7661162519009745,1.0,10,85.96697511405847
NIFTY_FIN_SERVICE,2026-06-05,2026-06-08,BEAR,0.9882512773534625,0.11119140542714911,0.3237241365185386,0.5650844580543122,BEAR,0.5650844580543122,BEAR,True,0.5650844580543122,0.2,2,41.905067483258726
NIFTY_IT,2026-06-05,2026-06-08,SIDE,0.9982058097005804,0.16340654387032807,0.6681213619823032,0.16847209414736883,SIDE,0.6681213619823032,SIDE,True,0.6681213619823032,0.9,3,67.0872817189382
NIFTY_PHARMA,2026-06-05,2026-06-08,SIDE,0.9998885538666399,0.14850935923929479,0.7494057178342304,0.10208492292647486,SIDE,0.7494057178342304,SIDE,True,0.7494057178342304,0.6,6,68.96434307005381
SENSEX,2026-06-05,2026-06-08,BEAR,0.9997770082516443,0.1244643545791275,0.3279643622423651,0.5475712831785075,BEAR,0.5475712831785075,BEAR,True,0.5475712831785075,1.0,11,72.85427699071045
INDIA_VIX,2026-06-08,2026-06-09,BEAR,0.8078808378678295,0.14069575983114044,0.29103928442862353,0.5682649557402359,BEAR,0.5682649557402359,BEAR,True,0.5682649557402359,0.2,1,40.595897344414155
NIFTY_50,2026-06-08,2026-06-09,BEAR,0.9999985928167632,0.13043679103088932,0.275955751330432,0.5936074576386787,BEAR,0.5936074576386787,BEAR,True,0.5936074576386787,1.0,21,75.61644745832072
NIFTY_AUTO,2026-06-08,2026-06-09,SIDE,0.7798908010744408,0.1482857242068468,0.5691958733387037,0.28251840245444954,SIDE,0.5691958733387037,SIDE,True,0.5691958733387037,0.1,1,38.15175240032222
NIFTY_BANK,2026-06-08,2026-06-09,SIDE,0.9984677184016633,0.12557315135491726,0.7644504283298315,0.10997642031525118,SIDE,0.7644504283298315,SIDE,True,0.7644504283298315,1.0,11,85.86702569978989
NIFTY_FIN_SERVICE,2026-06-08,2026-06-09,BEAR,0.9999685206640605,0.11135312619453447,0.3188100633095723,0.5698368104958932,BEAR,0.5698368104958932,BEAR,True,0.5698368104958932,0.8,1,55.69020862975359
NIFTY_IT,2026-06-08,2026-06-09,SIDE,0.9623304075324505,0.15758389592056926,0.6444349098313478,0.197981194248083,SIDE,0.6444349098313478,SIDE,True,0.6444349098313478,0.9,4,67.16609458988087
NIFTY_PHARMA,2026-06-08,2026-06-09,SIDE,0.9995494098318265,0.1483635451667909,0.7490228505382931,0.10261360429491609,SIDE,0.7490228505382931,SIDE,True,0.7490228505382931,0.7,7,72.94137103229758
SENSEX,2026-06-08,2026-06-09,BEAR,0.9999999460067477,0.12447511279675692,0.32787240365529857,0.5476524835479445,BEAR,0.5476524835479445,BEAR,True,0.5476524835479445,0.1,1,36.85914901287667
INDIA_VIX,2026-06-09,2026-06-10,BEAR,0.9999564270652472,0.0918100580473005,0.23545573377053808,0.6727342081821615,BEAR,0.6727342081821615,BEAR,True,0.6727342081821615,0.8,1,61.86405249092969
NIFTY_50,2026-06-09,2026-06-10,BEAR,0.9993543030992057,0.1303947451127693,0.2763060106926835,0.5932992441945473,BEAR,0.5932992441945473,BEAR,True,0.5932992441945473,1.0,22,75.59795465167284
NIFTY_AUTO,2026-06-09,2026-06-10,SIDE,0.9938886000148227,0.1794547576957417,0.7066555962549713,0.1138896460492871,SIDE,0.7066555962549713,SIDE,True,0.7066555962549713,0.9,1,66.39933577529828
NIFTY_BANK,2026-06-09,2026-06-10,SIDE,0.9023649494139474,0.2203805794853587,0.6799887088871164,0.09963071162752506,SIDE,0.6799887088871164,SIDE,True,0.6799887088871164,1.0,12,80.79932253322698
NIFTY_FIN_SERVICE,2026-06-09,2026-06-10,BEAR,0.9161441500239558,0.11053926651723905,0.35250493382446296,0.5369557996582981,BEAR,0.5369557996582981,SIDE,False,0.5369557996582981,0.8,2,55.21734797949789
NIFTY_IT,2026-06-09,2026-06-10,SIDE,0.8605629802100961,0.1447638906440754,0.5922499120133635,0.26298619734256107,SIDE,0.5922499120133635,BEAR,False,0.5922499120133635,0.9,5,65.5349947208018
NIFTY_PHARMA,2026-06-09,2026-06-10,SIDE,0.9998741197110819,0.14854170575989625,0.749392748343337,0.10206554589676674,SIDE,0.749392748343337,SIDE,True,0.749392748343337,0.8,8,76.96356490060022
SENSEX,2026-06-09,2026-06-10,BEAR,0.999933416651483,0.12447190574844497,0.32789984567594616,0.5476282485756089,BEAR,0.5476282485756089,BEAR,True,0.5476282485756089,0.9,1,56.85769491453654
INDIA_VIX,2026-06-10,2026-06-11,BEAR,0.9999748923440558,0.09178638381396813,0.23545804350888452,0.6727555726771473,BEAR,0.6727555726771473,BEAR,True,0.6727555726771473,0.8,2,63.365334360628836
NIFTY_50,2026-06-10,2026-06-11,BEAR,0.9996438058210486,0.13041362672635903,0.2761486841278878,0.5934376891457532,BEAR,0.5934376891457532,BEAR,True,0.5934376891457532,1.0,23,75.60626134874519
NIFTY_AUTO,2026-06-10,2026-06-11,SIDE,0.9927118226480137,0.1791251407663535,0.705275170061617,0.11559968917202938,SIDE,0.705275170061617,SIDE,True,0.705275170061617,0.9,2,67.81651020369702
NIFTY_BANK,2026-06-10,2026-06-11,SIDE,0.9892082895893071,0.14013532836792986,0.7535645241361184,0.10630014749595164,SIDE,0.7535645241361184,SIDE,True,0.7535645241361184,1.0,13,85.21387144816711
NIFTY_FIN_SERVICE,2026-06-10,2026-06-11,SIDE,0.8038282397147256,0.12008538639050148,0.6197398518583686,0.26017476175113,SIDE,0.6197398518583686,SIDE,True,0.6197398518583686,0.8,3,61.684391111502116
NIFTY_IT,2026-06-10,2026-06-11,BEAR,0.7745998028391154,0.08997192042839625,0.370536458301953,0.5394916212696509,BEAR,0.5394916212696509,BEAR,True,0.5394916212696509,0.9,6,63.869497276179054
NIFTY_PHARMA,2026-06-10,2026-06-11,SIDE,0.9993485381080839,0.14832823842450507,0.7488012994984339,0.10287046207706087,SIDE,0.7488012994984339,SIDE,True,0.7488012994984339,0.9,9,80.92807796990603
SENSEX,2026-06-10,2026-06-11,BEAR,0.999775236952879,0.12446427250875057,0.32796509049602784,0.5475706369952216,BEAR,0.5475706369952216,BEAR,True,0.5475706369952216,0.9,2,58.354238219713295
INDIA_VIX,2026-06-11,2026-06-12,BEAR,0.9999608370511219,0.09179117230737531,0.2354628703559155,0.6727459573367093,BEAR,0.6727459573367093,BEAR,True,0.6727459573367093,0.8,3,64.86475744020255
NIFTY_50,2026-06-11,2026-06-12,BEAR,0.9999381211453342,0.1304328410103674,0.27598864565938275,0.5935785133302499,BEAR,0.5935785133302499,SIDE,False,0.5935785133302499,1.0,24,75.614710799815
NIFTY_AUTO,2026-06-11,2026-06-12,SIDE,0.9889281608172039,0.17810206748818475,0.7009797472561831,0.1209181852556323,SIDE,0.7009797472561831,SIDE,True,0.7009797472561831,0.9,3,69.05878483537099
NIFTY_BANK,2026-06-11,2026-06-12,SIDE,0.9930713606578028,0.1351995216092624,0.7580117060529057,0.10678877233783196,SIDE,0.7580117060529057,BULL,False,0.7580117060529057,1.0,14,85.48070236317434
NIFTY_FIN_SERVICE,2026-06-11,2026-06-12,SIDE,0.9628351234269129,0.13104248771095414,0.7187212046248544,0.15023630766419147,SIDE,0.7187212046248544,BULL,False,0.7187212046248544,0.8,4,69.12327227749127
NIFTY_IT,2026-06-11,2026-06-12,BEAR,0.9999666673562573,0.06655403720195434,0.27714157030659403,0.6563043924914516,BEAR,0.6563043924914516,BEAR,True,0.6563043924914516,0.9,7,72.37826354948709
NIFTY_PHARMA,2026-06-11,2026-06-12,SIDE,0.9998970143872223,0.14850817633888339,0.7494148768775737,0.1020769467835429,SIDE,0.7494148768775737,SIDE,True,0.7494148768775737,1.0,10,84.96489261265442
SENSEX,2026-06-11,2026-06-12,BEAR,0.9999552415821313,0.12447295636408665,0.3278908444997369,0.5476361991361764,BEAR,0.5476361991361764,SIDE,False,0.5476361991361764,0.9,3,59.85817194817059
INDIA_VIX,2026-06-12,2026-06-15,BEAR,0.9999980593757257,0.09177919792570458,0.23544973511160094,0.6727710669626945,BEAR,0.6727710669626945,BEAR,True,0.6727710669626945,0.8,4,66.36626401776167
NIFTY_50,2026-06-12,2026-06-15,SIDE,0.8107005683875851,0.10813280975576552,0.6326271718571086,0.25924001838712596,SIDE,0.6326271718571086,SIDE,True,0.6326271718571086,1.0,25,77.95763031142651
NIFTY_AUTO,2026-06-12,2026-06-15,SIDE,0.9998876198142501,0.1812458588505021,0.7140781700249909,0.10467597112450718,SIDE,0.7140781700249909,SIDE,True,0.7140781700249909,0.9,4,71.34469020149945
NIFTY_BANK,2026-06-12,2026-06-15,BULL,0.9999994467119601,0.6364264764698921,0.2822674273897412,0.08130609614036655,BULL,0.6364264764698921,BULL,True,0.6364264764698921,1.0,15,78.18558858819353
NIFTY_FIN_SERVICE,2026-06-12,2026-06-15,BULL,0.9998321991132249,0.5998542635907436,0.3173237853911307,0.0828219510181257,BULL,0.5998542635907436,BULL,True,0.5998542635907436,0.8,5,63.49125581544462
NIFTY_IT,2026-06-12,2026-06-15,BEAR,0.9999906340947912,0.06655098795508181,0.27712951492970017,0.6563194971152181,BEAR,0.6563194971152181,BEAR,True,0.6563194971152181,0.9,8,73.87916982691308
NIFTY_PHARMA,2026-06-12,2026-06-15,SIDE,0.9997955878739404,0.14865012378673176,0.7493163203459853,0.10203355586728294,SIDE,0.7493163203459853,SIDE,True,0.7493163203459853,1.0,11,84.95897922075912
SENSEX,2026-06-12,2026-06-15,SIDE,0.976383368634781,0.11744018978777433,0.7631176111889271,0.1194421990232986,SIDE,0.7631176111889271,SIDE,True,0.7631176111889271,0.9,4,74.28705667133562
INDIA_VIX,2026-06-15,2026-06-16,BEAR,0.9999988260365255,0.09177818826516959,0.2354498442338007,0.6727719675010296,BEAR,0.6727719675010296,BEAR,True,0.6727719675010296,0.8,5,67.86631805006178
NIFTY_50,2026-06-15,2026-06-16,SIDE,0.9894238727524758,0.13057407715611735,0.7893501100997402,0.08007581274414247,SIDE,0.7893501100997402,SIDE,True,0.7893501100997402,1.0,26,87.36100660598441
NIFTY_AUTO,2026-06-15,2026-06-16,SIDE,0.6337215315135882,0.378743130305914,0.5383168066601466,0.08294006303393947,SIDE,0.5383168066601466,SIDE,True,0.5383168066601466,0.9,5,62.29900839960879
NIFTY_BANK,2026-06-15,2026-06-16,BULL,0.9999999994654143,0.6364270177652375,0.28226742630572926,0.08130555592903334,BULL,0.6364270177652375,BULL,True,0.6364270177652375,0.1,1,42.185621065914255
NIFTY_FIN_SERVICE,2026-06-15,2026-06-16,BULL,0.9999999561887342,0.5999356424738814,0.31725684194698034,0.08280751557913833,BULL,0.5999356424738814,BULL,True,0.5999356424738814,0.8,6,64.99613854843288
NIFTY_IT,2026-06-15,2026-06-16,BEAR,0.9988436698310598,0.06669670532442766,0.27770565725867735,0.6555976374168949,BEAR,0.6555976374168949,BEAR,True,0.6555976374168949,0.9,9,75.3358582450137
NIFTY_PHARMA,2026-06-15,2026-06-16,SIDE,0.9997098444126987,0.14838720375828116,0.7491998328474357,0.10241296339428314,SIDE,0.7491998328474357,SIDE,True,0.7491998328474357,1.0,12,84.95198997084616
SENSEX,2026-06-15,2026-06-16,SIDE,0.8741403399401952,0.22421792441426897,0.6840281343762641,0.0917539412094669,SIDE,0.6840281343762641,BULL,False,0.6840281343762641,0.9,5,71.04168806257583
INDIA_VIX,2026-06-16,2026-06-17,BEAR,0.9999668645751193,0.09183427535838676,0.23543832651278232,0.672727398128831,BEAR,0.672727398128831,BEAR,True,0.672727398128831,0.8,6,69.36364388772985
NIFTY_50,2026-06-16,2026-06-17,SIDE,0.8177676257233681,0.2603455465513251,0.6601659434600952,0.07948850998857974,SIDE,0.6601659434600952,BULL,False,0.6601659434600952,1.0,27,79.60995660760571
NIFTY_AUTO,2026-06-16,2026-06-17,SIDE,0.8369183538221397,0.2870282520823831,0.620413689040986,0.09255805887663092,SIDE,0.620413689040986,SIDE,True,0.620413689040986,0.9,6,68.72482134245917
NIFTY_BANK,2026-06-16,2026-06-17,BULL,0.9999999989038308,0.6364270174635821,0.2822674266244477,0.08130555591197029,BULL,0.6364270174635821,BULL,True,0.6364270174635821,0.2,2,46.18562104781493
NIFTY_FIN_SERVICE,2026-06-16,2026-06-17,BULL,0.9999999978750298,0.5999356610754001,0.31725682319768006,0.08280751572691986,BULL,0.5999356610754001,BULL,True,0.5999356610754001,0.8,7,66.496139664524
NIFTY_IT,2026-06-16,2026-06-17,BEAR,0.5065545071514538,0.11216704556033877,0.4600027888595338,0.42783016558012754,SIDE,0.4600027888595338,SIDE,True,0.42783016558012754,1.0,10,65.66980993480766
NIFTY_PHARMA,2026-06-16,2026-06-17,SIDE,0.999094682716992,0.1482838303659438,0.7485221493603388,0.10319402027371742,SIDE,0.7485221493603388,SIDE,True,0.7485221493603388,1.0,13,84.91132896162034
SENSEX,2026-06-16,2026-06-17,BULL,0.9553790642279447,0.5490875830645392,0.34615629675261067,0.10475612018285017,BULL,0.5490875830645392,BULL,True,0.5490875830645392,0.9,6,64.44525498387235
INDIA_VIX,2026-06-17,2026-06-18,BEAR,0.9999900242298142,0.09179373941969714,0.23544662081406312,0.6727596397662399,BEAR,0.6727596397662399,BEAR,True,0.6727596397662399,0.8,7,70.86557838597439
NIFTY_50,2026-06-17,2026-06-18,BULL,0.872572361453324,0.5153086167014314,0.38707274785558154,0.09761863544298716,BULL,0.5153086167014314,BULL,True,0.5153086167014314,1.0,28,70.91851700208588
NIFTY_AUTO,2026-06-17,2026-06-18,SIDE,0.997946729307604,0.1830337518104231,0.7126391250229229,0.10432712316665395,SIDE,0.7126391250229229,SIDE,True,0.7126391250229229,0.9,7,75.75834750137538
NIFTY_BANK,2026-06-17,2026-06-18,BULL,0.9999999998392815,0.6364270180378718,0.28226742618540884,0.08130555577671923,BULL,0.6364270180378718,BULL,True,0.6364270180378718,0.3,3,50.18562108227231
NIFTY_FIN_SERVICE,2026-06-17,2026-06-18,BULL,0.9999999373926839,0.5999356341455944,0.3172568504776988,0.08280751537670684,BULL,0.5999356341455944,BULL,True,0.5999356341455944,0.8,8,67.99613804873566
NIFTY_IT,2026-06-17,2026-06-18,SIDE,0.9955604242309538,0.16295080237406742,0.6662163819029415,0.17083281572299097,SIDE,0.6662163819029415,SIDE,True,0.6662163819029415,1.0,11,79.9729829141765
NIFTY_PHARMA,2026-06-17,2026-06-18,SIDE,0.9990123678534085,0.14827020326065748,0.7484318885609649,0.10329790817837763,SIDE,0.7484318885609649,SIDE,True,0.7484318885609649,1.0,14,84.9059133136579
SENSEX,2026-06-17,2026-06-18,BULL,0.9999104889061639,0.565933939051793,0.32761650295869377,0.10644955798951321,BULL,0.565933939051793,BULL,True,0.565933939051793,0.9,7,66.95603634310758
INDIA_VIX,2026-06-18,2026-06-19,BEAR,0.9999343798207754,0.09189110310409072,0.23542669948799458,0.6726821974079148,BEAR,0.6726821974079148,BEAR,True,0.6726821974079148,0.9,8,74.86093184447489
NIFTY_50,2026-06-18,2026-06-19,BULL,0.9987200895490094,0.5594963037880608,0.3377373164339235,0.10276637977801578,BULL,0.5594963037880608,BULL,True,0.5594963037880608,1.0,29,73.56977822728365
NIFTY_AUTO,2026-06-18,2026-06-19,SIDE,0.9994029914399825,0.18177528934031106,0.7137535153159623,0.10447119534372658,SIDE,0.7137535153159623,SIDE,True,0.7137535153159623,0.9,8,77.32521091895774
NIFTY_BANK,2026-06-18,2026-06-19,BULL,0.9999999999899305,0.636427018138707,0.2822674261253847,0.08130555573590835,BULL,0.636427018138707,BULL,True,0.636427018138707,0.4,4,54.185621088322414
NIFTY_FIN_SERVICE,2026-06-18,2026-06-19,BULL,0.999999999483846,0.5999356617936219,0.31725682247450465,0.0828075157318734,BULL,0.5999356617936219,BULL,True,0.5999356617936219,0.9,9,71.99613970761732
NIFTY_IT,2026-06-18,2026-06-19,SIDE,0.9896092096371315,0.161904174007486,0.6620372874781679,0.17605853851434608,SIDE,0.6620372874781679,BEAR,False,0.6620372874781679,1.0,12,79.72223724869008
NIFTY_PHARMA,2026-06-18,2026-06-19,SIDE,0.9999486869359832,0.1484427218661256,0.749465738386092,0.10209153974778237,SIDE,0.749465738386092,SIDE,True,0.749465738386092,1.0,15,84.96794430316552
SENSEX,2026-06-18,2026-06-19,BULL,0.9999920479926412,0.5659654712722956,0.3275817208470791,0.1064528078806254,BULL,0.5659654712722956,BULL,True,0.5659654712722956,0.9,8,68.45792827633773
INDIA_VIX,2026-06-19,2026-06-22,BEAR,0.9999918329599344,0.09179056628378304,0.23544727204430385,0.672762161671913,BEAR,0.672762161671913,BEAR,True,0.672762161671913,0.9,9,76.36572970031479
NIFTY_50,2026-06-19,2026-06-22,BULL,0.8333973565609258,0.5022025944069856,0.4016090596830909,0.09618834590992358,BULL,0.5022025944069856,BULL,True,0.5022025944069856,1.0,30,70.13215566441914
NIFTY_AUTO,2026-06-19,2026-06-22,SIDE,0.9999510329441139,0.18127013223374805,0.7141623430771891,0.10456752468906293,SIDE,0.7141623430771891,SIDE,True,0.7141623430771891,0.9,9,78.84974058463135
NIFTY_BANK,2026-06-19,2026-06-22,BULL,0.9999999927306271,0.6364270140196545,0.2822674299642427,0.08130555601610273,BULL,0.6364270140196545,BULL,True,0.6364270140196545,0.5,5,58.185620841179265
NIFTY_FIN_SERVICE,2026-06-19,2026-06-22,BULL,0.9999991350940198,0.599935276996101,0.31725721244381155,0.08280751056008741,BULL,0.599935276996101,BULL,True,0.599935276996101,1.0,10,75.99611661976607
NIFTY_IT,2026-06-19,2026-06-22,BEAR,0.9999882387165082,0.06655129272332523,0.27713071984733484,0.6563179874293399,BEAR,0.6563179874293399,BEAR,True,0.6563179874293399,0.1,1,43.379079245760394
NIFTY_PHARMA,2026-06-19,2026-06-22,SIDE,0.99922851656309,0.14928328089719997,0.748753002664085,0.10196371643871514,SIDE,0.748753002664085,SIDE,True,0.748753002664085,1.0,16,84.9251801598451
SENSEX,2026-06-19,2026-06-22,BULL,0.9800688967067696,0.558340120150821,0.3359842829289824,0.1056755969201965,BULL,0.558340120150821,BULL,True,0.558340120150821,0.9,9,69.50040720904926
INDIA_VIX,2026-06-22,2026-06-23,BEAR,0.9999953605867419,0.09178439376487753,0.23544853403930055,0.6727670721958219,BEAR,0.6727670721958219,BEAR,True,0.6727670721958219,1.0,10,80.36602433174932
NIFTY_50,2026-06-22,2026-06-23,BULL,0.9558531896351368,0.5440400486962655,0.35504767308584667,0.10091227821788794,BULL,0.5440400486962655,SIDE,False,0.5440400486962655,1.0,31,72.64240292177594
NIFTY_AUTO,2026-06-22,2026-06-23,SIDE,0.9998473763244875,0.18138270411997828,0.7140924421129188,0.10452485376710285,SIDE,0.7140924421129188,SIDE,True,0.7140924421129188,1.0,10,82.84554652677512
NIFTY_BANK,2026-06-22,2026-06-23,BULL,0.999999999066844,0.6364270176114118,0.28226742660902737,0.08130555577956079,BULL,0.6364270176114118,BULL,True,0.6364270176114118,0.6,6,62.1856210566847
NIFTY_FIN_SERVICE,2026-06-22,2026-06-23,BULL,0.9999999828988373,0.599935654410478,0.3172568299567718,0.08280751563275017,BULL,0.599935654410478,BULL,True,0.599935654410478,1.0,11,75.99613926462868
NIFTY_IT,2026-06-22,2026-06-23,BEAR,0.9999510505189175,0.06655602400326234,0.2771494252683033,0.6562945507284345,BEAR,0.6562945507284345,BEAR,True,0.6562945507284345,0.9,1,63.377673043706075
NIFTY_PHARMA,2026-06-22,2026-06-23,SIDE,0.6100467102444339,0.3745707815462567,0.5424828071301923,0.08294641132355095,SIDE,0.5424828071301923,BULL,False,0.5424828071301923,1.0,17,72.54896842781154
SENSEX,2026-06-22,2026-06-23,BULL,0.9982455849435796,0.5652908464958578,0.3283258113340304,0.10638334217011179,BULL,0.5652908464958578,SIDE,False,0.5652908464958578,1.0,10,73.91745078975147
INDIA_VIX,2026-06-23,2026-06-24,BEAR,0.999857705191648,0.09185848096018039,0.2354822643973474,0.6726592546424722,BEAR,0.6726592546424722,BEAR,True,0.6726592546424722,1.0,11,80.35955527854833
NIFTY_50,2026-06-23,2026-06-24,SIDE,0.985040694376173,0.1356206105582437,0.7840650399630987,0.08031434947865768,SIDE,0.7840650399630987,SIDE,True,0.7840650399630987,1.0,32,87.04390239778593
NIFTY_AUTO,2026-06-23,2026-06-24,SIDE,0.9999155961545367,0.18124038081279806,0.714108106789314,0.10465151239788799,SIDE,0.714108106789314,SIDE,True,0.714108106789314,1.0,11,82.84648640735884
NIFTY_BANK,2026-06-23,2026-06-24,BULL,0.9997496253552556,0.6362900258522695,0.2824062357327854,0.08130373841494518,BULL,0.6362900258522695,BULL,True,0.6362900258522695,0.4,1,49.67740155113617
NIFTY_FIN_SERVICE,2026-06-23,2026-06-24,BULL,0.999691104910905,0.5997982314863576,0.3173962149397068,0.08280555357393549,BULL,0.5997982314863576,BULL,True,0.5997982314863576,1.0,12,75.98789388918146
NIFTY_IT,2026-06-23,2026-06-24,BEAR,0.9999999984846537,0.06654979648946867,0.27712480440847326,0.656325399102058,BEAR,0.656325399102058,BEAR,True,0.656325399102058,0.2,1,45.87952394612348
NIFTY_PHARMA,2026-06-23,2026-06-24,BULL,0.9989676513286871,0.6155710453396068,0.3100812126875568,0.07434774197283638,BULL,0.6155710453396068,BULL,True,0.6155710453396068,1.0,18,76.93426272037641
SENSEX,2026-06-23,2026-06-24,SIDE,0.8282360951868333,0.25169573878371637,0.6569896852379279,0.09131457597835584,SIDE,0.6569896852379279,BULL,False,0.6569896852379279,1.0,11,79.41938111427568
INDIA_VIX,2026-06-24,2026-06-25,BEAR,0.9999981052920026,0.09177865351455229,0.23544998246059087,0.6727713640248568,BEAR,0.6727713640248568,BEAR,True,0.6727713640248568,1.0,12,80.3662818414914
NIFTY_50,2026-06-24,2026-06-25,SIDE,0.9679637171518604,0.1546350459658763,0.7660797397632766,0.0792852142708472,SIDE,0.7660797397632766,SIDE,True,0.7660797397632766,1.0,33,85.96478438579659
NIFTY_AUTO,2026-06-24,2026-06-25,SIDE,0.9997734774207013,0.1811941327096549,0.7139233226425478,0.1048825446477973,SIDE,0.7139233226425478,SIDE,True,0.7139233226425478,1.0,12,82.83539935855288
NIFTY_BANK,2026-06-24,2026-06-25,BULL,0.9999999983806205,0.6364270170890884,0.28226742680184375,0.0813055561090678,BULL,0.6364270170890884,BULL,True,0.6364270170890884,0.7,1,57.18562102534531
NIFTY_FIN_SERVICE,2026-06-24,2026-06-25,BULL,0.9999999995496667,0.599935661821848,0.3172568224434107,0.08280751573474125,BULL,0.599935661821848,BULL,True,0.599935661821848,1.0,13,75.99613970931088
NIFTY_IT,2026-06-24,2026-06-25,BEAR,0.9997581910404576,0.06658055339902098,0.2772464051989824,0.6561730414019966,BEAR,0.6561730414019966,BEAR,True,0.6561730414019966,0.8,1,60.8703824841198
NIFTY_PHARMA,2026-06-24,2026-06-25,BULL,0.9999310572617799,0.6160282415211783,0.30962501593586356,0.07434674254295819,BULL,0.6160282415211783,BULL,True,0.6160282415211783,1.0,19,76.96169449127069
SENSEX,2026-06-24,2026-06-25,BULL,0.7436156012703287,0.4751456492612974,0.4264639544659906,0.0983903962727119,BULL,0.4751456492612974,BULL,True,0.4751456492612974,1.0,12,68.50873895567786
INDIA_VIX,2026-06-25,2026-06-29,BEAR,0.9999988198747909,0.09177815717813909,0.23544986286386674,0.6727719799579941,BEAR,0.6727719799579941,BEAR,True,0.6727719799579941,1.0,13,80.36631879747965
NIFTY_50,2026-06-25,2026-06-29,SIDE,0.9394037213747874,0.18087481154100127,0.7402438384686095,0.07888134999038915,SIDE,0.7402438384686095,SIDE,True,0.7402438384686095,1.0,34,84.41463030811657
NIFTY_AUTO,2026-06-25,2026-06-29,SIDE,0.9848933743702812,0.19390282415399449,0.7030251250868591,0.10307205075914647,SIDE,0.7030251250868591,SIDE,True,0.7030251250868591,1.0,13,82.18150750521154
NIFTY_BANK,2026-06-25,2026-06-29,BULL,0.9999999877547937,0.6364270113190919,0.28226743275266036,0.08130555592824772,BULL,0.6364270113190919,BULL,True,0.6364270113190919,0.8,2,61.185620679145515
NIFTY_FIN_SERVICE,2026-06-25,2026-06-29,BULL,0.9999999964349724,0.5999356604364027,0.31725682385005427,0.08280751571354315,BULL,0.5999356604364027,BULL,True,0.5999356604364027,1.0,14,75.99613962618416
NIFTY_IT,2026-06-25,2026-06-29,BEAR,0.9999872859325662,0.06655141394709974,0.2771311991126057,0.6563173869402946,BEAR,0.6563173869402946,BEAR,True,0.6563173869402946,0.3,1,48.37904321641768
NIFTY_PHARMA,2026-06-25,2026-06-29,BULL,0.9992089582286056,0.6156854977861299,0.3099670164830983,0.07434748573077184,BULL,0.6156854977861299,BULL,True,0.6156854977861299,1.0,20,76.9411298671678
SENSEX,2026-06-25,2026-06-29,BULL,0.9687144729297003,0.5540596165677029,0.34069341428466443,0.10524696914763268,BULL,0.5540596165677029,BULL,True,0.5540596165677029,1.0,13,73.24357699406218
INDIA_VIX,2026-06-29,2026-06-30,BEAR,0.9999592162802606,0.09179313960171624,0.23546272272354618,0.6727441376747376,BEAR,0.6727441376747376,BEAR,True,0.6727441376747376,1.0,14,80.36464826048424
NIFTY_50,2026-06-29,2026-06-30,SIDE,0.9976766544365229,0.119968252185054,0.7997725930311593,0.08025915478378663,SIDE,0.7997725930311593,SIDE,True,0.7997725930311593,1.0,35,87.98635558186956
NIFTY_AUTO,2026-06-29,2026-06-30,SIDE,0.9988251927554758,0.18090249577393694,0.7127074496156475,0.10639005461041551,SIDE,0.7127074496156475,SIDE,True,0.7127074496156475,1.0,14,82.76244697693885
NIFTY_BANK,2026-06-29,2026-06-30,BULL,0.9999645175047553,0.6364076114512577,0.28228711782573995,0.08130527072300228,BULL,0.6364076114512577,BULL,True,0.6364076114512577,0.9,3,65.18445668707547
NIFTY_FIN_SERVICE,2026-06-29,2026-06-30,BULL,0.9999880535306631,0.5999303467162306,0.3172622155194636,0.08280743776430594,BULL,0.5999303467162306,BULL,True,0.5999303467162306,1.0,15,75.99582080297384
NIFTY_IT,2026-06-29,2026-06-30,BEAR,0.9999997069491977,0.06654983358302255,0.277124951059684,0.6563252153572934,BEAR,0.6563252153572934,BEAR,True,0.6563252153572934,0.4,2,52.37951292143761
NIFTY_PHARMA,2026-06-29,2026-06-30,BULL,0.9999977088519794,0.6160598966113942,0.30959342765865694,0.07434667572994884,BULL,0.6160598966113942,BULL,True,0.6160598966113942,1.0,21,76.96359379668365
SENSEX,2026-06-29,2026-06-30,BULL,0.6432621396622392,0.44135990516674617,0.46253946381161776,0.09610063102163613,SIDE,0.46253946381161776,SIDE,True,0.44135990516674617,1.0,14,66.48159431000477
INDIA_VIX,2026-06-30,2026-07-01,BEAR,0.9999695258692313,0.0917879029886021,0.23546004032210124,0.6727520566892967,BEAR,0.6727520566892967,BEAR,True,0.6727520566892967,1.0,15,80.3651234013578
NIFTY_50,2026-06-30,2026-07-01,SIDE,0.9997376886231932,0.11705363824578505,0.8024973518427008,0.08044900991151407,SIDE,0.8024973518427008,SIDE,True,0.8024973518427008,1.0,36,88.14984111056205
NIFTY_AUTO,2026-06-30,2026-07-01,SIDE,0.9998793699554536,0.1812279925981829,0.7140607023813491,0.10471130502046797,SIDE,0.7140607023813491,SIDE,True,0.7140607023813491,1.0,15,82.84364214288095
NIFTY_BANK,2026-06-30,2026-07-01,BULL,0.9989005466635816,0.6358271661944741,0.2828779034237637,0.08129493038176207,BULL,0.6358271661944741,BULL,True,0.6358271661944741,0.9,4,66.64962997166846
NIFTY_FIN_SERVICE,2026-06-30,2026-07-01,BULL,0.9996935271449672,0.599799349130884,0.31739517443338094,0.08280547643573512,BULL,0.599799349130884,BULL,True,0.599799349130884,0.1,1,39.98796094785304
NIFTY_IT,2026-06-30,2026-07-01,BEAR,0.9999999999990234,0.06654979629678756,0.277124803646699,0.6563254000565134,BEAR,0.6563254000565134,BEAR,True,0.6563254000565134,0.5,3,56.3795240033908
NIFTY_PHARMA,2026-06-30,2026-07-01,BULL,0.9999993741252158,0.6160606875469813,0.3095926383885079,0.07434667406451081,BULL,0.6160606875469813,BULL,True,0.6160606875469813,1.0,22,76.96364125281889
SENSEX,2026-06-30,2026-07-01,SIDE,0.9651129353994857,0.15160969845157662,0.7539604092400469,0.09442989230837644,SIDE,0.7539604092400469,SIDE,True,0.7539604092400469,1.0,15,85.23762455440281
INDIA_VIX,2026-07-01,2026-07-02,BEAR,0.9999969957043807,0.09177793035694634,0.2354509115206362,0.6727711581224174,BEAR,0.6727711581224174,BEAR,True,0.6727711581224174,1.0,16,80.36626948734505
NIFTY_50,2026-07-01,2026-07-02,SIDE,0.9951570078220221,0.12337818737708472,0.7965148050061026,0.08010700761681265,SIDE,0.7965148050061026,SIDE,True,0.7965148050061026,1.0,37,87.79088830036615
NIFTY_AUTO,2026-07-01,2026-07-02,SIDE,0.9998289088232688,0.18139526163803238,0.7140766574034956,0.10452808095847213,SIDE,0.7140766574034956,SIDE,True,0.7140766574034956,1.0,16,82.84459944420973
NIFTY_BANK,2026-07-01,2026-07-02,BULL,0.999990940050411,0.6364220662916833,0.28227245875128176,0.08130547495703493,BULL,0.6364220662916833,BULL,True,0.6364220662916833,0.9,5,68.18532397750099
NIFTY_FIN_SERVICE,2026-07-01,2026-07-02,BULL,0.9999993633815234,0.5999353788058899,0.31725710969128124,0.08280751150282883,BULL,0.5999353788058899,BULL,True,0.5999353788058899,0.2,2,43.99612272835339
NIFTY_IT,2026-07-01,2026-07-02,BEAR,0.9999999999999987,0.06654979629666347,0.2771248036462084,0.6563254000571282,BEAR,0.6563254000571282,BEAR,True,0.6563254000571282,0.6,4,60.3795240034277
NIFTY_PHARMA,2026-07-01,2026-07-02,BULL,0.9992598674439137,0.6157096494970493,0.3099429183270601,0.07434743217589056,BULL,0.6157096494970493,BULL,True,0.6157096494970493,1.0,23,76.94257896982296
SENSEX,2026-07-01,2026-07-02,SIDE,0.9392189945390642,0.17605709875525105,0.7306432501975979,0.09329965104715104,SIDE,0.7306432501975979,BULL,False,0.7306432501975979,1.0,16,83.83859501185587
INDIA_VIX,2026-07-02,2026-07-03,BEAR,0.9999953985765712,0.09178431535610372,0.23544855356879177,0.6727671310751044,BEAR,0.6727671310751044,BEAR,True,0.6727671310751044,1.0,17,80.36602786450628
NIFTY_50,2026-07-02,2026-07-03,SIDE,0.7580846518872457,0.2900655746975168,0.62954884380712,0.08038558149536325,SIDE,0.62954884380712,BULL,False,0.62954884380712,1.0,38,77.77293062842719
NIFTY_AUTO,2026-07-02,2026-07-03,SIDE,0.9801478877348657,0.19769586388973492,0.6996871065471407,0.10261702956312434,SIDE,0.6996871065471407,SIDE,True,0.6996871065471407,1.0,17,81.98122639282845
NIFTY_BANK,2026-07-02,2026-07-03,BULL,0.9999605983479749,0.6364054959079313,0.28228932843353677,0.08130517565853193,BULL,0.6364054959079313,BULL,True,0.6364054959079313,0.9,6,69.68432975447587
NIFTY_FIN_SERVICE,2026-07-02,2026-07-03,BULL,0.9999990702190833,0.5999352483970721,0.31725724207798134,0.08280750952494664,BULL,0.5999352483970721,BULL,True,0.5999352483970721,0.3,3,47.99611490382433
NIFTY_IT,2026-07-02,2026-07-03,BEAR,0.9996570480685751,0.06659341273393068,0.27729724705838127,0.6561093402076881,BEAR,0.6561093402076881,BEAR,True,0.6561093402076881,0.7,5,64.36656041246127
NIFTY_PHARMA,2026-07-02,2026-07-03,BULL,0.999951616001867,0.6160380052184753,0.3096152728793157,0.07434672190220906,BULL,0.6160380052184753,BULL,True,0.6160380052184753,1.0,24,76.96228031310851
SENSEX,2026-07-02,2026-07-03,BULL,0.8913526448445538,0.5259122637494427,0.371518121323556,0.10256961492700134,BULL,0.5259122637494427,BULL,True,0.5259122637494427,1.0,17,71.55473582496656
INDIA_VIX,2026-07-03,2026-07-06,BEAR,0.9999918454951048,0.09179055147468841,0.2354472729834793,0.6727621755418323,BEAR,0.6727621755418323,BEAR,True,0.6727621755418323,1.0,18,80.36573053250994
NIFTY_50,2026-07-03,2026-07-06,BULL,0.935020239585065,0.536713456306092,0.3632339376441439,0.10005260604976415,BULL,0.536713456306092,BULL,True,0.536713456306092,1.0,39,72.20280737836552
NIFTY_AUTO,2026-07-03,2026-07-06,SIDE,0.9987588341945011,0.1823350849318554,0.7132603340467681,0.10440458102137641,SIDE,0.7132603340467681,SIDE,True,0.7132603340467681,1.0,18,82.79562004280608
NIFTY_BANK,2026-07-03,2026-07-06,BULL,0.9996944703652787,0.6362602029128723,0.28243724549287863,0.08130255159424907,BULL,0.6362602029128723,BULL,True,0.6362602029128723,0.9,7,71.17561217477234
NIFTY_FIN_SERVICE,2026-07-03,2026-07-06,BULL,0.9999969043239278,0.5999342848808287,0.3172582200857233,0.08280749503344793,BULL,0.5999342848808287,BULL,True,0.5999342848808287,0.4,4,51.99605709284971
NIFTY_IT,2026-07-03,2026-07-06,BEAR,0.5546792617086447,0.10831200007169992,0.4444200339150911,0.447267966013209,BEAR,0.447267966013209,SIDE,False,0.447267966013209,0.8,6,55.836077960792544
NIFTY_PHARMA,2026-07-03,2026-07-06,BULL,0.9999999986199568,0.6160609841565492,0.30959234240344785,0.07434667344000291,BULL,0.6160609841565492,BULL,True,0.6160609841565492,0.1,1,40.96365904939295
SENSEX,2026-07-03,2026-07-06,BULL,0.9994146106463102,0.5657422817581107,0.3278279072581905,0.10642981098369875,BULL,0.5657422817581107,BULL,True,0.5657422817581107,1.0,18,73.94453690548664
INDIA_VIX,2026-07-06,2026-07-07,BEAR,0.9999961399610665,0.09178302940704063,0.23544881315918664,0.6727681574337728,BEAR,0.6727681574337728,BEAR,True,0.6727681574337728,1.0,19,80.36608944602638
NIFTY_50,2026-07-06,2026-07-07,BULL,0.9999641468101246,0.5599535603154914,0.3372243679595554,0.10282207172495306,BULL,0.5599535603154914,BULL,True,0.5599535603154914,1.0,40,73.59721361892949
NIFTY_AUTO,2026-07-06,2026-07-07,SIDE,0.6849387602738728,0.3574938095204009,0.5574239878062066,0.08508220267339242,SIDE,0.5574239878062066,SIDE,True,0.5574239878062066,1.0,19,73.4454392683724
NIFTY_BANK,2026-07-06,2026-07-07,BULL,0.9999896674797832,0.6364213737615811,0.28227316947635306,0.0813054567620658,BULL,0.6364213737615811,BULL,True,0.6364213737615811,0.9,8,72.68528242569487
NIFTY_FIN_SERVICE,2026-07-06,2026-07-07,BULL,0.999999704967053,0.5999355307753983,0.3172569554640387,0.08280751376056299,BULL,0.5999355307753983,BULL,True,0.5999355307753983,0.5,5,55.9961318465239
NIFTY_IT,2026-07-06,2026-07-07,SIDE,0.7095199991535288,0.1300785821427681,0.5325771913055394,0.33734422655169266,SIDE,0.5325771913055394,SIDE,True,0.5325771913055394,0.8,7,62.45463147833237
NIFTY_PHARMA,2026-07-06,2026-07-07,BULL,0.999999999667714,0.6160609846541913,0.3095923419068535,0.07434667343895517,BULL,0.6160609846541913,BULL,True,0.6160609846541913,0.2,2,44.963659079251485
SENSEX,2026-07-06,2026-07-07,BULL,0.9999984761207485,0.5659679566181854,0.32757897933465174,0.10645306404716269,BULL,0.5659679566181854,BULL,True,0.5659679566181854,0.1,1,37.95807739709113
INDIA_VIX,2026-07-07,2026-07-08,BEAR,0.9999972736009368,0.09178104663173568,0.2354492182715529,0.6727697350967113,BEAR,0.6727697350967113,BULL,False,0.6727697350967113,1.0,20,80.36618410580269
NIFTY_50,2026-07-07,2026-07-08,BULL,0.999732498296083,0.5598683779072402,0.3373199318457493,0.10281169024701045,BULL,0.5598683779072402,SIDE,False,0.5598683779072402,0.1,1,37.592102674434415
NIFTY_AUTO,2026-07-07,2026-07-08,SIDE,0.5558572735666036,0.4097569997874281,0.5103843932472343,0.07985860696533764,SIDE,0.5103843932472343,SIDE,True,0.5103843932472343,0.1,1,34.62306359483406
NIFTY_BANK,2026-07-07,2026-07-08,BULL,0.999852218654641,0.6363463220698148,0.2823495854288725,0.08130409250131287,BULL,0.6363463220698148,SIDE,False,0.6363463220698148,0.9,9,74.18077932418889
NIFTY_FIN_SERVICE,2026-07-07,2026-07-08,BULL,0.9999956872488805,0.5999337434654884,0.31725876966540384,0.08280748686910772,BULL,0.5999337434654884,BULL,True,0.5999337434654884,0.6,6,59.9960246079293
NIFTY_IT,2026-07-07,2026-07-08,SIDE,0.9987773724527417,0.16407802127138857,0.6685320043325099,0.1673899743961015,SIDE,0.6685320043325099,SIDE,True,0.6685320043325099,0.2,1,46.611920259950594
NIFTY_PHARMA,2026-07-07,2026-07-08,BULL,0.9999964518725053,0.6160592995997053,0.30959402341311715,0.07434667698717749,BULL,0.6160592995997053,BULL,True,0.6160592995997053,0.3,3,48.96355797598231
SENSEX,2026-07-07,2026-07-08,BULL,0.9999673938996281,0.5659559392698572,0.3275922353093814,0.10645182542076129,BULL,0.5659559392698572,SIDE,False,0.5659559392698572,0.2,2,41.95735635619143
INDIA_VIX,2026-07-08,2026-07-09,BULL,0.9905228733101978,0.6483459968675892,0.24037140502597348,0.11128259810643727,BULL,0.6483459968675892,BULL,True,0.6483459968675892,1.0,21,78.90075981205536
NIFTY_50,2026-07-08,2026-07-09,SIDE,0.9837976208900442,0.1157767530515123,0.7754236728180521,0.10879957413043556,SIDE,0.7754236728180521,SIDE,True,0.7754236728180521,0.9,1,70.52542036908312
NIFTY_AUTO,2026-07-08,2026-07-09,SIDE,0.9994843990592823,0.18111688573318377,0.7135560195258652,0.10532709474095103,SIDE,0.7135560195258652,SIDE,True,0.7135560195258652,0.9,1,66.8133611715519
NIFTY_BANK,2026-07-08,2026-07-09,SIDE,0.7227041755337522,0.1288753879856963,0.579268066094021,0.2918565459202826,SIDE,0.579268066094021,SIDE,True,0.579268066094021,0.1,1,38.75608396564127
NIFTY_FIN_SERVICE,2026-07-08,2026-07-09,BULL,0.5218278369259645,0.3923216524637948,0.43885548535371155,0.16882286218249365,SIDE,0.43885548535371155,SIDE,True,0.3923216524637948,0.4,1,35.039299147827684
NIFTY_IT,2026-07-08,2026-07-09,SIDE,0.9984266290489806,0.16344401630056174,0.6682817459623301,0.1682742377371082,SIDE,0.6682817459623301,SIDE,True,0.6682817459623301,0.3,2,50.596904757739814
NIFTY_PHARMA,2026-07-08,2026-07-09,BULL,0.974480664344976,0.6041636389863204,0.3214429065970897,0.07439345441658986,BULL,0.6041636389863204,BULL,True,0.6041636389863204,0.7,1,55.24981833917922
SENSEX,2026-07-08,2026-07-09,SIDE,0.9840538503454439,0.12517170031005578,0.7732941676514616,0.1015341320384825,SIDE,0.7732941676514616,SIDE,True,0.7732941676514616,0.8,1,67.8976500590877
INDIA_VIX,2026-07-09,2026-07-10,BULL,0.944349756328929,0.6074511814556454,0.23204709160504697,0.1605017269393077,BULL,0.6074511814556454,BEAR,False,0.6074511814556454,1.0,22,76.44707088733873
NIFTY_50,2026-07-09,2026-07-10,SIDE,0.9997328118465298,0.11688221856294066,0.8024150403470509,0.0807027410900083,SIDE,0.8024150403470509,SIDE,True,0.8024150403470509,0.9,2,73.64490242082306
NIFTY_AUTO,2026-07-09,2026-07-10,SIDE,0.9998004525201345,0.18120265480715125,0.7139582527950078,0.10483909239784103,SIDE,0.7139582527950078,SIDE,True,0.7139582527950078,0.9,2,68.33749516770047
NIFTY_BANK,2026-07-09,2026-07-10,SIDE,0.9943659261648614,0.13064626358071493,0.7593449708483798,0.11000876557090522,SIDE,0.7593449708483798,BULL,False,0.7593449708483798,0.2,2,53.560698250902796
NIFTY_FIN_SERVICE,2026-07-09,2026-07-10,SIDE,0.9201130388591584,0.20876556875913302,0.691981644484643,0.09925278675622397,SIDE,0.691981644484643,BULL,False,0.691981644484643,0.4,2,54.51889866907859
NIFTY_IT,2026-07-09,2026-07-10,SIDE,0.9981975890726005,0.16340239239698393,0.6681154300323096,0.1684821775707066,SIDE,0.6681154300323096,SIDE,True,0.6681154300323096,0.3,3,52.08692580193858
NIFTY_PHARMA,2026-07-09,2026-07-10,BULL,0.9997710824049898,0.6159522771556946,0.30970081870637783,0.07434690413792759,BULL,0.6159522771556946,BULL,True,0.6159522771556946,0.4,1,48.457136629341676
SENSEX,2026-07-09,2026-07-10,SIDE,0.9995781959150456,0.1090373662646126,0.7939926573679098,0.09696997636747764,SIDE,0.7939926573679098,SIDE,True,0.7939926573679098,0.8,2,70.63955944207459
INDIA_VIX,2026-07-10,2026-07-13,BEAR,0.6202634633929156,0.3458126112100809,0.2037701466417229,0.4504172421481962,BEAR,0.4504172421481962,BULL,False,0.4504172421481962,1.0,23,67.02503452889177
NIFTY_50,2026-07-10,2026-07-13,SIDE,0.9901059380042813,0.1298546387290511,0.7902382109479859,0.07990715032296312,SIDE,0.7902382109479859,SIDE,True,0.7902382109479859,0.9,3,74.41429265687916
NIFTY_AUTO,2026-07-10,2026-07-13,SIDE,0.9999512278249048,0.18125962355486694,0.714157895914569,0.10458248053056401,SIDE,0.714157895914569,SIDE,True,0.714157895914569,0.9,3,69.84947375487415
NIFTY_BANK,2026-07-10,2026-07-13,BULL,0.5893334650843689,0.4572183229837764,0.4595966804028713,0.08318499661335219,SIDE,0.4595966804028713,BULL,False,0.4572183229837764,0.8,1,48.93309937902659
NIFTY_FIN_SERVICE,2026-07-10,2026-07-13,BULL,0.8991382636524508,0.5575582520633121,0.35997833064630885,0.08246341729037894,BULL,0.5575582520633121,BULL,True,0.5575582520633121,0.7,1,52.453495123798724
NIFTY_IT,2026-07-10,2026-07-13,SIDE,0.997859466736903,0.16563147507831621,0.6678563649996604,0.16651215992202348,SIDE,0.6678563649996604,BULL,False,0.6678563649996604,0.4,4,56.07138189997962
NIFTY_PHARMA,2026-07-10,2026-07-13,BULL,0.9996348852106274,0.6158876182172421,0.30976533869902617,0.07434704308373158,BULL,0.6158876182172421,BULL,True,0.6158876182172421,0.5,2,52.45325709303452
SENSEX,2026-07-10,2026-07-13,SIDE,0.9434972826852313,0.17230334447876325,0.7342378225299927,0.09345883299124404,SIDE,0.7342378225299927,SIDE,True,0.7342378225299927,0.8,3,68.55426935179956
INDIA_VIX,2026-07-13,2026-07-14,BULL,0.8287260283214746,0.5402650256879462,0.2323380703964147,0.2273969039156392,BULL,0.5402650256879462,BULL,True,0.5402650256879462,1.0,24,72.41590154127677
NIFTY_50,2026-07-13,2026-07-14,SIDE,0.9952330443694988,0.12329006781672822,0.796617953845581,0.08009197833769088,SIDE,0.796617953845581,SIDE,True,0.796617953845581,0.9,4,76.29707723073487
NIFTY_AUTO,2026-07-13,2026-07-14,SIDE,0.9999487595352613,0.18129395451270464,0.7141703096346654,0.10453573585262986,SIDE,0.7141703096346654,SIDE,True,0.7141703096346654,0.9,4,71.35021857807993
NIFTY_BANK,2026-07-13,2026-07-14,BULL,0.8840792620099491,0.579022210054156,0.34019363699800087,0.08078415294784305,BULL,0.579022210054156,SIDE,False,0.579022210054156,0.3,1,43.74133260324936
NIFTY_FIN_SERVICE,2026-07-13,2026-07-14,BULL,0.8996079098621171,0.5577466763995599,0.35979103779104393,0.08246228580939614,BULL,0.5577466763995599,SIDE,False,0.5577466763995599,0.3,1,42.46480058397359
NIFTY_IT,2026-07-13,2026-07-14,BULL,0.9977057498357002,0.6514331983763286,0.28205906512757906,0.06650773649609237,BULL,0.6514331983763286,BULL,True,0.6514331983763286,0.5,5,59.08599190257971
NIFTY_PHARMA,2026-07-13,2026-07-14,BULL,0.9977322361136334,0.6149857386269153,0.3106651459467868,0.07434911542629791,BULL,0.6149857386269153,BULL,True,0.6149857386269153,0.6,3,56.399144317614926
SENSEX,2026-07-13,2026-07-14,SIDE,0.9598147583053201,0.15698888986336584,0.7488542950850292,0.09415681505160489,SIDE,0.7488542950850292,SIDE,True,0.7488542950850292,0.8,4,70.93125770510176
INDIA_VIX,2026-07-14,2026-07-15,BULL,0.8018616668211861,0.5524143558302079,0.2916825795017179,0.15590306466807424,BULL,0.5524143558302079,BULL,True,0.5524143558302079,0.1,1,37.14486134981248
NIFTY_50,2026-07-14,2026-07-15,SIDE,0.9998421263560091,0.11689802055287922,0.8026349696699286,0.0804670097771921,SIDE,0.8026349696699286,SIDE,True,0.8026349696699286,0.9,5,78.15809818019571
NIFTY_AUTO,2026-07-14,2026-07-15,SIDE,0.9973983499232372,0.1804720796351892,0.7109119199678684,0.10861600039694244,SIDE,0.7109119199678684,SIDE,True,0.7109119199678684,0.9,5,72.6547151980721
NIFTY_BANK,2026-07-14,2026-07-15,SIDE,0.9381821632771471,0.19219575671285222,0.7060935382411702,0.10171070504597757,SIDE,0.7060935382411702,SIDE,True,0.7060935382411702,0.4,2,55.36561229447021
NIFTY_FIN_SERVICE,2026-07-14,2026-07-15,SIDE,0.9559769318547673,0.18051545948996106,0.717788373931411,0.10169616657862793,SIDE,0.717788373931411,SIDE,True,0.717788373931411,0.4,2,56.06730243588467
NIFTY_IT,2026-07-14,2026-07-15,BULL,0.9964728040641767,0.6506694978799018,0.2826579437873645,0.0666725583327338,BULL,0.6506694978799018,BULL,True,0.6506694978799018,0.6,6,63.0401698727941
NIFTY_PHARMA,2026-07-14,2026-07-15,BULL,0.9999913041831083,0.6160568546785047,0.30959646318448547,0.0743466821370098,BULL,0.6160568546785047,BULL,True,0.6160568546785047,0.7,4,60.46341128071029
SENSEX,2026-07-14,2026-07-15,SIDE,0.9995049739828098,0.10917694617168028,0.7938913339139116,0.09693171991440819,SIDE,0.7938913339139116,SIDE,True,0.7938913339139116,0.8,5,75.13348003483469
INDIA_VIX,2026-07-15,2026-07-16,BULL,0.707773481106546,0.5012090210388951,0.2891975300936586,0.20959344886744627,BULL,0.5012090210388951,BEAR,False,0.5012090210388951,0.2,2,38.0725412623337
NIFTY_50,2026-07-15,2026-07-16,SIDE,0.9997797049948928,0.11705237197969376,0.8025788772153714,0.08036875080493484,SIDE,0.8025788772153714,SIDE,True,0.8025788772153714,0.9,6,79.65473263292228
NIFTY_AUTO,2026-07-15,2026-07-16,SIDE,0.999691143689871,0.18116832936403302,0.7138168851025323,0.10501478553343459,SIDE,0.7138168851025323,SIDE,True,0.7138168851025323,0.9,6,74.32901310615193
NIFTY_BANK,2026-07-15,2026-07-16,SIDE,0.9827336957089848,0.14803366424946257,0.7464892064730608,0.10547712927747657,SIDE,0.7464892064730608,SIDE,True,0.7464892064730608,0.5,3,61.78935238838365
NIFTY_FIN_SERVICE,2026-07-15,2026-07-16,SIDE,0.9909479268918346,0.1467600357269686,0.7484833734254936,0.10475659084753779,SIDE,0.7484833734254936,SIDE,True,0.7484833734254936,0.5,3,61.90900240552962
NIFTY_IT,2026-07-15,2026-07-16,BULL,0.960222465536627,0.6291280964196238,0.29956362563738087,0.07130827794299543,BULL,0.6291280964196238,BULL,True,0.6291280964196238,0.7,7,65.74768578517742
NIFTY_PHARMA,2026-07-15,2026-07-16,BULL,0.999996884594175,0.6160595051239306,0.3095938183217114,0.07434667655435791,BULL,0.6160595051239306,BULL,True,0.6160595051239306,0.8,5,64.46357030743583
SENSEX,2026-07-15,2026-07-16,SIDE,0.9991307569984652,0.10976468626235053,0.7933665997002688,0.09686871403738077,SIDE,0.7933665997002688,SIDE,True,0.7933665997002688,0.8,6,76.60199598201612
INDIA_VIX,2026-07-16,2026-07-17,BEAR,0.6333703963294651,0.3230187123826524,0.21962327711871135,0.4573580104986363,BEAR,0.4573580104986363,BEAR,True,0.4573580104986363,0.3,3,39.441480629918175
NIFTY_50,2026-07-16,2026-07-17,SIDE,0.9998086460988508,0.11700671405637572,0.8026159100620707,0.08037737588155368,SIDE,0.8026159100620707,SIDE,True,0.8026159100620707,0.9,7,81.15695460372424
NIFTY_AUTO,2026-07-16,2026-07-17,SIDE,0.9999234620906493,0.18124150860479513,0.7141177096883193,0.10464078170688562,SIDE,0.7141177096883193,SIDE,True,0.7141177096883193,0.9,7,75.84706258129916
NIFTY_BANK,2026-07-16,2026-07-17,SIDE,0.998328567762213,0.1280780864711858,0.7643694307204445,0.10755248280836956,SIDE,0.7643694307204445,BULL,False,0.7643694307204445,0.6,4,66.86216584322666
NIFTY_FIN_SERVICE,2026-07-16,2026-07-17,SIDE,0.9995173301665986,0.1369252623184678,0.7573171401147735,0.10575759756675872,SIDE,0.7573171401147735,SIDE,True,0.7573171401147735,0.6,4,66.43902840688641
NIFTY_IT,2026-07-16,2026-07-17,BULL,0.9966079931135273,0.6507531261418139,0.28259236090189305,0.06665451295629306,BULL,0.6507531261418139,BULL,True,0.6507531261418139,0.8,8,71.04518756850882
NIFTY_PHARMA,2026-07-16,2026-07-17,BULL,0.9999909893654053,0.6160567051548613,0.3095966123931228,0.07434668245201591,BULL,0.6160567051548613,SIDE,False,0.6160567051548613,0.9,6,68.46340230929168
SENSEX,2026-07-16,2026-07-17,SIDE,0.9991986533315699,0.10966250475803468,0.7934618927206288,0.09687560252133642,SIDE,0.7934618927206288,BULL,False,0.7934618927206288,0.8,7,78.10771356323774
INDIA_VIX,2026-07-17,2026-07-20,BEAR,0.7640800981133758,0.2413740594299123,0.2391164868823818,0.519509453687706,BEAR,0.519509453687706,BEAR,True,0.519509453687706,0.4,4,47.17056722126235
NIFTY_50,2026-07-17,2026-07-20,SIDE,0.8895827948481345,0.2178596152235752,0.7033191544663733,0.0788212303100515,SIDE,0.7033191544663733,SIDE,True,0.7033191544663733,0.9,8,76.69914926798239
NIFTY_AUTO,2026-07-17,2026-07-20,SIDE,0.9997277061906928,0.1814927008159637,0.7140029516223343,0.10450434756170199,SIDE,0.7140029516223343,SIDE,True,0.7140029516223343,0.9,8,77.34017709734006
NIFTY_BANK,2026-07-17,2026-07-20,BULL,0.9153084498393368,0.5935263410211953,0.3256429235881904,0.0808307353906144,BULL,0.5935263410211953,BULL,True,0.5935263410211953,0.7,5,60.61158046127171
NIFTY_FIN_SERVICE,2026-07-17,2026-07-20,SIDE,0.6270150473069146,0.35961056903433963,0.552318317305961,0.08807111365969929,SIDE,0.552318317305961,SIDE,True,0.552318317305961,0.7,5,58.13909903835766
NIFTY_IT,2026-07-17,2026-07-20,BULL,0.9999980796628791,0.6528596314384804,0.2809416119423492,0.06619875661917037,BULL,0.6528596314384804,BULL,True,0.6528596314384804,0.9,9,75.17157788630882
NIFTY_PHARMA,2026-07-17,2026-07-20,SIDE,0.7572321546869761,0.3103176979866627,0.6021672236616238,0.08751507835171365,SIDE,0.6021672236616238,BULL,False,0.6021672236616238,0.9,7,69.13003341969743
SENSEX,2026-07-17,2026-07-20,BULL,0.7510369966634162,0.4776479706242476,0.42377618288965513,0.09857584648609734,BULL,0.4776479706242476,SIDE,False,0.4776479706242476,0.8,8,60.65887823745486
INDIA_VIX,2026-07-20,2026-07-21,BEAR,0.9612101682599457,0.1267657019956438,0.23569414627605872,0.6375401517282975,BEAR,0.6375401517282975,BEAR,True,0.6375401517282975,0.5,5,58.25240910369784
NIFTY_50,2026-07-20,2026-07-21,SIDE,0.991297310762545,0.12837466401356776,0.7916942107954159,0.07993112519101642,SIDE,0.7916942107954159,SIDE,True,0.7916942107954159,0.9,9,83.50165264772495
NIFTY_AUTO,2026-07-20,2026-07-21,SIDE,0.9999509297754782,0.18129527153715855,0.7141734090606717,0.10453131940216985,SIDE,0.7141734090606717,SIDE,True,0.7141734090606717,0.9,9,78.85040454364031
NIFTY_BANK,2026-07-20,2026-07-21,BULL,0.5159353547363259,0.428030142176462,0.4875034555299906,0.08446640229354735,SIDE,0.4875034555299906,SIDE,True,0.428030142176462,0.8,6,54.681808530587716
NIFTY_FIN_SERVICE,2026-07-20,2026-07-21,SIDE,0.9926512991790901,0.14465585833503544,0.7501425642533379,0.10520157741162664,SIDE,0.7501425642533379,SIDE,True,0.7501425642533379,0.8,6,74.00855385520028
NIFTY_IT,2026-07-20,2026-07-21,BULL,0.9999847420403526,0.6528513102974356,0.2809481320358978,0.06620055766666658,BULL,0.6528513102974356,BULL,True,0.6528513102974356,0.1,1,43.171078617846135
NIFTY_PHARMA,2026-07-20,2026-07-21,BULL,0.9721481840287438,0.6030972463299625,0.32250299174967156,0.0743997619203659,BULL,0.6030972463299625,BULL,True,0.6030972463299625,0.9,8,70.68583477979774
SENSEX,2026-07-20,2026-07-21,SIDE,0.6834437072733073,0.32135938342538006,0.587231682944505,0.0914089336301149,SIDE,0.587231682944505,SIDE,True,0.587231682944505,0.9,9,71.2339009766703
INDIA_VIX,2026-07-21,2026-07-22,BEAR,0.9989492462687419,0.09304063803378039,0.2353574719802409,0.6716018899859787,BEAR,0.6716018899859787,SIDE,False,0.6716018899859787,0.6,6,64.29611339915871
NIFTY_50,2026-07-21,2026-07-22,SIDE,0.9989150255041214,0.11829085590276503,0.8014289262689013,0.08028021782833379,SIDE,0.8014289262689013,SIDE,True,0.8014289262689013,1.0,10,88.08573557613407
NIFTY_AUTO,2026-07-21,2026-07-22,SIDE,0.9967597491610348,0.18406108719792735,0.7117414087919204,0.10419750401015208,SIDE,0.7117414087919204,SIDE,True,0.7117414087919204,1.0,10,82.70448452751523
NIFTY_BANK,2026-07-21,2026-07-22,SIDE,0.9341499154623971,0.19604332988261114,0.7031053365611686,0.10085133355622015,SIDE,0.7031053365611686,SIDE,True,0.7031053365611686,0.9,7,75.18632019367011
NIFTY_FIN_SERVICE,2026-07-21,2026-07-22,SIDE,0.9996169075467353,0.13675069772195855,0.7574151660483519,0.10583413622968953,SIDE,0.7574151660483519,SIDE,True,0.7574151660483519,0.9,7,78.44490996290111
NIFTY_IT,2026-07-21,2026-07-22,BULL,0.9994782732819424,0.6525355297690973,0.28119556915572047,0.0662689010751821,BULL,0.6525355297690973,BULL,True,0.6525355297690973,0.9,1,63.15213178614584
NIFTY_PHARMA,2026-07-21,2026-07-22,BULL,0.9995294707339482,0.6158375824036478,0.3098152661036967,0.07434715149265542,BULL,0.6158375824036478,SIDE,False,0.6158375824036478,0.9,9,72.95025494421887
SENSEX,2026-07-21,2026-07-22,SIDE,0.9848406972800425,0.1292619655511199,0.7750877209581566,0.09565031349072343,SIDE,0.7750877209581566,SIDE,True,0.7750877209581566,1.0,10,86.50526325748939
INDIA_VIX,2026-07-22,2026-07-23,SIDE,0.5396224957589021,0.20271878660498358,0.3676460404135714,0.42963517298144493,BEAR,0.42963517298144493,SIDE,False,0.3676460404135714,0.7,7,50.05876242481428
NIFTY_50,2026-07-22,2026-07-23,SIDE,0.9995167859083742,0.11672521244656998,0.8019299788561487,0.08134480869728138,SIDE,0.8019299788561487,SIDE,True,0.8019299788561487,1.0,11,88.11579873136893
NIFTY_AUTO,2026-07-22,2026-07-23,SIDE,0.9957232505386809,0.1849473447363581,0.710959711733808,0.10409294352983384,SIDE,0.710959711733808,SIDE,True,0.710959711733808,1.0,11,82.65758270402848
NIFTY_BANK,2026-07-22,2026-07-23,SIDE,0.9975302301112496,0.12552338654979503,0.7632327287177723,0.11124388473243278,SIDE,0.7632327287177723,SIDE,True,0.7632327287177723,0.9,8,80.29396372306633
NIFTY_FIN_SERVICE,2026-07-22,2026-07-23,SIDE,0.8638100024172364,0.12312413849995656,0.65080724916249,0.22606861233755335,SIDE,0.65080724916249,BEAR,False,0.65080724916249,0.9,8,73.54843494974939
NIFTY_IT,2026-07-22,2026-07-23,BULL,0.6659365704742493,0.49028443325760823,0.40925693503597627,0.10045863170641549,BULL,0.49028443325760823,SIDE,False,0.49028443325760823,0.2,1,35.91706599545649
NIFTY_PHARMA,2026-07-22,2026-07-23,SIDE,0.9219776318299204,0.21642684293623235,0.6880953224426607,0.09547783462110701,SIDE,0.6880953224426607,SIDE,True,0.6880953224426607,0.1,1,45.285719346559645
SENSEX,2026-07-22,2026-07-23,SIDE,0.9992854724989109,0.10845098401568679,0.793511793662475,0.09803722232183826,SIDE,0.793511793662475,SIDE,True,0.793511793662475,1.0,11,87.61070761974851
INDIA_VIX,2026-07-23,2026-07-24,SIDE,0.9800539317226372,0.25882054964392537,0.46465555646872436,0.2765238938873503,SIDE,0.46465555646872436,SIDE,True,0.46465555646872436,0.8,8,59.879333388123456
NIFTY_50,2026-07-23,2026-07-24,SIDE,0.9942790431623076,0.1157671984405101,0.7920380595354092,0.09219474202408055,SIDE,0.7920380595354092,SIDE,True,0.7920380595354092,1.0,12,87.52228357212455
NIFTY_AUTO,2026-07-23,2026-07-24,SIDE,0.9217394062011489,0.23873481335059907,0.6633453072308197,0.0979198794185812,SIDE,0.6633453072308197,SIDE,True,0.6633453072308197,1.0,12,79.80071843384918
NIFTY_BANK,2026-07-23,2026-07-24,SIDE,0.9749992875153988,0.12235380396924406,0.7377090740725097,0.13993712195824629,SIDE,0.7377090740725097,SIDE,True,0.7377090740725097,0.9,9,80.26254444435058
NIFTY_FIN_SERVICE,2026-07-23,2026-07-24,BEAR,0.8842722850347043,0.11020337980843688,0.36471024192603985,0.5250863782655233,BEAR,0.5250863782655233,BEAR,True,0.5250863782655233,0.9,9,67.5051826959314
NIFTY_IT,2026-07-23,2026-07-24,SIDE,0.7886924714283958,0.29807321470450787,0.562175540362867,0.1397512449326251,SIDE,0.562175540362867,SIDE,True,0.562175540362867,0.8,1,55.23053242177202
NIFTY_PHARMA,2026-07-23,2026-07-24,SIDE,0.9998305499812844,0.148598953939457,0.74935008007658,0.1020509659839632,SIDE,0.74935008007658,SIDE,True,0.74935008007658,0.2,2,52.9610048045948
SENSEX,2026-07-23,2026-07-24,SIDE,0.9932247892262599,0.10776227349181854,0.7847822735672377,0.10745545294094382,SIDE,0.7847822735672377,SIDE,True,0.7847822735672377,1.0,12,87.08693641403427
INDIA_VIX,2026-07-24,2026-07-27,SIDE,0.9976844877911538,0.26037181547807514,0.46913905086964075,0.2704891336522841,SIDE,0.46913905086964075,BEAR,False,0.46913905086964075,0.1,1,32.14834305217845
NIFTY_50,2026-07-24,2026-07-27,SIDE,0.9265473906395495,0.11013073721622428,0.7124722611020499,0.1773970016817259,SIDE,0.7124722611020499,SIDE,True,0.7124722611020499,1.0,13,82.748335666123
NIFTY_AUTO,2026-07-24,2026-07-27,SIDE,0.9998013050615989,0.18142856995855275,0.7140595464395377,0.10451188360190956,SIDE,0.7140595464395377,SIDE,True,0.7140595464395377,1.0,13,82.84357278637226
NIFTY_BANK,2026-07-24,2026-07-27,SIDE,0.992418922966984,0.1246325454378803,0.7568480005037307,0.11851945405838897,SIDE,0.7568480005037307,SIDE,True,0.7568480005037307,1.0,10,85.41088003022385
NIFTY_FIN_SERVICE,2026-07-24,2026-07-27,BEAR,0.9978973858458924,0.11132342326405605,0.31968416085240337,0.5689924158835404,BEAR,0.5689924158835404,BEAR,True,0.5689924158835404,1.0,10,74.13954495301243
NIFTY_IT,2026-07-24,2026-07-27,SIDE,0.5731615128141196,0.3931270925664878,0.4864546851609723,0.12041822227253993,SIDE,0.4864546851609723,BULL,False,0.4864546851609723,0.3,1,38.187281109658336
NIFTY_PHARMA,2026-07-24,2026-07-27,SIDE,0.9998264432718771,0.1484100561610508,0.7493291673991135,0.1022607764398358,SIDE,0.7493291673991135,SIDE,True,0.7493291673991135,0.3,3,56.95975004394681
SENSEX,2026-07-24,2026-07-27,SIDE,0.888200224432332,0.10353207069858986,0.6900048564580182,0.2064630728433919,SIDE,0.6900048564580182,SIDE,True,0.6900048564580182,1.0,13,81.40029138748109
INDIA_VIX,2026-07-27,2026-07-28,BEAR,0.656044339069702,0.24101315661268333,0.27772134805463455,0.48126549533268215,BEAR,0.48126549533268215,BEAR,True,0.48126549533268215,0.1,1,32.875929719960936
NIFTY_50,2026-07-27,2026-07-28,SIDE,0.999348700754924,0.11673932255590949,0.8016111101394371,0.08164956730465343,SIDE,0.8016111101394371,SIDE,True,0.8016111101394371,1.0,14,88.09666660836622
NIFTY_AUTO,2026-07-27,2026-07-28,SIDE,0.8523535826462737,0.27891447335836717,0.6276419460459391,0.0934435805956938,SIDE,0.6276419460459391,BULL,False,0.6276419460459391,1.0,14,77.65851676275636
NIFTY_BANK,2026-07-27,2026-07-28,SIDE,0.999388624816875,0.12577798846143234,0.7656664412299208,0.10855557030864693,SIDE,0.7656664412299208,SIDE,True,0.7656664412299208,1.0,11,85.93998647379524
NIFTY_FIN_SERVICE,2026-07-27,2026-07-28,BEAR,0.8231784967926191,0.1100040625138201,0.3871513184034238,0.5028446190827561,BEAR,0.5028446190827561,BEAR,True,0.5028446190827561,1.0,11,70.17067714496538
NIFTY_IT,2026-07-27,2026-07-28,BULL,0.9999208281111861,0.6528114383468376,0.28097937280710533,0.06620918884605695,BULL,0.6528114383468376,BULL,True,0.6528114383468376,0.4,2,52.168686300810265
NIFTY_PHARMA,2026-07-27,2026-07-28,SIDE,0.9880379029207451,0.16108749525733787,0.7381324843465115,0.10078002039615061,SIDE,0.7381324843465115,SIDE,True,0.7381324843465115,0.4,4,60.287949060790694
SENSEX,2026-07-27,2026-07-28,SIDE,0.9995246455912083,0.10863789480604814,0.7938844746684768,0.09747763052547503,SIDE,0.7938844746684768,SIDE,True,0.7938844746684768,1.0,14,87.6330684801086
INDIA_VIX,2026-07-28,2026-07-29,BEAR,0.986311067854209,0.10690823553537254,0.23456009578347822,0.6585316686811492,BEAR,0.6585316686811492,BEAR,True,0.6585316686811492,0.2,2,47.51190012086896
NIFTY_50,2026-07-28,2026-07-29,SIDE,0.9997161607230115,0.1167786052566396,0.8023390020672728,0.08088239267608748,SIDE,0.8023390020672728,SIDE,True,0.8023390020672728,1.0,15,88.14034012403637
NIFTY_AUTO,2026-07-28,2026-07-29,BULL,0.8655853068011283,0.5753498039008657,0.35881080679881666,0.06583938930031759,BULL,0.5753498039008657,BULL,True,0.5753498039008657,0.1,1,38.52098823405194
NIFTY_BANK,2026-07-28,2026-07-29,SIDE,0.9964692273531195,0.1252512956495932,0.7618698593765808,0.11287884497382607,SIDE,0.7618698593765808,SIDE,True,0.7618698593765808,1.0,12,85.71219156259485
NIFTY_FIN_SERVICE,2026-07-28,2026-07-29,BEAR,0.8984394641156547,0.11029493434801708,0.35935608386008494,0.530348981791898,BEAR,0.530348981791898,SIDE,False,0.530348981791898,1.0,12,71.82093890751388
NIFTY_IT,2026-07-28,2026-07-29,BULL,0.99999999999645,0.6528608295340825,0.2809406731774628,0.06619849728845487,BULL,0.6528608295340825,BULL,True,0.6528608295340825,0.5,3,56.17164977204495
NIFTY_PHARMA,2026-07-28,2026-07-29,SIDE,0.9804729577896933,0.16852700135885318,0.731429598847919,0.1000433997932279,SIDE,0.731429598847919,BULL,False,0.731429598847919,0.5,5,63.88577593087514
SENSEX,2026-07-28,2026-07-29,SIDE,0.9997573595109047,0.10852575144872133,0.7942300191800715,0.09724422937120718,SIDE,0.7942300191800715,SIDE,True,0.7942300191800715,1.0,15,87.65380115080428
INDIA_VIX,2026-07-29,2026-07-30,BEAR,0.9997982687979416,0.09210531411519753,0.2353897937893369,0.6725048920954657,BEAR,0.6725048920954657,BEAR,True,0.6725048920954657,0.3,3,52.35029352572794
NIFTY_50,2026-07-29,2026-07-30,SIDE,0.9932022708990781,0.12593470399072318,0.7940458803573747,0.08001941565190208,SIDE,0.7940458803573747,SIDE,True,0.7940458803573747,1.0,16,87.64275282144249
NIFTY_AUTO,2026-07-29,2026-07-30,BULL,0.9723422303590931,0.6245081985682305,0.31281189642234125,0.06267990500942819,BULL,0.6245081985682305,BULL,True,0.6245081985682305,0.9,1,61.47049191409383
NIFTY_BANK,2026-07-29,2026-07-30,SIDE,0.9996592709744262,0.12588060772499385,0.7660288070993868,0.10809058517561924,SIDE,0.7660288070993868,SIDE,True,0.7660288070993868,1.0,13,85.9617284259632
NIFTY_FIN_SERVICE,2026-07-29,2026-07-30,SIDE,0.9461720999472255,0.12973202524647423,0.7047445857285584,0.1655233890249674,SIDE,0.7047445857285584,SIDE,True,0.7047445857285584,1.0,13,82.2846751437135
NIFTY_IT,2026-07-29,2026-07-30,BULL,1.0,0.6528608295362973,0.28094067317572724,0.06619849728797544,BULL,0.6528608295362973,BULL,True,0.6528608295362973,0.6,4,60.17164977217784
NIFTY_PHARMA,2026-07-29,2026-07-30,BULL,0.9767193787887151,0.6051903182797972,0.3204219712144482,0.07438771050575455,BULL,0.6051903182797972,BULL,True,0.6051903182797972,0.6,6,60.31141909678782
SENSEX,2026-07-29,2026-07-30,SIDE,0.9845171163633931,0.1296679788768079,0.7747089720091125,0.09562304911407951,SIDE,0.7747089720091125,SIDE,True,0.7747089720091125,1.0,16,86.48253832054674
INDIA_VIX,2026-07-30,2026-07-31,BEAR,0.9998001859776546,0.09193487212181405,0.23547372511778006,0.672591402760406,BEAR,0.672591402760406,BEAR,True,0.672591402760406,0.6,1,56.85548416562436
NIFTY_50,2026-07-30,2026-07-31,SIDE,0.975410703518728,0.1468763681185723,0.7737100517085109,0.07941358017291665,SIDE,0.7737100517085109,SIDE,True,0.7737100517085109,1.0,17,86.42260310251065
NIFTY_AUTO,2026-07-30,2026-07-31,BULL,0.9999944609887845,0.6384907997994177,0.29962054192777304,0.06188865827280921,BULL,0.6384907997994177,BULL,True,0.6384907997994177,0.9,2,63.809447987965065
NIFTY_BANK,2026-07-30,2026-07-31,SIDE,0.9997272085320339,0.1258229039160701,0.7661166824613782,0.10806041362255181,SIDE,0.7661166824613782,SIDE,True,0.7661166824613782,1.0,14,85.96700094768269
NIFTY_FIN_SERVICE,2026-07-30,2026-07-31,SIDE,0.998783648357037,0.1362046053773767,0.756286393708771,0.10750900091385236,SIDE,0.756286393708771,SIDE,True,0.756286393708771,1.0,14,85.37718362252626
NIFTY_IT,2026-07-30,2026-07-31,BULL,0.9999999999999991,0.6528608295362969,0.28094067317572763,0.06619849728797554,BULL,0.6528608295362969,BULL,True,0.6528608295362969,0.7,5,64.1716497721778
NIFTY_PHARMA,2026-07-30,2026-07-31,BULL,0.9986138999204552,0.6154033357601241,0.3102485395086552,0.07434812473122071,BULL,0.6154033357601241,BULL,True,0.6154033357601241,0.7,7,64.92420014560744
SENSEX,2026-07-30,2026-07-31,SIDE,0.9249023169237722,0.18796305883591302,0.7192030272276558,0.09283391393643116,SIDE,0.7192030272276558,SIDE,True,0.7192030272276558,1.0,17,83.15218163365935
INDIA_VIX,2026-07-31,2026-08-03,BEAR,0.9999675703747808,0.09182677568824862,0.2354416973289508,0.6727315269828007,BEAR,0.6727315269828007,BEAR,True,0.6727315269828007,0.6,2,58.36389161896805
NIFTY_50,2026-07-31,2026-08-03,SIDE,0.8575749930296137,0.237971045817455,0.6829957016646463,0.07903325251789857,SIDE,0.6829957016646463,BULL,False,0.6829957016646463,1.0,18,80.97974209987878
NIFTY_AUTO,2026-07-31,2026-08-03,BULL,0.9999999967368747,0.6384936656348431,0.29961783304756845,0.06188850131758841,BULL,0.6384936656348431,BULL,True,0.6384936656348431,0.2,1,44.809619938090584
NIFTY_BANK,2026-07-31,2026-08-03,SIDE,0.9997984657192603,0.12589047830540454,0.766214094188666,0.10789542750592944,SIDE,0.766214094188666,SIDE,True,0.766214094188666,1.0,15,85.97284565131996
NIFTY_FIN_SERVICE,2026-07-31,2026-08-03,SIDE,0.9888580319668251,0.14901783609041333,0.7464218513969674,0.1045603125126194,SIDE,0.7464218513969674,BULL,False,0.7464218513969674,1.0,15,84.78531108381804
NIFTY_IT,2026-07-31,2026-08-03,BULL,0.9999999992918729,0.6528608290944982,0.28094067352190155,0.06619849738360026,BULL,0.6528608290944982,BULL,True,0.6528608290944982,0.8,6,68.17164974566988
NIFTY_PHARMA,2026-07-31,2026-08-03,BULL,0.9999823752406475,0.6160526138773976,0.3096006950486597,0.07434669107394265,BULL,0.6160526138773976,BULL,True,0.6160526138773976,0.8,8,68.96315683264386
SENSEX,2026-07-31,2026-08-03,SIDE,0.6931341666523407,0.3172277065746649,0.5914262596626694,0.09134603376266563,SIDE,0.5914262596626694,BULL,False,0.5914262596626694,1.0,18,75.48557557976015
INDIA_VIX,2026-08-03,2026-08-04,BEAR,0.9999165451156717,0.09186551326633169,0.2354485871103946,0.6726858996232736,BEAR,0.6726858996232736,BEAR,True,0.6726858996232736,0.6,3,59.86115397739642
NIFTY_50,2026-08-03,2026-08-04,BULL,0.9999952344003616,0.5599649931534896,0.3372115411135933,0.10282346573291702,BULL,0.5599649931534896,BULL,True,0.5599649931534896,1.0,19,73.59789958920938
NIFTY_AUTO,2026-08-03,2026-08-04,BULL,0.9999999999938183,0.6384936673209564,0.2996178314537947,0.06188850122524892,BULL,0.6384936673209564,BULL,True,0.6384936673209564,0.3,2,48.80962003925738
NIFTY_BANK,2026-08-03,2026-08-04,SIDE,0.6920238947554824,0.3397179683667864,0.5709784929042145,0.08930353872899902,SIDE,0.5709784929042145,SIDE,True,0.5709784929042145,1.0,16,74.25870957425288
NIFTY_FIN_SERVICE,2026-08-03,2026-08-04,BULL,0.9833785122602741,0.5926206323803974,0.3246729971855957,0.08270637043400698,BULL,0.5926206323803974,BULL,True,0.5926206323803974,1.0,16,75.55723794282385
NIFTY_IT,2026-08-03,2026-08-04,BULL,1.0,0.6528608295362974,0.2809406731757272,0.06619849728797539,BULL,0.6528608295362974,BULL,True,0.6528608295362974,0.8,7,69.67164977217784
NIFTY_PHARMA,2026-08-03,2026-08-04,BULL,0.9999982525710593,0.6160601548551426,0.3095931699587021,0.07434667518615519,BULL,0.6160601548551426,BULL,True,0.6160601548551426,0.9,9,72.96360929130856
SENSEX,2026-08-03,2026-08-04,BULL,0.9963567175448628,0.5645625964717628,0.3291288974081921,0.10630850612004515,BULL,0.5645625964717628,BULL,True,0.5645625964717628,1.0,19,73.87375578830576
INDIA_VIX,2026-08-04,2026-08-05,BEAR,0.9992348484797448,0.09220565752867493,0.23562847167271692,0.6721658707986082,BEAR,0.6721658707986082,BEAR,True,0.6721658707986082,0.6,4,61.32995224791649
NIFTY_50,2026-08-04,2026-08-05,BULL,0.9996500469753458,0.5598380616126452,0.3373539381383741,0.10280800024898087,BULL,0.5598380616126452,BULL,True,0.5598380616126452,1.0,20,73.59028369675872
NIFTY_AUTO,2026-08-04,2026-08-05,BULL,0.9999999990836537,0.6384936668497659,0.29961783189918056,0.06188850125105351,BULL,0.6384936668497659,BULL,True,0.6384936668497659,0.4,3,52.80962001098596
NIFTY_BANK,2026-08-04,2026-08-05,SIDE,0.9694170323658939,0.16285182467584908,0.7331258415793759,0.10402233374477494,SIDE,0.7331258415793759,SIDE,True,0.7331258415793759,1.0,17,83.98755049476256
NIFTY_FIN_SERVICE,2026-08-04,2026-08-05,BULL,0.9731536136029852,0.5881951116307067,0.32915070097917126,0.08265418739012206,BULL,0.5881951116307067,BULL,True,0.5881951116307067,1.0,17,75.29170669784241
NIFTY_IT,2026-08-04,2026-08-05,BULL,0.9999999999994569,0.6528608295359586,0.28094067317599264,0.06619849728804876,BULL,0.6528608295359586,BULL,True,0.6528608295359586,0.9,8,73.67164977215751
NIFTY_PHARMA,2026-08-04,2026-08-05,BULL,0.999960168706592,0.6160420671341877,0.3096112195419605,0.0743467133238517,BULL,0.6160420671341877,BULL,True,0.6160420671341877,1.0,10,76.96252402805128
SENSEX,2026-08-04,2026-08-05,BULL,0.9963253756954229,0.564550524477807,0.32914220798028343,0.10630726754190958,BULL,0.564550524477807,BULL,True,0.564550524477807,1.0,20,73.87303146866843
INDIA_VIX,2026-08-05,2026-08-06,BEAR,0.9996241360096277,0.09190874240401489,0.23557698550971654,0.6725142720862686,BEAR,0.6725142720862686,BEAR,True,0.6725142720862686,0.4,1,51.85085632517612
NIFTY_50,2026-08-05,2026-08-06,BULL,0.9995884311148026,0.5598154106002005,0.337379353931602,0.10280523546819745,BULL,0.5598154106002005,BULL,True,0.5598154106002005,1.0,21,73.58892463601202
NIFTY_AUTO,2026-08-05,2026-08-06,BULL,0.9999999999966858,0.638493667322441,0.29961783145239157,0.0618885012251676,BULL,0.638493667322441,BULL,True,0.638493667322441,0.5,4,56.80962003934646
NIFTY_BANK,2026-08-05,2026-08-06,SIDE,0.9993441005380613,0.12670591043895066,0.76564623199011,0.10764785757093943,SIDE,0.76564623199011,SIDE,True,0.76564623199011,1.0,18,85.9387739194066
NIFTY_FIN_SERVICE,2026-08-05,2026-08-06,BULL,0.8719266797663818,0.5467918714711015,0.37074134042944,0.08246678809945843,BULL,0.5467918714711015,BULL,True,0.5467918714711015,1.0,18,72.80751228826608
NIFTY_IT,2026-08-05,2026-08-06,BULL,0.9999999999914928,0.6528608295309899,0.2809406731798859,0.06619849728912418,BULL,0.6528608295309899,BULL,True,0.6528608295309899,0.9,9,75.17164977185939
NIFTY_PHARMA,2026-08-05,2026-08-06,BULL,0.999781976846643,0.6159574498159163,0.30969565710655766,0.07434689307752608,BULL,0.6159574498159163,BULL,True,0.6159574498159163,1.0,11,76.95744698895498
SENSEX,2026-08-05,2026-08-06,BULL,0.9986948983903741,0.5654642898170005,0.3281345220438444,0.10640118813915521,BULL,0.5654642898170005,BULL,True,0.5654642898170005,1.0,21,73.92785738902002
INDIA_VIX,2026-08-06,2026-08-07,BEAR,0.998206150545551,0.09240057795726919,0.23605730296450864,0.6715421190782221,BEAR,0.6715421190782221,BEAR,True,0.6715421190782221,0.5,2,55.79252714469334
NIFTY_50,2026-08-06,2026-08-07,BULL,0.9995262844624124,0.5597925642307985,0.3374049844364839,0.10280245133271756,BULL,0.5597925642307985,BULL,True,0.5597925642307985,1.0,22,73.58755385384791
NIFTY_AUTO,2026-08-06,2026-08-07,BULL,0.9999999573166831,0.6384936452270898,0.2996178523376968,0.06188850243521324,BULL,0.6384936452270898,BULL,True,0.6384936452270898,0.6,5,60.80961871362538
NIFTY_BANK,2026-08-06,2026-08-07,SIDE,0.9938063725436648,0.1342725762011609,0.7588818624315782,0.10684556136726088,SIDE,0.7588818624315782,SIDE,True,0.7588818624315782,1.0,19,85.5329117458947
NIFTY_FIN_SERVICE,2026-08-06,2026-08-07,BULL,0.7815372117285669,0.5123250083117366,0.40494852122730446,0.08272647046095913,BULL,0.5123250083117366,SIDE,False,0.5123250083117366,1.0,19,70.7395004987042
NIFTY_IT,2026-08-06,2026-08-07,BULL,0.999999975021552,0.6528608139522882,0.28094068538666905,0.06619850066104263,BULL,0.6528608139522882,BULL,True,0.6528608139522882,1.0,10,79.17164883713728
NIFTY_PHARMA,2026-08-06,2026-08-07,BULL,0.9996482761101247,0.6158939748868217,0.3097589957464596,0.07434702936671869,BULL,0.6158939748868217,BULL,True,0.6158939748868217,1.0,12,76.9536384932093
SENSEX,2026-08-06,2026-08-07,BULL,0.9999649803716705,0.565955006142104,0.3275932646137561,0.10645172924413983,BULL,0.565955006142104,BULL,True,0.565955006142104,1.0,22,73.95730036852625
INDIA_VIX,2026-08-07,2026-08-10,BEAR,0.9983433254942499,0.09235248991742316,0.23601122532931954,0.6716362847532572,BEAR,0.6716362847532572,BEAR,True,0.6716362847532572,0.5,1,54.298177085195434
NIFTY_50,2026-08-07,2026-08-10,BULL,0.9897044976685869,0.556198293006667,0.34143573352253526,0.10236597347079757,BULL,0.556198293006667,BULL,True,0.556198293006667,1.0,23,73.37189758040003
NIFTY_AUTO,2026-08-07,2026-08-10,BULL,0.9999999999944014,0.6384936673212582,0.29961783145350956,0.06188850122523238,BULL,0.6384936673212582,BULL,True,0.6384936673212582,0.7,6,64.8096200392755
NIFTY_BANK,2026-08-07,2026-08-10,SIDE,0.9997313402039685,0.12615269995224143,0.7661359739566537,0.10771132609110493,SIDE,0.7661359739566537,SIDE,True,0.7661359739566537,1.0,20,85.96815843739923
NIFTY_FIN_SERVICE,2026-08-07,2026-08-10,SIDE,0.9938157865242586,0.1424546015516423,0.7511537384713141,0.10639165997704361,SIDE,0.7511537384713141,SIDE,True,0.7511537384713141,1.0,20,85.06922430827885
NIFTY_IT,2026-08-07,2026-08-10,BULL,0.999999999943773,0.6528608295012175,0.28094067320321414,0.06619849729556822,BULL,0.6528608295012175,BULL,True,0.6528608295012175,1.0,11,79.17164977007305
NIFTY_PHARMA,2026-08-07,2026-08-10,BULL,0.9986281639918616,0.615410096464761,0.31024179441101757,0.07434810912422149,BULL,0.615410096464761,BULL,True,0.615410096464761,1.0,13,76.92460578788565
SENSEX,2026-08-07,2026-08-10,BULL,0.9762113857404248,0.5568808209243383,0.33759035126970327,0.10552882780595847,BULL,0.5568808209243383,BULL,True,0.5568808209243383,1.0,23,73.4128492554603
INDIA_VIX,2026-08-10,2026-08-11,BEAR,0.9939565166837998,0.09385304838156491,0.23748935073803615,0.6686576008803989,BEAR,0.6686576008803989,BEAR,True,0.6686576008803989,0.5,1,54.11945605282394
NIFTY_50,2026-08-10,2026-08-11,BULL,0.9906982208183713,0.5565604886762936,0.3410296965680513,0.10240981475565519,BULL,0.5565604886762936,BULL,True,0.5565604886762936,1.0,24,73.39362932057762
NIFTY_AUTO,2026-08-10,2026-08-11,BULL,0.9999999999081366,0.6384936672765991,0.2996178314957228,0.06188850122767811,BULL,0.6384936672765991,BULL,True,0.6384936672765991,0.8,7,68.80962003659594
NIFTY_BANK,2026-08-10,2026-08-11,SIDE,0.9998263747587128,0.1260181679222675,0.7662566015060628,0.10772523057166959,SIDE,0.7662566015060628,SIDE,True,0.7662566015060628,1.0,21,85.97539609036376
NIFTY_FIN_SERVICE,2026-08-10,2026-08-11,SIDE,0.9997542765136166,0.13664244734673098,0.7575716960846599,0.10578585656860896,SIDE,0.7575716960846599,SIDE,True,0.7575716960846599,1.0,21,85.45430176507959
NIFTY_IT,2026-08-10,2026-08-11,BULL,0.999999999940097,0.6528608294989242,0.2809406732050112,0.06619849729606464,BULL,0.6528608294989242,BULL,True,0.6528608294989242,1.0,12,79.17164976993546
NIFTY_PHARMA,2026-08-10,2026-08-11,BULL,0.9797037222104281,0.6065638272265279,0.31905564494425026,0.07438052782922187,BULL,0.6065638272265279,BULL,True,0.6065638272265279,1.0,14,76.39382963359168
SENSEX,2026-08-10,2026-08-11,BULL,0.9771164040012745,0.5572227176961885,0.33721413575306614,0.10556314655074543,BULL,0.5572227176961885,SIDE,False,0.5572227176961885,1.0,24,73.43336306177132
INDIA_VIX,2026-08-11,2026-08-12,BEAR,0.9998656205816607,0.09182358918902966,0.23549557261735932,0.6726808381936111,BEAR,0.6726808381936111,BEAR,True,0.6726808381936111,0.5,2,55.86085029161667
NIFTY_50,2026-08-11,2026-08-12,BULL,0.525699615036733,0.4006356103555781,0.5126291245369684,0.08673526510745352,SIDE,0.5126291245369684,SIDE,True,0.4006356103555781,1.0,25,64.03813662133469
NIFTY_AUTO,2026-08-11,2026-08-12,BULL,0.9999999741597116,0.6384936539466914,0.2996178440956217,0.06188850195768673,BULL,0.6384936539466914,BULL,True,0.6384936539466914,0.8,8,70.3096192368015
NIFTY_BANK,2026-08-11,2026-08-12,SIDE,0.9998891523378319,0.12583232192482477,0.7663323017600849,0.10783537631509021,SIDE,0.7663323017600849,SIDE,True,0.7663323017600849,1.0,22,85.9799381056051
NIFTY_FIN_SERVICE,2026-08-11,2026-08-12,SIDE,0.9998483697483672,0.1364005449959663,0.7576526228845398,0.10594683211949373,SIDE,0.7576526228845398,SIDE,True,0.7576526228845398,1.0,22,85.45915737307239
NIFTY_IT,2026-08-11,2026-08-12,BULL,0.9999999999912961,0.6528608295308672,0.28094067317998206,0.06619849728915074,BULL,0.6528608295308672,BULL,True,0.6528608295308672,1.0,13,79.17164977185203
NIFTY_PHARMA,2026-08-11,2026-08-12,BULL,0.9999544568568413,0.6160393544130568,0.30961392653454844,0.0743467190523948,BULL,0.6160393544130568,BULL,True,0.6160393544130568,1.0,15,76.96236126478341
SENSEX,2026-08-11,2026-08-12,SIDE,0.6532346236358244,0.33390496514530116,0.574457085022237,0.09163794983246183,SIDE,0.574457085022237,SIDE,True,0.574457085022237,1.0,25,74.46742510133423
INDIA_VIX,2026-08-12,2026-08-13,BEAR,0.9999602852556855,0.09179041493750405,0.2354635302909108,0.6727460547715852,BEAR,0.6727460547715852,BEAR,True,0.6727460547715852,0.5,3,57.364763286295116
NIFTY_50,2026-08-12,2026-08-13,SIDE,0.9694268012623297,0.1531644148658812,0.7675554274375571,0.07928015769656177,SIDE,0.7675554274375571,SIDE,True,0.7675554274375571,1.0,26,86.05332564625343
NIFTY_AUTO,2026-08-12,2026-08-13,BULL,0.9999991740168598,0.6384932397146569,0.2996182356423329,0.0618885246430101,BULL,0.6384932397146569,BULL,True,0.6384932397146569,0.9,9,74.30959438287942
NIFTY_BANK,2026-08-12,2026-08-13,SIDE,0.9992640120404914,0.1268245293245787,0.7655454587066313,0.10763001196879009,SIDE,0.7655454587066313,SIDE,True,0.7655454587066313,1.0,23,85.93272752239788
NIFTY_FIN_SERVICE,2026-08-12,2026-08-13,SIDE,0.9998684996935425,0.1364005693845516,0.7576780793892954,0.10592135122615311,SIDE,0.7576780793892954,SIDE,True,0.7576780793892954,1.0,23,85.46068476335772
NIFTY_IT,2026-08-12,2026-08-13,BULL,0.9999988238807104,0.6528600957585912,0.2809412481315865,0.06619865610982226,BULL,0.6528600957585912,BULL,True,0.6528600957585912,1.0,14,79.17160574551548
NIFTY_PHARMA,2026-08-12,2026-08-13,BULL,0.999926469948847,0.6160260629694827,0.309627189878032,0.07434674715248528,BULL,0.6160260629694827,BULL,True,0.6160260629694827,1.0,16,76.96156377816897
SENSEX,2026-08-12,2026-08-13,SIDE,0.9939404883717448,0.1172740037493665,0.78634449327017,0.09638150298046355,SIDE,0.78634449327017,SIDE,True,0.78634449327017,1.0,26,87.1806695962102
INDIA_VIX,2026-08-13,2026-08-14,BEAR,0.9999954162884993,0.09177808439673607,0.2354516450972931,0.6727702705059708,BEAR,0.6727702705059708,BEAR,True,0.6727702705059708,0.6,4,61.36621623035825
NIFTY_50,2026-08-13,2026-08-14,SIDE,0.9991832219539443,0.11791850825701529,0.8017886280071979,0.08029286373578695,SIDE,0.8017886280071979,SIDE,True,0.8017886280071979,1.0,27,88.10731768043188
NIFTY_AUTO,2026-08-13,2026-08-14,BULL,0.9999985020715797,0.638492891850654,0.2996185644556076,0.061888543693738356,BULL,0.638492891850654,BULL,True,0.638492891850654,1.0,10,78.30957351103925
NIFTY_BANK,2026-08-13,2026-08-14,SIDE,0.9998971825807138,0.12588299850690962,0.7663451002449692,0.10777190124812121,SIDE,0.7663451002449692,SIDE,True,0.7663451002449692,1.0,24,85.98070601469814
NIFTY_FIN_SERVICE,2026-08-13,2026-08-14,SIDE,0.9993313085688821,0.1362725458697464,0.7569816138868302,0.1067458402434234,SIDE,0.7569816138868302,SIDE,True,0.7569816138868302,1.0,24,85.41889683320981
NIFTY_IT,2026-08-13,2026-08-14,BULL,0.9999997138955145,0.6528606510362759,0.28094081304046903,0.06619853592325496,BULL,0.6528606510362759,BULL,True,0.6528606510362759,1.0,15,79.17163906217655
NIFTY_PHARMA,2026-08-13,2026-08-14,BULL,0.9974917942386741,0.6148719503830703,0.310778654930225,0.07434939468670458,BULL,0.6148719503830703,SIDE,False,0.6148719503830703,1.0,17,76.89231702298422
SENSEX,2026-08-13,2026-08-14,SIDE,0.9981438679975919,0.11124207687890927,0.7919924578879916,0.09676546523309912,SIDE,0.7919924578879916,SIDE,True,0.7919924578879916,1.0,27,87.51954747327949
INDIA_VIX,2026-08-14,2026-08-17,BEAR,0.9999970900098011,0.09177748410782352,0.235451085198657,0.6727714306935193,BEAR,0.6727714306935193,BEAR,True,0.6727714306935193,0.7,5,65.36628584161114
NIFTY_50,2026-08-14,2026-08-17,SIDE,0.9997171927771026,0.11715778913452182,0.8025018888189712,0.08034032204650698,SIDE,0.8025018888189712,SIDE,True,0.8025018888189712,1.0,28,88.15011332913828
NIFTY_AUTO,2026-08-14,2026-08-17,BULL,0.9996423040320409,0.6383085478216276,0.29979280840816785,0.06189864377020441,BULL,0.6383085478216276,BULL,True,0.6383085478216276,1.0,11,78.29851286929767
NIFTY_BANK,2026-08-14,2026-08-17,SIDE,0.9999016035834101,0.1258323769409161,0.7663488713642894,0.10781875169479445,SIDE,0.7663488713642894,SIDE,True,0.7663488713642894,1.0,25,85.98093228185736
NIFTY_FIN_SERVICE,2026-08-14,2026-08-17,SIDE,0.9956645180261725,0.13560748043046342,0.7523962313585184,0.11199628821101816,SIDE,0.7523962313585184,SIDE,True,0.7523962313585184,1.0,25,85.1437738815111
NIFTY_IT,2026-08-14,2026-08-17,BULL,0.9999953329083983,0.652857917762485,0.2809429547136369,0.0661991275238781,BULL,0.652857917762485,BULL,True,0.652857917762485,1.0,16,79.17147506574909
NIFTY_PHARMA,2026-08-14,2026-08-17,SIDE,0.9007022659955216,0.2310274978834062,0.6748225925157108,0.09414990960088322,SIDE,0.6748225925157108,SIDE,True,0.6748225925157108,1.0,18,80.48935555094265
SENSEX,2026-08-14,2026-08-17,SIDE,0.9990905439241453,0.1098289798237015,0.7933104983431245,0.09686052183317398,SIDE,0.7933104983431245,SIDE,True,0.7933104983431245,1.0,28,87.59862990058748
INDIA_VIX,2026-08-17,2026-08-18,BEAR,0.9999937286051997,0.09177868565378877,0.2354522116721514,0.6727691026740598,BEAR,0.6727691026740598,BEAR,True,0.6727691026740598,0.8,6,69.36614616044358
NIFTY_50,2026-08-17,2026-08-18,SIDE,0.9998402110716976,0.11682743368451429,0.8026012586794544,0.0805713076360313,SIDE,0.8026012586794544,SIDE,True,0.8026012586794544,1.0,29,88.15607552076726
NIFTY_AUTO,2026-08-17,2026-08-18,BULL,0.9984944549704468,0.6377152919996725,0.3003534992582021,0.061931208742125425,BULL,0.6377152919996725,BULL,True,0.6377152919996725,1.0,12,78.26291751998035
NIFTY_BANK,2026-08-17,2026-08-18,SIDE,0.9999048159552505,0.1258364581382499,0.7663533154657075,0.10781022639604264,SIDE,0.7663533154657075,SIDE,True,0.7663533154657075,1.0,26,85.98119892794244
NIFTY_FIN_SERVICE,2026-08-17,2026-08-18,SIDE,0.9971950483611617,0.1358758564095149,0.7542810512906871,0.10984309229979804,SIDE,0.7542810512906871,SIDE,True,0.7542810512906871,1.0,26,85.25686307744122
NIFTY_IT,2026-08-17,2026-08-18,BULL,0.9286649449358215,0.611613291229109,0.31333859997372404,0.07504810879716696,BULL,0.611613291229109,SIDE,False,0.611613291229109,1.0,17,76.69679747374654
NIFTY_PHARMA,2026-08-17,2026-08-18,SIDE,0.9998562560308479,0.14856746627573356,0.7493754526001262,0.1020570811241404,SIDE,0.7493754526001262,SIDE,True,0.7493754526001262,1.0,19,84.96252715600757
SENSEX,2026-08-17,2026-08-18,SIDE,0.9998466112141684,0.10863413804232828,0.7943728888516098,0.09699297310606188,SIDE,0.7943728888516098,SIDE,True,0.7943728888516098,1.0,29,87.66237333109659
INDIA_VIX,2026-08-18,2026-08-19,BEAR,0.999979562477516,0.0917836766008874,0.23545699504889295,0.6727593283502197,BEAR,0.6727593283502197,BEAR,True,0.6727593283502197,0.9,7,73.36555970101318
NIFTY_50,2026-08-18,2026-08-19,SIDE,0.99605719006181,0.11606850123005129,0.795254824083231,0.08867667468671776,SIDE,0.795254824083231,SIDE,True,0.795254824083231,1.0,30,87.71528944499386
NIFTY_AUTO,2026-08-18,2026-08-19,BULL,0.9992165003920533,0.6380883338734066,0.3000009452164087,0.06191072091018477,BULL,0.6380883338734066,BULL,True,0.6380883338734066,1.0,13,78.28530003240441
NIFTY_BANK,2026-08-18,2026-08-19,SIDE,0.9996566992134793,0.12576848568684657,0.7660209891347075,0.10821052517844595,SIDE,0.7660209891347075,SIDE,True,0.7660209891347075,1.0,27,85.96125934808245
NIFTY_FIN_SERVICE,2026-08-18,2026-08-19,SIDE,0.9650109679771285,0.1312765947466294,0.7206606794366733,0.1480627258166973,SIDE,0.7206606794366733,SIDE,True,0.7206606794366733,1.0,27,83.2396407662004
NIFTY_IT,2026-08-18,2026-08-19,SIDE,0.9939330237877785,0.16917469234684,0.6650213948936818,0.16580391275947803,SIDE,0.6650213948936818,SIDE,True,0.6650213948936818,0.1,1,43.90128369362091
NIFTY_PHARMA,2026-08-18,2026-08-19,SIDE,0.9999246570998097,0.14849893043033557,0.7494443351281098,0.10205673444155461,SIDE,0.7494443351281098,SIDE,True,0.7494443351281098,1.0,20,84.9666601076866
SENSEX,2026-08-18,2026-08-19,SIDE,0.9960173219024188,0.10804380272975862,0.788699458116013,0.10325673915422835,SIDE,0.788699458116013,SIDE,True,0.788699458116013,1.0,30,87.32196748696079
INDIA_VIX,2026-08-19,2026-08-20,BEAR,0.9999877202653717,0.09178078746051299,0.2354542479805803,0.6727649645589068,BEAR,0.6727649645589068,BEAR,True,0.6727649645589068,0.9,8,74.86589787353441
NIFTY_50,2026-08-19,2026-08-20,SIDE,0.9639513471648057,0.11233598219260167,0.7495964625976723,0.13806755520972588,SIDE,0.7495964625976723,SIDE,True,0.7495964625976723,1.0,31,84.97578775586034
NIFTY_AUTO,2026-08-19,2026-08-20,BULL,0.9864373867400925,0.6315547641694033,0.30617041062674,0.06227482520385676,BULL,0.6315547641694033,BULL,True,0.6315547641694033,1.0,14,77.89328585016419
NIFTY_BANK,2026-08-19,2026-08-20,SIDE,0.9996274121827508,0.1257635659328311,0.7659819707992618,0.10825446326790704,SIDE,0.7659819707992618,SIDE,True,0.7659819707992618,1.0,28,85.95891824795571
NIFTY_FIN_SERVICE,2026-08-19,2026-08-20,SIDE,0.6919031428770053,0.1159795447296158,0.5707096045391469,0.3133108507312374,SIDE,0.5707096045391469,SIDE,True,0.5707096045391469,1.0,28,74.24257627234881
NIFTY_IT,2026-08-19,2026-08-20,SIDE,0.9990670910004212,0.16456543406074386,0.6687420035403315,0.16669256239892455,SIDE,0.6687420035403315,SIDE,True,0.6687420035403315,0.9,1,64.1245202124199
NIFTY_PHARMA,2026-08-19,2026-08-20,SIDE,0.9999396401115942,0.1484346231008499,0.7494551287576576,0.10211024814149244,SIDE,0.7494551287576576,SIDE,True,0.7494551287576576,1.0,21,84.96730772545945
SENSEX,2026-08-19,2026-08-20,SIDE,0.8999903113241488,0.10370381674596635,0.698048965204887,0.19824721804914672,SIDE,0.698048965204887,SIDE,True,0.698048965204887,1.0,31,81.88293791229323
INDIA_VIX,2026-08-20,2026-08-21,BEAR,0.9999996338134964,0.0917767865024729,0.2354501273719799,0.6727730861255472,BEAR,0.6727730861255472,BEAR,True,0.6727730861255472,0.9,9,76.36638516753284
NIFTY_50,2026-08-20,2026-08-21,SIDE,0.9993747312135822,0.11670995281504841,0.8016492644095015,0.08164078277545014,SIDE,0.8016492644095015,SIDE,True,0.8016492644095015,1.0,32,88.0989558645701
NIFTY_AUTO,2026-08-20,2026-08-21,BULL,0.9961536287950601,0.6365091774154323,0.30149312159165703,0.06199770099291075,BULL,0.6365091774154323,BULL,True,0.6365091774154323,1.0,15,78.19055064492593
NIFTY_BANK,2026-08-20,2026-08-21,SIDE,0.9998815224575848,0.12584127789446925,0.7663225210781842,0.10783620102734667,SIDE,0.7663225210781842,SIDE,True,0.7663225210781842,1.0,29,85.97935126469105
NIFTY_FIN_SERVICE,2026-08-20,2026-08-21,SIDE,0.9824757302946027,0.13354718085928527,0.737542751586399,0.12891006755431567,SIDE,0.737542751586399,SIDE,True,0.737542751586399,1.0,29,84.25256509518394
NIFTY_IT,2026-08-20,2026-08-21,SIDE,0.9935737792061978,0.16955083012319197,0.66476633003552,0.16568283984128793,SIDE,0.66476633003552,SIDE,True,0.66476633003552,0.9,2,65.3859798021312
NIFTY_PHARMA,2026-08-20,2026-08-21,SIDE,0.9999135611656326,0.1485171925888017,0.7494337849064876,0.10204902250471072,SIDE,0.7494337849064876,SIDE,True,0.7494337849064876,1.0,22,84.96602709438926
SENSEX,2026-08-20,2026-08-21,SIDE,0.9995955484416913,0.10854017692990595,0.7939855858675834,0.09747423720251064,SIDE,0.7939855858675834,SIDE,True,0.7939855858675834,1.0,32,87.639135152055
INDIA_VIX,2026-08-21,2026-08-24,BEAR,0.9998866018066096,0.09181661658981723,0.23548828288901405,0.6726951005211689,BEAR,0.6726951005211689,BEAR,True,0.6726951005211689,1.0,10,80.36170603127015
NIFTY_50,2026-08-21,2026-08-24,SIDE,0.999707503497305,0.1167738013796045,0.802320152018615,0.08090604660178055,SIDE,0.802320152018615,SIDE,True,0.802320152018615,1.0,33,88.13920912111689
NIFTY_AUTO,2026-08-21,2026-08-24,BULL,0.6142760815128187,0.4749561248781718,0.45122646897480695,0.07381740614702136,BULL,0.4749561248781718,SIDE,False,0.4749561248781718,1.0,16,68.4973674926903
NIFTY_BANK,2026-08-21,2026-08-24,SIDE,0.9997972380983348,0.12606186767465494,0.7662197085950108,0.10771842373033419,SIDE,0.7662197085950108,SIDE,True,0.7662197085950108,1.0,30,85.97318251570064
NIFTY_FIN_SERVICE,2026-08-21,2026-08-24,SIDE,0.9992724579869479,0.13625774585495093,0.7569055449211111,0.10683670922393795,SIDE,0.7569055449211111,SIDE,True,0.7569055449211111,1.0,30,85.41433269526667
NIFTY_IT,2026-08-21,2026-08-24,SIDE,0.9993535314586957,0.1642967642684837,0.6689530560096908,0.1667501797218255,SIDE,0.6689530560096908,SIDE,True,0.6689530560096908,0.9,3,67.13718336058146
NIFTY_PHARMA,2026-08-21,2026-08-24,SIDE,0.9999411704288526,0.1484343875231052,0.7494567836255989,0.10210882885129595,SIDE,0.7494567836255989,SIDE,True,0.7494567836255989,1.0,23,84.96740701753593
SENSEX,2026-08-21,2026-08-24,SIDE,0.9997973958621744,0.10851262941090695,0.7942899601856234,0.09719741040346959,SIDE,0.7942899601856234,SIDE,True,0.7942899601856234,1.0,33,87.6573976111374
INDIA_VIX,2026-08-24,2026-08-25,BEAR,0.9931951095459032,0.09411205397226255,0.2377437128221842,0.6681442332055533,BEAR,0.6681442332055533,BEAR,True,0.6681442332055533,1.0,11,80.08865399233319
NIFTY_50,2026-08-24,2026-08-25,SIDE,0.999220930555799,0.11666214199785493,0.801333723074125,0.08200413492802022,SIDE,0.801333723074125,SIDE,True,0.801333723074125,1.0,34,88.0800233844475
NIFTY_AUTO,2026-08-24,2026-08-25,SIDE,0.9321802366717663,0.23201063651344722,0.6693091809662987,0.09868018252025405,SIDE,0.6693091809662987,SIDE,True,0.6693091809662987,1.0,17,80.15855085797793
NIFTY_BANK,2026-08-24,2026-08-25,SIDE,0.999877535526715,0.1258263711092972,0.7663166018139201,0.10785702707678264,SIDE,0.7663166018139201,SIDE,True,0.7663166018139201,1.0,31,85.9789961088352
NIFTY_FIN_SERVICE,2026-08-24,2026-08-25,SIDE,0.9932163461382755,0.1351907245558132,0.7494597379924668,0.11534953745172005,SIDE,0.7494597379924668,SIDE,True,0.7494597379924668,1.0,31,84.96758427954802
NIFTY_IT,2026-08-24,2026-08-25,SIDE,0.9989758980667816,0.16465183157503105,0.6686748914686562,0.16667327695631262,SIDE,0.6686748914686562,SIDE,True,0.6686748914686562,0.2,1,46.62049348811937
NIFTY_PHARMA,2026-08-24,2026-08-25,SIDE,0.9999077698988691,0.1484196911504332,0.7494189510589577,0.10216135779060916,SIDE,0.7494189510589577,SIDE,True,0.7494189510589577,1.0,24,84.96513706353747
SENSEX,2026-08-24,2026-08-25,SIDE,0.9989545240125002,0.10837988782057695,0.7930106917869252,0.09860942039249776,SIDE,0.7930106917869252,SIDE,True,0.7930106917869252,1.0,34,87.5806415072155
INDIA_VIX,2026-08-25,2026-08-26,BEAR,0.9999652858344069,0.09178876938288083,0.2354617841274651,0.6727494464896542,BEAR,0.6727494464896542,BEAR,True,0.6727494464896542,1.0,12,80.36496678937924
NIFTY_50,2026-08-25,2026-08-26,SIDE,0.9998268881905077,0.11694781363847274,0.8026264115355214,0.08042577482600602,SIDE,0.8026264115355214,SIDE,True,0.8026264115355214,1.0,35,88.15758469213128
NIFTY_AUTO,2026-08-25,2026-08-26,SIDE,0.9662790514059747,0.208297259218334,0.6903147317509373,0.10138800903072875,SIDE,0.6903147317509373,SIDE,True,0.6903147317509373,0.1,1,45.41888390505624
NIFTY_BANK,2026-08-25,2026-08-26,SIDE,0.9998775028899854,0.1258264778303643,0.7663165627938633,0.10785695937577236,SIDE,0.7663165627938633,SIDE,True,0.7663165627938633,1.0,32,85.97899376763179
NIFTY_FIN_SERVICE,2026-08-25,2026-08-26,SIDE,0.9992409365915211,0.1362525788219283,0.7568652399315728,0.10688218124649888,SIDE,0.7568652399315728,SIDE,True,0.7568652399315728,1.0,32,85.41191439589437
NIFTY_IT,2026-08-25,2026-08-26,SIDE,0.993260396523094,0.1698311593306331,0.6645435002369309,0.16562534043243599,SIDE,0.6645435002369309,SIDE,True,0.6645435002369309,0.3,2,50.37261001421586
NIFTY_PHARMA,2026-08-25,2026-08-26,SIDE,0.9994415571925147,0.1490478759830341,0.7489645032497056,0.10198762076726026,SIDE,0.7489645032497056,SIDE,True,0.7489645032497056,1.0,25,84.93787019498235
SENSEX,2026-08-25,2026-08-26,SIDE,0.9998421667428942,0.10859855171162866,0.7943637218135094,0.09703772647486177,SIDE,0.7943637218135094,SIDE,True,0.7943637218135094,1.0,35,87.66182330881057
INDIA_VIX,2026-08-26,2026-08-27,BEAR,0.9999995158110482,0.09177669691275403,0.2354502324869573,0.6727730706002888,BEAR,0.6727730706002888,BEAR,True,0.6727730706002888,1.0,13,80.36638423601732
NIFTY_50,2026-08-26,2026-08-27,SIDE,0.9983989508444352,0.11649889813321011,0.7997056110203989,0.08379549084639094,SIDE,0.7997056110203989,SIDE,True,0.7997056110203989,1.0,36,87.98233666122394
NIFTY_AUTO,2026-08-26,2026-08-27,SIDE,0.9998965235311683,0.1813488806123791,0.7141342785946806,0.1045168407929403,SIDE,0.7141342785946806,SIDE,True,0.7141342785946806,0.2,2,50.84805671568083
NIFTY_BANK,2026-08-26,2026-08-27,SIDE,0.9997868969845402,0.1260744264158765,0.7662064903108213,0.10771908327330217,SIDE,0.7662064903108213,SIDE,True,0.7662064903108213,1.0,33,85.97238941864927
NIFTY_FIN_SERVICE,2026-08-26,2026-08-27,SIDE,0.9999110900589497,0.13643128430211784,0.75773677218082,0.10583194351706209,SIDE,0.75773677218082,SIDE,True,0.75773677218082,1.0,33,85.46420633084921
NIFTY_IT,2026-08-26,2026-08-27,SIDE,0.9998324814848417,0.16372071698397056,0.6693075877879519,0.1669716952280775,SIDE,0.6693075877879519,SIDE,True,0.6693075877879519,0.4,3,54.65845526727712
NIFTY_PHARMA,2026-08-26,2026-08-27,SIDE,0.9992785451036401,0.14922892418283973,0.7488027164175172,0.10196835939964305,SIDE,0.7488027164175172,SIDE,True,0.7488027164175172,1.0,26,84.92816298505103
SENSEX,2026-08-26,2026-08-27,SIDE,0.9995191918632509,0.1084744887622552,0.7938659166900726,0.09765959454767233,SIDE,0.7938659166900726,SIDE,True,0.7938659166900726,1.0,36,87.63195500140436
INDIA_VIX,2026-08-27,2026-08-28,BEAR,0.9993331979765985,0.09201006523200302,0.2356755830546091,0.6723143517133879,BEAR,0.6723143517133879,BEAR,True,0.6723143517133879,1.0,14,80.33886110280328
NIFTY_50,2026-08-27,2026-08-28,SIDE,0.9561051215603205,0.11175279084908685,0.7408857433765709,0.14736146577434237,SIDE,0.7408857433765709,SIDE,True,0.7408857433765709,1.0,37,84.45314460259425
NIFTY_AUTO,2026-08-27,2026-08-28,SIDE,0.9999778775403757,0.1812634196907153,0.7141904412333094,0.1045461390759754,SIDE,0.7141904412333094,SIDE,True,0.7141904412333094,0.3,3,54.851426473998565
NIFTY_BANK,2026-08-27,2026-08-28,SIDE,0.9998357134500504,0.12581164756026517,0.7662603837777466,0.10792796866198823,SIDE,0.7662603837777466,SIDE,True,0.7662603837777466,1.0,34,85.9756230266648
NIFTY_FIN_SERVICE,2026-08-27,2026-08-28,SIDE,0.9996171182260316,0.13632219332830786,0.7573486244930516,0.10632918217864051,SIDE,0.7573486244930516,SIDE,True,0.7573486244930516,1.0,34,85.4409174695831
NIFTY_IT,2026-08-27,2026-08-28,SIDE,0.9997839892344804,0.16369913257739288,0.6692721320001509,0.16702873542245608,SIDE,0.6692721320001509,BULL,False,0.6692721320001509,0.5,4,58.656327920009055
NIFTY_PHARMA,2026-08-27,2026-08-28,SIDE,0.8764859093268064,0.24643645050877236,0.6607810677868778,0.09278248170434994,SIDE,0.6607810677868778,BULL,False,0.6607810677868778,1.0,27,79.64686406721268
SENSEX,2026-08-27,2026-08-28,SIDE,0.8564674283835038,0.10325435012813995,0.6699579264235965,0.22678772344826367,SIDE,0.6699579264235965,SIDE,True,0.6699579264235965,1.0,37,80.1974755854158
INDIA_VIX,2026-08-28,2026-08-31,BEAR,0.999994691317268,0.09177835441043035,0.23545188264009081,0.6727697629494789,BEAR,0.6727697629494789,BEAR,True,0.6727697629494789,1.0,15,80.36618577696873
NIFTY_50,2026-08-28,2026-08-31,SIDE,0.996892196302186,0.1162246742880946,0.7968147146358856,0.08696061107601982,SIDE,0.7968147146358856,SIDE,True,0.7968147146358856,1.0,38,87.80888287815314
NIFTY_AUTO,2026-08-28,2026-08-31,SIDE,0.9999707750843869,0.1812580466396717,0.7141798267074326,0.10456212665289569,SIDE,0.7141798267074326,SIDE,True,0.7141798267074326,0.4,4,58.850789602445964
NIFTY_BANK,2026-08-28,2026-08-31,SIDE,0.9998482922613278,0.12581432355989483,0.7662772165390128,0.10790845990109231,SIDE,0.7662772165390128,SIDE,True,0.7662772165390128,1.0,35,85.97663299234077
NIFTY_FIN_SERVICE,2026-08-28,2026-08-31,SIDE,0.9997480322180676,0.13635161024763096,0.7575182623179698,0.10613012743439926,SIDE,0.7575182623179698,SIDE,True,0.7575182623179698,1.0,35,85.45109573907818
NIFTY_IT,2026-08-28,2026-08-31,BULL,0.8157367169649117,0.5554964281999685,0.35761178855611003,0.08689178324392159,BULL,0.5554964281999685,BULL,True,0.5554964281999685,0.6,5,55.829785691998104
NIFTY_PHARMA,2026-08-28,2026-08-31,BULL,0.8818205832999534,0.5639543105577446,0.3611782646510323,0.07486742479122306,BULL,0.5639543105577446,BULL,True,0.5639543105577446,1.0,28,73.83725863346467
SENSEX,2026-08-28,2026-08-31,SIDE,0.9950493057564275,0.10797322624195375,0.7873230533868274,0.1047037203712189,SIDE,0.7873230533868274,SIDE,True,0.7873230533868274,1.0,38,87.23938320320964
INDIA_VIX,2026-08-31,2026-09-01,BEAR,0.9871575427808191,0.0961218968670328,0.23975316868031044,0.6641249344526566,BEAR,0.6641249344526566,BEAR,True,0.6641249344526566,1.0,16,79.84749606715941
NIFTY_50,2026-08-31,2026-09-01,SIDE,0.9464711104714649,0.11114330734293515,0.730957111289035,0.15789958136802987,SIDE,0.730957111289035,SIDE,True,0.730957111289035,1.0,39,83.85742667734209
NIFTY_AUTO,2026-08-31,2026-09-01,SIDE,0.9999640632029232,0.1812552381667861,0.7141708063925641,0.10457395544064986,SIDE,0.7141708063925641,SIDE,True,0.7141708063925641,0.5,5,62.85024838355384
NIFTY_BANK,2026-08-31,2026-09-01,SIDE,0.9972964742415968,0.12956017631156774,0.7630935800576977,0.10734624363073456,SIDE,0.7630935800576977,SIDE,True,0.7630935800576977,1.0,36,85.78561480346187
NIFTY_FIN_SERVICE,2026-08-31,2026-09-01,SIDE,0.9997558886317636,0.1363727040316327,0.7575314459827468,0.10609584998562047,SIDE,0.7575314459827468,SIDE,True,0.7575314459827468,1.0,36,85.45188675896482
NIFTY_IT,2026-08-31,2026-09-01,BULL,0.9579620248120708,0.6278384974897316,0.3005770631444091,0.07158443936585936,BULL,0.6278384974897316,BULL,True,0.6278384974897316,0.7,6,64.17030984938388
NIFTY_PHARMA,2026-08-31,2026-09-01,BULL,0.9999192618790216,0.6160226398298747,0.3096306057714162,0.07434675439870907,BULL,0.6160226398298747,SIDE,False,0.6160226398298747,1.0,29,76.9613583897925
SENSEX,2026-08-31,2026-09-01,SIDE,0.9564083799436608,0.1053177263366351,0.7434332877518683,0.15124898591149658,SIDE,0.7434332877518683,SIDE,True,0.7434332877518683,1.0,39,84.6059972651121
INDIA_VIX,2026-09-01,2026-09-02,BEAR,0.5961711947927074,0.17629737074829283,0.34029585630650394,0.4834067729452032,BEAR,0.4834067729452032,SIDE,False,0.4834067729452032,1.0,17,69.0044063767122
NIFTY_50,2026-09-01,2026-09-02,SIDE,0.8613328501035351,0.10833839169657566,0.6636334940733247,0.22802811423009958,SIDE,0.6636334940733247,BEAR,False,0.6636334940733247,1.0,40,79.81800964439948
NIFTY_AUTO,2026-09-01,2026-09-02,SIDE,0.9853028705334717,0.1771682970706807,0.6970485450107069,0.12578315791861241,SIDE,0.6970485450107069,BEAR,False,0.6970485450107069,0.6,6,65.8229127006424
NIFTY_BANK,2026-09-01,2026-09-02,SIDE,0.9993487055777502,0.1257216834958956,0.7656116737939326,0.10866664271017185,SIDE,0.7656116737939326,SIDE,True,0.7656116737939326,1.0,37,85.93670042763596
NIFTY_FIN_SERVICE,2026-09-01,2026-09-02,SIDE,0.6698480054014155,0.11536597291679569,0.5619085331022716,0.32272549398093275,SIDE,0.5619085331022716,BEAR,False,0.5619085331022716,1.0,37,73.7145119861363
NIFTY_IT,2026-09-01,2026-09-02,BULL,0.9997392983406291,0.6526982293143737,0.28106808082358,0.06623368986204621,BULL,0.6526982293143737,BULL,True,0.6526982293143737,0.7,7,67.16189375886242
NIFTY_PHARMA,2026-09-01,2026-09-02,SIDE,0.9600784118696388,0.18688441997922928,0.714858721809775,0.09825685821099571,SIDE,0.714858721809775,SIDE,True,0.714858721809775,1.0,30,82.8915233085865
SENSEX,2026-09-01,2026-09-02,SIDE,0.9511565619810576,0.10509602031029823,0.7385505680776487,0.15635341161205304,SIDE,0.7385505680776487,BEAR,False,0.7385505680776487,1.0,40,84.31303408465892
INDIA_VIX,2026-09-02,2026-09-03,SIDE,0.9488475349863685,0.25169046780156507,0.45707399802794724,0.2912355341704878,SIDE,0.45707399802794724,SIDE,True,0.45707399802794724,0.1,1,31.424439881676836
NIFTY_50,2026-09-02,2026-09-03,BEAR,0.9749400717768832,0.128860542608842,0.2892577055333335,0.5818817518578245,BEAR,0.5818817518578245,BEAR,True,0.5818817518578245,1.0,41,74.91290511146947
NIFTY_AUTO,2026-09-02,2026-09-03,BEAR,0.9979553112938374,0.09763749224128684,0.2580749084959543,0.6442875992627588,BEAR,0.6442875992627588,BEAR,True,0.6442875992627588,0.7,7,66.65725595576552
NIFTY_BANK,2026-09-02,2026-09-03,SIDE,0.9983297422469426,0.12554596756166442,0.7642697984136901,0.11018423402464532,SIDE,0.7642697984136901,SIDE,True,0.7642697984136901,1.0,38,85.8561879048214
NIFTY_FIN_SERVICE,2026-09-02,2026-09-03,BEAR,0.9951883364128363,0.11128475159992265,0.3208242300074426,0.5678910183926348,BEAR,0.5678910183926348,BEAR,True,0.5678910183926348,1.0,38,74.07346110355809
NIFTY_IT,2026-09-02,2026-09-03,BULL,0.869902508810916,0.5813504274085526,0.33719112063800805,0.08145845195343931,BULL,0.5813504274085526,SIDE,False,0.5813504274085526,0.8,8,66.88102564451316
NIFTY_PHARMA,2026-09-02,2026-09-03,SIDE,0.9995218679429265,0.14895850642755604,0.7490442854622449,0.10199720811019898,SIDE,0.7490442854622449,SIDE,True,0.7490442854622449,1.0,31,84.94265712773469
SENSEX,2026-09-02,2026-09-03,BEAR,0.812259871469105,0.11670927216219452,0.39977455907422016,0.4835161687635853,BEAR,0.4835161687635853,BEAR,True,0.4835161687635853,1.0,41,69.01097012581512
INDIA_VIX,2026-09-03,2026-09-04,SIDE,0.8681979390752649,0.24017819090392664,0.43835517743551533,0.32146663166055794,SIDE,0.43835517743551533,BEAR,False,0.43835517743551533,0.9,1,50.30131064613093
NIFTY_50,2026-09-03,2026-09-04,BEAR,0.9997516207242593,0.13042066494785554,0.2760900681765929,0.5934892668755516,BEAR,0.5934892668755516,BEAR,True,0.5934892668755516,1.0,42,75.6093560125331
NIFTY_AUTO,2026-09-03,2026-09-04,BEAR,0.9999985347756225,0.09752836685906013,0.25689422227361947,0.6455774108673203,BEAR,0.6455774108673203,BEAR,True,0.6455774108673203,0.8,8,70.73464465203921
NIFTY_BANK,2026-09-03,2026-09-04,SIDE,0.9996829370396476,0.12578285849045454,0.7660563476353145,0.10816079387423098,SIDE,0.7660563476353145,SIDE,True,0.7660563476353145,1.0,39,85.96338085811887
NIFTY_FIN_SERVICE,2026-09-03,2026-09-04,BEAR,0.9733289220532714,0.11099824393677646,0.3298835659802921,0.5591181900829314,BEAR,0.5591181900829314,SIDE,False,0.5591181900829314,1.0,39,73.54709140497589
NIFTY_IT,2026-09-03,2026-09-04,SIDE,0.9194848746600117,0.22523171310036258,0.6202993929360949,0.15446889396354255,SIDE,0.6202993929360949,SIDE,True,0.6202993929360949,0.9,9,73.2179635761657
NIFTY_PHARMA,2026-09-03,2026-09-04,SIDE,0.9999562064827858,0.14843956077016165,0.7494736966329647,0.10208674259687367,SIDE,0.7494736966329647,SIDE,True,0.7494736966329647,1.0,32,84.96842179797788
SENSEX,2026-09-03,2026-09-04,BEAR,0.9999236448765223,0.12447142966831551,0.3279038796039859,0.5476246907276986,BEAR,0.5476246907276986,BEAR,True,0.5476246907276986,1.0,42,72.85748144366192
INDIA_VIX,2026-09-04,2026-09-07,BEAR,0.9975084734471872,0.09265181179738274,0.23628788543926343,0.6710603027633538,BEAR,0.6710603027633538,BEAR,True,0.6710603027633538,0.9,2,65.76361816580123
NIFTY_50,2026-09-04,2026-09-07,BEAR,0.9989831565355856,0.13037057070163333,0.2765075643048036,0.5931218649935631,BEAR,0.5931218649935631,BEAR,True,0.5931218649935631,1.0,43,75.5873118996138
NIFTY_AUTO,2026-09-04,2026-09-07,BEAR,0.9999998677035741,0.09752829573320616,0.25689344978159484,0.6455782544851989,BEAR,0.6455782544851989,BEAR,True,0.6455782544851989,0.1,1,42.73469526911194
NIFTY_BANK,2026-09-04,2026-09-07,SIDE,0.9996845620707071,0.12578087683539718,0.7660584261518935,0.10816069701270939,SIDE,0.7660584261518935,SIDE,True,0.7660584261518935,1.0,40,85.96350556911361
NIFTY_FIN_SERVICE,2026-09-04,2026-09-07,SIDE,0.555925277562932,0.11287608419687892,0.5191628281939737,0.3679610876091474,SIDE,0.5191628281939737,SIDE,True,0.5191628281939737,1.0,40,71.14976969163843
NIFTY_IT,2026-09-04,2026-09-07,SIDE,0.9992594641566951,0.1643928710308329,0.6688836770316486,0.16672345193751853,SIDE,0.6688836770316486,SIDE,True,0.6688836770316486,1.0,10,80.13302062189892
NIFTY_PHARMA,2026-09-04,2026-09-07,SIDE,0.9973076357544793,0.14799660396107556,0.7465839803546399,0.10541941568428467,SIDE,0.7465839803546399,SIDE,True,0.7465839803546399,1.0,33,84.7950388212784
SENSEX,2026-09-04,2026-09-07,BEAR,0.9845460334312661,0.12373986938700117,0.33419696033080404,0.5420631702821948,BEAR,0.5420631702821948,BEAR,True,0.5420631702821948,1.0,43,72.52379021693169
INDIA_VIX,2026-09-07,2026-09-08,BEAR,0.8973864482028765,0.12109273143691023,0.2672071668226274,0.6117001017404623,BEAR,0.6117001017404623,BEAR,True,0.6117001017404623,0.9,3,63.702006104427745
NIFTY_50,2026-09-07,2026-09-08,BEAR,0.999988982024381,0.13043616331278735,0.27596097943614845,0.5936028572510642,BEAR,0.5936028572510642,BEAR,True,0.5936028572510642,1.0,44,75.61617143506386
NIFTY_AUTO,2026-09-07,2026-09-08,BEAR,0.9999997718207763,0.0975283008495683,0.2568935053501107,0.645578193800321,BEAR,0.645578193800321,BEAR,True,0.645578193800321,0.2,2,46.734691628019256
NIFTY_BANK,2026-09-07,2026-09-08,SIDE,0.9973337167336208,0.1253839400235601,0.7629771970777176,0.11163886289872241,SIDE,0.7629771970777176,SIDE,True,0.7629771970777176,1.0,41,85.77863182466305
NIFTY_FIN_SERVICE,2026-09-07,2026-09-08,SIDE,0.5010479226234893,0.11193752843024261,0.49969450210293415,0.38836796946682334,SIDE,0.49969450210293415,BEAR,False,0.49969450210293415,1.0,41,69.98167012617606
NIFTY_IT,2026-09-07,2026-09-08,SIDE,0.9852720623857759,0.16117748079001784,0.6590768397242244,0.1797456794857577,SIDE,0.6590768397242244,SIDE,True,0.6590768397242244,0.1,1,43.54461038345347
NIFTY_PHARMA,2026-09-07,2026-09-08,SIDE,0.9999511229946515,0.14844867781478885,0.749468924824941,0.10208239736027006,SIDE,0.749468924824941,SIDE,True,0.749468924824941,1.0,34,84.96813548949646
SENSEX,2026-09-07,2026-09-08,BEAR,0.999798357581168,0.12446538360303652,0.3279555575884833,0.5475790588084801,BEAR,0.5475790588084801,BEAR,True,0.5475790588084801,1.0,44,72.85474352850882
INDIA_VIX,2026-09-08,2026-09-09,BEAR,0.7016578411572388,0.15962859900481277,0.3167986035782749,0.5235727974169123,BEAR,0.5235727974169123,SIDE,False,0.5235727974169123,0.9,4,59.91436784501474
NIFTY_50,2026-09-08,2026-09-09,BEAR,0.9999999621232254,0.13043688048562485,0.2759550064296889,0.5936081130846862,BEAR,0.5936081130846862,BEAR,True,0.5936081130846862,1.0,45,75.61648678508118
NIFTY_AUTO,2026-09-08,2026-09-09,BEAR,0.9999949325524682,0.09752855907631967,0.25689630991004997,0.6455751310136303,BEAR,0.6455751310136303,BEAR,True,0.6455751310136303,0.3,3,50.73450786081782
NIFTY_BANK,2026-09-08,2026-09-09,SIDE,0.9643633491340892,0.12118785137673152,0.7274677175894335,0.15134443103383483,SIDE,0.7274677175894335,BEAR,False,0.7274677175894335,1.0,42,83.64806305536602
NIFTY_FIN_SERVICE,2026-09-08,2026-09-09,BEAR,0.9985441271757145,0.11133254762631634,0.3194115321432945,0.5692559202303891,BEAR,0.5692559202303891,BEAR,True,0.5692559202303891,1.0,42,74.15535521382334
NIFTY_IT,2026-09-08,2026-09-09,SIDE,0.9799335395594589,0.16030576306859434,0.6555240721941606,0.1841701647372449,SIDE,0.6555240721941606,BEAR,False,0.6555240721941606,0.2,2,47.33144433164964
NIFTY_PHARMA,2026-09-08,2026-09-09,SIDE,0.9991586869186962,0.1493606810546364,0.7486837908589831,0.10195552808638067,SIDE,0.7486837908589831,SIDE,True,0.7486837908589831,1.0,35,84.92102745153899
SENSEX,2026-09-08,2026-09-09,BEAR,0.9999998127915868,0.12447510639382739,0.3278724585928627,0.5476524350133098,BEAR,0.5476524350133098,BEAR,True,0.5476524350133098,1.0,45,72.85914610079858
INDIA_VIX,2026-09-09,2026-09-10,SIDE,0.9999586988996728,0.25940222907641447,0.46973382426241084,0.27086394666117464,SIDE,0.46973382426241084,SIDE,True,0.46973382426241084,0.2,1,34.68402945574465
NIFTY_50,2026-09-09,2026-09-10,BEAR,0.9999999999921383,0.130436882958046,0.2759549858300982,0.5936081312118558,BEAR,0.5936081312118558,BEAR,True,0.5936081312118558,1.0,46,75.61648787271135
NIFTY_AUTO,2026-09-09,2026-09-10,BEAR,0.9999995020622349,0.09752831524404416,0.25689366168757977,0.6455780230683761,BEAR,0.6455780230683761,BEAR,True,0.6455780230683761,0.4,4,54.73468138410256
NIFTY_BANK,2026-09-09,2026-09-10,BEAR,0.8767023691233904,0.10677918453678646,0.36307074051539495,0.5301500749478186,BEAR,0.5301500749478186,BEAR,True,0.5301500749478186,1.0,43,71.80900449686912
NIFTY_FIN_SERVICE,2026-09-09,2026-09-10,BEAR,0.9999999851694091,0.11135357219574699,0.31879677125056566,0.5698496565536875,BEAR,0.5698496565536875,BEAR,True,0.5698496565536875,1.0,43,74.19097939322124
NIFTY_IT,2026-09-09,2026-09-10,BEAR,0.9999925826089878,0.0665507400410056,0.2771285347873088,0.6563207251716856,BEAR,0.6563207251716856,BEAR,True,0.6563207251716856,0.3,3,51.379243510301144
NIFTY_PHARMA,2026-09-09,2026-09-10,SIDE,0.9999232455577891,0.14842774664698957,0.7494365854629744,0.10213566789003603,SIDE,0.7494365854629744,SIDE,True,0.7494365854629744,1.0,36,84.96619512777846
SENSEX,2026-09-09,2026-09-10,BEAR,0.9999999999958691,0.12447511538863427,0.32787238139242264,0.5476525032189431,BEAR,0.5476525032189431,BEAR,True,0.5476525032189431,1.0,46,72.85915019313659
INDIA_VIX,2026-09-10,2026-09-11,SIDE,0.9999750829423311,0.2593957899072248,0.4697381100747003,0.27086610001807493,SIDE,0.4697381100747003,SIDE,True,0.4697381100747003,0.3,2,38.68428660448202
NIFTY_50,2026-09-10,2026-09-11,BEAR,0.9999999987871562,0.1304368828795136,0.27595498648547395,0.5936081306350125,BEAR,0.5936081306350125,BEAR,True,0.5936081306350125,1.0,47,75.61648783810074
NIFTY_AUTO,2026-09-10,2026-09-11,BEAR,0.9999999288711691,0.09752829246926772,0.2568934143321366,0.6455782931985956,BEAR,0.6455782931985956,BEAR,True,0.6455782931985956,0.5,5,58.73469759191573
NIFTY_BANK,2026-09-10,2026-09-11,BEAR,0.9502573291629628,0.10791685315972907,0.33337813246742504,0.5587050143728458,BEAR,0.5587050143728458,BEAR,True,0.5587050143728458,1.0,44,73.52230086237074
NIFTY_FIN_SERVICE,2026-09-10,2026-09-11,BEAR,0.9999667215486229,0.11135309579798114,0.31881082644075515,0.5698360777612638,BEAR,0.5698360777612638,BEAR,True,0.5698360777612638,1.0,44,74.19016466567582
NIFTY_IT,2026-09-10,2026-09-11,BEAR,0.9999995627841587,0.06654985192587091,0.27712502357904956,0.6563251244950795,BEAR,0.6563251244950795,BEAR,True,0.6563251244950795,0.4,4,55.37950746970477
NIFTY_PHARMA,2026-09-10,2026-09-11,SIDE,0.9986859081274708,0.1482172064079001,0.7480749200932699,0.10370787349882993,SIDE,0.7480749200932699,SIDE,True,0.7480749200932699,1.0,37,84.8844952055962
SENSEX,2026-09-10,2026-09-11,BEAR,0.9999999994115005,0.12447511536243015,0.32787238163213933,0.5476525030054307,BEAR,0.5476525030054307,BEAR,True,0.5476525030054307,1.0,47,72.85915018032584
INDIA_VIX,2026-09-11,2026-09-15,SIDE,0.9999733249326351,0.25940437890215645,0.4697375609127102,0.2708580601851334,SIDE,0.4697375609127102,SIDE,True,0.4697375609127102,0.1,1,32.184253654762614
NIFTY_50,2026-09-11,2026-09-15,BEAR,0.9999999999347717,0.13043688295431552,0.2759549858612933,0.5936081311843913,BEAR,0.5936081311843913,BEAR,True,0.5936081311843913,1.0,48,75.61648787106347
NIFTY_AUTO,2026-09-11,2026-09-15,BEAR,0.9999999995716333,0.0975282886966501,0.2568933733579306,0.6455783379454193,BEAR,0.6455783379454193,BEAR,True,0.6455783379454193,0.6,6,62.73470027672515
NIFTY_BANK,2026-09-11,2026-09-15,BEAR,0.8490011707644375,0.1064492554419953,0.37376654768620343,0.5197841968718013,BEAR,0.5197841968718013,BEAR,True,0.5197841968718013,1.0,45,71.18705181230808
NIFTY_FIN_SERVICE,2026-09-11,2026-09-15,BEAR,0.9998329150750874,0.11135116179957723,0.31886737068889165,0.569781467511531,BEAR,0.569781467511531,BEAR,True,0.569781467511531,1.0,45,74.18688805069186
NIFTY_IT,2026-09-11,2026-09-15,BEAR,0.999997898247174,0.06655006371285553,0.2771258608895467,0.6563240753975977,BEAR,0.6563240753975977,BEAR,True,0.6563240753975977,0.5,5,59.37944452385586
NIFTY_PHARMA,2026-09-11,2026-09-15,SIDE,0.9980151434762097,0.1481091643437141,0.7473460995888715,0.10454473606741448,SIDE,0.7473460995888715,BEAR,False,0.7473460995888715,1.0,38,84.84076597533229
SENSEX,2026-09-11,2026-09-15,BEAR,0.9999999997429285,0.12447511537754022,0.32787238149601444,0.5476525031264453,BEAR,0.5476525031264453,BEAR,True,0.5476525031264453,1.0,48,72.85915018758672
INDIA_VIX,2026-09-15,2026-09-16,SIDE,0.9659949718381098,0.2734942133574947,0.4610428566319856,0.26546293001051974,SIDE,0.4610428566319856,SIDE,True,0.4610428566319856,0.2,2,35.66257139791913
NIFTY_50,2026-09-15,2026-09-16,BEAR,1.0,0.1304368829585568,0.2759549858258235,0.5936081312156196,BEAR,0.5936081312156196,BEAR,True,0.5936081312156196,1.0,49,75.61648787293717
NIFTY_AUTO,2026-09-15,2026-09-16,BEAR,0.9999999999999991,0.09752828867379223,0.2568933731096725,0.6455783382165353,BEAR,0.6455783382165353,BEAR,True,0.6455783382165353,0.7,7,66.73470029299212
NIFTY_BANK,2026-09-15,2026-09-16,BEAR,0.9999620273666537,0.10893726156873272,0.311898497927194,0.5791642405040733,BEAR,0.5791642405040733,BEAR,True,0.5791642405040733,1.0,46,74.7498544302444
NIFTY_FIN_SERVICE,2026-09-15,2026-09-16,BEAR,0.999999999989623,0.11135357238020405,0.3187967650060191,0.5698496626137769,BEAR,0.5698496626137769,BEAR,True,0.5698496626137769,1.0,46,74.19097975682661
NIFTY_IT,2026-09-15,2026-09-16,BEAR,0.813378551135842,0.08644893005612593,0.3564036927264871,0.557147377217387,BEAR,0.557147377217387,BEAR,True,0.557147377217387,0.5,1,47.428842633043224
NIFTY_PHARMA,2026-09-15,2026-09-16,BEAR,0.9741428594017899,0.12821458711455885,0.37607061499224864,0.49571479789319256,BEAR,0.49571479789319256,BEAR,True,0.49571479789319256,1.0,39,69.74288787359156
SENSEX,2026-09-15,2026-09-16,BEAR,0.9999999999999938,0.12447511538878714,0.3278723813907523,0.5476525032204606,BEAR,0.5476525032204606,BEAR,True,0.5476525032204606,1.0,49,72.85915019322763
INDIA_VIX,2026-09-16,2026-09-17,SIDE,0.9982466741663143,0.2601357668248236,0.4692858623367448,0.2705783708384315,SIDE,0.4692858623367448,SIDE,True,0.4692858623367448,0.3,3,40.15715174020469
NIFTY_50,2026-09-16,2026-09-17,BEAR,0.9999999999943752,0.1304368829581936,0.2759549858288803,0.593608131212926,BEAR,0.593608131212926,BEAR,True,0.593608131212926,1.0,50,75.61648787277556
NIFTY_AUTO,2026-09-16,2026-09-17,BEAR,0.9999999999964948,0.09752828867397925,0.25689337311170346,0.6455783382143173,BEAR,0.6455783382143173,BEAR,True,0.6455783382143173,0.8,8,70.73470029285903
NIFTY_BANK,2026-09-16,2026-09-17,BEAR,0.9741976141145309,0.10838000444972277,0.32320222875607624,0.568417766794201,BEAR,0.568417766794201,BEAR,True,0.568417766794201,1.0,47,74.10506600765207
NIFTY_FIN_SERVICE,2026-09-16,2026-09-17,BEAR,0.9999990920285544,0.11135355988197153,0.3187971483407056,0.5698492917773228,BEAR,0.5698492917773228,BEAR,True,0.5698492917773228,1.0,47,74.19095750663936
NIFTY_IT,2026-09-16,2026-09-17,BEAR,0.998726375864478,0.06671158318891966,0.2777644860452959,0.6555239307657844,BEAR,0.6555239307657844,BEAR,True,0.6555239307657844,0.5,2,54.83143584594708
NIFTY_PHARMA,2026-09-16,2026-09-17,BEAR,0.9998318927575929,0.12853809659717033,0.36805395352770437,0.5034079498751254,BEAR,0.5034079498751254,SIDE,False,0.5034079498751254,1.0,40,70.20447699250752
SENSEX,2026-09-16,2026-09-17,BEAR,0.9999999999253895,0.12447511538587355,0.3278723814210636,0.5476525031930628,BEAR,0.5476525031930628,BEAR,True,0.5476525031930628,1.0,50,72.85915019158377
INDIA_VIX,2026-09-17,2026-09-18,SIDE,0.9999443433009231,0.25941636798778045,0.46972997327497346,0.27085365873724604,SIDE,0.46972997327497346,SIDE,True,0.46972997327497346,0.4,4,44.1837983964984
NIFTY_50,2026-09-17,2026-09-18,BEAR,0.9999999993841944,0.13043688291842198,0.27595498616075353,0.5936081309208244,BEAR,0.5936081309208244,BEAR,True,0.5936081309208244,1.0,51,75.61648785524947
NIFTY_AUTO,2026-09-17,2026-09-18,BEAR,0.9999999082239266,0.09752829357101656,0.25689342629817175,0.6455782801308116,BEAR,0.6455782801308116,BEAR,True,0.6455782801308116,0.9,9,74.7346968078487
NIFTY_BANK,2026-09-17,2026-09-18,BEAR,0.9938431411185508,0.108799045472419,0.31461901764567485,0.5765819368819063,BEAR,0.5765819368819063,BEAR,True,0.5765819368819063,1.0,48,74.59491621291437
NIFTY_FIN_SERVICE,2026-09-17,2026-09-18,BEAR,0.9999823756853654,0.11135331969526878,0.31880421220966615,0.5698424680950651,BEAR,0.5698424680950651,BEAR,True,0.5698424680950651,1.0,48,74.1905480857039
NIFTY_IT,2026-09-17,2026-09-18,BEAR,0.9972549934072408,0.06689784063178489,0.27850104633699924,0.6546011130312159,BEAR,0.6546011130312159,BEAR,True,0.6546011130312159,0.5,3,56.276066781872956
NIFTY_PHARMA,2026-09-17,2026-09-18,SIDE,0.9014406456892368,0.13867816799158045,0.6745602783484956,0.1867615536599238,SIDE,0.6745602783484956,SIDE,True,0.6745602783484956,1.0,41,80.47361670090974
SENSEX,2026-09-17,2026-09-18,BEAR,0.9999999998838875,0.12447511538395538,0.327872381438127,0.5476525031779176,BEAR,0.5476525031779176,BEAR,True,0.5476525031779176,1.0,51,72.85915019067505
INDIA_VIX,2026-09-18,2026-09-21,SIDE,0.9456949476899194,0.251346910531338,0.4563101978989121,0.29234289156974996,SIDE,0.4563101978989121,SIDE,True,0.4563101978989121,0.5,5,47.37861187393472
NIFTY_50,2026-09-18,2026-09-21,BEAR,0.9999998298570607,0.13043687185014569,0.2759550783786099,0.5936080497712444,BEAR,0.5936080497712444,BEAR,True,0.5936080497712444,1.0,52,75.61648298627468
NIFTY_AUTO,2026-09-18,2026-09-21,BEAR,0.9999998869587332,0.09752829470573966,0.2568934386223377,0.6455782666719226,BEAR,0.6455782666719226,BEAR,True,0.6455782666719226,1.0,10,78.73469600031537
NIFTY_BANK,2026-09-18,2026-09-21,BEAR,0.8487862102778972,0.10644708810255081,0.3738485685502111,0.5197043433472381,BEAR,0.5197043433472381,SIDE,False,0.5197043433472381,1.0,49,71.1822606008343
NIFTY_FIN_SERVICE,2026-09-18,2026-09-21,BEAR,0.9896279754028027,0.1112085315039251,0.32315130845048756,0.5656401600455875,BEAR,0.5656401600455875,BEAR,True,0.5656401600455875,1.0,49,73.93840960273525
NIFTY_IT,2026-09-18,2026-09-21,BEAR,0.9999678831743571,0.06655388251923858,0.2771409587619483,0.6563051587188132,BEAR,0.6563051587188132,BEAR,True,0.6563051587188132,0.6,1,55.87830952312879
NIFTY_PHARMA,2026-09-18,2026-09-21,SIDE,0.9998574961872987,0.1484308588281589,0.7493649144142603,0.10220422675758067,SIDE,0.7493649144142603,SIDE,True,0.7493649144142603,1.0,42,84.96189486485562
SENSEX,2026-09-18,2026-09-21,BEAR,0.9999999997805966,0.12447511537967304,0.327872381480262,0.547652503140065,BEAR,0.547652503140065,BEAR,True,0.547652503140065,1.0,52,72.8591501884039
INDIA_VIX,2026-09-21,2026-09-22,SIDE,0.698397829964173,0.21721342878783198,0.4018479196848694,0.3809386515272988,SIDE,0.4018479196848694,BEAR,False,0.4018479196848694,0.3,1,33.11087518109216
NIFTY_50,2026-09-21,2026-09-22,BEAR,0.9999836911608038,0.13043581781588215,0.2759638574867753,0.5936003246973425,BEAR,0.5936003246973425,BEAR,True,0.5936003246973425,1.0,53,75.61601948184055
NIFTY_AUTO,2026-09-21,2026-09-22,BEAR,0.9999995346413489,0.09752831350560312,0.2568936428064928,0.6455780436879041,BEAR,0.6455780436879041,BEAR,True,0.6455780436879041,1.0,11,78.73468262127425
NIFTY_BANK,2026-09-21,2026-09-22,SIDE,0.7167315119426768,0.10912964304655215,0.5838745480857902,0.30699580886765765,SIDE,0.5838745480857902,SIDE,True,0.5838745480857902,1.0,50,75.03247288514741
NIFTY_FIN_SERVICE,2026-09-21,2026-09-22,BEAR,0.9618346794010217,0.11086278747773932,0.3345551379029767,0.5545820746192841,BEAR,0.5545820746192841,BEAR,True,0.5545820746192841,1.0,50,73.27492447715706
NIFTY_IT,2026-09-21,2026-09-22,BEAR,0.9999534412080245,0.06655571986062687,0.27714822281816237,0.6562960573212108,BEAR,0.6562960573212108,BEAR,True,0.6562960573212108,0.7,2,59.87776343927265
NIFTY_PHARMA,2026-09-21,2026-09-22,SIDE,0.9959411466520678,0.15286144744970803,0.7455360612917568,0.1016024912585353,SIDE,0.7455360612917568,SIDE,True,0.7455360612917568,1.0,43,84.73216367750541
SENSEX,2026-09-21,2026-09-22,BEAR,0.9999692642209006,0.1244736358618577,0.3278850580718901,0.5476413060662522,BEAR,0.5476413060662522,BEAR,True,0.5476413060662522,1.0,53,72.85847836397514
INDIA_VIX,2026-09-22,2026-09-23,BEAR,0.9552891534182936,0.10591376657553692,0.24998565259054412,0.644100580833919,BEAR,0.644100580833919,BEAR,True,0.644100580833919,0.4,2,51.646034850035136
NIFTY_50,2026-09-22,2026-09-23,BEAR,0.9999991893756922,0.13043683001826537,0.2759554267926981,0.5936077431890366,BEAR,0.5936077431890366,BEAR,True,0.5936077431890366,1.0,54,75.61646459134221
NIFTY_AUTO,2026-09-22,2026-09-23,BEAR,0.9999998042980063,0.09752829911656428,0.25689348652805555,0.6455782143553802,BEAR,0.6455782143553802,BEAR,True,0.6455782143553802,1.0,12,78.73469286132281
NIFTY_BANK,2026-09-22,2026-09-23,SIDE,0.7497400698138591,0.10997694292918596,0.5983972856463987,0.29162577142441526,SIDE,0.5983972856463987,SIDE,True,0.5983972856463987,1.0,51,75.90383713878393
NIFTY_FIN_SERVICE,2026-09-22,2026-09-23,BEAR,0.9955442917184277,0.11128985891607712,0.3206746153844364,0.5680355256994865,BEAR,0.5680355256994865,BEAR,True,0.5680355256994865,1.0,51,74.08213154196919
NIFTY_IT,2026-09-22,2026-09-23,BEAR,0.9999989210146996,0.06654993358136888,0.2771253464081476,0.6563247200104836,BEAR,0.6563247200104836,BEAR,True,0.6563247200104836,0.7,3,61.37948320062902
NIFTY_PHARMA,2026-09-22,2026-09-23,SIDE,0.9998289340106229,0.14861344082619823,0.749349587915101,0.10203697125870069,SIDE,0.749349587915101,SIDE,True,0.749349587915101,1.0,44,84.96097527490606
SENSEX,2026-09-22,2026-09-23,BEAR,0.9999993230106494,0.12447508286768272,0.32787266056697467,0.5476522565653427,BEAR,0.5476522565653427,BEAR,True,0.5476522565653427,1.0,54,72.85913539392055
INDIA_VIX,2026-09-23,2026-09-24,BEAR,0.9999921978715893,0.09178036601076114,0.23545216075810374,0.6727674732311352,BEAR,0.6727674732311352,BULL,False,0.6727674732311352,0.1,1,44.36604839386811
NIFTY_50,2026-09-23,2026-09-24,BEAR,0.9992934132687662,0.1303907847679554,0.2763390823823268,0.5932701328497177,BEAR,0.5932701328497177,BEAR,True,0.5932701328497177,1.0,55,75.59620797098306
NIFTY_AUTO,2026-09-23,2026-09-24,BEAR,0.9999962804379594,0.09752848715209321,0.256895528757514,0.6455759840903927,BEAR,0.6455759840903927,BEAR,True,0.6455759840903927,1.0,13,78.73455904542355
NIFTY_BANK,2026-09-23,2026-09-24,SIDE,0.98916839748736,0.1241601510264098,0.7529980157688261,0.12284183320476406,SIDE,0.7529980157688261,BEAR,False,0.7529980157688261,1.0,52,85.17988094612957
NIFTY_FIN_SERVICE,2026-09-23,2026-09-24,BEAR,0.7574769635417439,0.10993241002642999,0.4105031877778289,0.47956440219574104,BEAR,0.47956440219574104,BEAR,True,0.47956440219574104,1.0,52,68.77386413174446
NIFTY_IT,2026-09-23,2026-09-24,BEAR,0.9999999701912321,0.06654980008938728,0.2771248186409303,0.6563253812696824,BEAR,0.6563253812696824,BEAR,True,0.6563253812696824,0.7,4,62.87952287618095
NIFTY_PHARMA,2026-09-23,2026-09-24,SIDE,0.9839382576190805,0.16516797437492156,0.7344571082560932,0.10037491736898516,SIDE,0.7344571082560932,SIDE,True,0.7344571082560932,1.0,45,84.0674264953656
SENSEX,2026-09-23,2026-09-24,BEAR,0.9997131225511083,0.12446129137266618,0.3279906973909715,0.5475480112363622,BEAR,0.5475480112363622,BEAR,True,0.5475480112363622,1.0,55,72.85288067418173
INDIA_VIX,2026-09-24,2026-09-25,BULL,0.8496927961867088,0.5746092356694997,0.28102611548403855,0.14436464884646175,BULL,0.5746092356694997,SIDE,False,0.5746092356694997,0.6,1,50.97655414016998
NIFTY_50,2026-09-24,2026-09-25,BEAR,0.9999999999500735,0.1304368829552981,0.2759549858529814,0.5936081311917206,BEAR,0.5936081311917206,BEAR,True,0.5936081311917206,1.0,56,75.61648787150325
NIFTY_AUTO,2026-09-24,2026-09-25,BEAR,0.9999999998305276,0.09752828868283535,0.25689337320788935,0.6455783381092753,BEAR,0.6455783381092753,BEAR,True,0.6455783381092753,1.0,14,78.73470028655653
NIFTY_BANK,2026-09-24,2026-09-25,BEAR,0.996764408449486,0.10886456086055504,0.3133231109503834,0.5778123281890616,BEAR,0.5778123281890616,BEAR,True,0.5778123281890616,1.0,53,74.6687396913437
NIFTY_FIN_SERVICE,2026-09-24,2026-09-25,BEAR,0.9999999990334152,0.11135357237420052,0.31879676540516505,0.5698496622206344,BEAR,0.5698496622206344,BEAR,True,0.5698496622206344,0.1,1,38.190979733238066
NIFTY_IT,2026-09-24,2026-09-25,BEAR,0.9999999925924994,0.06654979723915799,0.2771248073724073,0.6563253953884348,BEAR,0.6563253953884348,BEAR,True,0.6563253953884348,0.7,5,64.3795237233061
NIFTY_PHARMA,2026-09-24,2026-09-25,SIDE,0.9994092567487626,0.14908241111945192,0.7489323046024885,0.1019852842780596,SIDE,0.7489323046024885,SIDE,True,0.7489323046024885,1.0,46,84.9359382761493
SENSEX,2026-09-24,2026-09-25,BEAR,0.9999999999944744,0.12447511538856161,0.3278723813930015,0.547652503218437,BEAR,0.547652503218437,BEAR,True,0.547652503218437,0.1,1,36.859150193106224
INDIA_VIX,2026-09-25,2026-09-28,SIDE,0.9234339305820125,0.2903619368110855,0.45065102493295117,0.25898703825596314,SIDE,0.45065102493295117,BULL,False,0.45065102493295117,0.7,2,47.539061495977066
NIFTY_50,2026-09-25,2026-09-28,BEAR,0.9999999106173232,0.13043687712382393,0.275955034446716,0.5936080884294602,BEAR,0.5936080884294602,BEAR,True,0.5936080884294602,1.0,57,75.61648530576763
NIFTY_AUTO,2026-09-25,2026-09-28,BEAR,0.9999982695486038,0.09752838101174677,0.2568943759843183,0.6455772430039349,BEAR,0.6455772430039349,BEAR,True,0.6455772430039349,1.0,15,78.73463458023609
NIFTY_BANK,2026-09-25,2026-09-28,BEAR,0.998429234314491,0.10890228403240326,0.31258219621728267,0.5785155197503141,BEAR,0.5785155197503141,BEAR,True,0.5785155197503141,1.0,54,74.71093118501885
NIFTY_FIN_SERVICE,2026-09-25,2026-09-28,BEAR,0.9999870206842494,0.11135338938227592,0.31880224749833375,0.5698443631193905,BEAR,0.5698443631193905,BEAR,True,0.5698443631193905,0.9,1,58.190661787163435
NIFTY_IT,2026-09-25,2026-09-28,BEAR,0.9999999929402512,0.06654979719491175,0.2771248071974775,0.6563253956076107,BEAR,0.6563253956076107,BEAR,True,0.6563253956076107,0.7,6,65.87952373645663
NIFTY_PHARMA,2026-09-25,2026-09-28,SIDE,0.9997108022652043,0.14874756617006507,0.749232151478108,0.10202028235182704,SIDE,0.749232151478108,SIDE,True,0.749232151478108,1.0,47,84.95392908868648
SENSEX,2026-09-25,2026-09-28,BEAR,0.9999999548930387,0.12447511326062528,0.3278723999657277,0.547652486773647,BEAR,0.547652486773647,BEAR,True,0.547652486773647,0.9,1,56.85914920641883
INDIA_VIX,2026-09-28,2026-09-29,BULL,0.7981639892320052,0.5517628122384156,0.2940640380490381,0.15417314971254636,BULL,0.5517628122384156,,,0.5517628122384156,0.7,3,55.10576873430494
NIFTY_50,2026-09-28,2026-09-29,BEAR,0.9999999999999938,0.1304368829585564,0.2759549858258268,0.5936081312156167,BEAR,0.5936081312156167,,,0.5936081312156167,0.1,1,39.61648787293701
NIFTY_AUTO,2026-09-28,2026-09-29,BEAR,0.9999999999130194,0.09752828867843355,0.2568933731600815,0.6455783381614849,BEAR,0.6455783381614849,,,0.6455783381614849,1.0,16,78.7347002896891
NIFTY_BANK,2026-09-28,2026-09-29,BEAR,0.9999999993902005,0.10893813113000377,0.31188154167110455,0.5791803271988917,BEAR,0.5791803271988917,,,0.5791803271988917,0.1,1,38.7508196319335
NIFTY_FIN_SERVICE,2026-09-28,2026-09-29,BEAR,0.9999999999928995,0.11135357238052035,0.3187967650044631,0.5698496626150166,BEAR,0.5698496626150166,,,0.5698496626150166,0.2,1,40.690979756900994
NIFTY_IT,2026-09-28,2026-09-29,BEAR,0.9999999920944361,0.06654979730252916,0.2771248076229484,0.6563253950745224,BEAR,0.6563253950745224,,,0.6563253950745224,0.7,7,67.37952370447134
NIFTY_PHARMA,2026-09-28,2026-09-29,SIDE,0.9993715591987509,0.1483301496359253,0.7488264874583233,0.10284336290575143,SIDE,0.7488264874583233,,,0.7488264874583233,1.0,48,84.9295892474994
SENSEX,2026-09-28,2026-09-29,BEAR,0.9999999999999951,0.12447511538878668,0.32787238139075214,0.5476525032204611,BEAR,0.5476525032204611,,,0.5476525032204611,0.2,1,39.35915019322766
