date,regime,p_bull,p_side,p_bear,current_vol_5d,current_vol_20d,current_vol_60d,realized_vol_5d,realized_vol_21d,forward_return_5d,forward_return_21d
2018-04-13,BULL,0.9705399954078735,0.0005906403219536429,0.028869364270172983,0.021541843271356456,0.13869168574398594,0.13367853890407902,0.04086468002780465,0.06413527978914692,0.007930798316880393,0.03019148659446989
2018-04-16,SIDE,0.00045538390959460934,0.9847742302331068,0.014770385857298608,0.02121005672152219,0.13802266826934775,0.133490965168643,0.04357008630183118,0.06446806287476661,0.005337943480579521,0.020005885981451317
2018-04-17,SIDE,0.0058320864156075364,0.9655634285366327,0.02860448504775974,0.021814132915737753,0.12281057052550669,0.1333682151067038,0.03564139216556376,0.06784789006466395,0.006204229596936687,0.01262298098929161
2018-04-18,BULL,0.994486997301249,0.0009804167976353736,0.004532585901115816,0.041596636630733645,0.11591895754294292,0.13225267034478408,0.03744830969127536,0.07124185881644819,0.004204445265982364,0.006646933470585827
2018-04-19,SIDE,0.008385426636077328,0.956365597870199,0.035248975493723675,0.04086468002780465,0.11602161161714446,0.1323765167085516,0.04954407028571126,0.07691581507117703,0.0049567917342374975,-0.004610576424674898
2018-04-20,SIDE,0.007176793563436525,0.9638090750424146,0.029014131394148875,0.04357008630183118,0.11623417323615592,0.13144061518525726,0.052487140375966634,0.08046608890739941,0.012067128765090253,-0.0025923263690960955
2018-04-23,SIDE,0.007787813577867216,0.9777305061794132,0.014481680242719754,0.03564139216556376,0.1140802841343819,0.13072309733461937,0.06564148669930282,0.0808011146874892,0.014505003642154166,-0.014689736695163963
2018-04-24,BULL,0.9824143384214391,0.007437144434455518,0.010148517144105472,0.03744830969127536,0.10162144624975167,0.1288129334486266,0.06683459423342761,0.08747585227943067,0.0097223769335764,-0.009513423574193908
2018-04-25,BULL,0.9763145313452728,0.01622027849076986,0.007465190163957232,0.04954407028571126,0.09708733983884316,0.12898653041192248,0.07538024487715543,0.09181334226997248,0.010268228872391705,0.003267899601108302
2018-04-26,BULL,0.9712433563357822,0.018435664496641736,0.010320979167576265,0.052487140375966634,0.0967827223463013,0.12942530871928015,0.07265718282333083,0.09593800837788374,4.238076290725028e-05,0.006650592768233925
2018-04-27,BULL,0.9718354945468095,0.01806242765640537,0.010102077796784946,0.06564148669930282,0.09206971739352533,0.12977146751283392,0.08630643797155266,0.09853088735006577,0.002167435148157726,-0.005533269922898331
2018-04-30,BULL,0.9541049638844243,0.028857129791284384,0.0170379063242913,0.06683459423342761,0.08869377949968747,0.1294355357416453,0.097705125877997,0.0971604192767507,-0.0020086551331972478,-0.01170770665630354
2018-05-02,BULL,0.9739797632911988,0.01903291332741248,0.006987323381388769,0.07538024487715543,0.09005810728129349,0.12943537934395186,0.09134009778783196,0.09577816721755845,0.0022041272218603063,0.001687315704549962
2018-05-03,BULL,0.9691330399526736,0.019128392341176737,0.01173856770614963,0.07265718282333083,0.0776674086132833,0.1295892494359707,0.09163459117234377,0.10413745573581325,0.0034492140271174957,0.0015484767442640588
2018-05-04,BULL,0.9717200782337836,0.010968341314894207,0.017311580451322268,0.08630643797155266,0.05391442618251967,0.12093356517889348,0.0885595859315103,0.10420019057458399,0.017573586133819246,0.0009648535230263285
2018-05-07,BULL,0.7233680836404798,0.18514293782913857,0.09148897853038174,0.097705125877997,0.060340019725605425,0.12108644814391542,0.08005309695797436,0.10463102593591299,0.00846576719633627,-0.01148372558395633
2018-05-08,SIDE,0.13324110903480427,0.6327243002042078,0.234034590760988,0.09134009778783196,0.05966112615306284,0.11641635015370498,0.06449897326902745,0.09980784745748324,0.007811505056178272,-0.00309777866642264
2018-05-09,BULL,0.646273282407625,0.3079048529225008,0.04582186466987417,0.09163459117234377,0.05966432720099345,0.1163700978911093,0.06560165916925546,0.10472064070040905,-5.585864041530321e-05,0.002477912755761155
2018-05-10,BULL,0.9620772433143154,0.029666257971181442,0.008256498714503133,0.0885595859315103,0.061293380574239026,0.11493923242808678,0.08224201920438318,0.10804245900268634,-0.0031636649165817927,0.004756993172817389
2018-05-11,BULL,0.5887953588377752,0.37618157723692214,0.03502306392530262,0.08005309695797436,0.0655469422622593,0.11344549417659781,0.09035523100485647,0.10767589801055803,-0.019633484150154368,-0.0018107347683344478
2018-05-14,BULL,0.9632144310478717,0.03339683312252816,0.003388735829600092,0.06449897326902745,0.065770763065475,0.11235883651178925,0.056361992334029755,0.10375845885861941,-0.02719258870273252,0.003348817995595904
2018-05-15,BULL,0.9923395014688484,0.003231132790502676,0.004429365740648907,0.06560165916925546,0.06511798037633339,0.11204799247865875,0.04803902974552694,0.10534554506595294,-0.024853014646685462,0.005064985168485378
2018-05-16,BULL,0.9922443634114644,0.0036941250772145476,0.0040615115113210865,0.08224201920438318,0.06951465467266818,0.1124574742852629,0.06369629623073152,0.10539030624109168,-0.02935767919603578,0.006213722157337838
2018-05-17,BULL,0.9637467152713081,0.01568055114073837,0.020572733587953643,0.09035523100485647,0.07237579066440024,0.1114775810465816,0.07389063659781185,0.10465517039510246,-0.01593217496654886,0.012558070936189578
2018-05-18,BULL,0.9316702740138004,0.03086434769676626,0.03746537828943323,0.056361992334029755,0.07789263865467491,0.111786933466903,0.12350709955233741,0.10255131258940679,0.0008254113965049183,0.019017924353152124
2018-05-21,BULL,0.8003181778782533,0.003428020269236514,0.19625380185251018,0.04803902974552694,0.0825556009318476,0.11287917284533326,0.13787150450082364,0.09797835019807571,0.016217960927146117,0.018255430497501546
2018-05-22,SIDE,0.11109584323146766,0.7838772985011639,0.10502685826736834,0.06369629623073152,0.08253730563934575,0.11272115576169008,0.12643986377200153,0.09883928544259837,0.009126185211288006,0.022090415491902632
2018-05-23,SIDE,0.19564928126876804,0.6803962767819646,0.12395444194926743,0.07389063659781185,0.08879457477826692,0.11466523494519712,0.14043670217650375,0.10022619886124835,0.01748703368101456,0.029357679196035675
2018-05-24,BEAR,0.0015393636139952578,0.017558607499786476,0.9809020288862184,0.12350709955233741,0.09319096659832272,0.11384416718012931,0.10313009585751838,0.0928901331383848,0.020923116212320115,0.028873802866804375
2018-05-25,SIDE,0.06544312477171323,0.8008380211776355,0.13371885405065137,0.13787150450082364,0.09711078250849484,0.11383045702676554,0.1147555167527692,0.09247272773837492,0.008548806015547316,0.014723491794127764
2018-05-28,SIDE,0.02880654994109821,0.8558295902439842,0.11536385981491754,0.12643986377200153,0.09797318505033419,0.11479717282751174,0.11802448609065529,0.09143907672840759,-0.005643358482300235,0.007503134306299013
2018-05-29,SIDE,0.19123086769727418,0.8055361064121507,0.0032330258905751683,0.14043670217650375,0.09815972252644752,0.11465901694401463,0.11451736216215695,0.08767710954356003,-0.0037830205129002624,0.0035766793821653295
2018-05-30,BEAR,0.10173171609649466,0.03937612706063763,0.8588921568428676,0.10313009585751838,0.09812175957261261,0.1145029830144369,0.11106860602568136,0.09176790654945373,0.006601272856683818,-0.0023816890115300787
2018-05-31,BULL,0.5214499997269862,0.4007743997016036,0.07777560057141007,0.1147555167527692,0.10596157424631684,0.11489621628094196,0.12816839229250346,0.09560740627235147,0.002994724273071447,-0.002037254002335001
2018-06-01,BEAR,0.27157568697395645,0.0022022909884151813,0.7262220220376283,0.11802448609065529,0.10466250312449886,0.11286574439251296,0.11179358288602792,0.09613645293831578,0.0066577304556706095,-0.0036434348497320418
2018-06-04,BEAR,0.26140618164987384,0.23778702755443354,0.5008067907956927,0.11451736216215695,0.10187203753777134,0.11189921589432651,0.10572130252405951,0.09705742075121675,0.014797997842458372,0.006695323298752572
2018-06-05,BEAR,0.12836472857175177,0.2818292346835076,0.5898060367447406,0.11106860602568136,0.10236125556965152,0.11097443665578084,0.08147689952089028,0.09536118368839212,0.02329831077588857,0.01654764026548591
2018-06-06,BEAR,0.14470174786607862,0.20815331301754753,0.6471449391163738,0.12816839229250346,0.10707493324392958,0.11209444048862298,0.05951580128512789,0.09670715974255453,0.01597426889108631,0.006074366454963505
2018-06-07,SIDE,0.04533151789443605,0.6847626717437811,0.2699058103617827,0.11179358288602792,0.11046778330573462,0.1066235817010663,0.05107724599960882,0.09277176583375664,0.0036799507611616133,0.00039923866646058713
2018-06-08,SIDE,0.17620595271831574,0.7287215344482411,0.09507251283344317,0.10572130252405951,0.10622322794895157,0.10663092890437192,0.05557183596963259,0.08898595422016828,0.004637412846790435,0.007886056719823448
2018-06-11,SIDE,0.19936080736461792,0.685814421109375,0.11482477152600722,0.08147689952089028,0.10645333633784032,0.1065732015159639,0.055116239005013265,0.09260279553484731,0.001195174971332199,0.014751212995176215
2018-06-12,BULL,0.8306183588298961,0.11151015079819193,0.057871490371911964,0.05951580128512789,0.10805912211556011,0.10635774467353873,0.05710121791007124,0.09687975798749852,-0.012285976200826753,0.009678316483725538
2018-06-13,BULL,0.9609638826710082,0.018881639911717277,0.020154477417274556,0.05107724599960882,0.10587741694745059,0.10042052464708058,0.06361198236192023,0.09551718088367678,-0.007827584323268319,0.015219741772136069
2018-06-14,SIDE,0.27150524302304113,0.7132428852021011,0.015251871774857838,0.05557183596963259,0.1052096886284668,0.09847312496332924,0.08453249450166504,0.0980098027387326,-0.006213722157337872,0.019320753380762837
2018-06-15,BULL,0.9188480116795852,0.004778913469458186,0.07637307485095655,0.055116239005013265,0.10006972604969977,0.0983995214140553,0.0817440484609927,0.09627408158655403,0.0003835569640659449,0.01095413984016191
2018-06-18,BULL,0.5418080921072488,0.447246588532872,0.010945319359879193,0.05710121791007124,0.09544289795870933,0.0984743190804069,0.10320175984588957,0.10057095325338887,-0.003469021162519272,0.019094578187001433
2018-06-19,BULL,0.9697160826021605,0.0033402356510572316,0.026943681746782307,0.06361198236192023,0.10133400531094632,0.09980279273249024,0.11062343306705713,0.10229338979506167,0.005465664735943588,0.024896518464438026
2018-06-20,BULL,0.6280011879098001,0.007933990218019554,0.36406482187218037,0.08453249450166504,0.0939583152839856,0.09676365427549387,0.08765944557468752,0.09756846961252409,-0.009387550898449414,0.017032831365201465
2018-06-21,BULL,0.7970541670374038,0.17942908167353205,0.023516751289064015,0.0817440484609927,0.09208992664388962,0.09385731770808287,0.10057934653068891,0.09674777564859717,-0.014252334526551332,0.02474461118119877
2018-06-22,BULL,0.897857879979765,0.02794197214619632,0.07420014787403863,0.10320175984588957,0.0909117623197104,0.09440038482367114,0.10918708068605339,0.09673158117740334,-0.009987940656819466,0.024003051344142202
2018-06-25,BULL,0.6854666530596414,0.26366723763791744,0.050866109302441204,0.11062343306705713,0.08994937826271028,0.09392780675590008,0.13562549945892208,0.09615432543386641,-0.009818120628312551,0.033967209910346956
2018-06-26,BULL,0.4146968341878363,0.2652572673457823,0.3200458984663813,0.08765944557468752,0.08753877484137172,0.0921966862051041,0.13535398568834311,0.09363772272378361,-0.0064511694898466915,0.03313827854400206
2018-06-27,BULL,0.8841223658576189,0.09112472508488542,0.024752909057495647,0.10057934653068891,0.09386907265072747,0.09430277863980326,0.14138286013027632,0.09379262390206113,0.009187940370420356,0.0454225992688035
2018-06-28,BEAR,0.31618296214506225,0.10468146565510977,0.579135572199828,0.10918708068605339,0.0881629503513449,0.09255772845734962,0.1299638897822728,0.08542077002132326,0.015057328323177337,0.0630597886085833
2018-06-29,BEAR,0.4269922947841161,0.034804970714034635,0.5382027345018493,0.13562549945892208,0.09769873666054295,0.08728957362687079,0.10743505690899603,0.08140743861183915,0.005431216941867052,0.05495202152126115
2018-07-02,BEAR,0.07764426479403175,0.025768849741663023,0.8965868854643052,0.13535398568834311,0.09687494065401746,0.08813735559492317,0.07489038448034804,0.07501984686434864,0.01818722202522628,0.06354516387533216
2018-07-03,BEAR,0.016029645264296052,0.2798135220929219,0.7041568326427822,0.14138286013027632,0.09688553565239837,0.08802313569987211,0.059077473476673935,0.06922662140133262,0.02285388753888204,0.05864849047687891
2018-07-04,SIDE,0.0182857545843667,0.7788109173855644,0.20290332803006905,0.1299638897822728,0.09483926788859634,0.08881959899880673,0.0692432944543719,0.07043566245123152,0.01642898699412823,0.04314170045748952
2018-07-05,SIDE,0.047680253321848415,0.9154656660898709,0.036854080588280685,0.10743505690899603,0.0909577941994661,0.08894217925736753,0.07277697567898533,0.07993687792233344,0.025119644208258744,0.055286334859368395
2018-07-06,SIDE,0.36957463389593315,0.5598300435953746,0.07059532250869237,0.07489038448034804,0.0912971242748575,0.0887161803234049,0.05877409906960582,0.08341432478789619,0.02260146547546382,0.05547062097892079
2018-07-09,BULL,0.9109728874583012,0.05601749947578628,0.033009613065912574,0.059077473476673935,0.09486155012068834,0.08979204448788652,0.0685042920230003,0.08340271842476436,0.00770549596712869,0.04825516294205592
2018-07-10,BULL,0.9738724424840135,0.01831225059302805,0.007815306922958494,0.0692432944543719,0.09798909521050386,0.09095463791698692,0.10212861436430204,0.08192409994549966,0.005538540163157417,0.04490144683157097
2018-07-11,BULL,0.7111648880724825,0.25773943680427985,0.031095675123237684,0.07277697567898533,0.0979512772465928,0.09092201679429486,0.09340396899226351,0.07943035617100332,0.0029322257798856366,0.04661176498155461
2018-07-12,BULL,0.9661218485206043,0.02148500654168891,0.012393144937706671,0.05877409906960582,0.09865403615272829,0.0916121284384959,0.0969480911313761,0.07909653940918673,-0.0060144947302028465,0.0361955896204094
2018-07-13,BULL,0.9843685281637181,0.012181229973526827,0.00345024186275502,0.0685042920230003,0.09877506994741389,0.09143543022714697,0.08005278041732533,0.07969451218585324,-0.0007898643569021565,0.030112243343681653
2018-07-16,BULL,0.9530352286522681,0.04101390857498532,0.005950862772746673,0.10212861436430204,0.10286445833339991,0.09294703835941977,0.09120982235489876,0.08437618677951882,0.013432468468046284,0.044549751171041665
2018-07-17,BULL,0.6201471254143357,0.20715062968933515,0.17270224489632907,0.09340396899226351,0.09914839254476489,0.0936955078418288,0.07350627082277962,0.07987276290118098,0.01140361056082611,0.03367426791774637
2018-07-18,BULL,0.6232757792513732,0.3387631067028198,0.03796111404580702,0.0969480911313761,0.09865297127496124,0.09380817798727083,0.0681070715895247,0.08125258122461881,0.01370742481550738,0.043683898124056195
2018-07-19,SIDE,0.263007952446804,0.6887772920653313,0.04821475548786459,0.08005278041732533,0.0983021516178568,0.09346832011298248,0.059289991957861346,0.08225924140797967,0.019002217005152804,0.05284929267470285
2018-07-20,BULL,0.9001395580561963,0.03184619736012028,0.06801424458368335,0.09120982235489876,0.09640918745412211,0.09353752008176816,0.04097678885169665,0.08247728329243235,0.024062842900833145,0.049671209687591464
2018-07-23,BULL,0.7414000517106066,0.22127936475287877,0.03732058353651459,0.07350627082277962,0.09548279208105968,0.09346771016712864,0.0602426105927009,0.0820857767784111,0.020961029520299438,0.04394663254796512
2018-07-24,BULL,0.9669138506212733,0.028349921742614886,0.004736227636111836,0.0681070715895247,0.09599847184674361,0.09347984294665486,0.0579447428980617,0.0806167042920137,0.01975983333667274,0.03726953282776644
2018-07-25,BULL,0.9843531385553829,0.011245743513479454,0.004401117931137669,0.059289991957861346,0.08755988855745489,0.0933405428427172,0.05822165711021905,0.08145982667349216,0.0190590424430301,0.04907672714788419
2018-07-26,BULL,0.6994579293140952,0.2951822437453697,0.005359826940535021,0.04097678885169665,0.07946336800764557,0.09306209754994223,0.061495628486112404,0.087858374387357,0.00690704155910641,0.049884172950919584
2018-07-27,BULL,0.6863587376837152,0.3108574645086665,0.0027837978076181782,0.0602426105927009,0.076872777198561,0.09391351315057139,0.11051305556812331,0.08799878670430632,0.007283874573962548,0.03601133558106597
2018-07-30,BULL,0.9867244578633956,0.012304281477188395,0.0009712606594160633,0.0579447428980617,0.07101969291712801,0.09255461331946827,0.11235893541430582,0.0861650486089312,0.005949816399526919,0.031072647925288854
2018-07-31,BULL,0.9949920332297004,0.004159852991669202,0.0008481137786304574,0.05822165711021905,0.0709339763835567,0.09266657337308906,0.11111335405501331,0.08646799507786891,0.0028972210919500693,0.028130517473679395
2018-08-01,BULL,0.7720356467249385,0.22354133383374203,0.00442301944131948,0.061495628486112404,0.07091365938082148,0.0927068168443306,0.1096359171379069,0.08630566375581783,0.009106843893574015,0.020599501546148855
2018-08-02,BULL,0.7887709690354583,0.20656434696935683,0.004664683995184945,0.11051305556812331,0.08069352384898407,0.09468160323184692,0.11313760722108042,0.0924969615707905,0.019899051518193368,0.0242137900637209
2018-08-03,BULL,0.8793506715950965,0.022337716038941885,0.09831161236596152,0.11235893541430582,0.08556056676553855,0.09541224795666194,0.06304177643453855,0.0883439764381741,0.006028898969299672,0.010171842801210241
2018-08-06,SIDE,0.4031952371693757,0.5888348596201984,0.007969903210425826,0.11111335405501331,0.08368917760309413,0.09544398657414424,0.05171000882070274,0.08333060750133055,-0.002756912159775294,0.01306945840877449
2018-08-07,BULL,0.6442452959013685,0.34058429368686116,0.015170410411770419,0.1096359171379069,0.0806338758335411,0.09541524415740209,0.07307113692702921,0.08472437354293509,0.004000084196114581,0.017377512865947842
2018-08-08,BULL,0.7483622330266193,0.22693157149346754,0.024706195479913113,0.11313760722108042,0.08113667329824298,0.09485380351775467,0.09102541099835763,0.08576577985799629,-0.005688638750667249,-0.001039841758141517
2018-08-09,BULL,0.8642590588871767,0.09104303168588548,0.04469790942693801,0.06304177643453855,0.07931627259126275,0.0938852014670953,0.08672092974978389,0.09669204468571495,4.358922387100152e-06,-0.016100039306702115
2018-08-10,BULL,0.9907622877308486,0.0071290820764967405,0.002108630192654786,0.05171000882070274,0.08138345732021426,0.09242043747338335,0.10614022090662993,0.10661510038365665,0.010639208324090689,-0.005228219668956194
2018-08-13,SIDE,0.2562376207095942,0.7359604616433376,0.007801917647068112,0.07307113692702921,0.07993082577453575,0.09200754271779563,0.11019632128203855,0.10958729791040105,0.018769101987007708,0.013943678196948632
2018-08-14,BULL,0.9460265580886917,0.011825653145501902,0.0421477887658064,0.09102541099835763,0.08031048568781143,0.0927357084655714,0.08163020124115125,0.1158138145800344,0.012829349844969886,-0.005027878657440716
2018-08-16,BULL,0.6985848337057448,0.2532160546379603,0.04819911165629496,0.08672092974978389,0.08193752867753522,0.09040518659833222,0.07771483437284187,0.12132707384777594,0.014998875470846225,-0.009367367665328103
2018-08-17,BULL,0.9262591326466639,0.05214685354217462,0.021594013811161415,0.10614022090662993,0.08292170804168744,0.09026431255902792,0.06615379025444304,0.12409566840237471,0.019100253839335498,-0.020824267926228813
2018-08-20,BULL,0.7170944344903032,0.14803768644985996,0.13486787905983685,0.11019632128203855,0.08417666855995258,0.08977527982472082,0.08688679616079786,0.12116495317605702,0.01603709728136941,-0.03601646837348791
2018-08-21,BULL,0.9438356355537698,0.03344011408465123,0.022724250361579046,0.08163020124115125,0.08261471421468196,0.08877604409674551,0.0823453323480656,0.11990419632875264,0.010402968794307674,-0.05356608939298557
2018-08-23,BULL,0.8264658507810329,0.1576439753997855,0.015890173819181574,0.07771483437284187,0.0822377901264209,0.08773595139572017,0.09737402642858552,0.1287705682693544,0.008087044897622995,-0.045508554480512727
2018-08-24,BULL,0.5331758605111098,0.45989299841792064,0.006931141070969651,0.06615379025444304,0.08324830816936048,0.08780809719060188,0.10030184488729366,0.13448687537701706,0.01062081798258587,-0.044525706471046554
2018-08-27,SIDE,0.4120549045384745,0.5763153379054173,0.011629757556108093,0.08688679616079786,0.09008768242879242,0.08790170347818024,0.09570729725661534,0.13452537334915607,-0.009418183158705162,-0.06304829259704336
2018-08-28,BULL,0.8524940979715376,0.14513859222481576,0.002367309803646704,0.0823453323480656,0.08581309505475064,0.08739021040926888,0.07396885205420246,0.1257363456177214,-0.01876334132809234,-0.07132156549373801
2018-08-29,BULL,0.9820874154857256,0.0021621422581692322,0.015750442256105276,0.09737402642858552,0.08810912343980659,0.08660620530016809,0.054554947108342314,0.12319350675406697,-0.018555618205893114,-0.06024676062915862
2018-08-30,SIDE,0.21986948125330558,0.7333362782887977,0.04679424045789674,0.10030184488729366,0.08846545146602762,0.08621126396238749,0.054520877074052204,0.1283984959114045,-0.012053373116987544,-0.07267880754372578
2018-08-31,SIDE,0.24119758650643386,0.7306076359708908,0.028194777522675237,0.09570729725661534,0.08814983293670701,0.08501091008505196,0.08417289276227649,0.13359238228260162,-0.007855783515781593,-0.09713754080520613
2018-09-03,SIDE,0.43957728960819037,0.5260088884788174,0.03441382191299222,0.07396885205420246,0.08730725837712579,0.08636089815859008,0.09703438636183907,0.1506560609205404,-0.01253249941071638,-0.11574267902637389
2018-09-04,SIDE,0.003780725615650789,0.9728823451056499,0.02333692927869939,0.054554947108342314,0.08400832602046052,0.08737553159935729,0.12068403799214436,0.1692297017631898,-0.02041477785222966,-0.10731260043165868
2018-09-05,SIDE,0.004213435865286783,0.9792989020342493,0.016487662100463988,0.054520877074052204,0.08522283131371834,0.08793624241101876,0.14332347465297465,0.1718173428870668,-0.009371163500866744,-0.1080948443624204
2018-09-06,BULL,0.7756014246175282,0.005265925558061654,0.21913264982441008,0.08417289276227649,0.08691150921916813,0.08794454016966324,0.16469341711303734,0.17176182734400056,-0.0018826923716009838,-0.09798257532248006
2018-09-07,BULL,0.9143622460947075,0.054908879178856944,0.030728874726435595,0.09703438636183907,0.08639481365381935,0.08823253546732548,0.19140126492192705,0.1826706360115373,-0.018405307327274096,-0.1242859790436424
2018-09-10,BULL,0.8022549259844828,0.15090398714772396,0.04684108686779316,0.12068403799214436,0.09896192890282053,0.09224076584710111,0.2005274813542625,0.18864226439137746,-0.014016164657853731,-0.08819711440305421
2018-09-11,BEAR,4.787571991211373e-05,0.4426519792934388,0.557300144986649,0.14332347465297465,0.10887320121320174,0.09672194655415368,0.18964406961858452,0.2113522776642143,-0.004719869697139604,-0.0711308934440374
2018-09-12,BEAR,0.00028117693142460775,0.026715999118731303,0.9730028239498442,0.16469341711303734,0.11000851588028607,0.09751802006926438,0.1675685001445464,0.21040667157381893,-0.02014904038044108,-0.07155522666892064
2018-09-14,BEAR,1.5706086569818854e-05,0.009000342552529865,0.9909839513609003,0.19140126492192705,0.11647383676249759,0.09858031527692386,0.15524760543985774,0.21014073934113944,-0.048740665602926586,-0.09677409991647827
2018-09-17,BEAR,0.0004704612996309238,0.0003151804259498388,0.9992143582744192,0.2005274813542625,0.1235131702542912,0.10175508766142916,0.07098438974739384,0.20385179434871456,-0.027651325978102177,-0.09917119781187385
2018-09-18,BEAR,1.581226192784267e-05,0.0022980097292464134,0.9976861780088258,0.18964406961858452,0.12381886664592553,0.10337830168013805,0.14645511560409416,0.20511341454748377,-0.020159463334872223,-0.09611954004372882
2018-09-19,BEAR,1.5652635566114168e-05,0.0123767556869527,0.9876075916774811,0.1675685001445464,0.12064839823380058,0.10288184531075073,0.14581250858607728,0.20463476114028725,-0.02312377083147899,-0.10181766420245802
2018-09-21,BEAR,0.00019301317586010406,0.0011576675087577016,0.9986493193153821,0.15524760543985774,0.12237403729504277,0.10369664902530346,0.14722920151824356,0.20536811070085376,-0.019267999838880796,-0.08600922051635689
2018-09-24,BEAR,7.688605784098216e-05,0.00045059764323482327,0.9994725162989243,0.07098438974739384,0.13144072844137575,0.10905288137683485,0.14391095717893274,0.20942177147216728,0.00372229755813447,-0.0799294997678568
2018-09-25,BEAR,1.5828696977439218e-05,0.0012609327831193142,0.9987232385199033,0.14645511560409416,0.13798049721115607,0.10871429233387818,0.11168405036807971,0.20613961931351543,-0.01908320816558998,-0.09842776590801149
2018-09-26,SIDE,2.9800222262648088e-05,0.8575616487666486,0.14240855101108865,0.14581250858607728,0.12817079098961312,0.10738951270609894,0.12136944789170993,0.20147525267780136,-0.04199101635157388,-0.07541363127393502
2018-09-27,BEAR,0.0004316316322755736,1.584183997257065e-05,0.9995525265277518,0.14722920151824356,0.126348887570596,0.10600199099397484,0.18364272205181006,0.22124789178802476,-0.062112569588035654,-0.07362143297360503
2018-09-28,BEAR,1.5696815972753873e-05,0.009585821933347331,0.99039848125068,0.14391095717893274,0.1263752424726545,0.10578377765803433,0.22447217749758872,0.2209948879769237,-0.05475437626601304,-0.05103595860108597
2018-10-01,BEAR,2.3190124337252618e-05,0.14341795512057287,0.8565588547550897,0.11168405036807971,0.13160263066355515,0.10642124433620183,0.24626691144263502,0.2334696187174899,-0.06640370193915487,-0.05872530432740896
2018-10-03,SIDE,0.0010296867039106185,0.8754160549324115,0.12355425836367784,0.12136944789170993,0.1363359540242068,0.10954955993642987,0.2024746433586661,0.2310226120098923,-0.03735714089574186,-0.028514980027312484
2018-10-04,BEAR,3.101764996276331e-05,1.584818915115139e-05,0.9999531341608863,0.18364272205181006,0.15391357220448393,0.12027515092622627,0.2861729508370386,0.23665159175052766,-0.03500422175421776,-0.0071248807197609254
2018-10-05,BEAR,1.5847025784773956e-05,0.00010442231177998029,0.9998797306624352,0.22447217749758872,0.1736252260061142,0.13210366562359976,0.2779059566002517,0.2218402780109944,0.015013065212603352,0.020488617519434496
2018-10-08,BEAR,1.5847138948756112e-05,9.728202681433898e-05,0.9998868708342368,0.24626691144263502,0.17620992224582,0.13125479982345867,0.2775000056666406,0.1994511097057837,0.015766929135391548,0.023904950165019284
2018-10-09,BEAR,1.5848429563248604e-05,1.5848429563248604e-05,0.9999683031408735,0.2024746433586661,0.1719329645601255,0.129978147078076,0.27756115335870735,0.2002501121393759,0.027168454192633012,0.027210967283128492
2018-10-10,BEAR,1.583835581931647e-05,0.0006514731128124643,0.9993326885313683,0.2861729508370386,0.18425833737745656,0.13421033623802342,0.26929919011488773,0.19939200490760006,-0.0006742169655991644,0.002110561705605481
2018-10-11,BEAR,1.5829498530994044e-05,0.0012103551685813043,0.9987738153328878,0.2779059566002517,0.1916704490250204,0.13999148830849661,0.27731257773611423,0.196074978458529,0.006709473904494381,0.033422671269352174
2018-10-12,BEAR,1.584818579782549e-05,3.1229233913199054e-05,0.999952922580289,0.2775000056666406,0.21419428348336125,0.14852375640684243,0.24393479366151274,0.1814897630810175,-0.021938590298528425,0.009862874979918635
2018-10-15,BEAR,1.5848429563248604e-05,1.5848429563248604e-05,0.9999683031408735,0.27756115335870735,0.21217507327258953,0.14817366706426544,0.15094529896668832,0.16402605152458619,-0.035406640455560336,0.009863207763492777
2018-10-16,BEAR,1.5848429563248604e-05,1.5848429563248604e-05,0.9999683031408735,0.26929919011488773,0.20705280003962082,0.14824972214331064,0.1342062579903806,0.16402613697679225,-0.0346030342278773,0.009164518847779425
2018-10-17,BEAR,1.584842956324863e-05,1.584842956324863e-05,0.9999683031408735,0.27731257773611423,0.20731642589816315,0.15019190127327786,0.13947903190046804,0.16370127219785338,-0.03189606545430495,0.029257688096038296
2018-10-19,BEAR,1.5848429563248604e-05,1.5848429563248604e-05,0.9999683031408735,0.24393479366151274,0.20991090542430288,0.15273446024940687,0.13384214620040558,0.15837373028464963,-0.02690789407423986,0.033653386342586945
2018-10-22,BEAR,1.5848429563248604e-05,1.5848429563248604e-05,0.9999683031408735,0.15094529896668832,0.20993810850504302,0.15253077526461148,0.1188414458572139,0.1535059481807102,0.000546445434921494,0.03404453454750395
2018-10-23,BEAR,1.584834222025339e-05,2.1359488181641765e-05,0.9999627921695983,0.1342062579903806,0.21034148705454417,0.15258450030053744,0.2260512892408092,0.15327812827560108,0.0050724603973739645,0.036761251687332255
2018-10-24,BEAR,1.5848429563249173e-05,1.5848429563249173e-05,0.9999683031408736,0.13947903190046804,0.21030327789142306,0.15325362648243324,0.2157841658998593,0.15103216785513496,0.015705262076390183,0.03873722919995104
2018-10-25,BEAR,1.5848429563248604e-05,1.5848429563248604e-05,0.9999683031408735,0.13384214620040558,0.20595418937440524,0.154190462828497,0.2472943637060563,0.1521560842889061,0.024926492998582413,0.053899304280138956
2018-10-26,BEAR,1.5848429563248604e-05,1.5848429563248604e-05,0.9999683031408735,0.1188414458572139,0.20630723100866433,0.1546916693970834,0.22447378483105448,0.14647778683677037,0.05082957771510906,0.06735577278333098
2018-10-29,BEAR,1.5848429563248604e-05,1.5848429563248604e-05,0.9999683031408735,0.2260512892408092,0.2266549614568866,0.16034063890510827,0.1928700601262801,0.13987468973475156,0.02629773420260029,0.05760597302438749
2018-10-30,BEAR,1.5848429563248604e-05,1.5848429563248604e-05,0.9999683031408735,0.2157841658998593,0.2267166080674375,0.16012459801622606,0.1778504730609275,0.127052885045994,0.031997480905004004,0.06439663832793706
2018-10-31,BEAR,1.5848429563248604e-05,1.5848429563248604e-05,0.9999683031408735,0.2472943637060563,0.23688143103044346,0.16501432657474258,0.16064512316963117,0.12388922763309933,0.020186532500092357,0.046754337332086525
2018-11-01,BEAR,1.5848429563248604e-05,1.5848429563248604e-05,0.9999683031408735,0.22447378483105448,0.23348960297479948,0.16502032460273064,0.12308055091184789,0.11098344023441618,0.019532569671382706,0.0460364725158949
2018-11-02,SIDE,1.584842956324861e-05,0.9999683031408735,1.584842956324861e-05,0.1928700601262801,0.22742518944019582,0.16829762941557871,0.12470706305843102,0.11124072301717988,-0.0067315991628240585,0.021551366310982582
2018-11-05,SIDE,1.584842956324861e-05,0.9999683031408735,1.584842956324861e-05,0.1778504730609275,0.20462692049070552,0.16666126956529845,0.09321565831376344,0.10367813138899208,0.005543330234895357,0.007304122621336949
2018-11-06,SIDE,1.5847993185145823e-05,0.9999407695390224,4.338246779227434e-05,0.16064512316963117,0.20448486249777087,0.1665392864541571,0.11878267619096758,0.12058775067616814,0.004387322673087286,0.015426456873264183
2018-11-07,BEAR,1.5848429563248604e-05,1.5848429563248604e-05,0.9999683031408735,0.12308055091184789,0.2043518172992594,0.16727596368726821,0.11939490034165799,0.12401025431982687,0.0017251867338650812,-0.010428394609249358
2018-11-09,BEAR,1.8124342068923037e-05,1.5848393493046775e-05,0.999966027264438,0.12470706305843102,0.1977619325829218,0.16672623333431985,0.11284876082377909,0.14021514902682802,0.009122005757283745,-0.003411511114721936
2018-11-12,SIDE,1.5847323826264526e-05,0.999898535826622,8.561684955166425e-05,0.09321565831376344,0.18383699907862897,0.16749031981619894,0.1183608829027494,0.14183994293069638,0.026472909424833733,0.0240730198957087
2018-11-13,SIDE,1.5845495277333406e-05,0.999783161986807,0.00020099251791571183,0.11878267619096758,0.1682410568908103,0.16894127359450067,0.06177867781663491,0.15007793164924135,0.0069401889777294225,0.019561727069402273
2018-11-14,SIDE,1.583675126989026e-05,0.9992314464193214,0.0007527168294088874,0.11939490034165799,0.16782424371969018,0.16859923766355359,0.11242170761979996,0.14770002089578912,0.00224306926905702,0.021434987658119395
2018-11-15,SIDE,1.5834713862867186e-05,0.9991028917171657,0.0008812735689716258,0.11284876082377909,0.166594763940577,0.16807165425028125,0.1221431429063677,0.14760002527675833,-0.008508596531720918,0.025265177251214497
2018-11-16,BEAR,0.0013584997736450367,1.5827150742864788e-05,0.9986256730756121,0.1183608829027494,0.160843307153474,0.1686148703142779,0.12723167294704862,0.14910159357281894,-0.005030323875705546,0.020981831180444704
2018-11-19,BEAR,0.0023317780794550234,1.5811726803941082e-05,0.9976524101937411,0.06177867781663491,0.15141478817083948,0.16863086757513318,0.14226391166129917,0.14804532601661724,-0.007254449270204272,0.01876662824462123
2018-11-20,SIDE,1.584768715557547e-05,0.9999214603709078,6.269194193684111e-05,0.11242170761979996,0.15513496004439575,0.16875328088069566,0.134477614456787,0.1470011836550404,0.006794492366504241,0.027352812963180054
2018-11-21,BEAR,0.0017920894208934292,1.5820279351093297e-05,0.9981920902997555,0.1221431429063677,0.15152462265502747,0.16882539140542116,0.11349651682739846,0.14189736069968237,0.024107883911805062,0.014419060299457748
2018-11-22,BEAR,2.9597329021309206e-05,1.5848211661360783e-05,0.9999545544593174,0.12723167294704862,0.15338227248004838,0.1691133841977108,0.11618718199810942,0.15584838346142169,0.03270784703797904,0.012907058524672147
2018-11-26,BEAR,0.0005358787851079123,1.5840187810345818e-05,0.9994482810270817,0.14226391166129917,0.14992402836517923,0.17066219128507926,0.06695684102486951,0.15686526181768337,0.023722370208525495,0.009481096095992136
2018-11-27,BEAR,0.00015334647077019315,1.5846250402537644e-05,0.9998308072788273,0.134477614456787,0.14347481916191088,0.1691024763302365,0.07111352451784181,0.15482028553341154,0.017063661234338185,0.00877697175229001
2018-11-28,SIDE,1.5845186925660983e-05,0.9997637062520021,0.00022044856107228413,0.11349651682739846,0.1256618211269446,0.1691116360797975,0.08237088510349375,0.15455865185257425,0.005025171242760507,0.012140731603088482
2018-11-29,SIDE,0.0001208585020184581,0.9993569152390902,0.0005222262588914015,0.11618718199810942,0.12699938305589373,0.17127770803405007,0.11462431701667695,0.15598438476647078,-0.024004116200450187,0.00035449157302787105
2018-11-30,SIDE,1.5846929090064917e-05,0.9998736296317478,0.00011052343916231648,0.06695684102486951,0.11371325832215115,0.17138017826520288,0.12362867698054826,0.1503219516739756,-0.016972700549668967,0.0030614821369969064
2018-12-03,SIDE,0.00015938660405962935,0.9997718328765486,6.878051939186593e-05,0.07111352451784181,0.11337971654731016,0.17139368998358864,0.1532992755040491,0.15098599329125525,-0.0369961994412435,-0.008419402713192798
2018-12-04,SIDE,0.00022046519043626757,0.9996912995515984,8.823525796514267e-05,0.08237088510349375,0.10089841113737133,0.1707251455160668,0.18308628123631332,0.15567446478249608,-0.029915413959234076,-0.01831378722910174
2018-12-05,SIDE,0.000665064690054201,0.9990244849921517,0.0003104503177941405,0.11462431701667695,0.10543300281485965,0.17109317515525915,0.20366658086327827,0.16011255412866232,-0.004209945578097835,-0.005164990968755142
2018-12-06,SIDE,0.0001843755558695167,0.9986928008879223,0.0011228235562082264,0.12362867698054826,0.1237176442272377,0.174095827574858,0.2612529478158924,0.15921421913992928,0.017800934682960592,0.01596912232331781
2018-12-07,SIDE,1.581388417604784e-05,0.9977885459058591,0.002195640209964856,0.1532992755040491,0.12541563379290294,0.17479882538080083,0.21877222353687806,0.14760288581504255,0.010395853457942403,0.01009040537248573
2018-12-10,SIDE,1.583479233919958e-05,0.9991078433682364,0.0008763218394242826,0.18308628123631332,0.14383050311913395,0.17824971100684683,0.21409464238642664,0.1450043737640552,0.03741875859432901,0.03436497003214808
2018-12-11,SIDE,1.5836462671671258e-05,0.9992132367191998,0.0007709268181285332,0.20366658086327827,0.14103110742651934,0.17726660285261367,0.09784683452932987,0.12628617872814502,0.033515348052450426,0.025498848836984542
2018-12-12,SIDE,1.584487619200202e-05,0.9997441002150284,0.0002400549087797707,0.2612529478158924,0.15077006164481296,0.17972367218485472,0.1057567467735036,0.12636378178557178,0.021166517773746105,0.005326831760236836
2018-12-13,SIDE,1.5848429563250328e-05,0.9999683031408735,1.5848429563250328e-05,0.21877222353687806,0.1514311649115184,0.1793473407252244,0.04182873293169921,0.11165674693571478,0.014731274871507053,-0.00501182006050616
2018-12-14,SIDE,1.584822341088015e-05,0.9999552958039885,2.8855972600827906e-05,0.21409464238642664,0.15107560213480442,0.17717148480389844,0.05661777640136636,0.11184908961275233,-0.004772858089604417,0.007500409719547892
2018-12-17,SIDE,1.5847732487821804e-05,0.9999243206437765,5.983162373556572e-05,0.09784683452932987,0.15185674921677794,0.1765611165159871,0.16265122174872915,0.12194265117306298,-0.020866715258263373,0.00017907446101658075
2018-12-18,SIDE,1.5848113327837435e-05,0.9999483500322792,3.580185439299455e-05,0.1057567467735036,0.14989726154859237,0.1758460162448784,0.14857898939036512,0.11903384136744047,-0.01653105896015798,-0.0003208963119876716
2018-12-19,BULL,0.9579813108776312,1.5185425057233407e-05,0.042003503697311616,0.04182873293169921,0.14522777872770412,0.1761124598150527,0.16224379680665926,0.11894804248019275,-0.017244105762535388,-0.005517917471459447
2018-12-20,BULL,0.9944762474897015,1.5761400740101134e-05,0.005507991109558433,0.05661777640136636,0.1434942154950072,0.17538527266943824,0.15990714409706103,0.11734181528453264,-0.008417588993587414,0.0009263675420785765
2018-12-21,BULL,0.9936791611805109,1.5748773583578796e-05,0.006305090045905407,0.16265122174872915,0.15734432982153737,0.1763304188312298,0.17818349064264635,0.11865479347699606,0.010043315185374983,0.015569991726874198
2018-12-24,BEAR,0.08841323724865763,1.4464362818411561e-05,0.9115722983885238,0.14857898939036512,0.1573855163606916,0.1759951932104739,0.10231333620298931,0.0995666401400796,0.02286227065030379,0.015631860521698498
2018-12-26,BEAR,0.17523949165820935,1.3179499851160914e-05,0.8247473288419395,0.16224379680665926,0.15778748907781648,0.17654339884319695,0.043076317048564634,0.09949487311225245,0.005821871399340564,0.011117069588696904
2018-12-27,BEAR,0.28292835255446425,1.1796778015388996e-05,0.7170598506675202,0.15990714409706103,0.15799691252932463,0.17633636605440964,0.11397281977280502,0.0975848374117589,-0.010027097747053673,6.95721544690324e-05
2018-12-28,BEAR,0.2952926076482586,1.166013270805783e-05,0.7046957322190334,0.17818349064264635,0.15422473958684557,0.1768337391948663,0.1367486479279149,0.09920559090670517,-0.01228055132908325,-0.018433294815501062
2018-12-31,BEAR,0.19087311348727984,1.2961129200224099e-05,0.8091139253835199,0.10231333620298931,0.1541049946713185,0.17619770731515616,0.12761159385345616,0.10246809160258379,-0.008389485450160354,-0.019554649980690963
2019-01-01,BULL,0.8370047401295737,1.3353969756053467e-05,0.16298190590067022,0.043076317048564634,0.15489723103551867,0.17416554088499467,0.13554181321705133,0.10238701135319214,-0.009943777314180334,-0.023960073747144414
2019-01-02,BULL,0.9808729382844377,1.5546117937977638e-05,0.019111515597624345,0.11397281977280502,0.15968258603242522,0.16829820406326915,0.13156493640054662,0.10063652773588419,0.005788173304097276,0.003556328016536828
2019-01-03,BULL,0.5182353661305359,1.0466715237851809e-05,0.48175416715422636,0.1367486479279149,0.16210461310255975,0.16024403072401375,0.1106471869387095,0.1117578375541398,0.013897222106852238,0.020533135982621884
2019-01-04,BEAR,0.05236744021144586,1.5023037745734877e-05,0.9476175367508085,0.12761159385345616,0.1509128294282196,0.16044020002629017,0.05409262854690822,0.10527314162671089,0.006281877150894239,0.017089456364667716
2019-01-07,BEAR,0.00015937845459598814,1.584615480373875e-05,0.9998247753906003,0.13554181321705133,0.14851636009785407,0.16023632676500968,0.059787971100711934,0.1042242938101769,-0.0031800077008632237,0.014977602081067392
2019-01-08,BULL,0.6053165064519925,1.0795627756594175e-05,0.3946726979202508,0.13156493640054662,0.12899517624686913,0.15740136679553304,0.06822626587715162,0.10363140849589399,0.007805857805004703,0.023811302158188465
2019-01-09,BEAR,0.0016089044963399986,1.5823182386085432e-05,0.998375272321274,0.1106471869387095,0.12864506842116985,0.1505881549208243,0.1245493394809961,0.11019727632159096,0.0032328630231975306,0.019544922958044702
2019-01-10,BEAR,0.032125247188986725,7.022881555752427e-05,0.9678045239954558,0.05409262854690822,0.11410703251269669,0.14364366017822053,0.12102024768997108,0.1093506069518373,0.007695602903478123,0.011210673711788419
2019-01-11,BULL,0.9775709696477674,0.0002764429164199539,0.022152587435812773,0.059787971100711934,0.11317290271650553,0.14361022940207013,0.11638509617629042,0.11677613526007712,0.010321768542049903,0.008656305853652204
2019-01-14,BULL,0.9666352187738994,0.00030537935962734493,0.033059401866473194,0.06822626587715162,0.11461338007398716,0.14345776483082745,0.11210665674175334,0.11793237175648336,0.0206694624740917,0.00869772278112751
2019-01-15,BULL,0.9131318909850273,0.0003050650408945163,0.08656304397407823,0.1245493394809961,0.12212056163767102,0.14359968216840968,0.0912566355185756,0.11790706095066465,0.0032967239177217854,-0.0085930479474334
2019-01-16,BULL,0.7556563969671333,6.759503971250785e-05,0.2442760079931542,0.12102024768997108,0.1219290083453993,0.14012244545720082,0.04880104706292587,0.10796941932691713,-0.005413929197581509,-0.013334239584885391
2019-01-17,BULL,0.8217982201866797,0.00030979682862924805,0.17789198298469097,0.11638509617629042,0.12037980216911023,0.13944786702006234,0.0810958237001091,0.10881106513208544,-0.005093093059473362,-0.016718220503115777
2019-01-18,BULL,0.8493508614389005,0.00043118685932612465,0.15021795170177343,0.11210665674175334,0.12031222063869092,0.1376716833385705,0.08173594283373649,0.10865782059119053,-0.011656616136606904,-0.024690435082072457
2019-01-21,SIDE,0.020337884029808323,0.7967669841098931,0.18289513186029852,0.0912566355185756,0.10087624174140984,0.13725011779672652,0.08875181448656795,0.11125206676771947,-0.027777251351166942,-0.03315676860117569
2019-01-22,BULL,0.9626397532700581,0.002904715928460696,0.03445553080148107,0.04880104706292587,0.09622096732390975,0.1357062198842385,0.07772270747729536,0.10915637429012881,-0.02508132652219007,-0.017296420705507267
2019-01-23,BULL,0.9742959839770842,0.004832312288513126,0.020871703734402516,0.0810958237001091,0.10002651162101929,0.1353766033765373,0.08414534563608984,0.11889742947267765,-0.016729663618539108,-0.003852678164685678
2019-01-24,SIDE,0.17554993488092094,0.691668629056817,0.13278143606226211,0.08173594283373649,0.09893521729386713,0.12846809431157813,0.08394323294050467,0.11722766803305087,-0.0017388701728196405,-0.005373959687996723
2019-01-25,BULL,0.8807011367269443,0.033033408367341,0.08626545490571472,0.08875181448656795,0.09796517831383117,0.12875150626504214,0.1669760931128661,0.11703994769565337,0.010436466081099126,0.009191847974511025
2019-01-28,SIDE,0.21899407628729467,0.4028075396830085,0.3781983840296968,0.07772270747729536,0.10504666527967346,0.12588018863098194,0.16144002202592428,0.11827060605316111,0.023242199851085603,0.016165511108245427
2019-01-29,BEAR,0.022834209686515394,0.3552568796387379,0.6219089106747467,0.08414534563608984,0.10316875892411133,0.12589148532751712,0.11423742286748673,0.11199984730996587,0.026142766611597996,0.01439524178819512
2019-01-30,BEAR,0.04744821723768826,0.37393977133775474,0.578612011424557,0.08394323294050467,0.09670237805318554,0.12136382928539517,0.10702660254351162,0.11249467935776669,0.03782759859115258,0.01312255648882557
2019-01-31,BEAR,0.21905587920966393,0.17005738743417015,0.6108867333561658,0.1669760931128661,0.10651568974047308,0.12582670783560332,0.10287295655251817,0.11268397710840539,0.021776768245605312,0.003000769729126564
2019-02-01,BEAR,0.001023132073516051,0.24826082557457232,0.7507160423519117,0.16144002202592428,0.10688002425415849,0.12629356599475533,0.07166898568664973,0.09915748652727172,0.004574759836018659,0.008573661706613618
2019-02-04,BEAR,0.3488646092908571,0.003910745479084498,0.6472246452300583,0.11423742286748673,0.10621113792735774,0.12571742507288636,0.13030407906008312,0.10485926398246918,-0.0021512733601215398,0.012815872932970077
2019-02-05,BEAR,0.2028247123214869,0.2810466743613134,0.5161286133171997,0.10702660254351162,0.10603427677680236,0.12570352265665227,0.13634097222779826,0.10653708053138829,-0.009459887000803207,0.011263024001661424
2019-02-06,BULL,0.8587722095152437,0.03126164310678467,0.10996614737797167,0.10287295655251817,0.11218567016295945,0.1258600266775224,0.1379190683659831,0.10641332410092953,-0.02459849230061723,-0.0024482031972156548
2019-02-07,SIDE,0.10250550925105517,0.46032210614535835,0.43717238460358654,0.07166898568664973,0.11118071407189041,0.12456997209766432,0.06889527215394765,0.09869489369152393,-0.029646299519732484,0.008872478377720833
2019-02-08,BULL,0.562867941602549,0.27236484000593797,0.16476721839151304,0.13030407906008312,0.11928573296665211,0.12702468242407558,0.05002265839596039,0.10719611205792039,-0.02023329131142599,0.03215410426566796
2019-02-11,BEAR,0.02026926614295115,0.22207343099629082,0.7576573028607582,0.13634097222779826,0.11908552361931382,0.127350700553317,0.02107527439846867,0.10507971435193013,-0.023024972393674802,0.04075146084480439
2019-02-12,BULL,0.5693534109798879,0.004651254838981392,0.42599533418113084,0.1379190683659831,0.11017553750183613,0.12730999824762645,0.034341796149586205,0.10251525151372323,-0.02118502890821136,0.04617353015574712
2019-02-13,BEAR,0.00841697916835948,0.1191836786811868,0.8723993421504537,0.06889527215394765,0.110740726320672,0.1266021327348302,0.03452881277075504,0.09937220642557311,-0.005406648840351986,0.05700785102427854
2019-02-14,BEAR,0.06308963125713357,0.24404101074463153,0.6928693579982349,0.05002265839596039,0.11138747173174317,0.12521635946291235,0.12337810087346163,0.09864023675646395,0.004067632222618159,0.064516419749196
2019-02-15,BEAR,0.033532151132372984,0.3561875375167563,0.6102803113508707,0.02107527439846867,0.11142340423768958,0.12479033411703962,0.12554236905208951,0.09516561892017847,0.00625116775564562,0.07263894607227528
2019-02-18,SIDE,0.03081042052135812,0.608505411035234,0.3606841684434079,0.034341796149586205,0.11177524086555884,0.12501601404462528,0.12337953791452808,0.09384326144058357,0.02222566691997662,0.0794660313054975
2019-02-19,BEAR,0.008374149420295462,0.46434226986189636,0.5272835807178081,0.03452881277075504,0.11174449255711982,0.12365930313848442,0.0992167653348409,0.08617898882878458,0.02154502835825409,0.0773278742902604
2019-02-20,BEAR,0.015549359523804603,0.37163551815098067,0.6128151223252148,0.12337810087346163,0.11867399349355068,0.12575012820593118,0.10268406475894325,0.0887198911373944,0.00661033597151233,0.05604077376910746
2019-02-21,BEAR,0.007277832253563063,0.17628972581694638,0.8164324419294906,0.12554236905208951,0.12007009068856488,0.1259038537882284,0.08229594769189,0.09323628455592677,0.00024557103497220166,0.062283574458653845
2019-02-22,BEAR,0.018573706347983252,0.14638157934034798,0.8350447143116688,0.12337953791452808,0.11786888279256917,0.12342326795993917,0.07629582582265054,0.09765257283184996,0.006635859244303723,0.058784635166097145
2019-02-25,BEAR,0.03982130244175706,0.10899864931309544,0.8511800482451474,0.0992167653348409,0.11344762461810212,0.12453447757458969,0.08929693170949798,0.09964807819314202,0.009818279813201719,0.061480108643556686
2019-02-26,BEAR,0.1731874297682178,0.1561945550646535,0.6706180151671287,0.10268406475894325,0.11474489444105744,0.12481335648647766,0.10594973174051767,0.10188839779524297,0.019892561675810237,0.07025400068739741
2019-02-27,BEAR,0.15787180864960476,0.13835508908680724,0.703773102263588,0.08229594769189,0.11538556156398007,0.12489998611747673,0.09279222822441317,0.09871891662694122,0.023010548825064394,0.07678692193292819
2019-02-28,BEAR,0.23301077274511645,0.12244924351222229,0.6445399837426612,0.07629582582265054,0.09887737387757248,0.12384013178648427,0.08060513094366319,0.0962857055315646,0.022256838905111355,0.08186496253928728
2019-03-01,SIDE,0.11082566266226354,0.798967032692545,0.09020730464519156,0.08929693170949798,0.09954078477969441,0.11934529072010708,0.08418609616189689,0.0945769312326078,0.027648476894199518,0.06937818562397353
2019-03-05,SIDE,0.07346657050752048,0.8511383710872632,0.0753950584052164,0.10594973174051767,0.10747428526321662,0.12025226270730517,0.09991463728612751,0.09989597439866624,0.028155202395073294,0.05407895707901853
2019-03-06,BEAR,0.14373318662132828,0.0734658286711247,0.782800984707547,0.09279222822441317,0.10917748921256092,0.11342011962210044,0.1018193437210097,0.09842611429809976,0.02578431455171273,0.053972458034245274
2019-03-07,SIDE,0.1393648051758289,0.7886538922252926,0.07198130259887858,0.08060513094366319,0.10099771124798604,0.11296193846075978,0.10274115718566097,0.09838080985842819,0.02545061915328267,0.048220719715582436
2019-03-08,SIDE,0.1968379879206645,0.7520479132360584,0.05111409884327702,0.08418609616189689,0.10122068775540753,0.10744461834339636,0.10372273086904256,0.10188288333953088,0.03485756192087694,0.056080240102705285
2019-03-11,BULL,0.5593770539391502,0.028723290355238545,0.4118996557056113,0.09991463728612751,0.10069503978263407,0.109619451513804,0.08209013413095237,0.10128085423649408,0.02599764185174281,0.0365937100107153
2019-03-12,BEAR,0.41178442816587424,0.06331589735951022,0.5248996744746156,0.1018193437210097,0.10500092621783864,0.1120258104300576,0.07168525402109349,0.10128340435469213,0.02025155049518132,0.025811660110498798
2019-03-13,SIDE,0.26550914105440143,0.7325974976007132,0.0018933613448852086,0.10274115718566097,0.10166290465181956,0.11126427991728288,0.04457016895395289,0.09437465613809828,0.01568959806701822,0.0262575912599798
2019-03-14,SIDE,0.4546249118862892,0.5286752417834967,0.016699846330214062,0.10372273086904256,0.0997179701808523,0.1112419242658159,0.057509070604076805,0.09452697664272837,0.009969315226301916,0.030140861796828646
2019-03-15,SIDE,0.19363119339714704,0.7016856983462464,0.10468310825660648,0.08209013413095237,0.09763784521068761,0.11167429980727037,0.08437797350067408,0.09490690801167236,-0.006373726095523011,0.03104410577442419
2019-03-18,BULL,0.5646376252971554,0.4319367521282373,0.00342562257460735,0.07168525402109349,0.0957731644944952,0.1116934484663235,0.09780680883490239,0.09566389782233127,0.001834786932075953,0.025036845134978964
2019-03-19,BULL,0.9456192581612679,0.0272179456413286,0.027162796197403423,0.04457016895395289,0.08660833250911378,0.10496360144870678,0.1321938715584774,0.09664792532420181,-0.007603143150532541,0.005366070078075217
2019-03-20,BULL,0.9663312172662949,0.02495997932542842,0.008708803408276745,0.057509070604076805,0.08420107685037682,0.10314161360067416,0.12304496372583931,0.10746357689964925,0.004239744258035744,0.004753873091033741
2019-03-22,BULL,0.9837713974871188,0.010331289668934575,0.005897312843946771,0.08437797350067408,0.08517252654400882,0.10357087592497316,0.15168594470635355,0.1075734666580536,0.014471154755391064,0.02322922196115373
2019-03-25,BULL,0.9742419652779324,0.005767563231042901,0.01999047149102464,0.09780680883490239,0.09524313202715877,0.10533219998183564,0.14139755701388806,0.11385560424207804,0.027356484135332912,0.025009946345183942
2019-03-26,BULL,0.8225818267154013,0.015492973832966614,0.16192519945163206,0.1321938715584774,0.09964341847754485,0.10665857607626757,0.09513305015258193,0.11201625877989141,0.019826959115605513,0.02335945511356927
2019-03-27,BULL,0.47603389946901475,0.09210349637926439,0.4318626041517208,0.12304496372583931,0.1002583691397757,0.10700806973108128,0.07987733245945226,0.11027231450448463,0.017229409702180027,0.026138459270655244
2019-03-28,BULL,0.5160741221569686,0.0368036277135842,0.4471222501294473,0.15168594470635355,0.10116679697653586,0.10872694810418795,0.09544037446968377,0.109276742385534,0.0024171282486635365,0.013286450937821073
2019-03-29,BEAR,0.05626127443066518,0.1327584386197267,0.8109802869496081,0.14139755701388806,0.09878336065547334,0.10613959029458118,0.079578979688952,0.10397093747776591,0.0036110190226580218,0.007571979279150979
2019-04-01,BEAR,0.16346802162777685,0.10913758786926173,0.7273943905029614,0.09513305015258193,0.09703266142958483,0.1030448050261612,0.08385164311211571,0.10307097422100954,-0.005555653392281417,-0.006094382650766763
2019-04-02,BULL,0.8373601381773774,0.029036495544183118,0.13360336627843958,0.07987733245945226,0.09652527649760866,0.10287387079292318,0.0872510371204393,0.1079396814667476,-0.003527883531470769,-0.018552000988228488
2019-04-03,BULL,0.9577489943029327,0.008923073068566096,0.0333279326285012,0.09544037446968377,0.09799941091039813,0.10382174392056935,0.09521839953106033,0.11063155979994656,-0.005135998719058489,-0.02473673518915246
2019-04-04,BULL,0.8904310663403248,0.009715676436704904,0.09985325722297023,0.079578979688952,0.10019550378540328,0.10432485980634092,0.10126895140409237,0.11612423593863357,-0.00011209457344651186,-0.025870664386184964
2019-04-05,BULL,0.9155753436211354,0.005802549453919282,0.0786221069249452,0.08385164311211571,0.10063196303450063,0.10448665986101394,0.09836024641032827,0.11653152133328472,-0.0019305522225527031,-0.03374061877881019
2019-04-08,BULL,0.9259824675089511,0.006682310000417134,0.06733522249063177,0.0872510371204393,0.10325545792794097,0.10496547036171483,0.09218343814752344,0.11366605160408898,0.00737076123452889,-0.04011490402449154
2019-04-09,BULL,0.737520085939932,0.22146820379483018,0.041011710265237776,0.09521839953106033,0.09797365454983105,0.10511057330028552,0.08438611697668968,0.11831239397326626,0.009821427592596,-0.039307934602684745
2019-04-10,BULL,0.8861001070852772,0.07204648464088502,0.041853408273837774,0.10126895140409237,0.09682452959056134,0.10580150499210887,0.093584683080863,0.11900562759916448,0.014440776976006504,-0.03758362948703108
2019-04-11,BULL,0.7474945096257389,0.11054517487969098,0.14196031549457,0.09836024641032827,0.09642901710910773,0.10252574434484318,0.06559707249886836,0.11811780923879095,-0.00019403953724238013,-0.029721534186128107
2019-04-12,BULL,0.7891900847363178,0.0048815257812104,0.20592838948247175,0.09218343814752344,0.09689353664441763,0.10269349347002062,0.13583256688783338,0.12353182931002951,-0.0058141201019278185,-0.020503438360922412
2019-04-15,BULL,0.856531077627236,0.00444284157660505,0.139026080796159,0.08438611697668968,0.09484380179989892,0.10286512783914421,0.13101887096102474,0.1324505203920607,0.0030576753906268843,0.011727022898098698
2019-04-16,BULL,0.692681344114137,0.2863803527067976,0.020938303179065355,0.093584683080863,0.09796489971974899,0.10385989309513637,0.16409260280114432,0.18457190474907226,-0.012407885524763282,-0.006643637778811115
2019-04-18,BULL,0.863053905581662,0.006303790357903115,0.1306423040604349,0.06559707249886836,0.0974485417769081,0.10391738246822191,0.1552539384552691,0.18589664399662187,0.00015739691066607648,-0.0012685873131265224
2019-04-22,BULL,0.8515386105781861,0.13500011519226907,0.013461274229544927,0.13583256688783338,0.11015812318420248,0.10780641612735734,0.1771146399396988,0.1858811476242831,0.013169246042047514,0.005384611853187245
2019-04-23,BEAR,0.014208748081740016,0.022353731040720564,0.9634375208775394,0.13101887096102474,0.10821740799196682,0.10616740042389038,0.1327080956268395,0.1811595923180092,0.012772322104823205,0.02290018325866851
2019-04-24,BEAR,0.05299442318566403,0.015880058886386293,0.9311255179279496,0.16409260280114432,0.11055767342469656,0.10887717185592968,0.1335326452578052,0.18889764190205183,-0.0011860879266117096,0.016794681647894508
2019-04-25,BEAR,0.004691112387019379,0.09323786918647453,0.902071018426506,0.1552539384552691,0.10856162288841024,0.10913620364268913,0.09731399551396067,0.18524017612259638,-0.0037478448606177465,0.024349383226181767
2019-04-26,BEAR,0.002311059461467987,0.022182249528764367,0.9755066910097676,0.1771146399396988,0.11191465390865721,0.10735129796214074,0.109792812290256,0.18295394805872958,-0.022084496986192033,0.009015231019179478
2019-04-30,BEAR,0.00042185796273002193,0.046909234215793884,0.9526689078214761,0.1327080956268395,0.10622067509676536,0.10732104558364683,0.0705730048194444,0.1816978186765322,-0.03364578475762757,0.016692341886623618
2019-05-02,BEAR,0.09077723606863637,0.021609240470902718,0.8876135234604609,0.1335326452578052,0.10561436942410778,0.10752572710867209,0.07803036466470933,0.18311551307415638,-0.03673998707534243,0.016750541238128563
2019-05-03,BEAR,0.07632468446497839,0.019284130956120735,0.9043911845789008,0.09731399551396067,0.10492735043790738,0.10294910876336405,0.06873933692311056,0.183104456132959,-0.037701579035303,0.0316234209848969
2019-05-06,BEAR,0.39965078705023593,0.008817327355897188,0.591531885593867,0.109792812290256,0.10970347728055632,0.10498015787645373,0.06332971110146973,0.18836912263496908,-0.039576174766006056,0.03585496623834586
2019-05-07,BEAR,0.05923862127202285,0.012370897642976698,0.9283904810850006,0.0705730048194444,0.11193252090988101,0.10684569242693291,0.06868063284272345,0.18572618091110502,-0.024283817145926985,0.02963589228414543
2019-05-08,BEAR,0.054999827949272474,0.022395655218461232,0.9226045168322663,0.07803036466470933,0.118689672582746,0.11007430279489483,0.12251894953267288,0.19127935589364947,-0.017982893016937108,0.04401897039323318
2019-05-09,BEAR,0.003697527303867942,0.029543501555287448,0.9667589711408446,0.06873933692311056,0.11660829555975599,0.10825172810054677,0.10606549057274808,0.18484547179443891,-0.003962964373389779,0.05348214098672193
2019-05-10,BEAR,0.007762151606544441,0.03835071647714237,0.9538871319163131,0.06332971110146973,0.11580983408482486,0.10836012300449761,0.13609494554101337,0.18310994996041166,0.0113066281953351,0.05910214277872652
2019-05-13,BEAR,0.01169067343916442,0.04391184148672415,0.9443974850741114,0.06868063284272345,0.11793054280368528,0.10846563439133318,0.1670200439570901,0.18237414760302503,0.059212688157118915,0.06578122294657021
2019-05-14,BEAR,0.000726670080486239,0.04045953425569702,0.9588137956638166,0.12251894953267288,0.1202524150597418,0.10864199893812054,0.2440449471613699,0.17708798436619091,0.04248572441646965,0.05983778308838934
2019-05-15,BEAR,0.0027197150404722676,0.028300535616758344,0.9689797493427694,0.10606549057274808,0.12071556686133278,0.10876747757268299,0.29103817254490344,0.17681717744113457,0.05075581914991087,0.05800505721850202
2019-05-16,BEAR,0.005749558316156864,0.02459954781261432,0.9696508938712288,0.13609494554101337,0.12510543598702892,0.10979836772167972,0.2706254999470445,0.1780581774614815,0.034912106502073,0.03620662171122533
2019-05-17,BEAR,0.0018301708532517163,0.03833123529859503,0.9598385938481532,0.1670200439570901,0.13460617968064378,0.11221947215126292,0.2971930078132338,0.18443856059301142,0.03758950151766318,0.02462173027172247
2019-05-20,BEAR,7.681798109978782e-05,0.08483061991363572,0.9150925621052646,0.2440449471613699,0.1871809226808042,0.13326309089580302,0.30132444479914094,0.17962678049703235,0.008125334140422933,-0.011632932622686802
2019-05-21,SIDE,1.584533820422559e-05,0.9997732513144001,0.00021090334739563068,0.29103817254490344,0.19047857790546127,0.13404513659748232,0.16697786712064602,0.12645466708292108,0.01858513548022965,0.010420278774866587
2019-05-22,SIDE,1.584799046314592e-05,0.9999405977923902,4.355421714658141e-05,0.2706254999470445,0.1839307716249635,0.13364247424227987,0.13383079876788623,0.12848427785066122,0.01044121524297235,-0.001176370436571778
2019-05-23,SIDE,1.5846568859752916e-05,0.9998509006052165,0.00013325282592379088,0.2971930078132338,0.18573710265664134,0.13293189631209607,0.15015573686796707,0.13247300792705624,0.024476976075483842,0.0036477796296001206
2019-05-24,SIDE,1.5847969071002798e-05,0.9999392480390115,4.4903991917625e-05,0.30132444479914094,0.18873481287107427,0.136045268991637,0.12868212678409802,0.13036457397794723,0.006622680084283313,-0.00403121454693451
2019-05-27,SIDE,1.5848429563249945e-05,0.9999683031408735,1.5848429563249945e-05,0.16697786712064602,0.18768159423708647,0.1364328429178738,0.08846976319990728,0.1210607280874688,0.013642651410390583,-0.006494977043720523
2019-05-28,SIDE,1.5783704088612362e-05,0.9958839684978555,0.004100247798055902,0.13383079876788623,0.18501528861920688,0.13578186408749526,0.1230510417631218,0.11956290532538942,0.00775773815154628,-0.007336919699554141
2019-05-29,SIDE,2.371930884453875e-05,0.9919357663347458,0.008040514356409576,0.15015573686796707,0.18638197430809134,0.13609714050741598,0.13660724820482673,0.11954127700123514,-0.0014638357212261274,-0.006109968500389586
2019-05-30,SIDE,1.5716762195139333e-05,0.9916580915339083,0.00832619170389663,0.12868212678409802,0.18758410377141635,0.13629607177755187,0.1770830121432568,0.11892492260343958,-0.006319156251018127,-0.006744665762941389
2019-05-31,SIDE,1.5788726558787806e-05,0.9962009440592676,0.0037832672141734987,0.08846976319990728,0.1877323340397876,0.1363604944057216,0.16735943422817762,0.11844565869537589,-8.387326749233274e-06,-0.0010489614146851776
2019-06-03,SIDE,0.00011478177103943653,0.9951584856400251,0.004726732588935526,0.1230510417631218,0.18861680953153884,0.13826836456514344,0.17170395237162192,0.11910897020425168,-0.010222857241473397,-0.014313750150004167
2019-06-04,SIDE,1.5821795504621502e-05,0.9982877601159456,0.0016964180885497963,0.13660724820482673,0.18655894944064996,0.13761038587827074,0.13026782033605053,0.10801237415493228,-0.009649918057781615,-0.006249916040152396
2019-06-06,SIDE,1.579120068610239e-05,0.9963570864342389,0.003627122365075008,0.1770830121432568,0.18964635970365246,0.14131890172708478,0.1293569671472684,0.10704099021073869,0.0059180736583168084,-0.0027563017082342664
2019-06-07,SIDE,1.582479831605292e-05,0.9984772369011162,0.0015069383005675598,0.16735943422817762,0.18774289464341637,0.14132992824919263,0.05907027180052136,0.10157693920803905,-0.003996806191668266,-0.026639218377494576
2019-06-10,SIDE,1.5824565332404638e-05,0.9984625357576229,0.0015216396770448086,0.17170395237162192,0.18708943974423556,0.14131442649223955,0.08419225245207279,0.12537228607207387,-0.021238483648886343,-0.031248017001565265
2019-06-11,SIDE,1.5831211532946126e-05,0.9988819027108268,0.001102266077640304,0.13026782033605053,0.17915061844072852,0.13964993323513772,0.1040652707556599,0.12376442065007015,-0.023173784311668902,-0.03978448774264945
2019-06-12,SIDE,5.812570759600411e-05,0.9987225606833473,0.0012193136090565878,0.1293569671472684,0.18122635910327684,0.13839447918898307,0.09542915127471821,0.12287938381151092,-0.018201467412138173,-0.027529400272116315
2019-06-13,SIDE,4.710298365084457e-05,0.997291121594198,0.0026617754221510462,0.05907027180052136,0.1785068363929992,0.13827975205872356,0.10069083628005374,0.1262923252041192,-0.006931779897052961,-0.030816512178732068
2019-06-14,SIDE,0.0005093414591614146,0.9986942274846444,0.0007964310561939859,0.08419225245207279,0.18122709525655045,0.13935983637515378,0.15048189106766072,0.12615952222584112,-0.008425608505162756,-0.020071877719604385
2019-06-17,SIDE,0.0001469594100477256,0.9962408754272285,0.0036121651627238315,0.1040652707556599,0.18428433872539973,0.14137938939694875,0.15471106645232038,0.12501439860306232,0.0023532644204478878,-0.0008185217783083245
2019-06-18,SIDE,1.5749011594829478e-05,0.9936941862846038,0.006290064703801386,0.09542915127471821,0.1297235340251779,0.14129149203744323,0.12085255606989366,0.11957430804315473,0.00893655669900626,-0.00034218743650548403
2019-06-19,SIDE,0.013820959074777222,0.7400155468260667,0.24616349409915603,0.10069083628005374,0.12472705009644494,0.14077864046891775,0.13331635480849566,0.11967075158889666,0.013263289719389183,-0.008119984413284948
2019-06-20,SIDE,0.041833592968927684,0.5810790297603501,0.37708737727072217,0.15048189106766072,0.13161892540991046,0.14277676121360378,0.13319178866321452,0.12265668656034896,0.0008279370058089733,-0.03548606822843951
2019-06-21,SIDE,0.002183152513720321,0.774867159261179,0.22294968822510067,0.15471106645232038,0.13348474813751343,0.14360164152424273,0.10487830064089014,0.12465329004759436,0.005507617179154419,-0.03276366621770736
2019-06-24,SIDE,0.0009100049063315617,0.7568395414835991,0.2422504536100693,0.12085255606989366,0.1201540139106637,0.14236567806241204,0.08134014061143806,0.12294820370666072,0.014084530682942319,-0.032012181764456325
2019-06-25,SIDE,0.039555720567413744,0.6032263017790835,0.35721797765350277,0.13331635480849566,0.12144509181905792,0.14151049088060896,0.08292967648102802,0.1229351413875562,0.009604933216532658,-0.04553896686296687
2019-06-26,SIDE,0.021757941622975806,0.6520813381357367,0.3261607202412876,0.13319178866321452,0.12264535965195245,0.14150653747114597,0.06948314372113219,0.11823873312521574,0.00582387830410685,-0.05156187364820391
2019-06-27,SIDE,0.030056578011043462,0.6750332052068883,0.29491021678206825,0.10487830064089014,0.12101825382159984,0.1398869203037236,0.0663653027402483,0.1158901203375624,0.008844741810947894,-0.048202153946523586
2019-06-28,SIDE,0.12179791428229127,0.5353124231207314,0.34288966259697745,0.08134014061143806,0.11883529028825751,0.1399472659878686,0.06502403541044517,0.11717919897649763,0.0018898310709293143,-0.05220514213933822
2019-07-01,SIDE,0.14287348635349717,0.5293231245224935,0.3278033891240093,0.08292967648102802,0.12137324870926855,0.14033858502355112,0.11011301244471597,0.11891866541674323,-0.026213708865571304,-0.06801453029277729
2019-07-02,SIDE,0.19578346838134483,0.6018266188542487,0.20238991276440657,0.06948314372113219,0.11072433382716686,0.1403377692789929,0.174042452178369,0.11646966233944464,-0.030207442913629347,-0.06883815543557209
2019-07-03,SIDE,0.2713651772808024,0.5368825006666017,0.1917523220525958,0.0663653027402483,0.1093192603063571,0.13974049854220058,0.16298564050711387,0.11587949718637769,-0.035693594834118596,-0.08186953737306443
2019-07-04,SIDE,0.3471886218518655,0.46223104360937134,0.1905803345387631,0.06502403541044517,0.09532940090967133,0.13951101931766494,0.1533975054920848,0.11921242391243946,-0.030929402289745472,-0.08280494017651527
2019-07-05,BULL,0.6832346425232619,0.23849693236895508,0.07826842510778301,0.11011301244471597,0.10383020064084764,0.14115853592957042,0.17455470501433593,0.11862098073563516,-0.02214213681218117,-0.0837183040414404
2019-07-08,SIDE,0.11199594223436563,0.4643769363323239,0.4236271214333104,0.174042452178369,0.12689330280148076,0.1476880668940528,0.1690297965781995,0.11938564972762691,0.002570534466221853,-0.05425012250496041
2019-07-09,SIDE,1.199959185360798e-05,0.7345907742638305,0.265397226144316,0.16298564050711387,0.125556657926852,0.1471820132789408,0.07640682483814581,0.10762502229360153,0.009191011574370613,-0.06252426506106554
2019-07-10,BEAR,2.6077594789592617e-05,0.40390404042773237,0.596069881977478,0.1533975054920848,0.12554582796371308,0.14672254944738675,0.08615876311213966,0.10915469020002595,0.016268515994475048,-0.04141044853339025
2019-07-11,BEAR,1.949885094976123e-05,0.35712700521045904,0.6428534959385912,0.17455470501433593,0.12936446146325836,0.14748792100560093,0.06244292349505332,0.12734783885172724,0.0012079484466932901,-0.04171577256598588
2019-07-12,SIDE,1.3877174511164672e-05,0.8727652746699802,0.12722084815550858,0.1690297965781995,0.12736661544154929,0.1473389772386765,0.08771152694962629,0.12707248509920643,-0.011601335946760414,-0.055770322603481436
2019-07-15,BEAR,3.0687879524711016e-05,0.4010500289097806,0.5989192832106947,0.07640682483814581,0.12031419636565324,0.14724017003471013,0.1435070618834275,0.1369123786357027,-0.021117397003265675,-0.04943584842292638
2019-07-16,SIDE,0.0815630680083369,0.8113574093221845,0.10707952266947861,0.08615876311213966,0.12251739821254479,0.14683626587960316,0.13660576977464065,0.14193320185612354,-0.028840395565700113,-0.05415582750849881
2019-07-17,SIDE,0.0920374422270045,0.8178578110686253,0.09010474670437006,0.06244292349505332,0.12277959231679986,0.14679836900104554,0.10650039364042481,0.13918582471200958,-0.03626022272745523,-0.05573658774365894
2019-07-18,SIDE,0.0984554557671777,0.8461473027083772,0.05539724152444503,0.08771152694962629,0.11715065623506145,0.14499896181912517,0.08204006529906152,0.13861815173188477,-0.030178599515529803,-0.051298286659740136
2019-07-19,SIDE,0.03591994466792382,0.7768284084546035,0.18725164687747267,0.1435070618834275,0.12483293727864943,0.14838616536580393,0.09049044565755592,0.13739664340109953,-0.011888148712275263,-0.04482361220454283
2019-07-22,BEAR,4.4680578237826774e-05,0.2581353853323536,0.7418199340894086,0.13660576977464065,0.12612683736941016,0.14635744391126393,0.058159528622114806,0.13137992878880822,-0.013933858742476471,-0.05478210660130587
2019-07-23,BEAR,0.00015484055157248357,0.23396636483999422,0.7658787946084334,0.10650039364042481,0.12075085920352024,0.14570739155924528,0.06807938407451987,0.1397341311989616,-0.0219178178453787,-0.04528670431739277
2019-07-24,BEAR,0.00040323500105297894,0.21856967432137742,0.7810270906775697,0.08204006529906152,0.11886737863989123,0.14449620556475598,0.07992606785208765,0.14461008196852634,-0.013694255356072505,-0.019119088903547094
2019-07-25,BEAR,0.0001680470838472674,0.2552414128660562,0.7445905400500965,0.09049044565755592,0.11867814328028256,0.14451036077291465,0.0941296318108693,0.164513332534866,-0.0244837854207536,-0.013132247317874176
2019-07-26,BEAR,0.00038017501823689643,0.24687324259687826,0.7527465823848849,0.058159528622114806,0.11995153133088961,0.14466903688027447,0.11539482369789149,0.16545559873631993,-0.025758044419043776,-0.021334954614353415
2019-07-29,BEAR,0.002997227649520466,0.313039134948928,0.6839636374015515,0.06807938407451987,0.11732054839036056,0.1455540842649471,0.1102429200285363,0.1657224575000988,-0.02962333083117294,-0.021764834295946854
2019-07-30,BEAR,0.0005829431776527013,0.3281234612828264,0.671293595539521,0.07992606785208765,0.11660601985223727,0.14543509208590724,0.12049649252754115,0.16597237101555234,-0.01244930107775447,-0.005622248641297709
2019-07-31,BEAR,0.00013002167131365613,0.3739427098763575,0.6259272684523287,0.0941296318108693,0.11803237807064085,0.14467516889104018,0.1484495696089042,0.16523946461304978,-0.023893552539122686,-0.029213745752320077
2019-08-01,BEAR,0.0005906440251388697,0.3647048996445437,0.6347044563303174,0.11539482369789149,0.11994526305784485,0.14480527000884325,0.14426899726866266,0.1791029342760818,0.004765494005555469,-0.012403565260166583
2019-08-02,BEAR,1.0584197405209172e-05,0.43583468162668565,0.5641547341759091,0.1102429200285363,0.1184650063154375,0.14456046141724255,0.18537374201115633,0.17540578862566172,0.010159765320783774,-0.013682821817739521
2019-08-05,BEAR,0.00013011631993797493,0.3426347007949789,0.6572351828850832,0.12049649252754115,0.10332327642078593,0.14656656115023392,0.1904082826911462,0.1752623418415163,0.0058058446257778056,0.007666667536487881
2019-08-06,BEAR,4.416650987103622e-05,0.21392040440196575,0.7860354290881633,0.1484495696089042,0.11007222597567208,0.14574747655572445,0.21234138156371216,0.17292815582396506,0.007384808548255997,0.004992880953906885
2019-08-07,BEAR,0.00019625124488634491,0.24259237837434625,0.7572113703807675,0.14426899726866266,0.11174942501326848,0.14597979055937427,0.215745305889481,0.17171296484531903,0.017559449126937358,0.016463608231166812
2019-08-08,BEAR,4.0812111933152236e-05,0.19612006723561476,0.8038391206524521,0.18537374201115633,0.1260132715162818,0.14950563617187826,0.1973908529849199,0.1689268285659485,0.001942376784206301,-0.004510517407383305
2019-08-09,SIDE,1.0793787342249867e-05,0.6050234000543985,0.39496580615825927,0.1904082826911462,0.13035163492967966,0.14904853290721654,0.1623243072686684,0.1602606798686992,-0.00837456564706105,-0.0030425232671861956
2019-08-13,SIDE,1.1329661052592648e-05,0.672286349582451,0.32770232075649636,0.21234138156371216,0.13881813574841215,0.1501178771353526,0.1521645433504852,0.1611683992544645,-0.0006546255478217006,0.00708186284864966
2019-08-14,SIDE,1.3939009883784514e-05,0.8769091472043753,0.12307691378574098,0.215745305889481,0.141919944682892,0.13071691043905678,0.10751575293152066,0.15161120952257992,-0.026463655181645257,-0.019389997332737437
2019-08-16,SIDE,1.4037998362485425e-05,0.8835119792161472,0.11647398278549018,0.1973908529849199,0.14171505271522497,0.12949307713151972,0.11845014713656965,0.15914596544651605,-0.019971272374593976,-0.01892835580567595
2019-08-19,SIDE,1.2841104359530913e-05,0.8003639231181615,0.19962323577747892,0.1623243072686684,0.14092587660925146,0.12933661430932858,0.1478109943544839,0.1592486375262064,0.00035727611265666575,-0.03209106786250449
2019-08-20,SIDE,0.0001345712359557213,0.5080369118082848,0.4918285169557594,0.1521645433504852,0.13236255250381357,0.12884588613494924,0.23306786834006074,0.16418628963552384,0.007987439826336184,0.023077395076692948
2019-08-21,BEAR,0.0005602821530775357,0.2076525627626238,0.7917871550842986,0.10751575293152066,0.1338419041452671,0.12497160886439257,0.23231764211338837,0.24689204786609845,0.01160050887791428,0.060545423732017344
2019-08-22,BEAR,0.0043137826791845284,0.11498397643819441,0.8807022408826211,0.11845014713656965,0.14328552146385976,0.12751538173881408,0.2232083515579908,0.2613462649879287,0.01908341356288258,0.07588655948648654
2019-08-23,BEAR,2.1116719406415213e-05,0.19333054801788793,0.8066483352627057,0.1478109943544839,0.1479061443203618,0.12905852586193187,0.187126657524706,0.2523499831911446,0.017746637830716363,0.054873427571818595
2019-08-26,BEAR,9.566397005951066e-05,0.3518537030021787,0.6480506330277617,0.23306786834006074,0.16876136802640243,0.13673209655896754,0.1854049957788696,0.2580156789186019,-0.02378891220484544,0.04537866935180794
2019-08-27,SIDE,1.5684426190971397e-05,0.98961594221934,0.01036837335446905,0.23231764211338837,0.169256803961997,0.13611932569707455,0.17499324487189125,0.2515612530638728,-0.023755103363046037,0.03599774114879527
2019-08-28,SIDE,1.5681091892158113e-05,0.9894053313749349,0.010578987533173077,0.2232083515579908,0.1677408621285347,0.13637597812213792,0.1751034573114278,0.25265909520393837,-0.01810591162242985,0.03804540002579641
2019-08-29,SIDE,1.5551507040121726e-05,0.9812138929159855,0.018770555576974504,0.187126657524706,0.16745460971611195,0.13356111539508453,0.17844781483323882,0.25203658033132176,-0.0001918289987383032,0.03690541736910749
2019-08-30,SIDE,1.5046823855647988e-05,0.9491382656729004,0.050846687503243934,0.1854049957788696,0.16910989357820289,0.13442267660899612,0.19004676230465822,0.25267678708477653,-0.0018341714825500077,0.02603421834574928
2019-09-03,SIDE,1.5334922401549787e-05,0.9674881795529459,0.03249648552465252,0.17499324487189125,0.1790269917869556,0.13736451745863246,0.18663859168224453,0.2527373202568277,0.021783801444364193,0.034305098105778954
2019-09-04,SIDE,1.547762766927169e-05,0.9765373922284338,0.02344713014389696,0.1751034573114278,0.1797803281895799,0.13767152421812065,0.050721420848353044,0.2452215472625557,0.012658541858338897,0.02564879201018709
2019-09-05,SIDE,1.55327001007952e-05,0.9800239132998321,0.019960554000067077,0.17844781483323882,0.1744553144954349,0.13718030925062413,0.08253196437046356,0.2458591662649747,0.020800063871337076,0.042007511891206974
2019-09-06,SIDE,1.53147366638749e-05,0.9662062447236283,0.03377844053970777,0.19004676230465822,0.17520565542996624,0.13849849614580942,0.08867092742844557,0.25155128484037825,0.005221039937939597,0.02600148736108112
2019-09-09,SIDE,1.5616734181976245e-05,0.9853386970972727,0.014645686168545271,0.18663859168224453,0.17312440845192525,0.13896791336582287,0.10272924708214792,0.2520330016977869,-0.016998069738388234,0.02707702144924816
2019-09-11,SIDE,1.5558427323723338e-05,0.9816516839620649,0.018332757610611292,0.050721420848353044,0.1635292389490475,0.1391877168283443,0.1544545869020526,0.25227238540642855,-0.017832514909905582,0.027302231869287187
2019-09-12,SIDE,0.0009608287505160219,0.9425941903604592,0.0564449808890247,0.08253196437046356,0.16222120969661383,0.13875347351728365,0.15238881430280676,0.2522924159903852,-0.025638173670914918,0.03976232265697567
2019-09-13,SIDE,0.000982410012541367,0.8482559132567158,0.15076167673074292,0.08867092742844557,0.1534066399777445,0.13798973428362166,0.16586522832505626,0.2521854918916577,0.017745352696818165,0.03444011378806799
2019-09-16,SIDE,0.0055346061887968576,0.8357456743684499,0.15871971944275312,0.10272924708214792,0.1518012094892146,0.1383727675999489,0.4433306880650908,0.2511160193777176,0.0528089353355458,0.05161427708347845
2019-09-17,SIDE,0.002636102525529489,0.6290963926335129,0.36826750484095755,0.1544545869020526,0.16299394774180495,0.14219463430487012,0.462442111155648,0.2510987797272364,0.06881290163757886,0.07514839307519577
2019-09-18,SIDE,1.2760834924683284e-05,0.7944427239153048,0.2055445152497705,0.15238881430280676,0.16329561192630232,0.1396984750995232,0.41364790671072194,0.24111012434736687,0.05383051100290068,0.066697325796524
2019-09-19,SIDE,1.5500569435488346e-05,0.8254085612491091,0.17457593818145528,0.16586522832505626,0.1683152587709126,0.14069118401810196,0.45208466205980646,0.24351578015389166,0.07782701332696909,0.08066624493141154
2019-09-20,SIDE,1.409907823615894e-05,0.8875682025391153,0.11241769838264859,0.4433306880650908,0.2505075880624988,0.17815209375887375,0.40338725541698933,0.23682122353833177,0.02090778589843847,0.026987042551430973
2019-09-23,SIDE,1.5848429563248604e-05,0.9999683031408735,1.5848429563248604e-05,0.462442111155648,0.2583237766571287,0.18707328633007764,0.25683056343572935,0.16047993647107686,-0.01089951482830675,-0.0014061363335841795
2019-09-24,SIDE,1.5848429563248604e-05,0.9999683031408735,1.5848429563248604e-05,0.41364790671072194,0.25834930972663794,0.186832409257387,0.13953010650829376,0.12629935431221262,-0.019897728554496338,0.0033555416176772246
2019-09-25,SIDE,1.5848429563248604e-05,0.9999683031408735,1.5848429563248604e-05,0.45208466205980646,0.2557902273829026,0.18857673465419536,0.14916892569959278,0.12691513061180482,-0.011092571395353006,0.029851034962691654
2019-09-26,SIDE,1.5848429563248604e-05,0.9999683031408735,1.5848429563248604e-05,0.40338725541698933,0.25797448687489055,0.18997322598893931,0.1277235384175753,0.1258671571940695,-0.03486248345087437,0.02331060096164071
2019-09-27,SIDE,1.5848429563248604e-05,0.9999683031408735,1.5848429563248604e-05,0.25683056343572935,0.25787898220020294,0.18968535439133946,0.06359832521094937,0.12129947335017438,-0.034104052501654034,0.03121692909694389
2019-09-30,SIDE,1.5848429563248604e-05,0.9999683031408735,1.5848429563248604e-05,0.13953010650829376,0.2554796163581981,0.18955943376417692,0.06521656291299778,0.11927903491606448,-0.014143799757019406,0.03562534748839703
2019-10-01,SIDE,1.5848429563248604e-05,0.9999683031408735,1.5848429563248604e-05,0.14916892569959278,0.25855090506789014,0.19051876484622454,0.18216257448161224,0.11802009631139765,-0.011095759006764851,0.04991336932229127
2019-10-03,SIDE,1.5848429563248604e-05,0.9999683031408735,1.5848429563248604e-05,0.1277235384175753,0.24609361670703503,0.1905062469600113,0.175740018760213,0.11025041748569285,-0.0007913683790512681,0.05194183779421228
2019-10-04,SIDE,1.5848429563248604e-05,0.9999683031408735,1.5848429563248604e-05,0.06359832521094937,0.25139215284633887,0.1907447051321795,0.184012587472969,0.10897740041922081,0.014780935207872544,0.06841670458013976
2019-10-07,SIDE,1.5848429563248604e-05,0.9999683031408735,1.5848429563248604e-05,0.06521656291299778,0.25222272871307444,0.18596626286109869,0.14864046815996304,0.0946824690014975,0.026772072505127285,0.076589649785178
2019-10-09,SIDE,1.5848429563248604e-05,0.9999683031408735,1.5848429563248604e-05,0.18216257448161224,0.2567529583563856,0.1893140643782599,0.13536272956965903,0.09056643132021745,0.013232665768198353,0.051244014890253334
2019-10-10,SIDE,1.5848429563248604e-05,0.9999683031408735,1.5848429563248604e-05,0.175740018760213,0.25816161923235437,0.18957142351727874,0.09098368000657875,0.08718191673673303,0.030833829660337046,0.05867416253370438
2019-10-11,SIDE,1.5848429563248604e-05,0.9999683031408735,1.5848429563248604e-05,0.184012587472969,0.25875064360669814,0.1894062760547441,0.05031216700003515,0.08061246253495685,0.031073301887559322,0.04627210694846514
2019-10-14,SIDE,1.5848429563248604e-05,0.9999683031408735,1.5848429563248604e-05,0.14864046815996304,0.25784193591044785,0.18948971141032891,0.05036752124059871,0.08521865492083258,0.021562579017331218,0.04575340547753391
2019-10-15,SIDE,1.5848429563248604e-05,0.9999683031408735,1.5848429563248604e-05,0.13536272956965903,0.25758047758103664,0.1900687671811012,0.1035497589434659,0.0851620568508601,0.01526574860352093,0.04006323872425105
2019-10-16,SIDE,1.5848429563248604e-05,0.9999683031408735,1.5848429563248604e-05,0.09098368000657875,0.2558166803229675,0.18970035578702765,0.10034421959520863,0.08280008163899723,0.010292281460181142,0.0360233395653986
2019-10-17,SIDE,1.5848429563248604e-05,0.9999683031408735,1.5848429563248604e-05,0.05031216700003515,0.24713419779150922,0.19095491009881346,0.10618092050498942,0.08323699905246315,-0.00021147808151676892,0.03007480204783325
2019-10-18,SIDE,1.5848429563248604e-05,0.9999683031408735,1.5848429563248604e-05,0.05036752124059871,0.24731458115423155,0.19075759005482343,0.07422463286603037,0.07758087548511977,-0.0029799498199398096,0.02850881654588765
2019-10-22,SIDE,1.5848429563248604e-05,0.9999683031408735,1.5848429563248604e-05,0.1035497589434659,0.24279669192682243,0.1884891745583926,0.06012606344385171,0.07647495674111003,0.016984220169068392,0.03226956002355636
2019-10-23,SIDE,1.5848429563248604e-05,0.9999683031408735,1.5848429563248604e-05,0.10034421959520863,0.1642315437603071,0.18798818197509623,0.0964256365255713,0.07273436348097118,0.02047136935719803,0.026389268649467303
2019-10-24,SIDE,1.57319757919344e-05,0.9926186836790055,0.007365584345202547,0.10618092050498942,0.12957867797865383,0.18801133069691356,0.09494755004255234,0.07570775462454188,0.02513767244395131,0.04152970252531681
2019-10-25,SIDE,1.4112228459884413e-05,0.8884397644394213,0.11154612333211888,0.07422463286603037,0.12953003719823963,0.18764319088316064,0.08133174467963335,0.08541331558863455,0.026131968993674516,0.03842718872239299
2019-10-27,SIDE,1.4067262624880172e-05,0.8854570377012717,0.11452889503610349,0.06012606344385171,0.1208168675199698,0.18770642278180277,0.07777456843649427,0.08692975759688809,0.026660099150117644,0.03992042155951406
2019-10-29,SIDE,2.0445941052399575e-05,0.917420262164527,0.08255929189442046,0.0964256365255713,0.1236675041070365,0.18956564159058306,0.07722139226276566,0.08749237505690106,0.010998231436167375,0.030439312234261943
2019-10-30,SIDE,1.5159607861630602e-05,0.9563363727870574,0.04364846760508096,0.09494755004255234,0.1222777328793023,0.18877050071473495,0.043907113589720194,0.0769966903063107,0.01024362016762475,0.017736755330883973
2019-10-31,SIDE,2.0684282292596448e-05,0.9529994659166466,0.04697984980106077,0.08133174467963335,0.12106605007834288,0.18758553309900983,0.041291380437671325,0.08232691073204736,0.011268668186580096,0.014273626755356107
2019-11-01,SIDE,3.025908247278451e-05,0.9635038970942736,0.03646584382325365,0.07777456843649427,0.11289722779768595,0.1875485898299043,0.043086996792542326,0.08215814973432731,0.0014748676448368087,0.00867502760837162
2019-11-04,SIDE,5.0747838271082716e-05,0.9732567165245112,0.026692535637217765,0.07722139226276566,0.11054372782603487,0.1854868440388958,0.0900358655527645,0.08405875317376911,-0.0023349657953516153,0.00849720553848053
2019-11-05,SIDE,8.057368144933903e-05,0.9800848616690002,0.01983456464955041,0.043907113589720194,0.09709243660087807,0.1856185282029065,0.08328943296827661,0.0839585509595596,-0.006461099224798252,0.008456074050900602
2019-11-06,SIDE,8.559453520288653e-05,0.9893623800111945,0.010552025453602447,0.041291380437671325,0.0929165008347024,0.1834926132779801,0.09275081120672704,0.08397363869275147,-0.00788236389473349,-0.0037299808185517346
2019-11-07,SIDE,0.00011962116889794672,0.994002872112694,0.005877506718408222,0.043086996792542326,0.07922348096885895,0.18309324302364524,0.08798036100318905,0.08775538415750107,-0.009754338555799531,-0.006225606809734414
2019-11-08,SIDE,0.000202235264036673,0.9940119223471156,0.005785842388847652,0.0900358655527645,0.08224076675926027,0.183135706945322,0.08148821182166496,0.08673682564121923,-0.001988009556656411,-0.004321496987357578
2019-11-11,SIDE,0.00018326930529488416,0.9793952766016399,0.02042145409306519,0.08328943296827661,0.08169153777883814,0.1805892346184423,0.055572373904006274,0.08464138036861903,0.0022344691744660716,-0.0002770362179608921
2019-11-13,SIDE,0.0006383310791383525,0.9743501142663324,0.025011554654529082,0.09275081120672704,0.08735523239908306,0.1808242008045273,0.06659703138296962,0.0861787731469077,0.013310011484981663,0.011032248714025101
2019-11-14,SIDE,0.0003691608976726047,0.9474057262232257,0.052225112879101754,0.08798036100318905,0.08495082414932853,0.17702242057182904,0.037637496576766044,0.08493326133726257,0.008078733563353714,0.017914564944550387
2019-11-15,SIDE,0.0012986338315221536,0.9395276248206538,0.05917374134782414,0.08148821182166496,0.08483076413776519,0.17623201087274631,0.05282912200867851,0.09029905783061765,0.0015917785287371234,0.013236432990802247
2019-11-18,SIDE,0.0014359131445929936,0.9386244540686035,0.05993963278680353,0.055572373904006274,0.0786752817087829,0.17628627482015868,0.06801782134302005,0.09102456340697232,0.01579864442009944,0.02332794614421669
2019-11-19,BULL,0.9269174947556027,0.06666223457378302,0.006420270670614408,0.06659703138296962,0.07732128936803677,0.17642170170922986,0.112162751653115,0.09546225606382354,0.008140908593043018,0.023306486039608977
2019-11-20,BULL,0.9471215527397112,0.04819514900987158,0.004683298250417233,0.037637496576766044,0.07303971162470263,0.1763091907560779,0.11866431731614546,0.09545221039794272,0.008431655193686806,0.02148581341276019
2019-11-21,BULL,0.9503978891532147,0.04828060480271232,0.0013215060440730688,0.05282912200867851,0.07462091109268423,0.17518313024793875,0.1191906418824855,0.09474000270486461,0.015153972379774281,0.025034104096541984
2019-11-22,BULL,0.967994293623136,0.029771491500918748,0.002234214875945109,0.06801782134302005,0.07680191942810942,0.17165696300138608,0.11351537902203306,0.09384134694990685,0.01181885603861498,0.02881845945397821
2019-11-25,BULL,0.966952800271442,0.027845421031739117,0.0052017786968189,0.112162751653115,0.08735528852787018,0.17279517890851986,0.12891954490004268,0.0918320011158605,-0.002118403326009431,0.01159418956884733
2019-11-26,BULL,0.8921992740934198,0.0973445681224781,0.010456157784102079,0.11866431731614546,0.08890670818028179,0.16841392927098753,0.08502927204149521,0.08259599706696505,-0.0036201921203469108,0.007353871973082041
2019-11-27,BULL,0.9281309405297672,0.05200497339330601,0.019864086076926715,0.1191906418824855,0.07834642743130195,0.16849275695050742,0.08848341094257679,0.08611845083015608,-0.004763116870915936,0.011919718889884374
2019-11-28,BULL,0.9500801209364336,0.036185711061050375,0.013734168002515996,0.11351537902203306,0.07797384065944568,0.16798468065359834,0.0838997681886977,0.09070203166180861,-0.010985006747193831,0.008579558506674712
2019-11-29,BULL,0.9625856081021107,0.02774951012740404,0.009664881770485299,0.12891954490004268,0.0841460048142458,0.16772176713013384,0.07058162988750627,0.08976812479416295,-0.011223115981810963,0.009279927893550413
2019-12-02,BULL,0.8263300191181048,0.09838506263473813,0.07528491824715695,0.08502927204149521,0.08427743197612075,0.167428123360935,0.07179442948135599,0.08898492869912819,-0.009230565378510603,0.01108522455016497
2019-12-03,BULL,0.9504600917726365,0.028543790768095698,0.020996117459267938,0.08848341094257679,0.0850425020002067,0.16147123586826334,0.07585877415786159,0.08892520146895284,-0.011521656950892311,0.02372786015599922
2019-12-04,BULL,0.906939975130022,0.037305075946245644,0.055754948923732436,0.0838997681886977,0.0856630221940324,0.16145547687940387,0.08235858833084743,0.09069951271155138,-0.011109207551793048,0.015117810280418576
2019-12-05,BULL,0.9469461457212154,0.02578880431752488,0.027265049961259787,0.07058162988750627,0.085048713744034,0.1616183085414092,0.08439869141529079,0.09206822427453552,-0.0038849245616738304,-0.0021114934265427094
2019-12-06,BULL,0.9152505259704358,0.03966495608216868,0.045084517947395424,0.07179442948135599,0.08878000322645531,0.16211619435004668,0.09949669969723308,0.11509262914725393,0.013762181868368481,0.010965950606467115
2019-12-09,BULL,0.7524861246975587,0.09711601345763143,0.15039786184481,0.07585877415786159,0.08329913368897496,0.16192693279068196,0.0965536694346096,0.11253381279403431,0.009707701244737072,0.0073322157905099505
2019-12-10,BULL,0.9256359753044545,0.035939971259911864,0.038424053435633564,0.08235858833084743,0.08680626049922255,0.16274427866743776,0.10426922454276273,0.11290398198384713,0.025661433574917913,0.02983683923666514
2019-12-11,BULL,0.8207269399507755,0.07061385077898376,0.10865920927024078,0.08439869141529079,0.0854038185201826,0.1623947471317246,0.07849725580501873,0.12157282485317111,0.025817991432035975,0.028689907273069373
2019-12-12,BULL,0.922985101963125,0.03760526611888302,0.03940963191799205,0.09949669969723308,0.08677154973468575,0.16192170265567846,0.0784243164683762,0.12127260794254598,0.023763576183716852,0.029444935955476752
2019-12-13,BULL,0.9350203846426027,0.030930231863543073,0.03404938349385431,0.0965536694346096,0.09255192879352181,0.16194982652084555,0.0797701187607416,0.12159821299451808,0.015198272715345325,0.022545844345739807
2019-12-16,BULL,0.9434893856847079,0.03528147907296198,0.02122913524233005,0.10426922454276273,0.09320963790857524,0.1575215565544197,0.06986802888907087,0.11806955709108301,0.01717380499191315,0.023720998689082003
2019-12-17,BULL,0.9322950938215331,0.02778278725345438,0.039922118925012524,0.07849725580501873,0.09703873815596174,0.15824305529324478,0.06038409119265004,0.11766413194111955,0.004064887844730165,0.015538331831790096
2019-12-18,BULL,0.945551782098458,0.03801922041961296,0.01642899748192905,0.0784243164683762,0.09688916410868881,0.15540087403413153,0.05322773593221853,0.1139747378517956,-0.007811705473484072,0.010637359194832439
2019-12-19,BULL,0.9602353013203201,0.025096566512995248,0.014668132166684604,0.0797701187607416,0.0962761328823129,0.11605744419351355,0.06485651810108642,0.11311966100033295,-0.001134439329189134,-0.0028712355206329462
2019-12-20,BULL,0.964814770537637,0.006745035652092998,0.028440193810269902,0.06986802888907087,0.09388802265133793,0.10137709693741717,0.10189815328786914,0.11874382611447877,-0.0013005732100933023,-0.008342365696864917
2019-12-23,BULL,0.9787665585920089,0.0025406713465309584,0.018692770061459956,0.06038409119265004,0.08306830973802994,0.10135421410494179,0.1017802794906058,0.11960115113739958,-0.00771967552181292,-0.012790674036487237
2019-12-24,BULL,0.9812311173003331,0.0025640394649950305,0.01620484323467188,0.05322773593221853,0.08370425379016457,0.09775354641890434,0.11323539091300572,0.12074788443200954,-0.002627368344691773,-0.0028038665791414773
2019-12-26,BULL,0.9695050898174679,0.003145923191400195,0.027348986991131825,0.06485651810108642,0.08646659400978104,0.09682086610831502,0.1122179896557958,0.12222527846936683,0.012753796062570415,0.009985805937935965
2019-12-27,BULL,0.8513646140445987,0.007523155613665584,0.14111223034173576,0.10189815328786914,0.09208733079251223,0.09776176122870663,0.10733967360396747,0.12089060898887166,-0.0015650254803815506,-0.0104085520725804
2019-12-30,BULL,0.7732553602780899,0.01234136959238845,0.21440327012952148,0.1017802794906058,0.08678106955520022,0.09734584988877548,0.09381935810234603,0.12174075532616102,-0.021676058680411166,-0.016457502083520054
2019-12-31,BULL,0.8986912605983005,0.005051081152152527,0.09625765824954706,0.11323539091300572,0.09120540971444008,0.09611169115657642,0.16221781050549594,0.12271628572716549,-0.009537093268894195,-0.0032060345307159126
2020-01-01,BEAR,0.4902060216466167,0.01587680950138223,0.4939171688520011,0.1122179896557958,0.08929135169071319,0.09550012926976971,0.17153885883920483,0.12263064070182425,-0.012983574138165513,-0.01211495392200426
2020-01-02,BULL,0.7746898360031822,0.008663649661651885,0.21664651433516596,0.10733967360396747,0.09240354717131444,0.09221016698419365,0.16939545268711825,0.12528908996955582,-0.005412677870226561,-0.026407741373984946
2020-01-03,BULL,0.8963306254829306,0.008444397215572153,0.09522497730149725,0.09381935810234603,0.09388804969500553,0.09226496106077235,0.20453814681776933,0.12249619484119609,0.002462889440857654,-0.04729516514907713
2020-01-06,BULL,0.8688725833733536,0.00522495234417408,0.12590246428247237,0.16221781050549594,0.11425134001054414,0.09647608793656409,0.20380838472789184,0.1482054702649311,0.02767150482034568,-0.024063487714802583
2020-01-07,BEAR,4.157514408477719e-05,0.030727241208217085,0.9692311836476981,0.17153885883920483,0.11541679304688919,0.09537106864734066,0.10357840116755686,0.13589107471181125,0.025342075607641342,-0.006100066351197008
2020-01-08,BEAR,0.0020745057838366214,0.04878238160762928,0.9491431126085341,0.16939545268711825,0.11273770163322303,0.09503324024089935,0.10565999697082062,0.15846960005615124,0.0260964841433089,0.005291434519709266
2020-01-09,BEAR,0.002157506690285501,0.03685652945129179,0.9609859638584227,0.20453814681776933,0.12420429400927786,0.09961017706848874,0.10243545225793357,0.16153975277650304,0.011362926170042914,-0.006401473786830886
2020-01-10,BEAR,1.2156430732096173e-05,0.2523927715651175,0.7475950720041503,0.20380838472789184,0.12361371858957379,0.09881251337614733,0.04401392928677317,0.15224165636061826,0.00776544335379925,-0.013011805351440876
2020-01-13,BEAR,8.917999863347526e-05,0.1909967787223,0.8089140412790665,0.10357840116755686,0.1209933930146914,0.09921441738792881,0.045875063395750815,0.1519681063149843,-0.00855259529239306,-0.024470609666927972
2020-01-14,BULL,0.5249350178954703,0.04813805831733028,0.42692692378719943,0.10565999697082062,0.12030967110982067,0.09731497983154264,0.08093521886692188,0.1509376096444087,-0.015689937327259488,-0.020793386737379082
2020-01-15,BULL,0.7390484424240988,0.023402079404336786,0.23754947817156435,0.10243545225793357,0.1169319518268393,0.09679704533826307,0.07207013883938908,0.1526375488413014,-0.019337867733655957,-0.011579098182811127
2020-01-16,BULL,0.7426124508933494,0.017238698831711752,0.2401488502749388,0.04401392928677317,0.11602352505291134,0.095604314158964,0.071620057728592,0.15553078223005423,-0.01427731056620155,-0.01474538694510291
2020-01-17,BULL,0.900378880620714,0.008623921462777224,0.09099719791650872,0.045875063395750815,0.11565142128038529,0.09564057982927056,0.09755068617954195,0.1555226938925028,-0.00846325873038064,-0.019529922859351435
2020-01-20,BULL,0.8986109428176994,0.007661952567952949,0.0937271046143476,0.08093521886692188,0.1217564661348258,0.09831195071862568,0.11456375682807678,0.1562308961184079,-0.008671755881136474,-0.014730173405539225
2020-01-21,BEAR,0.18339808823694875,0.019994377146993016,0.7966075346160584,0.07207013883938908,0.122701613453894,0.09891858979975368,0.1155672776318712,0.15342457321900038,-0.009415709596748255,-0.01468012713909168
2020-01-22,BEAR,0.19588416495113217,0.015573114067928055,0.7885427209809397,0.071620057728592,0.1232601438839305,0.09948569448329615,0.11679682252298777,0.15340912121476247,0.0018649639839582572,0.0015681228659858535
2020-01-23,BEAR,0.1366442299215494,0.016152179972437664,0.847203590106013,0.09755068617954195,0.12257175043575741,0.0964283366452722,0.12393728532976805,0.1576870366946602,-0.01193845568755464,-0.00820244323144192
2020-01-24,BEAR,0.23377440581375755,0.017650993663797077,0.7485746005224453,0.11456375682807678,0.1190654606751319,0.0965751941787851,0.1228512810423195,0.15665220590573584,-0.023639751249350523,-0.0347951114510141
2020-01-27,BEAR,0.17482152709028514,0.017033307980653712,0.8081451649290613,0.1155672776318712,0.12480679431478739,0.09912102687578662,0.10137458068924518,0.17040796252160487,-0.038451638556878234,-0.026852919454271967
2020-01-28,BEAR,0.016008107841763486,0.013331022209246104,0.9706608699489904,0.11679682252298777,0.1236375170883212,0.09975879307902291,0.17974762199686334,0.16734453774397343,-0.029282044311693706,-0.031796327441030926
2020-01-29,BEAR,0.04247418350461944,0.013317767943224049,0.9442080485521565,0.12393728532976805,0.12572186002703858,0.10014634219417459,0.1984719630392471,0.16967467226229124,-0.01243112508937539,-0.04176882678431636
2020-01-30,BEAR,0.09121003087745991,0.024755521586211696,0.8840344475363284,0.1228512810423195,0.12434944191070371,0.10138614564161484,0.28120634835254354,0.16754334843691104,0.0044228143035481005,-0.07181552571823084
2020-01-31,BEAR,0.012391433263054804,0.013092091005568107,0.9745164757313771,0.10137458068924518,0.12508258254438537,0.10186161063956098,0.28671367126603964,0.20801509705944476,0.014593589716927492,-0.07185210366118755
2020-02-01,BEAR,0.018268784264361827,0.012743339337641959,0.9689878763979963,0.17974762199686334,0.13812290647550843,0.1140642178138893,0.28002390929662374,0.2080211674430853,0.036746249238493775,-0.03122811194698382
2020-02-03,BEAR,1.5005845657964518e-05,0.05346721072646079,0.9465177834278813,0.1984719630392471,0.13753301920603797,0.1131215553961047,0.1550655212302781,0.20138429681945894,0.02726438286822041,-0.03980681403579669
2020-02-04,BEAR,1.4271172816388139e-05,0.10105733975560777,0.8989283890715758,0.28120634835254354,0.16241462861251318,0.1227301962731332,0.18068884527157708,0.2006621808085305,0.01064875522145909,-0.06115378393138254
2020-02-05,SIDE,1.559869468440381e-05,0.9841982706614055,0.015786130643910046,0.28671367126603964,0.15535726606407532,0.12339525535859511,0.09970318843498575,0.17991806503871724,0.009225951440788553,-0.09537263444976084
2020-02-06,SIDE,1.564368929055118e-05,0.9870422927303713,0.012942063580338142,0.28002390929662374,0.15560247097718277,0.1235358920243917,0.09377290490475694,0.18990614972837652,0.003019013011770675,-0.14959618334444186
2020-02-07,SIDE,1.5603045423690308e-05,0.9844733403825601,0.015511056572016273,0.1550655212302781,0.15399542657952348,0.12371251726269013,0.09501326965488219,0.2442052116271701,0.0012473258458885995,-0.14566359640245263
2020-02-10,SIDE,0.0043383037059118055,0.7329118033884905,0.2627498929055978,0.18068884527157708,0.15420188444093832,0.12426544291450203,0.10024966298962489,0.24536479489272656,0.0011878409689958006,-0.22679168042691525
2020-02-11,SIDE,0.00036129942005059314,0.6265208261292832,0.37311787445066613,0.09970318843498575,0.1565894699442792,0.12456678162137148,0.10046677246966902,0.36923175800112,-0.009576677728971932,-0.19576310440187294
2020-02-12,BEAR,0.07647427244786334,0.4594126762291433,0.4641130513229934,0.09377290490475694,0.15946778906265663,0.12513507214568662,0.08758097763266325,0.4015959188165126,-0.006190646684858915,-0.282613472139877
2020-02-13,SIDE,0.08972480625445312,0.5106662822412228,0.39960891150432404,0.09501326965488219,0.15955419041259886,0.12510036485776332,0.11108733246253846,0.463241081059718,-0.0077343668525406166,-0.30580028836149814
2020-02-14,BEAR,0.08557777393343197,0.40729896990660763,0.5071232561599605,0.10024966298962489,0.15634505609904004,0.12518974496567536,0.11244283207406919,0.4630909205423817,-0.023728447322043274,-0.3579287641978019
2020-02-17,BEAR,0.0722893924994116,0.23847597311359736,0.6892346343869911,0.10046677246966902,0.15677588190110486,0.1227666965603085,0.18048492169279165,0.4843064631179057,-0.020794501929869206,-0.37687387558641644
2020-02-18,BEAR,0.058023719008717375,0.18571738328851228,0.7562588977027703,0.08758097763266325,0.15650121186933683,0.12295056045569837,0.18081123308058156,0.48311102238025144,-0.026531909898687662,-0.31574788927144637
2020-02-19,BEAR,0.0584862149088422,0.1659629070477484,0.7755508780434093,0.11108733246253846,0.16024019480800056,0.12459468711225434,0.1858791717353808,0.5468510742413322,-0.041471985666343886,-0.46584763802783286
2020-02-20,BEAR,0.02606925276007357,0.3059642867050301,0.6679664605348963,0.11244283207406919,0.15918076890906976,0.1245270541894056,0.12242385430650053,0.6860684736144127,-0.07555153817434357,-0.4373632142493091
2020-02-24,BEAR,0.022718276716567565,0.18542047540858403,0.7918612478748485,0.18048492169279165,0.1716137560984915,0.13080398835829435,0.2321409871296681,0.702622106932717,-0.060696743459523875,-0.35218415021474414
2020-02-25,BEAR,1.048455791940108e-05,0.46994223065728075,0.5300472847847998,0.18081123308058156,0.1710579621366639,0.13089119335481644,0.23221607763238267,0.7617740167152752,-0.04282683104959013,-0.31135115672292446
2020-02-26,SIDE,6.117993560333438e-05,0.5154307519041306,0.4845080681602661,0.1858791717353808,0.17175126089931472,0.13217027747190205,0.30223845781814823,0.7841051083197991,-0.037292530906459516,-0.2990059539774565
2020-02-27,SIDE,1.049810885533115e-05,0.536565116177924,0.46342438571322053,0.12242385430650053,0.17054378613803325,0.13201326781479134,0.3029379744628096,0.7861918336788517,-0.03181608223644148,-0.33989586539175126
2020-02-28,BEAR,0.00020545465448304885,0.4097983063430929,0.5899962390024239,0.2321409871296681,0.21317703129372106,0.1524650602952877,0.3094410176625957,0.7921399381946468,-0.01913429442798196,-0.2645694749733552
2020-03-02,SIDE,1.5848383234148003e-05,0.9999653799716339,1.877164513194052e-05,0.23221607763238267,0.19700411951326216,0.15214364592773438,0.2315681510681807,0.8090377997168179,-0.06315048996632663,-0.29921872593539334
2020-03-03,SIDE,1.583253451100394e-05,0.9989653798731906,0.0010187875922985144,0.30223845781814823,0.2056205751506719,0.15571992375362895,0.405356658780913,0.8144590454158471,-0.07768923521697507,-0.3352326594747682
2020-03-04,SIDE,1.5848398406052494e-05,0.9999663372541658,1.7814347428040018e-05,0.3029379744628096,0.18382294490776716,0.15543611198605928,0.3521071644356089,0.8075756117296926,-0.15972048352289822,-0.24659204879366095
2020-03-05,SIDE,1.5842779269205e-05,0.9996117926174821,0.0003723646032488033,0.3094410176625957,0.1790673951754547,0.15512264135083279,0.5920001729581963,0.8785004801046319,-0.12396056524903137,-0.2531447599486
2020-03-06,SIDE,1.5842862306506898e-05,0.9996170319543127,0.00036712518338077345,0.2315681510681807,0.1921968443723903,0.16229750002753018,0.7523624153473809,0.8775393799333608,-0.17801488624932743,-0.1873544701217161
2020-03-09,SIDE,1.5840405031250276e-05,0.999461986906553,0.0005221726884157102,0.405356658780913,0.25013573679687817,0.1890232697166236,0.845898187309076,0.8946253135540108,-0.15318509200528568,-0.15019971434171087
2020-03-11,SIDE,1.5848429563248604e-05,0.9999683031408735,1.5848429563248604e-05,0.3521071644356089,0.2516850966409807,0.18912783942073347,0.8372361449055288,0.8821994818764239,-0.21101784194946072,-0.15851666313049748
2020-03-12,SIDE,1.5848429563248604e-05,0.9999683031408735,1.5848429563248604e-05,0.5920001729581963,0.37339147795161143,0.2547585473131336,0.8008993782330098,0.881741241327493,-0.1488943541905053,-0.06431338490191628
2020-03-13,BEAR,1.5848429563248604e-05,1.5848429563248604e-05,0.9999683031408735,0.7523624153473809,0.4071164440151545,0.2679595211221117,0.6984944440080129,0.8343456524052989,-0.12956146259854542,-0.07166230292737888
2020-03-16,BEAR,1.5848429563248604e-05,1.5848429563248604e-05,0.9999683031408735,0.845898187309076,0.4734077077143036,0.30927391437081464,0.8187031942513301,0.8302379562276984,-0.1894248125728147,0.0069829773032179035
2020-03-17,BEAR,1.5848429563248604e-05,1.5848429563248604e-05,0.9999683031408735,0.8372361449055288,0.47379048793585593,0.3118758946044071,1.1192105727604258,0.7831774119830789,-0.13929729274035138,0.0016057064517515807
2020-03-18,BEAR,1.5848429563248604e-05,1.5848429563248604e-05,0.9999683031408735,0.8008993782330098,0.49504930108663964,0.3293567524110671,1.2076222397888274,0.7856182702877074,-0.01798383333898539,0.08143336581881719
2020-03-19,BEAR,1.5848429563248604e-05,1.5848429563248604e-05,0.9999683031408735,0.6984944440080129,0.49309002424016596,0.33146135691384837,1.3236655804351045,0.7605980030093866,0.04472821693362265,0.11966573210135695
2020-03-20,BEAR,1.5848429563248604e-05,1.5848429563248604e-05,0.9999683031408735,0.8187031942513301,0.5525397764980415,0.3558597021862146,1.3359539792316522,0.754099033920342,-0.009789974604697741,0.04570107289873227
2020-03-23,BEAR,1.5848429563248604e-05,1.5848429563248604e-05,0.9999683031408735,1.1192105727604258,0.7005118413992176,0.4475409562556638,1.2675149355634052,0.7343488481717235,0.08447978696973757,0.1986122607522959
2020-03-24,BEAR,1.5848429563248604e-05,1.5848429563248604e-05,0.9999683031408735,1.2076222397888274,0.7208746584112866,0.4522053394580851,0.6528849342880221,0.5250736977343827,0.09724220110161023,0.1844173672223074
2020-03-25,BEAR,1.5848429563248604e-05,1.5848429563248604e-05,0.9999683031408735,1.3236655804351045,0.7797893134689514,0.4754674328788775,0.6686684239783867,0.5221548648312533,-0.007731319180173055,0.13848807034509278
2020-03-26,BEAR,1.5848429563248604e-05,1.5848429563248604e-05,0.9999683031408735,1.3359539792316522,0.8042873492993139,0.48393453795199176,0.6413304042587332,0.4836122013976473,-0.06670833380143386,0.13190563376613024
2020-03-27,BEAR,1.5848429563248604e-05,1.5848429563248604e-05,0.9999683031408735,1.2675149355634052,0.8056886489356325,0.4833572790848667,0.539907504193477,0.478710388227914,0.015121374277336046,0.07057164054833272
2020-03-30,BEAR,1.5848429563248604e-05,1.5848429563248604e-05,0.9999683031408735,0.6528849342880221,0.8087051794244317,0.4898875862383527,0.8882287376433896,0.5297691658307209,0.05493502320670989,0.1058361847122094
2020-03-31,BEAR,1.5848429563248604e-05,1.5848429563248604e-05,0.9999683031408735,0.6686684239783867,0.8297094683045532,0.4973295751092549,0.7931524959057563,0.5028005432726198,0.0580807104236571,0.07537992112179612
2020-04-01,BEAR,1.5848429563248604e-05,1.5848429563248604e-05,0.9999683031408735,0.6413304042587332,0.8283576361698679,0.5020262227023087,0.8000675034858161,0.488883721949275,0.08586852162735571,0.10842664198740055
2020-04-03,BEAR,1.5848429563248604e-05,1.5848429563248604e-05,0.9999683031408735,0.539907504193477,0.8274763920734624,0.5028269610645435,0.7038494275714483,0.46381286504953123,0.09902676112729566,0.13492364153191388
2020-04-07,BEAR,1.5848429563248604e-05,1.5848429563248604e-05,0.9999683031408735,0.8882287376433896,0.8999464121644025,0.5342732069744017,0.6641949184294988,0.45409718924248293,0.022558180368846468,0.04959033702346694
2020-04-08,BEAR,1.5848429563248604e-05,1.5848429563248604e-05,0.9999683031408735,0.7931524959057563,0.8990152241877272,0.5339584249625257,0.3425200540466654,0.35603640293774946,0.057521891772189596,0.04991649333842486
2020-04-09,BEAR,1.5848429563248604e-05,1.5848429563248604e-05,0.9999683031408735,0.8000675034858161,0.9048508342621244,0.5418571678175722,0.3704473948432854,0.3559537456073544,0.016322561175606647,0.029375838996240085
2020-04-13,BEAR,1.5848429563248604e-05,1.5848429563248604e-05,0.9999683031408735,0.7038494275714483,0.9046473428463339,0.541859976272038,0.26716133822045285,0.3345810321599784,-0.0013796712118231266,0.016420205061443732
2020-04-15,BEAR,1.5848429563248604e-05,1.5848429563248604e-05,0.9999683031408735,0.6641949184294988,0.8551066559774948,0.5418234613542027,0.35147749142325574,0.34448911638360735,0.028932186999853855,0.02342686697971993
2020-04-16,BEAR,1.5848429563248604e-05,1.5848429563248604e-05,0.9999683031408735,0.3425200540466654,0.8426254045844966,0.5423191776952856,0.37639380498765,0.3431802427758291,0.03508476281276788,-0.01903286229214683
2020-04-17,BEAR,1.5848429563248604e-05,1.5848429563248604e-05,0.9999683031408735,0.3704473948432854,0.8035166398928832,0.5470465808024328,0.3807034974496631,0.36405857270580616,-0.01219808677243411,-0.04273252427746995
2020-04-20,BEAR,1.5848429563248604e-05,1.5848429563248604e-05,0.9999683031408735,0.26716133822045285,0.7977798948922693,0.546988269947815,0.3473197957733834,0.3475842049034316,0.00220447087626337,-0.02131309877318039
2020-04-21,BEAR,1.5848429563248604e-05,1.5848429563248604e-05,0.9999683031408735,0.35147749142325574,0.7772030257836898,0.5496001415861247,0.36681479899053526,0.35655736942744287,0.04351436803020447,0.013799651748951288
2020-04-22,BEAR,1.5848429563248604e-05,1.5848429563248604e-05,0.9999683031408735,0.37639380498765,0.7731147246718361,0.5525284961178791,0.2413507494054358,0.3400350627194874,0.039070871187290385,-0.01624480077430725
2020-04-23,BEAR,1.5848429563248604e-05,1.5848429563248604e-05,0.9999683031408735,0.3807034974496631,0.7499217784659468,0.5533783138769601,0.2267844282730701,0.33135676331599256,0.056968118598395824,-0.03106185849190516
2020-04-24,BEAR,1.5848429563248604e-05,1.5848429563248604e-05,0.9999683031408735,0.3473197957733834,0.5384621362448468,0.5535888486493018,0.2842853944652931,0.3271581527236922,0.015080593044902585,0.017385998331250804
2020-04-27,BEAR,1.5848429563248604e-05,1.5848429563248604e-05,0.9999683031408735,0.36681479899053526,0.5356781424422838,0.5547740034213191,0.5661688720568013,0.34046432721558567,-0.008296289070349058,0.02214086637665529
2020-04-28,BEAR,1.5848429563248604e-05,1.5848429563248604e-05,0.9999683031408735,0.2413507494054358,0.4942766399648592,0.555622483076368,0.5622357226999356,0.3431478382793763,-0.011795244998901099,0.02103215568071609
2020-04-29,BEAR,1.5848429563248604e-05,1.5848429563248604e-05,0.9999683031408735,0.2267844282730701,0.48198415036055786,0.5571332717069832,0.5579746244405595,0.3427818526897488,-0.037792747537865226,0.028155320929597938
2020-04-30,BEAR,1.5848429563248604e-05,1.5848429563248604e-05,0.9999683031408735,0.2842853944652931,0.4909071819958323,0.5618081494088888,0.5272585609739892,0.3481355554754805,-0.06369032603565025,0.012016879320873886
2020-05-04,SIDE,1.5829769019918146e-05,0.9987908827431399,0.0011932874878403505,0.5661688720568013,0.5129996772676148,0.5733333083106504,0.42904283641574087,0.3347000135422753,-0.005859929247529815,0.07940500340047826
2020-05-05,SIDE,1.572197879355677e-05,0.9919874837490555,0.007996794272151024,0.5622357226999356,0.5014160683087964,0.5717436373657148,0.11986650052759285,0.25510886618702217,-0.000984668167074703,0.08567887261310535
2020-05-06,SIDE,1.5772882401092523e-05,0.9952009619231159,0.004783265194482861,0.5579746244405595,0.47340374695530185,0.5719636925498696,0.10221618729446094,0.25189796130057546,0.012076628298100986,0.0898195450019785
2020-05-07,SIDE,1.5785187477890057e-05,0.9959775884025374,0.0040066264099847424,0.5272585609739892,0.4658857376265617,0.5692663030122562,0.17607697714663786,0.2529232334529008,-0.006137915298601138,0.10009231037315398
2020-05-08,SIDE,1.5643305017581792e-05,0.9870180099468832,0.012966346748099206,0.42904283641574087,0.3650257369294859,0.5689635146486411,0.26669448635540594,0.24922861476852765,-0.012470013424898226,0.0824535450642132
2020-05-11,BULL,0.9891290414561975,1.567671796185653e-05,0.010855281825840592,0.11986650052759285,0.364264047667357,0.5687280253717959,0.2600583448350919,0.2558111766482432,-0.04606501894676725,0.09067785487429929
2020-05-12,BULL,0.9976501246704722,1.5811690584940264e-05,0.0023340636389429844,0.10221618729446094,0.3360807532640782,0.5687217794038854,0.34581427211156357,0.2552676096910632,-0.03512712584370496,0.07390943057919426
2020-05-13,SIDE,1.5834843126773026e-05,0.9991110479305433,0.0008731172263300471,0.17607697714663786,0.3390174341255853,0.5709636037798023,0.3632302442585349,0.2689162696181014,-0.0343663765938139,0.060914323754531076
2020-05-14,BULL,0.998210601391803,1.5820572709962087e-05,0.0017735780354872028,0.26669448635540594,0.3520341592959105,0.5722729379079778,0.3668355535413742,0.26249372989116987,-0.00400022452431557,0.07081815313928538
2020-05-15,SIDE,1.5817545344488285e-05,0.9980195720408359,0.0019646104138194777,0.2600583448350919,0.35127976059451127,0.5717592930277278,0.3284458448112206,0.25073509260306204,-0.010739480754173346,0.08163221248364656
2020-05-18,BULL,0.9983960802597125,1.582351214853594e-05,0.0015880962281391018,0.34581427211156357,0.35525157788959066,0.575042247844849,0.3317145031339782,0.2513493573786023,0.023055766613009558,0.11323861887535908
2020-05-19,BULL,0.9856986276231772,1.562242846229641e-05,0.014285749948360528,0.3632302442585349,0.356569583636679,0.5755399633410401,0.16740392190106373,0.21035807851007352,0.04792043583628646,0.12800814872568728
2020-05-20,BULL,0.9950158151894659,1.5769949032568414e-05,0.004968414861501537,0.3668355535413742,0.34859331667192284,0.5780119805785119,0.25398051773470004,0.21727796430576338,0.04565843602609889,0.12214050087410672
2020-05-21,BULL,0.9960873550962972,1.5786926726940972e-05,0.0038968579769759763,0.3284458448112206,0.33906845178898204,0.5783131370704424,0.24807562417746473,0.21315539710163903,0.050746871961969274,0.12426969214705495
2020-05-22,BULL,0.9979097244595576,1.5815804536347818e-05,0.0020744597359060144,0.3317145031339782,0.33565465595024463,0.577415817302147,0.2445275786601299,0.21310101387863736,0.08347099289119543,0.14703332494476265
2020-05-26,BULL,0.9975833305368209,1.5810632091824207e-05,0.002400858831087149,0.16740392190106373,0.33044176442644924,0.5774627580375562,0.2036368241284203,0.2097603591182544,0.10004685641117492,0.13221130614026652
2020-05-27,BULL,0.9984018418383686,1.5823603457621036e-05,0.0015823345581738953,0.25398051773470004,0.34589978237324925,0.5811151942858057,0.13449389544970353,0.22287449922817734,0.07709959811413003,0.09944500787631935
2020-05-28,BULL,0.996893886946829,1.5799706731652213e-05,0.0030903133464392375,0.24807562417746473,0.3502677728093824,0.5829570483562669,0.11111019265851983,0.20497293891385954,0.055241717166101066,0.0899207033472008
2020-05-29,BULL,0.9981893683454076,1.582023621431318e-05,0.0017948114183782466,0.2445275786601299,0.345769576031354,0.5834038473400363,0.16609684946896375,0.19941903623052762,0.056992144322361445,0.07363919172073938
2020-06-01,BULL,0.9983862661428351,1.5823356615188765e-05,0.0015979105005498088,0.2036368241284203,0.33887950866190564,0.5863457212524211,0.1655052557617407,0.20205198188412954,0.034144241905690834,0.04730055869756292
2020-06-02,BULL,0.9965797009316195,1.57947281470115e-05,0.0034045043402335935,0.13449389544970353,0.26120973843730255,0.5829193124905322,0.11648412091121252,0.18616816463252844,0.006746339707689021,0.04419719820025256
2020-06-03,BULL,0.9978695148130499,1.581516731776048e-05,0.002114670019632352,0.11111019265851983,0.25699837405877285,0.583218015061123,0.14715466982446965,0.18369098477087042,0.005412922226291357,0.047566749914842194
2020-06-04,BULL,0.9987683465658117,1.5829411860548525e-05,0.0012158240223277962,0.16609684946896375,0.2582011095727249,0.5821604867830997,0.14348700655325197,0.18546837856172488,-0.012754110200985882,0.056056289916126205
2020-06-05,BULL,0.9991173406280592,1.583494285674365e-05,0.0008668244290840629,0.1655052557617407,0.25556220157823084,0.5827586017121099,0.21700886424917937,0.1846291523083533,-0.0168285929493465,0.05947470929691547
2020-06-08,BULL,0.9992266140000252,1.583667468279767e-05,0.0007575493252921216,0.11648412091121252,0.25568010027292837,0.582783251298837,0.20215192908787957,0.18698610734019752,-0.03541207253246965,0.06032228504018664
2020-06-09,BULL,0.9993240302493002,1.583821859710125e-05,0.0006601315321028722,0.14715466982446965,0.26172256671204214,0.5811469902985656,0.21108338607075303,0.1869897004605596,-0.013291346005464942,0.06354173470295156
2020-06-10,BULL,0.9991930219979956,1.583614229693608e-05,0.0007911418597075409,0.14348700655325197,0.2597625453811419,0.5724250516323829,0.23589222889400718,0.18408367033126402,-0.023504254945707473,0.06665757297705861
2020-06-11,BULL,0.9994887351835764,1.5840828958000747e-05,0.0004954239874655516,0.21700886424917937,0.26884898915353006,0.5740094626474929,0.22047685031337508,0.1852215430256465,0.018971592302788075,0.08384665934017584
2020-06-12,BULL,0.9987132988087928,1.5828539450748667e-05,0.0012708726517566256,0.20215192908787957,0.24678087981464025,0.5456417872687602,0.224026216270527,0.16495298103717337,0.0268598005257619,0.07992468858901945
2020-06-15,BULL,0.9985702507731742,1.58262724040372e-05,0.0014139229544217454,0.21108338607075303,0.2568114529463483,0.5412617886168797,0.23799965743507084,0.16457076551499916,0.04945131448345395,0.07776778843136437
2020-06-16,BULL,0.9966225937321468,1.5795407817358758e-05,0.0033616108600358213,0.23589222889400718,0.2133604228031262,0.5159899988863295,0.14583847242150877,0.16799076210638722,0.05466163170694294,0.06862161032467516
2020-06-17,BULL,0.9905254396212282,1.5698826219555464e-05,0.00945886155255236,0.22047685031337508,0.215795667509803,0.513102897041474,0.15106214702232418,0.16653702342157292,0.042028453877916996,0.08334153182906699
2020-06-18,BULL,0.9924367223198508,1.57290937851714e-05,0.007547548586364073,0.224026216270527,0.21597713426854276,0.499696082831117,0.2314053777560094,0.16700722081603692,0.019357294986918717,0.07721039113481959
2020-06-19,BULL,0.9898885877446395,1.5688742760959468e-05,0.010095723512599592,0.23799965743507084,0.21862624413480067,0.4969785764329392,0.207965600311023,0.16030845940775412,0.013438638499192964,0.07318020600141914
2020-06-22,BULL,0.9932673688096362,1.5742250591145375e-05,0.006716888939772607,0.14583847242150877,0.2129268384666816,0.48455873186630277,0.19156998298762173,0.15729394535340954,0.00011637153565362245,0.07930686642680783
2020-06-23,BULL,0.9934007307380617,1.5744363072766723e-05,0.006583524898865629,0.15106214702232418,0.21305934707957735,0.3846049202562114,0.19810548229746003,0.16017884198433605,-0.016261773356004487,0.06126820957633758
2020-06-24,BULL,0.8094852681843293,1.2966258953366035e-05,0.19050176555671727,0.2314053777560094,0.20896805353601364,0.3848644574580319,0.14517847120443841,0.1558456269606115,0.012032748471161012,0.08463493637475585
2020-06-25,BULL,0.8535192461107455,1.3593135527608848e-05,0.14646716075372695,0.207965600311023,0.20380666192975147,0.36449285187232805,0.12708171801641144,0.14045867071983176,0.02522134015265278,0.08432567618618354
2020-06-26,BULL,0.950348418734624,3.348837936620225e-05,0.04961809288600984,0.19156998298762173,0.2036855194472582,0.35750116144980587,0.13517442660658366,0.14061863218354223,0.021377303735026346,0.06963602395743312
2020-06-29,BULL,0.9759837260232376,4.194539740849419e-05,0.023974328579353842,0.19810548229746003,0.19061865223828922,0.3580713970351829,0.13057733467421623,0.1431059012383705,0.042827661898537726,0.09150434245610918
2020-06-30,BULL,0.9739948158640961,0.00010338343622444994,0.02590180069967951,0.14517847120443841,0.18454989389476972,0.3441436792802106,0.10121568133983057,0.14363381539750975,0.04716596824831471,0.08382045226689763
2020-07-01,BULL,0.9802593639119213,0.0008536913807671002,0.0188869447073116,0.12708171801641144,0.18707279427188514,0.33735592373997314,0.07723210221052865,0.1495874592971821,0.026090876210387928,0.06244867915936987
2020-07-02,BULL,0.9875889783365108,0.000727227291090042,0.011683794372399107,0.13517442660658366,0.18917860993739877,0.3250016623087368,0.14361508938089884,0.15283948813116177,0.024503745288507652,0.048263366901741024
2020-07-03,BULL,0.9956541499885596,8.153512714018046e-05,0.004264314884300051,0.13057733467421623,0.18672548270412323,0.3208340372240153,0.13955875779728055,0.15063889165814,0.015036259223063841,0.0264446928795713
2020-07-06,BULL,0.9896559262771012,0.0023382008444460096,0.008005872878452794,0.10121568133983057,0.19183948523488942,0.2757710149771196,0.1535102837467569,0.1636342797085752,0.0036213863427574052,0.03034237226045115
2020-07-07,BULL,0.9705303908084171,0.0162140795798098,0.013255529611773053,0.07723210221052865,0.18369761723420336,0.2752247731951084,0.11584173226568839,0.16814141060985124,-0.01796656914129181,0.027580019722186256
2020-07-08,BULL,0.9763307071551197,0.015872894692327888,0.00779639815255228,0.14361508938089884,0.18831341835249846,0.2651736640194644,0.1726135175489213,0.1680215697641253,-0.008211470383741308,0.045146190761709636
2020-07-09,BULL,0.8877407728856609,0.09455199740199792,0.01770722971234109,0.13955875779728055,0.16644865896517597,0.26353726134339006,0.16815021476777278,0.16579209568839937,-0.006820296093699094,0.036376726733765914
2020-07-10,BULL,0.9462641556310506,0.045021434075443775,0.008714410293505578,0.1535102837467569,0.16883152800959733,0.26303265851386204,0.1743975346696895,0.16331837314953734,0.012335324097431781,0.04557422135539956
2020-07-13,BULL,0.8980251033962277,0.09117928848279681,0.010795608120975585,0.11584173226568839,0.15164149706410338,0.26287251941654227,0.205050391448181,0.16220779972705002,0.020115317938161677,0.04699579356285051
2020-07-14,BULL,0.9258696422360972,0.06877834379390271,0.005352013969999975,0.1726135175489213,0.17065779939868606,0.2603304870548701,0.21407290138878393,0.16239755635474418,0.050990392478897216,0.06399865533650832
2020-07-15,BULL,0.8294795435734192,0.1149753979826785,0.05554505844390212,0.16815021476777278,0.1690860970581089,0.260279118420117,0.08501842612104467,0.14513474424412937,0.04730823095860547,0.06227303801117234
2020-07-16,BULL,0.8879922716121559,0.10163461216710158,0.010373116220742476,0.1743975346696895,0.15900327012630175,0.25162921014392026,0.11031124721171777,0.1455606199881617,0.0433218584236057,0.04001291120770156
2020-07-17,BULL,0.8474766652234855,0.13996567626600756,0.012557658510507008,0.205050391448181,0.15892940316013637,0.24954089375758196,0.10952360496000502,0.14967328601274918,0.026472580038282678,0.031191577265410254
2020-07-20,BULL,0.8690443160997515,0.10512420544545883,0.025831478454789603,0.21407290138878393,0.16098756334254594,0.24910192803410602,0.11385533423804939,0.1429561872849047,0.00989445645520678,0.032416020424283196
2020-07-21,BULL,0.8944527892155932,0.08199278014740705,0.02355443063699963,0.08501842612104467,0.15853379900996376,0.2463286291987961,0.1221151330760813,0.1440410414822532,0.012313847564954973,0.021812376635607457
2020-07-22,BULL,0.9545447651315648,0.0402330408553848,0.005222194013050324,0.11031124721171777,0.14355306048765332,0.24562823523371816,0.13584129913632884,0.13833181634869932,0.0062904693345553694,0.016004048455721478
2020-07-23,BULL,0.9298134252019645,0.0651599600042412,0.005026614793794318,0.10952360496000502,0.14257218695793292,0.24529973756268897,0.1554644129786833,0.141710548325578,-0.010153508744224812,0.013826727058270732
2020-07-24,BULL,0.949435525759486,0.04674397858865282,0.0038204956518611433,0.11385533423804939,0.1430164161465522,0.24341911583811532,0.15824584848528442,0.14061919536359807,-0.010840969131789682,0.024034059768764948
2020-07-27,BULL,0.9289898112224736,0.06604737991168709,0.004962808865839273,0.1221151330760813,0.1418647156023322,0.23635942349429218,0.15828559778077309,0.14270842998053992,-0.021814027342835305,0.030125198530747528
2020-07-28,BULL,0.8443022351761197,0.14935845024532401,0.006339314578556376,0.13584129913632884,0.1460030850586892,0.20052342686198393,0.1893346273617765,0.1406339177483041,-0.018334308297120225,0.02179940723327231
2020-07-29,BULL,0.7205085439260526,0.2685754928215943,0.010915963252353075,0.1554644129786833,0.1502761714541785,0.2003074335975017,0.2120550450749202,0.13324415239483067,-0.009074464296396719,0.03131777203055335
2020-07-30,SIDE,0.12656048846003032,0.8675205621967231,0.005918949343246632,0.15824584848528442,0.15347260015748174,0.2017163353803091,0.20841335502652364,0.12848901999277546,0.008788387812727646,0.047961366949554954
2020-07-31,SIDE,0.05624208173616565,0.9388635363363976,0.004894381927436879,0.15828559778077309,0.15415648069208965,0.20080908989050447,0.20803831811684348,0.12418108295938282,0.01261710512053273,0.027965911302744725
2020-08-03,SIDE,0.14589691678026426,0.8485347129553629,0.005568370264372817,0.1893346273617765,0.16030178507788903,0.20471780388878028,0.20474890994080816,0.1505783678979324,0.03416578769889224,0.05176487695737354
2020-08-04,SIDE,0.059248494693295815,0.8894727240953325,0.05127878121137167,0.2120550450749202,0.17236457101627697,0.20707049791836213,0.1162547381579007,0.13689838273697594,0.020274807645156646,0.0388688028226417
2020-08-05,SIDE,0.2695215624192146,0.6235631913595934,0.10691524622119208,0.20841335502652364,0.16826053420513942,0.20652010471280352,0.05268862482449974,0.12456964496385436,0.018452066473030167,0.03763740171558093
2020-08-06,SIDE,0.23540144498167964,0.740067696059625,0.024530858958695362,0.20803831811684348,0.1675510583165097,0.20383036800027232,0.06117504017507058,0.12480117751971816,0.008915376865721312,0.011866652075725763
2020-08-07,SIDE,0.25566723673072606,0.7205863158733143,0.02374644739595954,0.20474890994080816,0.16608863048213549,0.19475097289414764,0.04632738480760372,0.13773967012278512,-0.003184111619763504,0.01249512249050574
2020-08-10,SIDE,0.041443575221607715,0.9499934654693124,0.008562959309079922,0.1162547381579007,0.16637621364378327,0.1945929390373001,0.10174561130888432,0.137795682011756,-0.002047319992557537,0.0041793087948669115
2020-08-11,SIDE,0.15217801872783593,0.845491749238827,0.002330232033337163,0.05268862482449974,0.14804051538341484,0.17735539466569045,0.10594002617209665,0.13746431058252767,0.005535544799594479,-0.0039379710632414635
2020-08-12,SIDE,0.13484367869983746,0.8641911507738763,0.0009651705262861628,0.06117504017507058,0.14871318876157694,0.17763936753465928,0.13762361856949923,0.13703965158361242,0.008804113777996291,0.01237841327862925
2020-08-13,SIDE,0.08877607805193273,0.9103335491178545,0.0008903728302128676,0.04632738480760372,0.14598654991839327,0.1743679517267207,0.13604989040355134,0.14676275769012762,0.0010392414031546511,0.014408395135974382
2020-08-14,SIDE,0.05937323690594201,0.9399831345200652,0.0006436285739926421,0.10174561130888432,0.14564351242329238,0.17688224187140753,0.15478743744567516,0.1467059219681829,0.017135674274174992,0.023137011787370182
2020-08-17,BULL,0.9287129258935534,0.0024940812218327006,0.06879299288461407,0.10594002617209665,0.1423140018296833,0.17552019306459213,0.12071412533409938,0.14105804264500268,0.019315062541637253,0.024130575419736174
2020-08-18,BULL,0.9635266840084902,0.001060988889146575,0.03541232710236311,0.13762361856949923,0.14187795565531208,0.17610062969599052,0.12471034445189183,0.14154517882874093,0.007603634561671038,0.019069821337263152
2020-08-19,SIDE,0.02672343394268639,0.9714814997776927,0.0017950662796209437,0.13604989040355134,0.1412527417437356,0.1666728788153796,0.10068639640476046,0.13758943671747914,0.012300878162619855,0.009396130112063713
2020-08-20,BULL,0.9392282328289837,0.0009531465882480293,0.059818620582768246,0.15478743744567516,0.14325679564617272,0.1653292670696876,0.10745579445757482,0.14064903856773767,0.021604192909387317,0.01689558820395212
2020-08-21,SIDE,0.0039390288345702565,0.994038077407287,0.0020228937581428554,0.12071412533409938,0.14395575155000045,0.1648425877983718,0.05566498761973386,0.13701143466644666,0.0239811311470595,-0.010702002713980982
2020-08-24,BULL,0.9305144220608779,0.0010390217519851096,0.06844655618713706,0.12471034445189183,0.14424571426467195,0.15849399123751473,0.060479718895322374,0.15757192164766884,-0.006909117597809721,-0.0276585815863846
2020-08-25,BULL,0.937975400044595,0.0012061131738182393,0.06081848678158678,0.10068639640476046,0.13505134635807833,0.15625281624877124,0.19516097538093075,0.15656339894731489,-0.00017434891620935232,-0.030120706904262072
2020-08-26,BULL,0.9492575453703473,0.0006667462338744413,0.05007570839577822,0.10745579445757482,0.1318042104743717,0.1560399381144362,0.20487927475217252,0.15643448399523766,-0.0012649127077508147,-0.06659091331008116
2020-08-27,BULL,0.9588035768995128,0.0007978834565007545,0.040398539643986424,0.05566498761973386,0.12584472573807826,0.15564672912639985,0.20274936019881493,0.18149018715905543,-0.002754834611369115,-0.04503293010454911
2020-08-28,SIDE,0.04231859549740291,0.9571269695111523,0.0005544349914448467,0.060479718895322374,0.12610300501467459,0.15494719453654016,0.20252136636845466,0.20172269678607382,-0.02730632706110174,-0.03672957088434899
2020-08-31,SIDE,0.06217278767036725,0.9370158616770066,0.0008113506526261434,0.19516097538093075,0.139319608022053,0.16312540361097025,0.2147930540175655,0.20871350970316938,-0.0028536836917063004,-0.0146044816223548
2020-09-01,SIDE,0.0003822270989192612,0.9472337639948519,0.05238400890622876,0.20487927475217252,0.12702562514514362,0.16089675979651852,0.15335074821225064,0.19447118226027515,-0.013419780463614485,-0.019606399737660526
2020-09-02,SIDE,0.24537422709731763,0.7490348103530468,0.005590962549635721,0.20274936019881493,0.1277172663535322,0.16076027504777776,0.13690857099594347,0.19266281935239382,-0.022531966240726627,-0.010286798375293659
2020-09-03,SIDE,0.3254048792800509,0.6694956290218199,0.0050994916981290765,0.20252136636845466,0.12531819024186844,0.15320607441081807,0.11569000689858418,0.19925491659704883,-0.0068069219639214735,-0.002092850339245302
2020-09-04,SIDE,0.2256242945105193,0.7709124288907248,0.003463276598755827,0.2147930540175655,0.14129545422373319,0.1579861910624952,0.1829711073460872,0.2011819130718123,0.011457119925970014,0.028576168501577674
2020-09-07,SIDE,0.005723822847229404,0.989757045116529,0.0045191320362415795,0.15335074821225064,0.14042071586781787,0.1533572093272621,0.12019228384282263,0.19684532309357927,0.0074577776771007345,0.0332412750006217
2020-09-08,SIDE,0.004708404914543001,0.993834337666268,0.0014572574191888245,0.13690857099594347,0.14006082960510288,0.1529422913733661,0.12435959823450453,0.1976586932267527,0.017903946632311634,0.044690497908494824
2020-09-09,SIDE,0.00464445881304328,0.994197876565149,0.0011576646218078572,0.11569000689858418,0.1405442099156966,0.1529679688683939,0.1209322736758328,0.19805493804331098,0.028543337200099102,0.05487704065391451
2020-09-10,BULL,0.6839027354821988,0.31458213816397956,0.0015151263538216017,0.1829711073460872,0.15049811438035005,0.150272840149979,0.10421247878686735,0.19756153917819538,0.0058218306114308374,0.041211638449844
2020-09-11,SIDE,0.18461885983354265,0.8109258252702163,0.004455314896241046,0.12019228384282263,0.14421892458738625,0.14784538515664108,0.10039213046791882,0.19230613447908046,0.0035264344711323447,0.04018242225274784
2020-09-14,SIDE,0.01116586503735428,0.9880691228563738,0.0007650121062719061,0.12435959823450453,0.14350234786803462,0.14775035702799158,0.10147499370363276,0.19238204058932262,-0.01670334022717605,0.04537087844954352
2020-09-15,BULL,0.8730315517321053,0.12621665816762115,0.0007517901002736574,0.1209322736758328,0.13922469595422027,0.14544361912135917,0.195324256390444,0.19184664847085223,-0.032474094464483357,0.013667049642556137
2020-09-16,SIDE,0.010956390439577154,0.9879775363307861,0.0010660732296368172,0.10421247878686735,0.14110251211815958,0.14118444795920604,0.1729140522477783,0.2119056156308398,-0.04158689367985403,0.013514991520349634
2020-09-17,BULL,0.9120841922314821,0.08682684751714884,0.0010889602513691587,0.10039213046791882,0.140414924696139,0.1423800916510725,0.13568409730209388,0.21184744270212816,-0.06368616525952515,0.030525069627452633
2020-09-18,BULL,0.8638823882925607,0.13512278931913838,0.0009948223883009131,0.10147499370363276,0.13959407998962545,0.1416913792849101,0.202902570173061,0.21165033155795457,-0.040324325399114035,0.033492078851000355
2020-09-21,BULL,0.9020277133679535,0.09736955973967829,0.0006027268923682309,0.195324256390444,0.15828240894288326,0.14907363453583466,0.32143173695229565,0.21147196502810411,-0.0020464370233085707,0.05928025482863512
2020-09-22,SIDE,0.0028014373211020004,0.9925924857617274,0.004606076917170656,0.1729140522477783,0.16048656705773764,0.15042924299001234,0.3289633720568265,0.1926996701223321,0.0061449823662199764,0.06447323768618846
2020-09-23,SIDE,0.02693999844390951,0.9707460040177315,0.002313997538358957,0.13568409730209388,0.1575874192327289,0.14880115696800006,0.3210811236833656,0.18961899483410735,0.010339958250392288,0.0692752045781002
2020-09-24,SIDE,0.0858200856002422,0.9112930176833862,0.0028868967163717153,0.202902570173061,0.18560386253164377,0.16002936157531664,0.31983793899284907,0.18874269549731496,0.055039202227036656,0.0853028479984262
2020-09-25,SIDE,1.5532954038472788e-05,0.9800399829346133,0.019944484111348193,0.32143173695229565,0.20373396386251771,0.16599437580330034,0.1542455305162988,0.15924173488004018,0.040185245153934804,0.07319419471359832
2020-09-28,SIDE,1.4651360953354548e-05,0.9237149645200179,0.07627038411902871,0.3289633720568265,0.19952126858626656,0.16647761335447073,0.11663272098408642,0.14671005851524646,0.03799941232482475,0.043744982166198494
2020-09-29,SIDE,1.5098887130451676e-05,0.9524635676772983,0.04752133343557125,0.3210811236833656,0.1973130874034986,0.16640271687029745,0.10804441040421148,0.15068115551117753,0.04499207293127035,0.0391782148275032
2020-09-30,SIDE,3.448030724417216e-05,0.9769614638286288,0.023004055864127047,0.31983793899284907,0.1961447929811832,0.16527854122687746,0.08389108741557308,0.1524716447708711,0.050877117182540635,0.03450327946135176
2020-10-01,SIDE,3.222325810012661e-05,0.9791722164802847,0.02079556026161495,0.1542455305162988,0.20443030482242364,0.16675447650590833,0.06140608792499473,0.1531859326863205,0.04263187278848153,0.021849514062870237
2020-10-05,SIDE,0.19732888491487524,0.7683869455213683,0.03428416956375648,0.11663272098408642,0.19661173347511335,0.16695381017562522,0.04730829246677797,0.1454113918776455,0.036497566825167964,0.026604648025235992
2020-10-06,BULL,0.8311787300632918,0.16325384224445164,0.0055674276922566875,0.10804441040421148,0.2019501429552812,0.16890251871186884,0.06998298545582926,0.14897835329790407,0.023063373677140342,0.020882439205329312
2020-10-07,BULL,0.8939072581293639,0.09804302289724344,0.008049718973392633,0.08389108741557308,0.20196455436134186,0.1642379089968206,0.05573042412303171,0.14418756177664843,0.01958738112602253,0.03197787891508613
2020-10-08,BULL,0.9503600652081667,0.04431704705780599,0.005322887734027236,0.06140608792499473,0.20211829095578898,0.16475870212212293,0.05360417123709021,0.15432504536356745,-0.013119501633626896,0.0356040037988534
2020-10-09,BULL,0.9480351324253177,0.039137729841451495,0.012827137733230657,0.04730829246677797,0.19729095930766846,0.16386932528905562,0.19863190272188497,0.15677110172018627,-0.012818711933465784,0.04487681343283507
2020-10-12,BULL,0.9559480710971456,0.035551864919375696,0.008500063983478653,0.06998298545582926,0.19728766660371475,0.16153698208348602,0.1995311939089211,0.1636437088575757,-0.004864738210960483,0.0570261626687044
2020-10-13,BULL,0.9671137663783982,0.029919300803711378,0.002966932817890371,0.05573042412303171,0.19680201968336858,0.16033614610425373,0.21674561756470676,0.168304496231474,-0.0031639089306150204,0.06603123739249575
2020-10-14,BULL,0.9694014908321876,0.02804122994289384,0.002557279224918436,0.05360417123709021,0.19595825263662314,0.15864589920204933,0.21770788631634996,0.1695605537610049,-0.0027939638480844247,0.05838608648340248
2020-10-15,BULL,0.9674696750096475,0.030166081042585512,0.002364243947766888,0.19863190272188497,0.21605083751050136,0.16704394025970126,0.21811844055613297,0.1716648521180059,0.018332093579148993,0.08526368438209901
2020-10-16,SIDE,0.00875872497125131,0.970665302060224,0.020575972968524595,0.1995311939089211,0.21513538188428924,0.16697666429135666,0.07822583179186472,0.14001395378676032,0.014173319377896777,0.08298875646795649
2020-10-19,SIDE,0.15430256580852697,0.8366914489254349,0.009005985266038052,0.21674561756470676,0.2169604337237167,0.1677930680977171,0.07240093074944336,0.1396324777877106,-0.008908386888551579,0.08095418278658907
2020-10-20,SIDE,0.09134024811801057,0.8960537868792383,0.012605965002751162,0.21770788631634996,0.19769280056872301,0.16724429100405083,0.11453793177693353,0.13881526465858596,-0.0006222095365160601,0.08391858396748954
2020-10-21,SIDE,0.09831786460476628,0.8921860853716541,0.009496050023579596,0.21811844055613297,0.19301397585617672,0.1647856369815138,0.14326893459660198,0.1386954724789901,-0.01758170968574513,0.06753451452180817
2020-10-22,SIDE,0.07084849628889531,0.9191744806326392,0.009977023078465683,0.07822583179186472,0.1936385314160577,0.16383091370742536,0.1656244638263503,0.15063973299897448,-0.01915004049246533,0.07780780732429339
2020-10-23,BULL,0.8871713587642597,0.10923346501443892,0.0035951762213014687,0.07240093074944336,0.14929045398572222,0.16252790560980818,0.16596309780616497,0.14910137622724343,-0.02443196686635623,0.0801900263054674
2020-10-26,BULL,0.964303892091735,0.03286760422585539,0.0028285036824097264,0.11453793177693353,0.1483674435591105,0.1652158108497754,0.15654749936617893,0.14915668531554638,-0.008414131708519085,0.1038199529139035
2020-10-27,BULL,0.7353921675348225,0.25972626597719367,0.004881566487983942,0.14326893459660198,0.14319311291518214,0.16215190566725263,0.1400149184330574,0.13602478978147708,-0.006404301534427519,0.07835004741697356
2020-10-28,BULL,0.7768602752068331,0.22078192527549756,0.0023577995176693625,0.1656244638263503,0.15430430871068374,0.16104789855823706,0.15112364140906037,0.15119342770362948,0.015136869363955557,0.10183329564076818
2020-10-29,SIDE,0.15351200854586736,0.8410724635211705,0.005415527932962113,0.16596309780616497,0.15642641654142872,0.16150848630148149,0.11390359669431245,0.1387853013363507,0.0377917370188533,0.10546804320758058
2020-10-30,SIDE,0.22073430544764372,0.7765051305571281,0.002760563995228181,0.15654749936617893,0.14911546330136446,0.16077389478261062,0.125913679454619,0.1360713439986021,0.05197784152004234,0.11864922476488741
2020-11-02,SIDE,0.206957775563022,0.7908984105677626,0.0021438138692154367,0.1400149184330574,0.14720454864076227,0.1608050896019356,0.09017731073747708,0.13462100881538056,0.0656591721584462,0.11671269075026458
2020-11-03,BULL,0.5151415238504817,0.48361687337711495,0.0012416027724032708,0.15112364140906037,0.14559853297777864,0.16233404557214956,0.060013454976148906,0.13539402627754663,0.06691908146863619,0.10595372859169316
2020-11-04,SIDE,0.352088649540056,0.6453169476259604,0.002594402833983607,0.11390359669431245,0.1464818372105282,0.16282254146273079,0.05957068858129484,0.1337689861736417,0.06821217186430671,0.10739019649439101
2020-11-05,SIDE,0.017182643045429914,0.9820768730592268,0.0007404838953432635,0.125913679454619,0.15640626962019946,0.1663461233246506,0.052510032160297135,0.13426168210546613,0.04599558869433869,0.09706527091704685
2020-11-06,SIDE,0.025429729168069178,0.9694402914109401,0.005129979420990751,0.09017731073747708,0.15975427437153317,0.1677039438178197,0.12834783209097012,0.12668491729470172,0.03654017894961865,0.08809700096748312
2020-11-09,SIDE,0.18008048704014518,0.8155520339928554,0.004367478966999484,0.060013454976148906,0.16787267322552496,0.16836681451539667,0.13394189590050842,0.12411041587053832,0.02529323110165553,0.0822351416514736
2020-11-10,SIDE,0.24688744925754288,0.7432878988905582,0.009824651851898951,0.05957068858129484,0.17244083455565615,0.1698615492745548,0.10968931328173473,0.11863988101039598,0.01906328190692409,0.06491895798160502
2020-11-11,BULL,0.9521850783751772,0.005964395749980923,0.0418505258748419,0.052510032160297135,0.17396515821436098,0.16921172402839027,0.08555151160476801,0.1160507866418738,0.014723437644378792,0.058250482752520066
2020-11-12,BULL,0.9592091463050912,0.003530469224040627,0.037260384470868206,0.12834783209097012,0.14350005389294082,0.16973029644528254,0.0725693280463329,0.11383164608775695,0.006354464190321214,0.06611052102185473
2020-11-13,BULL,0.9760268118181716,0.01464556380349218,0.009327624378336254,0.13394189590050842,0.14323051150574911,0.16838377911970767,0.12937812699632278,0.11063891021641592,0.010876216521343513,0.06453139647726693
2020-11-14,BULL,0.9766506056286337,0.018699059027049172,0.0046503353443172095,0.10968931328173473,0.1418317663921641,0.16834470749206543,0.1354705519256421,0.11092731271509251,0.011374589215407743,0.06823125056747735
2020-11-17,BULL,0.9740244537809928,0.023083874934268698,0.002891671284738574,0.08555151160476801,0.14225282485743757,0.16819820534966487,0.1361072212833637,0.11235469716448267,0.013957383238762904,0.06513692294218852
2020-11-18,BULL,0.9763825879476435,0.01999247167722058,0.0036249403751359927,0.0725693280463329,0.14228274717464043,0.1682850009874412,0.14319432748641614,0.111448216416897,-0.006190746087032061,0.06161776227678754
2020-11-19,BULL,0.9766198718060505,0.019748429696359888,0.0036316984975897125,0.12937812699632278,0.1525336285373154,0.1707433088206921,0.1882877119052965,0.11137451422537933,0.01671707143321485,0.042665311284199356
2020-11-20,BULL,0.6197744952073571,0.3670475758475462,0.013177928945096845,0.1354705519256421,0.15294114679901186,0.17105712252159272,0.1675637520226373,0.15589716624189195,0.008510195390821861,0.04614242459755722
2020-11-23,BULL,0.9671175130907754,0.029326441554174906,0.003556045355049733,0.1361072212833637,0.13832392575081398,0.17077893302619723,0.16697679122490172,0.15769664829643504,0.014027231593063776,0.05087507203534319
2020-11-24,SIDE,0.05513482926614285,0.9429567192078396,0.001908451526017578,0.14319432748641614,0.13812802244398037,0.16385717543113715,0.1785110596760323,0.15968228990674663,0.0044786061278419735,0.05180158523466119
2020-11-25,BULL,0.9675187933943896,0.024952997962234016,0.007528208643376438,0.1882877119052965,0.14111186025791486,0.1673640700648664,0.1670847116237332,0.16026067272044184,0.021199379640291977,0.07596162721434518
2020-11-26,SIDE,0.04456681149910858,0.9039966255799871,0.051436562920904434,0.1675637520226373,0.13753961411918295,0.16800817534494317,0.09015745014110253,0.14812416581809557,0.020693770217578497,0.07028256077061026
2020-11-27,BULL,0.9575306161847642,0.02142068870858968,0.021048695106646094,0.16697679122490172,0.13680335916992123,0.16806416786199127,0.08818943753503745,0.1463600581338821,0.029388964728319367,0.07520917305827415
2020-12-01,BULL,0.9676111199122742,0.019082859246566893,0.013306020841158894,0.1785110596760323,0.13754961647449704,0.16429990884869078,0.07436242955179616,0.145342175094109,0.021425617722638096,0.06445007641647746
2020-12-02,BULL,0.9552572611041802,0.014230125300193082,0.030512613595626736,0.1670847116237332,0.13661757243336925,0.1643509003025975,0.061987284048836744,0.14342676792751505,0.03118162305965519,0.06671658780478053
2020-12-03,BULL,0.9629315567047102,0.02670638550634828,0.010362057788941422,0.09015745014110253,0.13679760968622484,0.16392897400407952,0.061746320517762895,0.14310158860116057,0.025884310858548074,0.07330873880931865
2020-12-04,BULL,0.9814950363171444,0.014260274637055757,0.004244689045799822,0.08818943753503745,0.12958999141862632,0.16406121771563825,0.09145824227275855,0.14396817410492305,0.019072458122435673,0.06856412537414647
2020-12-07,BULL,0.9777480729816533,0.018056931075791725,0.004194995942555054,0.07436242955179616,0.1272252722966032,0.162322245018437,0.08389937100775065,0.14242527503493813,0.015040838799146559,0.057502567570888945
2020-12-08,BULL,0.9793675740145955,0.01667797641726043,0.0039544495681439655,0.061987284048836744,0.11950381671892399,0.16230214432817913,0.07800960207542501,0.14362194417673974,0.012974574459402498,0.05409178220187121
2020-12-09,BULL,0.9609401204458056,0.036178907619302744,0.002880971934891691,0.061746320517762895,0.11628639490401546,0.16272007543015993,0.07974776000922114,0.14409423589409787,0.011289340017659143,0.058715365086917645
2020-12-10,BULL,0.9655110434752096,0.030121664546851626,0.00436729197793881,0.09145824227275855,0.11678764054812608,0.16301271508637774,0.07004386261453993,0.14797987075618887,0.019281246867507575,0.07201538706704719
2020-12-11,BULL,0.9117034213062555,0.08569469998322302,0.0026018787105214947,0.08389937100775065,0.11351217386125853,0.16273771330143202,0.04542461338999701,0.147725345551397,0.018090717168646207,0.07479987978167531
2020-12-14,BULL,0.9349772032199726,0.0629374039010939,0.0020853928789336495,0.07800960207542501,0.1134683994739115,0.16135018201461335,0.04814728482043916,0.14785134328595534,-0.01709074554733429,0.07162324917092057
2020-12-15,BULL,0.9332408690408549,0.0646258919757912,0.0021332389833539052,0.07974776000922114,0.11364102043270417,0.16122258307076084,0.25735398197619436,0.14833832150488627,-0.007512755358366099,0.07301708986634667
2020-12-16,BULL,0.9047264600007299,0.09315783123527999,0.0021157087639901034,0.07004386261453993,0.11426591777265106,0.1528731894523367,0.27539585226653573,0.14809758279842491,-0.00598158931672631,0.05343348903382552
2020-12-17,BULL,0.9088331867310955,0.0885787287603289,0.002588084508575482,0.04542461338999701,0.11413236320468083,0.1508520056923174,0.27906477046054723,0.15521321649353836,0.0006220455312355307,0.038588757543299296
2020-12-18,SIDE,0.09177132214365963,0.907519850647747,0.0007088272085933243,0.04814728482043916,0.09767631579336562,0.1504894767111828,0.2908435585699669,0.1615704310992811,0.008153118850525476,0.05380040472572298
2020-12-21,BULL,0.9515540054002404,0.044586769269962,0.0038592253297975543,0.25735398197619436,0.15894748663452568,0.15257875927171877,0.29782593653857664,0.16950134389920687,0.044334320919625844,0.09418139828384126
2020-12-22,SIDE,1.1737597253631705e-05,0.7117657652699139,0.2882224971328324,0.27539585226653573,0.16139761185798782,0.14812856432481078,0.042163244896783594,0.11498196697203165,0.03757694385153872,0.08017008307500548
2020-12-23,SIDE,9.46320307190925e-05,0.9123019625925726,0.08760340537670844,0.27906477046054723,0.1614321594944246,0.14645413987963074,0.05352299891537065,0.11630054448693591,0.027602235974197815,0.055124239429081005
2020-12-24,SIDE,5.76414304097426e-05,0.9250522185105681,0.07489014005902227,0.2908435585699669,0.15065136172478918,0.14707754348813595,0.0693276443880501,0.13105838301970693,0.01939360869796141,0.03499337863872305
2020-12-28,SIDE,0.022851760907611665,0.5982720237525785,0.37887621533981,0.29782593653857664,0.15012250915672437,0.14750062950958195,0.05202905331279152,0.13369776929527274,0.01854649123526552,0.006774280864027487
2020-12-29,SIDE,1.5416719848260077e-05,0.9726778853804351,0.027306697899716677,0.042163244896783594,0.14911782821557795,0.14557038516452728,0.04689634699144339,0.14911009604746622,0.01897533482111469,-0.008291894580227725
2020-12-30,BULL,0.9048457528904835,0.0763880806462704,0.018766166463245953,0.05352299891537065,0.14670220130124476,0.14530561630064998,0.04731773746589031,0.15316018708922458,0.011682359240934389,-0.025156532456804718
2020-12-31,BULL,0.9659590163594113,0.03255719467491966,0.0014837889656691,0.0693276443880501,0.14680468009403894,0.14379422158380975,0.07181829548931061,0.1587468239007016,0.011067323508031853,0.02119107919591329
2021-01-01,BULL,0.9258023163769034,0.07191425010148847,0.002283433521608186,0.05202905331279152,0.14669126760089618,0.14360961474190373,0.0732059051357235,0.22882350142922703,0.023180400341792275,0.04391568114559472
2021-01-04,BULL,0.9534779025073776,0.04549391635010182,0.0010281811425204795,0.04689634699144339,0.14602690067796106,0.1436102197421322,0.11568145072632555,0.24389020985802357,0.024590959116276484,0.04544248333197924
2021-01-05,BULL,0.9251409635889813,0.071562033276621,0.003297003134397552,0.04731773746589031,0.145345636720166,0.14344570476963395,0.118756111289844,0.2444231111483132,0.02530821252996478,0.047862471298390594
2021-01-06,BULL,0.9506411770941171,0.04825790104051756,0.0011009218653652017,0.07181829548931061,0.14735291730678313,0.14406804339621376,0.11878276230528252,0.2448829805067065,0.029161520399178107,0.05353783546173349
2021-01-07,BULL,0.84952931390969,0.14803467084099786,0.002436015249312195,0.0732059051357235,0.145136113612941,0.14415036498403333,0.1028396605978974,0.2439075191599968,0.03189988212387808,0.0669203230798402
2021-01-08,BULL,0.9125577838422155,0.08678304071769964,0.0006591754400849364,0.11568145072632555,0.14983875900127763,0.1462044562732333,0.09340472321746464,0.246105604372794,0.006007463964567199,0.05175216206558738
2021-01-11,BULL,0.875778273847107,0.11837194298196901,0.0058497831709239355,0.118756111289844,0.1515339522395609,0.1349836165892791,0.12347350491976346,0.24272098406540996,-0.014145382656240197,0.042028742935490575
2021-01-12,BULL,0.8902040997482596,0.10831513565075897,0.0014807646009814984,0.11878276230528252,0.15168843984215616,0.1348511784486185,0.1206078645142315,0.24148446233316245,-0.0029087578873061826,0.04102233906135445
2021-01-13,BULL,0.9214857826570759,0.07576145310955415,0.002752764233370007,0.1028396605978974,0.15185913043963783,0.13448552668113434,0.18051875527002784,0.24133013530717676,0.005467403565586666,0.040266942928856984
2021-01-14,BULL,0.9349558492272991,0.06407839455036483,0.0009657562223359352,0.09340472321746464,0.1508168403940703,0.13448077044246756,0.19193363191322296,0.2414175585274083,-0.0003597621497073583,0.04809303802403508
2021-01-15,BULL,0.9513422416228533,0.04787321580285423,0.0007845425742925363,0.12347350491976346,0.1591211273158919,0.1377520819883232,0.19443317866206405,0.24301273099589338,-0.00429083892147084,0.05916577702212228
2021-01-18,SIDE,0.37663425168247167,0.6201077539802607,0.0032579943372676628,0.1206078645142315,0.16576124411871943,0.13998453169331646,0.2099342809523474,0.2382750350495243,-0.0029733333733407063,0.06292979363193049
2021-01-19,SIDE,0.35587768562831895,0.6376674258690915,0.006454888502589455,0.18051875527002784,0.11702675332495349,0.142734326896888,0.20625284874352587,0.23594686006588436,-0.03887300501116996,0.04034271653322878
2021-01-20,SIDE,0.05748005226781076,0.9156627425751126,0.02685720515707669,0.19193363191322296,0.11596058434152365,0.13863357739289725,0.1716614630858663,0.23241914196218036,-0.058138971944443174,0.022754298432992388
2021-01-21,SIDE,0.3125509534678441,0.6699805120668707,0.017468534465285245,0.19443317866206405,0.11709914416835146,0.13873940157247003,0.09346383217544996,0.23415210455951105,-0.06774967168027159,0.005832713466354341
2021-01-22,SIDE,0.007121108256141415,0.9899440213849722,0.0029348703588863586,0.2099342809523474,0.130927213987358,0.139583841458381,0.06174572824095566,0.24558265550908775,-0.006330924258969989,0.023103054051461992
2021-01-25,SIDE,0.008652070348600471,0.9774473000856763,0.013900629565723143,0.20625284874352587,0.13443238979402392,0.1409511557850904,0.42667511451550805,0.23917308335210602,0.028315911204833084,0.05087182471659056
2021-01-27,SIDE,0.000548412312262704,0.9975035053237712,0.0019480823639661407,0.1716614630858663,0.15227194822908915,0.14791732108842026,0.4555132557400744,0.2432718616542306,0.05721469370321732,0.0777860293796244
2021-01-28,SIDE,0.0002710934595148033,0.995951559833954,0.0037773467065311413,0.09346383217544996,0.15645291765727595,0.15060461757924687,0.39860822850045796,0.23060434335753208,0.07512970069973292,0.05021745289679982
2021-01-29,SIDE,0.007384240530233971,0.983978107349367,0.008637652120399167,0.06174572824095566,0.16281089858508943,0.15285521898429685,0.35336915268029145,0.26901801543578574,0.09037672715947256,0.07941514760864994
2021-02-01,SIDE,0.016219367512743017,0.9632970163519037,0.020483616135353284,0.42667511451550805,0.23469050260995164,0.17712477293140763,0.28655408560668816,0.2665223339059687,0.05679656739195887,0.04369828424611175
2021-02-02,BEAR,1.5848429563248604e-05,1.5848429563248604e-05,0.9999683031408735,0.4555132557400744,0.24921006445392718,0.18051717998870662,0.1392242248288039,0.21918770966559525,0.031016881261784795,0.039997369818095665
2021-02-03,BEAR,1.5848429563248604e-05,1.5848429563248604e-05,0.9999683031408735,0.39860822850045796,0.2505939815873417,0.18014184583408657,0.08622692616113849,0.21456351653112965,0.021177218719787814,0.01947120003670489
2021-02-04,BEAR,1.584790090696262e-05,4.920492167006821e-05,0.999934947177423,0.35336915268029145,0.2502327469385354,0.17834817029220845,0.08964527736869199,0.21699028673359555,0.018468080292928502,0.0028457722309905035
2021-02-05,BEAR,0.0001537190863068834,0.0003033204288805152,0.9995429604848127,0.28655408560668816,0.2499625132027196,0.17698899567589405,0.08614570412089087,0.21864708103857866,0.01589062786630152,0.0021385228252156566
2021-02-08,BEAR,0.012064058878476419,0.003307055362874139,0.9846288857586494,0.1392242248288039,0.2487921005731969,0.17767205491195356,0.09128247724644574,0.2185881435608786,0.013072597068072999,-0.0011517764444237417
2021-02-09,BULL,0.846633167470261,0.09260044827702565,0.06076638425271351,0.08622692616113849,0.24762340697891036,0.17713344886896706,0.07302678250663239,0.21647563107753295,0.013421078921102112,0.004325709011328163
2021-02-10,BULL,0.9870129959903111,0.0029000406383280705,0.010086963371360681,0.08964527736869199,0.2474294226222812,0.17724295641441065,0.07214808333843,0.21718640597603942,0.0067556680401997925,-0.005013706087267589
2021-02-11,BULL,0.9932954594369755,0.0010681292989106377,0.00563641126411383,0.08614570412089087,0.2475024626931211,0.177229903998853,0.09926968054228945,0.21979246890583992,-0.003588380415431887,-0.01619818293890645
2021-02-12,BULL,0.9881435465745203,0.008229650925421234,0.0036268025000583196,0.09128247724644574,0.2476881573925629,0.17712627719963178,0.10610187823749778,0.22022483611440014,-0.012045240930277964,-0.016815725218322926
2021-02-15,BULL,0.9848741386900032,0.011328840304941575,0.003797021005055191,0.07302678250663239,0.2442255245738499,0.1776865305914276,0.12165485880049724,0.22023126632206433,-0.042620086707388066,-0.03951772683572691
2021-02-16,BULL,0.9859898884348219,0.008476664671200224,0.005533446893977794,0.07214808333843,0.23927080085057334,0.17474170014005005,0.1198326091918243,0.22032815318174542,-0.040353561892131073,-0.05060116016697058
2021-02-17,BULL,0.9864592146365505,0.009501084165215843,0.004039701198233752,0.09926968054228945,0.23664937633535174,0.1757172420735889,0.13049813174173094,0.22252148743263575,-0.015031302288680548,-0.031044562446849527
2021-02-18,BULL,0.9588162673483441,0.03547336833010809,0.005710364321547929,0.10610187823749778,0.2372004446894914,0.1765443348291541,0.23073692016219885,0.2278521793454546,-0.0014296921647744024,-0.025628300342765337
2021-02-19,BULL,0.9647534062150115,0.026711379096453762,0.008535214688534779,0.12165485880049724,0.23956578088920163,0.17748860974682412,0.23989543281978282,0.2272900848957693,-0.030675817480635727,-0.011209487601688696
2021-02-22,BULL,0.8575615209226852,0.1279530707293881,0.014485408347926719,0.1198326091918243,0.24535301343745924,0.1801154620798913,0.3649631571716871,0.22646558481761117,0.005832762462023966,-0.008643309093074746
2021-02-23,SIDE,0.07184498519765906,0.7130128498090893,0.21514216499325162,0.13049813174173094,0.2422993410690076,0.17939024911327056,0.3655856946325778,0.22375316592346817,0.01426430593567999,-0.026378683531044365
2021-02-24,BULL,0.6947496433297583,0.2631119124155399,0.04213844425470171,0.23073692016219885,0.23613177117350695,0.1823457242060698,0.3719109433071177,0.22952026012316065,0.017441456306337994,-0.032197509510865
2021-02-25,SIDE,0.03368681767970361,0.7333587296241654,0.23295445269613108,0.23989543281978282,0.23032610524304525,0.18185324625718247,0.3808923418215864,0.22403817364604497,-0.0011001356397020749,-0.01684938726291654
2021-02-26,SIDE,0.01539161749093063,0.8502248893167584,0.13438349319231105,0.3649631571716871,0.2697001324835249,0.20006890191700272,0.3906880180906357,0.23786411527818951,0.0277580200339236,0.011057664298936155
2021-03-01,BEAR,1.584820549498558e-05,2.9986407223364723e-05,0.9999541653872817,0.3655856946325778,0.2226145288291453,0.20216152164433465,0.2364738722349528,0.19877295632553948,0.013100102376038385,0.007141706218226169
2021-03-02,BEAR,1.3680132841130829e-05,0.1405331416771725,0.8594531781899863,0.3719109433071177,0.20744078589275125,0.20236109754608192,0.21838878775556922,0.19539880830096604,0.0119465067014232,-0.01903504722339972
2021-03-03,BEAR,1.2364138019386036e-05,0.23577558372814422,0.7642120521338364,0.3808923418215864,0.2182295720989005,0.20607826943625795,0.21586669378711196,0.1990590806776676,-0.004654779544982516,-0.037566522444571586
2021-03-04,BEAR,2.6082355623320165e-05,0.0005352367211314918,0.9994386809232452,0.3906880180906357,0.22142406611019794,0.20780769523439532,0.1421365478822308,0.1822427732119693,-0.0033076874041846685,-0.017505580841908036
2021-03-05,BEAR,2.0519428402240377e-05,0.0009359496487563987,0.9990435309228413,0.2364738722349528,0.224228507218668,0.20841548545331912,0.13640731176158147,0.18289331527288213,-0.0005758748769683351,-0.004313720340455845
2021-03-08,SIDE,0.07976998563518926,0.6746188447225804,0.2456111696422303,0.21838878775556922,0.21924088951245738,0.20811277598831465,0.12625131981322749,0.18070940776666633,-0.003063620177236972,-0.008146787116754985
2021-03-09,BULL,0.7610908292712785,0.17783719647225876,0.06107197425646277,0.21586669378711196,0.22209489627720352,0.20870860660589804,0.1258397340055994,0.1808186636010044,-0.025293353323230305,-0.05357428097449179
2021-03-10,BULL,0.8440855397142135,0.11423528458899998,0.041679175696786405,0.1421365478822308,0.22282376566247453,0.20879202485392062,0.11189377495529629,0.21490080944811887,-0.041505790257196695,-0.04515652815758482
2021-03-12,BULL,0.8965222192474204,0.093540623909262,0.009937156843317562,0.13640731176158147,0.22483338476281997,0.21008611311921996,0.07157655818848128,0.2205550226761511,-0.019275188319382144,-0.030361235748190205
2021-03-15,SIDE,0.10077920122106578,0.8929760109144076,0.006244787864526801,0.12625131981322749,0.2259455273662803,0.21031828797973548,0.16310585892507198,0.22027671392730744,-0.01301849781929073,-0.021095736688196857
2021-03-16,BULL,0.8678163144793434,0.11631999209656615,0.015863693424090507,0.1258397340055994,0.22237222609953775,0.2103105689722495,0.16210087950542945,0.21979156832335195,-0.0064390033136438336,-0.037654047356798566
2021-03-17,BULL,0.8660490456568092,0.11995756066825344,0.013993393674937318,0.11189377495529629,0.2259520714892222,0.21229396777710055,0.17192588487946187,0.22740287644902837,-0.011745668964735905,-0.029287667298359348
2021-03-18,BULL,0.4743645859783688,0.4193587064062588,0.10627670761537249,0.07157655818848128,0.22769985904317497,0.20253997891402584,0.19660412643113986,0.22413919761169962,-0.016131085256204904,-0.010475168288690155
2021-03-19,BULL,0.7977867508965755,0.12160295053169701,0.08061029857172763,0.16310585892507198,0.2331798736701925,0.20304857990848088,0.2109355767960233,0.22327874057018382,-0.016184249352696002,-0.027689247367737955
2021-03-22,SIDE,0.07974438627850743,0.8740455567652634,0.046210056956229206,0.16210087950542945,0.23132567539633256,0.20232030102293524,0.21068278579380206,0.21836019038935972,0.007349220915074515,-0.017206992331486426
2021-03-23,SIDE,0.16120522421024422,0.8181058698941636,0.02068890589559231,0.17192588487946187,0.21990056877415823,0.2015273167232017,0.2834944154195567,0.2218373353195215,-0.008408665580010882,-0.010974801173491564
2021-03-24,SIDE,0.2588958109169026,0.7263530414439525,0.014751147639145019,0.19660412643113986,0.22936132376692667,0.20469437225527018,0.29201691886111714,0.22503191615238802,0.021617777773324985,0.021429427885946033
2021-03-25,SIDE,0.0020440687331438005,0.9644443942663459,0.033511537000510225,0.2109355767960233,0.22367904578646775,0.20727036935026083,0.2621034072201502,0.22115132687940575,0.021607942243324556,0.039019590706761066
2021-03-26,SIDE,0.0161636209089758,0.899529418711441,0.08430696037958317,0.21068278579380206,0.2272781600378088,0.20868499078095007,0.2621503964810925,0.21278027987960066,0.01207244337263154,0.008497429160657837
2021-03-30,SIDE,0.003864831421884072,0.9477230415929765,0.0484121269851395,0.2834944154195567,0.19977661965973503,0.21366722062748447,0.25158675666516417,0.21943542841098843,-0.0017563292186935347,-0.01431200595606732
2021-03-31,SIDE,1.4438959138076094e-05,0.909915732038012,0.09006982900284989,0.29201691886111714,0.1957348661967275,0.2149198482048232,0.19244292093253504,0.2034628095314817,0.012386635394531623,-0.01330739953456232
2021-04-01,SIDE,1.5318897812894594e-05,0.9664705483190265,0.03351413278316053,0.2621034072201502,0.1967728004135364,0.21562022591632363,0.17061683699612323,0.20288369671350104,-0.002188390958942904,-0.016924148743257206
2021-04-05,SIDE,0.0008589823969810575,0.9534417573697073,0.04569926023331174,0.2621503964810925,0.18607861465486097,0.2180567631869979,0.14971710972338978,0.20042853573105163,-0.022592727049668762,0.0059259230854859304
2021-04-06,SIDE,0.009496747336087156,0.8112924836169516,0.17921076904696115,0.25158675666516417,0.18387911231260817,0.2179377044019764,0.2868415377453081,0.19478501845240448,-0.01224478525799572,0.009465733502090583
2021-04-07,SIDE,0.0016862355333224187,0.9726504679082594,0.02566329655841805,0.19244292093253504,0.1848338239268219,0.21862488475885608,0.3124590813617967,0.19581740974693507,-0.016163342310466927,0.008285947935862152
2021-04-08,SIDE,0.06898769347387841,0.9213784159878389,0.009633890538282746,0.17061683699612323,0.18532858473003633,0.2167777170842653,0.3043984566268409,0.19519570764466934,-0.017357891224709356,-0.0015509068847268357
2021-04-09,SIDE,0.25260934398078605,0.736441856184999,0.01094879983421495,0.14971710972338978,0.18183733438719538,0.21606769380212967,0.3028014578124238,0.19607698408424995,-0.03257088041728051,-0.009369772270784123
2021-04-12,SIDE,0.011125879429809185,0.986470727155785,0.002403393414405755,0.2868415377453081,0.2186525423484276,0.2282613276168601,0.3189432582051616,0.19920316536550364,-0.001006739647097838,0.02532165122815546
2021-04-13,BEAR,7.641427672760137e-05,0.027969123231107132,0.9719544624921653,0.3124590813617967,0.22460500949666165,0.22999606310557158,0.18657745042757276,0.15189716488008603,-0.0068244303883020435,0.02843406936755613
2021-04-15,BEAR,0.006108800545328326,0.2135837678038001,0.7803074316508716,0.3043984566268409,0.22512329347497395,0.23021508801352156,0.16278523521773447,0.15540440934179067,-0.01660319993892996,0.03548085089938679
2021-04-16,BEAR,0.0114614636050998,0.4699285589277294,0.5186099774671709,0.3028014578124238,0.22549910228661038,0.2290911223931863,0.15212764518081615,0.15950520661121148,-0.009129753462580338,0.027814799071109054
2021-04-19,SIDE,0.010217263736802427,0.6080770828183549,0.38170565344484264,0.3189432582051616,0.22968822064866057,0.23101827643153613,0.1772919054246819,0.1612199705819714,0.020240242869663187,0.03735890875689986
2021-04-20,SIDE,1.4162300170993802e-05,0.8917529506902218,0.10823288700960731,0.18657745042757276,0.22705304940592647,0.22858727321453604,0.12515365820823512,0.14992279692851712,0.038971426219569616,0.05966134878744374
2021-04-22,SIDE,0.03955727262230544,0.9346326576411628,0.025810069736531827,0.16278523521773447,0.22371638317541398,0.2284589027411558,0.11578845371755998,0.15802727298783753,0.033363673739246195,0.053488901872208124
2021-04-23,SIDE,0.14475896422681436,0.8314839466803955,0.02375708909279008,0.15212764518081615,0.22401278916649509,0.22851551152325708,0.12286433821026997,0.1571056640879639,0.020002427175699795,0.058704221438214736
2021-04-26,SIDE,0.12009603698940818,0.8577319816101487,0.022171981400443016,0.1772919054246819,0.2264507556093107,0.22735069092522062,0.20716307118662242,0.15518160977165216,0.01024420729049347,0.054833963928395665
2021-04-27,SIDE,0.05694194405561427,0.9158627839559897,0.02719527198839596,0.12515365820823512,0.2213928475292634,0.22766926194959589,0.20094812142874935,0.15349809843049023,-0.010741263941081661,0.045675124741969705
2021-04-28,BULL,0.7191305847604106,0.26726800543102675,0.013601409808562644,0.11578845371755998,0.2183069088664832,0.2256353916908212,0.19363142230369396,0.15002885139847175,-0.016735798855878357,0.03770058561058962
2021-04-29,BULL,0.9096694004295691,0.07733502839247587,0.012995571177955079,0.12286433821026997,0.2145591299018902,0.22429007146713037,0.16388257743098153,0.144322524855129,-0.011485725377950777,0.04514886940157478
2021-04-30,SIDE,0.04364596647566469,0.9524698820844781,0.0038841514398572216,0.20716307118662242,0.20872201675456542,0.22573914278338808,0.17835396930177735,0.14676713444490738,0.01304074771406429,0.06250803363303661
2021-05-03,SIDE,0.007059030393927023,0.955383469661519,0.03755749994455387,0.20094812142874935,0.20553734843103458,0.20518489650872843,0.11834033240720036,0.1280592259375252,0.020841624673235755,0.062386269742733286
2021-05-04,SIDE,0.015368769790128254,0.9738090783940982,0.010822151815773432,0.19363142230369396,0.20278552800098168,0.19943018441773935,0.12129616019934687,0.1280930800162828,0.02414312804436711,0.07913863271866946
2021-05-05,SIDE,0.0020548620341452055,0.9894594575697911,0.008485680396063603,0.16388257743098153,0.19812683205378254,0.19917086956980787,0.0979631918195748,0.12054765130769024,0.005365985513530286,0.06952062560910015
2021-05-06,SIDE,0.07307066379337684,0.9185094888263079,0.008419847380315282,0.17835396930177735,0.19956497599037204,0.19919759411109803,0.13808825582566592,0.12056008224205382,-0.0031969989069992088,0.0674119745868034
2021-05-07,SIDE,0.0045319335791982485,0.9908441244915019,0.0046239419292998215,0.11834033240720036,0.19824023484212508,0.1996482681948415,0.12671485722519937,0.11990262961390862,0.006723550607469875,0.060021448319679614
2021-05-10,SIDE,0.008428291736112278,0.9897777979961865,0.0017939102677010995,0.12129616019934687,0.1998891362623241,0.1985763165231224,0.17360100601344614,0.11995883821464078,0.011031560653057965,0.04533491314737534
2021-05-11,BULL,0.8585043453906408,0.13856435731177863,0.0029312972975805603,0.0979631918195748,0.20094584653495018,0.19895109284507007,0.18625329483721836,0.12276811514570564,0.01200781473112649,0.058011915843924525
2021-05-12,SIDE,0.007695429245636918,0.9904914687871376,0.0018131019672254728,0.13808825582566592,0.15556837567843373,0.20003580297737067,0.18360431022998175,0.11977663122318535,0.014157800610403375,0.0723594297487488
2021-05-14,SIDE,0.0033043768331671016,0.9946413661138234,0.0020542570530094144,0.12671485722519937,0.14897683851416332,0.19978369278667768,0.1745407876119632,0.1097398890826257,0.03333295791219049,0.07442351072801093
2021-05-17,SIDE,0.004547443229960043,0.9941664620576728,0.001286094712367284,0.17360100601344614,0.15877024659059674,0.20284423029425921,0.1976827101011737,0.10885088475808316,0.018230402116350006,0.061469575945352864
2021-05-18,SIDE,0.00376117285462823,0.9892218262277378,0.007017000917634085,0.18625329483721836,0.16362140624194577,0.20341388273956917,0.17808499835786035,0.09801785274285042,0.006620170599897747,0.042723006792292975
2021-05-19,SIDE,0.08170133429949937,0.9069405414300103,0.011358124270490247,0.18360431022998175,0.14915642061369633,0.20366585037102175,0.16069533015541002,0.09689502981848963,0.017889411394706567,0.043054607817442886
2021-05-20,SIDE,0.11669184910485168,0.875205214917509,0.00810293597763931,0.1745407876119632,0.15207906974533797,0.2038846456943582,0.15165258665036296,0.09659057864154028,0.02855645885473305,0.05083246925414277
2021-05-21,SIDE,0.1433895229388562,0.8485161369030884,0.008094340158055447,0.1976827101011737,0.16113734991038578,0.20691858135493837,0.11305287179464232,0.08960344903669178,0.017010663042715535,0.03694901224675667
2021-05-24,SIDE,0.027910119467240212,0.9360549474713662,0.036034933061393604,0.17808499835786035,0.15902212199563365,0.20604864728527894,0.04201140585419546,0.07018142365204168,0.025023641268612788,0.0371396668963275
2021-05-25,SIDE,0.005834724674655921,0.9912568997477776,0.0029083755775664265,0.16069533015541002,0.15694773168888404,0.20140190702546737,0.05527500139863028,0.07017479335146788,0.023806239370521832,0.030977962078439922
2021-05-26,SIDE,0.004380720689120956,0.9938399298907963,0.0017793494200828875,0.15165258665036296,0.15392452557474728,0.20169317019207145,0.06155686365358412,0.07446421508403224,0.01779651310483126,0.031457731761782806
2021-05-27,SIDE,0.005407219067680353,0.9927496083488501,0.001843172583469567,0.11305287179464232,0.14709032830663207,0.19829061221302843,0.06781240954664489,0.07485688619374845,0.022722244035618133,0.033498654396482835
2021-05-28,BULL,0.9501498467264883,0.04879430255961265,0.0010558507138990888,0.04201140585419546,0.14806897676487144,0.19810285071256664,0.07132309078036687,0.07548971362287273,0.015084241142631983,0.024260118094418227
2021-05-31,SIDE,0.006847635656999815,0.9923054996732563,0.0008468646697436858,0.05527500139863028,0.13074004143119045,0.18174028477797233,0.07926993939835018,0.07492995275934063,0.010777379807277889,0.01057420584840133
2021-06-01,BULL,0.9685211518616429,0.029505990256492105,0.0019728578818650083,0.06155686365358412,0.13097926533700252,0.1791625942293725,0.06088469361336814,0.07062800434664056,0.010554162400707202,0.009371768487684074
2021-06-02,BULL,0.9739707020312747,0.024959862567475375,0.0010694354012498518,0.06781240954664489,0.12297442598376276,0.178017908504807,0.06151774842734789,0.07096750037514782,0.003790268077877818,0.006641906667721113
2021-06-03,BULL,0.9747496947656429,0.024287610219613957,0.0009626950147431205,0.07132309078036687,0.12249904243501655,0.17317543312654174,0.08840439394695498,0.07176733004905274,0.003016411169622232,0.002027852620333413
2021-06-04,BULL,0.9777293557150365,0.021224035019206753,0.0010466092657566753,0.07926993939835018,0.1227974079792088,0.17159866075195168,0.08489680891871479,0.06777752046932904,0.008204789653178788,0.010417620544399743
2021-06-07,BULL,0.9692442098916468,0.030014686527649447,0.0007411035807037647,0.06088469361336814,0.12234314451540239,0.17052690701391524,0.0856260033775666,0.07174273883865745,0.0038145372342082303,0.004219215062437832
2021-06-08,SIDE,0.003908660540998399,0.9953354825780664,0.0007558568809351596,0.06151774842734789,0.12156468200496895,0.17055753483262953,0.07965503696712029,0.06983023591510698,0.008171678233143012,0.008826819064603723
2021-06-09,BULL,0.9652920465230034,0.03383419626856435,0.0008737572084322302,0.08840439394695498,0.12208219701951675,0.17028413054178165,0.08049975989436356,0.07086975818058824,0.008419654297975691,0.005901828964692429
2021-06-10,BULL,0.8985581404153152,0.09994439582501712,0.0014974637596675494,0.08489680891871479,0.11257761627265721,0.17047686256197858,0.07888989875509568,0.07515548995858601,-0.0029494932953551965,-0.0030514651766972898
2021-06-11,BULL,0.9578334748180563,0.041165872532070484,0.0010006526498733482,0.0856260033775666,0.11120505596149415,0.1692854373911051,0.07615205803750365,0.0721169048652976,-0.0073691598842026305,-0.006779536286001795
2021-06-14,SIDE,0.0038227800460704686,0.9952176017155504,0.0009596182383791085,0.07965503696712029,0.10053060048892958,0.16854251647953575,0.06541917239683843,0.07061849573206261,-0.004141540569063856,3.162135327009582e-05
2021-06-15,BULL,0.9671548343856127,0.032112743750891015,0.0007324218634963063,0.08049975989436356,0.0942612953765664,0.16856431667667277,0.07566846135215126,0.07572866109138708,-0.006099506932675503,-0.0009645938106062562
2021-06-16,BULL,0.9737272489380192,0.025625596664450495,0.0006471543975303094,0.07888989875509568,0.09570468875357369,0.16683888082335158,0.06943071944652168,0.07520510454874481,-0.005124874113955195,0.009885934087182191
2021-06-17,BULL,0.9335122495672835,0.06499480449358662,0.0014929459391299132,0.07615205803750365,0.0912769602740392,0.1653427224025194,0.06502902056401627,0.07296030063754608,0.006292535339046348,0.014676933880622599
2021-06-18,BULL,0.9256864277681716,0.07275420381156432,0.0015593684202642362,0.06541917239683843,0.0715094279644657,0.16364133180572202,0.07286099828631787,0.07040820370763287,0.011222643997073215,0.004393094553254568
2021-06-21,BULL,0.9460139703890758,0.05246058529321162,0.0015254443177126614,0.07566846135215126,0.07199679466403187,0.16372229023344403,0.07371026317649985,0.08087342126143832,0.004321768890377108,-0.007291625940353918
2021-06-22,BULL,0.9611050911606063,0.03783751802470888,0.0010573908146847388,0.06943071944652168,0.07188876910530051,0.16349350847106278,0.07931512024415645,0.08400738200000121,-0.0015418197793132995,0.003247167122999403
2021-06-23,BULL,0.9596824082999368,0.039157734058241835,0.0011598576418213864,0.06502902056401627,0.07442678428217293,0.15917945577937603,0.08620741148060083,0.09447013891163895,0.0022000457797658733,0.010721974446645218
2021-06-24,BULL,0.9055922806448445,0.09200701306323865,0.0024007062919168816,0.07286099828631787,0.0767316137190215,0.155621221708307,0.07557161621552574,0.09240397801902547,-0.00701931198923047,0.002150885380492878
2021-06-25,SIDE,0.0024938704538416505,0.9962355596251261,0.001270569921032387,0.07371026317649985,0.07538543208497503,0.1540353901433658,0.05354335621160498,0.0900552065232612,-0.008748557740531425,-0.007207341018480449
2021-06-28,BULL,0.9753686435154644,0.0239141244030514,0.0007172320814842688,0.07931512024415645,0.07030670454182174,0.14758210689307927,0.041825023529052666,0.090240634435099,0.0012417435926137105,-0.006680627940838221
2021-06-29,BULL,0.9411796649554837,0.057565477058103325,0.001254857986413043,0.08620741148060083,0.07236396465987238,0.14604693409070915,0.07316940494604922,0.09007218284532335,0.004422389021314383,0.0019031372608679731
2021-06-30,SIDE,0.0011127655351225302,0.9972543771775375,0.0016328572873400818,0.07557161621552574,0.07279875148798573,0.14440908710307426,0.06388844441891225,0.09032122867555595,0.010009212977626974,0.0026393913281980434
2021-07-01,BULL,0.9379863149179861,0.06079248331156153,0.0012212017704524574,0.05354335621160498,0.06886268178908153,0.1404815343178725,0.06185919181429439,0.09017189230053559,0.0030501903748488767,0.012998695625266742
2021-07-02,BULL,0.8966894121612713,0.10025550471857346,0.0030550831201552756,0.041825023529052666,0.06934774647622824,0.14045855434716817,0.10168708878964366,0.09325194798658015,-0.002062906627408435,0.02565366194781089
2021-07-05,BULL,0.9133666810503773,0.08327209256369329,0.0033612263859294413,0.07316940494604922,0.07149993070510101,0.14001315111258492,0.10158429051556055,0.1061952504488142,-0.008992367177222835,0.026452669820854535
2021-07-06,BULL,0.942192544220712,0.05629161458100026,0.0015158411982877354,0.06388844441891225,0.07155939520186454,0.13997439630371203,0.0785698387920438,0.1067876999168827,-0.0003730564749594374,0.029669427829355617
2021-07-07,SIDE,0.0014639674156126583,0.997232528143568,0.0013035044408193116,0.06185919181429439,0.06771503395291446,0.13988433049241367,0.10375909161343726,0.10650450146994565,-0.0016197346420669461,0.02232807587835387
2021-07-08,BULL,0.9745500588089111,0.024510847190015644,0.0009390940010733072,0.10168708878964366,0.07349950551414064,0.11887779252032314,0.10111387233855997,0.10739933950698183,0.012403759420465564,0.0331642669541914
2021-07-09,SIDE,0.2332502418613844,0.7550982458277463,0.011651512310869312,0.10158429051556055,0.07242889432325551,0.11652591721686449,0.06116596935260271,0.10015616899207534,0.01477890576196465,0.03693268337056784
2021-07-12,SIDE,0.3850057212893926,0.6094596647658587,0.00553461394474867,0.0785698387920438,0.07233374825506202,0.11625345218358243,0.05057021093246958,0.09910284086267808,0.003803470955053739,0.036886293752806276
2021-07-13,BULL,0.7610273338550564,0.2358440857477813,0.003128580397162293,0.10375909161343726,0.07651113959433255,0.11696099949705532,0.11166616158762951,0.09911229105621998,-0.011464787862687823,0.034316963392914304
2021-07-14,BULL,0.6105572240894528,0.38385368998271224,0.005589085927834853,0.10111387233855997,0.07338958398505827,0.1099640432625599,0.10515334344826376,0.0975908946010029,-0.0018877459990698287,0.041703178264125326
2021-07-15,BULL,0.7025911585043992,0.29369771269562,0.0037111287999807567,0.06116596935260271,0.07218317571763545,0.10937540082015658,0.14702833665473056,0.10180144738744933,-0.004288833754492188,0.03933434602467604
2021-07-16,BULL,0.9580850723490537,0.040656688825852036,0.0012582388250941866,0.05057021093246958,0.07209554564327766,0.10875272586283068,0.1430247324372129,0.10141740393543222,-0.0062335131610833545,0.04249149955187836
2021-07-19,BULL,0.9691891227961761,0.029472342534983178,0.001338534668840756,0.11166616158762951,0.0817475865263756,0.11101847170407392,0.14299932712587154,0.10125256890168899,-0.0003777915746618081,0.05053108833770679
2021-07-20,SIDE,0.07370855210461943,0.913645020153995,0.012646427741385519,0.10515334344826376,0.08586180444020226,0.11119941754235059,0.1230064822859897,0.09181677792526771,0.0049327668898928615,0.051029379472186914
2021-07-22,SIDE,0.07062680185335925,0.9226499791508355,0.006723218995805301,0.14702833665473056,0.09463694820440363,0.11147153998621293,0.10711125041788815,0.09114176149295049,-0.002885849641444854,0.041614271610281105
2021-07-23,SIDE,0.003068291058724902,0.9877530518488893,0.009178657092385715,0.1430247324372129,0.0920625847474776,0.10812091055805416,0.05918239376617669,0.08397293355499509,-0.005882537338681228,0.047331793620594864
2021-07-26,SIDE,3.528936548751757e-05,0.9909780763547676,0.008986634279744925,0.14299932712587154,0.09098097588260479,0.10828338908267597,0.0545383737372851,0.08630927340931256,0.003828498255543487,0.04993165698115737
2021-07-27,SIDE,2.7282855667156352e-05,0.9901636817109972,0.009809035433335778,0.1230064822859897,0.0920987562560432,0.10169752601540413,0.08201198905830812,0.0851588780629394,0.024112445225759824,0.055008176919933996
2021-07-28,SIDE,2.9348545261975278e-05,0.9909346150191235,0.009036036435614613,0.10711125041788815,0.09127083737446667,0.10194240775780485,0.11347565954280162,0.08139400542544112,0.03437504135430657,0.06146078889644283
2021-07-29,SIDE,0.14531304612703813,0.8493515770275732,0.005335376845388513,0.05918239376617669,0.09242293201577244,0.09969773096612956,0.09435515307625139,0.07947096916281389,0.032188679589802184,0.07050412931332155
2021-07-30,SIDE,0.0006978792959401218,0.9970108351225148,0.0022912855815450813,0.0545383737372851,0.0919355626947977,0.09875767034499361,0.09914403576732574,0.08734724596295139,0.02969789752778267,0.08329114012081872
2021-08-02,SIDE,0.0005916885191861005,0.9973238123535729,0.0020844991272409405,0.08201198905830812,0.09536250140554593,0.09887270807627065,0.11166508610700747,0.09052696406671852,0.023215761703773628,0.07230389867203142
2021-08-03,SIDE,0.0002764078800963554,0.9958186145518668,0.003904977568036834,0.11347565954280162,0.10671669800864711,0.10243432476911198,0.11461159439511374,0.092765866564563,0.009216114795348517,0.06616549223856927
2021-08-04,SIDE,0.05927690429304598,0.9163028357491291,0.02442025995782478,0.09435515307625139,0.10923187408717064,0.10240635320408772,0.06434463880795646,0.08495256060530129,0.0014412567547288687,0.06343485582437129
2021-08-05,SIDE,0.0002879570476364852,0.9942580323353595,0.005454010617004072,0.09914403576732574,0.10888460753284852,0.10119734558285973,0.0353079013187713,0.0835411993328321,0.004274479088599326,0.06435976496549983
2021-08-06,SIDE,0.00024271469829792225,0.9958726059036445,0.0038846793980573933,0.11166508610700747,0.10274998283196646,0.09864606445549738,0.04830623513350968,0.08348806000519168,0.01775536774370457,0.06692260253858795
2021-08-09,BULL,0.5338959815898328,0.4574598657801269,0.008644152630040407,0.11461159439511374,0.10166553618183746,0.09846100372266689,0.06443059882798584,0.08140769481264508,0.01857383849095035,0.06519374290361427
2021-08-10,SIDE,7.739568268156365e-05,0.9947414108042879,0.005181193513030659,0.06434463880795646,0.10150620942096895,0.09345466443108653,0.06281806444255868,0.08214717771753696,0.02033772194327495,0.06475789836623101
2021-08-11,SIDE,0.00045703258851256866,0.9975267039965123,0.0020162634149750672,0.0353079013187713,0.0993196581262573,0.09069869533016689,0.05979800228477999,0.08227870107118095,0.017448265539953975,0.06382237783607111
2021-08-12,SIDE,0.000620287839376824,0.9977706070339073,0.0016091051267160452,0.04830623513350968,0.10005751224256366,0.09002211635258213,0.07368438344638904,0.08276395742817624,0.005247628216584845,0.06021187616759454
2021-08-13,SIDE,0.0005524006987047924,0.997386473789775,0.00206112551152018,0.06443059882798584,0.10404990745875922,0.08940447179684344,0.10276007820734853,0.08261308081142141,-0.001976652652914199,0.058189833425530565
2021-08-16,SIDE,0.00021858244851027323,0.9950136171726309,0.004767800378858882,0.06281806444255868,0.10380422252504906,0.08281102935280973,0.07092513489024897,0.08068356491035325,0.0037086138414265625,0.06239932451662902
2021-08-17,SIDE,0.00034457277699216475,0.9968925174046012,0.0027629098184064425,0.05979800228477999,0.09221009345436931,0.08287993073439345,0.09172169647142916,0.08152458725271555,0.0012066442681958089,0.05677357088177564
2021-08-18,SIDE,0.00045389157661935865,0.9964756385338763,0.00307046988950425,0.07368438344638904,0.08637782243772772,0.0833218749706279,0.08934620221461816,0.08370684168152592,0.0040992970075656,0.048768206475469644
2021-08-20,BULL,0.9313755131041401,0.06600297892557463,0.0026215079702851135,0.10276007820734853,0.08610166904097943,0.08457251118285827,0.08550732504513767,0.094220605026561,0.015364176314148634,0.06538160505156754
2021-08-23,SIDE,0.2036839607013967,0.7824041761204605,0.013911863178142757,0.07092513489024897,0.0861542917894589,0.08460115316058071,0.048676894944200175,0.09064446077612892,0.026004008061595713,0.06171784225750089
2021-08-24,BULL,0.8892831931618934,0.10867105000054032,0.0020457568375662105,0.09172169647142916,0.0871203474862865,0.08500625192263615,0.08772090312680071,0.09169196810918841,0.030076809161542425,0.06960402809024456
2021-08-25,BULL,0.7999588333375499,0.1943746100046647,0.005666556657785472,0.08934620221461816,0.08299232295759958,0.08325475661229308,0.09916075020570989,0.10053551326555929,0.026200739946417417,0.07069489459393667
2021-08-26,SIDE,8.12169849069567e-05,0.9946435119087572,0.005275271106335837,0.08550732504513767,0.08141846071000783,0.0832123014259318,0.11503227652176382,0.10023564581143207,0.03526976054439521,0.07066550167808323
2021-08-27,SIDE,9.782871609696029e-05,0.9950810658611732,0.004821105422729731,0.048676894944200175,0.08135347047944327,0.08340946044265136,0.10744455062704936,0.10024763534906107,0.03634910828223509,0.06058602794606625
2021-08-30,SIDE,0.0004786649188568164,0.9968936307993017,0.0026277042818414224,0.08772090312680071,0.08814494240417582,0.08623209903887778,0.10583429618055144,0.10527503109782206,0.026044315241980715,0.045053639652179525
2021-08-31,SIDE,2.5790960059587682e-05,0.9720489948846078,0.027925214155332494,0.09916075020570989,0.09181845378843528,0.0887168455555053,0.09249591740990619,0.09925097024801018,0.013329359945552066,0.027969886925890988
2021-09-01,SIDE,3.370510382485677e-05,0.9764838545241855,0.02348244037198947,0.11503227652176382,0.08418101205060802,0.08890430759999154,0.07827679526934557,0.09587533169562344,0.016105605935356405,0.02634202526083943
2021-09-02,SIDE,1.5664773311136092e-05,0.9883744648945518,0.011609870332136858,0.10744455062704936,0.0853331496704907,0.09023444250774729,0.06662517448896335,0.097019091946184,0.007808520923010401,0.026177286561019236
2021-09-03,SIDE,3.6279267709860874e-05,0.984533990166411,0.015429730565879159,0.10583429618055144,0.08565665324635742,0.08890009445866577,0.040663874357972765,0.09685053731021795,0.0018287787664286867,0.028381325693827637
2021-09-06,SIDE,5.913242737804713e-05,0.9897201125781281,0.010220754994493639,0.09249591740990619,0.08211524163517543,0.08838422397322815,0.02706158335662138,0.0982679232297675,0.00012659029069378444,0.015315599253360816
2021-09-07,SIDE,0.00011285579681219839,0.9942269153523849,0.0056602288508027475,0.07827679526934557,0.0832040018876504,0.0884100397638545,0.016932337150201163,0.10545809999902366,0.009022598630647123,0.024366519664936824
2021-09-08,SIDE,0.0001288991405425304,0.9963192968722406,0.0035518039872170387,0.06662517448896335,0.0840245001309731,0.08849778392356702,0.05686078988403405,0.10831347947507114,0.01577942010396521,0.03073830530684936
2021-09-09,SIDE,0.0002016110150196989,0.9971394534815016,0.0026589355034788258,0.040663874357972765,0.08369444015358898,0.08840104716546222,0.05980408459570173,0.10933084479825277,0.012353394458819646,0.03266306130789572
2021-09-13,SIDE,0.00039300736383545315,0.9978649065865784,0.0017420860495862354,0.02706158335662138,0.08458751139631164,0.08698481561024048,0.07168557941630278,0.10941067313183078,0.002394094179352632,0.0360265003912098
2021-09-14,SIDE,0.00032469276871395427,0.9980662124469,0.001609094784386057,0.016932337150201163,0.08045433202447844,0.08594498758200834,0.11935875710404618,0.10911697889776055,0.010417357100557833,0.04399761433179795
2021-09-15,BULL,0.9747604699503747,0.02095556393590087,0.004283966113724385,0.05686078988403405,0.08273615579732178,0.08677148506023126,0.13581081398735229,0.11229448129729135,0.0015513561790562345,0.04569370922210619
2021-09-16,BULL,0.9809857675595485,0.01730513191358393,0.001709100526867753,0.05980408459570173,0.08364093279319394,0.08713254031052965,0.12572304199143416,0.11356317604829377,0.01091331741504199,0.04695578617747534
2021-09-17,BULL,0.9792492920860022,0.020669184373794964,8.152354020286843e-05,0.07168557941630278,0.08342848848857322,0.08759780857406561,0.16505845029515556,0.11421761334347329,0.015127967980356751,0.04631437161714553
2021-09-20,BULL,0.9743656068384912,0.024215049141172024,0.0014193440203368224,0.11935875710404618,0.08994715034176248,0.09011800579513098,0.16013384134847136,0.11457510868305265,0.02599659221017932,0.04878167876835917
2021-09-21,SIDE,0.1642408179212173,0.8133610047152864,0.022398177363496485,0.13581081398735229,0.09299139060527127,0.09096566377890747,0.11275648118076764,0.11132921167399958,0.010568599208647346,0.034479545786236944
2021-09-22,SIDE,0.20911898991322114,0.7707512400873795,0.020129769999399406,0.12572304199143416,0.09235374539916191,0.09095494082052687,0.12828178435325552,0.11082307867077205,0.00933980545627442,0.03187175554427206
2021-09-23,SIDE,0.4124195708270634,0.5796607883034437,0.00791964086949278,0.16505845029515556,0.10265045686690086,0.0948121158287252,0.13036474191581904,0.11193178425685359,-0.011557332002810887,0.016827316788816434
2021-09-24,SIDE,0.0971844890972988,0.8984569478796862,0.00435856302301505,0.16013384134847136,0.1021302427821923,0.09393383063100569,0.05276571574999828,0.09948268630945496,-0.018152129386679833,0.022990027427910335
2021-09-27,SIDE,0.29566921454689177,0.7030192156311939,0.001311569821914375,0.11275648118076764,0.10281563107685915,0.09369294713368928,0.04057535913100667,0.1024278802091642,-0.00921845457266892,0.01973443987801028
2021-09-28,BULL,0.7387949958552291,0.25600960554506996,0.00519539859970098,0.12828178435325552,0.10058744220977664,0.09466312370636516,0.09937068433694031,0.10343977691024117,0.004144406029996529,0.006103512082536717
2021-09-29,BULL,0.8402470259778003,0.15928791072431667,0.00046506329788299474,0.13036474191581904,0.09522761503208928,0.09503703704904794,0.10911272823843857,0.12372232174565345,-0.0036937251568380483,-0.002241193376846957
2021-09-30,SIDE,1.5698565810011807e-05,0.9905089934342433,0.00947530799994676,0.05276571574999828,0.0968545531869013,0.09557247602980891,0.13378241888833253,0.12902023103936908,0.009725992684597822,0.017526146398460764
2021-10-01,SIDE,7.9643110944804e-05,0.9975127757648474,0.0024075811242078287,0.04057535913100667,0.09501555800121554,0.0963852071590126,0.13894933181810654,0.13697285565225747,0.020501885981366253,0.02015256931107776
2021-10-04,SIDE,0.00011454575047879838,0.9973780723146523,0.002507381934869147,0.09937068433694031,0.09827843228538383,0.09745494772887461,0.1259626168155906,0.1358854645094433,0.014294295669886822,0.0077673956028661475
2021-10-05,BULL,0.9355732313554217,0.06423538503525177,0.00019138360932664716,0.10911272823843857,0.10060344983445377,0.09515547920640029,0.11809111517805818,0.13335586119538084,0.009473953463810955,0.005288337995989463
2021-10-06,SIDE,2.181286253714183e-05,0.9946080408078093,0.0053701463296534965,0.13378241888833253,0.10802581631515198,0.09788419806007984,0.11122241281822677,0.131983243318252,0.028808605369130786,0.02366372908703278
2021-10-07,BULL,0.6109208684280679,0.38782185394209434,0.001257277629837737,0.13894933181810654,0.11095548779573082,0.09862466660279445,0.04875019408379405,0.12942713972408224,0.03034978818781629,0.014171461115518851
2021-10-08,SIDE,1.5653620976770365e-05,0.9876698545562304,0.012314491822792829,0.1259626168155906,0.11215185086227637,0.09827569577151436,0.05440026346136289,0.12709637358198367,0.031996900974591076,0.0067943367373715
2021-10-11,BULL,0.911280379224959,0.08853560561425758,0.00018401516078358614,0.11809111517805818,0.11190729894327911,0.098281612659077,0.055281623597991346,0.12585494627690014,0.026004704768069306,-0.004040258385887225
2021-10-12,BULL,0.955398318757289,0.04450778510912687,9.389613358413764e-05,0.11122241281822677,0.11194630519803697,0.09816503136008996,0.08694375496662575,0.1286983111661429,0.01514927255650195,0.006139424792423174
2021-10-13,BULL,0.8749962741344607,0.1240203191962246,0.000983406669314664,0.04875019408379405,0.11309087440989908,0.09921056019212768,0.13080767626380713,0.13606184521449385,0.0008992885549967197,-0.002883832696245765
2021-10-14,BULL,0.9716500984893821,0.02710347048425057,0.0012464310263672516,0.05440026346136289,0.1155112627940336,0.09660335833519311,0.12617220091372708,0.13198646730611516,-0.012270597498777791,-0.01867808907948992
2021-10-18,BULL,0.9753339968422898,0.02352575929115453,0.0011402438665557403,0.055281623597991346,0.11583361050993493,0.09475125636233085,0.09425383053399616,0.1284656877131829,-0.019215151973616937,-0.03180413042821601
2021-10-19,BULL,0.9825196865668233,0.01667210489420321,0.0008082085389735139,0.08694375496662575,0.10712759902054504,0.09345172658087847,0.050827225421374224,0.12565022160427347,-0.008196376208878376,-0.03615019618600372
2021-10-20,BULL,0.9479946746463814,0.0509543986521489,0.0010509267014695153,0.13080767626380713,0.11108571097897237,0.09604758662851497,0.09823739935503846,0.12725912127910846,-0.00305064668016961,-0.047652804606978606
2021-10-21,SIDE,0.28037968843446803,0.7135783937804572,0.006041917785074744,0.12617220091372708,0.11331365289431829,0.096777919425419,0.08166693565663453,0.14031460180374833,-0.017807434495052756,-0.037825302862622485
2021-10-22,SIDE,1.573178784341995e-05,0.9926068173012681,0.007377450910888545,0.09425383053399616,0.10206372526724095,0.09635619388386105,0.15981423382900017,0.1421490121294623,-0.024773143464844702,-0.039400029142763596
2021-10-25,BULL,0.6834144704097461,0.3146628246202918,0.0019227049699620132,0.050827225421374224,0.1020124806922298,0.09593269025377231,0.16708225749472802,0.14248791754196005,-0.010858502393166446,-0.03304410241189471
2021-10-26,BULL,0.9175037463038815,0.08094282238020283,0.001553431315915645,0.09823739935503846,0.10502397008475918,0.09650444718084963,0.2176635271611911,0.14553659794119353,-0.020989587503512444,-0.07040477401676568
2021-10-27,BULL,0.9329055170468916,0.06586727177908963,0.001227211174018736,0.08166693565663453,0.10293499583146608,0.09693508205357454,0.19936565492029099,0.17044227068283266,-0.021185498847813053,-0.0656412130645233
2021-10-28,BULL,0.9755773447677778,0.02433188618310773,9.076904911460577e-05,0.15981423382900017,0.12662167918567338,0.10627181377546396,0.19930560564608943,0.1713103023147736,0.0033292319434490803,-0.050184968093332755
2021-10-29,SIDE,0.011870750935094935,0.9828557485632428,0.005273500501662274,0.16708225749472802,0.13096031525670934,0.10553132966504783,0.15005435587060634,0.16059903318323274,0.022211197307041495,-0.028978549437687105
2021-11-01,SIDE,1.420488223515294e-05,0.8945639488098145,0.10542184630795035,0.2176635271611911,0.13889277690350252,0.10806694870294647,0.11850850184813921,0.16395821747408396,0.0063713074016559365,-0.02989073775873428
2021-11-02,SIDE,0.00037312538599391823,0.9911928107320909,0.00843406388191519,0.19936565492029099,0.1361158356313518,0.10835460525786736,0.08141223872943497,0.1628722914338596,0.007143653407660132,-0.039465698844759305
2021-11-03,SIDE,0.0036305438629848277,0.9919734461960755,0.0043960099409396484,0.19930560564608943,0.1342957487976298,0.10833080575580256,0.07945348181151062,0.16683058250296642,0.0024866416811333367,-0.05279935124712723
2021-11-04,SIDE,0.002627942063914723,0.993035150787327,0.0043369071487582445,0.15005435587060634,0.12995937679395722,0.10854447460335113,0.10103188247616607,0.17452385143772506,0.010325040260244653,-0.0421850058851806
2021-11-08,BULL,0.8727747474100422,0.1254711378776185,0.0017541147123392112,0.11850850184813921,0.1301799225158215,0.10943662120894113,0.13286659044332622,0.18383160509906848,0.002261043585852435,-0.03370204408950929
2021-11-09,BULL,0.930514834486511,0.0682693786229818,0.001215786890507296,0.08141223872943497,0.1289449630917071,0.1095710275107549,0.12024809813483973,0.19206759459101755,-0.0024997620071924866,-0.029664370527563738
2021-11-10,BULL,0.940251855973601,0.05908082618198459,0.0006673178444144189,0.07945348181151062,0.12878469689903563,0.10954348265900321,0.12915293637411887,0.19264463498527756,-0.0066015661909964345,-0.028480470367724373
2021-11-11,BULL,0.9488379353090923,0.050477273015452,0.0006847916754556248,0.10103188247616607,0.13164158347272384,0.10985775653388298,0.13433322370414147,0.1926815001474821,-0.00610523303204707,-0.028680377589170802
2021-11-12,BULL,0.7769790457140299,0.22087985636443572,0.00214109792153446,0.13286659044332622,0.13540202080617658,0.112324626839,0.1328154014105854,0.19276961008368415,-0.03864295684289977,-0.04391908737914469
2021-11-15,BULL,0.5621690137813586,0.43363646226448477,0.0041945239541566265,0.12024809813483973,0.13035711786967286,0.11229550488623315,0.117316453463216,0.18582264208800034,-0.034042181611380055,-0.050281104964937144
2021-11-16,BULL,0.7583547216325677,0.24007828075673188,0.0015669976107004285,0.12915293637411887,0.12800876480287596,0.1130369930512739,0.13973092769538148,0.18606755409409903,-0.03299253756205136,-0.042607926911739605
2021-11-17,BULL,0.5051930402929478,0.4912188356176837,0.0035881240893684578,0.13433322370414147,0.12876802434231827,0.11257582398227735,0.14026076931578454,0.1860372292341557,-0.020455123957295603,-0.05238291436924655
2021-11-18,SIDE,0.3419961644124649,0.6541819437500884,0.0038218918374466424,0.1328154014105854,0.12823954977384724,0.11400381006415991,0.17079068530786007,0.19140692007309199,-0.04245095403964042,-0.06696121993323388
2021-11-22,BULL,0.9289064924178251,0.06795251506424968,0.003140992517925301,0.117316453463216,0.14363554122441882,0.12104425727725515,0.25103628201041706,0.20255411486298946,-0.021039055137714285,-0.03777923956366042
2021-11-23,BULL,0.7755562398677246,0.11531026824302427,0.10913349188925112,0.13973092769538148,0.14570682972966922,0.12134826707479894,0.2358358763783258,0.19756740225674757,-0.030167099725763074,-0.03180240379260905
2021-11-24,SIDE,0.0810703012247797,0.9136352223159716,0.0052944764592487824,0.14026076931578454,0.14590200894112834,0.12194367537295488,0.22194887055730014,0.20119939204702708,-0.014351663759768296,-0.01986052142710169
2021-11-25,SIDE,0.05025613285865073,0.9448808370826469,0.004863030058702314,0.17079068530786007,0.14510944405696916,0.12241309141553952,0.2526135757754183,0.20279650085019726,-0.007705137740006067,-0.030836259085342314
2021-11-26,SIDE,2.2218037063866187e-05,0.9696858623299647,0.03029191963297141,0.25103628201041706,0.17486844105403013,0.13452797998006516,0.27249225551113576,0.2009780873297818,0.009949487668493986,0.003506029206501961
2021-11-29,SIDE,1.5484749960931877e-05,0.9769884554516157,0.022996059798423275,0.2358358763783258,0.16463906198581793,0.13234000237265295,0.16661920072458244,0.17402233311515727,-0.008343637030416904,0.010458808792572771
2021-11-30,SIDE,0.0954436822262669,0.8301181790134917,0.07443813876024134,0.22194887055730014,0.16200380713598295,0.13244378805950796,0.21329449596249772,0.17640117234890537,0.011329194151601427,0.013474567985276267
2021-12-01,SIDE,0.0003406883917726234,0.9951779479524813,0.004481363655746285,0.2526135757754183,0.15744183448061758,0.13294703512628597,0.24255293507178294,0.1757063582286328,0.017487702655219338,0.0021558974741894203
2021-12-02,SIDE,1.126273023185998e-05,0.6651519548059879,0.33483678246378035,0.27249225551113576,0.16707339308406174,0.13545486830698633,0.2594870313783359,0.1718267710414259,0.006597674632826478,-0.0027391207635602444
2021-12-03,SIDE,1.0470385016594535e-05,0.5212060761375442,0.47878345347743917,0.16661920072458244,0.17107707535827446,0.1374753569102357,0.24387164352653667,0.1677773742259062,0.018128881884694956,0.02464055927499968
2021-12-06,SIDE,0.023727666759470387,0.9724006287449865,0.003871704495543352,0.21329449596249772,0.17690633668641761,0.14157321883366897,0.2168966568667861,0.17047167919242112,0.0266056153390897,0.05145514620923563
2021-12-07,SIDE,0.00012988857232564284,0.9950281419928051,0.004841969434869166,0.24255293507178294,0.18453722201243528,0.14529879540024976,0.17023057432494965,0.1600791296346852,0.008590958766280325,0.042656519102563795
2021-12-08,SIDE,0.0001089482233226338,0.9904119414179376,0.00947911035873977,0.2594870313783359,0.19705482242959824,0.14945122704141875,0.1489790103771173,0.15380960986125308,-0.014318017289575387,0.015683689527140214
2021-12-09,SIDE,0.00844679054690013,0.9528776163036836,0.03867559314941632,0.24387164352653667,0.19764895462035184,0.1495330107785568,0.06909344185455318,0.14923047760607344,-0.015443318391368381,0.016748982092344898
2021-12-10,SIDE,0.027532034343207314,0.9596574864456764,0.012810479211116273,0.2168966568667861,0.19612488791026658,0.14951250032405503,0.06363979391488551,0.1494508921291627,-0.030504010192518655,0.027708687594583604
2021-12-13,SIDE,0.038642153454868426,0.9558151865527001,0.005542659992431513,0.17023057432494965,0.19064393807952362,0.14955689665910427,0.10109915634763464,0.15319697220490233,-0.04438607537611009,0.03882036684561386
2021-12-14,SIDE,0.10796578798476124,0.8833485853423794,0.008685626672859416,0.1489790103771173,0.19042859909894894,0.14903081222836842,0.1536553945949263,0.1492804172233831,-0.03250310902741549,0.049954613254179256
2021-12-15,SIDE,0.17505217560407726,0.8193338435466987,0.00561398084922401,0.06909344185455318,0.19039796171848106,0.14942208353519162,0.20068989211161517,0.15017465044811082,-0.015563480439051942,0.058439589472719974
2021-12-16,SIDE,0.28753041763986736,0.7037112373164686,0.00875834504366402,0.06363979391488551,0.1904038513235144,0.14788018380049042,0.2362719048530142,0.14705956014417995,-0.010245132077413486,0.05676071334569936
2021-12-17,SIDE,0.46563260453091293,0.5271851661869107,0.007182229282176437,0.10109915634763464,0.1954866624751276,0.14974399121266382,0.2457348429504539,0.14734922593242966,0.0010915313266086468,0.07500066202418529
2021-12-20,SIDE,0.15608071736756957,0.8155618251690547,0.02835745746337577,0.1536553945949263,0.19835736986007205,0.15610994773809236,0.21868942953628823,0.13188546778340254,0.028016295100095505,0.08637492157063606
2021-12-21,SIDE,6.961464457607116e-05,0.9943549153589029,0.005575469996521125,0.20068989211161517,0.20111934146459254,0.15379375733507797,0.09326865751824756,0.10766811894593838,0.027198993218518947,0.06730200245106253
2021-12-22,SIDE,0.002281916088735564,0.9917206022037204,0.0059974817075440215,0.2362719048530142,0.20600246253268872,0.15564766601332855,0.09134208743160604,0.11586364460724886,0.015109872052122329,0.046190488307888564
2021-12-23,SIDE,0.00010965282867015391,0.9975186458044804,0.002371701366849535,0.2457348429504539,0.20597566528236577,0.1564453155181507,0.08555381177886844,0.12105160482655769,0.007664755141522683,0.031398605936908394
2021-12-24,SIDE,0.0006152353011329019,0.9946120686139023,0.004772696084964705,0.21868942953628823,0.1776894008275808,0.1562181656043344,0.08055636725441397,0.12462978665132315,0.020392000581775958,0.008511203014159743
2021-12-27,SIDE,0.0057291924094557455,0.9930867522578278,0.0011840553327164393,0.09326865751824756,0.17846148345630908,0.15660214405613118,0.07560250266623435,0.15814949041749685,0.031084017736991612,0.011157075594324271
2021-12-28,SIDE,0.2988479100718032,0.6992609013680864,0.001891188560110405,0.09134208743160604,0.18014806640660164,0.15740416487922973,0.11181966362445131,0.15934543160124778,0.03265270038624602,-0.007168802575927071
2021-12-29,SIDE,0.26787058578043377,0.7300717376971,0.002057676522466252,0.08555381177886844,0.17627319267361732,0.1571303259707507,0.11442075235338633,0.16034404070446312,0.04051114526888871,-0.00650669602610432
2021-12-30,SIDE,0.20268041378253324,0.7959044683685227,0.0014151178489439403,0.08055636725441397,0.16896177045245758,0.15591873877599144,0.09277941952895112,0.16031881459886385,0.03101549470817025,0.007867735473118597
2021-12-31,SIDE,0.001569947922551317,0.9974140717648374,0.0010159803126112501,0.07560250266623435,0.16648975934577195,0.15622225569384016,0.1533512712979025,0.16760349862938909,0.02608577748873165,0.01275621783724997
2022-01-03,SIDE,0.0015526766574412395,0.9973357888383103,0.0011115345042483704,0.11181966362445131,0.16171438228444907,0.1583163027189826,0.15231099713026358,0.1714691908378175,0.021197010204278964,0.00871616586404117
2022-01-04,SIDE,0.0009244402613546176,0.9961874158700963,0.0028881438685490974,0.11442075235338633,0.1568335337797654,0.1588061458831459,0.13434775801012286,0.1675651292418259,0.01397083597546785,-0.01385837996713564
2022-01-05,SIDE,0.001357318444382457,0.9969151731429217,0.001727508412695983,0.09277941952895112,0.14770462865170053,0.1589478830287409,0.1237452617203535,0.16930374799750386,0.015889052917895975,-0.023078457399346705
2022-01-06,SIDE,0.002234809956417606,0.9963772742942182,0.0013879157493640261,0.1533512712979025,0.1529350862169332,0.1601665729548947,0.12824376773015703,0.16724199381166974,0.028437882656004446,-0.03045531520364515
2022-01-07,SIDE,0.0003593314090594517,0.9964194836751007,0.0032211849158398287,0.15231099713026358,0.1532770250628477,0.1602730252248364,0.058810755687677026,0.17403434105564902,0.024568412861986005,-0.0311289991955028
2022-01-10,SIDE,0.0006543759928503976,0.997562916512456,0.0017827074946935911,0.13434775801012286,0.1531073337358046,0.1606116329854233,0.07179487168375007,0.17379583505133867,0.016787964237083272,-0.030424907374025763
2022-01-11,SIDE,0.0007808995944186145,0.9974489927343642,0.0017701076712172774,0.1237452617203535,0.15229669643039084,0.15943544555104028,0.05087678146464979,0.17443075785451548,0.003168479348912054,-0.025232960426721504
2022-01-12,SIDE,0.001097594248588145,0.9978978803267672,0.0010045254246447116,0.12824376773015703,0.15087604821996034,0.15968319912679188,0.11272429637102444,0.1769738485160557,-0.015155719830532285,-0.047081383449584305
2022-01-13,SIDE,0.0009859897918036381,0.9976021155926547,0.00141189461554187,0.058810755687677026,0.1508116413660022,0.15966199212870621,0.10562027527822036,0.1778540384843757,-0.027812581603883366,-0.08066912020400724
2022-01-14,SIDE,0.00262968416977562,0.9965985193929504,0.0007717964372737845,0.07179487168375007,0.13528579938090676,0.15875624065335303,0.10207751896492018,0.2028841071418211,-0.0356072394862045,-0.05074639209973494
2022-01-17,SIDE,0.0025541506699716006,0.9966089927652715,0.0008368565647567958,0.05087678146464979,0.0956161807828113,0.15853774463728132,0.09016174588467592,0.23391950456145696,-0.06539792768341683,-0.05535412281002774
2022-01-18,SIDE,0.005741998900730557,0.992843007263007,0.0014149938362623784,0.11272429637102444,0.10869984679448143,0.1599249664352414,0.12401905250693636,0.23315249994940057,-0.04720155087621628,-0.04566031084183995
2022-01-19,SIDE,0.0007428285815688952,0.9969157293209397,0.002341442097491402,0.10562027527822036,0.11530843817042667,0.16114549607948053,0.19365068652514575,0.23133367120214776,-0.047271811808470815,-0.03760804639868413
2022-01-20,SIDE,0.0008937058042891167,0.9970724885251936,0.002033805670517294,0.10207751896492018,0.12295936167912688,0.16154131754326714,0.19365701349066747,0.22971389360129038,-0.03758731228187051,-0.03148386737162379
2022-01-21,SIDE,0.0009951156266180337,0.9966314806441181,0.002373403729263861,0.09016174588467592,0.1261877911783348,0.1621709461503702,0.20338206989592644,0.22787351752533638,-0.015866115322267064,-0.030250640317711065
2022-01-24,SIDE,0.0015908657615949474,0.9960799052759245,0.0023292289624806456,0.12401905250693636,0.16141171900341916,0.1664784175439772,0.2531354322703398,0.22747627483447866,0.024637015404866163,-0.005018082956566568
2022-01-25,SIDE,0.00016652991250710937,0.7822095545065549,0.21762391558093785,0.19365068652514575,0.16071142239139333,0.16603796515930397,0.15978177307755792,0.20779631885675418,0.028643108006708613,-0.06146437510752303
2022-01-27,SIDE,0.020084420484196445,0.9744705780600366,0.005445001455767095,0.19365701349066747,0.1644824166699065,0.1641902813171814,0.16622447478653776,0.26537739831538243,0.025963122995037387,-0.026757260957366472
2022-01-28,SIDE,0.00025362869383493893,0.9771372937581116,0.022609077548053483,0.20338206989592644,0.16448098021450855,0.16416176897843265,0.18227036523031856,0.28089931773757815,0.023939383895646472,-0.018176766858745974
2022-01-31,SIDE,0.01640007640531631,0.9804307158469387,0.0031692077477448867,0.2531354322703398,0.16913658964027428,0.1667492687603007,0.18674904724022703,0.2827716075738278,-0.007307555968593363,-0.04324567921411291
2022-02-01,SIDE,2.2276000669709857e-05,0.9635460803549197,0.03643164364441058,0.15978177307755792,0.166874482785096,0.16887530871791404,0.22033257961950553,0.2796916370799527,-0.017799439544021144,-0.06333993428019705
2022-02-02,SIDE,0.0005843472647539278,0.9948929184182446,0.004522734317001567,0.16622447478653776,0.16804780686144533,0.16966676579660808,0.18497574496374775,0.27414546493012876,-0.01794406303378818,-0.09026751610598985
2022-02-03,SIDE,0.0006455278844719395,0.9953216159323544,0.004032856183173821,0.18227036523031856,0.17150663810746553,0.17148116772213895,0.1842357038499514,0.2720512955309755,0.0025962555158820237,-0.10163616831542481
2022-02-04,SIDE,0.09436822701118996,0.900195711050741,0.005436061938069132,0.18674904724022703,0.1682995581280084,0.171519634279895,0.17972518816732785,0.27909697295254693,-0.00811387313234167,-0.08970288187800299
2022-02-07,SIDE,0.00048238481493663205,0.9954906609814826,0.004026954203580707,0.22033257961950553,0.17749481482811347,0.17435386702791733,0.20533134674519138,0.28338428793293635,-0.021775922344357615,-0.05175573489778718
2022-02-08,SIDE,6.95656210752403e-05,0.9618310716499584,0.03809936272896631,0.18497574496374775,0.17247347322858161,0.1723029575844079,0.2806842967349202,0.29154918105083105,0.004951019957753981,-0.03968726759814462
2022-02-09,SIDE,0.029619447015730414,0.9669738851827901,0.0034066678014793923,0.1842357038499514,0.17822171787392,0.17407763200569562,0.37394698655902053,0.29738191755269144,-0.008141251198918743,-0.048894814682268466
2022-02-10,SIDE,0.0005556238463276951,0.9894723661213232,0.009972010032349007,0.17972518816732785,0.1778218601042188,0.17459415520679245,0.36247711117532494,0.29390795694389604,-0.01725887106620638,-0.04261727972112408
2022-02-11,SIDE,0.0006665809699216714,0.9937755567803973,0.0055578622496809775,0.20533134674519138,0.18161684117314952,0.17625752235749906,0.35270699438906583,0.297497297935025,-0.005682382779632116,-0.04182731030164539
2022-02-14,SIDE,0.00023096670757563075,0.9755406661637662,0.0242283671286582,0.2806842967349202,0.20768899349829525,0.18659157126559295,0.3419329726809095,0.29713547702920073,0.021372671228500114,0.007839026012327378
2022-02-15,BEAR,1.4912098278710318e-05,0.05947346821847449,0.9405116196832469,0.37394698655902053,0.23918630123957457,0.1927151798891962,0.2273409963780429,0.28542145733140856,-0.015111487704180741,-0.0037760405149444335
2022-02-16,BEAR,1.5797067582227247e-05,0.003256865036290656,0.996727337896127,0.36247711117532494,0.23730401162406412,0.19245745149928828,0.03718054036945489,0.27288840224121075,-0.015061887829955734,-0.011881741882447673
2022-02-17,SIDE,1.5213611417791542e-05,0.9597760878924357,0.04020869849614657,0.35270699438906583,0.23568078025506167,0.19219750439474215,0.037289414832823234,0.2749112170777807,-0.06300561514189944,0.0006296920205410623
2022-02-18,SIDE,1.54945451703013e-05,0.9776087155721359,0.022375789882693876,0.3419329726809095,0.2336009980781198,0.19165824903426998,0.32431990208289835,0.27805123779028945,-0.03642102636715313,-0.001775682315362076
2022-02-21,BEAR,2.254989649230074e-05,0.2700333150677043,0.7299441350358035,0.2273409963780429,0.23256721093192512,0.18191490234405927,0.421343139961082,0.27835759401655014,-0.024280211768992734,0.0009352472696903184
2022-02-22,SIDE,0.0008647496962647342,0.9403952698091221,0.05873998049461327,0.03718054036945489,0.21312525186373735,0.18242717088453578,0.43580070474125676,0.27803047251822866,-0.02886115421866894,0.0035508663336071707
2022-02-23,SIDE,0.0036896464022617734,0.9938680909985017,0.0024422625992365186,0.037289414832823234,0.21123648077312013,0.18225507639207145,0.4382112047973104,0.27738099597740135,-0.033684835918764235,0.009260608250877456
2022-02-24,SIDE,0.004333051682999238,0.9937238506525242,0.0019430976644766703,0.32431990208289835,0.2710749870115384,0.20675384107053182,0.43671936448847903,0.2776025718856766,-0.00016003299175826593,0.06420111397183548
2022-02-25,BEAR,1.5848429563251202e-05,1.5848429563251202e-05,0.9999683031408736,0.421343139961082,0.2881813562299607,0.2114177099306451,0.2627021622087787,0.2118693309395078,-0.04891578436302084,0.049186282217788334
2022-02-28,BEAR,1.5843727894271618e-05,0.00031250907939120746,0.9996716471927146,0.43580070474125676,0.28489842732562126,0.21088832098598126,0.18804943122817264,0.19827028923604686,-0.047586731123610664,0.0391688385772913
2022-03-02,BEAR,1.5825179168188642e-05,0.001482906381035436,0.9985012684397965,0.4382112047973104,0.2809634170777283,0.20938690369321492,0.19607786683856301,0.19763986554667587,-0.015817611652267628,0.06213268802495645
2022-03-03,BEAR,1.584065756695824e-05,0.0005062383239032957,0.9994779210185296,0.43671936448847903,0.2760071442743474,0.20713344307344247,0.2869839329311221,0.19441519497795737,0.0058532271380312955,0.09009184058694619
2022-03-04,BEAR,1.58425566235554e-05,0.00038641292058013224,0.9995977445227961,0.2627021622087787,0.27746051541275635,0.20600813545309046,0.3112346702842808,0.20124666314675255,0.023428638389933296,0.10019557226766146
2022-03-07,BEAR,0.0013074659171174315,0.149378515234035,0.8493140188488475,0.18804943122817264,0.286214644007943,0.21096264853433852,0.2750655217598533,0.19157984809028886,0.061615144110182964,0.11562933090366882
2022-03-08,BEAR,0.0008913818191747147,0.023486358086396035,0.9756222600944293,0.19607786683856301,0.286567744216412,0.21216852421059743,0.10980747699855223,0.16865927337051534,0.03976169844401581,0.09671454593670226
2022-03-09,SIDE,0.0003541446828637764,0.9841313978049631,0.01551445751217305,0.2869839329311221,0.2984057518580756,0.2164081511680989,0.209983119629664,0.17569514047125281,0.03781883856575702,0.08437540385687625
2022-03-10,BEAR,0.0010614661814201708,0.04511831748538815,0.9538202163331917,0.3112346702842808,0.30108181417919133,0.21889898111563502,0.2029974001616622,0.16658027534507003,0.04086224704095405,0.06305296368195819
2022-03-11,BEAR,0.0011082790828543245,0.048436011182771056,0.9504557097343747,0.2750655217598533,0.2990209130054178,0.21869637591557567,0.21115067731445747,0.1649912585355272,0.02887182160090195,0.05269545993668695
2022-03-14,SIDE,0.00029239416911017933,0.9847455289652602,0.014962076865629743,0.10980747699855223,0.30235889765429064,0.22080007384881423,0.2468694367166239,0.16951281237864643,0.025988100675458807,0.035194529963889054
2022-03-15,SIDE,0.038747330235791175,0.8837112536558052,0.07754141610840351,0.209983119629664,0.28485253031675073,0.2200241331642896,0.241324051893639,0.16484946944819892,0.034369245206651244,0.030185539842491494
2022-03-16,SIDE,0.010090769085895204,0.9773756665211848,0.012533564392920138,0.2029974001616622,0.27145030406941634,0.2186178664463943,0.2077727066901412,0.17104420364881848,0.014468892485862994,-0.0009842636499209222
2022-03-17,SIDE,0.010902509485203183,0.9784843386557665,0.010613151859030322,0.21115067731445747,0.2799166749705392,0.2209054642948361,0.183841373121443,0.1656992761845721,-0.0077845808556290695,-0.008744056921193172
2022-03-21,SIDE,0.02752278699757574,0.8144803862759241,0.15799682672650012,0.2468694367166239,0.28204794139870404,0.22081833323812008,0.12590421003696836,0.156880880050257,0.00608046230336954,0.015937654433241067
2022-03-22,SIDE,0.00251412982018737,0.9870296419431906,0.010456228236621953,0.241324051893639,0.28520673602379554,0.22161875786149876,0.1051280042588983,0.16141262148949947,0.0005658068093950192,-0.008324815492640456
2022-03-23,SIDE,0.01103339325499513,0.9885056767784042,0.0004609299666007346,0.2077727066901412,0.285207206096764,0.22161890382126562,0.0737729794899644,0.16295378034624214,0.014540938165997306,-0.01705909273781393
2022-03-24,SIDE,0.009319074435491605,0.9887025214440203,0.0019784041204881538,0.183841373121443,0.2841493464331314,0.2214319680613393,0.08926869257335422,0.16814225328648022,0.013953379538608241,-0.0012752899090821323
2022-03-25,SIDE,0.02788451521184884,0.9712263242102268,0.0008891605779244878,0.12590421003696836,0.2845018463339518,0.2208890279246777,0.09110416942087693,0.17622699343522097,0.029720667472680283,-0.006703465148705613
2022-03-28,SIDE,0.03498764263349081,0.964993439281414,1.8918085095132232e-05,0.1051280042588983,0.21709947995583484,0.2210356724381166,0.08499099378943549,0.17876334820720438,0.047146396417304344,0.0013375095017553542
2022-03-29,BULL,0.5582952973101958,0.4416315138617786,7.318882802552387e-05,0.0737729794899644,0.2014390061364799,0.22137000482076666,0.13524444716809672,0.1833313490219729,0.035834425304067746,-0.012940285745431237
2022-03-30,BULL,0.8932991990615856,0.10663608013470723,6.472080370713653e-05,0.08926869257335422,0.20228258340908883,0.22159066751554485,0.17220988840883258,0.18419521528833763,0.017527264322859656,-0.024831064590077515
2022-03-31,BULL,0.9019521812808461,0.09803350149635974,1.4317222794127179e-05,0.09110416942087693,0.1967746046736648,0.21928652068167737,0.2004177523771944,0.18017634787624376,0.00995897623580032,-0.04611806212728235
2022-04-01,SIDE,0.016371033374953447,0.9836133771807434,1.5589444303171585e-05,0.08499099378943549,0.1963050568011565,0.21962537376646743,0.21960044326785708,0.1956906454569434,0.006425104179652194,-0.05752449568705172
2022-04-04,BULL,0.8975316692894605,0.10245408077517736,1.4249935362199999e-05,0.13524444716809672,0.19290699590392812,0.2236213319663116,0.2110140261318836,0.18936510793348996,-0.02118564976695659,-0.09536695742509474
2022-04-05,BULL,0.8343064853916684,1.3315330911390006e-05,0.1656801992774202,0.17220988840883258,0.16510609319034467,0.22291172747582572,0.11327095183693857,0.17316301571184722,-0.0240714739410412,-0.09672368794248773
2022-04-06,BULL,0.919865205241616,1.4591928819310331e-05,0.08012020282956467,0.2004177523771944,0.17242003547727114,0.22347002860105192,0.11682489671562503,0.17330477268500838,-0.01881965682959692,-0.09214772670546839
2022-04-07,BULL,0.5659688134224244,0.434020595117441,1.0591460134556885e-05,0.21960044326785708,0.1702020986805759,0.2231805983333403,0.11261665796579536,0.17277524060520513,-0.026767307650194805,-0.08716522700935772
2022-04-08,SIDE,0.49376979991188535,0.5062197425864694,1.045750164534829e-05,0.2110140261318836,0.16578010840649582,0.22376825144955853,0.14695147521032914,0.17178260035574977,-0.047540828941040204,-0.1178027160745085
2022-04-11,SIDE,0.008418556549850425,0.9915657281506739,1.571529947562841e-05,0.11327095183693857,0.1692468501869297,0.22331331623288556,0.08906865064989408,0.17679544197097252,-0.030934773562197423,-0.11326882837184946
2022-04-12,BULL,0.8402084957692085,1.3400011864974622e-05,0.15977810421892646,0.11682489671562503,0.1681814479822194,0.2237786403541653,0.16975053791933958,0.17731109927831396,-0.007885983902544039,-0.1012472344407002
2022-04-13,BULL,0.7665378154788833,1.2393825697353155e-05,0.23344979069541916,0.11261665796579536,0.1607397148464139,0.22383117551600692,0.22291897843167355,0.17977205489334136,-0.01753124478107075,-0.07214343065993391
2022-04-18,BULL,0.8834912421592804,1.40376866155764e-05,0.11649472015410388,0.14695147521032914,0.16342404917847259,0.22629144800499792,0.2371907243542485,0.20911341066319095,-0.012875387373654044,-0.055880424929664205
2022-04-19,BEAR,1.1827567621897536e-05,0.28020816043700264,0.7197800119953754,0.08906865064989408,0.15577844489146025,0.22666785648706553,0.22177113984458066,0.2028939267165552,0.014177866226701787,-0.07017332830188096
2022-04-20,BEAR,1.4333922898698417e-05,0.09693848206619243,0.9030471840109088,0.16975053791933958,0.15705885150326462,0.22716149682167483,0.22782270378253755,0.21724777147412058,-0.005743989083141515,-0.05212734797064646
2022-04-21,BEAR,0.0007129364735604042,0.20503456034674242,0.7942525031796972,0.22291897843167355,0.16068648120048737,0.22851452541877035,0.2298450864505878,0.23951987450476184,-0.008519682628116157,-0.07012659020332061
2022-04-22,BEAR,0.0005239242312238236,0.09935890911913213,0.9001171666496441,0.2371907243542485,0.1666325716204178,0.2294168163290721,0.21823899732447077,0.23109388108348022,-0.004049663443395872,-0.06289707367717573
2022-04-25,BEAR,0.000315862749562646,0.017919031206257246,0.98176510604418,0.22177113984458066,0.17249954719957145,0.22420871659528838,0.20592233593617223,0.22872232546493432,0.006768966313733554,-0.05630092146777176
2022-04-26,BEAR,0.00036615131088864344,0.020090616586351473,0.9795432321027598,0.22782270378253755,0.18018864793650474,0.22567796798082138,0.17886003895132863,0.2262965672025709,-0.030889392679591954,-0.06178894438184461
2022-04-27,BEAR,0.001336980172360034,0.0681787262211421,0.930484293606498,0.2298450864505878,0.18269288391077773,0.22562861844139695,0.20322629518372146,0.22181450177730677,-0.02110036306566583,-0.04109188706687312
2022-04-28,BEAR,0.0010974297006575966,0.027917198151443813,0.9709853721478985,0.21823899732447077,0.18679361667556713,0.226989784371357,0.20506067004392017,0.2256745311527735,-0.04955807050954574,-0.03443047895421307
2022-04-29,BEAR,0.002789285287236901,0.05429924728008168,0.9429114674326816,0.20592233593617223,0.18483438746849484,0.22582022309679245,0.15654688785470672,0.23197778523410556,-0.047948976892988666,-0.03075603611848273
2022-05-02,BEAR,0.0027126521938302863,0.04795144127864029,0.9493359065275294,0.17886003895132863,0.18483674422082624,0.22400079086807048,0.1580020994221634,0.23099611487465474,-0.04978939779253118,-0.03253159220892682
2022-05-04,BEAR,0.0064163022376351455,0.16909697572780102,0.8244867220345637,0.20322629518372146,0.19395255908908704,0.22733534447270365,0.1528579758996778,0.23112573117708304,-0.031088188646275036,-0.0029784802956991053
2022-05-05,BEAR,0.000573705149328679,0.0006954297968521071,0.9987308650538191,0.20506067004392017,0.17205941936825825,0.2261092833922926,0.09890053437748672,0.21857043776516918,-0.05385311620780449,-0.005912792518419029
2022-05-06,BEAR,0.004406598835507665,0.0075797169831818625,0.9880136841813105,0.15654688785470672,0.17763701455020614,0.22832549453524664,0.1311401445602074,0.21873153320266525,-0.039087520713711146,0.009599598289937627
2022-05-09,BEAR,0.004568704699533384,0.0008005619799527241,0.9946307333205139,0.1580020994221634,0.17724999143396444,0.2260908277907074,0.13307429919160355,0.21078270060686397,-0.02859502043925368,0.006999191118902303
2022-05-10,BEAR,0.010371837523934023,0.002671518682307056,0.986956643793759,0.1528579758996778,0.17624035127683624,0.2260118990955311,0.1573215506537441,0.21208193077366838,0.001184639215937593,0.007129673749792578
2022-05-11,BEAR,0.014489122716540511,0.003942902033628597,0.9815679752498307,0.09890053437748672,0.17013681953707424,0.2246369422526809,0.2768638249985369,0.2120503824422865,0.004517494429498714,0.019053913532826223
2022-05-12,BEAR,0.030297405458330023,0.01327130931869038,0.9564312852229797,0.1311401445602074,0.1813762219644894,0.22789089554098663,0.2742686831245202,0.2126423182837582,8.85588315873959e-05,0.024606206171555074
2022-05-13,BEAR,0.0019708436367767788,9.148519424853358e-05,0.9979376711689748,0.13307429919160355,0.181611878458024,0.22664507910713608,0.29874913685690685,0.20571067634335874,0.030206706839005542,-0.0004911817138320581
2022-05-16,BEAR,0.03279968102459151,0.003262035596967735,0.9639382833784409,0.1573215506537441,0.18433323208446947,0.21838278260675212,0.3587354953894954,0.22726978822753668,0.023234660334835705,-0.006980366845440551
2022-05-17,BEAR,0.013762780692847351,0.005263114593044714,0.9809741047141081,0.2768638249985369,0.2080903281487623,0.21620401959863944,0.36483764255325024,0.2270043695433026,-0.00828488779831258,-0.03550446544988375
2022-05-18,BEAR,1.584695795978081e-05,0.00010870185207060595,0.9998754511899697,0.2742686831245202,0.20483498334268338,0.2161997291967588,0.3137652706451663,0.2058637179616408,-0.013295883911761557,-0.055690018012707156
2022-05-19,BEAR,1.5820153136047047e-05,0.0018000537867032228,0.9981841260601607,0.29874913685690685,0.21688076537183726,0.22257874690696247,0.3152875609857214,0.21680429651296437,0.02256225014673811,-0.0331767983086528
2022-05-20,BEAR,1.5848429563248685e-05,1.5848429563248685e-05,0.9999683031408736,0.3587354953894954,0.2370964571286896,0.23090596608556713,0.23394009359815335,0.19832937558196387,0.0052914718206316606,-0.05796101541904617
2022-05-23,BEAR,1.5848429563248604e-05,1.5848429563248604e-05,0.9999683031408735,0.36483764255325024,0.23447218995758473,0.23086392881602566,0.13267121698449058,0.1671239309436322,0.02717642862099137,-0.036163232369686854
2022-05-24,BEAR,1.584842956324886e-05,1.584842956324886e-05,0.9999683031408735,0.3137652706451663,0.23180785765514972,0.23075620988026946,0.1734552078799629,0.18277862615751725,0.028091374115297073,-0.04514939190023519
2022-05-25,BEAR,1.5847507677781845e-05,7.40164109063664e-05,0.9999101360814158,0.3152875609857214,0.2231950419873387,0.23099928920123,0.16989366398140457,0.18772634361974985,0.030538295572578443,-0.029711723616557793
2022-05-26,BEAR,1.5848229745772877e-05,2.845626149524716e-05,0.999955695508759,0.23394009359815335,0.22626282417997146,0.20915081612188166,0.15977483501305254,0.1911364598753171,0.02792107140655352,-0.029554009471268294
2022-05-27,BEAR,5.184645160555448e-05,0.005264893875108749,0.9946832596732856,0.13267121698449058,0.22555513332881152,0.20396001474557215,0.15789330798494106,0.1912451475141252,0.014078731482788409,-0.03234136675614435
2022-05-30,BEAR,0.09344791704856344,0.00893860665308906,0.8976134762983475,0.1734552078799629,0.23670371537159127,0.20696779575486451,0.15739747364076814,0.18916031435217415,-0.005527993265394947,-0.049912548281306236
2022-05-31,BEAR,0.0027301350501814045,0.02061246711819917,0.9766573978316194,0.16989366398140457,0.23698986667356933,0.20588901370688278,0.06975579820942235,0.1746908946055905,-0.010193749655603494,-0.048518562694241485
2022-06-01,BEAR,0.03481209180995338,0.032871213752587496,0.9323166944374592,0.15977483501305254,0.22293616408637884,0.20559248130925653,0.08961555051139541,0.17453170658859748,-0.010128131833811626,-0.04597906099886215
2022-06-02,BEAR,0.07049768791181651,0.09611664935155734,0.8333856627366261,0.15789330798494106,0.22424239996263587,0.20343163537027548,0.08953855849571057,0.17449253718923424,-0.009055794817749787,-0.05411750585850284
2022-06-03,BEAR,0.09384227183158522,0.13935507332375716,0.7668026548446576,0.15739747364076814,0.2162000664059477,0.19720779917242207,0.09595181240534673,0.17172986314599095,-0.02333411751783036,-0.04621168201202763
2022-06-06,BEAR,0.18956744043463844,0.05751524129265229,0.7529173182727091,0.06975579820942235,0.2146081576054265,0.19639808406464063,0.14476800512665353,0.1738686462528029,-0.04917830071748101,-0.046870260339081884
2022-06-07,BULL,0.5178976190338529,0.09006892416709951,0.3920334567990477,0.08961555051139541,0.21704455244128826,0.19293745804720913,0.20572221666264878,0.1738210492675812,-0.042574578403596644,-0.026326770473591297
2022-06-08,BEAR,0.37131976902174435,0.056232619616415756,0.5724476113618399,0.08953855849571057,0.21680754973490277,0.190494440075342,0.21207189083679392,0.1778336686215883,-0.04144949998373891,-0.013749422106697787
2022-06-09,BULL,0.47107513919504346,0.06961073507305193,0.4593141257319045,0.09595181240534673,0.19997738858192304,0.19108315396824654,0.21383503850450356,0.1809916019529502,-0.0702264371160347,-0.015750187200857448
2022-06-10,BULL,0.7351626562870354,0.10744518748179498,0.15739215623116973,0.14476800512665353,0.21079434361581495,0.19167775878801285,0.17461982679028845,0.17999657372106026,-0.05769444564862068,0.0008760619726317975
2022-06-13,BEAR,0.20589603155702602,0.018875945306996707,0.7752280231359773,0.20572221666264878,0.2327360130568602,0.1975771257951315,0.1840765205769647,0.17013308335773095,-0.027263126866208597,0.017837477026087522
2022-06-14,BEAR,0.0003679999697460527,1.5842848442396613e-05,0.9996161571818115,0.21207189083679392,0.21118778904878296,0.19338135162401238,0.1493138738154919,0.14475106245827798,-0.005948205189410669,0.014798960886630694
2022-06-15,SIDE,0.0001555332658880645,0.8026333204998273,0.19721114623428465,0.21383503850450356,0.2112027538982531,0.18908915878722,0.22940178607830894,0.14606267446036544,-0.017929814248664053,0.015586389865628667
2022-06-16,BEAR,0.0002246076468788813,0.1666617097526717,0.8331136826004494,0.17461982679028845,0.20321355930604176,0.19266572053086864,0.24880338704827826,0.14586743238164646,0.012682410484387893,0.04385321464039298
2022-06-17,SIDE,1.2530498846734425e-05,0.7771036440129698,0.2228838254881834,0.1840765205769647,0.16976375160004087,0.19072204730816955,0.20148571662994258,0.12298471624204184,0.026185038984122628,0.06241731720888152
2022-06-20,BEAR,1.581397782516474e-05,0.0021897306469218715,0.997794455375253,0.1493138738154919,0.17145877591687594,0.19103943172566554,0.19499189169566503,0.12741975225358937,0.03091112048353362,0.06252450262367154
2022-06-21,BEAR,0.177264516002867,0.004609969612463403,0.8181255143846695,0.22940178607830894,0.18698542401903892,0.19563592158326462,0.1955267656796864,0.12742797829718366,0.013427112709371995,0.054868213722848835
2022-06-22,SIDE,0.00033631108034156104,0.5742682942752442,0.4253953946444142,0.24880338704827826,0.192015032720059,0.19736397832417946,0.16191289134988424,0.11798882998323956,0.02472220332129087,0.07448813735757055
2022-06-23,BEAR,1.5637766893596498e-05,0.013316326401635027,0.9866680358314713,0.20148571662994258,0.19223662534776442,0.19831190825779899,0.09029566977668121,0.1003381648979908,0.014270958190274066,0.07208451243767537
2022-06-24,SIDE,0.004133539696767291,0.7091378609494817,0.28672859935375106,0.19499189169566503,0.19047935974861058,0.1989354449227717,0.0893243529727373,0.09895044878729184,0.0033575750193190535,0.05765548317543367
2022-06-27,SIDE,0.005845835512455526,0.7270939791894505,0.2670601852980941,0.1955267656796864,0.178746356600566,0.19858401159730393,0.07320540700677264,0.10109314734496705,0.00020841622690496363,0.04034474724612867
2022-06-28,BEAR,1.5638264984625132e-05,0.013284848821208412,0.986699512913807,0.16191289134988424,0.17903292705123064,0.198666776115028,0.05275364196253424,0.10648416924807551,-0.0024857053231707284,0.04873548407949059
2022-06-29,SIDE,0.020285030031930107,0.8530854539838754,0.12662951598419456,0.09029566977668121,0.17898700364398193,0.19673645324702646,0.0526685689089394,0.10963471454724134,0.01199804256504673,0.06911059278255324
2022-06-30,BEAR,0.20475847561438215,0.3140176736865954,0.48122385069902246,0.0893243529727373,0.17616655650970828,0.19065864878018196,0.09143886418594756,0.11896180253209272,0.022101507058352707,0.08371994937611467
2022-07-01,BEAR,0.281107820676545,0.14856861741386268,0.5703235619095923,0.07320540700677264,0.17619100446807978,0.19055171801242382,0.09450573575981926,0.12272736211451478,0.029311523839895638,0.09604833932269398
2022-07-04,BEAR,0.35493597301204505,1.1086420991605047e-05,0.6450529405669633,0.05275364196253424,0.17831838945529702,0.19071079076041197,0.07688143158705443,0.12284799499516735,0.02375362646682912,0.09108544147840412
2022-07-05,BEAR,0.20517047435677815,0.20990316520149493,0.584926360441727,0.0526685689089394,0.17638144314381565,0.19006516814869498,0.08876610623548441,0.12369147704362439,0.015529436647688563,0.09509252651135905
2022-07-06,BULL,0.7905408095556289,0.0582586604130014,0.15120053003136966,0.09143886418594756,0.18223095318311378,0.19086021614053744,0.13347571040860373,0.12205705893238947,-0.0014488470433746561,0.08348416906501485
2022-07-07,BULL,0.4601709605110612,0.11445432828491296,0.42537471120402576,0.09450573575981926,0.18323091320766505,0.19187557284101034,0.12211436492414438,0.1206121808870861,-0.012113688011412395,0.07546585254724703
2022-07-08,BULL,0.8326474595040708,0.051657297950960294,0.11569524254496882,0.07688143158705443,0.17454863790416245,0.19187851957405033,0.09100800449472345,0.11967374316405158,-0.010623035274784165,0.07735209966668417
2022-07-11,BULL,0.7314691378901758,0.08016461388111115,0.188366248228713,0.08876610623548441,0.14312372571661872,0.19185118907132703,0.09933653237022315,0.12021389163075934,0.0038468095876289395,0.07818621714092171
2022-07-12,BULL,0.9129204673133039,0.058268210055931906,0.028811322630764243,0.13347571040860373,0.1479245386079957,0.1897215148242109,0.15419723583653794,0.11990138464439971,0.01742389873137547,0.0950197185662599
2022-07-13,SIDE,0.035889748566771046,0.7891254781313168,0.1749847733019121,0.12211436492414438,0.1493663527990297,0.18846389050106488,0.12260989302394387,0.10978071269952949,0.03412104764680742,0.10295794243632114
2022-07-14,SIDE,0.07497393620573263,0.7840950519133849,0.14093101188088233,0.09100800449472345,0.12488897669886975,0.1869531010612877,0.0985460003746572,0.10372010995730675,0.0409719332432778,0.1118690142692399
2022-07-15,BULL,0.8357216301373435,0.1455265759114582,0.01875179395119831,0.09933653237022315,0.12385085251352886,0.18474263724230763,0.06834455769669824,0.10107246948674735,0.04091370828167031,0.11161072525747068
2022-07-18,BULL,0.8886602719429892,0.09906128012589922,0.012278447931111464,0.15419723583653794,0.130701900663242,0.18587609632595808,0.06841459832319659,0.10102538550339547,0.02142320495067484,0.09810694764006928
2022-07-19,SIDE,0.00033905673528319914,0.9193721033825448,0.0802888398821719,0.12260989302394387,0.1169640970157208,0.1844480912246605,0.09530553851868764,0.09682691588997792,0.008731365105990666,0.08321171038448164
2022-07-20,SIDE,0.1313016949542976,0.8411886506086093,0.02750965443709308,0.0985460003746572,0.10278243833306362,0.18336803151614015,0.13405035962613418,0.11119079108497812,0.007294383066013639,0.05704609154614221
2022-07-21,BULL,0.9696948029361955,0.011209436382069286,0.019095760681735317,0.06834455769669824,0.10071501627277772,0.18280857878393386,0.12807379404101002,0.12631782699471006,0.01934465874627355,0.056900764669692856
2022-07-22,BULL,0.9828392882401114,0.004540877497992467,0.012619834261896229,0.06841459832319659,0.09927385061264751,0.18159807591598517,0.1710068390043239,0.12628433641088954,0.02590639512871349,0.051607400122069214
2022-07-25,BULL,0.962032500383601,0.03549597119293599,0.002471528423462897,0.09530553851868764,0.10153197280508353,0.1811532947150157,0.18406848757756422,0.12542391386093585,0.041750431166579206,0.05221449222616409
2022-07-26,BULL,0.9771915765177421,0.020053141156340305,0.0027552823259174085,0.13405035962613418,0.10921212235696603,0.18195191616781528,0.16000139874053715,0.12496733785678714,0.05094911045918057,0.06317983017374143
2022-07-27,BULL,0.8438758316702839,0.14160656205233615,0.01451760627737997,0.12807379404101002,0.11055968264676719,0.17686628508253385,0.09943016483164167,0.11796965836834757,0.04387133710869766,0.03953428575408875
2022-07-28,SIDE,0.04329402321964204,0.9247991018273944,0.031906874952963585,0.1710068390043239,0.12089930522630958,0.18033832216267504,0.11399026962443243,0.1293692444947542,0.02637161884750829,0.047845753205081006
2022-07-29,SIDE,1.4452855167770688e-05,0.9108221052529918,0.08916344189184038,0.18406848757756422,0.12405741349999666,0.17892978491121617,0.09984480557322364,0.144091175999415,0.013847410229484824,0.0221645018160502
2022-08-01,SIDE,1.4270338460131823e-05,0.8988735426040656,0.10111218705747424,0.16000139874053715,0.12601226853234124,0.17935705727580084,0.07090325532886083,0.1465229428346372,0.010615284183885776,0.011433774699299423
2022-08-02,SIDE,0.00016013684902849544,0.9108191593353913,0.08902070381558029,0.09943016483164167,0.12498953131764969,0.17908217469160442,0.048881061014628774,0.14242916010453346,0.010854402129346666,0.018300342915650053
2022-08-03,BULL,0.7942475006246938,0.19132069634016607,0.014431803035140111,0.11399026962443243,0.12268634898759953,0.17872035447631732,0.048349310072256756,0.14426201293662702,0.015456628702589337,0.015264073781366686
2022-08-04,BULL,0.953274263080473,0.03888177336616063,0.007843963553366291,0.09984480557322364,0.12236784485436113,0.17182112717574682,0.059766733651079214,0.1442245025649552,0.018024926327931748,0.013849117550411813
2022-08-05,BULL,0.9227165009069714,0.07084256916680959,0.006440929926218936,0.07090325532886083,0.12259306733240655,0.17169693109697237,0.05281725600932157,0.14444121170119265,0.024289473710580455,0.022801712376199337
2022-08-08,BULL,0.9361498701592665,0.06100021178938625,0.0028499180513471057,0.048881061014628774,0.12244513866666619,0.1720367243233236,0.051240708998984204,0.14790996325619662,0.02363559031600219,0.017436160774385784
2022-08-10,BULL,0.9196959714000598,0.07530493843606456,0.004999090163875636,0.048349310072256756,0.11223427490691851,0.16442077424826626,0.04945025969062104,0.1462243554003401,0.023767540086776662,0.02264475367573129
2022-08-11,BULL,0.9227232456156828,0.07434835489115282,0.0029283994931644957,0.059766733651079214,0.10594067227729713,0.16476646348853874,0.048752091182051746,0.14720865806449632,0.0056158905495973235,0.023010303186477208
2022-08-12,BULL,0.9497301131325615,0.04871140668819343,0.0015584801792450028,0.05281725600932157,0.1034733484049799,0.15386017150144116,0.1170697557702702,0.14740116524486593,-0.011790803243371468,0.017119955187922628
2022-08-16,BULL,0.9928318080828422,0.005580977253711433,0.001587214663446276,0.051240708998984204,0.10352935126702971,0.14400402270189785,0.16304152570077698,0.1482477126326029,-0.013996316356269254,0.0029213538540515593
2022-08-17,BULL,0.9323917061921012,0.06618609733179187,0.0014221964761068906,0.04945025969062104,0.09822048371846377,0.14404349454738793,0.15551141118910436,0.1487544154536706,-0.019089616853731138,-0.02330754329108558
2022-08-18,BULL,0.9306823259959429,0.06813911777556363,0.0011785562284934083,0.048752091182051746,0.09928958989515799,0.1432724832601606,0.13937267402830714,0.16148490984854377,-0.024469250463230296,-0.018789858221551475
2022-08-19,BULL,0.9310720097732896,0.0677946053518332,0.0011333848748770615,0.1170697557702702,0.11103854908429686,0.14478510253583518,0.1335396749805867,0.16286908151545162,-0.011300515104749454,0.003249503206519232
2022-08-22,SIDE,0.0020611486710516,0.974568803048268,0.023370048280680362,0.16304152570077698,0.12929486140512533,0.1480427388974775,0.12763537545243825,0.16337805779650824,-0.010217422726039814,0.0129315146174705
2022-08-23,SIDE,1.4614502319640321e-05,0.9213284180238732,0.07865696747380697,0.15551141118910436,0.12863866905898874,0.1468049492405616,0.12076870975024465,0.15515427805273055,0.010289647281661866,0.002970976954762825
2022-08-24,SIDE,0.382318615239332,0.6106077114051688,0.007073673355499116,0.13937267402830714,0.12537989842881517,0.14220162475627132,0.23205954898424003,0.1554843873145835,-0.003536503177305651,-0.01589393448769279
2022-08-25,SIDE,4.058330942900425e-05,0.9727981118361595,0.027161304854411504,0.1335396749805867,0.12098449004653775,0.14221403301203484,0.2536787327730051,0.16664766611828452,0.0009697136397145296,-0.029311207706201388
2022-08-26,SIDE,0.48611079579581856,0.50990289978888,0.003986304415301309,0.12763537545243825,0.11855737921704755,0.14190075859340454,0.251218878653761,0.1768163265067345,0.006069623201088836,-0.03191240041497192
2022-08-29,SIDE,0.0007866762545133832,0.9830827853210026,0.01613053842448414,0.12076870975024465,0.1198867778857658,0.14477991645781618,0.2561883568808592,0.1764015305826738,0.019601125135975637,-0.02659097602125147
2022-08-30,SIDE,6.877509485751802e-05,0.9580055152337262,0.041925709671416136,0.23205954898424003,0.14187193492651526,0.1532388180236259,0.22076136931990492,0.17253715871265435,-0.007625016807160992,-0.05445363496958526
2022-09-01,BEAR,1.0773894179861818e-05,0.3981827343300152,0.6018064917758049,0.2536787327730051,0.14610345941293107,0.15563739728609086,0.11050775487294887,0.14255270097365297,0.014484620789633917,-0.02589560976874258
2022-09-02,BEAR,1.3590206852065826e-05,0.14666756588574403,0.8533188439074039,0.251218878653761,0.14612664590645236,0.15419078821079307,0.08323267993751579,0.15214117675132358,0.016617670258972147,-0.0378878086164127
2022-09-05,BEAR,1.2946286365974896e-05,0.19194877949219866,0.8080382742214355,0.2561883568808592,0.1478911276007136,0.15435948528737875,0.07954291822947075,0.15670913195321862,0.015198812889428058,-0.022410719228268747
2022-09-06,BEAR,1.3746959989836817e-05,0.13599908942442485,0.8639871636155854,0.22076136931990492,0.1479162571172224,0.15387056162527707,0.07575925005992587,0.17588480725260616,0.023202858107699984,-0.01851004904786107
2022-09-07,SIDE,0.015368827240104976,0.9609829095640906,0.023648263195804563,0.11050775487294887,0.1481910306234429,0.14934217004902017,0.07293989612813057,0.17653944779283728,0.021295763965442638,-0.017731341603148192
2022-09-08,SIDE,0.05170643429552362,0.7876967334190972,0.1605968322853791,0.08323267993751579,0.14996564243583804,0.1383141361918042,0.08392642130317612,0.17651074141170495,0.004409115188432805,-0.0318379619193531
2022-09-09,SIDE,0.442497864677842,0.5162924981559998,0.04120963716615821,0.07954291822947075,0.15001938932993364,0.1379675588365543,0.09763623883061687,0.172465828379825,-0.017108113749468957,-0.048825071288111546
2022-09-12,BULL,0.7480219068099908,0.23595717866765176,0.01602091452235739,0.07575925005992587,0.14937365432705732,0.1378260305421473,0.1731850998432593,0.17812032690260624,-0.0176670718105062,-0.04637175098474314
2022-09-13,BULL,0.8345949697104879,0.15304882105355497,0.012356209235957132,0.07293989612813057,0.15117275874718822,0.12913986607625275,0.17135413730762802,0.17971884694949003,-0.014144909430360671,-0.060198765981129804
2022-09-14,BULL,0.8017877939706843,0.1854897642152994,0.012722441814016279,0.08392642130317612,0.15024712608349505,0.12898325790312237,0.1866853172186785,0.1767370591296581,-0.0159792438138238,-0.04650242686134361
2022-09-15,BULL,0.9074475624090221,0.0915081233805816,0.0010443142103963344,0.09763623883061687,0.15067004833605313,0.13050443162188796,0.18766117069672175,0.18223000023376645,-0.013946693255557991,-0.032148995384383754
2022-09-16,BULL,0.6859640475965846,0.311639238123547,0.0023967142798684213,0.1731850998432593,0.1655449562402284,0.1338312157250132,0.1855794721998446,0.18421071972382705,-0.011676008050338372,-0.002507297602833909
2022-09-19,SIDE,0.0008789720672541069,0.9968214578165672,0.0022995701161786907,0.17135413730762802,0.16271053003172486,0.1295255123922979,0.17290770326692181,0.17606425290489755,-0.03499059994788031,-0.006261672112104116
2022-09-20,SIDE,1.0571907138371982e-05,0.5609667553818044,0.4390226727110572,0.1866853172186785,0.1575348539519037,0.12996293943013495,0.18750187753765493,0.17511277594307564,-0.0464624187262406,-0.014262456223636288
2022-09-21,SIDE,1.1155541674671879e-05,0.6531870788254577,0.34680176563286774,0.18766117069672175,0.1583609378740949,0.13012210079620842,0.1258911311119013,0.17077778519861592,-0.04973991336476163,-0.008049422050572625
2022-09-22,SIDE,1.1086850489684633e-05,0.6451046405346621,0.3548842726148482,0.1855794721998446,0.15943570458416217,0.13020933211789348,0.12177026627588627,0.1699173199135334,-0.04713496464268644,0.005709768329937588
2022-09-23,SIDE,1.1132515830212547e-05,0.6505174992832419,0.34947136820092783,0.17290770326692181,0.1703434044884106,0.13596374545213757,0.12957895311194845,0.1718702945857506,-0.013538178458355511,0.018809314034443327
2022-09-26,BEAR,1.0795363014917838e-05,0.3947148157835354,0.6052743888534496,0.18750187753765493,0.18094594465301067,0.1414785734446425,0.20082950657715182,0.16061278288377173,-0.0076068872704967505,0.041478326045507365
2022-09-27,BEAR,1.5599161424935374e-05,0.015756620405253947,0.984227780433321,0.1258911311119013,0.17477995763421608,0.14143602735595845,0.17490394137990328,0.14526993235728394,0.01557130438779212,0.044808065702172696
2022-09-28,BEAR,0.00040505154200085286,0.09267491105540224,0.9069200374025969,0.12177026627588627,0.14625430599816971,0.14279864989049507,0.24613602135875098,0.14500609072758608,0.02768205210936608,0.06618839373378092
2022-09-29,SIDE,0.006334835698217661,0.9835438925312028,0.010121271770579634,0.12957895311194845,0.14173163397658373,0.1427143235264541,0.22318910680337314,0.14362429013608813,0.029097276559276106,0.07596139765919527
2022-09-30,BEAR,0.00012995857004198974,0.14716148476805957,0.8527085566618985,0.20082950657715182,0.15604509814079962,0.14599754834684747,0.22022302964659615,0.1428477741910306,0.008542268639023463,0.05621597572996698
2022-10-03,BEAR,1.431305598295702e-05,0.09830684755464218,0.9016788393893748,0.17490394137990328,0.15724729439894636,0.14707000644856952,0.20656385717523093,0.13702967013564007,0.005680407587273401,0.06673043714231197
2022-10-04,BEAR,1.4045429811647379e-05,0.11597974839130981,0.8840062061788785,0.24613602135875098,0.18044475398414664,0.15284761248630693,0.21929583156159976,0.12714704670320215,-0.008762218867046395,0.04763915562741993
2022-10-06,BEAR,1.5753168155093365e-05,0.006027670832287617,0.9939565759995572,0.22318910680337314,0.18109538391062344,0.1526569092857345,0.13944181269339442,0.10568594611257778,-0.018485858825568854,0.04903246394158656
2022-10-07,BEAR,1.5314855755914382e-05,0.033770875751265,0.9662138093929791,0.22022302964659615,0.17664909361557363,0.15269120064413613,0.13412989731505962,0.10597095281173875,-0.0074753212927527925,0.04750319732599797
2022-10-10,BEAR,1.5288812074000144e-05,0.03542561470666478,0.9645590964812613,0.20656385717523093,0.17647497456397812,0.15142891462651764,0.16690312379045424,0.10670538567195069,0.004098081723402202,0.04464693042715626
2022-10-11,BEAR,1.5082169071316174e-05,0.048588656875792814,0.9513962609551359,0.21929583156159976,0.18024030308611091,0.1544205680315775,0.17484712691160756,0.10933241344942025,0.029209659935808766,0.07736799706835255
2022-10-12,SIDE,0.00015339345233538563,0.9661840763065966,0.03366253024106811,0.13944181269339442,0.18084819002300942,0.15500298161011677,0.11025704971334735,0.10316404045744629,0.0224430070621328,0.0680350597271386
2022-10-13,BEAR,0.12535767758543873,1.3904948357138561e-05,0.8746284174662041,0.13412989731505962,0.18130325026544483,0.15530660185579778,0.11154933574873739,0.10306829795437385,0.0317914003271327,0.07847832451709755
2022-10-14,BEAR,0.00038736521239850864,0.04661188828685438,0.9530007465007471,0.16690312379045424,0.18609376790643195,0.15402221965226628,0.06341577667756226,0.09692666377302697,0.022473760996947218,0.06879734098764421
2022-10-17,BEAR,1.5041935753744265e-05,0.05115912756917064,0.9488258304950756,0.17484712691160756,0.17659339477393216,0.1544712066705726,0.06401277952249614,0.09479722683497228,0.023912070458763396,0.0579087442498819
2022-10-18,BEAR,1.3434801391536806e-05,0.15736535515748856,0.8426212100411199,0.11025704971334735,0.17954400825708905,0.15423115212184585,0.06864566413630901,0.09644779022905138,0.009640603586938945,0.04586411682234724
2022-10-19,BEAR,0.15841641738304177,0.2568204574222962,0.584763125194662,0.11154933574873739,0.17469072294684257,0.1539930334293914,0.0739966036765077,0.09393933010387759,0.012749398209731014,0.0363179838216504
2022-10-20,BEAR,0.2374286089081029,0.3084879239339484,0.4540834671579487,0.06341577667756226,0.17428436034809322,0.15355396985365008,0.07598449791154019,0.10047755384630258,0.01260810319956836,0.03799871533412078
2022-10-21,BULL,0.9357246451286166,0.02844968319793069,0.03582567167345281,0.06401277952249614,0.17347430875378358,0.1530230294330512,0.07594448389114503,0.10090214841309893,0.024497902419591884,0.038558435415813996
2022-10-24,BULL,0.9588670539944658,0.0228908243127469,0.018242121692787275,0.06864566413630901,0.1636822062494688,0.15246204902762142,0.10083562003850483,0.10084341800308645,0.02311666468657123,0.041610482701902915
2022-10-25,BULL,0.9322580917187909,0.05454180445154048,0.013200103829668656,0.0739966036765077,0.14873265006117092,0.15185839927916964,0.09794914993080164,0.10398488863533037,0.023868483237168118,0.047364191844170414
2022-10-27,BULL,0.8590151656959382,0.12400349282797105,0.016981341476090712,0.07598449791154019,0.14875191864246592,0.14828591905122052,0.09373489236697156,0.10155360359184896,0.017645223826307798,0.04550685023222061
2022-10-28,BULL,0.9114470003979452,0.08050489094464539,0.008048108657409292,0.07594448389114503,0.1430816726855465,0.1459999894597069,0.10445101836426704,0.1012270784471727,0.01840239431303937,0.045674931100757384
2022-10-31,BULL,0.9666080587888469,0.03131174531238097,0.0020801958987720203,0.10083562003850483,0.14588886612787239,0.14665612424924218,0.10425921435586119,0.10124213284506006,0.010526122317171725,0.040589680531975814
2022-11-01,SIDE,0.303646142568929,0.6406803656914389,0.055673491739632035,0.09794914993080164,0.13871583302699148,0.1473014288370638,0.07177746390678612,0.09604830046797606,0.0006390762260788379,0.03610445744664347
2022-11-02,BULL,0.9608639954563238,0.03691980803739993,0.002216196506276441,0.09373489236697156,0.1291903374901405,0.14750688399256273,0.05935375995172039,0.09408711244167414,-0.003026776663787319,0.0333509706752925
2022-11-03,BULL,0.9679751433673692,0.03021301604193933,0.0018118405906914301,0.10445101836426704,0.10832370992570552,0.14756981746498618,0.07651266737750352,0.09644824879861591,0.016317967513313908,0.03528441393704339
2022-11-04,BULL,0.9736002607835297,0.02520507252704394,0.0011946666894264164,0.10425921435586119,0.10836005020577365,0.14769153527165985,0.1487378697495798,0.09585635061982646,0.011633685232672402,0.0285983270884082
2022-11-07,BULL,0.8784972143583669,0.10864892953067104,0.012853856110961986,0.07177746390678612,0.10801358346239497,0.14728947275737458,0.15182786437697043,0.09699241901616902,0.010960001749942347,0.019460238246871063
2022-11-09,BULL,0.9885921871071193,0.010555407172997154,0.0008524057198835775,0.05935375995172039,0.10673531696873324,0.14743104775864896,0.15123401688362964,0.09816867448974093,0.013818822368893384,0.02460798129729571
2022-11-10,BULL,0.9858659099300022,0.012881168260498559,0.00125292180949923,0.07651266737750352,0.09206840934039054,0.14763303918268056,0.14692374733722863,0.09750928665137765,0.01735989554612792,0.025649732789315868
2022-11-11,BULL,0.9857229605219403,0.0012607507234665655,0.013016288754592955,0.1487378697495798,0.10448642438087719,0.15181073460306713,0.133450871911094,0.0964543076711597,-0.0022942203101966,0.008003440569585877
2022-11-14,BULL,0.8904655090008095,0.007601032859677814,0.10193345813951261,0.15182786437697043,0.09943811589791968,0.1512311924180366,0.04585514293089063,0.07565043645229182,-0.009274068843355306,0.01509890706756106
2022-11-15,BULL,0.9567569161409185,0.0028524643339873394,0.04039061952509426,0.15123401688362964,0.09664057497291037,0.1508690269934188,0.07169399347083576,0.07783721510654516,-0.008688208855844192,0.013862842306947195
2022-11-16,SIDE,0.003113765403770531,0.9766346177841043,0.020251616812125246,0.14692374733722863,0.09608741459264424,0.15086812657180845,0.07478419240316515,0.07728800377188778,-0.007765144574883016,0.0002851358691726986
2022-11-17,BULL,0.9646049052617106,0.0032663252231780403,0.03212876951511122,0.133450871911094,0.09511994672102389,0.1491972529403229,0.07666295791285348,0.09107894696231987,0.007613808910784227,-0.004091459812565695
2022-11-18,BULL,0.9674781728410162,0.004700078397594214,0.02782174876138944,0.04585514293089063,0.09634033456925135,0.14566154337837195,0.11778690378640191,0.0944528101946969,0.011140678608762054,0.006142455213282646
2022-11-21,BULL,0.9804679260640503,0.005268558074034341,0.014263515861915342,0.07169399347083576,0.10298746757228687,0.14651133105250502,0.11377584611960241,0.09858111877873911,0.021938264620301372,0.012332812404970141
2022-11-22,BULL,0.9405653407046093,0.008302562246449121,0.05113209704894171,0.07478419240316515,0.10344102619512661,0.14673706254533878,0.06905839176027329,0.09417440534183688,0.020284318966205105,-0.0024750789870077923
2022-11-23,BULL,0.9849322244053202,0.0012673786699676562,0.01380039692471201,0.07666295791285348,0.10019537290260339,0.14632683987875517,0.06969016799640289,0.09996022348469298,0.026529147535753757,-0.007687991573893589
2022-11-24,BULL,0.9847694062127537,0.001172803020275371,0.014057790766970835,0.11778690378640191,0.10415842092566191,0.14806611257346444,0.06799680037985723,0.10068164003167215,0.017610639431311807,-0.03733049625983878
2022-11-25,BULL,0.9684568823840333,0.0018163067655784975,0.02972681085038836,0.11377584611960241,0.10383794150032341,0.1447468440249634,0.03651666931501717,0.1076669404609818,0.009855262068290016,-0.027277143657232775
2022-11-28,BULL,0.9803992619299157,0.0007880832931208487,0.01881265477696349,0.06905839176027329,0.10382936142140231,0.13562781749718705,0.07932924961360331,0.1168235417178821,0.007422787531130539,-0.02346200620974747
2022-11-29,BULL,0.994452026357195,0.00023195590522781095,0.005316017737577284,0.06969016799640289,0.0963225814104926,0.1329570048095848,0.07980466639911173,0.11919142276204539,0.0013257903006899032,-0.026977280070897478
2022-11-30,BULL,0.9952996346528215,0.00015763453721078318,0.004542730809967828,0.06799680037985723,0.09643367575914744,0.13359910327485325,0.08424723815022488,0.11828947976370836,-0.010603319967933136,-0.030712020338215004
2022-12-01,BULL,0.9951431639902544,0.00020444921738450647,0.0046523867923611946,0.03651666931501717,0.09458183391628018,0.1330560818983568,0.05817259820114799,0.11546562238414287,-0.010857399923268767,-0.0383168294204861
2022-12-02,BULL,0.9974408956844902,0.00018695111844249147,0.002372153197067122,0.07932924961360331,0.09820457909794535,0.13384758801837857,0.056807846129098255,0.11486348465609482,-0.010728014549764058,-0.027033471583617973
2022-12-05,BULL,0.9819509415374167,0.01774684281668639,0.0003022156458969589,0.07980466639911173,0.09809503350564908,0.13373571871773657,0.05623337433195965,0.1160836490552401,-0.010963005854143516,-0.02537121378864969
2022-12-06,BULL,0.9890379795368762,0.010765603360620052,0.00019641710250372648,0.08424723815022488,0.09872155237589446,0.1327045060519131,0.055620215056623894,0.11650572428306176,-0.0018657347881746449,-0.0327023037999512
2022-12-07,BULL,0.9788054228769036,0.02091927991434317,0.0002752972087531435,0.05817259820114799,0.09989462087494891,0.133105129145678,0.07873378551851101,0.12071518614683334,0.005362605810018383,-0.031100114989415298
2022-12-08,BULL,0.8888952096865432,0.0844605254455481,0.026644264867908656,0.056807846129098255,0.09513797152680113,0.13274764592584715,0.07172923003218573,0.12036323862909297,-0.010504023059229761,-0.04113136268443903
2022-12-09,BULL,0.9921787054941088,0.00026845387550404924,0.0075528406303871426,0.05623337433195965,0.07760463253552295,0.13267234643761758,0.12133680652009449,0.12106199701428896,-0.012381297055753488,-0.02160869699350268
2022-12-12,BULL,0.9898277558100964,0.00042108025678582665,0.0097511639331178,0.055620215056623894,0.07741314581449504,0.1324045274137939,0.12586025404125026,0.13116173495217934,-0.004155205666499807,-0.032025762805445376
2022-12-13,BULL,0.9944925560501983,0.00025716705665621616,0.005250276893145496,0.07873378551851101,0.07889017318372686,0.13194474919630197,0.1478131645685173,0.13500984817110315,-0.012040163505946309,-0.0390311352515644
2022-12-14,BULL,0.994181184689498,0.00017268288629539714,0.005646132424206664,0.07172923003218573,0.07928679351087925,0.12507239574362114,0.1349832019489966,0.13225941418808626,-0.02502613014979915,-0.04393548596564246
2022-12-15,BULL,0.9966527326583644,5.7605651890862805e-05,0.0032896616897447,0.12133680652009449,0.0924788772408749,0.1281242602978516,0.13485997224938728,0.13116631238962423,-0.015738272017949192,-0.02520238415069969
2022-12-16,BULL,0.6902674630285927,0.0012759099756588278,0.30845662699574844,0.12586025404125026,0.09667777112723637,0.12754236350195378,0.1135789807965228,0.12709845894168773,-0.02562522753648881,-0.020692672401247874
2022-12-19,BULL,0.7263002607407769,0.0008619190427748738,0.27283782021644826,0.1478131645685173,0.09617040413100857,0.12792896383638996,0.15432115952478492,0.12502187601983888,-0.02227892026175346,-0.020132966943068546
2022-12-20,BULL,0.8295498138469931,0.0006646615542804301,0.16978552459872648,0.1349832019489966,0.09543662668411197,0.1275003960079491,0.17326634996646556,0.12555704611039264,-0.013856553994416244,-0.012035498960083135
2022-12-21,BULL,0.8685575308540763,0.000522730755619982,0.13091973839030366,0.13485997224938728,0.1024275537807927,0.12399095720224045,0.19052038604033475,0.12789557403777357,-0.004217882117684499,-0.005026596402721726
2022-12-22,BEAR,0.40096798168407816,0.0010316435268322344,0.5980003747890895,0.1135789807965228,0.09278286305838852,0.1180068593841299,0.17883956704807885,0.12349125795138692,0.0035051187714323522,-0.005515157113212253
2022-12-23,BULL,0.8113650827181672,0.00027868942203621033,0.18835622785979667,0.15432115952478492,0.10976423962041172,0.12417183082134912,0.17879190134645342,0.12368768368298509,0.01662430627066437,0.01735586851989709
2022-12-26,BEAR,0.005799780630040468,0.0006207497659092627,0.9935794696040502,0.17326634996646556,0.11892709480417372,0.12450229397148965,0.09995010112364747,0.10697710980833375,0.010098934141904957,0.005739936994582208
2022-12-27,BEAR,0.016715561000764344,0.00081785836493311,0.9824665806343025,0.19052038604033475,0.12133068106775657,0.12476935169872551,0.07301048940576405,0.09954392146888058,0.005513579952228311,-0.013343987254297121
2022-12-28,BEAR,0.01504402141947881,0.0007880255161912299,0.9841679530643299,0.17883956704807885,0.11684318525025868,0.12080994299544971,0.06160051258115965,0.10620223427849504,-0.00439923342836377,-0.029008229596656922
2022-12-29,BEAR,0.032559854780379954,0.0004943821098439131,0.9669457631097761,0.17879190134645342,0.1173502927680265,0.1177754639578726,0.10392146177229429,0.11910462322971105,-0.010991414619133468,-0.030250674755364446
2022-12-30,BEAR,0.04407616577485432,0.00038853490074072106,0.955535299324405,0.09995010112364747,0.11670737278672527,0.10959293138069569,0.09552704470444023,0.11850343440861238,-0.013671933187221708,-0.024780781268640174
2023-01-02,BULL,0.6068226510159144,0.00014023169704143785,0.39303711728704416,0.07301048940576405,0.11895839617038904,0.10982521204875398,0.10168583247782342,0.11810902062299691,-0.005303239959648726,-0.032456864568264444
2023-01-03,BULL,0.9188844237390099,7.366350757821813e-05,0.081041912753412,0.06160051258115965,0.11931871304689771,0.10978344262204526,0.14868180973966086,0.11595908592676145,-0.017617554870939165,-0.0347188216111897
2023-01-04,BULL,0.9585036531515154,5.678385791429186e-05,0.04143956299057037,0.10392146177229429,0.12338901243108322,0.11173327846191325,0.1584721884594017,0.11536883091431487,-0.008194566239787749,-0.010524653518396316
2023-01-05,BEAR,0.489824604733927,0.00022608606853401463,0.509949309197539,0.09552704470444023,0.12253415550256615,0.10705936187288874,0.14615305856463873,0.12234732373524014,-0.007472765166208599,-0.012727838624955174
2023-01-06,BULL,0.6346614461283947,9.552788735818152e-05,0.36524302598424707,0.10168583247782342,0.12325237755550175,0.1073247719909315,0.14587531073947502,0.12310901109466106,0.0054249554745096195,-0.007754188194203558
2023-01-09,BEAR,0.4670863873813626,0.00011625050286297406,0.5327973621157743,0.14868180973966086,0.13451108879295065,0.10940225847170805,0.14164104195845062,0.12083379430650738,-0.011465272463498653,-0.01275977826474535
2023-01-10,BEAR,0.08006854458332868,0.00013287730552100148,0.9197985781111503,0.1584721884594017,0.1356600952180145,0.11023199064550099,0.09019498355542338,0.11471215523181325,0.007737590195877128,-0.0011561792639492449
2023-01-11,BEAR,0.008318721153293893,8.620527755937759e-05,0.9915950735691468,0.14615305856463873,0.1345737954648128,0.10941523517512658,0.08447211558856796,0.10915541765368968,0.014955472785534921,-0.0021928729257719784
2023-01-12,BEAR,0.054446416314632255,0.00011333587296374811,0.9454402478124041,0.14587531073947502,0.1279843682406373,0.10772456695506695,0.0861204628244593,0.1093310736854745,0.013882759413121526,-0.004900498452569345
2023-01-13,BEAR,0.06631756458138362,8.033258603134182e-05,0.933602102832585,0.14164104195845062,0.12794096229177152,0.10821895757770802,0.09034676339435367,0.11035063374353499,0.003948955019538167,-0.0014908136611104488
2023-01-16,BEAR,0.23573077425849348,8.819007436350133e-05,0.764181035667143,0.09019498355542338,0.12354684816890478,0.1083734592285475,0.09865863520358821,0.11317673372938677,0.012423313384656175,0.0067389640369297605
2023-01-17,BEAR,0.4574490933752023,9.447957617798079e-05,0.5424564270486197,0.08447211558856796,0.1287698831330316,0.10976512541881837,0.09397580757698773,0.11367512435033,0.0035939836758973904,-0.0009670497287919288
2023-01-18,BULL,0.7687615129138037,9.350876757179981e-05,0.2311449783186245,0.0861204628244593,0.12622633402632855,0.10906081731345131,0.07561365569932116,0.10947621027151581,-0.015165042288630205,-0.012248990367593166
2023-01-19,BULL,0.9220779978560144,4.3199547885366806e-05,0.07787880259610024,0.09034676339435367,0.12594025375357076,0.10889457990624882,0.10260287342807256,0.10835227328675745,-0.028199515311619634,-0.014644604459325023
2023-01-20,BULL,0.9149435057225077,4.122791157469863e-05,0.0850152663659176,0.09865863520358821,0.1086296388602215,0.10899614051435835,0.13898131676797768,0.10938585250200322,-0.021230398870719844,-0.011209356973659119
2023-01-23,BULL,0.9434028672691882,2.4051374809991567e-05,0.05657308135600182,0.09397580757698773,0.10212428745573084,0.10931177962949523,0.15105731796574398,0.10854944193967728,-0.025512343517872797,-0.031637341192040064
2023-01-24,BULL,0.9700602110633421,1.774822580318783e-05,0.029922040710854844,0.07561365569932116,0.09944060209640823,0.10627141086373522,0.1368866194554573,0.11801133180007443,-0.028097867420941693,-0.03407894570082288
2023-01-25,SIDE,0.13288200989115043,0.8626183654434981,0.004499624665351389,0.10260287342807256,0.1089606188753624,0.10828279831317818,0.1319738627172061,0.11792525408197276,-0.0158612544046643,-0.024106207914402388
2023-01-27,BEAR,0.4868945829198616,8.850388424027646e-05,0.5130169131958983,0.13898131676797768,0.12067558269134585,0.11295452697005927,0.11935251972061896,0.11112272971132767,0.014084342649896867,-0.01209545263726545
2023-01-30,BEAR,0.007009255717628452,9.417440283342959e-05,0.9928965698795382,0.15105731796574398,0.12096358242398238,0.11308825678806071,0.10132487405379893,0.0975810362663241,0.006531421511275619,-0.01974149238344827
2023-01-31,BEAR,0.06947200462441525,0.00012573746439367405,0.930402257911191,0.1368866194554573,0.1189065044725725,0.11281605684230432,0.11582156507541132,0.0981075520266817,0.0033546598872148383,-0.012032708570292521
2023-02-01,BEAR,0.09140014311278093,0.00012302709334395683,0.9084768297938751,0.1319738627172061,0.11826364121615225,0.11238775544693401,0.11894062349467356,0.10327658510116149,0.014393846343870274,-0.016853012921305147
2023-02-02,SIDE,0.00020031630557112155,0.9386934215821661,0.06110626211226298,0.11935251972061896,0.1137189519491823,0.11231306340254357,0.12545947698926604,0.1057876147871528,0.01594508747630138,-0.0009118088389774099
2023-02-03,BEAR,0.2699890613344194,0.00010053162404283643,0.7299104070415378,0.10132487405379893,0.12522721548860236,0.11516943422194635,0.12342290663608103,0.12011788876064822,0.00013721435283651308,-0.00801905015584742
2023-02-06,BULL,0.5595284127036584,0.0002129238652493533,0.44025866343109216,0.11582156507541132,0.12373430733646351,0.10940385648016986,0.08252746305186019,0.11209676708903675,0.00035457500617729943,-0.0005743405096080592
2023-02-07,SIDE,0.01447481741099268,0.9681738540085499,0.017351328580457386,0.11894062349467356,0.11274523464011743,0.10946636159251318,0.08169977926457829,0.11117609630754549,0.011688330007602651,-0.0074707734095700706
2023-02-08,BULL,0.5791123121639339,5.376196444379094e-05,0.4208339258716224,0.12545947698926604,0.11189055751394829,0.11062119597455491,0.09787109352505545,0.11553466151274668,0.008033469838176398,-0.026007145306994904
2023-02-09,SIDE,0.009733526868383519,0.9818798783781276,0.008386594753488914,0.12342290663608103,0.11193192694779758,0.11066381334480745,0.08626619474212353,0.11559777342641596,0.007926719731034407,-0.04218585304559151
2023-02-10,BULL,0.8218728628312586,4.4656780149577556e-05,0.17808248038859192,0.08252746305186019,0.11192441152661944,0.11052605407741106,0.08629995436456593,0.12451128948416054,0.004899355343713732,-0.04661042297603052
2023-02-13,BULL,0.9357095085596573,2.803739789627315e-05,0.0642624540424464,0.08169977926457829,0.11118093317853833,0.1108445448291088,0.09645115807831794,0.12547701748510093,0.00413865340636576,-0.04598852265488519
2023-02-14,BULL,0.9104067567032961,3.5885481224989686e-05,0.08955735781547905,0.09787109352505545,0.11543229418283493,0.11133905216435802,0.09943083192271622,0.12533395136428,-0.005769588293010386,-0.054100995439143894
2023-02-15,SIDE,0.0286207800501578,0.9619042779332735,0.009474942016568602,0.08626619474212353,0.11223740865748723,0.1113685560416957,0.06892681649642932,0.11929055493558266,-0.025952991844313694,-0.052170538509167065
2023-02-16,BULL,0.9511755550107652,2.131613052388147e-05,0.04880312885871091,0.08629995436456593,0.10988496625112672,0.11136035147138203,0.1008911194063066,0.12096719637874051,-0.029517912296133618,-0.05983068561800541
2023-02-17,SIDE,0.11239345655316126,0.8820871011054237,0.005519442341415075,0.09645115807831794,0.11074705863383416,0.10893194188422178,0.08938483248757967,0.12101016273476743,-0.027022259835439454,-0.04774997909817027
2023-02-20,SIDE,0.036149164771213715,0.9575471760852218,0.0063036591435645375,0.09943083192271622,0.11135557539553055,0.10933715811271755,0.09250930300097165,0.12534432251007102,-0.025650363489560134,-0.03959198680101828
2023-02-21,SIDE,0.027219627649724833,0.9661721920781575,0.006608180272117636,0.06892681649642932,0.1094171130018368,0.10912149574299412,0.09287035953851375,0.1258293272135554,-0.029762534280509,-0.042970660363297046
2023-02-22,SIDE,0.08593419060237467,0.9076651491690845,0.006400660228541009,0.1008911194063066,0.12094885525607019,0.11292734600627545,0.08566857899568092,0.12607510657959364,-0.005907710896125099,-0.0353231783682125
2023-02-23,SIDE,0.003348713214264381,0.9563608228225036,0.04029046396323196,0.08938483248757967,0.11388086640480964,0.11156652087178219,0.0873370733609064,0.11842109087711185,-0.010871934641423936,-0.030471717930010637
2023-02-24,SIDE,0.045157602373600385,0.9331827958294376,0.021659601796962066,0.09250930300097165,0.09920137086662137,0.11128620461143403,0.09831880500528702,0.1192117775800705,0.007333144670760706,-0.029876559324742244
2023-02-27,SIDE,0.04635444207475039,0.945477021437401,0.008168536487848568,0.09287035953851375,0.09944269126429882,0.11097842834950306,0.1593635977048583,0.11915738988715412,0.018160745131314823,-0.018101406831797173
2023-02-28,BULL,0.7494422830076451,1.2179126557543103e-05,0.2505455378657973,0.08566857899568092,0.10045898788403515,0.11122174334534748,0.15356654777684578,0.1226375247307001,0.02569857338511596,0.003219509065584438
2023-03-01,SIDE,0.023385981577377923,0.9675387449672902,0.009075273455332015,0.0873370733609064,0.10568936688454594,0.11292708948549618,0.1346768996208192,0.1349423000756286,0.007916595047937318,-0.0030330922749054056
2023-03-02,SIDE,0.06443590250493106,0.9278148199778644,0.007749277517204602,0.09831880500528702,0.1085217771469156,0.11346944458421424,0.16322714207322167,0.13179635750799115,0.00523971395818066,0.013483981763201418
2023-03-03,SIDE,0.025481516970254497,0.9658423301836203,0.008676152846125244,0.1593635977048583,0.11198951101469484,0.11832874165770686,0.1733228992270312,0.13272486198321423,-0.025328956730312848,0.00027277764529062257
2023-03-06,BEAR,0.14028476470963666,2.056911225525192e-05,0.859694666178108,0.15356654777684578,0.11369742983003786,0.11883554932143887,0.1451320756337422,0.12136072081249977,-0.038454158467346615,-0.004946876553871217
2023-03-08,SIDE,0.030825625887239624,0.9522256814992217,0.016948692613538655,0.1346768996208192,0.11371157897569807,0.11900128788962477,0.10196951056108045,0.11909883248686517,-0.04505960713909972,-0.001809638932599287
2023-03-09,SIDE,0.0998413423697871,0.8881567986656397,0.012001858964573328,0.16322714207322167,0.11390091476340061,0.11947523548772924,0.06465304867021177,0.12046885811416586,-0.034941892021971135,0.012587025680409905
2023-03-10,SIDE,0.0020721917543719817,0.9613997491290714,0.03652805911655666,0.1733228992270312,0.11824651744764132,0.12066830362086281,0.09454915526773627,0.11682424075277212,-0.018129923363995784,0.023558944239366036
2023-03-13,BEAR,0.02688143271493507,1.5423427895845687e-05,0.9731031438571691,0.1451320756337422,0.1277457024212713,0.1214550672465492,0.12884385666196552,0.11015973654662284,-0.009718112841379472,0.03170269931443566
2023-03-14,BEAR,0.008399103745072774,1.5715607534936595e-05,0.9915851806473923,0.10196951056108045,0.1283745522819514,0.12114327093306368,0.09028619196657124,0.09813335506225854,0.0037597992215740745,0.03555352428803493
2023-03-15,SIDE,0.012120305744040811,0.9292397349988042,0.0586399592571549,0.06465304867021177,0.12174229666859528,0.11968840471473902,0.09789448822968382,0.09503495904358071,0.01053518926023255,0.03738991049300312
2023-03-16,SIDE,0.01698998471597904,0.8979032752468605,0.08510674003716037,0.09454915526773627,0.11926675437645909,0.1197639186634179,0.0876565848776623,0.09380921237600687,0.005360746782836502,0.03692121626202445
2023-03-17,BEAR,0.07369169373703495,2.9412561053412624e-05,0.9262788937019115,0.12884385666196552,0.12338296863811467,0.1194302910265427,0.0994505038644083,0.09388544857004862,-0.009105631703359124,0.030183059055469485
2023-03-20,BEAR,0.05434470962524471,1.7490469688579514e-05,0.9456377999050668,0.09028619196657124,0.12387070919390186,0.11981936663393633,0.10075462551032423,0.09229058432710877,-0.0001589446081388158,0.043482857582912454
2023-03-21,SIDE,0.024657385519279384,0.9399686466839767,0.035373967796743774,0.09789448822968382,0.12801235702592617,0.11571970104580995,0.09409668487030458,0.08923551799143524,-0.009148840062011462,0.03795247146623761
2023-03-22,BEAR,0.30556857107395186,1.155085850516407e-05,0.6944198780675429,0.0876565848776623,0.12905622633026986,0.11308240384723235,0.07055461497514492,0.08743531585683355,-0.004159783520339019,0.037853255860595326
2023-03-23,BEAR,0.49819959259077584,1.045638728257625e-05,0.5017899510219415,0.0994505038644083,0.11936798314747189,0.11226729253435623,0.09493184515674893,0.08742477094697311,0.016427635148372505,0.047914468651842464
2023-03-24,SIDE,0.059980748230300855,0.9319609217720487,0.008058329997650477,0.10075462551032423,0.12146319506228559,0.11311071661426325,0.1454788204274591,0.08537981091368445,0.026382375197182003,0.06400060882201523
2023-03-27,SIDE,0.021665431842966196,0.9684441432872005,0.009890424869833192,0.09409668487030458,0.12223367477380274,0.11289136656720787,0.11097561308089393,0.0795485595959698,0.03308376505178787,0.06616926214584533
2023-03-28,SIDE,0.05177048962552586,0.9421256465145289,0.006103863859945154,0.07055461497514492,0.12181464604339656,0.11266042144558958,0.1102126526701398,0.0796793610270016,0.037482481640793396,0.0649828837163582
2023-03-29,SIDE,0.1179030683927217,0.8713718840780638,0.010725047529214576,0.09493184515674893,0.12481804559968883,0.1133613206850535,0.0913467250664666,0.08074525637872064,0.03131527540924077,0.06653366663016752
2023-03-31,SIDE,0.10893149216427653,0.8803203176149293,0.01074819022079424,0.1454788204274591,0.13493595204807388,0.11862040707300729,0.10097255914617681,0.08199994892386349,0.02066942538693206,0.04004345452284295
2023-04-03,SIDE,0.020111716555048325,0.9170637670674607,0.06282451637749104,0.11097561308089393,0.13246662580597224,0.11705472366538879,0.05070913466357608,0.0802618423509396,0.023536713003252562,0.0485956790203469
2023-04-05,SIDE,0.23916339776369175,0.741951230989501,0.0188853712468072,0.1102126526701398,0.12419575459635836,0.11862966168025078,0.04783808392674714,0.08592820446492182,0.015314676434345503,0.03958309228959695
2023-04-06,SIDE,0.2565304987123968,0.7247113773950289,0.01875812389257438,0.0913467250664666,0.12203769531783068,0.11785900828562772,0.033875819288202894,0.08256971340352821,0.006100964938832191,0.03987525079803421
2023-04-10,SIDE,0.3179694315498566,0.6682593420067386,0.013771226443404746,0.10097255914617681,0.12178967851146526,0.11441889019669799,0.07874989244673096,0.08259865336529573,0.002046242374559464,0.037472665446012014
2023-04-11,SIDE,0.2570109188898876,0.7321261204468335,0.010862960663278935,0.05070913466357608,0.11869177896842947,0.1131608915447699,0.08325398943422456,0.08319356791792627,-0.005860057713497408,0.032885742566450965
2023-04-12,BULL,0.6053533099037528,0.3863855013307414,0.008261188765505906,0.04783808392674714,0.11301776311573587,0.11365471345331513,0.07036528320503899,0.0820811100290777,-0.010607701440356523,0.03239331868371057
2023-04-13,BULL,0.8738738402604743,0.11977029493006475,0.00635586480946104,0.033875819288202894,0.09576564993158025,0.11359233478008648,0.048504022787379614,0.08183350808327462,-0.011505808547892382,0.02539282760686427
2023-04-17,BULL,0.9299005908758077,0.06714224865835842,0.0029571604658339494,0.07874989244673096,0.09615310010202084,0.11383794597420988,0.045322766707967935,0.08603775428619839,0.0020620454270975416,0.026466773380505026
2023-04-18,BULL,0.6880494359161262,0.3071001229105827,0.004850441173291128,0.08325398943422456,0.09500570785681746,0.1137529755312627,0.06007654499032826,0.08484735607274221,0.006158746399776914,0.02625457799207947
2023-04-19,BULL,0.683166123978378,0.31330033677700675,0.003533539244615356,0.07036528320503899,0.09617552927003445,0.11225634169985066,0.0536562361455218,0.08497337910218965,0.010998534627824807,0.03264471394186678
2023-04-20,BULL,0.666687873391916,0.3294711703898607,0.0038409562182231127,0.048504022787379614,0.09453126180295231,0.11142541895624165,0.04332622401618314,0.08444651540056491,0.016353999172654305,0.03840049312372973
2023-04-21,BULL,0.783398868728029,0.2121872982160496,0.004413833055921474,0.045322766707967935,0.08987352273287814,0.11129032558595131,0.045349958046056384,0.08573333307495914,0.024711918063186487,0.040256130198508565
2023-04-24,BULL,0.8557361717997024,0.14030332740506118,0.003960500795236315,0.06007654499032826,0.0896971536905885,0.11193821380023669,0.045923064720309714,0.08546902890206912,0.022527459954793973,0.030089311427369876
2023-04-25,BULL,0.8658493706561601,0.13111713153262652,0.0030334978112133227,0.0536562361455218,0.08965892918887183,0.11145480423736571,0.04303634147201168,0.0854827143485464,0.01788157218810899,0.030586694890857347
2023-04-26,BULL,0.8992496172194845,0.09832654772783785,0.002423835052677589,0.04332622401618314,0.08667554157231241,0.11160292673466421,0.06874006831440019,0.08550176231517717,0.024520627249233228,0.03777338582378008
2023-04-27,BULL,0.9481028625357169,0.049760890409168444,0.002136247055114761,0.045349958046056384,0.0791938532267464,0.10926243510565027,0.07771921999505282,0.0900999789904266,0.008556621019373042,0.03744785572957122
2023-04-28,BULL,0.9743705891652775,0.024001910626178923,0.0016275002085436039,0.045923064720309714,0.08157886900783966,0.10519526609787928,0.13162901357180815,0.08993023514349167,0.01097744539551363,0.031003454594791414
2023-05-02,BULL,0.9745614505693415,0.02355315377160657,0.0018853956590519087,0.04303634147201168,0.07945392453827974,0.10545102879550303,0.14014994871172892,0.0867281647990887,0.006497595195539693,0.021087389145074797
2023-05-03,BULL,0.9844953414723298,0.014187263046430042,0.0013173954812402088,0.06874006831440019,0.0811332834813362,0.10571431198121005,0.1389825704356761,0.0890504430241587,0.012374848722469396,0.02175734309706506
2023-05-04,BULL,0.9389216410266865,0.05914223062379108,0.0019361283495223716,0.07771921999505282,0.06863651052443948,0.10701903376591154,0.13316300311719662,0.08868233734106158,0.0022542742250853476,0.015129440881971249
2023-05-05,BULL,0.9589784193876241,0.03857318058662331,0.002448400025752661,0.13162901357180815,0.08233945398555233,0.10930635298194698,0.12002449488227385,0.08390188159395642,0.01351171343054021,0.028633118153007776
2023-05-08,BULL,0.7977685606372323,1.2805824065134295e-05,0.20221863353870256,0.14014994871172892,0.08444799131485968,0.10791607846482221,0.07459775070438689,0.07404470281468774,0.007334352666616301,0.018154005837872526
2023-05-09,SIDE,0.07985614474805927,0.9086911853386002,0.01145266991334065,0.1389825704356761,0.08469334691553448,0.10733023876230408,0.034921299406027714,0.06572694042505978,0.0011244117516125958,0.02489562202399782
2023-05-10,SIDE,0.012625126999073191,0.982855302390909,0.004519570610017809,0.13316300311719662,0.08472510199792561,0.10725336083158923,0.06514942625471874,0.06879662399879276,-0.007307512478696951,0.01729152830992144
2023-05-11,SIDE,0.13607252911502424,0.8573521907138721,0.006575280171103591,0.12002449488227385,0.08418429981136956,0.10602412971992804,0.07219243776593344,0.07168741730754326,-0.009171845079372834,0.014454788253622047
2023-05-12,SIDE,0.1477097048537602,0.8474940068094167,0.0047962883368232005,0.07459775070438689,0.08319138599426325,0.10601720857484424,0.0726351943610387,0.07324748485071374,-0.006101086338081478,0.015532746468565796
2023-05-15,BULL,0.5993567430862772,0.39767717848744194,0.0029660784262809064,0.034921299406027714,0.08392248871567771,0.1062345232515875,0.08268669849217072,0.07339518926364876,-0.004600527000337277,0.017098624843140155
2023-05-16,BULL,0.9012017629469958,0.0957329715473112,0.0030652655056929525,0.06514942625471874,0.08303370276000355,0.10654992678743666,0.08970493963153807,0.07461746595506014,0.0033574940437520635,0.025345286894740585
2023-05-17,BULL,0.7008913418987937,0.2943953818746185,0.004713276226587898,0.07219243776593344,0.08582553459133538,0.10582791059624252,0.07758691731132643,0.0702976432172727,0.005684583473962268,0.027468613916262197
2023-05-18,BULL,0.5151910478157288,0.4795302453932081,0.005278706791063239,0.0726351943610387,0.08614112054055677,0.1055819047758242,0.06641789739495099,0.06799921085303098,0.010490863298554745,0.037673626221972414
2023-05-19,SIDE,0.09020523601181483,0.9073063898007021,0.0024883741874831677,0.08268669849217072,0.0865184149510583,0.10587186393087461,0.05620754672456356,0.06930731343538327,0.016127206509738246,0.029875987025562527
2023-05-22,BULL,0.5764641819079442,0.41981739857660294,0.0037184195154527882,0.08970493963153807,0.08768881289546948,0.10598231204892633,0.07836885350977787,0.07135253693445046,0.01540136177849574,0.02705713774378138
2023-05-23,BULL,0.554434880466761,0.44146840821720956,0.0040967113160294555,0.07758691731132643,0.08581516834363902,0.105303698496499,0.0768585172700381,0.0696832498381043,0.015459242459469447,0.027355666372505156
2023-05-24,BULL,0.6924441909916473,0.3047159862762737,0.0028398227320789835,0.06641789739495099,0.08770337241709643,0.10556326212528296,0.0768004152416772,0.06972030561851844,0.01352553767249904,0.02622351679575624
2023-05-25,BULL,0.7026755226113757,0.2938470531551638,0.003477424233460579,0.05620754672456356,0.0876376773246944,0.10031429753753975,0.08759439798005803,0.07078822737092663,0.009052220394316537,0.0186207699122223
2023-05-26,BULL,0.8504908088627561,0.14720702073012795,0.002302170407116017,0.07836885350977787,0.09129948473988515,0.1017498423645647,0.09542071639455116,0.07462993052301548,0.001876682307424336,0.010317228531962657
2023-05-29,BULL,0.7283389123111498,0.2675272107063139,0.004133876982536325,0.0768585172700381,0.0889677758588644,0.10188199364652555,0.06771707983073878,0.06750654164754784,-0.00025811655719042484,0.011692976270332476
2023-05-30,BULL,0.965952417966141,0.03082647377172556,0.0032211082621334476,0.0768004152416772,0.08823167812206362,0.1013064609209989,0.058959911344251645,0.0689086996341617,-0.0018720033614052914,0.017989659732623373
2023-05-31,BULL,0.7534041441672776,0.24397058745455696,0.0026252683781653125,0.08759439798005803,0.09001312790044505,0.1013698121817094,0.05667935104489528,0.07372831223758133,0.010305828074462677,0.034711338954606825
2023-06-01,SIDE,0.4531195934545342,0.5420473334471456,0.004833073098320284,0.09542071639455116,0.0858238330952651,0.1004803597757868,0.05522840109036851,0.07858288895029489,0.007909033935325794,0.044164457056490164
2023-06-02,SIDE,0.036012086410265404,0.9607348502855364,0.0032530633041981303,0.06771707983073878,0.07565216345074595,0.09899188614647257,0.06872578651520485,0.07907915803370351,0.0015796215967362223,0.04509361630955327
2023-06-05,BULL,0.7532713450380589,0.24409418170605018,0.0026344732558908047,0.058959911344251645,0.06739876334191294,0.09440204208127752,0.07750441375245112,0.07920390968227817,0.00041134174609817214,0.042364862609638725
2023-06-06,SIDE,0.14698637875045356,0.8505870310116228,0.0024265902379236753,0.05667935104489528,0.06737162840938853,0.09365497720538783,0.07515610644605272,0.07930287411419472,0.006278971671883863,0.047168178611565956
2023-06-07,BULL,0.9449824300929153,0.05263958115964615,0.0023779887474386675,0.05522840109036851,0.07036103346018482,0.09440972797504857,0.08676166892199116,0.07971912558680282,0.0015740766223554365,0.03181711542469159
2023-06-08,BULL,0.9563742710405855,0.04156237822877666,0.0020633507306377797,0.06872578651520485,0.07323818352867097,0.09279100166105561,0.07308111427555171,0.08608773387383084,0.0028695731276438723,0.03797989802978808
2023-06-09,BULL,0.9895239994354311,0.006537893111742915,0.003938107452825989,0.07750441375245112,0.07514285798255176,0.09045965712341768,0.06761248766100221,0.08287310737938572,0.014046992888977546,0.046110034122402034
2023-06-12,BULL,0.9876880050401967,0.007552995561022895,0.004758999398780392,0.07515610644605272,0.07392647749455189,0.084078058669209,0.06835380761899523,0.08066498715996638,0.008242154218915445,0.04122123744746174
2023-06-13,BULL,0.9959113030118273,0.0008070057168690314,0.003281691271303759,0.08676166892199116,0.07204304485814515,0.08302593125652398,0.0832209393117744,0.0825321530810771,0.005357985900303719,0.036594790397210225
2023-06-14,BULL,0.996838443923046,0.0002874179692900229,0.0028741381076639303,0.07308111427555171,0.06729676417343936,0.08216388358645987,0.07557152195993838,0.08112262806899542,0.005367873521516625,0.04220832991039631
2023-06-15,BULL,0.9980940880201885,5.917813934121999e-05,0.0018467338404703126,0.06761248766100221,0.06801561603149478,0.0828592061954174,0.07558020886565228,0.08374146327236101,0.004439486353456357,0.05331272751723582
2023-06-16,BULL,0.9974340128680621,0.00010277403713685749,0.002463213094800984,0.06835380761899523,0.07061070418489536,0.08303737493844197,0.07940410759617128,0.08316552208920404,-0.00856199301119534,0.04787662281750151
2023-06-19,BULL,0.9980504098032399,5.966865061092747e-05,0.0018899215461491493,0.0832209393117744,0.07111376140696925,0.08205667682209142,0.06507881001050143,0.08131269708172674,-0.0034315519838618107,0.05587040329555713
2023-06-20,BULL,0.9963880625083844,0.00021031910890482506,0.003401618382710858,0.07557152195993838,0.07146462347991425,0.0813740732572296,0.06512874816105302,0.07850465424700989,3.720030504674701e-05,0.059944456367728015
2023-06-21,BULL,0.9979313890703574,7.933109205820834e-05,0.001989279837584507,0.07558020886565228,0.0693286625450581,0.08135525470852845,0.08107488885295129,0.08014826994290779,0.006093235819587781,0.04602405163118193
2023-06-22,BULL,0.9581526256521924,0.04041803371344476,0.0014293406343628024,0.07940410759617128,0.07257959323749613,0.08140839364878039,0.10021152230783599,0.09488261851756259,0.02201335983134951,0.046887652528544474
2023-06-23,BULL,0.9963756045135156,0.000179034686574708,0.003445360799909759,0.06507881001050143,0.06918152935882592,0.08048873249313487,0.10604298616868364,0.09415385904715855,0.03459590753858461,0.0529564788504085
2023-06-26,BULL,0.9932413918796206,0.0002472578132030232,0.006511350307176386,0.06512874816105302,0.06684132953834387,0.08047342157615385,0.057338253047903506,0.09000801990199878,0.03665307008501491,0.05653255223780209
2023-06-27,BULL,0.9965811447686764,0.00010737188189140064,0.0033114833494322297,0.08107488885295129,0.0705233435618683,0.08079503892881981,0.04543278566431168,0.09028646648369214,0.03041376978211597,0.043799054525870275
2023-06-28,BULL,0.9958928474652313,0.00018440515208759234,0.003922747382681014,0.10021152230783599,0.07200868938317226,0.08099161629302465,0.06707455496311304,0.09381844696594163,0.027306515517537246,0.03490682136975865
2023-06-30,BULL,0.9951677601452943,0.00016288440625822633,0.004669355448447592,0.10604298616868364,0.0791060598441041,0.07785129631230359,0.06451022961379764,0.09156111198554928,0.007411604544547374,0.029006074059238815
2023-07-03,BULL,0.9924510820378561,3.9312398081512536e-05,0.007509605564062426,0.057338253047903506,0.08111971230036939,0.07858965165919925,0.09642496835517687,0.08577692356077077,0.0017244749086235455,0.021047425238885597
2023-07-04,BULL,0.9980135713949105,1.581745024899557e-05,0.00197061115484036,0.04543278566431168,0.08116309646963017,0.07717188556172946,0.08379763005175958,0.0836917658046617,0.002596039409585037,0.007069183029356139
2023-07-05,BULL,0.9959130437400598,0.0030329128379604736,0.0010540434219796309,0.06707455496311304,0.08110338080639878,0.07719253497842254,0.08602013888695399,0.09215608003336269,-0.0007322834160788406,-0.0008690013349805936
2023-07-06,BULL,0.991046900956544,0.007723793950418235,0.0012293050930377023,0.06451022961379764,0.07998405078438024,0.07751524745504403,0.08927538527359152,0.09601182067925738,-0.0042944165424720505,0.0010098862045090145
2023-07-07,BULL,0.9985855169731503,1.5826514344203683e-05,0.001398656512505396,0.09642496835517687,0.08500008054425476,0.07984619561419891,0.07914362118036843,0.09748400477538273,0.011965291108060041,0.013640393257074753
2023-07-10,BULL,0.9917778649609688,0.00025873401811782765,0.007963401020913486,0.08379763005175958,0.08238547563365028,0.07948903210890529,0.062317460371923525,0.09321427552495205,0.018202402615091724,0.011043931731008887
2023-07-11,BULL,0.9554654622812776,0.04227012785436246,0.00226440986436005,0.08602013888695399,0.08275875199962444,0.07970550745244435,0.07030334287901442,0.09343865386925362,0.015813581584077006,0.009886968702598805
2023-07-12,BULL,0.9981088456016894,3.2432656757002654e-05,0.0018587217415535536,0.08927538527359152,0.08322584392099847,0.07834941662848487,0.0709242978631133,0.09293370520988699,0.02289132006701087,0.008158822880246839
2023-07-13,BULL,0.9967991578088061,6.342658776444723e-05,0.003137415603429395,0.07914362118036843,0.08321804387460768,0.07787079329696107,0.04693805298935197,0.09389690231599207,0.028707651870821634,0.0007491880928300568
2023-07-14,BULL,0.9978519329886499,3.253030100515721e-05,0.002115536710344965,0.062317460371923525,0.08330719418801151,0.07843951832177992,0.04081110709484119,0.09625247003619257,0.009183595242302296,-0.006664289563605989
2023-07-17,BULL,0.998594760507954,1.5826660836710315e-05,0.0013894128312091866,0.07030334287901442,0.08341400679786837,0.07925307957520555,0.1263849867139276,0.09211756672157999,-0.0019855886352349843,-0.012581704113713928
2023-07-18,BULL,0.9985311488815332,1.5825652714559405e-05,0.0014530254657523754,0.0709242978631133,0.08032830541747446,0.07915535835419756,0.11964326387201944,0.08799238039281668,-0.003482136978288412,-0.01963529317017146
2023-07-19,BULL,0.9989029154069429,1.583154454969532e-05,0.0010812530485075737,0.04693805298935197,0.0805129574890911,0.07866388704012423,0.11828460574486156,0.08884065091951061,-0.0027694030416169856,-0.026723915737162693
2023-07-20,BULL,0.9970439134575927,0.001865846191468035,0.0010902403509393832,0.04081110709484119,0.0821861105584855,0.07945484045508644,0.12025014691434324,0.0870134803926501,-0.016108201536810744,-0.029746115038794933
2023-07-21,BULL,0.998601588789716,1.5826769052081465e-05,0.0013825844412318816,0.1263849867139276,0.09404058906126958,0.08428500825136973,0.1008445225574745,0.08381792521096668,-0.005023994441835691,-0.01781023510470817
2023-07-24,SIDE,0.12454476504254852,0.8104078409717828,0.06504739398566878,0.11964326387201944,0.09201237257227311,0.08458877543266555,0.06630666362598418,0.07493435475659403,0.004131781362043753,-0.011675557357688994
2023-07-25,BULL,0.9907220413039081,0.0006783724185782376,0.008599586277513784,0.11828460574486156,0.09224723168594473,0.08342819998766152,0.07435173035264855,0.0750201117040431,0.002686853927061503,-0.015046115013792489
2023-07-26,BULL,0.935374726409212,0.062057274728459635,0.002567998862328305,0.12025014691434324,0.09139859924898204,0.08349415022451201,0.07554811652789852,0.07537578037597265,-0.012810299123430922,-0.02625387380214709
2023-07-27,BULL,0.9936861777576963,0.00034610136062856957,0.005967720881675071,0.1008445225574745,0.09352351976948817,0.08435463897295235,0.09587224114887938,0.07475222071891058,-0.014254286078734994,-0.018162509944590344
2023-07-28,BULL,0.9856145624059524,0.0028263522697622393,0.011559085324285316,0.06630666362598418,0.08667269282843666,0.08289344448015663,0.09961362235152224,0.07351293183368304,-0.00659041964771224,-0.015563797941597226
2023-07-31,BULL,0.9964524621795178,0.000459531170563436,0.00308800664991885,0.07435173035264855,0.08553180213133349,0.0797808872514044,0.12229273810815475,0.07413284598566977,-0.007954076257616547,-0.020785250057022666
2023-08-01,BULL,0.9974288792985226,0.0001134269466975246,0.002457693754779803,0.07554811652789852,0.0853854204714845,0.07755639092038683,0.11782603534799692,0.07075049528355627,-0.008279018599253155,-0.024611789041436367
2023-08-02,BULL,0.9962775486197524,0.003706661439868856,1.5789940378786956e-05,0.09587224114887938,0.09454841417356025,0.0812340118295685,0.11775039958199454,0.07200555816144293,0.005413825082827406,-0.004684077724224971
2023-08-03,BULL,0.9525500143036536,0.007965406354992065,0.039484579341354346,0.09961362235152224,0.0966340469132795,0.08303052158965134,0.08932004286402959,0.07240969731679175,0.008295540799148685,0.007563556911060498
2023-08-04,BULL,0.9349060896630008,0.01953415530956946,0.04555975502742979,0.12229273810815475,0.09476201925091333,0.08383435808161192,0.07279420249890035,0.06937726046032493,-0.004555114654151004,0.002962252657920608
2023-08-07,BULL,0.9787510678964403,0.0008401079920454844,0.02040882411151432,0.11782603534799692,0.0956099335432742,0.08406349403771196,0.07099508511224946,0.06559038717395996,-0.008339391712620773,0.0007013812396429796
2023-08-08,BULL,0.985254620651589,0.0007509649893124562,0.013994414359098652,0.11775039958199454,0.09482322322194538,0.08390203750694647,0.05805079088461266,0.06432373989261188,-0.005423233229631011,0.007949576063722168
2023-08-09,BULL,0.9813803563571133,0.0010794017902669758,0.017540241852619685,0.08932004286402959,0.09454482206804812,0.08266791058484091,0.062570592544646,0.06719514926080183,-0.013708680288693268,0.009500103133269032
2023-08-10,BULL,0.9952425659146148,0.00013957553755303018,0.004617858547832103,0.07279420249890035,0.09624391580002441,0.08228052576829376,0.05437420790147317,0.06820730889316826,-0.011991418550398716,0.022927473942331317
2023-08-11,BULL,0.9935299585255771,0.0001922181621407536,0.006277823312282005,0.07099508511224946,0.09448054192897191,0.08315135374452136,0.052060774356549815,0.07153662462046877,-0.0017876512608033385,0.028661449745972508
2023-08-14,BULL,0.7832467023184555,0.20907874880508387,0.007674548876460704,0.05805079088461266,0.08991612589355764,0.08294835555044121,0.05887828785593371,0.06710417238553819,-0.0019623502987997604,0.03217375287554243
2023-08-16,BULL,0.9875120640150817,0.00033675146244044487,0.012151184522477624,0.062570592544646,0.08978910362521071,0.08230220445196554,0.0587642828652057,0.0675179436053965,-0.0010794418792100388,0.03225605096628503
2023-08-17,BULL,0.9893495559425344,0.00023295366133544717,0.01041749039613032,0.05437420790147317,0.08907981295269454,0.08324096543555343,0.06091267739974504,0.06751905978955404,0.0011070411780904907,0.041823597033683185
2023-08-18,BULL,0.9708739594946395,0.0007466309618823441,0.028379409543478,0.052060774356549815,0.08329565318640304,0.0831231480107296,0.050944501439068535,0.06362562815165484,-0.0022993611066012953,0.04174429623604043
2023-08-21,BULL,0.9685488829091224,0.0003784268818671135,0.031072690209010465,0.05887828785593371,0.07679129707071616,0.08338991461517205,0.06706829389626608,0.06370219851524292,-0.004524596442606094,0.02584696628056142
2023-08-22,BULL,0.9910812230361,7.309150897218262e-05,0.008845685454927726,0.0587642828652057,0.07614800673802423,0.08139121957899405,0.058392758701914765,0.0784823317844843,-0.0027775572787247793,0.017676014904872903
2023-08-23,BULL,0.99350514683744,2.2351935278531356e-05,0.006472501227281565,0.06091267739974504,0.07688291609646053,0.08091176264622553,0.06160426980821868,0.084757452757011,-0.004977911337290046,0.011772134952778611
2023-08-24,BULL,0.9943882390467307,1.6846221107342424e-05,0.005594914732161884,0.050944501439068535,0.07438453688963419,0.08122572771869142,0.05662384888161199,0.0858081844860178,-0.006878820100582402,0.014738658426908227
2023-08-25,BULL,0.9917361442236404,1.7490667612906994e-05,0.008246365108746623,0.06706829389626608,0.07461387619999486,0.08153218734846966,0.062103101219172195,0.08488883435751285,0.00875949695449122,0.02049364693776828
2023-08-28,BULL,0.9882527417827607,4.251294376176729e-05,0.011704745273477509,0.058392758701914765,0.07542030864757578,0.08131468264284826,0.08103569725009414,0.08120666109900125,0.011471780776915725,0.02103479439341316
2023-08-29,BULL,0.9933038313567976,1.949107006096282e-05,0.006676677573141369,0.06160426980821868,0.07244133017171267,0.08126718150619257,0.08397663964134681,0.0813215115433007,0.01193563095180574,0.009308926848475237
2023-08-30,BULL,0.9931556236636813,1.5740480551316725e-05,0.006828635855767445,0.05662384888161199,0.07258835312738779,0.08110364523069785,0.08390184814248178,0.08943972525399602,0.01353255503904899,0.014921113289230556
2023-08-31,BULL,0.9200930078311623,0.07631436967214922,0.0035926224966885013,0.062103101219172195,0.06507050910776538,0.08188512056765312,0.0820832198207356,0.09137736941818096,0.024282346505905387,0.014179294894109053
2023-09-01,SIDE,0.35630110056536307,0.6381362736283808,0.0055626258062562274,0.08103569725009414,0.06922500009846339,0.08287990176007343,0.048205033296613214,0.09198051725897043,0.01959800594032152,4.1161368003876735e-05
2023-09-04,BULL,0.9061709161159386,0.08850360616952109,0.005325477714540346,0.08397663964134681,0.06678390512497492,0.0824989529270273,0.027536092126065503,0.08807266124840728,0.023659457830419447,0.0008675724256921416
2023-09-05,SIDE,0.0027268470918989196,0.9937696802977652,0.0035034726103359078,0.08390184814248178,0.06564755681002725,0.08199591930861848,0.04516395849495084,0.08868425103543964,0.021144082433900997,0.004007306195672843
2023-09-06,SIDE,0.15963988731193982,0.8377285514207523,0.0026315612673079515,0.0820832198207356,0.06579235699280991,0.08198452943527917,0.05577720843584287,0.09036856573316472,0.023132979923278663,-0.005045584452850447
2023-09-07,BULL,0.9969774061855434,1.5801030198127358e-05,0.003006792784258445,0.048205033296613214,0.06816187251523907,0.08191834269598586,0.052087333938358515,0.09366190505942965,0.01888324167293202,-0.001887515813999521
2023-09-08,BULL,0.9969431608101464,1.580048753633563e-05,0.003041038702317249,0.027536092126065503,0.06742612111236393,0.08225508293920439,0.05424705977667368,0.09685404293011597,0.01861481361172087,-0.000434000405487094
2023-09-11,SIDE,0.06001134055108714,0.9365324391930819,0.0034562202558309934,0.04516395849495084,0.06861262643666945,0.08328308986568972,0.05399264579729433,0.09788482706770481,0.006825403743310314,-0.010170895424340128
2023-09-12,BULL,0.997143137166766,0.0028410591767947424,1.5803656439253254e-05,0.05577720843584287,0.06873727670180423,0.0823021530401596,0.047836216361499984,0.09241154506270334,-0.004602134726214498,-0.012185561249978424
2023-09-13,SIDE,0.04500980147033519,0.9530808667209416,0.0019093318087232173,0.052087333938358515,0.06927183579182025,0.08189707258591356,0.10517769818529797,0.09258514650452751,-0.016460088269469136,-0.01699714929200198
2023-09-14,SIDE,0.05431461007745543,0.9437999104441663,0.0018854794783782023,0.05424705977667368,0.0646412885698701,0.08178442610009308,0.10509816989316859,0.09118439452447155,-0.021563357892716392,-0.014611454851138768
2023-09-15,BULL,0.9986608116882327,0.0013233606041423384,1.5827707624919282e-05,0.05399264579729433,0.06272896704426963,0.08204319905597007,0.09582173186946057,0.09236136280566014,-0.02597789742868444,-0.02615326624372965
2023-09-18,BULL,0.9776365004792692,0.0217376734094816,0.0006258261112490601,0.047836216361499984,0.064778886601364,0.08162918371484817,0.07280914803055591,0.09294294563774409,-0.023550010404873426,-0.02558618371472317
2023-09-20,BULL,0.9984943568844757,0.001489818045890478,1.582506963371592e-05,0.10517769818529797,0.08041952067421723,0.08459869617452336,0.07932051305763257,0.09283423648079697,-0.009336768329754311,-0.01819082435291387
2023-09-21,BULL,0.9835613001317506,0.01624890982503834,0.00018979004321111455,0.10509816989316859,0.08675233962148528,0.08662196439283998,0.06450583681322901,0.08568852624215123,-0.01114464533512253,-0.023607021840655766
2023-09-22,BULL,0.9818621576581426,0.01680411314308588,0.0013337291987716565,0.09582173186946057,0.08705640912698394,0.08621430795295801,0.07568467920058275,0.09312087719371326,-0.0018289330008381794,-0.028463325135756258
2023-09-25,SIDE,0.11408850072972643,0.8797607570832978,0.006150742186975827,0.07280914803055591,0.08313383921082172,0.08481534719852918,0.09307202187575143,0.09612387020731795,-0.007438183633381681,-0.04242846704425952
2023-09-26,BULL,0.99402332160793,0.005877120418334785,9.95579737351515e-05,0.07932051305763257,0.08321303038856544,0.08181645280295581,0.09989428940321361,0.10534581743544921,-0.011692988615273294,-0.03190241604041516
2023-09-27,BULL,0.9946710716813417,0.005298738620908076,3.0189697750157584e-05,0.06450583681322901,0.08336763148949271,0.0808196793776558,0.10179496653541516,0.11327138314642535,-0.008695441190805286,-0.029625905822032433
2023-09-28,BULL,0.9601190342077445,0.03871417063912292,0.001166795153132529,0.07568467920058275,0.09176033183590054,0.08318620454899446,0.11265422473270945,0.11458848201695386,0.006634010299003,-0.023001727763856998
2023-09-29,SIDE,0.011499946695556753,0.9841310094029215,0.004369043901521803,0.09307202187575143,0.09142404069918367,0.08401348327835141,0.09435705171386688,0.11068579159324492,-0.0064341427030318865,-0.03361397771294215
2023-10-03,BULL,0.9950773621400026,0.004776501080568957,0.0001461367794284384,0.09989428940321361,0.0885992973800593,0.08421548880630099,0.10022761755592188,0.10836349456039872,0.008215535797796717,-0.020460079496746445
2023-10-04,BULL,0.9315172408606348,0.06525512782631201,0.0032276313130532057,0.10179496653541516,0.08856940404243134,0.08292518632692016,0.11362938365573831,0.1117821237184986,0.019122844166830695,-0.010629401260013794
2023-10-05,SIDE,0.003976837752306666,0.9905999265812311,0.005423235666462085,0.11265422473270945,0.09057651966770036,0.0836684711214029,0.10056762960180574,0.11277499689833347,0.012620989980387206,-0.006879318665846883
2023-10-06,BULL,0.9841360674449497,0.015228752755312547,0.0006351797997377062,0.09435705171386688,0.09251045051354426,0.08395592881006678,0.10377334847235818,0.11604495684980419,0.0049512149882496685,-0.0126370722319558
2023-10-09,BULL,0.9931627442765978,0.006495672108035229,0.0003415836153669989,0.10022761755592188,0.09332530648384657,0.08509724461890968,0.10421262161837196,0.11410105014590378,0.011181415084127193,-0.0035347744530244587
2023-10-10,BULL,0.9812282158567751,0.01653740372448777,0.0022343804187372617,0.11362938365573831,0.09775046783987791,0.08701061396541991,0.07988133449684713,0.11179438151691617,0.006159302635792772,-0.015072505865369897
2023-10-11,BULL,0.9705371206766665,0.023787397686362968,0.005675481636970422,0.10056762960180574,0.0948009693189461,0.08648662199050088,0.05776659321719393,0.10683412094962143,-0.007104452226521611,-0.01967609167942724
2023-10-12,SIDE,0.18546497535872955,0.8080057583520786,0.006529266289192022,0.10377334847235818,0.09480440157936137,0.08517039929330779,0.06309880319349725,0.1042636838317364,-0.008589884547072619,-0.01365499713140446
2023-10-13,BULL,0.9695989538920826,0.030385677931487415,1.5368176429886186e-05,0.10421262161837196,0.09355110776670175,0.08520396797583393,0.06317206585889838,0.10637286255166324,-0.010607397829149885,-0.01569125896164574
2023-10-16,SIDE,0.011466726064039343,0.984690658880568,0.0038426150553925714,0.07988133449684713,0.0931027138796923,0.08476538045487764,0.06566067588111925,0.10697214705532047,-0.0230699608181229,-0.0028573478097814456
2023-10-17,BULL,0.9927302051561827,0.006625203230807532,0.0006445916130097838,0.05776659321719393,0.09281021743907081,0.08379565022639786,0.10170090529797185,0.11552066694950905,-0.03541522817733389,-0.0023397615830720317
2023-10-18,BULL,0.9190158888573743,0.07852591595026116,0.0024581951923645547,0.06309880319349725,0.09515032698255942,0.08153649557255473,0.06762405434400647,0.11576970422101103,-0.042253098229214366,0.003080993937823999
2023-10-19,BULL,0.8781984187438052,0.11620997757765698,0.005591603678537865,0.06317206585889838,0.0870353248470521,0.08132998118433252,0.08339367637991607,0.1131323799399072,-0.02986624273056543,0.003525043898183669
2023-10-20,BULL,0.9397067614141501,0.058336416814323104,0.0019568217715266608,0.06566067588111925,0.08375842945706374,0.0817660490400957,0.15553464076102647,0.1130187313462331,-0.020771849798872994,0.012243945560064175
2023-10-23,BULL,0.9521601564859288,0.04602475850966171,0.0018150850044094747,0.10170090529797185,0.09514308302764891,0.08549848570472103,0.17436524966277347,0.1128185855681047,-0.010539351258323693,0.027121190830219542
2023-10-25,BULL,0.7366188176220915,0.22194963241375792,0.04143154996415073,0.06762405434400647,0.09848827694858368,0.08626903350177531,0.15397449650900658,0.10063107890087658,-0.0069795855780241415,0.03493559370009136
2023-10-26,SIDE,0.00642754176143583,0.9562872936883927,0.03728516455017155,0.08339367637991607,0.1079336516282352,0.09059033269125834,0.1468475487228312,0.0947011321080838,0.014530203914131597,0.04851676976789458
2023-10-27,BULL,0.5695547071828688,0.2474546485793264,0.1829906442378047,0.15553464076102647,0.1151787909778119,0.09237539145270435,0.10420468164304038,0.07640703214602576,0.009580026165128057,0.0432792755990113
2023-10-30,BEAR,0.03959066034818567,0.20134367339678594,0.7590656662550286,0.17436524966277347,0.11328729172656642,0.0930575943896058,0.08748258187410982,0.07175620742638164,0.014051145965380322,0.04872323966509925
2023-10-31,SIDE,0.007872369481297773,0.7893442241003598,0.20278340641834244,0.15397449650900658,0.1105548980211139,0.09086654185493517,0.10170763524347595,0.07677709926758937,0.01699866583090429,0.05374800883113712
2023-11-01,SIDE,0.00018823333584790504,0.9634000120860068,0.03641175457814541,0.1468475487228312,0.11017532248548473,0.09013651724774861,0.09245175051557875,0.07414675931387857,0.02364506055688588,0.06517059029335587
2023-11-02,SIDE,0.00027440247511194,0.9773773604907112,0.022348237034176748,0.10420468164304038,0.11381461770265955,0.09035248200414486,0.06282628328479045,0.07041928894244931,0.013603109429173227,0.07806815645956684
2023-11-03,SIDE,0.033773338260547264,0.952912184580779,0.013314477158673729,0.08748258187410982,0.113419361015461,0.09057731263894639,0.07380813114722991,0.09167060421676507,0.010076153747417133,0.08109576228860936
2023-11-06,SIDE,0.08200568878670725,0.911231229031654,0.006763082181638816,0.10170763524347595,0.11705826714205274,0.0926961445260284,0.0709102579208699,0.09282819151293539,0.005845311514829706,0.07567280895020365
2023-11-07,BEAR,0.28503506076416407,0.014666957073522818,0.7002979821623131,0.09245175051557875,0.11444000641800606,0.09244327185840193,0.044795230688285545,0.09064451132251748,0.001897028258559691,0.0741858141097473
2023-11-08,SIDE,0.11378924357089278,0.8798528490024136,0.006357907426693659,0.06282628328479045,0.10941156903568702,0.09208522175835025,0.059188873973639415,0.09158461176414083,0.011858841727370032,0.07555140822210528
2023-11-09,SIDE,0.3579164089085464,0.635771400391414,0.006312190700039652,0.07380813114722991,0.1065695267031541,0.09142976033356214,0.10201264103770727,0.09139881788702299,0.018892046918090787,0.07935356427289972
2023-11-10,SIDE,0.12922189239956253,0.8650999798729596,0.005678127727477828,0.0709102579208699,0.10697204179555296,0.09148434812847665,0.0927269321018048,0.08913301427671597,0.015652633390729562,0.07347641808124844
2023-11-12,SIDE,0.13016690610744308,0.8644855830388708,0.005347510853686028,0.044795230688285545,0.10898836273721998,0.09203970324847781,0.10018727267316756,0.09321772759900658,0.008590156482515382,0.0692852660804003
2023-11-13,BULL,0.7573662618264405,0.020744917169300738,0.2218888210042589,0.059188873973639415,0.1097477380631949,0.09183538436734281,0.10372459082242841,0.09341563273078488,0.01732780669256004,0.08566941527281359
2023-11-15,SIDE,0.1260923900826205,0.868155002572355,0.005752607345024581,0.10201264103770727,0.11749584721346332,0.09473976702355869,0.08989945278887995,0.09406356070725437,0.006908577821877934,0.0866629549302899
2023-11-16,SIDE,0.0186090297153319,0.959894612384066,0.021496357900602045,0.0927269321018048,0.11586853754738231,0.09478410226467256,0.05037695970237218,0.0951551761698948,0.0018601271058294368,0.08033922222885327
2023-11-17,SIDE,0.04263150792453903,0.9511215316022034,0.0062469604732576355,0.10018727267316756,0.1156933267247462,0.09487295575229845,0.04250039043061678,0.09729727793886221,0.003182677600856229,0.08363760957609279
2023-11-20,SIDE,0.011676036405771055,0.9814818472852933,0.006842116308935823,0.10372459082242841,0.11480883787803348,0.09486977768094737,0.03937778296033783,0.09559679717950917,0.00988798897026214,0.07133297684010877
2023-11-21,SIDE,0.008888878982097136,0.9845348454248112,0.006576275593091518,0.08989945278887995,0.10324387960755227,0.0950426221471704,0.040728438870445825,0.113071357930621,0.015707444306161982,0.07175131197383781
2023-11-22,SIDE,0.04415717741064839,0.9527194556716334,0.0031233669177182697,0.05037695970237218,0.0968260896518526,0.09406578271180963,0.07236440668722537,0.11313341488245116,0.016087466742593922,0.07474339270689799
2023-11-23,SIDE,0.03851522165343626,0.9585956708700984,0.00288910747646525,0.04250039043061678,0.07775182838019369,0.09402463502209965,0.07184895411380732,0.11294835459375013,0.023255411015240257,0.07953835793788701
2023-11-24,SIDE,0.03586928513162001,0.9616469145213975,0.002483800346982492,0.03937778296033783,0.07291363049153493,0.09398775343028412,0.06630790367076562,0.11199584960422942,0.04408159060580371,0.08981060482105381
2023-11-28,SIDE,0.027717077600967196,0.9699061873115553,0.0023767350874774602,0.040728438870445825,0.07285142104938849,0.09441898371371037,0.11438648535708926,0.1128424005182004,0.04739651285472614,0.09073041814059457
2023-11-29,BULL,0.7901040660071277,0.2080397368449094,0.0018561971479629472,0.07236440668722537,0.07602250900894462,0.09589335168966275,0.10934102766677142,0.11293983673410325,0.041000715250484626,0.07820757272438524
2023-11-30,BULL,0.9389222449894423,0.05994472068281506,0.0011330343277426201,0.07184895411380732,0.07101162157285094,0.09421096688091014,0.1153974151280701,0.11284915543866948,0.03743647110951464,0.07687356410741612
2023-12-01,SIDE,0.06882503977787263,0.9300812685448512,0.0010936916772762732,0.06630790367076562,0.07030848725684967,0.09464531644597479,0.12970522059012438,0.11322719664113187,0.03402587848563518,0.0666966267119428
2023-12-04,BULL,0.942985268960765,0.05620648633356506,0.0008082447056701112,0.11438648535708926,0.09391550985393941,0.10296828778337316,0.13326907878509897,0.11528789309003588,0.014888517242506177,0.03936377074033893
2023-12-05,SIDE,0.06598753537050606,0.9032880941437473,0.030724370485746666,0.10934102766677142,0.09299016681611477,0.10400163131108892,0.057438767445422874,0.10175006586612431,0.002456809540056253,0.037804081560904944
2023-12-06,SIDE,0.17492917481806083,0.8215783509371175,0.003492474244821617,0.1153974151280701,0.09187481461630688,0.10368836673648482,0.05532285282129321,0.10068501186900783,-0.0005422313549735934,0.03625847081097669
2023-12-07,SIDE,0.1573896153087429,0.8404427236381113,0.002167661053145823,0.12970522059012438,0.09376474325103447,0.10354581269926122,0.04696709463145106,0.10041062873829013,0.013380629421625906,0.028853222188097685
2023-12-08,SIDE,0.07227084589154724,0.9242312520480516,0.003497902060401141,0.13326907878509897,0.09098710168643286,0.10233233303180381,0.09539889807842152,0.10671736377377136,0.022970388435554667,0.02707257667016901
2023-12-11,SIDE,0.19774313771234914,0.7933317021170164,0.008925160170634433,0.057438767445422874,0.09106890168412135,0.10231858230816569,0.12017267231053341,0.10649887827690506,0.01987770487404442,0.029174347944195187
2023-12-12,SIDE,0.21210221554824027,0.7874611595909548,0.00043662486080501075,0.05532285282129321,0.09544189359668756,0.10265742508711095,0.12727658399974953,0.10675513384888656,0.025813824885574033,0.034820783639924
2023-12-13,SIDE,0.15505912046898998,0.844047377169382,0.0008935023616279977,0.04696709463145106,0.09165582497795521,0.10263934227978584,0.10846155346405575,0.10471673144814989,0.010637867242223795,0.045228616981069475
2023-12-14,SIDE,0.19030126982854442,0.8090809851574401,0.0006177450140153907,0.09539889807842152,0.09204018939195392,0.10505084537084296,0.17725625434899966,0.10991241426140874,0.0034097033935844363,0.04227740644893
2023-12-15,SIDE,0.12095953173095621,0.8773060782301385,0.0017343900389052381,0.12017267231053341,0.09761430692838499,0.10760581014034823,0.15780271261073683,0.10695755248468143,-0.005010984401514102,0.026474937814575578
2023-12-18,BULL,0.799349178463173,0.18795262852849098,0.012698193008336016,0.12727658399974953,0.09767875888026911,0.10451501687781042,0.12476084405201697,0.1006039731565805,0.0010592628148632535,0.007131821829552176
2023-12-19,SIDE,0.06119092919625335,0.9371426910982389,0.0016663797055077774,0.10846155346405575,0.0955767488855776,0.10272328276376873,0.1297427141159182,0.1268447938515143,0.00935567284581729,0.0004264208558779134
2023-12-20,BULL,0.6136313623132824,0.38380771723450946,0.0025609204522082088,0.17725625434899966,0.11593177472475834,0.10716409825647193,0.14751530015163186,0.1281209267567805,0.029285430270747936,0.022082816709999384
2023-12-21,SIDE,0.07382664952005394,0.8826771427985344,0.0434962076814117,0.15780271261073683,0.11583708625408512,0.10740654005259,0.036969410720285235,0.11945821850293672,0.022163705056709317,0.014792391958759978
2023-12-22,SIDE,0.39288288324698634,0.5816320404363496,0.02548507631666393,0.12476084405201697,0.11488954667363402,0.10753101180622109,0.06884158735279658,0.11913148155374871,0.018217638143112065,-0.005193938632667936
2023-12-26,SIDE,0.3580372047949251,0.6290426781847984,0.012920117020276477,0.1297427141159182,0.11385368681294408,0.10766879096798027,0.07433548479705505,0.13080433392719606,0.010413679789296222,0.0005874769665854723
2023-12-27,SIDE,0.40929232126317927,0.5786432578000859,0.012064420936734979,0.14751530015163186,0.11575814859269411,0.106467039234382,0.0891739952653196,0.13480741399792545,-0.006365243474911035,-0.014051317802493092
2023-12-28,SIDE,0.0003746107603330693,0.9760382905101057,0.02358709872956116,0.036969410720285235,0.11366918129891208,0.10644217193086399,0.0748795149352844,0.13077271159753046,-0.005529823724963378,-0.0018889479216214467
2023-12-29,BULL,0.9589261652068908,0.03843222120592059,0.0026416135871886793,0.06884158735279658,0.11556184786833469,0.10566583076957911,0.07985562141465578,0.14432944716695217,-0.0009483866629238979,-0.009677905076637109
2024-01-01,BULL,0.9049537501764423,0.09238267250061172,0.002663577322945919,0.07433548479705505,0.11562431511058799,0.10482369763558029,0.08257202151031796,0.14821641427916946,-0.010583870809803825,-0.0007453828023656944
2024-01-02,BULL,0.877154324468263,0.12057480005786618,0.002270875473870908,0.0891739952653196,0.09915530940892481,0.10509597037913455,0.10334727149299139,0.15211199207191042,-0.005598171556138526,0.0014597616931508607
2024-01-03,BULL,0.5321702961806387,0.46489784078862173,0.0029318630307395405,0.0748795149352844,0.10177307600269418,0.10624726420119264,0.10516923293763958,0.15166917615020972,0.004699094446362408,0.015515233016822144
2024-01-04,SIDE,0.23235134955651582,0.7635331283718322,0.004115522071652131,0.07985562141465578,0.1029878142476032,0.1051598490204794,0.0945347727269768,0.1513748432318652,-0.000526488380924853,0.005208357099615204
2024-01-05,SIDE,0.37184921275118205,0.6253808169472607,0.0027699703015572784,0.08257202151031796,0.102200249928717,0.10406111695626714,0.08138675738638493,0.15060405152385947,0.008427914815119371,0.010018369684944054
2024-01-08,SIDE,0.39501787693597223,0.602874686979136,0.0021074360848916153,0.10334727149299139,0.10926323737288694,0.1059296082605461,0.11618826631745972,0.1523841789754309,0.026804813682458278,0.019220958418938817
2024-01-09,BULL,0.7584902281259649,0.24149426028084572,1.5511593189389486e-05,0.10516923293763958,0.10926548266642175,0.10582590103337204,0.07365471929601838,0.14833765381303757,0.022372749579961177,0.008002298682915963
2024-01-10,SIDE,0.15038986121493184,0.8460695610558655,0.0035405777292026198,0.0945347727269768,0.1074295763191262,0.10563733844997168,0.0926426024769324,0.15282302352149155,-0.0021648212405985905,0.007548214229807298
2024-01-11,SIDE,0.08185258824558096,0.9161232867890546,0.0020241249653644325,0.08138675738638493,0.10740494263025814,0.10551151637730409,0.2053842929485238,0.1527172389022297,-0.008580537898471978,-0.0014400215140047484
2024-01-12,BULL,0.9051459832119917,0.09483965082077368,1.4365967234481069e-05,0.11618826631745972,0.10638523833110668,0.10730358581005922,0.2069837074584644,0.15516129064988693,-0.012507933028846351,-0.006934382864379793
2024-01-15,SIDE,0.31356886845209947,0.679598855106473,0.006832276441427533,0.07365471929601838,0.10201286813179641,0.10681727432753836,0.19273843407357072,0.15117764411727067,-0.024075311096585776,-0.011716776999632665
2024-01-16,BULL,0.8665015482195586,0.13348466763231023,1.378414813113973e-05,0.0926426024769324,0.10259492067437587,0.10692572076045821,0.16371081722004585,0.14824857769987718,-0.03667986084875739,-0.005532174485044877
2024-01-17,BULL,0.5401976286801212,0.4530510193874858,0.006751351932392923,0.2053842929485238,0.13005402398361074,0.11627987513201728,0.17846763275350694,0.1485375746713744,-0.005485082048103479,0.021496884563034637
2024-01-18,SIDE,8.570967926943481e-05,0.998589638266817,0.0013246520539136103,0.2069837074584644,0.12022476885489575,0.11286361872138864,0.1635049137273648,0.12894612291571717,-0.005122065812553819,0.030288311451462862
2024-01-19,BEAR,0.0008720976568677717,0.19100470404344708,0.808123198299685,0.19273843407357072,0.12169614875981462,0.1114511358711663,0.16296466029959913,0.12727251627797534,0.00531366563912727,0.026225077676616367
2024-01-20,SIDE,0.001915942732168682,0.9978985301087904,0.00018552715904095218,0.16371081722004585,0.12143338107106036,0.10677534435344142,0.2077704587084505,0.12562991916340954,-0.002306591978687676,0.022154694459536932
2024-01-23,SIDE,0.007970468369321944,0.9910610405670468,0.0009684910636313263,0.17846763275350694,0.13312630313492252,0.11157369890499921,0.22218267724822288,0.12786754407237236,0.02266619397341439,0.04504831854716305
2024-01-24,SIDE,1.3883838589141952e-05,0.8732126032062446,0.12677351295516623,0.1635049137273648,0.13330914739512514,0.1126841020611625,0.18247276333249354,0.11426123283751444,0.01128596451586141,0.03475541977466248
2024-01-25,SIDE,3.0975900497005434e-05,0.9315503521437233,0.06841867195577968,0.16296466029959913,0.1320428097103426,0.11302289761813862,0.17852552535261765,0.11076572351519907,0.02320130734440401,0.03540133655142753
2024-01-29,SIDE,3.014423735584055e-05,0.9524621596922513,0.04750769607039286,0.2077704587084505,0.14787447172222293,0.11680211338787089,0.168905041942077,0.1103178891848856,0.001567481296273184,0.02097448177687413
2024-01-30,BEAR,1.0477152429368945e-05,0.474183610024018,0.5258059128235526,0.22218267724822288,0.1520260297541082,0.11890325431308517,0.1267078866317555,0.09372179570586135,0.01874788809865712,0.019739215772590076
2024-01-31,BEAR,1.3859335640047198e-05,0.1284192001396698,0.8715669405246901,0.18247276333249354,0.15552520055289148,0.11971875311646947,0.09319368174730516,0.09562069277157949,0.009382470411500738,0.01176443782129105
2024-02-01,BEAR,1.194874695923119e-05,0.269710538482895,0.7302775127701457,0.17852552535261765,0.1534358541296975,0.11891878646504857,0.0801222683477856,0.09057143599271683,0.0009443654336264995,0.029128096508212877
2024-02-02,SIDE,0.00048188307213317975,0.9988994364120908,0.0006186805157759297,0.168905041942077,0.15378947196543286,0.11933032418263248,0.11570053509458199,0.10491272513419565,-0.003267924340652384,0.02372138846018631
2024-02-05,SIDE,5.163916752590733e-05,0.876565735191158,0.12338262564131618,0.1267078866317555,0.1543062556702831,0.11990952995390064,0.10281200892488777,0.10280163261997174,-0.007174866994544702,0.02869996630508252
2024-02-06,BEAR,0.03823857882641965,0.02385038670767424,0.9379110344659061,0.09319368174730516,0.15215697463377947,0.1200482661979753,0.11344925730957366,0.1012505690371157,-0.008524837734204403,0.01927995825934315
2024-02-07,SIDE,0.4263712824813523,0.5162341799924584,0.05739453752618947,0.0801222683477856,0.15217666089211226,0.1201140689527592,0.1071954954202468,0.0996377541566913,-0.0041329217361133815,0.024482948288843568
2024-02-08,SIDE,0.052220723107034794,0.947321972205293,0.0004573046876722392,0.11570053509458199,0.15638193788547639,0.12231410446252436,0.11590638862246855,0.10069129012937887,0.008838276412000426,0.03508949389268118
2024-02-09,BEAR,0.0031207596096773397,0.02967486783176368,0.967204372558559,0.10281200892488777,0.15664379013152854,0.12169766206554608,0.08571803522000032,0.09259562672198152,0.011783849092628662,0.024942838116528043
2024-02-12,SIDE,0.22563315670397738,0.7098690555720253,0.06449778772399742,0.11344925730957366,0.15337100660301314,0.12144913265263585,0.09072095528950407,0.09735401477398624,0.023147795066995745,0.032750200941096416
2024-02-13,BEAR,0.003151442115271279,0.02166379356739511,0.9751847643173336,0.1071954954202468,0.15095098011691477,0.12161705799372426,0.019515678710081925,0.09201294445950323,0.02065152751214977,0.011634537898328363
2024-02-14,SIDE,0.10021717073318769,0.8432965726510473,0.056486256615764945,0.11590638862246855,0.1518370702604855,0.12155988026703757,0.017482130622143564,0.10735281328568891,0.009796160362583812,0.013940803266628728
2024-02-15,BEAR,0.008473640245070847,0.02563166613190562,0.9658946936230236,0.08571803522000032,0.1310314725820022,0.12136474853069755,0.07627764021445643,0.10869414932285981,0.013900632183450534,0.005125870180233771
2024-02-16,BULL,0.6875783987839738,0.29939831407168116,0.01302328714434496,0.09072095528950407,0.13030840434461935,0.12153181847116755,0.08558943545660878,0.11034666861860934,0.007773453163524508,0.0006803276720347866
2024-02-19,BEAR,0.3051559839384862,0.022285047017947843,0.6725589690435659,0.019515678710081925,0.12865004672476124,0.1215909146900941,0.0824545394935571,0.10852845803885222,-9.04071258903493e-06,-0.013873781069149927
2024-02-20,BULL,0.8831142408094906,0.05137595539007627,0.0655098038004332,0.017482130622143564,0.12819476737996874,0.12153195681650773,0.08805897080607786,0.11391954203890328,6.306973938515637e-05,-0.01625295081594489
2024-02-21,BULL,0.8054926069071644,0.19325773527085377,0.0012496578219818207,0.07627764021445643,0.11561775503372618,0.1226407950564271,0.08823428752005633,0.11315418251072178,-0.004722070665634479,-0.0019561129073034696
2024-02-22,BULL,0.8305826914004024,0.1691414419552295,0.00027586664436797,0.08558943545660878,0.11342903628731124,0.12301645294347849,0.11319754084681156,0.11499965309690859,-0.010617686752457584,-0.005447477263765614
2024-02-23,BULL,0.8539655144073852,0.14557042534046663,0.00046406025214822783,0.0824545394935571,0.11111297500580133,0.12179620991750102,0.09172843808168565,0.1127720044922485,0.005658641249411855,-0.009408130474503966
2024-02-26,BULL,0.9010905110780955,0.09584078729685729,0.0030687016250473126,0.08805897080607786,0.09572289596158644,0.12236561591973888,0.16025760672048092,0.11358352223745041,0.011521359253162682,7.232341225013963e-05
2024-02-27,BULL,0.8141169904899495,0.1801643111406414,0.005718698369409118,0.08823428752005633,0.0870208714833421,0.1219691345521144,0.15348615500781326,0.11449812569815225,0.009292965824481551,0.005774267732478826
2024-02-28,BULL,0.8986861422851564,0.09777193545289223,0.003541922261951266,0.11319754084681156,0.09286620827186436,0.11816631011220335,0.1532596223762523,0.1182971234912592,0.01828863058541022,0.023005462592521952
2024-02-29,SIDE,0.07435902189567153,0.9127174909903063,0.012923487114022168,0.09172843808168565,0.09266434909575279,0.11723835238625234,0.11299312271461422,0.11213888620920139,0.02210098087905325,0.021177267307012776
2024-03-01,BULL,0.6280455086515875,0.3655162011229334,0.006438290225479106,0.16025760672048092,0.10544488443592036,0.12115628588292357,0.11151253649013852,0.11224673344296614,0.006905762818094801,0.004283800053360875
2024-03-02,SIDE,0.0002869710324356986,0.9746804694278851,0.025032559539679068,0.15348615500781326,0.10387934440391124,0.12102021172525118,0.04221129071172724,0.09805739047781212,-0.002046474684310579,0.006070000516469663
2024-03-04,SIDE,0.004497346108346282,0.9795491545734087,0.015953499318245128,0.1532596223762523,0.1015605855305394,0.12093960852327802,0.07333869726778333,0.09861125314439186,-0.003124632358530911,0.004813085185435647
2024-03-05,SIDE,0.0044059239192987005,0.9807653836432197,0.014828692437481483,0.11299312271461422,0.10217485415376945,0.12112808723853667,0.07222556169259253,0.09855869975549114,-0.016170258095219138,0.013771079372835691
2024-03-06,SIDE,0.2728294144421027,0.714794427523551,0.012376158034346283,0.11151253649013852,0.09495376006345319,0.12090380424916577,0.12801405517888254,0.1006368255954322,-0.01467506675832819,0.007478402113297908
2024-03-07,SIDE,0.45249479831042644,0.5342974271800763,0.013207774509497332,0.04221129071172724,0.09487775676173286,0.12090470221667149,0.13453330871066166,0.09936755902863058,-0.02112534730044699,0.011503562968575002
2024-03-11,BULL,0.9631722754338202,0.03105787486197262,0.005769849704207167,0.07333869726778333,0.09425381866218978,0.11990502521734679,0.13078949599860032,0.10059913299602066,-0.012478661351864593,0.008327426692712112
2024-03-12,BULL,0.8546564961780004,0.13807199031287418,0.007271513509125496,0.07222556169259253,0.0930244912481176,0.11728694577106302,0.13287567645792436,0.10420974390955418,-0.02347618694325071,-0.0028335616450087366
2024-03-13,BULL,0.9354519894436122,0.06142880509304748,0.003119205463340375,0.12801405517888254,0.10918178703620054,0.12165534565665892,0.1417887967359668,0.11147916584637324,-0.007235961202123563,0.006804781431645954
2024-03-14,SIDE,0.0023097326949679726,0.9784922094827061,0.019198057822326076,0.13453330871066166,0.11110528293992677,0.12231963905385675,0.1086380160131301,0.09935554554146117,-0.006100755811348329,-0.006832444317398934
2024-03-15,SIDE,0.015180824685524685,0.9632594914968029,0.021559683817672315,0.13078949599860032,0.11121892428299285,0.1191085487384939,0.11419029677682196,0.09947586417626121,0.0033272847394510297,0.005598792991190643
2024-03-18,SIDE,0.007532327978807069,0.9766650035664409,0.015802668454752002,0.13287567645792436,0.11050663190678275,0.11878838127574967,0.11107032244988377,0.10051284013782708,-0.0023150049830142896,0.012646562841097527
2024-03-19,SIDE,0.018923277480433116,0.964553110340341,0.016523612179225888,0.1417887967359668,0.11590657771194755,0.12080800528544344,0.11563174827268183,0.1044615860230016,0.013937063768811127,0.0249212577369799
2024-03-20,SIDE,0.00036961975608924407,0.9818431731459653,0.01778720709794538,0.1086380160131301,0.11417035421167254,0.1205376139879557,0.07341867134576588,0.09578320821059697,0.022090288287809005,0.025466154742361326
2024-03-21,SIDE,0.2000035061732955,0.7796640483055093,0.020332445521195106,0.11419029677682196,0.11468329454291497,0.1199201820301137,0.08304236496362104,0.09578783724827541,0.020239504834190996,0.025051610313142902
2024-03-22,SIDE,0.11349029558075462,0.8633178960377033,0.02319180838154221,0.11107032244988377,0.11570151027296195,0.11962001303384806,0.07912349189468545,0.09543418952324423,0.016007057818320868,0.014520648603908164
2024-03-26,BEAR,0.1889911340755067,0.025399590806821644,0.7856092751176716,0.11563174827268183,0.11573924863280188,0.11986255234154335,0.08527338519740141,0.09866447616612829,0.019350571777276795,0.02861235183308494
2024-03-27,BEAR,0.12748053232886108,0.021991652814642406,0.8505278148564966,0.07341867134576588,0.11676919372856541,0.12033172758747368,0.06875786186647206,0.10192961620406396,0.017519036357382202,0.02151731294125477
2024-03-28,BULL,0.8011651108418126,0.18432424564275146,0.0145106435154358,0.08304236496362104,0.11356717278697744,0.12141530767581708,0.06742185964307958,0.10135791009067924,0.008331783277438392,0.014288149048245236
2024-04-01,BULL,0.8039475230310759,0.17940950541206807,0.016642971556856102,0.07912349189468545,0.11504485325960907,0.1209467674861102,0.04763899291385504,0.09706295937739381,0.009054247365723807,0.0006164069014664809
2024-04-02,BULL,0.650251675485347,0.048908618748904197,0.30083970576574875,0.08527338519740141,0.10053059723233385,0.12035315707767331,0.05189659132518753,0.09909679088901016,0.008402115685338338,-0.0004722024321524925
2024-04-03,BULL,0.8809359765500784,0.11241406352552169,0.006649959924399952,0.06875786186647206,0.1004341470581868,0.12032850013140664,0.05380814816795884,0.09922614298698842,0.01412552573330868,-0.005907858876429292
2024-04-04,BULL,0.886857108224664,0.015526277701354174,0.09761661407398178,0.06742185964307958,0.10111402044102541,0.1187620369156356,0.052299227747094085,0.10154372026993327,0.00021095149193170047,-0.009467428634811665
2024-04-05,BULL,0.950785494231893,0.04467812364599322,0.004536382122113822,0.04763899291385504,0.10071099502013642,0.11876352511754532,0.10585714019899996,0.10059145449137927,-0.010771279188975344,-0.02501524599250177
2024-04-08,BULL,0.9666175115535609,0.028149810186620043,0.0052326782598192114,0.05189659132518753,0.10181584085916158,0.11928119611326665,0.13191367403896243,0.11339907959262696,-0.023136556036408806,-0.0273308381522867
2024-04-09,BULL,0.9597224459392066,0.03416490001680299,0.0061126540439903855,0.05380814816795884,0.10193111588226555,0.11933436147358076,0.10595369217401344,0.11162435883281949,-0.02898591318902513,-0.024078862737050045
2024-04-10,BULL,0.8305802793893613,0.019042448924454034,0.1503772716861846,0.052299227747094085,0.09910302095479512,0.11760104583253025,0.10152022005396162,0.11228698775349281,-0.02703011727783137,-0.023836144561542687
2024-04-12,BULL,0.9710165027309936,0.025044083430151107,0.0039394138388552866,0.10585714019899996,0.10691253927129168,0.1183408916281411,0.11460101104211184,0.11245449075251261,-0.008159525203479139,-0.014260096586426012
2024-04-15,SIDE,0.13848797878270522,0.835357018131019,0.026155003086275722,0.13191367403896243,0.09950218885172575,0.12043064385599059,0.1389734802781026,0.10733822994706316,0.004278632438738053,0.00588008547951673
2024-04-16,SIDE,0.003486437006025928,0.9782911542113614,0.01822240878261264,0.10595369217401344,0.09907732281230382,0.11266103033803918,0.11131426863647738,0.10553863898955838,0.011425412108591687,0.014264822509969566
2024-04-18,SIDE,0.05403217056161732,0.9292994583426878,0.016668371095694915,0.10152022005396162,0.10015637409381067,0.11309586440006843,0.09561760155050626,0.10362195222163066,0.025783298819193622,0.022750394948277294
2024-04-19,SIDE,0.04018389006540165,0.9390631049361191,0.02075300499847925,0.11460101104211184,0.10302652412351483,0.11294667687911218,0.05418546416905003,0.09991606258642452,0.012249140352168453,0.017103540416546298
2024-04-22,SIDE,0.030672650683731744,0.9486968343806307,0.02063051493563761,0.1389734802781026,0.09826784674033465,0.11400780254176458,0.09635006047619772,0.09770114764703826,0.01365078400897321,0.011634921678086019
2024-04-23,SIDE,0.006026178286851715,0.9778668808258293,0.016106940887318993,0.11131426863647738,0.09826880670688895,0.10893995409674882,0.1022428796819521,0.0940377412809107,0.010533118973085837,0.026455338058429718
2024-04-24,SIDE,0.18398168447962618,0.8057386832064192,0.010279632313954748,0.09561760155050626,0.09507098529749379,0.10724693956675277,0.1070542480636155,0.10862736769991606,0.010912282593692911,0.024459160875052472
2024-04-25,BULL,0.6252090159925581,0.3687554068881956,0.0060355771192463084,0.05418546416905003,0.09741192150557962,0.1075111082338577,0.10696088689920648,0.10878322479473354,-0.004195698577485632,0.015915840067715657
2024-04-26,BULL,0.9397627897170637,0.05475292502782883,0.0054842852551074735,0.09635006047619772,0.09958560626709796,0.10264796552787336,0.11349444352507451,0.1065475991357617,0.0010142067822601145,0.02066812188902628
2024-04-29,SIDE,0.45610638946388016,0.5341701041319572,0.00972350640416271,0.1022428796819521,0.10349130403238095,0.10206413314048585,0.10203381891056168,0.10359512179550266,-0.015169638932237436,0.002703532775893988
2024-04-30,BULL,0.8095025838398572,0.01983383370870413,0.17066358245143876,0.1070542480636155,0.09947770358094321,0.10061031778989395,0.061662553161491704,0.1027648460082995,-0.013465705218684239,-0.005153747533458233
2024-05-02,SIDE,0.25130079494348634,0.7404974533033736,0.008201751753140155,0.10696088689920648,0.09756081035252225,0.10055832765882025,0.06507031014707468,0.10800153469559119,-0.030971611763308638,-0.0052015549260789875
2024-05-03,SIDE,0.2884463314989209,0.7035893251988523,0.00796434330222676,0.11349444352507451,0.10165926673110123,0.10107359718916453,0.09753571004485767,0.10798960641114781,-0.018892997688029302,0.034461403412626865
2024-05-06,SIDE,0.02146345576843251,0.967711777289103,0.010824766942464538,0.10203381891056168,0.10175915819688235,0.10077278512399752,0.12110981334164278,0.15215754813235388,-0.01520454461955908,-0.025186770588920136
2024-05-07,SIDE,0.22717692212124227,0.7645096594904303,0.00831341838832747,0.061662553161491704,0.10319094080261458,0.10072604153817251,0.12815374548852598,0.26557876547622306,-0.00380275995180466,0.014151163795181085
2024-05-08,SIDE,0.47370591709791293,0.506602692980492,0.019691389921595095,0.06507031014707468,0.10319338792053072,0.10072658535762487,0.13543001381208072,0.2899629587288378,-0.004581716459682675,0.02299991243956434
2024-05-09,SIDE,0.45403457178271667,0.5419322965421772,0.004033131675106151,0.09753571004485767,0.1125023187202175,0.10387680068720764,0.1352672279610392,0.29132088417396457,0.020124052283043137,0.058921757598791466
2024-05-10,SIDE,0.0011162781361227076,0.9611765816019092,0.03770714026196808,0.12110981334164278,0.11452000392449278,0.10408892265858391,0.05815550567683009,0.29197330475684397,0.0184591046258474,0.053152350935641884
2024-05-13,SIDE,0.009327130760484885,0.9632402959574019,0.027432573282113105,0.12815374548852598,0.1129781792780931,0.10285732531358327,0.058606747924328614,0.2922504086034707,0.01784334449630207,0.051182788169993
2024-05-14,SIDE,0.004775846426907132,0.970252171777675,0.02497198179541787,0.13543001381208072,0.1101260691986911,0.10270109166421844,0.059738085825529454,0.292357085329371,0.013909567700257662,0.04854183448536904
2024-05-15,BEAR,0.07079463277670614,0.022691719649843855,0.9065136475734501,0.1352672279610392,0.10313777960753812,0.10237156207401675,0.059767157841549894,0.2921931050013281,0.017735493061033007,0.052571949365592105
2024-05-16,BEAR,0.13193210650991638,0.02334479722739829,0.8447230962626853,0.05815550567683009,0.10602591267189493,0.10379819918134471,0.05092422783746256,0.29198946480334614,0.02485388501765093,0.04630269982516472
2024-05-17,BULL,0.7218395315371652,0.2413252576663956,0.036835210796439304,0.058606747924328614,0.1024938163967958,0.10328039144276462,0.10070623708520648,0.2910065977937281,0.02161975047367481,0.047453714304938104
2024-05-18,BULL,0.9410020455698316,0.050475213282106676,0.008522741148061617,0.059738085825529454,0.10022886143457678,0.10307698704341121,0.10753520354633904,0.29106230475640726,0.018948743938631933,0.044076846391128424
2024-05-21,BULL,0.9335188682544899,0.00940239580622053,0.05707873593928954,0.059767157841549894,0.09603111686838123,0.10289517056139863,0.11331919069627604,0.29139410520833603,0.015813721824648626,0.045041840851703555
2024-05-22,BULL,0.9412270815165468,0.010311903858083985,0.04846101462536941,0.05092422783746256,0.09642733281745881,0.10210299496582476,0.11982913660690757,0.2913758290316319,0.004719395106781151,0.03919467215811559
2024-05-23,BULL,0.9502065825057919,0.012775874635721595,0.0370175428584864,0.10070623708520648,0.11144453537204722,0.10622787511703238,0.1439593718766994,0.2918513667337697,-0.02107596661880211,0.024523059651361295
2024-05-24,BEAR,0.05261937548860806,0.09032863251825138,0.8570519919931406,0.10753520354633904,0.10910148617428622,0.10623664543262719,0.06755609448760432,0.2871379273815243,-0.0187484332074386,0.03274612184474943
2024-05-27,BEAR,0.12270454284185633,0.04107030102697295,0.8362251561311707,0.11331919069627604,0.1057271213203063,0.10585334950302483,0.07706041874915182,0.2879625350504417,0.01434986476742562,0.04001922869119495
2024-05-28,BEAR,0.08165066623148669,0.042404650795927035,0.8759446829725861,0.11982913660690757,0.10092314420866196,0.10580996902131225,0.26890275012502557,0.2882264660524774,-0.04484068569568629,0.049286970790579025
2024-05-29,BULL,0.4999728515536865,0.04888517632190689,0.45114197212440665,0.1439593718766994,0.10521245715813649,0.10450975267650586,0.5335836081500783,0.28845888686049437,-0.003722007912950362,0.05592344799466604
2024-05-30,BEAR,0.09517900570475635,0.027452323373762518,0.8773686709214811,0.06755609448760432,0.11051330336268245,0.1065276150934845,0.6121238132871819,0.28635415002793785,0.014687954754338263,0.07094025370631661
2024-05-31,BEAR,0.11600471645484675,0.06541871153265694,0.8185765720124963,0.07706041874915182,0.10730667079265575,0.10145288383928724,0.6093648365981136,0.282982004211009,0.03315170076156193,0.06832215404872806
2024-06-03,BEAR,0.4262024159012966,0.03904423615311355,0.5347533479455899,0.26890275012502557,0.15567638118997565,0.12065452964066961,0.6213044613574624,0.2833031827946414,-0.00020205016501433136,0.043017837557841956
2024-06-04,SIDE,1.583850587366652e-05,0.9993421564767325,0.0006420050173938714,0.5335836081500783,0.2718210990785993,0.17486238635827306,0.5791107369831798,0.26381493031833986,0.06116501413935404,0.10478620011564992
2024-06-05,SIDE,1.5848429563248604e-05,0.9999683031408735,1.5848429563248604e-05,0.6121238132871819,0.29748508989028366,0.18776896639068297,0.2299053309815977,0.13057601447611333,0.030587910738383278,0.07260740688897621
2024-06-06,BEAR,1.5848429563248604e-05,1.5848429563248604e-05,0.9999683031408735,0.6093648365981136,0.2923312092307572,0.18832637399245702,0.14033641762937574,0.08188007298088698,0.02499032046634507,0.06362297972846126
2024-06-07,BEAR,1.5848429563248604e-05,1.5848429563248604e-05,0.9999683031408735,0.6213044613574624,0.29949623356098604,0.19276870689323772,0.13909425701586467,0.08032661482619216,0.0075049945094164735,0.04791233877575869
2024-06-10,BEAR,1.5848429563248604e-05,1.5848429563248604e-05,0.9999683031408735,0.5791107369831798,0.2998402351191939,0.19213482179032898,0.031204657305381574,0.050637803761415495,0.012760467995143746,0.044781264643482456
2024-06-11,BULL,0.9999683031408735,1.5848429563248604e-05,1.5848429563248604e-05,0.2299053309815977,0.2997830250442778,0.19213366675434979,0.022164649423537065,0.05446810298126753,0.010737402717437687,0.04418887580253784
2024-06-12,BEAR,1.5848429563248604e-05,1.5848429563248604e-05,0.9999683031408735,0.14033641762937574,0.29956187414175645,0.18927082117876676,0.03586335274470153,0.0547648884327409,0.01040957406659225,0.04932301446310263
2024-06-13,BEAR,1.5848429563248604e-05,1.5848429563248604e-05,0.9999683031408735,0.13909425701586467,0.2985568685234327,0.18895061990120365,0.03573897342788301,0.05801691003999185,0.0043582158535565695,0.04951663361597187
2024-06-14,BEAR,1.5848429563248604e-05,1.5848429563248604e-05,0.9999683031408735,0.031204657305381574,0.29855889764762067,0.18850130968711262,0.04723721143265523,0.05805871954603761,0.003074244843847699,0.0477392397222064
2024-06-18,BEAR,1.5848429563248604e-05,1.5848429563248604e-05,0.9999683031408735,0.022164649423537065,0.29861337356048767,0.1885914581098154,0.04466484777468176,0.058196573759819466,0.006912158013486128,0.05141670609207101
2024-06-19,BEAR,1.5848429563248604e-05,1.5848429563248604e-05,0.9999683031408735,0.03586335274470153,0.29894528210200366,0.1870438065926744,0.06586631759221753,0.06084618475177562,0.014891126238698415,0.04225250682496795
2024-06-20,BEAR,1.5848429563248604e-05,1.5848429563248604e-05,0.9999683031408735,0.03573897342788301,0.2989263364913141,0.18705238400730934,0.06608708160097972,0.07540949031991133,0.020058851763524024,0.03920316891067905
2024-06-21,BEAR,1.5848429563248604e-05,1.5848429563248604e-05,0.9999683031408735,0.04723721143265523,0.2945936139814006,0.18671991689379044,0.07200582904616683,0.0760678049505075,0.02144817094333178,0.04077042113629702
2024-06-24,BEAR,1.5848429563248604e-05,1.5848429563248604e-05,0.9999683031408735,0.04466484777468176,0.29453470655460406,0.18663469841024916,0.06395043223326125,0.07504307823032129,0.025341227436153226,0.03652649422426891
2024-06-25,SIDE,1.5848429563248604e-05,0.9999683031408735,1.5848429563248604e-05,0.06586631759221753,0.2952798071339407,0.1868100419677374,0.05929421578623908,0.07673407467748433,0.01682759899653994,0.028459722355810433
2024-06-26,BEAR,1.5848429563248604e-05,1.5848429563248604e-05,0.9999683031408735,0.06608708160097972,0.2953668226506698,0.18689379294224767,0.06540276071415962,0.073785938809136,0.017348473634072853,0.0396757418992702
2024-06-27,BEAR,1.5848429563248604e-05,1.5848429563248604e-05,0.9999683031408735,0.07200582904616683,0.2933995393306651,0.1866043077465218,0.06691145738049085,0.09123023889113564,0.010658543629384601,0.03239195973832934
2024-06-28,SIDE,1.5848429563248604e-05,0.9999683031408735,1.5848429563248604e-05,0.06395043223326125,0.2902298813079274,0.18641036202231095,0.058952221169694244,0.08921995016992676,0.012961950981359742,0.03465607246971436
2024-07-01,BULL,0.995956253735157,1.5784849433030286e-05,0.00402796141540995,0.05929421578623908,0.2902787193075208,0.1865942526626661,0.052101896272773264,0.08861833008740887,0.007370680776482861,0.032968922122340365
2024-07-02,BULL,0.9999683031408735,1.5848429563248604e-05,1.5848429563248604e-05,0.06540276071415962,0.27010648605811005,0.18659054747217613,0.04767706008967259,0.08789527394952071,0.012741885488592357,0.03611075215272585
2024-07-03,BULL,0.9999683031408735,1.5848429563248604e-05,1.5848429563248604e-05,0.06691145738049085,0.13298299443540604,0.18687269156662079,0.047136952007255664,0.08752343330688139,0.0015613769206259751,0.0175989457768308
2024-07-04,SIDE,1.5841106058161453e-05,0.9995062192096582,0.00047793968428361564,0.058952221169694244,0.08346007754760457,0.18685751598194672,0.051437422407120875,0.09715996802273091,0.0005676898262422305,-0.010197006119190572
2024-07-05,BULL,0.9404103273311551,0.059564599851421,2.5072817423765808e-05,0.052101896272773264,0.08156242900744216,0.18650893772789148,0.051517159195993825,0.13728521635540367,0.007303518312509592,-0.013713984997906128
2024-07-08,BULL,0.9384604490517422,0.06151919102066633,2.035992759144581e-05,0.04767706008967259,0.05121437475420309,0.18647226753836724,0.07484567092562514,0.13738093896620956,0.010883974353855757,-0.0009482075783382775
2024-07-09,BULL,0.9958147013887221,0.004169516004704645,1.5782606573374827e-05,0.047136952007255664,0.050174927409232316,0.18645009898012074,0.07434916134365009,0.14489837622618343,0.007331895455864009,-0.013025877169752228
2024-07-10,BULL,0.96605807613916,0.033851778483148035,9.014537769212986e-05,0.051437422407120875,0.05543642692690237,0.18527929935713214,0.07120174964652583,0.14603336927839097,0.019395909443732325,0.001768259895822175
2024-07-11,BULL,0.9464546319353303,0.05324164161076807,0.000303726453901726,0.051517159195993825,0.05616873904577727,0.18353346210231172,0.05826796118907711,0.15006776062583818,0.008801033739867608,0.001276125027920897
2024-07-12,SIDE,1.5818155816667173e-05,0.9980580935502554,0.0019260882939279825,0.07484567092562514,0.059428748001059024,0.1833595700122563,0.1212341849534903,0.15009536262469178,0.0002897285141687019,-0.014932079011835407
2024-07-15,SIDE,1.5811521960088556e-05,0.9976394839516306,0.0023447045264092014,0.07434916134365009,0.05953907950913403,0.1825171127264209,0.10979833541009201,0.150300139840486,-0.004387996626118414,-0.018180098895228376
2024-07-16,SIDE,1.580392092163838e-05,0.997159827408569,0.002824368670509256,0.07120174964652583,0.059389148944971645,0.18222598082841693,0.10565181642868354,0.14958800960643354,-0.008138500654089737,-0.002923458189097198
2024-07-18,BULL,0.9970622724494799,1.580237501930913e-05,0.002921925175500863,0.05826796118907711,0.06039948058953108,0.1820910390391155,0.10464846855398897,0.16097711981136187,-0.01604482572277461,-0.009243890952139126
2024-07-19,SIDE,1.5757565159551247e-05,0.9942341352365004,0.005750107198339936,0.1212341849534903,0.07736636004805368,0.1839388051870305,0.07004314292628992,0.15861853811522228,0.012314361313000784,0.006823136480611483
2024-07-22,SIDE,0.18759030297478008,0.7829152966418798,0.029494400383340114,0.10979833541009201,0.07607577689616517,0.1840057290471106,0.13341396542878137,0.15493417784476307,0.013247642591174296,0.010590720435441566
2024-07-23,BULL,0.9272440933472549,0.06145158884076115,0.011304317811983823,0.10565181642868354,0.07697958777911232,0.1836635393793566,0.13209745839922316,0.15511369254427165,0.015333822276749114,0.013489605666684196
2024-07-24,BULL,0.7488430755108278,0.2428207032522886,0.008336221236883545,0.10464846855398897,0.0754493850572666,0.1830973825655604,0.12902923800485466,0.15502964015478912,0.021783655334224602,0.0166404275173393
2024-07-25,BULL,0.7700624830764055,0.21913816341927608,0.010799353504318316,0.07004314292628992,0.07351324680482584,0.182267616419073,0.11863303128850701,0.1545620038872267,0.02447862879345552,0.02446663395123737
2024-07-26,BULL,0.8668337265658222,0.13040356684399612,0.0027627065901816034,0.13341396542878137,0.09136821417941882,0.18513334581137217,0.11339092899618859,0.15623168914931287,-0.004728322488366658,0.007337664259463547
2024-07-29,SIDE,0.04533999051314337,0.9353106636822067,0.019349345804649892,0.13209745839922316,0.09087182070493668,0.18515785117093064,0.09889312594646135,0.14462006590664434,-0.03193042222813537,0.008669395598206073
2024-07-30,SIDE,1.5295715922150253e-05,0.964997824726541,0.03498687955753679,0.12902923800485466,0.08980466344332877,0.18417564359284708,0.20894928451434028,0.1446589385542616,-0.035408106486260735,0.011783956353020835
2024-07-31,SIDE,0.49923400427069187,0.49947725635390366,0.0012887393754043776,0.11863303128850701,0.08976209698641525,0.18410557697159974,0.20272437547340255,0.14517982057949966,-0.026546448924195765,0.011347670587906642
2024-08-01,SIDE,1.5021897379127923e-05,0.9475446049200236,0.05244037318259728,0.11339092899618859,0.08783709645939052,0.18334562163464682,0.2391022265303683,0.14506619901723347,-0.03639474383388558,0.010650414057942993
2024-08-02,BULL,0.854197680815496,0.13899297842047828,0.006809340764025791,0.09889312594646135,0.09968139863333897,0.18545098562497608,0.22913299063973913,0.1449741511372796,-0.014269308960382619,0.022488049527138704
2024-08-05,BULL,0.6001667680715284,0.37334164410274906,0.026491587825722564,0.20894928451434028,0.14075774188692006,0.19147453073755424,0.2541507001939266,0.13794953181027855,0.01204082097335352,0.046424588205443644
2024-08-06,SIDE,1.5848429563250305e-05,0.9999683031408736,1.5848429563250305e-05,0.20272437547340255,0.14093664540264333,0.19156189140661892,0.13759069009011385,0.0942425426927693,0.0060854242985804614,0.04691968105775138
2024-08-07,SIDE,1.584691005152969e-05,0.9998724283800984,0.00011172470984998821,0.2391022265303683,0.1476391735223788,0.19293466587256344,0.15650909482334963,0.09393760333727037,-0.006347916963034175,0.02257080351927459
2024-08-08,SIDE,1.5848429563248885e-05,0.9999683031408735,1.5848429563248885e-05,0.22913299063973913,0.14914000184516418,0.19366712304418787,0.12002787799802389,0.09777470642990306,0.017434314436518935,0.0334115973875727
2024-08-09,SIDE,1.584842956325004e-05,0.9999683031408736,1.584842956325004e-05,0.2541507001939266,0.15395776658752613,0.19447846354803433,0.15611933456071309,0.09294903973011033,0.008383758595770893,0.027268197750248184
2024-08-12,BULL,0.9999683031408736,1.584842956324861e-05,1.584842956324861e-05,0.13759069009011385,0.15138294850359515,0.19389416933031997,0.1438547113618569,0.0879715778260964,0.014348045192558317,0.023199854294864316
2024-08-13,SIDE,0.05815751735597625,0.940089130566269,0.0017533520777547507,0.15650909482334963,0.1534228345220651,0.19494041719300315,0.14350774268410446,0.09031625481763428,0.025812527961445647,0.050483280844072734
2024-08-14,SIDE,0.0027747585019177535,0.9960748315655864,0.001150409932495913,0.12002787799802389,0.1533041186592414,0.19494927015334373,0.10334281784033275,0.102132634302108,0.027281707935794187,0.04900955999365648
2024-08-16,BEAR,0.09649651015292823,0.0011966959639876957,0.9023067938830841,0.15611933456071309,0.16261212477065368,0.1974070199404185,0.09934426569607642,0.10266015782362561,0.011425385052346668,0.03375790505833761
2024-08-19,BEAR,0.0007228537376417053,0.00014909157981514488,0.9991280546825433,0.1438547113618569,0.1579475850644288,0.1973782442815427,0.028723510210283184,0.08917829489605997,0.01766569918060191,0.03384518660992009
2024-08-20,BEAR,0.024430613358606777,0.0005724148255783121,0.9749969718158148,0.14350774268410446,0.1588951916549907,0.19511110749320867,0.044716573071542906,0.08917480214035998,0.012828889091853096,0.027108241078156795
2024-08-21,BEAR,0.02171294018038018,0.0005962534433391443,0.9776908063762807,0.10334281784033275,0.15901118188779645,0.19510917190644061,0.04701020729221015,0.08888600089398548,0.011326317753938905,0.02572971012531458
2024-08-22,SIDE,0.11337962114161265,0.8863191573032144,0.00030122155517293714,0.09934426569607642,0.15857268968853025,0.19504953941848166,0.047575010276381335,0.08870264677926186,0.01362817296308569,0.03871639982951594
2024-08-23,SIDE,0.0014551142371230649,0.9985290601432648,1.5825619612127846e-05,0.028723510210283184,0.15852455817198438,0.1949408605059479,0.048544856945472746,0.10018102974418155,0.016490898404791836,0.043972869738762264
2024-08-26,SIDE,0.0005204071458427201,0.9994637524211448,1.5840433012437437e-05,0.044716573071542906,0.14837686722336724,0.1943448023151388,0.044224658624904274,0.10092458900655897,0.010662408900160908,0.036501863964269535
2024-08-27,SIDE,0.002339149957508092,0.9976450384325092,1.581160998265118e-05,0.04701020729221015,0.148372859072531,0.19296964146694176,0.02377546330642921,0.09916365293712182,0.01042206277930825,0.038670567731476466
2024-08-28,BULL,0.9927952029070127,0.0010861624590324055,0.00611863463395499,0.047575010276381335,0.14840783946292677,0.19297122415303988,0.02498213600161419,0.09904795164401521,0.005824770379102092,0.045404183120901644
2024-08-29,SIDE,0.16812966835186907,0.8314675033595165,0.00040282828861441816,0.048544856945472746,0.14846968942876015,0.18246264016953317,0.04578382322863203,0.10137377650809587,-0.0002723817815301193,0.040020224394242715
2024-08-30,SIDE,0.20296964035800477,0.7958770724493386,0.0011532871926564305,0.044224658624904274,0.1486743221156282,0.1279466125744609,0.04262083612743941,0.10187982377850413,-0.015323315992827923,0.022527362252369305
2024-09-02,SIDE,0.1498278552817261,0.8029843816254872,0.04718776309278665,0.02377546330642921,0.14148149807929522,0.11080431091598071,0.0825300561966386,0.11585638474023742,-0.013633560504255729,0.020292185763855084
2024-09-03,SIDE,0.07229746745420107,0.8749648938627107,0.052737638683088256,0.02498213600161419,0.09454688040257463,0.1098950131656012,0.08926588558398983,0.11596391104154265,-0.009489160737273085,-0.0011775196071832905
2024-09-04,BULL,0.715997842414737,0.25122451506585675,0.03277764251940629,0.04578382322863203,0.0949922843251233,0.10324217758397364,0.10139872039291914,0.13956072375378162,-0.01118391293722581,-0.007332751478555837
2024-09-05,BULL,0.9020308543618496,0.01390274268879985,0.08406640294935058,0.04262083612743941,0.08822497709625797,0.10334254459117988,0.10347837509764195,0.142905076555271,0.009649024084901692,-0.013990779032291624
2024-09-06,BEAR,1.4445459812103616e-05,0.0896457482206829,0.9103398063195048,0.0825300561966386,0.09512859947088377,0.10671727242945545,0.1812840934551867,0.14578235722219773,0.020090839511347672,0.006457418663928999
2024-09-09,BEAR,1.4569533629358211e-05,0.08157311325278875,0.918412317213582,0.08926588558398983,0.08960963694835716,0.10678251130242132,0.1428359057435573,0.14343891196809283,0.017780622107283758,0.0018249806991708973
2024-09-10,BEAR,1.4937881092370858e-05,0.05781999793168307,0.9421650641872246,0.10139872039291914,0.08990289126666672,0.10688001196026643,0.14441465466216585,0.14308408450718493,0.014960747455442949,-0.0017046520333548682
2024-09-11,BEAR,1.4912179700657196e-05,0.05946824460340262,0.9405168432168968,0.10347837509764195,0.08532392556607292,0.10752823297406992,0.14502130076164937,0.14232922230777692,0.01825643197585072,0.0018363084945245552
2024-09-12,BULL,0.7813313317897101,0.004288004180266627,0.21438066403002326,0.1812840934551867,0.104461634878649,0.11335220355750192,0.13526710469424086,0.14134066344212204,0.0010589572426873742,-0.01033129821250173
2024-09-13,SIDE,1.0943126566149253e-05,0.62683130403073,0.373157752842704,0.1428359057435573,0.09147334291250783,0.11329947289017804,0.024220062601890777,0.12667139837113667,0.016988547771653453,-0.011867909758811431
2024-09-16,BEAR,1.2191465559164349e-05,0.24954468738869404,0.7504431211457467,0.14441465466216585,0.09148697186187452,0.1132840943967414,0.10191949338753342,0.12690301172482,0.021640349732771496,-0.016382040097341843
2024-09-17,BEAR,0.009756176332729474,0.026548926661437773,0.9636948970058328,0.14502130076164937,0.09054838824866027,0.11297115930856168,0.10057967180673193,0.1271315449261286,0.02032237653495127,-0.02665979404464596
2024-09-18,BEAR,1.3331877776639082e-05,0.16452357546599355,0.8354630926562298,0.13526710469424086,0.0910009588937407,0.1131279856749463,0.10341685466609728,0.12989664420552122,0.0243912157451726,-0.020844207793353532
2024-09-19,BEAR,1.3765506745580264e-05,0.1347443155064786,0.8652419189867759,0.024220062601890777,0.09099213329852299,0.11231405435139988,0.0928336304035258,0.131257234915608,0.031000790749525962,-0.025289762024021147
2024-09-20,BEAR,1.2846107884699105e-05,0.19925603737814734,0.8007311165139679,0.10191949338753342,0.10265555364893182,0.11523547723400658,0.08950721483004034,0.13109422042153188,0.014931997527812487,-0.052489962054797744
2024-09-23,BEAR,1.337952578856042e-05,0.16120209181875486,0.8387845286554566,0.10057967180673193,0.10154499267672493,0.11492195567752544,0.0625434755952005,0.12326747573662056,-0.004954609081601065,-0.05971256227739482
2024-09-24,BULL,0.9327366735290702,0.0076387312455314296,0.059624595225398584,0.10341685466609728,0.10159529570793482,0.11481557500854725,0.1303047687235671,0.11968189862121963,-0.005547269300253258,-0.061243057136991616
2024-09-25,BULL,0.9210639338374161,0.00351356556497643,0.07542250059760751,0.0928336304035258,0.10160659240787719,0.11451468541471005,0.13007364033362537,0.11933227082906882,-0.029426024559351317,-0.07269721083519816
2024-09-26,SIDE,0.0017755417661512174,0.9845277070777015,0.013696751156147319,0.08950721483004034,0.1037887834218681,0.11529589398463752,0.18690613028122027,0.11943319157876212,-0.0469121642203554,-0.07428565361651801
2024-09-27,BULL,0.6728485335775495,0.018500100508263565,0.30865136591418696,0.0625434755952005,0.10439086144531988,0.11489332082281048,0.13963153666980774,0.11760584218007418,-0.054283385208064555,-0.06763651261327965
2024-09-30,BULL,0.8959095118827605,0.009705907141054883,0.09438458097618471,0.1303047687235671,0.11884348943731655,0.11915427790624633,0.12180551941710227,0.12131405336542886,-0.03139325958126826,-0.05863893727114132
2024-10-01,BEAR,1.2454088306888814e-05,0.22876316148792034,0.7712243844237727,0.13007364033362537,0.1189268295259552,0.1191961870656455,0.17808628316272726,0.11492636955783897,-0.03210076556894008,-0.06368064656015097
2024-10-03,BEAR,1.287039786829177e-05,0.19747652059650256,0.8025106090056292,0.18690613028122027,0.14270011457342685,0.12772650614699435,0.17671567903174099,0.11500875508622657,-0.01001629316344466,-0.03817476943818239
2024-10-04,BEAR,1.0963572763775912e-05,0.37042473450764163,0.6295643019195944,0.13963153666980774,0.1464669334422928,0.12906844477622395,0.11856966405786093,0.09598080652365666,-0.002014852964145349,-0.04159959283057434
2024-10-07,BEAR,0.000445700244831224,0.009333154035241558,0.9902211457199271,0.12180551941710227,0.14377004163805587,0.13006397293663338,0.09928770886088316,0.10002450119021691,0.01330850490469162,-0.023770198545514265
2024-10-08,SIDE,1.4293417537666436e-05,0.9003898567637093,0.09959584981875295,0.17808628316272726,0.14671661001916547,0.13119039087093434,0.07418950214314524,0.10373718571372427,0.0017655110886072244,-0.02137980144197847
2024-10-09,BEAR,1.0488078593629963e-05,0.46812172945418673,0.5318677824672197,0.17671567903174099,0.1460004855569606,0.13038075443252156,0.05826165253086138,0.1068831078452154,-0.0004263986892289354,-0.0318277908028917
2024-10-10,BEAR,0.0012832419319057618,0.03934807398289386,0.9593686840852003,0.11856966405786093,0.14491056581536577,0.1302207940621167,0.06386542582007493,0.11311273460860032,-0.00999439455584818,-0.034603979786838955
2024-10-11,BEAR,0.03544117109518222,0.044748119230509004,0.9198107096743087,0.09928770886088316,0.12728826895993872,0.13025329289182766,0.08828330197621913,0.11284836638285792,-0.004424084312027299,-0.03352073469610203
2024-10-14,BEAR,1.0462763234491996e-05,0.48562196834463095,0.5143675688921344,0.07418950214314524,0.12992909231621097,0.1300136271070625,0.09899414986866126,0.11294443368811179,-0.013899506568831987,-0.05079502197112024
2024-10-15,SIDE,1.0456380218387478e-05,0.5017260921231032,0.4982634514966785,0.05826165253086138,0.13005595595158106,0.1280854418761581,0.07392722179675236,0.11312477223959062,-0.023633504524332806,-0.06165716227753583
2024-10-16,BEAR,1.1819827529663446e-05,0.28088985526634974,0.7190983249061205,0.06386542582007493,0.13018718325872014,0.12829793412349036,0.10140005003478283,0.1196708168041906,-0.021690172447281417,-0.05933622212380377
2024-10-17,BEAR,1.1977181501024666e-05,0.2672920825636106,0.7326959402548884,0.08828330197621913,0.13326493379638207,0.12964949158139036,0.1038622223077048,0.11981764939592886,-0.014260886557394319,-0.053786899717851146
2024-10-18,BEAR,1.3513141225586727e-05,0.1519566987096634,0.848029788149111,0.09899414986866126,0.1343438684078841,0.12976717029924562,0.09639242934944374,0.11779327592087575,-0.027461787296672063,-0.05523337164391332
2024-10-21,BEAR,0.2229004480998578,1.2530281563806443e-05,0.7770870216185783,0.07392722179675236,0.12078308443276703,0.12993170722410655,0.07963836831165189,0.11684973329626523,-0.017995100842970815,-0.05948856440288252
2024-10-22,BEAR,0.16797231588554865,1.3282609781478933e-05,0.8320144015046699,0.10140005003478283,0.12268814103003246,0.12751667909725511,0.11791580660805226,0.1179165199020208,-0.0002145530306694381,-0.02335193292565069
2024-10-23,BEAR,0.02274034785487037,1.548878794462757e-05,0.977244163357185,0.1038622223077048,0.12231468330134249,0.12754077507385814,0.09894498304166433,0.14397179653788586,-0.003880984075347662,-0.00877981035207297
2024-10-24,BEAR,0.04863612291103471,1.5081425749479412e-05,0.9513487956632157,0.09639242934944374,0.12078059248032177,0.12754250527942318,0.10554255164602865,0.15210118167660439,-0.007984858723412596,-0.008433207227870837
2024-10-25,BEAR,0.04123952187794756,1.5197420744075362e-05,0.9587452807013084,0.07963836831165189,0.11466644147199642,0.12847944364841254,0.11113587946043645,0.15207547278270114,0.005096416837664501,0.003883964870714959
2024-10-28,BEAR,0.009307515780333668,1.5701222626540305e-05,0.99067678299704,0.11791580660805226,0.12040109842945011,0.12915786069527024,0.09367116428612253,0.14926063071876053,-0.014226103434411715,-0.017615831056311225
2024-10-29,BEAR,0.014918016388182406,1.5612426110844206e-05,0.9850663711857067,0.09894498304166433,0.11757957485123567,0.12747605918165825,0.11908717015739083,0.1561711031926987,-0.0104170711402991,-0.013817675107423311
2024-10-30,BEAR,0.03567021618780279,1.5284963497849472e-05,0.9643144988486994,0.10554255164602865,0.11761217029521498,0.11494661169077029,0.13707672167848997,0.1585675914647716,0.005865876247894584,-0.002665741269943112
2024-10-31,BEAR,0.006130554907095121,1.5751538361088154e-05,0.9938536935545438,0.11113587946043645,0.09598166193515491,0.11541553784234236,0.1607305029017291,0.15927960615379166,-0.00024790981168069785,0.010348923598894352
2024-11-01,BEAR,0.006300146575827672,1.5748851891330927e-05,0.993684104572281,0.09367116428612253,0.09435459178459628,0.11276574047790731,0.18144469571795369,0.16004177745631318,-0.00644550351210126,0.006688316117237931
2024-11-04,BEAR,1.5848429563248604e-05,1.5848429563248604e-05,0.9999683031408735,0.11908717015739083,0.09942986870142875,0.11478719099673676,0.17785379843930518,0.1595089609885086,0.006064005170326753,0.029283205215175644
2024-11-05,BEAR,1.5676441118646978e-05,0.010872769991428754,0.9891115535674526,0.13707672167848997,0.09986749390550331,0.11431618424765157,0.1462290436500574,0.15525008174069066,-0.013716318520914358,0.019001985087031076
2024-11-06,BEAR,1.5848429563248604e-05,1.5848429563248604e-05,0.9999683031408735,0.1607305029017291,0.10965639469348676,0.11659298354395069,0.14693401311056753,0.15293673835402244,-0.03851184974694999,0.005496617410445018
2024-11-07,BEAR,1.5848429563248604e-05,1.5848429563248604e-05,0.9999683031408735,0.18144469571795369,0.11576680099524539,0.11775227738356137,0.09625437051526099,0.14866699155956967,-0.027934830010141166,0.016829122797548335
2024-11-08,BEAR,1.5848429563248604e-05,1.5848429563248604e-05,0.9999683031408735,0.17785379843930518,0.11577530656751946,0.11783462007033095,0.097881779571463,0.1422254143014013,-0.029177314486860555,0.020234344785925003
2024-11-11,BEAR,1.57583971670938e-05,0.005697587219416276,0.9942866543834166,0.1462290436500574,0.1118340431750953,0.11281728038195471,0.09547380495398458,0.14183397088740124,-0.02613672125983865,0.0167348329353226
2024-11-12,BEAR,1.5848429563248604e-05,1.5848429563248604e-05,0.9999683031408735,0.14693401311056753,0.1160542175810966,0.1147816446710907,0.10820061277589918,0.14273755166536584,-0.02259304900059422,0.036378859285979094
2024-11-13,BEAR,1.5848429563248604e-05,1.5848429563248604e-05,0.9999683031408735,0.09625437051526099,0.12276526197683423,0.11730417233072772,0.09939623927347312,0.13890425317943358,0.014671724827552378,0.04600695627544765
2024-11-14,BEAR,1.5848429563248604e-05,1.5848429563248604e-05,0.9999683031408735,0.097881779571463,0.12081673471492047,0.1170555602278974,0.1920216827232319,0.1291060476927524,0.02886623932444945,0.03356579222929273
2024-11-18,BEAR,1.5848429563248604e-05,1.5848429563248604e-05,0.9999683031408735,0.09547380495398458,0.11818904072154071,0.11704642923907459,0.1994430355995253,0.1398694862555215,0.031092805932586134,0.03127258269991935
2024-11-19,BEAR,1.5848429563248604e-05,1.5848429563248604e-05,0.9999683031408735,0.10820061277589918,0.1198797405282812,0.11725731610592116,0.1935601284681121,0.14111352166930158,0.03165554921795635,0.018251957062255564
2024-11-21,BEAR,1.5848429563248604e-05,1.5848429563248604e-05,0.9999683031408735,0.09939623927347312,0.11542004569729857,0.11661940204902752,0.19296602018227876,0.14673848426280559,0.02387763250360061,0.010124209244179129
2024-11-22,BEAR,1.5848429563248604e-05,1.5848429563248604e-05,0.9999683031408735,0.1920216827232319,0.14770496981341538,0.12714443033180747,0.23138789584825123,0.15484354847235074,0.009319704787557913,-0.006453977128441829
2024-11-25,BEAR,1.5848429563248604e-05,1.5848429563248604e-05,0.9999683031408735,0.1994430355995253,0.15600234142107122,0.1302061200967163,0.17237213586778397,0.13274472049895952,0.00223308500678228,-0.020616147831038788
2024-11-26,BEAR,1.5848429563248604e-05,1.5848429563248604e-05,0.9999683031408735,0.1935601284681121,0.15269131811466655,0.12986737750218155,0.14910519950587428,0.12349833442447213,0.010797272103352573,-0.018534383107183
2024-11-27,BEAR,1.5848429563248604e-05,1.5848429563248604e-05,0.9999683031408735,0.19296602018227876,0.15129811906611434,0.1298654709053092,0.15564594981662996,0.12367686857922004,0.007900768084187663,-0.01919444725614718
2024-11-28,BEAR,1.5848429563248604e-05,1.5848429563248604e-05,0.9999683031408735,0.23138789584825123,0.15861792031450303,0.13303524314501547,0.15564653124400574,0.12341528413031998,0.032672932837075216,-0.011322887091131464
2024-11-29,BEAR,1.5848429563249078e-05,1.5848429563249078e-05,0.9999683031408736,0.17237213586778397,0.16181588106166772,0.13458073526708678,0.05906307289918255,0.11483105574720232,0.02240258905415533,-0.020358247392682546
2024-12-02,BEAR,1.5826681700517017e-05,0.0013880963247384298,0.9985960769935609,0.14910519950587428,0.16214435355212709,0.13518846393176218,0.07465889097436791,0.10948401059964341,0.01402823492828273,-0.02220672920031892
2024-12-03,BEAR,1.5848429563248604e-05,1.5848429563248604e-05,0.9999683031408735,0.15564594981662996,0.16365229334763595,0.13614979063331775,0.08670061984490678,0.10818328947391953,0.006232289386973138,-0.011039091828959837
2024-12-04,BEAR,1.5779018771560264e-05,0.004395958630806748,0.9955882623504216,0.15564653124400574,0.1561643216461337,0.13412090301489857,0.07768781843370523,0.12485774177621019,0.00710052515658569,-0.019091935356929098
2024-12-05,BEAR,1.5848429563248604e-05,1.5848429563248604e-05,0.9999683031408735,0.05906307289918255,0.15670564829535638,0.13550271978934467,0.07735045746454543,0.12718299510957282,-0.006484367109526355,-0.045216701166672396
2024-12-06,BEAR,1.5848429563248604e-05,1.5848429563248604e-05,0.9999683031408735,0.07465889097436791,0.1522088463629687,0.13521599951527172,0.030679299966578633,0.131588436568559,0.003660555678033396,-0.04009572812782336
2024-12-09,BEAR,1.5848429563248604e-05,1.5848429563248604e-05,0.9999683031408735,0.08670061984490678,0.14585541721522707,0.1349425904523329,0.07875319369401595,0.1332222003131031,0.001998489118052711,-0.03850980785768025
2024-12-10,BEAR,1.5848429563248604e-05,1.5848429563248604e-05,0.9999683031408735,0.07768781843370523,0.14551350600325255,0.12906279170930607,0.08363130922321055,0.13326403755601574,-0.011198160578396728,-0.045027450701230876
2024-12-11,BEAR,0.32013786099778135,0.11920091006743769,0.560661228934781,0.07735045746454543,0.1454438796404163,0.12910559349790476,0.1305398028157992,0.13426685485393977,-0.018139076572866116,-0.050362916988171275
2024-12-12,BEAR,1.3328925677228958e-05,0.16472980589319414,0.8352568651811285,0.030679299966578633,0.13997597446482818,0.12924033623269715,0.1279940890157484,0.13381910797602267,-0.024619597132905627,-0.06143469230604328
2024-12-13,BEAR,1.4641730028048198e-05,0.07689367251244869,0.9230916857575233,0.07875319369401595,0.13039812330799638,0.13063555536546748,0.13648343071689348,0.14059005791200385,-0.04884769904239416,-0.06644519186812944
2024-12-16,BEAR,1.5848429563248604e-05,1.5848429563248604e-05,0.9999683031408735,0.08363130922321055,0.13188284731822467,0.13082466979010446,0.07742285583672665,0.13628267547923767,-0.03778920857633732,-0.060795909275216255
2024-12-17,BEAR,1.5848429563248604e-05,1.5848429563248604e-05,0.9999683031408735,0.1305398028157992,0.1423058815739457,0.13346845072235497,0.1418819163894316,0.13722301146292268,-0.02531570073588214,-0.04299706537336788
2024-12-18,BEAR,0.3121270719449745,0.011494312463769205,0.6763786155912562,0.1279940890157484,0.14470235652896726,0.12991682992177597,0.136155671383191,0.13359664609165375,-0.018714159874516238,-0.042014911177204746
2024-12-19,BEAR,1.5754332622821117e-05,0.005954162201191099,0.9940300834661862,0.13648343071689348,0.14751237935802883,0.13048063595865922,0.1422860447414335,0.1333057979033227,-0.005790855100446328,-0.025667183114422603
2024-12-20,BEAR,1.5826883340151663e-05,0.0013753728668445236,0.9986088002498154,0.07742285583672665,0.13342694971311994,0.13355392538509964,0.13431721005049133,0.13256131228381066,0.0024305361682899727,-0.024151529537453382
2024-12-23,BEAR,1.5848429563248604e-05,1.5848429563248604e-05,0.9999683031408735,0.1418819163894316,0.12670601144669422,0.13446583291213102,0.08231077303174063,0.13061975507146903,-0.004584565476682768,-0.025501927744592888
2024-12-24,BEAR,1.5848429563248604e-05,1.5848429563248604e-05,0.9999683031408735,0.136155671383191,0.12670537905586593,0.13296672406950963,0.059059904586955994,0.129636746597666,0.0006425036375022442,-0.02225817924540312
2024-12-26,BEAR,1.5848429563248604e-05,1.5848429563248604e-05,0.9999683031408735,0.1422860447414335,0.12591799326667893,0.1330737960256224,0.06894387947491112,0.13016290426118476,0.01829256338157572,-0.028096053328502776
2024-12-27,BEAR,1.5848429563248604e-05,1.5848429563248604e-05,0.9999683031408735,0.13431721005049133,0.11524126483508863,0.13074906317402885,0.14926771925322987,0.13059738106385838,0.008003279983405826,-0.04221021931235887
2024-12-30,BEAR,1.5848429563248604e-05,1.5848429563248604e-05,0.9999683031408735,0.08231077303174063,0.11227045859466897,0.13126745417267097,0.17004245127819767,0.13425765953616065,-0.0012208812384658227,-0.02951365610417741
2024-12-31,BEAR,1.5848429563248604e-05,1.5848429563248604e-05,0.9999683031408735,0.059059904586955994,0.10928566981865107,0.12451371414718346,0.2081253893535998,0.13539081277131768,0.002665108319014585,-0.020582722396657097
2025-01-01,BEAR,1.2585943312879742e-05,0.21865941678194326,0.7813279972747439,0.06894387947491112,0.10637594104347485,0.1237546270686393,0.21022547460676821,0.14001128768677026,-0.002274843729078673,-0.02099991199277975
2025-01-02,BEAR,1.1742141869252833e-05,0.2878127739508056,0.7121754839073251,0.14926771925322987,0.12805261145379337,0.1288918222478507,0.20779644427371247,0.13982638177241716,-0.027756069485297827,-0.028525710789667896
2025-01-03,BEAR,1.5757710609604036e-05,0.005740925727618302,0.994243316561772,0.17004245127819767,0.12421685188101508,0.12829496814791364,0.12134767928432509,0.12850654274073084,-0.024170456474656477,-0.022011169372513656
2025-01-06,BEAR,1.5804237495669252e-05,0.0028043908823845005,0.9971798048801198,0.2081253893535998,0.1349637972192848,0.13223747622117785,0.12013848828900443,0.1264646884727055,-0.022702358248897176,-0.010856460044488925
2025-01-07,BEAR,1.5848396449459366e-05,1.793780207454304e-05,0.999966213801476,0.21022547460676821,0.1366715391928269,0.13256808296271866,0.11142827991236359,0.11485686916397256,-0.022688908062272622,0.0013214705019021823
2025-01-08,BEAR,1.5848429563248604e-05,1.5848429563248604e-05,0.9999683031408735,0.20779644427371247,0.13661589433379262,0.1325643103106417,0.11149234967705153,0.12775611495873385,-0.020287612299483355,0.00031022312044118506
2025-01-09,BEAR,1.5847102341271223e-05,9.959184182372435e-05,0.9998845610558351,0.12134767928432509,0.13715770735694208,0.13221233789702824,0.11769532096667444,0.12789009858011754,-0.009167775250533762,0.003261205716176164
2025-01-10,BEAR,1.5823814489624706e-05,0.0015690182922124183,0.9984151578932978,0.12013848828900443,0.1371978985926901,0.1323047689516399,0.12699553346541742,0.1262836326547919,-0.009791070761899584,0.005466965583011439
2025-01-13,BEAR,1.5848429563248604e-05,1.5848429563248604e-05,0.9999683031408735,0.11142827991236359,0.13731896669754773,0.13519789497087475,0.1277545082025369,0.12558822024387364,0.011147912058715148,0.012725180886241614
2025-01-14,BEAR,1.5848429563248604e-05,1.5848429563248604e-05,0.9999683031408735,0.11149234967705153,0.1397841916799915,0.1346691983133338,0.06623785725019066,0.11678828507742374,-0.006554036711718174,-0.004508325319916634
2025-01-15,BEAR,1.5848429563248604e-05,1.5848429563248604e-05,0.9999683031408735,0.11769532096667444,0.1350449639442181,0.1343374940022879,0.128318564940593,0.12559840271129263,-0.002495227045713906,-0.0072614079361623275
2025-01-16,BEAR,1.5782263746861217e-05,0.004191153137991516,0.9957930645982617,0.12699553346541742,0.13640577236846957,0.1347313019438357,0.13705986927566804,0.12545875181967475,-0.00457681460791728,-0.012101167885072825
2025-01-17,BEAR,1.5848429563248604e-05,1.5848429563248604e-05,0.9999683031408735,0.1277545082025369,0.13324559784610998,0.13280560103177874,0.13327116989822263,0.12434572420575195,-0.004795302025814375,-0.011876812102726772
2025-01-20,BEAR,1.574922388253945e-05,0.006276663278493369,0.9937075874976242,0.06623785725019066,0.12541380391610837,0.13356313255598465,0.13366734465579866,0.12425506438669354,-0.022333891298382685,-0.016640325223551716
2025-01-21,BEAR,1.5848429563248604e-05,1.5848429563248604e-05,0.9999683031408735,0.128318564940593,0.13050665975039077,0.13620940723264807,0.1334560244013626,0.12212144152284443,-0.002931590398433985,-0.0034522586519391964
2025-01-22,BEAR,1.5799584869707226e-05,0.003098003769518617,0.9968861966456116,0.13705986927566804,0.13300364285525723,0.13582953761333533,0.11811116850504082,0.11258583709101463,0.0003346398712530826,-0.009653294600449391
2025-01-23,BEAR,1.5848429563248604e-05,1.5848429563248604e-05,0.9999683031408735,0.13327116989822263,0.133333535730798,0.1351267591185662,0.1306092058362718,0.11057475082821486,0.0019007708901255345,-0.012671873977888756
2025-01-24,BEAR,1.5848429563248604e-05,1.5848429563248604e-05,0.9999683031408735,0.13366734465579866,0.13315792832104417,0.134789824172729,0.13264547963439216,0.11016837646249147,0.017862905920410614,-0.01291420294070564
2025-01-27,BEAR,1.5848429563248604e-05,1.5848429563248604e-05,0.9999683031408735,0.1334560244013626,0.13642897367248796,0.1362366313973025,0.14085754548321514,0.110290254227207,0.028202329923251036,-0.012154614462685464
2025-01-28,BEAR,1.5848429563248604e-05,1.5848429563248604e-05,0.9999683031408735,0.11811116850504082,0.13880959144534308,0.13658036512927832,0.07516099475091242,0.10937703558939717,0.017436314821222612,-0.018007378162766433
2025-01-29,BEAR,1.5848429563248604e-05,1.5848429563248604e-05,0.9999683031408735,0.1306092058362718,0.1423719485269449,0.13768892207409728,0.10747932004552674,0.10706885999075101,0.02456930121757381,-0.027044965558297208
2025-01-30,BEAR,1.5848429563248604e-05,1.5848429563248604e-05,0.9999683031408735,0.13264547963439216,0.12341199558161495,0.13569028668716365,0.13785812640299336,0.1010720175905425,0.01903529138414234,-0.0495889949457464
2025-01-31,BEAR,1.5596784942249607e-05,0.01590687823110551,0.9840775249839522,0.14085754548321514,0.12974977646753266,0.13636458420551073,0.14621441153890408,0.1160498277154465,0.004030847020546179,-0.060907273505950744
2025-02-01,BEAR,1.5707543731698267e-05,0.008908320934733179,0.991075971521535,0.07516099475091242,0.116554060670805,0.13420270156854863,0.13779132723232965,0.10570101882872424,0.003307678480868485,-0.06144832573594023
2025-02-03,BEAR,1.3273514720019336e-05,0.16861060118065496,0.8313761253046249,0.10747932004552674,0.11669174370527954,0.13257466456183703,0.13852100140879922,0.1056025876639956,0.0008792826818332614,-0.04481217868798232
2025-02-04,BEAR,1.4358822203623384e-05,0.09530737435621142,0.904678266821585,0.13785812640299336,0.1310354781071564,0.13684382060979344,0.14584149377084993,0.11632775149829652,-0.028518703884091487,-0.051629791368489435
2025-02-05,BEAR,1.5709140339693718e-05,0.008807494539442429,0.9911767963202178,0.14621441153890408,0.1286640796263567,0.13687956246665167,0.07740460210651165,0.10470994621744119,-0.02785924335608692,-0.049472993261262976
2025-02-06,BEAR,1.5574479859191008e-05,0.017317385225577315,0.9826670402945635,0.13779132723232965,0.128612086236147,0.13536694259410326,0.07960437549082261,0.10514369494997497,-0.02453014885178275,-0.04963934480993491
2025-02-07,BEAR,1.5549235093235464e-05,0.018914294948678714,0.9810701558162281,0.13852100140879922,0.11584415369384403,0.13247552148730943,0.08708628438401396,0.10517665463840117,-0.027134848447637715,-0.046126265018832845
2025-02-10,BEAR,1.4740506512620967e-05,0.0705112127335056,0.9294740467599818,0.14584149377084993,0.11919186661830776,0.1333719984934891,0.08318561696750934,0.10609694918219212,-0.01821759405107816,-0.039746050420758315
2025-02-11,BEAR,1.5485454254724163e-05,0.0229514580754409,0.9770330564703044,0.07740460210651165,0.1286828474594274,0.13595425785738238,0.09212631930503398,0.10429021682075179,-0.005497970043740661,-0.02967514150117353
2025-02-12,BEAR,1.5756309768493994e-05,0.0058293536153512385,0.9941548900748802,0.07960437549082261,0.1275759872980212,0.13581822356676657,0.0332244253598868,0.09585811203361065,-0.0048871137100009706,-0.023555551952254544
2025-02-13,BEAR,1.556629031822917e-05,0.0178353714096022,0.9821490623000796,0.08708628438401396,0.12665825273775277,0.13506676853291827,0.033446676676479936,0.09837949677547456,-0.005147520700733259,-0.008594710788136374
2025-02-14,BEAR,1.5471549676083748e-05,0.02383210306378448,0.9761524253865395,0.08318561696750934,0.1250460983663958,0.1258570136083996,0.03331294993110855,0.1120744832684368,-0.005832692863793175,-0.0009446548621901324
2025-02-17,BEAR,1.5469397943626487e-05,0.023968400225380087,0.9760161303766761,0.09212631930503398,0.11549819070338331,0.12262718429635673,0.03779270904203995,0.1117360045651188,-0.017848180537516353,0.01001738598685124
2025-02-18,BEAR,1.3672534136421254e-05,0.1410499998172526,0.8589363276486109,0.0332244253598868,0.11344689911751445,0.12262740868049088,0.07030326610961135,0.11959748422430644,-0.01748670990926134,0.01750099208388794
2025-02-19,BEAR,1.246362877233416e-05,0.2280253050227307,0.771962231348497,0.033446676676479936,0.11302626365105213,0.12231737848340167,0.0712989277432723,0.12152768321499248,-0.01705703108659465,0.031143557420251423
2025-02-20,BEAR,1.2342030526582752e-05,0.23751506799388594,0.7624725899755874,0.03331294993110855,0.11189376967799378,0.11877409865531818,0.07247703662382733,0.12856928709061619,-0.03501635007773211,0.03244040612108426
2025-02-21,BEAR,1.1638448634572447e-05,0.29730227053947905,0.7026860910118863,0.03779270904203995,0.10567502894144189,0.11734927433359066,0.12545459273841203,0.12834960182826907,-0.03013016464483445,0.029859994833188883
2025-02-24,BEAR,1.0760238199237895e-05,0.400445636818576,0.5995436029432247,0.07030326610961135,0.10982748829051532,0.11811588656482512,0.134518642250062,0.13033640295487461,-0.021091381350003754,0.04502193847499097
2025-02-25,BEAR,1.3707969004321249e-05,0.13864204428580015,0.8613442477451955,0.0712989277432723,0.10360464169439956,0.11675150482442638,0.12997357421306252,0.12294616009954049,-0.009368485703993137,0.04219707399810677
2025-02-27,BEAR,1.2115518041234423e-05,0.2557438998332357,0.7442439846487231,0.07247703662382733,0.10199766561170458,0.11672202944765567,0.17225056976829664,0.12402597675845319,-1.5524592618258095e-05,0.027157206756115004
2025-02-28,BEAR,1.1687153665361885e-05,0.2928074724352065,0.7071808404111282,0.12545459273841203,0.10799297864550096,0.11972920968569646,0.19014881838472178,0.13747874530191484,0.019151293068625848,0.05314617815604035
2025-03-03,BEAR,1.5818624423971995e-05,0.0018965182223774366,0.9980876631531985,0.134518642250062,0.10824261881040388,0.11976792827931414,0.09605485995816665,0.11761104459692956,0.015298775716561847,0.049858902515602266
2025-03-04,BEAR,1.5658814804436495e-05,0.011986327283284904,0.9879980139019108,0.12997357421306252,0.10802176236819079,0.1197626435585316,0.10932671907868974,0.11912976331569892,0.01862973919797578,0.036538982502763544
2025-03-05,BEAR,1.547921172285158e-05,0.023346804171077495,0.9766377166171997,0.17225056976829664,0.09815626693810123,0.12278916026363056,0.10262242398608673,0.13294552017383932,0.005945410949057253,-0.007896865453324485
2025-03-06,BEAR,1.5756676494049943e-05,0.005806204030841666,0.9941780392926642,0.19014881838472178,0.107402944893153,0.12466000181106722,0.07918628944903262,0.1745804142967327,-0.006564054016775673,-0.00039263052973816055
2025-03-07,BEAR,1.5814828020145225e-05,0.002136080698509081,0.9978481044734707,0.09605485995816665,0.10771503588259207,0.12462153661185497,0.03826651601688522,0.1815845108141005,-0.001941802047078629,-0.006822912836217863
2025-03-10,BEAR,1.3777579258124128e-05,0.1339283702338276,0.8660578521869143,0.10932671907868974,0.1078912944962133,0.12285932561491834,0.059221480339046215,0.18278411690702515,0.016514485170015938,0.016262639302734593
2025-03-11,BEAR,1.414416971048974e-05,0.10943159279291499,0.8905542630373745,0.10262242398608673,0.10696993489033403,0.12293787390194826,0.10977996083171572,0.19393588364012362,0.01804676170900498,0.03625596084466251
2025-03-12,BEAR,1.3068706452055777e-05,0.18312794002570085,0.8168589912678471,0.07918628944903262,0.09810460571125794,0.12035636349012996,0.1088817193442459,0.20702775319536953,0.03154584235653129,0.042121165807629944
2025-03-13,BEAR,1.0579838320855542e-05,0.4369475959567967,0.5630418242048825,0.03826651601688522,0.09834349935815355,0.12008952898017344,0.11325869873007402,0.20697343273824614,0.04167816354132097,0.06291744628345308
2025-03-17,BEAR,1.0955567923371883e-05,0.37148875657666386,0.6285002878554128,0.059221480339046215,0.10091654094786784,0.11928150978471014,0.07599783275752307,0.21275418149231354,0.049811995662505014,0.06936732239106369
2025-03-18,BEAR,1.0514537646659896e-05,0.45680886218134664,0.5431806232810067,0.10977996083171572,0.11399537969770372,0.11960722462349063,0.07522572427850452,0.21467205677703968,0.03588759620848731,0.05673461936187865
2025-03-19,BEAR,1.295385372788945e-05,0.19140015024031054,0.8085868959059616,0.1088817193442459,0.11452576072601876,0.11883267781098109,0.08784083962427588,0.21090129018682216,0.024971956831586074,0.06019826603714482
2025-03-20,BEAR,1.1798446850413777e-05,0.28278033078236925,0.7172078707707804,0.11325869873007402,0.12263628350959477,0.12172338204123571,0.1385099232949911,0.21134626983942023,0.017156371950623275,0.044531345451595275
2025-03-21,BEAR,1.3994632611639361e-05,0.11936210679785794,0.8806238985695304,0.07599783275752307,0.12457930589528103,0.12260018240599026,0.12283548963502179,0.2095137734956975,0.007209372004957574,0.029077956442751417
2025-03-24,BEAR,1.319960634969481e-05,0.17381695462430097,0.8261698457693493,0.07522572427850452,0.13161880342441168,0.12550427148458812,0.1255858010930892,0.2119295176934416,-0.021043381750730953,0.02793238444963364
2025-03-25,BEAR,1.495242260825449e-05,0.0568879849921398,0.9430970625852519,0.08784083962427588,0.12930639840840777,0.1246584375404974,0.12038982459477521,0.21116725005713968,-0.01431057804277611,0.027803293266616857
2025-03-26,BEAR,1.3622968523466186e-05,0.14442814717908395,0.8555582298523925,0.1385099232949911,0.1258423833368364,0.12566042548737313,0.14393744537489597,0.21117461610301208,-0.010131256962421084,0.03544207822258167
2025-03-27,BEAR,1.5018591680398643e-05,0.052651804167442286,0.9473331772408774,0.12283548963502179,0.12582144168359705,0.12570908094758287,0.138003893785024,0.20870021984507095,-0.02957433732223133,0.03149076458224754
2025-03-28,BEAR,1.4015437888282824e-05,0.1179756230695318,0.8820103614925799,0.1255858010930892,0.12700172811609584,0.1196350103694773,0.148982698250146,0.20848646829480078,-0.05946242515542454,0.039262658095277396
2025-04-01,BEAR,1.4006228329780221e-05,0.11858915774708012,0.8813968360245901,0.12038982459477521,0.11941899809111965,0.12251584290981854,0.23780245402599176,0.20807238196208355,-0.0275653618784716,0.051073980614284614
2025-04-02,BEAR,1.5399282947683146e-05,0.028412365663152746,0.9715722350538996,0.14393744537489597,0.12022123463073155,0.11904195688649045,0.3077873343520393,0.1997552540254793,-0.04081779792363233,0.045332312519263035
2025-04-03,BEAR,1.4927117987295938e-05,0.05851009223632042,0.9414749806456923,0.138003893785024,0.12129461023998638,0.1189252944048795,0.28707069185084866,0.19902892649640716,-0.018297487496305755,0.043088146282489234
2025-04-04,BEAR,1.4717224064887785e-05,0.07201363093600593,0.9279716518399292,0.148982698250146,0.13148177624961396,0.12265826685087504,0.34801545969185804,0.19998684646931914,0.018346717539874824,0.04705589331206377
2025-04-07,BEAR,1.5823235555858186e-05,0.0016055494403325289,0.9983786273241116,0.23780245402599176,0.17548260462248147,0.1389682458580111,0.3695014361301534,0.1961654124420229,0.05596344221001189,0.11749821822844544
2025-04-08,BEAR,1.5848429563248604e-05,1.5848429563248604e-05,0.9999683031408735,0.3077873343520393,0.1862968081932173,0.14347893408794266,0.18489923208501946,0.18847226744316908,0.05674602279641555,0.08675859960370493
2025-04-09,BEAR,1.5848429563248685e-05,1.5848429563248685e-05,0.9999683031408736,0.28707069185084866,0.18700358945594545,0.14087133235807842,0.1864569886889358,0.19550644217045424,0.07424843318020312,0.09643925223834035
2025-04-11,BEAR,1.5848429563248604e-05,1.5848429563248604e-05,0.9999683031408735,0.34801545969185804,0.1989457799881399,0.1461804107140488,0.10843961473536808,0.19197707759278354,0.05698646522916002,0.0933447992365948
2025-04-15,BEAR,0.00021260282129601958,1.584531126988935e-05,0.999771551867434,0.3695014361301534,0.21212145988331538,0.15289608430825682,0.1333199962547703,0.1893342465437098,0.04198906690148742,0.06998957903582306
2025-04-16,BULL,0.9999683031408735,1.5848429563248604e-05,1.5848429563248604e-05,0.18489923208501946,0.21143650556673688,0.1529457285112717,0.09851813577560356,0.17960403274861958,0.033956022000496494,0.062366937188890616
2025-04-17,BULL,0.9993307749526245,1.5838325491643356e-05,0.0006533867218839463,0.1864569886889358,0.21815708434474274,0.1567150512717972,0.12944109255391636,0.1808383494995541,0.007838673700619114,0.03429781191205831
2025-04-21,BULL,0.9999399916724739,1.584798085679542e-05,4.41603466693188e-05,0.10843961473536808,0.21634958460493064,0.15790975975873678,0.1256908929419389,0.17849033212484397,0.008377057721074891,0.028114399975485344
2025-04-22,BULL,0.9999373476253107,1.584793895148478e-05,4.6804435737838065e-05,0.1333199962547703,0.2163720066281992,0.15506158437644182,0.12837842111354356,0.17547912659846338,0.006956270113225524,0.018142263329826273
2025-04-23,BULL,0.9997456846760086,1.5844901303923245e-05,0.00023847042268751383,0.09851813577560356,0.2139719420955467,0.15521004516440126,0.12873821928743906,0.17857406287775265,0.00021576901702287455,0.021317505805212154
2025-04-24,BULL,0.9995995094288065,1.5842584595218684e-05,0.00038464798659843967,0.12944109255391636,0.21422620500958622,0.15542233430004423,0.11992232453246876,0.1802058520585558,0.00411579108127559,0.030641298161027914
2025-04-25,BULL,0.9992598708044756,1.583720175697966e-05,0.0007242919937675927,0.1256908929419389,0.2129929426936901,0.15617700316133135,0.11602856607553606,0.18023082419346462,0.017394073657483557,0.03220747609963971
2025-04-28,BULL,0.9983267835297305,1.5822413941426175e-05,0.001657394056328118,0.12837842111354356,0.21662728998819109,0.15578259832275432,0.08125617377827099,0.17920946087166578,0.0020982144139199458,0.017275971400795617
2025-04-29,BULL,0.999411961017255,1.5839612184499456e-05,0.0005721993705603889,0.12873821928743906,0.21402119352272825,0.15550175935844662,0.04533861388569337,0.17569753211738645,0.003218441209870041,0.020242893969318717
2025-04-30,BULL,0.9988101453868306,1.5830074299782756e-05,0.0011740245388695717,0.11992232453246876,0.213870952240949,0.15462670943659224,0.04585653624278435,0.17588814186772972,-0.0024851889025135723,0.016971003158643107
2025-05-02,BULL,0.998419192734998,1.5823878433576185e-05,0.0015649833865685075,0.11602856607553606,0.2132181799124667,0.15450936752296363,0.06524320790671646,0.1764950708868855,-0.014009208592415053,0.015078765946378907
2025-05-05,BULL,0.9985041298214334,1.5825224515437314e-05,0.0014800449540512731,0.08125617377827099,0.20380967397771668,0.15323933213902133,0.09737839040704813,0.17665651515222414,0.018773134977743654,0.003320163895140503
2025-05-06,BULL,0.9977974016354022,1.581402451543914e-05,0.0021867843400823275,0.04533861388569337,0.2041810839113764,0.15341711259560856,0.3075572009967572,0.1780162705523617,0.008119257110949,0.009820527172523609
2025-05-07,BULL,0.9983695457635484,1.5823091632153943e-05,0.0016146311448193768,0.04585653624278435,0.20309232806808053,0.15294767864783754,0.3314137410997735,0.177831160673231,0.01028914179544507,0.01368872983458779
2025-05-08,BULL,0.9982931974904826,1.5821881675171026e-05,0.0016909806278421508,0.06524320790671646,0.19509173709613528,0.15012339423574575,0.3316901991765384,0.1785971343241826,0.03195916545779976,0.029600238044932142
2025-05-09,BULL,0.9907538875137387,1.5702443538686525e-05,0.009230410042722438,0.09737839040704813,0.15244742520778892,0.15186825240138271,0.33510789891278464,0.17988290658323303,0.0412804032636341,0.044608219913348436
2025-05-12,BULL,0.8524259711837696,0.00044003286354134485,0.147133995952689,0.3075572009967572,0.1888376264742561,0.1696949532161858,0.3102220876453955,0.17425117992319908,0.0008321611704571078,0.007177874846287045
2025-05-13,BULL,0.9999683031408735,1.5848429563248604e-05,1.5848429563248604e-05,0.3314137410997735,0.19692924854489055,0.1723426699188739,0.1726151878752635,0.1176182670036169,0.004285235104768901,0.02264991561936889
2025-05-14,BULL,0.9999683031408735,1.5848429563248604e-05,1.5848429563248604e-05,0.3316901991765384,0.18949552199391687,0.17156408716842883,0.15567991604039885,0.10543942238773789,0.005923580917348126,0.008931531613553919
2025-05-15,BULL,0.9999683031408736,1.5848429563248614e-05,1.5848429563248614e-05,0.33510789891278464,0.1833143179389514,0.1716678388695378,0.15791448627585064,0.11182761566583609,-0.01821607067760865,-0.013800748158173382
2025-05-16,BULL,0.9999683031408736,1.5848429563248607e-05,1.5848429563248607e-05,0.3102220876453955,0.1842046200789083,0.17170523422648218,0.09780107396948666,0.09922160461495068,-0.006683006329123383,-0.0029339796055329295
2025-05-19,BULL,0.9999683031408735,1.5848429563248743e-05,1.5848429563248743e-05,0.1726151878752635,0.1774029114387618,0.17189057101996372,0.13823274535142674,0.1047823751839257,0.002230382972633636,-0.00369687672853769
2025-05-20,BULL,0.9988630542287723,1.5830912815736266e-05,0.001121114858412098,0.15567991604039885,0.17944981153583772,0.17321408840808844,0.14584659746488401,0.10507549325519702,0.005748337888200487,0.005178213019443768
2025-05-21,BULL,0.9989476616184112,1.5832253704861532e-05,0.0010365061278838816,0.15791448627585064,0.18003195703163086,0.17340855632143712,0.13048051304782157,0.0983264532065746,-0.0024613708536147484,-0.0008144061635417287
2025-05-22,BULL,0.9991777244117951,1.5835899852016844e-05,0.0008064396883528719,0.09780107396948666,0.18192804122407694,0.1744690138826435,0.1272654853439677,0.09667348759905602,0.009056900752718183,0.020221073890422284
2025-05-23,BULL,0.9994036423122157,1.583948034373618e-05,0.0005805182074406007,0.13823274535142674,0.18415620036398322,0.17533072155511603,0.10784852831753386,0.10151601668848083,-0.004130733629546215,0.004766687633879872
2025-05-26,BULL,0.9997389129560085,1.584479397979786e-05,0.00024524225001161277,0.14584659746488401,0.18107147355945846,0.17551960149748533,0.08396129209162904,0.0985539356971444,-0.011446741133373226,0.0017264293784658828
2025-05-27,BULL,0.9997357965190111,1.584474458779165e-05,0.0002483587364011067,0.13048051304782157,0.17970387607228339,0.17586521230741906,0.05926575209442994,0.09688292875469376,-0.011493238547015656,0.016718666179209977
2025-05-28,BULL,0.9996123378247169,1.584278791009528e-05,0.00037181938737306343,0.1272654853439677,0.1802515598101837,0.17429742186305228,0.059500143042051645,0.09695051011594252,-0.005357229814352192,0.031673702926003994
2025-05-29,BULL,0.9993524855301156,1.5838669575495875e-05,0.0006316758003088971,0.10784852831753386,0.18041601802295054,0.17429117998610097,0.07010626108569454,0.10325695289002969,-0.0033357229248609553,0.03187025002422385
2025-05-30,BULL,0.9995307164587461,1.5841494309488486e-05,0.0004534420469444298,0.08396129209162904,0.18107678472833266,0.17455321510942456,0.07891416794866697,0.10330151531219521,0.010144045983775322,0.030493084740585808
2025-06-02,BULL,0.9995634044766423,1.5842012374919196e-05,0.00042075351098283157,0.05926575209442994,0.1806386897053605,0.16944182952765927,0.10411129820582775,0.1042241624775213,0.015520245374554272,0.032841243126165404
2025-06-03,BULL,0.9988008869699172,1.5829927569716006e-05,0.0011832831025131556,0.059500143042051645,0.18217387207127486,0.17037612492580154,0.0999382652891856,0.10373686490838656,0.02263084592889028,0.03644302077380942
2025-06-04,BULL,0.9991432848758202,1.5835354035081884e-05,0.0008408797701446909,0.07010626108569454,0.1824158360832513,0.17025267605204386,0.058495452803729184,0.1006651414226838,0.020948645557794153,0.03139056947488764
2025-06-05,BULL,0.9990752911888326,1.583427643570943e-05,0.0009088745347317656,0.07891416794866697,0.1816601448999745,0.16922489841853938,0.062078264884633666,0.1012832357613231,0.005531943574411283,0.028286017665727577
2025-06-06,BULL,0.9989591990276127,1.5832436554410125e-05,0.001024968535833024,0.10411129820582775,0.17864120409138276,0.16940465171782088,0.11698839303243312,0.10038264315590877,-0.011441820745305855,0.018161834885950592
2025-06-09,BULL,0.9992007509001698,1.583626478907001e-05,0.0007834128350411633,0.0999382652891856,0.12066860322775518,0.16944297698146066,0.09431573054376953,0.09520676711431236,-0.006261796255247184,0.01656508800961894
2025-06-10,BULL,0.9877890318652652,1.565550718001124e-05,0.012195312627554874,0.058495452803729184,0.10816825692912542,0.1690411127622734,0.11979360132858892,0.09470412671872688,-0.010042590404367616,0.014703603250978489
2025-06-11,BULL,0.994408777787315,1.5760331863725633e-05,0.005575461880821356,0.062078264884633666,0.1077697731338673,0.16904247243027407,0.12022653879107857,0.09510780125394547,-0.013186467495156055,0.008469919428586544
2025-06-12,BULL,0.9940518982243898,1.675756052670404e-05,0.005931344215083504,0.11698839303243312,0.09915187667557251,0.17070971672458787,0.11649537285776741,0.0968994116128227,-0.003822356859747772,0.010458136748917164
2025-06-13,BULL,0.9890519916753323,1.567549822598987e-05,0.010932332826441673,0.09431573054376953,0.10172633594825867,0.17130951345163528,0.09570487813467057,0.09439055016372547,0.01580575137098712,0.014606421417507292
2025-06-16,BULL,0.998935175940519,0.00026806508333727773,0.0007967589761439011,0.11979360132858892,0.10698210290663648,0.1718746941235088,0.11643221738413581,0.09137403198084866,0.0010176609102891944,0.009943782164111353
2025-06-17,BULL,0.9993948746849654,0.00016926612237129807,0.00043585919266326157,0.12022653879107857,0.10062823658724143,0.17018093440021115,0.11562002860574466,0.08725522822603049,0.007653689079637267,0.01432749072244657
2025-06-18,BULL,0.9987663363005302,0.00036047960308074987,0.0008731840963890572,0.11649537285776741,0.09914858579055467,0.1702544631253222,0.11086464356182879,0.08589951783762967,0.01728879104796675,0.011994495157424985
2025-06-19,BULL,0.9986466525521112,0.0004203026374212121,0.000933044810467454,0.09570487813467057,0.09433864604371425,0.16876328502936835,0.11441150220010199,0.08707496148985847,0.03002673823593095,0.00703958664181395
2025-06-20,BULL,0.9982932832494733,0.0007281312085313383,0.000978585541995296,0.11643221738413581,0.09873964241727444,0.17005768817476316,0.12042205772917976,0.08968068308276829,0.020706076886519792,-0.0008644885017634669
2025-06-23,BULL,0.9994005907668569,0.00025532175201111595,0.00034408748113201425,0.11562002860574466,0.09884318038178139,0.1687890676714078,0.10445897119457277,0.07944481860214167,0.021595663477159795,0.0035576699234439735
2025-06-24,BULL,0.9979983609245289,0.0006349725855540139,0.001366666489917101,0.11086464356182879,0.0957987707311381,0.16883547538179056,0.09929000866442772,0.07697727744442133,0.019668072614326352,0.00698511223315546
2025-06-25,BULL,0.9984298808261198,0.0007269181231555629,0.0008432010507246765,0.11441150220010199,0.09846850959555281,0.16846112027183963,0.10193704056366586,0.07938551955733872,0.008231116047583637,-0.007261468471091511
2025-06-26,SIDE,0.11556591632753428,0.8785057558927617,0.005928327779703948,0.12042205772917976,0.10573448306464857,0.16978149238084364,0.10567439818589469,0.07743211398699985,-0.005640363265468407,-0.028263700115737922
2025-06-27,SIDE,0.2966855386157275,0.6965633955627001,0.006751065821572372,0.10445897119457277,0.10442086537707983,0.16958540396320881,0.0529487011098737,0.06903171849415962,-0.006919955283357444,-0.038038159792000086
2025-06-30,BULL,0.9992148510285436,0.0004137700925139462,0.00037137887894252435,0.09929000866442772,0.10640866034140041,0.1665477816264671,0.046312024795946885,0.06874382064679983,-0.0021872038708596452,-0.02765275829171537
2025-07-01,BULL,0.9979860925064727,0.0007495428228875228,0.0012643646706398215,0.10193704056366586,0.10143914004224323,0.16614842740544294,0.035829892354644816,0.07251556241274192,-0.0007559097419919259,-0.0272553745907404
2025-07-02,BULL,0.9402765907458259,0.014423160101371318,0.045300249152802875,0.10567439818589469,0.10314315370441306,0.16614013942847555,0.040506262445742916,0.07268628894188425,0.0008914284060594148,-0.02728270091392486
2025-07-03,BULL,0.9973059650922521,0.0010656294472413874,0.001628405460506603,0.0529487011098737,0.10294234905978764,0.162722816061312,0.03300429068401749,0.07269662487732899,-0.0019720044885070238,-0.03362090024223871
2025-07-04,BULL,0.9197857384259972,0.018420195887735916,0.06179406568626684,0.046312024795946885,0.09762819229106208,0.1457722367082558,0.04742672454612349,0.07656031953860402,-0.012295937342399072,-0.029423997298839256
2025-07-07,BULL,0.6632428811560735,0.16996315064107748,0.16679396820284886,0.035829892354644816,0.09697799539694359,0.14269712167495216,0.06526258841701262,0.08045992447256434,-0.014997234213749315,-0.03240100756878592
2025-07-08,BULL,0.5686857527977826,0.052426384099201605,0.3788878631030158,0.040506262445742916,0.09712438801780798,0.14169120805966381,0.06153004697390645,0.08046211490279584,-0.012883102100754823,-0.037863303965611744
2025-07-09,BULL,0.475881168735641,0.06602423507468089,0.45809459618967807,0.03300429068401749,0.09753528022626763,0.1375003349668929,0.07382224474413314,0.0793054009103151,-0.010418702932899537,-0.0351508311391707
2025-07-10,BULL,0.6527350348341789,0.030570327191204463,0.3166946379746166,0.04742672454612349,0.09132830572725836,0.1317612178887565,0.07740067084679561,0.07985298392981614,-0.009661891766317742,-0.039907907539507494
2025-07-11,BEAR,0.08797138727118042,0.4107166746171656,0.501311938111654,0.06526258841701262,0.09289278596757006,0.1330088003956843,0.07592765968564566,0.08377000297403295,-0.00724090696685095,-0.022713397690992867
2025-07-14,SIDE,0.059085547145366346,0.5364250188779696,0.4044894339766641,0.06153004697390645,0.08824244282826285,0.12877802545642397,0.06456533049747304,0.08868055852999931,0.0003348414517165018,-0.024003718552868203
2025-07-15,BEAR,0.13774837353904393,0.026062367633682117,0.836189258827274,0.07382224474413314,0.08813093452723605,0.12712220546345868,0.07665722225253625,0.0890870584652087,-0.00536845133037816,-0.023144594852248016
2025-07-16,SIDE,0.02107307452180969,0.7074834919707141,0.2714434335074761,0.07740067084679561,0.08769460083817245,0.12710506189812318,0.06572192317851694,0.08982123817008747,0.0003113105903459284,-0.023304062930752982
2025-07-17,SIDE,0.017945935650405476,0.7476659269278798,0.2343881374217147,0.07592765968564566,0.08919922276704446,0.12684718179580606,0.08470569688720866,0.08978385180825894,-0.0019671725805497833,-0.009382245488256979
2025-07-18,SIDE,0.016404656593449807,0.725313830738654,0.2582815126678962,0.06456533049747304,0.07940743971774086,0.1272427761358135,0.09274913211837975,0.09681735485709143,-0.005276548521620877,0.000490499829150077
2025-07-21,SIDE,0.021636905250815987,0.743094647594535,0.23526844715464895,0.07665722225253625,0.07881430399078936,0.12612873139462366,0.10664190285633195,0.09608891210511301,-0.01646759440371695,-0.0016014761730569402
2025-07-22,BEAR,0.03109623103589905,0.02272886364187051,0.9461749053222305,0.06572192317851694,0.07831830617466055,0.12398267882116562,0.09647053043670112,0.09502228809580043,-0.009614764737999588,0.0009113634886899864
2025-07-23,SIDE,0.011555603496903792,0.8445427930034635,0.1439016034996328,0.08470569688720866,0.07629837142069974,0.12455583530475613,0.11615116354649554,0.09505042437183649,-0.014572414209569668,-0.013967086705899833
2025-07-24,SIDE,0.012441437113841797,0.8533025777736375,0.13425598511252063,0.09274913211837975,0.06477310166445252,0.12534424152926546,0.09786700774240635,0.0966228978672327,-0.011790116395249678,-0.003771752737728804
2025-07-25,SIDE,0.020905405437180943,0.8246644369441897,0.15443015761862935,0.10664190285633195,0.06850725856782935,0.12685138800396348,0.09375203306607298,0.09561169813830775,-0.010997563391969221,-0.005043497902030815
2025-07-28,SIDE,0.016123334553359698,0.719356138915156,0.2645205265314843,0.09647053043670112,0.06968884657548961,0.1272388279146422,0.09030835680378103,0.09718227332285492,0.0016942072098033393,-0.007319813577150218
2025-07-29,SIDE,0.013232903421741077,0.6992413628898725,0.28752573368838646,0.11615116354649554,0.0739085731194334,0.12752214175910878,0.09853446665140948,0.09926963675985362,-0.006935453147930279,-0.016011160763786413
2025-07-30,BEAR,0.004606944331096309,0.03610985811933626,0.9592831975495676,0.09786700774240635,0.0741339348879899,0.12751995165416508,0.08758805777744667,0.09718002378955069,-0.01136383911686334,-0.009296733699341081
2025-07-31,BEAR,0.008590809961053658,0.0242821112467669,0.9671270787921793,0.09375203306607298,0.07455239987713273,0.12714101170385989,0.08440027162560956,0.10171156654655705,-0.006976701819186481,-0.00764979783195076
2025-08-01,BEAR,0.007462940058141647,0.022310020727501448,0.9702270392143569,0.09030835680378103,0.07726468553506474,0.1262053217051962,0.08612899068753525,0.1012479173554678,-0.008259011785775728,0.006075456386984141
2025-08-04,BEAR,0.002323447702596585,0.027427199437750915,0.9702493528596524,0.09853446665140948,0.08238157451037284,0.10068443801711568,0.09276483080576296,0.09895080727331662,-0.005585337734552674,0.0004670719426239367
2025-08-05,BEAR,4.505249701006297e-05,0.018795939712077193,0.9811590077909128,0.08758805777744667,0.08122996621017771,0.09665751120893816,0.10804499688472775,0.09647238483598884,-0.006599945197831646,0.003703141775357383
2025-08-06,BEAR,2.768276976863893e-05,0.011615148977177638,0.9883571682530536,0.08440027162560956,0.08136560083069598,0.09657667513667632,0.1093703539351234,0.09585907265997667,0.0018356070126088516,0.008063293284097836
2025-08-07,BEAR,2.4190893020717958e-05,0.011479906701933423,0.9884959024050458,0.08612899068753525,0.08111657855552142,0.09070472665278143,0.11703509582173953,0.0951910129696444,0.0014280652755182316,0.011016036883425917
2025-08-08,BEAR,1.5667409901032927e-05,0.011443298896198752,0.9885410336939001,0.09276483080576296,0.08273827826342613,0.09260859938340464,0.11695550489527956,0.09593652194222847,0.02086377028493276,0.024721343917576164
2025-08-11,BEAR,1.5477567324698773e-05,0.02345095211493018,0.9765335703177452,0.10804499688472775,0.09078625195297957,0.09446914372523901,0.09340019223476827,0.08939498932374823,0.015962990553291808,0.016957266049491895
2025-08-12,BEAR,1.5272356091346892e-05,0.036471633233756115,0.9635130944101526,0.1093703539351234,0.08892920271209004,0.09234763660488571,0.08316145985732282,0.08469005321803627,0.022737083831527574,0.025266760020633112
2025-08-13,SIDE,0.00015381924246901549,0.9951054832919497,0.004740697465581188,0.11703509582173953,0.09192378429776893,0.09238267647255453,0.055737532841687566,0.08365712977596015,0.018687507010559688,0.018107281902836316
2025-08-14,SIDE,0.00021606818525419518,0.9949655546050867,0.00481837720965922,0.11695550489527956,0.09148346149816945,0.09082693839176602,0.05925718931936085,0.08283184558134525,0.009648286815199117,0.0243763874502939
2025-08-18,SIDE,0.00016879445400375104,0.9967300144333953,0.0031011911126009976,0.09340019223476827,0.09736910669021673,0.09086398642596547,0.10645924807174295,0.08528293619051824,0.003643320169978265,0.018057661752612145
2025-08-19,BEAR,1.5189342268230674e-05,0.041754001187342245,0.9582308094703896,0.08316145985732282,0.09690050042530265,0.09044127798481769,0.08427628845264803,0.07973055676727558,-0.010810546252801725,0.017576351329530282
2025-08-20,BEAR,3.069497191616498e-05,0.01582429950820116,0.9841450055198828,0.055737532841687566,0.09740243027100798,0.08942392278139011,0.10669083119799996,0.07949664303491798,-0.022185931807810234,0.010977211161151504
2025-08-21,BEAR,7.251954999187178e-05,0.015060317829821031,0.984867162620187,0.05925718931936085,0.09466077710826275,0.08921604612623969,0.10392645772393845,0.0807267375395658,-0.026537288990475864,0.0047170180191601855
2025-08-22,SIDE,0.00014925481823825176,0.9988719415399596,0.0009788036418020883,0.10645924807174295,0.09689594347352856,0.0907672749898664,0.09271495902380729,0.08282879806415434,-0.009902061203010832,0.01196666531540588
2025-08-25,BEAR,1.531796665182761e-05,0.03357327635503643,0.9664114056783117,0.08427628845264803,0.09237855797419968,0.09083643749590478,0.12545329119245058,0.07673025607706319,-0.01566816148947155,0.003564246601586609
2025-08-26,SIDE,0.00016158002197078208,0.998386990400923,0.0014514295771062293,0.10669083119799996,0.0971043708828776,0.09328005023947189,0.1145789656353373,0.07762503783132388,0.00012139089704575886,0.0072092871347950345
2025-08-28,BEAR,1.5176736254423053e-05,0.04255700779603019,0.9574278154677155,0.10392645772393845,0.09934583621692536,0.09381927584757754,0.10699580011427208,0.07227679679491283,0.009481092729577499,0.006257700114945059
2025-08-29,BEAR,1.52689860403051e-05,0.03668589343964079,0.9632988375743188,0.09271495902380729,0.0993874601379323,0.09377789810283495,0.07559626973549431,0.07381605014547514,0.012778849391213523,0.008481199594300144
2025-09-01,BEAR,1.5547848435236318e-05,0.019002026950479044,0.9809824252010857,0.12545329119245058,0.10373062191564246,0.09463653940515412,0.06494042583100734,0.0729509097344911,0.005996187866575563,-0.0005666568313435644
2025-09-02,BEAR,1.4900422308825396e-05,0.060222669100106374,0.9397624304775848,0.1145789656353373,0.09964497560888141,0.09226548465936463,0.04258755060816292,0.06748113398580542,0.011689132896190103,0.010389462057032959
2025-09-03,BEAR,1.5403517988476274e-05,0.028143791927743196,0.9718408045542684,0.10699580011427208,0.09893832716327043,0.09261286554659938,0.03552135975733077,0.07410491999684164,0.010386875744816114,0.0072244832891074405
2025-09-04,BEAR,1.6245558886670394e-05,0.02431325434273141,0.975670500098382,0.07559626973549431,0.09834870110550799,0.09263541652710051,0.028794229414248033,0.07220036628315318,0.010904856372315334,0.013786066915662063
2025-09-05,BEAR,0.0001270460192013704,0.011466223712372024,0.9884067302684266,0.06494042583100734,0.097604253977636,0.09257233444381041,0.02752931553559893,0.0761669177623833,0.014963673047444039,0.014736682247561321
2025-09-08,BEAR,0.00018996537442163118,0.011506035671197547,0.9883039989543808,0.04258755060816292,0.0976454561583039,0.09031083519920173,0.024724312531285045,0.07617745901618729,0.011879595631347401,0.010959717724663514
2025-09-09,BEAR,0.0001961271950659209,0.014282317228865402,0.9855215555760687,0.03552135975733077,0.0910240838448676,0.0895456970700214,0.04182099614341213,0.07692451367363501,0.014788415842386202,0.01251554785838344
2025-09-10,BEAR,0.00020697288767877243,0.02044516857521334,0.9793478585371079,0.028794229414248033,0.08687099137899708,0.08795629379542862,0.05209684571438852,0.07795344013816459,0.014200088119968745,0.012425931070466396
2025-09-11,BEAR,0.00014647391990910632,0.024807217009036143,0.9750463090710547,0.02752931553559893,0.08503370074844753,0.08764251237384499,0.05138027042212377,0.0779019335949078,0.016582075833330163,0.008832922774741044
2025-09-12,BEAR,0.00018973809770628038,0.022568068067720947,0.9772421938345727,0.024724312531285045,0.08440732984685272,0.08798675490648586,0.04962514388411156,0.0784844474481319,0.008447534972046257,0.0012534945283787047
2025-09-15,SIDE,0.0005620416849937953,0.999081198544816,0.00035675977019009617,0.04182099614341213,0.0849720355729995,0.08805978276899391,0.06898648144649767,0.07811880532916113,0.005297243126883607,0.010094791808502037
2025-09-16,SIDE,0.00016849234388340717,0.999388630645626,0.0004428770104906058,0.05209684571438852,0.08115786131909722,0.08519137356520516,0.08147799030041296,0.08142155596067298,-0.0027614353196889745,0.013623588457741614
2025-09-17,SIDE,0.00012021476592573931,0.9997048647528509,0.00017492048122340887,0.05138027042212377,0.08086955106151944,0.08465210445246835,0.06425854193957344,0.08565506021503415,-0.010850094981047186,0.014874853270482257
2025-09-18,SIDE,9.606325320387347e-05,0.9997585840604353,0.0001453526863608008,0.04962514388411156,0.08123411508306243,0.08477203819941855,0.056477528044697876,0.08630638566767065,-0.021177610447536896,0.0163676990043974
2025-09-19,SIDE,0.00017602923249456466,0.9996920895440485,0.00013188122345702822,0.06898648144649767,0.08276983012277542,0.08361909010819854,0.030898427142561476,0.08710495943084715,-0.0269054428540167,0.021156883457222064
2025-09-22,SIDE,0.00018255637728539355,0.8338994505763169,0.1659179930463978,0.08147799030041296,0.07841229140229479,0.08044051136351389,0.04793165225834597,0.08549410739550636,-0.022773107415335885,0.026973623096105705
2025-09-23,BEAR,1.5527472101846523e-05,0.0202914095705816,0.9796930629573166,0.06425854193957344,0.07772528191868427,0.08009754089177126,0.05822336043119142,0.08272900126536512,-0.022435383349760175,0.024553545728787148
2025-09-24,SIDE,7.542802569899046e-05,0.999880761637941,4.381033636002472e-05,0.056477528044697876,0.06941178376220827,0.08004315582603638,0.0594476230021967,0.08409665171859697,-0.008842946034025224,0.035640676827685326
2025-09-25,BEAR,1.551344922789408e-05,0.021178976734208523,0.9788055098165634,0.030898427142561476,0.066254904964603,0.0810422524786135,0.11336407345322964,0.0834741785259726,0.00013658705135812036,0.0411394101953734
2025-09-26,BEAR,1.5092130066585757e-05,0.04795266744341018,0.9520322404265232,0.04793165225834597,0.07471033271691413,0.08294411978749713,0.10674032762975255,0.07857646995371051,0.017009459530294577,0.05519991740096798
2025-09-29,BEAR,1.5077760361753762e-05,0.04887019539080598,0.9511147268488322,0.05822336043119142,0.06914533551452412,0.08289787141226759,0.07360442591289523,0.06689416924329619,0.01903433204447468,0.04922325372514748
2025-09-30,BEAR,1.5506080649804093e-05,0.021645439533731107,0.978339054385619,0.0594476230021967,0.06890008762396872,0.08271041564470863,0.06746362349916948,0.07362318565727646,0.017522562422582957,0.04415298387730961
2025-10-01,BEAR,1.5526524387120447e-05,0.020351388689304077,0.9796330847863088,0.11336407345322964,0.07370412352272043,0.08504979936042903,0.07467118955982686,0.07843376512351237,0.0138152186975405,0.03664664669517379
2025-10-03,SIDE,0.00020458438273224044,0.9994170192970231,0.00037839632024467873,0.10674032762975255,0.07405826017174277,0.08503999597612213,0.06042045526841446,0.07418021518475197,0.015588323526175112,0.027863697288024895
2025-10-06,BEAR,1.5321794021505133e-05,0.0333301843221567,0.9666544938838219,0.07360442591289523,0.07813235631736137,0.08645409965915368,0.06092997944450359,0.07936499103089086,0.005951712231394376,0.017081760775392665
2025-10-07,SIDE,0.00022004829761917603,0.9995506241594203,0.00022932754296040093,0.06746362349916948,0.07812467762612858,0.08599409670698929,0.05714731394179989,0.07784572568870997,0.0014804853282614373,0.015177977013840025
2025-10-08,SIDE,0.00010008652186101163,0.999696529129561,0.00020338434857805106,0.07467118955982686,0.07794216584071573,0.08452361476897281,0.06523707749378176,0.07799919127367061,0.011014669715185834,0.02086977296575867
2025-10-09,BEAR,2.3466509126588746e-05,0.016252124703601652,0.9837244087872717,0.06042045526841446,0.07884384822478278,0.08507677241726706,0.07419105086503501,0.07754667757339392,0.0158964564417447,0.02017296317138078
2025-10-10,BEAR,2.8001575131456716e-05,0.018593936633942643,0.981378061790926,0.06092997944450359,0.07988240386500017,0.08498905198045621,0.09312798988297857,0.07708383870713878,0.016649010319984742,0.023082992346905508
2025-10-13,SIDE,8.729402782446259e-05,0.9997530985455367,0.00015960742663886503,0.05714731394179989,0.07919094759351178,0.08511614567805784,0.09374975571010935,0.07920874782711558,0.024116852062986614,0.025508901751937374
2025-10-14,SIDE,0.00013101467541177755,0.9996897653891557,0.00017921993543270533,0.06523707749378176,0.07985187096762714,0.08497932923532606,0.0794087099247693,0.07833939359972143,0.028350923900889433,0.02995197023385619
2025-10-15,SIDE,6.64021993816579e-05,0.9997119020326625,0.00022169576795597008,0.07419105086503501,0.08018892430870497,0.08532677131530088,0.05387316962657213,0.07664257328089065,0.02217607441448717,0.02687891913692379
2025-10-16,SIDE,8.079979075508828e-05,0.9997036460761864,0.0002155541330584622,0.09312798988297857,0.08718504134606957,0.0872777593602725,0.061203974122934095,0.07450805368388541,0.008168521951356486,0.012612956520215898
2025-10-17,SIDE,0.00013693474293100975,0.9992957252159045,0.0005673400411643786,0.09374975571010935,0.0878519968769535,0.08770804790025431,0.05756405781311737,0.06897087860494537,0.009915728576155807,0.013245303517646214
2025-10-20,BEAR,1.549210794929404e-05,0.02253011516656709,0.9774543927254835,0.0794087099247693,0.08771506080830704,0.08740815153789594,0.0646290080706746,0.06949528101272952,0.0035941007434389803,0.013414172042426573
2025-10-21,SIDE,0.00010639715437099498,0.9995049549617114,0.00038864788391755275,0.05387316962657213,0.08486480874529932,0.08629638598126373,0.06042786881873475,0.06963662111275479,0.00713759108972928,0.007684384638910245
2025-10-23,BEAR,6.348607276876234e-05,0.018468925008294987,0.9814675889189362,0.061203974122934095,0.08432658667376142,0.08397060074862608,0.06635434083760845,0.07206478280377542,-0.0005234767862940193,0.0026267640159327445
2025-10-24,SIDE,7.463080531788742e-05,0.999814525167352,0.0001108440273301794,0.05756405781311737,0.0836627014768714,0.08321524154948762,0.08881742413334487,0.07372001766348109,-0.00283594520123776,0.0034694340813486513
2025-10-27,SIDE,6.865258408481444e-05,0.9998251343331729,0.00010621308274223607,0.0646290080706746,0.07977838206703158,0.08347461955195433,0.09598291417552342,0.07322170241376944,-0.00783697616653681,0.009171764854291952
2025-10-28,SIDE,8.693349497710881e-05,0.9998414055932011,7.166091182162224e-05,0.06042786881873475,0.06826502931639782,0.08355473100582837,0.07716748452581255,0.0817115653965439,-0.013139125855990218,0.010713069906254185
2025-10-29,SIDE,0.0001291273253694945,0.9998208867299014,4.998594472891939e-05,0.06635434083760845,0.06742637525680552,0.08344814062067131,0.08422004282273256,0.08150857179167324,-0.021108697095280737,0.005704530762740407
2025-10-30,BEAR,3.2059012374762855e-05,0.021861886402416052,0.9781060545852093,0.08881742413334487,0.07451864422815477,0.0828255001738563,0.05575568480670874,0.08023456130157844,-0.015010944666832778,0.011446019193669483
2025-10-31,SIDE,0.00017591735239205468,0.9997409025655689,8.318008203913718e-05,0.09598291417552342,0.07610543227321422,0.08320195194302527,0.05492798593236051,0.07624223880546148,-0.005760648488967994,0.011983688740133707
2025-11-03,SIDE,0.00012741607730536075,0.9875563430223858,0.01231624090030883,0.07716748452581255,0.07607592622687784,0.08287775608571557,0.06158493216109775,0.07567805599386843,-0.0026584648262524373,0.008604992095864872
2025-11-04,SIDE,6.729279714676618e-05,0.9968556196308084,0.0030770875720448907,0.08422004282273256,0.0782735117273257,0.08382737854039027,0.07317380416269423,0.07600203549827393,0.010807618585055875,0.016893222774163035
2025-11-06,BEAR,1.5412932715884505e-05,0.027546809845079036,0.972437777222205,0.05575568480670874,0.0798535122874957,0.0842500089210164,0.0666926385335776,0.07188459111256801,0.014378853207938939,0.026183329422629294
2025-11-07,SIDE,0.00014428710983967275,0.9993496676972937,0.0005060451928665651,0.05492798593236051,0.07912884187647595,0.08162233883310291,0.05068871997875664,0.07217328106268783,0.016254478548277804,0.018201632271408332
2025-11-10,BEAR,1.5613509654059977e-05,0.014849519990187215,0.9851348665001587,0.06158493216109775,0.07784241865402734,0.07994338341463517,0.04365514068559587,0.07975900897518007,0.017023815886350803,0.010320237861085373
2025-11-11,BEAR,1.56199700987217e-05,0.01444114041704518,0.9855432396128562,0.07317380416269423,0.07821173905572988,0.07977267586785683,0.043954206045290094,0.08149119041845033,0.008336449790579967,0.0024507839320511617
2025-11-12,BEAR,1.5579001931695853e-05,0.017031389642163004,0.9829530313559052,0.0666926385335776,0.0802724218707829,0.08024342306789702,0.06567258531755758,0.08092246449928088,0.006811321490725275,0.0008788136003321168
2025-11-13,BEAR,1.5509149039284962e-05,0.02145119095262496,0.9785332998983357,0.05068871997875664,0.0786288141044341,0.08025325693899403,0.05833285210488624,0.07940329569632702,0.012022122353476033,0.0064630536126639455
2025-11-14,SIDE,4.549665448381405e-05,0.9999295155542842,2.4987791231861344e-05,0.04365514068559587,0.07577529403201057,0.07798746419314781,0.06294276209481213,0.08180107973521922,0.0060833383059433034,0.00451506282804615
2025-11-17,SIDE,4.203958951140242e-05,0.9999421123960206,1.584801446799194e-05,0.043954206045290094,0.06866433669493327,0.0779545378419497,0.08152070812806121,0.08181370499972027,-0.0020760807065036894,-0.0059124716440333664
2025-11-18,SIDE,5.6452515934122926e-05,0.9999276996980236,1.5847786042200485e-05,0.06567258531755758,0.0689575369980505,0.0784036516521682,0.08460053676000426,0.08371504454218376,-0.0009750004875108601,-0.003537698504472307
2025-11-19,SIDE,9.481445822105935e-05,0.9996528126970832,0.0002523728446956839,0.05833285210488624,0.06925789597166038,0.07903842434898913,0.08199636377332543,0.08279121400564722,0.005842189912801386,-0.009142466925480132
2025-11-20,SIDE,4.22020620544635e-05,0.9999418844817264,1.591345621928264e-05,0.06294276209481213,0.07143402871460461,0.07725052568401038,0.11810032878589398,0.0802019121014145,0.0008929986072663268,-0.008656352972423252
2025-11-21,SIDE,5.5218509161589124e-05,0.999840409891773,0.00010437159906533985,0.08152070812806121,0.07391191836229329,0.07782535182066865,0.11216359349244427,0.08065937053180018,0.005157737213559366,0.003991157764843911
2025-11-24,SIDE,0.00011766744554897683,0.9994741426801248,0.0004081898743261325,0.08460053676000426,0.0742583979698874,0.07508969366024194,0.10416983731471506,0.08393067358879638,0.008295778391442587,0.008349261579588258
2025-11-25,SIDE,9.989465120483972e-05,0.9996434006962458,0.0002567046525493652,0.08199636377332543,0.07117825042212209,0.07291876177081896,0.09637624508286756,0.08241787956255653,0.005678309457547198,0.009891117776577744
2025-11-26,SIDE,6.910034400200556e-05,0.9998096364988726,0.00012126315712537873,0.11810032878589398,0.0836248494433701,0.07607972743270815,0.10550478581824298,0.0818157600270666,-0.008403748924963768,-0.006239541292779025
2025-11-27,SIDE,0.00011820018849478816,0.9998318644429345,4.9935368570852416e-05,0.11216359349244427,0.08227102472949799,0.07471663862784751,0.03614223897210917,0.07074925973903565,-0.006958972988081348,-0.01048561449520814
2025-11-28,SIDE,0.0001719718268294165,0.9992517895466921,0.0005762386264784151,0.10416983731471506,0.07799932055580926,0.07454311099790333,0.042292106020806075,0.07175075400358528,-0.0006298984353919232,-0.01013015501928214
2025-12-01,SIDE,0.00015906803483596002,0.9995683300513113,0.00027260191385272876,0.09637624508286756,0.07426650252117466,0.07408607024850845,0.06733522108757277,0.0717624779925683,-0.008255331589093935,-0.0017646383008900015
2025-12-02,SIDE,2.0695961980759453e-05,0.999963455685283,1.5848352736267747e-05,0.10550478581824298,0.07754852409270312,0.07525847322596929,0.09133177319785651,0.07663147005192143,-0.007424099368016286,0.004383017341858371
2025-12-03,SIDE,3.2787174301546534e-05,0.9999505735846711,1.663924102733122e-05,0.03614223897210917,0.07365153003092696,0.07544275255466719,0.0892932456638169,0.07407419818811851,-0.008812672990066033,0.013095970269192398
2025-12-04,SIDE,6.551324417010149e-05,0.9953035758238736,0.004630910931956364,0.042292106020806075,0.07202961910135755,0.07546539252696108,0.09011914100894647,0.07721483256987985,-0.005206790588775194,0.00828364437266685
2025-12-05,SIDE,2.6307008073815173e-05,0.9999578447281176,1.5848263808599607e-05,0.06733522108757277,0.073697428348492,0.07591779076767649,0.10203759343143866,0.07805783098822584,-0.005341422602026267,-0.00029599839040222553
2025-12-08,SIDE,6.553636194419267e-05,0.999831865992456,0.00010259764559963524,0.09133177319785651,0.08136106352397293,0.07804985384759715,0.10146777762932765,0.07613923810310669,0.002567909104915751,0.006917321392631005
2025-12-09,BEAR,1.5158090096127995e-05,0.043745204188296465,0.9562396377216075,0.0892932456638169,0.08211657000827415,0.07879127689213875,0.07667385366962434,0.06963634806407364,0.0007911063812319898,0.0014386126832163218
2025-12-10,SIDE,0.00016596856403917646,0.9990137082795435,0.000820323156417382,0.09011914100894647,0.07893444519930105,0.07875147647911875,0.0848411413697,0.0768073307824896,0.002347967354056236,-0.002904283231839115
2025-12-11,SIDE,9.132205068517636e-05,0.9991770192043938,0.0007316587449208434,0.10203759343143866,0.08146540644680358,0.07927728463025359,0.0816596965942263,0.08049571018338157,-0.0032099590350868944,-0.004190469056322882
2025-12-12,BEAR,1.5296382479799796e-05,0.03494452351160415,0.965040180105916,0.10146777762932765,0.08386105083522093,0.07895703355622516,0.06887098667011254,0.07948931742129244,-0.0030972842316112767,-0.012153666695136794
2025-12-15,SIDE,0.00016039047840639013,0.9988374032257855,0.0010022062958081027,0.07667385366962434,0.08275306695392227,0.07873589785615888,0.06952758105367217,0.07676507133687638,0.005559433242740963,-0.013994413276613722
2025-12-16,SIDE,5.210065966162506e-05,0.999565088591856,0.0003828107484823785,0.0848411413697,0.08477194440832991,0.07969177329012987,0.091997233772407,0.07708240986015565,0.012185652517117918,-0.006430116938375209
2025-12-17,BEAR,1.5547872634284015e-05,0.019000495894259686,0.980983956233106,0.0816596965942263,0.08227680566232409,0.07933675214588402,0.06608579351686443,0.07434279357759332,0.012453815793539175,-0.009067441057634589
2025-12-18,SIDE,9.280143081029435e-05,0.9993266589980638,0.0005805395711258698,0.06887098667011254,0.07941247624736601,0.07858424089946796,0.065071320644153,0.0754773892761592,0.00874511554550263,-0.022844177416349296
2025-12-19,BEAR,1.5697424780235294e-05,0.009547371456324436,0.9904369311188953,0.06952758105367217,0.08115943011133309,0.07927915193236938,0.07839468446987695,0.08868402649594147,-0.0009362629155184491,-0.03164733175412924
2025-12-22,BEAR,1.562307702619049e-05,0.01424475569647398,0.9857396212265,0.091997233772407,0.08455511423131472,0.0800008308940846,0.076784794982116,0.08521128278176267,-0.008963575570566526,-0.034300313857806145
2025-12-23,BEAR,1.5380396409679965e-05,0.02961034242161787,0.9703742771819724,0.06608579351686443,0.08366873742242732,0.07852242436995026,0.03101187246494373,0.08195352098827921,-0.0018181214890355898,-0.04406695896631
2025-12-24,SIDE,2.020510493813089e-05,0.9995690887036832,0.0004107061913787212,0.065071320644153,0.07138337707700917,0.07564227299664286,0.07288655371621017,0.08610670819180845,0.00017020902282797304,-0.03767971436112327
2025-12-26,BEAR,1.5666576494967336e-05,0.011495950359889017,0.9884883830636162,0.07839468446987695,0.07254176301072168,0.07619733048145075,0.072574997248031,0.08958809701898791,0.01093176263700745,-0.027229446015435164
2025-12-29,SIDE,4.822994154837768e-05,0.9996481285386748,0.00030364151977702394,0.076784794982116,0.07361468773954055,0.07673180978339421,0.0766253787965371,0.09381771946042725,0.0118102858797935,-0.02037413985233315
2025-12-30,SIDE,4.772411725352619e-05,0.9996315335006966,0.0003207423820501301,0.03101187246494373,0.07359748571153735,0.07481066142188898,0.07239893427235534,0.09446554783025865,0.009204258193487979,-0.024121576476754204
2025-12-31,BEAR,1.5630367511216654e-05,0.013783962365971923,0.9862004072665169,0.07288655371621017,0.0759808026576952,0.0759608779373831,0.08000396401425593,0.09493402792040206,0.0004266281044271875,-0.05119943468517795
2026-01-01,SIDE,2.4416842268044035e-05,0.9998676046002879,0.00010797855744403023,0.072574997248031,0.07563664365477361,0.07473073393075333,0.06493300973514753,0.10967034850503098,-0.010368504026658303,-0.04131166272245592
2026-01-02,SIDE,2.9098058259873168e-05,0.9999083065681079,6.259537363223037e-05,0.0766253787965371,0.07909147969890651,0.07581252295733999,0.09655909835214185,0.11819425766445975,-0.024812926491097554,-0.023091499557786537
2026-01-05,BEAR,1.5530100683717367e-05,0.020125055798222657,0.9798594141010936,0.07239893427235534,0.07745628832243949,0.07591108290102591,0.058654646311122584,0.14846471373902934,-0.017680904017764815,-0.018233591109137085
2026-01-06,SIDE,3.850298076764255e-05,0.9998889436528972,7.255336633522644e-05,0.08000396401425593,0.07113588433023482,0.07562675756262481,0.08825406901854004,0.14864452596418182,-0.017199090906760875,-0.02068327256443478
2026-01-07,BEAR,1.563943883102449e-05,0.013210666616890292,0.9867736939442787,0.06493300973514753,0.06896851109188984,0.07539876826703078,0.08859651762706626,0.1492722881692272,-0.01834382556432913,-0.017249573781151255
2026-01-08,SIDE,3.4338825048347664e-05,0.9999406660452248,2.4995129726866416e-05,0.09655909835214185,0.07787337697000911,0.0783261462583251,0.08734119825692768,0.14961081305544263,-0.007077623240359556,-0.00036912385683919666
2026-01-09,SIDE,0.0002622763471237631,0.9991531759884811,0.0005845476643952254,0.058654646311122584,0.07991851997851063,0.07965393368360696,0.06949813794671879,0.14776992082444843,-0.0038151904717391295,0.009758216237992952
2026-01-12,SIDE,4.943596514611567e-05,0.9996883889162743,0.00026217511857942706,0.08825406901854004,0.07851212205472671,0.0788289617809879,0.05349862828537068,0.1454480697635177,-0.021863667395113258,0.0063234473163862725
2026-01-13,SIDE,3.066937315677844e-05,0.999814804118976,0.00015452650786708478,0.08859651762706626,0.07875656442533265,0.07619298543157986,0.08996890488583391,0.14483523674544016,-0.02259094929060371,0.0029065106463341877
2026-01-14,SIDE,1.8147280610443554e-05,0.9999102469865288,7.160573286096204e-05,0.08734119825692768,0.07608829822148054,0.07573335757345825,0.08903086347445924,0.1460718208198174,-0.01474646733845153,-0.007607097757262215
2026-01-16,SIDE,1.7909970702052634e-05,0.9999326102925095,4.947973678856656e-05,0.06949813794671879,0.07611922547362014,0.07499671356183575,0.11370294919385798,0.15293044461663508,-0.025451189510816766,-0.000451563058137215
2026-01-19,SIDE,1.5848379347989383e-05,0.9999651347714373,1.9016849214629924e-05,0.05349862828537068,0.07742921182222037,0.07543939128019239,0.11495962730136657,0.15578619005291555,-0.016158457509949434,0.005453045909100981
2026-01-20,SIDE,1.5848264959099848e-05,0.9999579173195463,2.623441549465058e-05,0.08996890488583391,0.08725270647990338,0.08045806686018851,0.1362251097299182,0.15511034600160714,0.004359846946416786,0.02299136468724021
2026-01-21,SIDE,0.0001512813344937703,0.9973353844085114,0.0025133342569948337,0.08903086347445924,0.08006385585940476,0.08034181293026979,0.11051303859309539,0.14661297627815206,0.010336928986277699,0.011730588944618845
2026-01-22,SIDE,3.816061832713681e-05,0.9992929032436257,0.0006689361380470084,0.11370294919385798,0.08380934262489324,0.07988294807401514,0.10542843189536313,0.15547486223808787,0.0012151618104854819,0.011063566978847156
2026-01-23,SIDE,4.224483395968098e-05,0.9996201007562486,0.00033765440979155253,0.11495962730136657,0.0882982515699332,0.08204450919528779,0.107944214932861,0.1552383018080083,-0.008950597207903612,0.026176766721787974
2026-01-27,SIDE,8.59542771522291e-05,0.9980174041171372,0.0018966416057105682,0.1362251097299182,0.09160253819370377,0.08218946675711918,0.17160777980282857,0.15162008670093344,-0.0034617393385047235,0.0098518486045532
2026-01-28,SIDE,0.00017555827526999655,0.9978248395138953,0.001999602210834658,0.11051303859309539,0.09578029094779239,0.0824555740136018,0.1889350584236662,0.15691733379168984,0.015069709094656221,0.005499248983136388
2026-01-29,SIDE,5.202781298890095e-05,0.99934998838426,0.0005979838027508526,0.10542843189536313,0.0968683055089429,0.08187052735757237,0.26474731018784464,0.15548357429930015,0.01395083462298962,0.0030501570820298625
2026-01-30,SIDE,3.237153056733272e-05,0.9996299462685605,0.00033768220087216597,0.107944214932861,0.09212170518260353,0.08212489539236924,0.26487007453689887,0.15517122963100372,0.012642562105807342,-0.0056238551529020865
2026-02-01,SIDE,2.6351344997207823e-05,0.9996338675704942,0.00033978108450863494,0.17160777980282857,0.1119282951481796,0.09048455865559411,0.26709688558286604,0.16080808611773895,0.03437648900845381,0.001620007136190417
2026-02-02,BEAR,0.004996371413274183,2.9883730640056152e-05,0.9949737448560858,0.1889350584236662,0.11662364998532405,0.09304872487776174,0.1847597753903171,0.15143437136809473,0.030574034838958344,-0.024528705646303633
2026-02-03,SIDE,1.5524685659854695e-05,0.979516714597285,0.02046776071705524,0.26474731018784464,0.15216046150513415,0.10664378820982422,0.18196399197058574,0.15570943205723475,0.008036789304681961,-0.038094695180944986
2026-02-04,SIDE,1.5848429563248604e-05,0.9999683031408735,1.5848429563248604e-05,0.26487007453689887,0.15234750596602512,0.10651538336248806,0.06809540043484187,0.13211498897302643,0.006876134407758482,-0.05279520577513026
2026-02-05,SIDE,1.5848389699649057e-05,0.9999657879172043,1.836369309597063e-05,0.26709688558286604,0.1531402717205075,0.10662898285463146,0.06829932823510934,0.1366698125991742,0.006390692304008112,-0.06504093256692102
2026-02-06,SIDE,1.5848429563252063e-05,0.9999683031408735,1.5848429563252063e-05,0.1847597753903171,0.14950061475717089,0.10570322089819156,0.07125792022296094,0.1459490606887701,-0.008701349540440113,-0.05735097213779709
2026-02-09,SIDE,3.220849229262802e-05,0.9622338471840881,0.0377339443236192,0.18196399197058574,0.1490097372984633,0.10663164500769202,0.12335692835914792,0.1516417737546099,-0.007160062441657575,-0.08048915592417148
2026-02-10,SIDE,1.516641221248478e-05,0.9567700068928352,0.043214826694952274,0.06809540043484187,0.14858956500769532,0.1067402612848599,0.13031631722384676,0.1545994175244355,-0.008120360800631034,-0.09269495559193568
2026-02-11,BEAR,0.004522265332927871,0.11090053413181744,0.8845772005352546,0.06829932823510934,0.14829265527536936,0.10643139759355123,0.12860244350703734,0.15396133920180394,-0.005195750024259407,-0.11427766524028878
2026-02-12,BEAR,0.0027703766424075644,0.0395748911509371,0.9576547322066554,0.07125792022296094,0.14951886744721093,0.10675336127614736,0.1335430775935154,0.16279161260122937,-0.013766870992319174,-0.09754150271855307
2026-02-13,BEAR,0.0015864854212385433,0.04075072765132917,0.9576627869274323,0.12335692835914792,0.15680585270509803,0.10939127810738926,0.16289148758659328,0.17253276401025183,0.003924197397657793,-0.07709681205898739
2026-02-16,BEAR,6.044300077005857e-05,0.26130263760156713,0.7386369193976628,0.13031631722384676,0.15905412318286197,0.11020863061766233,0.13865047690719418,0.17442065251948824,0.0011771402691084427,-0.07706718805111233
2026-02-17,BEAR,0.0003812783290820362,0.3010397607932982,0.6985789608776198,0.12860244350703734,0.15012030054697814,0.10989315316156974,0.13042889642364647,0.17444624620037338,-0.01175965481449726,-0.11189114085480238
2026-02-18,BEAR,0.0008918822517489077,0.1382161179523588,0.8608919997958923,0.1335430775935154,0.14965236117978806,0.10985963986566909,0.15207156264734045,0.20076685196566807,-0.013132268757686796,-0.11066408458743883
2026-02-19,BEAR,0.000740541417668487,0.15392020208743368,0.8453392564948978,0.16289148758659328,0.15855057055758698,0.11349688742809226,0.14894121708606253,0.20150155013063678,0.0016564971236886791,-0.12280927832507349
2026-02-20,SIDE,1.2588220155656675e-05,0.7815007508790656,0.21848666090077878,0.13865047690719418,0.1547361990413209,0.1109131951678326,0.10756577220705785,0.21240911182663072,-0.01547226032126362,-0.10979042479443238
2026-02-23,BEAR,0.0010748553095912973,0.3724895680282982,0.6264355766621105,0.13042889642364647,0.15491091133814067,0.11156900111603671,0.13108570139642933,0.22488523261275956,-0.03350735679350125,-0.09826655428756904
2026-02-24,BEAR,0.0013545971896568054,0.2292226414006269,0.7694227614097162,0.15207156264734045,0.15934617603466622,0.1138060788022194,0.11824926902186272,0.23513945493129354,-0.03784229358936148,-0.10809936006498627
2026-02-25,SIDE,9.53492970474847e-05,0.5277735654655681,0.47213108523738434,0.14894121708606253,0.15919511411801282,0.11394171293429063,0.1320206037408958,0.24100977089323844,-0.028524235069425325,-0.13199818224890666
2026-02-26,BEAR,0.00063155729729714,0.3816849074429903,0.6176835352597126,0.10756577220705785,0.15849464341206787,0.11346965476151097,0.18264671047406514,0.2459077938124235,-0.04189452823417033,-0.11708612541050269
2026-02-27,BEAR,0.12929288370140543,0.10791098246211732,0.7627961338364773,0.13108570139642933,0.1481010827938101,0.11616419124073131,0.178410367371129,0.2563362015385742,-0.04677451530821172,-0.1030545626550483
2026-03-02,BEAR,0.000266964076110287,0.23261055627956542,0.7671224796443242,0.11824926902186272,0.15038582035283768,0.11861179412036123,0.18866162073567247,0.2561364461489045,-0.02459449026553368,-0.07937651632266872
2026-03-04,BEAR,0.03160238014290876,0.0002591833530853242,0.968138436504006,0.1320206037408958,0.12597856455128112,0.1216171196534673,0.22710869181063512,0.26038247179359825,-0.025386415438909606,-0.057020978956115825
2026-03-05,BEAR,1.0773558707468445e-05,0.398237774904384,0.6017514515369086,0.18264671047406514,0.13484375391438655,0.1233247213396387,0.2295146995139549,0.25909505721922893,-0.046563471106308846,-0.03152429940609556
2026-03-06,SIDE,1.3622405475791563e-05,0.8555197878943313,0.144466589700193,0.178410367371129,0.13986662251937776,0.1255324552920362,0.17551098654030264,0.290039868887344,-0.054606325057399985,-0.028009806138036622
2026-03-09,BEAR,0.001764943876597267,1.5820709539770682e-05,0.998219235413863,0.18866162073567247,0.14853560663463314,0.12994632298837525,0.1939529137047037,0.2885636333482124,-0.02610987784762385,0.0009380463741613694
2026-03-10,BEAR,0.0754067506457834,1.4664711184788542e-05,0.9245785846430318,0.22710869181063512,0.15151881223846486,0.13114805507902227,0.2349185822560589,0.28563114099245396,-0.028447189461630284,-0.017418859788111928
2026-03-11,SIDE,1.58130168725944e-05,0.9977338169940198,0.002250369989107606,0.2295146995139549,0.15677731976746656,0.1340497510497716,0.22599889539812296,0.28491204384135377,-0.003738094568598286,0.015154719052862428
2026-03-12,BEAR,0.09705963765716583,1.4332074536426152e-05,0.9029260302682978,0.17551098654030264,0.15679442627578338,0.13507015905824368,0.22019841613724958,0.2848202823057841,-0.027316546063497628,0.023314090738563453
2026-03-13,BEAR,0.027756899146984138,1.5409619317167866e-05,0.9722276912336988,0.1939529137047037,0.1670185665045476,0.1404033806459931,0.3205704095709209,0.2824925303917454,-0.0015821693714094449,0.050635333854515165
2026-03-16,SIDE,1.584722980322029e-05,0.9998926033686429,9.154940155389283e-05,0.2349185822560589,0.17417389685360615,0.14287667939308193,0.29361991111305535,0.27135165618781676,-0.03903464659883958,0.040029499860937956
2026-03-17,SIDE,1.584645472796354e-05,0.9998436993646082,0.00014045418066388658,0.22599889539812296,0.1733096936867755,0.14402613237628697,0.3212113178755399,0.2695688958315143,-0.02876941533778714,0.04134710666555319
2026-03-18,BEAR,1.5843354480250445e-05,0.000336070422438131,0.9996480862230815,0.22019841613724958,0.1778697478595189,0.1446534353748784,0.357873306538712,0.26994166285194515,-0.020022225967348227,0.02493281601983036
2026-03-19,BEAR,1.5837805844981847e-05,0.0006861752985756869,0.9992979868955792,0.3205704095709209,0.2032421247620887,0.15722883608034616,0.3839585825694931,0.27107362131241347,-0.007967874024681293,0.04965068642407333
2026-03-20,BEAR,1.5848429563248604e-05,1.5848429563248604e-05,0.9999683031408735,0.29361991111305535,0.20400951843076778,0.15781899062649984,0.33235178357664025,0.24375209150005908,-0.03446636641915469,0.03333255496940387
2026-03-23,BEAR,1.5848429563248604e-05,1.5848429563248604e-05,0.9999683031408735,0.3212113178755399,0.2144230539393393,0.1654806474386499,0.3525029047721212,0.2481513218517032,0.007379650038259372,0.06783151660254387
2026-03-24,BEAR,1.5848429563248604e-05,1.5848429563248604e-05,0.9999683031408735,0.357873306538712,0.22720898856629324,0.17049282279087832,0.33128989737043296,0.22703483790233053,-0.008736398181879504,0.04619639890261133
2026-03-25,BEAR,1.5848429563248604e-05,1.5848429563248604e-05,0.9999683031408735,0.3839585825694931,0.23998812444019232,0.1749178837316789,0.3001659000825201,0.22209620492136234,-0.014617318828601011,0.036698506407846054
2026-03-27,BEAR,1.5848429563248604e-05,1.5848429563248604e-05,0.9999683031408735,0.33235178357664025,0.24571537629100595,0.17929917617203642,0.27912819260017324,0.21645888115781237,0.013236087519509096,0.050331926007236384
2026-03-30,BEAR,1.5848429563248604e-05,1.5848429563248604e-05,0.9999683031408735,0.3525029047721212,0.25100270985920925,0.18256140901062698,0.2306212158525625,0.20305611635516926,0.07194964777338594,0.07701859006745466
2026-04-01,BEAR,1.5848429563248604e-05,1.5848429563248604e-05,0.9999683031408735,0.33128989737043296,0.26170554061890205,0.18618229924116605,0.21761826083645822,0.18336435225662057,0.04718179103829559,0.05796254049257283
2026-04-02,BEAR,1.5848429563248604e-05,1.5848429563248604e-05,0.9999683031408735,0.3001659000825201,0.2612556173295701,0.18535158750849226,0.27372580278910974,0.17976549820859522,0.057218093720997905,0.06880735193333368
2026-04-06,BEAR,1.5848429563248604e-05,1.5848429563248604e-05,0.9999683031408735,0.27912819260017324,0.2634721300408341,0.18743972587514862,0.26447528049485886,0.18269764490314686,0.03736316626902311,0.0574596297520612
2026-04-07,BEAR,1.5848429563248726e-05,1.5848429563248726e-05,0.9999683031408735,0.2306212158525625,0.26040966472346544,0.18833419530647977,0.30082859269832135,0.18073783638151988,0.046789282570068556,0.044510706695440196
2026-04-08,BEAR,0.0006319187612250827,1.5838665724947116e-05,0.99935224257305,0.21761826083645822,0.2945619795226853,0.20472141166825494,0.3067726809302605,0.1826766455170096,0.00827491903835002,-0.007592082178135103
2026-04-09,BEAR,1.5848429563248604e-05,1.5848429563248604e-05,0.9999683031408735,0.27372580278910974,0.2899049510228259,0.20457542425006744,0.18521318431250514,0.14154359703741032,0.024038814935151736,-0.01677710588260546
2026-04-10,BEAR,0.00015398928913665734,1.584624021473399e-05,0.9998301644706485,0.26447528049485886,0.2908402998740524,0.2058664941630672,0.158303111982752,0.15204259574132364,0.012981575639152646,-0.026885605281798734
2026-04-13,BEAR,7.806863053261841e-05,1.58474434554893e-05,0.9999060839260119,0.30082859269832135,0.2864769030623878,0.20614934152511122,0.14788090877526935,0.1456186691647122,0.030318776992034616,-0.00643986047106639
2026-04-15,BEAR,3.0230216305232843e-05,1.584820163093392e-05,0.9999539215820639,0.3067726809302605,0.2896765400021448,0.2092232415218877,0.11124892933325879,0.14968806956799235,0.006040002398369651,-0.02455695016161509
2026-04-16,BEAR,1.584842956324865e-05,1.584842956324865e-05,0.9999683031408735,0.18521318431250514,0.2779907612665201,0.209198926370548,0.10569414541812848,0.137197683111931,-0.0009799503779878485,-0.022857325852457755
2026-04-17,BULL,0.6486687176016771,1.1116763872925198e-05,0.3513201656344499,0.158303111982752,0.27651947504296653,0.2097136517855029,0.1264338624781077,0.1372837968952419,-0.0188849482565208,-0.030668496277513578
2026-04-20,BULL,0.8984445547288362,1.4263813580819815e-05,0.10154118145758292,0.14788090877526935,0.2758286643264625,0.20961419242834056,0.1308765293316279,0.1345113515847,-0.01123262985723369,-0.029397927674522432
2026-04-21,BULL,0.97099684029051,1.53902106938859e-05,0.028987769498796095,0.11124892933325879,0.2759432019624852,0.20869658276583333,0.15546385795857862,0.13481204898338434,-0.023920123100728875,-0.038232944035233
2026-04-22,BULL,0.9697010903918425,1.536978605992612e-05,0.030283539822097503,0.10569414541812848,0.24680858244046247,0.20922760110943658,0.1218908444606766,0.12989503714928144,-0.008256535579332596,-0.027396125551611382
2026-04-23,BULL,0.9775495219682875,1.54936103147458e-05,0.022434984421397686,0.1264338624781077,0.24990915556303425,0.20949590007807836,0.14373432064922853,0.12870322538956933,-0.00728663444151801,-0.005864584096991675
2026-04-24,BULL,0.9688627184928178,1.5356575087455443e-05,0.031121924932094768,0.1308765293316279,0.23221804685350003,0.20986530514466695,0.14098405819111934,0.1351016945267056,0.009219668678896054,0.00065883526586973
2026-04-27,BULL,0.8618485441150243,1.4732256783014832e-05,0.13813672362819274,0.15546385795857862,0.22667518675815407,0.21032323825904153,0.11329006983981688,0.13010563671578848,-0.0024893260717116844,-0.007731312670440228
2026-04-28,BULL,0.8940219392650476,1.4196664646431341e-05,0.10596386407030595,0.1218908444606766,0.22102250067470788,0.2098644588275119,0.10242466241189502,0.12673918456021824,0.013874554848842806,-0.018844373132231917
2026-04-29,BULL,0.9519646057644494,3.686128255464978e-05,0.04799853295299606,0.14373432064922853,0.20504685562989733,0.21043360827591878,0.12921020184616427,0.13627731306623117,0.006143804515614182,-0.03343649668504631
2026-04-30,BULL,0.9459802010017748,5.753052374956115e-05,0.053962268474475654,0.14098405819111934,0.18805601480164222,0.21078521502650088,0.12268746143919484,0.13423457605581118,0.007414868207712835,-0.0216515657680343
2026-05-04,BULL,0.9414822333517451,0.00018140289106872545,0.058336363757186094,0.11329006983981688,0.18290543758329658,0.20741109986499262,0.11721514918911591,0.133932437433702,-0.012661024472203866,-0.030037039907570177
2026-05-05,BULL,0.9858263997374882,0.00015814048200268877,0.014015459780509125,0.10242466241189502,0.18437409742336314,0.2062233799031739,0.15812283613918912,0.13226656595080763,-0.027557855336882525,-0.02597652664880026
2026-05-06,BULL,0.9895295082758967,0.00020123337508670854,0.010269258349016777,0.12921020184616427,0.1851142115003088,0.20095792289133244,0.19539213728138877,0.13217800520969,-0.03847486349413449,-0.04043727057291634
2026-05-07,BULL,0.945035101057015,0.0003589563888898209,0.05460594255409505,0.12268746143919484,0.18482923628300815,0.20087917981410738,0.14015513427060056,0.12262365915260946,-0.026536323954104362,-0.05074466404891592
2026-05-08,BULL,0.9883619213729619,0.00027844414758289814,0.011359634479455321,0.11721514918911591,0.13453106738283307,0.20098201417464054,0.19528504313940667,0.12592543669119866,-0.022278374286986737,-0.039401320664322816
2026-05-11,BULL,0.9793389828930862,0.005944689842425178,0.014716327264488715,0.15812283613918912,0.14133377961138752,0.20292079218277162,0.1963871582845696,0.12774214044822052,-0.006990324635972698,-0.025554857717092972
2026-05-12,BULL,0.715248174874345,0.01882301267948572,0.26592881244616917,0.19539213728138877,0.14906323940775046,0.20524500221512137,0.17322445909405054,0.11846575592825509,0.010147424540243654,-0.009365973691614708
2026-05-13,BEAR,0.013466958559982395,0.0026150608376103042,0.9839179806024073,0.14015513427060056,0.14682463784458427,0.2051517618426291,0.0888963709055295,0.10066041268734377,0.01046925324642883,0.008942241556343596
2026-05-14,BEAR,0.3437321589311079,0.026638748683217382,0.6296290923856748,0.19528504313940667,0.14073186770027618,0.20694944413329566,0.08878497150821145,0.12252476403803203,-0.0014743065721319153,0.006911592712019745
2026-05-15,BEAR,0.051584432612660054,0.004962863732285316,0.9434527036550546,0.1963871582845696,0.14075857326866908,0.20677156531369276,0.02287103231576859,0.12033998428748947,0.0032008270083732824,0.014513409069652638
2026-05-18,BEAR,0.13764474264112503,0.009910042035189241,0.8524452153236857,0.17322445909405054,0.13800514045366316,0.2053652585675531,0.0255131682887036,0.12140413450306331,0.016012791377478214,0.01825730262165346
2026-05-19,BEAR,0.46774046519426365,0.021471509878464426,0.5107880249272718,0.0888963709055295,0.13781877569619677,0.20440631729496936,0.09127324211003975,0.12193315822341091,0.01244238328686254,0.02302031090528098
2026-05-20,BULL,0.9324342104168046,0.013995590944840436,0.05357019863835494,0.08878497150821145,0.1331290909619898,0.20441117680552814,0.10498666856816212,0.12195620822309937,0.010433985146848622,0.014855922538298701
2026-05-21,BULL,0.9464532768808176,0.013864761397645345,0.039681961721537144,0.02287103231576859,0.13118672790932928,0.20415837704041384,0.10684712213734071,0.12466710709470623,-0.0045315521977277035,0.01877033851299818
2026-05-22,BULL,0.9402626407230708,0.011632783610817115,0.048104575666112134,0.0255131682887036,0.12932878490644328,0.20257742023384814,0.1642619624677751,0.12505217614557126,-0.014296906712767402,0.00440861064794189
2026-05-25,BULL,0.9634275726860678,0.008712327204793131,0.027860100109138992,0.09127324211003975,0.1321993333309215,0.20435147214507546,0.16527977207169384,0.1320970013620664,-0.023073616112560768,-0.0004182850996457633
2026-05-26,BULL,0.9502651796218288,0.007575675954341218,0.04215914442383001,0.10498666856816212,0.13003118434972752,0.20404000813762008,0.11648049849555188,0.12713435169157733,-0.021476206494543713,0.005932929220275487
2026-05-27,BULL,0.975471575020805,0.008081337228704374,0.016447087750490485,0.10684712213734071,0.12930993922644402,0.2029641741630472,0.11676648019327845,0.12594670786289353,-0.020734540050071654,0.00163415802017362
2026-05-29,BULL,0.9810835711030336,0.007279778192330292,0.011636650704636368,0.1642619624677751,0.13621402560724868,0.20488568379936617,0.1184817494766767,0.1270614306181686,-0.007718342591841714,0.013414102242879367
2026-06-01,BULL,0.5510175065145106,0.020208912883498426,0.42877358060199094,0.16527977207169384,0.13595963432874175,0.20518040849576372,0.0673473537027395,0.11528297957667634,-0.011164362848255477,0.026305394625654652
2026-06-02,BULL,0.6944448989370727,0.020270748125822018,0.2852843529371053,0.11648049849555188,0.13551833719272602,0.20418953603881135,0.08671707485277172,0.11309497384261652,-0.010334886688575864,0.029047820417009727
2026-06-03,BULL,0.8728470211732122,0.022563286357539673,0.10458969246924821,0.11676648019327845,0.13546247659261698,0.20287327874123345,0.09076421453718579,0.11441974787142828,-0.008178842281726623,0.03630073181554459
2026-06-04,BULL,0.9159112683027397,0.021277394815881135,0.06281133688137905,0.1184817494766767,0.12580688192614864,0.2005929643211874,0.09017044065341408,0.11341349523072031,-0.01094730237969704,0.0423831744876596
2026-06-05,BULL,0.9040857859674889,0.029927964705794133,0.06598624932671691,0.0673473537027395,0.1256398304622804,0.19895452311499728,0.08822266551155221,0.11451336065330206,0.010904648635125368,0.0432179202863311
2026-06-08,BULL,0.9512946204493147,0.021187835023290413,0.02751754452739482,0.08671707485277172,0.1284205068691877,0.1984173482580236,0.1789142297785947,0.11416824117849388,0.031119932806831365,0.0322993375641701
2026-06-09,BULL,0.897047203611408,0.03311102559374917,0.06984177079484274,0.09076421453718579,0.12154316863052811,0.19577573867871764,0.14264335843326995,0.13385036268496853,0.031636355446988826,0.030537338508065157
2026-06-10,BULL,0.9524802481734822,0.024858774290474145,0.022660977536043653,0.09017044065341408,0.10304320492467865,0.19461406721558303,0.14244252132625435,0.13339172359546825,0.03682183570277378,0.04184124879978743
2026-06-11,BULL,0.9677231829091355,0.022856544288759304,0.009420272802105334,0.08822266551155221,0.10304222751952777,0.19189121882543683,0.12941159870892338,0.1363066914946248,0.04253370913713935,0.04431134039546365
2026-06-12,BULL,0.9591591038937801,0.030102442106408174,0.010738453999811737,0.1789142297785947,0.11837587792253992,0.19533269541569984,0.10693807905101657,0.13559312739327845,0.016382934228383984,0.018003651464298664
2026-06-15,BEAR,0.24639789415866187,0.01962926330783533,0.7339728425335028,0.14264335843326995,0.12317346171844423,0.19140737641932423,0.09461503027493529,0.12253773358853323,0.010384439228846597,0.009371600162904777
2026-06-16,BULL,0.8495731820570592,0.024319491596631368,0.1261073263463095,0.14244252132625435,0.12454822953732346,0.19044921862397568,0.07672725412706939,0.11823426062357832,-0.006903971413337432,0.003478850578665309
2026-06-17,BULL,0.9395598803581263,0.016661098656468705,0.04377902098540486,0.12941159870892338,0.12482584977631811,0.19005463049440016,0.11471310122974755,0.1167163747270778,-0.0026627963438209056,0.010268574326165137
2026-06-18,BULL,0.95514535140181,0.012998692520261411,0.031855956077928474,0.10693807905101657,0.1251017575170958,0.1894437403628131,0.13019217828258753,0.12179830149962834,-0.004644998398142934,0.0029128340139042952
2026-06-19,BULL,0.9999074279959829,1.5847464757548672e-05,7.672453925956218e-05,0.09461503027493529,0.12786270253613516,0.1767903314873547,0.12713403440677062,0.12223928940221475,-0.0027877793712764677,0.007244724721214767
2026-06-22,BULL,0.9451874519894513,0.041040249396958446,0.013772298613590306,0.07672725412706939,0.12811826576052032,0.17669130409107306,0.12267695466468957,0.12021052773332848,-0.009887788467846548,-0.004434597067865753
2026-06-23,BULL,0.9624221787959035,0.031345586079324264,0.006232235124772185,0.11471310122974755,0.1267264280645757,0.16947450590340685,0.11727012505686622,0.12284297386375932,0.007599877264945382,0.00190800939342347
2026-06-24,BULL,0.7174402304721974,0.21068083683298527,0.07187893269481728,0.13019217828258753,0.12914775449850568,0.16660971115253911,0.08880878616124875,0.11724891776357595,0.006392489404094773,-0.010638509512852676
2026-06-25,BULL,0.7705558316105224,0.16748840532458406,0.06195576306489348,0.12713403440677062,0.1292019088540805,0.16313607583181675,0.08327926903275513,0.1142546232702266,0.008891596100725112,-0.0024993795781656073
2026-06-29,BULL,0.7755829080900282,0.18807416555536344,0.03634292635460845,0.12267695466468957,0.11732921100839287,0.15717904341252686,0.08542589469089476,0.1193568348259937,0.020014476417414336,0.0016314919040015291
2026-06-30,BULL,0.6413362046130674,0.3246404683409675,0.034023327045965064,0.11727012505686622,0.11475585551741885,0.15035657159855578,0.0680597885420129,0.11826750580846492,0.02208547545160995,0.015980488032500864
2026-07-01,SIDE,0.46185020636192464,0.5067544407396232,0.03139535289845228,0.08880878616124875,0.1154714195326558,0.14770402247037182,0.05408386906624463,0.12333781184989821,-0.00517041990974019,0.012884312085234027
2026-07-02,BULL,0.550978710823112,0.43441360510541904,0.014607684071468865,0.08327926903275513,0.11606994420281484,0.14822999658799282,0.18824071469225087,0.12218813233392324,-0.00884536859752053,0.008562778717480617
2026-07-03,BULL,0.6316354833863587,0.3547656315146082,0.013598885099033115,0.08542589469089476,0.1162646148791168,0.14685247176961114,0.1799214881840058,0.12022084388690002,-0.002638325297483692,0.020530783741341294
2026-07-06,BULL,0.669160451641321,0.32009397791540484,0.010745570443274143,0.0680597885420129,0.11646335435788438,0.14682032575787732,0.19689887642526396,0.13127660725372467,-0.009019136471892893,0.007525738823846167
2026-07-07,BULL,0.7415823736701346,0.24694490376818334,0.011472722561682051,0.05408386906624463,0.10737656401843716,0.12603160001243902,0.18743195437054766,0.13204869561138272,-0.014309620186907094,0.00921812156790276
2026-07-08,SIDE,0.42320993849582694,0.5667118748780143,0.01007818662615865,0.18824071469225087,0.1366690695618307,0.13224547040094736,0.19027116353410986,0.13191154992844237,0.008192195405566198,0.03108165708879612
2026-07-09,BEAR,6.199399463678019e-05,0.03910221684652582,0.9608357891588374,0.1799214881840058,0.13650652254006085,0.13027305967764635,0.09568088337651792,0.10537035401154114,0.004577867517589111,0.02505001335440556
2026-07-10,BEAR,0.011410810845359245,0.21806963535387355,0.7705195538007672,0.19689887642526396,0.1389269689768846,0.13066101184619208,0.09498504952443051,0.1060725296031621,0.005249161229151502,0.015449972933021703
2026-07-13,BEAR,0.0009979195039939608,0.046301576376567524,0.9527005041194386,0.18743195437054766,0.12261342260925563,0.12638063883263553,0.0991195539160287,0.10096532698029316,0.0011352027555800465,0.010710272522626194
2026-07-14,BEAR,0.003794950244813482,0.22180257716520058,0.7744024725899858,0.19027116353410986,0.1212813257413645,0.12706758366301382,0.10551819582001809,0.10262173242527114,0.005624007485300164,0.015835176619661155
2026-07-15,BEAR,0.00141731915361775,0.20309784655053714,0.795484834295845,0.09568088337651792,0.11973895965864079,0.12635862739776174,0.09108104807412315,0.09964865191366669,-0.0034217580019240924,0.013093709724798307
2026-07-16,SIDE,0.2254168911903602,0.7434046687558891,0.03117844005375078,0.09498504952443051,0.11888299717884478,0.1263513184658612,0.11157545301899316,0.09998102105492804,-0.008474812598579224,0.012108222559417566
2026-07-17,SIDE,0.19582223444783278,0.790972204274685,0.01320556127748233,0.0991195539160287,0.12448569967149456,0.12707077561873797,0.11598407960442667,0.100146265029931,-0.023569880182838798,-0.0019188870176645113
2026-07-20,SIDE,0.13243096101568025,0.8241215523122477,0.04344748667207204,0.10551819582001809,0.12299597509578503,0.12624256588921937,0.03404724755298331,0.09367139307049693,-0.010057211990212762,-0.0034550200300958868
2026-07-21,SIDE,0.14557627954399058,0.8344801859754564,0.01994353448055309,0.09108104807412315,0.12268376120863843,0.1251142060673887,0.10803610224129177,0.09461398820944296,-0.008401012188489775,-0.004533219547845763
2026-07-22,BEAR,0.13833430328036328,0.030092592811822506,0.8315731039078142,0.11157545301899316,0.1186058653572971,0.12394584549013114,0.10859086276843105,0.09496468670208424,0.010527296632520177,0.009770315404364743
2026-07-23,BEAR,0.09764894329126245,0.027198824891001297,0.8751522318177363,0.11598407960442667,0.11636998326498324,0.12327151440983178,0.12208198294748968,0.09320313277766788,0.01857617995675578,0.01589340543526524
2026-07-24,BEAR,0.09569459054577512,0.023992989136705858,0.880312420317519,0.03404724755298331,0.11700002465322258,0.12330681153619387,0.10328148237564881,0.0908206667648988,0.02559377763442806,0.018822516037892957
2026-07-27,BEAR,0.10382531815547967,0.060101237637017836,0.8360734442075024,0.10803610224129177,0.12132441077415697,0.12391252264107032,0.07792234244761177,0.08932481338397272,0.031921759420232045,0.014012085122260652
2026-07-28,BEAR,0.0662381981837167,0.04026531787025956,0.8934964839460237,0.10859086276843105,0.1206569059935868,0.12296504525465855,0.10787783891385602,0.0848845680953464,0.025908723337259073,0.00922960252692574
2026-07-29,BEAR,0.09593795021892342,0.026053134197553927,0.8780089155835227,0.12208198294748968,0.12510692494957076,0.12459550891901817,0.13649810773163965,0.08725548933604907,0.01532310898701181,-0.006592764417508054
2026-07-30,BEAR,0.03414754442887131,0.05157204053426748,0.9142804150368611,0.10328148237564881,0.12303944964330076,0.12447333052379496,0.1286215109362684,0.08008926529206511,0.013026925093822096,-0.005835934472824917
2026-07-31,BEAR,0.08003196270696473,0.037864225575831904,0.8821038117172034,0.07792234244761177,0.12264239385477943,0.12200667125262075,0.12999317888683334,0.08049679010171229,0.0076418660394044526,-0.012512543571874896
2026-08-03,BEAR,0.11396565888741125,0.04533195189965851,0.8407023892129303,0.10787783891385602,0.13307187465450662,0.12625933761323724,0.13518858547701668,0.08067688891307001,-0.007719136105803276,-0.029430693810781002
2026-08-04,BEAR,0.006289612650712077,0.10812916147785755,0.8855812258714303,0.13649810773163965,0.13533829977270267,0.12631519667993477,0.0485789592624837,0.0539660877461731,-0.0058346027731127886,-0.02886907188897054
2026-08-05,BEAR,0.005014853347021731,0.05683583004619018,0.9381493166067879,0.1286215109362684,0.10804076641252931,0.12221641615473613,0.03705097841741571,0.05333482298968314,-0.007692565135148668,-0.030981010965838794
2026-08-06,BEAR,0.20140495020191673,0.041585733552690136,0.7570093162453932,0.12999317888683334,0.10787605593400143,0.11559375753216765,0.03436374270079984,0.05295173675272328,-0.00979575195843189,-0.030426567827773497
2026-08-07,BEAR,0.32021833646259423,0.038704081767940796,0.6410775817694649,0.13518858547701668,0.10358553307014012,0.11581309315289211,0.029563172242332337,0.05324120998937579,-0.008363923277399045,-0.03274349490878302
2026-08-10,BEAR,0.38046006180110065,0.0331251300245945,0.5864148081743049,0.0485789592624837,0.10356667639695573,0.11353948712314221,0.029181543788240442,0.05449341389323589,-0.0121196987215347,-0.03935479417291447
2026-08-11,BULL,0.6702527997319243,0.023625592921841784,0.3061216073462339,0.03705097841741571,0.10190235845950361,0.11391913700344923,0.022752793530480594,0.05608145389993867,-0.013030089797142087,-0.04343607690828529
2026-08-12,BULL,0.8000155622213243,0.02549299918045936,0.17449143859821636,0.03436374270079984,0.1022292510388599,0.11399416462980548,0.028384395901172234,0.060185731031765353,-0.014744388682206738,-0.040000114817148893
2026-08-13,BULL,0.8262658359314312,0.024559260740518438,0.14917490332805045,0.029563172242332337,0.10252787207900893,0.11401636313781614,0.026583220094112254,0.061777844517462314,-0.006745152322357498,-0.04175821338052671
2026-08-14,BEAR,0.27132546415075065,0.02511621963834978,0.7035583162108996,0.029181543788240442,0.09539265437172334,0.11404521515714186,0.07244641557039566,0.061983609502302375,-0.0046896297227314926,-0.052551229594702334
2026-08-17,BEAR,0.4398517954103554,0.018299947075614147,0.5418482575140304,0.022752793530480594,0.09502298686022558,0.1142915475030472,0.0741197131917783,0.07093656775983423,-0.0028284771272812153,-0.04505737894626502
2026-08-18,BULL,0.8732126989128814,0.026743196540294938,0.1000441045468238,0.028384395901172234,0.09680336406831988,0.11482661458855871,0.07164483969138952,0.07463407495358607,0.00740989316214368,-0.03729649681479333
2026-08-19,BULL,0.8428052703753184,0.027339947518156812,0.1298547821065248,0.026583220094112254,0.09306249427537307,0.11189405148258517,0.06384007925101552,0.07510494382760659,0.005361809886281635,-0.03086822330205572
2026-08-20,BULL,0.9061214669715331,0.021038743641840142,0.07283978938662677,0.07244641557039566,0.0931796246440817,0.11214822031115991,0.07408817873167856,0.0768752285185831,-0.0058357831893527164,-0.03432093672159593
2026-08-21,BULL,0.9105614047394796,0.010930379892468919,0.07850821536805151,0.0741197131917783,0.09125784519403388,0.11215028901636404,0.0659744734665156,0.07329297491837523,-0.003153159951334426,-0.03880186636098254
2026-08-24,BULL,0.8818335599500169,0.004322342018764712,0.1138440980312183,0.07164483969138952,0.08574155986228933,0.10753581846424891,0.0734220693475497,0.07303696420294127,-0.005741281975339762,-0.03240548854734635
2026-08-25,BULL,0.9729080312769764,0.005353833848698789,0.021738134874324567,0.06384007925101552,0.08699132563800806,0.1067330592971085,0.07724059201604214,0.07683777397623405,-0.01152101951280973,-0.0536632135078316
2026-08-26,BULL,0.9744676432445218,0.007163032091169138,0.018369324664309003,0.07408817873167856,0.08041460810494801,0.10713048661380054,0.05786873327687942,0.08917091717903788,-0.012189951078637169,-0.04508850069013407
2026-08-27,BULL,0.9747041293551645,0.006468877854720706,0.018826992790114905,0.0659744734665156,0.08136676348126122,0.10740670828006124,0.06014537352146837,0.09086831702878947,-0.00906513756131892,-0.05593816785676908
2026-08-28,BULL,0.9699093955858016,0.006183930687231623,0.023906673726966858,0.0734220693475497,0.08182215438410638,0.10758637306325272,0.056245645073596105,0.10201035120035827,-0.011563708261126494,-0.06226760191475583
2026-08-31,BULL,0.9709336815109105,0.005903838907457061,0.023162479581632478,0.07724059201604214,0.055349935833393246,0.10784252096824586,0.042440692456695954,0.09950639469735627,-0.012589085297503575,-0.06254386720903767
2026-09-01,BULL,0.961457683785763,0.02468684919988212,0.013855467014354842,0.05786873327687942,0.05205750165671319,0.10544235846026985,0.045447056550713176,0.09954536159350505,-0.017643236467936727,-0.07033574194132285
2026-09-02,BULL,0.9682265245025664,0.025546751758358053,0.006226723739075497,0.06014537352146837,0.05431991369762349,0.10586380896521451,0.04899354812154843,0.10126071623959025,-0.02040160779242756,
2026-09-03,BULL,0.95908438279416,0.031057896918295105,0.009857720287544877,0.056245645073596105,0.053844747354488624,0.10590602864427111,0.06004724674728617,,-0.016711668986458834,
2026-09-04,BULL,0.9593343832344039,0.008945409173475876,0.03172020759212027,0.042440692456695954,0.05443822135009545,0.10575392485712606,0.0734247167581172,,-0.021127397511185055,
2026-09-07,BULL,0.9627287585897374,0.00935932671467074,0.027911914695591955,0.045447056550713176,0.05536012478746754,0.09846317708615414,0.06284454722113124,,-0.028171657963318417,
2026-09-08,BULL,0.9689293957442245,0.0075646353613366985,0.02350596889443866,0.04899354812154843,0.05665172138441795,0.0971868375687886,0.084344017561917,,-0.0178222834948853,
2026-09-09,BULL,0.9660438941939038,0.008892018096304312,0.02506408770979183,0.06004724674728617,0.061707770929797415,0.09795463172843058,0.10925183009194755,,-0.006890509703650122,
2026-09-10,BULL,0.9519204792447526,0.01135834343679169,0.036721177318455804,0.0734247167581172,0.06337516677332816,0.09765094568312521,0.1046511601661805,,-0.005612497167113604,
2026-09-11,BULL,0.9852705804678653,0.011990219359096055,0.002739200173038654,0.06284454722113124,0.06352986984045975,0.0975054006091897,0.10758241351878457,,0.0006921243365731787,
2026-09-15,BULL,0.9679797377172051,0.004900279589475402,0.02711998269331929,0.084344017561917,0.07273000391221064,0.09959702836336783,0.1084790627066183,,0.009059733510988207,
2026-09-16,SIDE,0.02471699765554225,0.8732341068379851,0.10204889550647271,0.10925183009194755,0.07555468897083863,0.09970430987893948,0.04980475118395494,,0.009823413271637375,
2026-09-17,SIDE,0.013042405892765329,0.8970897467544885,0.08986784735274628,0.1046511601661805,0.07687867298520339,0.09718720894842585,0.052409257469159407,,-0.008956823530894538,
2026-09-18,SIDE,0.005756901374322925,0.9379563555232435,0.0562867431024336,0.10758241351878457,0.07326484910468394,0.09581611357918984,0.14062781235253635,,-0.008858467501796603,
2026-09-21,SIDE,0.006809211447788261,0.9455651557514837,0.04762563280072813,0.1084790627066183,0.07463198706075283,0.09598887229598571,0.14085159325202823,,-0.0274530143245258,
2026-09-22,SIDE,0.006374753116938829,0.9459466078824339,0.04767863900062728,0.04980475118395494,0.07491219964993248,0.09583809823839004,0.16220431031774576,,-0.02661889550510769,
2026-09-23,SIDE,0.006398232221199654,0.9880008447355471,0.0056009230432532645,0.052409257469159407,0.07524569406726518,0.09628647771899025,0.1629072701573422,,-0.03587966063703113,
2026-09-24,SIDE,0.004381551962320048,0.9651985908052507,0.030419857232429168,0.14062781235253635,0.09094366493376764,0.10097359311129205,0.13701043796539283,,-0.028193547946300926,
2026-09-25,SIDE,0.21793642402242458,0.4224873063212242,0.3595762696563512,0.14085159325202823,0.09268541526003504,0.1000460695211091,0.11277999433009754,,,
2026-09-28,SIDE,0.053232706227700856,0.5452303326237727,0.40153696114852644,0.16220431031774576,0.10208988207846008,0.1041402636101848,,,,
2026-09-29,BEAR,0.3211821684701703,0.013338016639597307,0.6654798148902324,0.1629072701573422,0.1020255370116679,0.10298077855847232,,,,
2026-09-30,BEAR,0.18274357925119988,0.024702585771037292,0.7925538349777628,0.13701043796539283,0.10187015776232135,0.10316557780717336,,,,
2026-10-01,BEAR,0.0863101927454375,0.0410875847362115,0.872602222518351,0.11277999433009754,0.1034566449879248,0.09561783253529203,,,,
