symbol,Date,state,regime,stickiness_score,stickiness_level,stay_probability,recent_consistency,regime_streak_days
NIFTYNEXT50,2007-11-27,2,SIDE,97.21633662253089,HIGH,0.9602333803218698,1.0,1
NIFTYNEXT50,2007-11-28,2,SIDE,97.21631686015246,HIGH,0.9602330980021783,1.0,2
NIFTYNEXT50,2007-11-29,2,SIDE,97.21623207454368,HIGH,0.9602318867791956,1.0,3
NIFTYNEXT50,2007-11-30,2,SIDE,97.21633662226465,HIGH,0.9602333803180666,1.0,4
NIFTYNEXT50,2007-12-03,2,SIDE,97.216336622528,HIGH,0.9602333803218287,1.0,5
NIFTYNEXT50,2007-12-04,2,SIDE,97.21633662245546,HIGH,0.9602333803207924,1.0,6
NIFTYNEXT50,2007-12-05,2,SIDE,97.21633662252853,HIGH,0.9602333803218361,1.0,7
NIFTYNEXT50,2007-12-06,2,SIDE,97.21633662216189,HIGH,0.9602333803165986,1.0,8
NIFTYNEXT50,2007-12-07,2,SIDE,97.21633662081707,HIGH,0.9602333802973869,1.0,9
NIFTYNEXT50,2007-12-10,2,SIDE,97.21633661234765,HIGH,0.960233380176395,1.0,10
NIFTYNEXT50,2007-12-11,2,SIDE,97.2163365951913,HIGH,0.9602333799313043,1.0,11
NIFTYNEXT50,2007-12-12,2,SIDE,97.21633661412777,HIGH,0.9602333802018254,1.0,12
NIFTYNEXT50,2007-12-13,2,SIDE,97.21633660052854,HIGH,0.9602333800075507,1.0,13
NIFTYNEXT50,2007-12-14,2,SIDE,97.21633659442448,HIGH,0.9602333799203497,1.0,14
NIFTYNEXT50,2007-12-17,2,SIDE,97.21633647217156,HIGH,0.9602333781738794,1.0,15
NIFTYNEXT50,2007-12-18,2,SIDE,97.21624898916865,HIGH,0.9602321284166951,1.0,16
NIFTYNEXT50,2007-12-19,2,SIDE,97.20341152170468,HIGH,0.9600487360243526,1.0,17
NIFTYNEXT50,2007-12-20,2,SIDE,97.17297720945875,HIGH,0.9596139601351251,1.0,18
NIFTYNEXT50,2007-12-24,2,SIDE,97.2147262860515,HIGH,0.9602103755150214,1.0,19
NIFTYNEXT50,2007-12-26,2,SIDE,97.21633270368089,HIGH,0.9602333243382986,1.0,20
NIFTYNEXT50,2007-12-27,2,SIDE,97.21604143488167,HIGH,0.9602291633554526,1.0,21
NIFTYNEXT50,2007-12-28,2,SIDE,97.21633483323744,HIGH,0.9602333547605348,1.0,22
NIFTYNEXT50,2007-12-31,2,SIDE,97.21631675004095,HIGH,0.9602330964291563,1.0,23
NIFTYNEXT50,2008-01-01,2,SIDE,97.2163289790008,HIGH,0.9602332711285831,1.0,24
NIFTYNEXT50,2008-01-02,2,SIDE,97.21633656339681,HIGH,0.9602333794770974,1.0,25
NIFTYNEXT50,2008-01-03,2,SIDE,97.21633577246335,HIGH,0.9602333681780482,1.0,26
NIFTYNEXT50,2008-01-04,2,SIDE,97.21633609325649,HIGH,0.9602333727608069,1.0,27
NIFTYNEXT50,2008-01-07,2,SIDE,97.21632845055967,HIGH,0.960233263579424,1.0,28
NIFTYNEXT50,2008-01-08,2,SIDE,97.21631489036704,HIGH,0.9602330698623862,1.0,29
NIFTYNEXT50,2008-01-09,2,SIDE,97.21600868575267,HIGH,0.9602286955107525,1.0,30
NIFTYNEXT50,2008-01-10,2,SIDE,97.21629680942388,HIGH,0.9602328115631983,1.0,31
NIFTYNEXT50,2008-01-11,2,SIDE,97.215777838054,HIGH,0.9602253976864857,1.0,32
NIFTYNEXT50,2008-01-14,2,SIDE,97.21633591258616,HIGH,0.9602333701798024,1.0,33
NIFTYNEXT50,2008-01-15,2,SIDE,97.21606064583827,HIGH,0.9602294377976897,1.0,34
NIFTYNEXT50,2008-01-16,2,SIDE,97.15697726954178,HIGH,0.9593853895648825,1.0,35
NIFTYNEXT50,2008-01-17,2,SIDE,96.6563720676711,HIGH,0.9522338866810157,1.0,36
NIFTYNEXT50,2008-01-18,2,SIDE,97.21633556154605,HIGH,0.9602333651649437,1.0,37
NIFTYNEXT50,2008-01-21,2,SIDE,97.21633662253089,HIGH,0.9602333803218698,1.0,38
NIFTYNEXT50,2008-01-22,2,SIDE,97.21633662253089,HIGH,0.9602333803218698,1.0,39
NIFTYNEXT50,2008-01-23,2,SIDE,97.21633662253089,HIGH,0.9602333803218698,1.0,40
NIFTYNEXT50,2008-01-24,2,SIDE,97.21633662253089,HIGH,0.9602333803218698,1.0,41
NIFTYNEXT50,2008-01-25,2,SIDE,97.21633662253089,HIGH,0.9602333803218698,1.0,42
NIFTYNEXT50,2008-01-28,2,SIDE,97.21633662253089,HIGH,0.9602333803218698,1.0,43
NIFTYNEXT50,2008-01-29,2,SIDE,97.21633662253089,HIGH,0.9602333803218698,1.0,44
NIFTYNEXT50,2008-01-30,2,SIDE,97.21633662253089,HIGH,0.9602333803218698,1.0,45
NIFTYNEXT50,2008-01-31,2,SIDE,97.21633662253089,HIGH,0.9602333803218698,1.0,46
NIFTYNEXT50,2008-02-01,2,SIDE,97.21633662253089,HIGH,0.9602333803218698,1.0,47
NIFTYNEXT50,2008-02-04,2,SIDE,97.21633662253089,HIGH,0.9602333803218698,1.0,48
NIFTYNEXT50,2008-02-05,2,SIDE,97.21633662253089,HIGH,0.9602333803218698,1.0,49
NIFTYNEXT50,2008-02-06,2,SIDE,97.21633662253089,HIGH,0.9602333803218698,1.0,50
NIFTYNEXT50,2008-02-07,2,SIDE,97.21633662253089,HIGH,0.9602333803218698,1.0,51
NIFTYNEXT50,2008-02-08,2,SIDE,97.21633662253089,HIGH,0.9602333803218698,1.0,52
NIFTYNEXT50,2008-02-11,2,SIDE,97.21633662253089,HIGH,0.9602333803218698,1.0,53
NIFTYNEXT50,2008-02-12,2,SIDE,97.21633662253089,HIGH,0.9602333803218698,1.0,54
NIFTYNEXT50,2008-02-13,2,SIDE,97.21633662253089,HIGH,0.9602333803218698,1.0,55
NIFTYNEXT50,2008-02-14,2,SIDE,97.21633662253089,HIGH,0.9602333803218698,1.0,56
NIFTYNEXT50,2008-02-15,2,SIDE,97.21633662253089,HIGH,0.9602333803218698,1.0,57
NIFTYNEXT50,2008-02-18,2,SIDE,97.21633662253089,HIGH,0.9602333803218698,1.0,58
NIFTYNEXT50,2008-02-19,2,SIDE,97.2163366225309,HIGH,0.9602333803218701,1.0,59
NIFTYNEXT50,2008-02-20,2,SIDE,97.21633662252,HIGH,0.9602333803217145,1.0,60
NIFTYNEXT50,2008-02-21,2,SIDE,97.2163366218232,HIGH,0.9602333803117603,1.0,61
NIFTYNEXT50,2008-02-22,2,SIDE,97.21633526379203,HIGH,0.9602333609113148,1.0,62
NIFTYNEXT50,2008-02-25,2,SIDE,97.21633083601698,HIGH,0.9602332976573854,1.0,63
NIFTYNEXT50,2008-02-26,2,SIDE,97.21632717225765,HIGH,0.9602332453179666,1.0,64
NIFTYNEXT50,2008-02-27,2,SIDE,97.21626218304044,HIGH,0.960232316900578,1.0,65
NIFTYNEXT50,2008-02-28,2,SIDE,97.21630887441925,HIGH,0.960232983920275,1.0,66
NIFTYNEXT50,2008-02-29,2,SIDE,97.21632943622166,HIGH,0.9602332776603093,1.0,67
NIFTYNEXT50,2008-03-03,2,SIDE,97.21633662253055,HIGH,0.960233380321865,1.0,68
NIFTYNEXT50,2008-03-04,2,SIDE,97.2163366225308,HIGH,0.9602333803218684,1.0,69
NIFTYNEXT50,2008-03-05,2,SIDE,97.21633662253026,HIGH,0.960233380321861,1.0,70
NIFTYNEXT50,2008-03-07,2,SIDE,97.21633662253089,HIGH,0.9602333803218698,1.0,71
NIFTYNEXT50,2008-03-10,2,SIDE,97.21633662253089,HIGH,0.9602333803218698,1.0,72
NIFTYNEXT50,2008-03-11,2,SIDE,97.21633662253085,HIGH,0.9602333803218693,1.0,73
NIFTYNEXT50,2008-03-12,2,SIDE,97.21633662250231,HIGH,0.9602333803214618,1.0,74
NIFTYNEXT50,2008-03-13,2,SIDE,97.21633662253089,HIGH,0.9602333803218698,1.0,75
NIFTYNEXT50,2008-03-14,2,SIDE,97.21633662253089,HIGH,0.9602333803218699,1.0,76
NIFTYNEXT50,2008-03-17,2,SIDE,97.21633662253089,HIGH,0.9602333803218698,1.0,77
NIFTYNEXT50,2008-03-18,2,SIDE,97.21633662253089,HIGH,0.9602333803218698,1.0,78
NIFTYNEXT50,2008-03-19,2,SIDE,97.21633662253089,HIGH,0.9602333803218698,1.0,79
NIFTYNEXT50,2008-03-24,2,SIDE,97.21633662253089,HIGH,0.9602333803218698,1.0,80
NIFTYNEXT50,2008-03-25,2,SIDE,97.21633662253089,HIGH,0.9602333803218698,1.0,81
NIFTYNEXT50,2008-03-26,2,SIDE,97.21633662253089,HIGH,0.9602333803218698,1.0,82
NIFTYNEXT50,2008-03-27,2,SIDE,97.21633662253089,HIGH,0.9602333803218698,1.0,83
NIFTYNEXT50,2008-03-28,2,SIDE,97.21633662253089,HIGH,0.9602333803218698,1.0,84
NIFTYNEXT50,2008-03-31,2,SIDE,97.21633662253089,HIGH,0.9602333803218698,1.0,85
NIFTYNEXT50,2008-04-01,2,SIDE,97.21633662253089,HIGH,0.9602333803218698,1.0,86
NIFTYNEXT50,2008-04-02,2,SIDE,97.21633662253089,HIGH,0.9602333803218698,1.0,87
NIFTYNEXT50,2008-04-03,2,SIDE,97.2163366225309,HIGH,0.9602333803218702,1.0,88
NIFTYNEXT50,2008-04-04,2,SIDE,97.21633662253089,HIGH,0.9602333803218698,1.0,89
NIFTYNEXT50,2008-04-07,2,SIDE,97.21633662253089,HIGH,0.9602333803218698,1.0,90
NIFTYNEXT50,2008-04-08,2,SIDE,97.21633662253095,HIGH,0.9602333803218707,1.0,91
NIFTYNEXT50,2008-04-09,2,SIDE,97.21633662253089,HIGH,0.96023338032187,1.0,92
NIFTYNEXT50,2008-04-10,2,SIDE,97.21633662253082,HIGH,0.960233380321869,1.0,93
NIFTYNEXT50,2008-04-11,2,SIDE,97.21633662253085,HIGH,0.9602333803218691,1.0,94
NIFTYNEXT50,2008-04-15,2,SIDE,97.21633662251674,HIGH,0.9602333803216679,1.0,95
NIFTYNEXT50,2008-04-16,2,SIDE,97.21633662252236,HIGH,0.9602333803217482,1.0,96
NIFTYNEXT50,2008-04-17,2,SIDE,97.21633662245728,HIGH,0.9602333803208184,1.0,97
NIFTYNEXT50,2008-04-21,2,SIDE,97.21633662252454,HIGH,0.9602333803217793,1.0,98
NIFTYNEXT50,2008-04-22,2,SIDE,97.21633662253093,HIGH,0.9602333803218704,1.0,99
NIFTYNEXT50,2008-04-23,2,SIDE,97.21633662253066,HIGH,0.9602333803218668,1.0,100
NIFTYNEXT50,2008-04-24,2,SIDE,97.21633364861309,HIGH,0.9602333378373299,1.0,101
NIFTYNEXT50,2008-04-25,2,SIDE,97.21633626218855,HIGH,0.9602333751741221,1.0,102
NIFTYNEXT50,2008-04-28,2,SIDE,97.21633442385536,HIGH,0.9602333489122193,1.0,103
NIFTYNEXT50,2008-04-29,2,SIDE,97.21633660139074,HIGH,0.9602333800198677,1.0,104
NIFTYNEXT50,2008-04-30,2,SIDE,97.21622374111558,HIGH,0.9602317677302228,1.0,105
NIFTYNEXT50,2008-05-02,2,SIDE,97.21633648963976,HIGH,0.9602333784234254,1.0,106
NIFTYNEXT50,2008-05-05,2,SIDE,97.21633580317518,HIGH,0.9602333686167884,1.0,107
NIFTYNEXT50,2008-05-06,2,SIDE,97.21627400470116,HIGH,0.9602324857814454,1.0,108
NIFTYNEXT50,2008-05-07,2,SIDE,97.1801264703389,HIGH,0.9597160924334132,1.0,109
NIFTYNEXT50,2008-05-08,0,BULL,70.14034917407045,MODERATE,0.9591478453438635,0.1,1
NIFTYNEXT50,2008-05-09,2,SIDE,93.99307964284831,HIGH,0.9570439948978331,0.9,1
NIFTYNEXT50,2008-05-12,1,BEAR,68.7204608668614,MODERATE,0.9388637266694485,0.1,1
NIFTYNEXT50,2008-05-13,1,BEAR,71.57921298802448,MODERATE,0.9368458998289213,0.2,2
NIFTYNEXT50,2008-05-14,1,BEAR,74.57805663317872,MODERATE,0.9368293804739817,0.3,3
NIFTYNEXT50,2008-05-15,1,BEAR,77.61068021072391,HIGH,0.9372954315817702,0.4,4
NIFTYNEXT50,2008-05-16,1,BEAR,80.81582891681249,HIGH,0.9402261273830356,0.5,5
NIFTYNEXT50,2008-05-20,1,BEAR,83.60076014666478,HIGH,0.9371537163809256,0.6,6
NIFTYNEXT50,2008-05-21,1,BEAR,86.58141559954883,HIGH,0.9368773657078406,0.7,7
NIFTYNEXT50,2008-05-22,1,BEAR,89.57745069410825,HIGH,0.9368207242015465,0.8,8
NIFTYNEXT50,2008-05-23,1,BEAR,92.57767224064425,HIGH,0.9368238891520607,0.9,9
NIFTYNEXT50,2008-05-26,1,BEAR,95.96917009382643,HIGH,0.9424167156260921,1.0,10
NIFTYNEXT50,2008-05-27,2,SIDE,69.75668695501666,MODERATE,0.9536669565002379,0.1,1
NIFTYNEXT50,2008-05-28,2,SIDE,72.64161091998038,MODERATE,0.952023013142577,0.2,2
NIFTYNEXT50,2008-05-29,2,SIDE,75.4318444581542,HIGH,0.9490263494022029,0.3,3
NIFTYNEXT50,2008-05-30,1,BEAR,86.67986710556607,HIGH,0.9382838157938013,0.7,1
NIFTYNEXT50,2008-06-02,2,SIDE,78.82210882930188,HIGH,0.9546015547043127,0.4,1
NIFTYNEXT50,2008-06-03,2,SIDE,81.92890621551336,HIGH,0.956127231650191,0.5,2
NIFTYNEXT50,2008-06-04,2,SIDE,85.21633356212399,HIGH,0.9602333366017712,0.6,3
NIFTYNEXT50,2008-06-05,2,SIDE,88.21602553779644,HIGH,0.9602289362542349,0.7,4
NIFTYNEXT50,2008-06-06,2,SIDE,91.21619096953614,HIGH,0.960231299564802,0.8,5
NIFTYNEXT50,2008-06-09,2,SIDE,94.21633662108769,HIGH,0.9602333803012528,0.9,6
NIFTYNEXT50,2008-06-10,2,SIDE,94.21633662197732,HIGH,0.9602333803139619,0.9,7
NIFTYNEXT50,2008-06-11,2,SIDE,94.21633617962121,HIGH,0.9602333739945887,0.9,8
NIFTYNEXT50,2008-06-12,2,SIDE,94.21631613727716,HIGH,0.960233087675388,0.9,9
NIFTYNEXT50,2008-06-13,2,SIDE,97.21599882635404,HIGH,0.9602285546622007,1.0,10
NIFTYNEXT50,2008-06-16,2,SIDE,97.21093040664171,HIGH,0.9601561486663102,1.0,11
NIFTYNEXT50,2008-06-17,2,SIDE,97.21506906716566,HIGH,0.9602152723880808,1.0,12
NIFTYNEXT50,2008-06-18,2,SIDE,97.2077624562788,HIGH,0.9601108922325545,1.0,13
NIFTYNEXT50,2008-06-19,2,SIDE,97.21602469746102,HIGH,0.9602289242494434,1.0,14
NIFTYNEXT50,2008-06-20,2,SIDE,97.21633660993064,HIGH,0.9602333801418661,1.0,15
NIFTYNEXT50,2008-06-23,2,SIDE,97.21633662253073,HIGH,0.9602333803218676,1.0,16
NIFTYNEXT50,2008-06-24,2,SIDE,97.2163366225301,HIGH,0.9602333803218583,1.0,17
NIFTYNEXT50,2008-06-25,2,SIDE,97.2163366220649,HIGH,0.9602333803152131,1.0,18
NIFTYNEXT50,2008-06-26,2,SIDE,97.21633662131536,HIGH,0.9602333803045054,1.0,19
NIFTYNEXT50,2008-06-27,2,SIDE,97.2163366225309,HIGH,0.9602333803218703,1.0,20
NIFTYNEXT50,2008-06-30,2,SIDE,97.21633662253089,HIGH,0.9602333803218698,1.0,21
NIFTYNEXT50,2008-07-01,2,SIDE,97.21633662253089,HIGH,0.9602333803218698,1.0,22
NIFTYNEXT50,2008-07-02,2,SIDE,97.21633662253089,HIGH,0.9602333803218698,1.0,23
NIFTYNEXT50,2008-07-03,2,SIDE,97.21633662253089,HIGH,0.9602333803218698,1.0,24
NIFTYNEXT50,2008-07-04,2,SIDE,97.21633662253089,HIGH,0.9602333803218698,1.0,25
NIFTYNEXT50,2008-07-07,2,SIDE,97.21633662253089,HIGH,0.9602333803218699,1.0,26
NIFTYNEXT50,2008-07-08,2,SIDE,97.21633662253095,HIGH,0.9602333803218707,1.0,27
NIFTYNEXT50,2008-07-09,2,SIDE,97.21633662253089,HIGH,0.96023338032187,1.0,28
NIFTYNEXT50,2008-07-10,2,SIDE,97.21633662252951,HIGH,0.9602333803218502,1.0,29
NIFTYNEXT50,2008-07-11,2,SIDE,97.21633662253089,HIGH,0.96023338032187,1.0,30
NIFTYNEXT50,2008-07-14,2,SIDE,97.21633662253089,HIGH,0.96023338032187,1.0,31
NIFTYNEXT50,2008-07-15,2,SIDE,97.21633662253089,HIGH,0.9602333803218698,1.0,32
NIFTYNEXT50,2008-07-16,2,SIDE,97.21633662253089,HIGH,0.9602333803218698,1.0,33
NIFTYNEXT50,2008-07-17,2,SIDE,97.21633662253089,HIGH,0.9602333803218699,1.0,34
NIFTYNEXT50,2008-07-18,2,SIDE,97.2163366225309,HIGH,0.9602333803218702,1.0,35
NIFTYNEXT50,2008-07-21,2,SIDE,97.21633662253053,HIGH,0.9602333803218648,1.0,36
NIFTYNEXT50,2008-07-22,2,SIDE,97.2163366225309,HIGH,0.9602333803218703,1.0,37
NIFTYNEXT50,2008-07-23,2,SIDE,97.21633662253089,HIGH,0.9602333803218698,1.0,38
NIFTYNEXT50,2008-07-24,2,SIDE,97.21633662253089,HIGH,0.9602333803218698,1.0,39
NIFTYNEXT50,2008-07-25,2,SIDE,97.21633662253089,HIGH,0.9602333803218698,1.0,40
NIFTYNEXT50,2008-07-28,2,SIDE,97.21633662253089,HIGH,0.9602333803218698,1.0,41
NIFTYNEXT50,2008-07-29,2,SIDE,97.21633662253089,HIGH,0.9602333803218699,1.0,42
NIFTYNEXT50,2008-07-30,2,SIDE,97.21633662253089,HIGH,0.9602333803218698,1.0,43
NIFTYNEXT50,2008-07-31,2,SIDE,97.21633662252958,HIGH,0.960233380321851,1.0,44
NIFTYNEXT50,2008-08-01,2,SIDE,97.21633662253089,HIGH,0.9602333803218698,1.0,45
NIFTYNEXT50,2008-08-04,2,SIDE,97.21633662253089,HIGH,0.9602333803218698,1.0,46
NIFTYNEXT50,2008-08-05,2,SIDE,97.21633662253089,HIGH,0.9602333803218698,1.0,47
NIFTYNEXT50,2008-08-06,2,SIDE,97.21633662253089,HIGH,0.9602333803218698,1.0,48
NIFTYNEXT50,2008-08-07,2,SIDE,97.21633662253089,HIGH,0.9602333803218698,1.0,49
NIFTYNEXT50,2008-08-08,2,SIDE,97.21633662253089,HIGH,0.9602333803218699,1.0,50
NIFTYNEXT50,2008-08-11,2,SIDE,97.21633662253089,HIGH,0.9602333803218698,1.0,51
NIFTYNEXT50,2008-08-12,2,SIDE,97.21633662253073,HIGH,0.9602333803218677,1.0,52
NIFTYNEXT50,2008-08-13,2,SIDE,97.21633662243833,HIGH,0.9602333803205477,1.0,53
NIFTYNEXT50,2008-08-14,2,SIDE,97.21633661940183,HIGH,0.9602333802771692,1.0,54
NIFTYNEXT50,2008-08-18,2,SIDE,97.21633640431565,HIGH,0.9602333772045096,1.0,55
NIFTYNEXT50,2008-08-19,2,SIDE,97.21633652964776,HIGH,0.9602333789949681,1.0,56
NIFTYNEXT50,2008-08-20,2,SIDE,97.2163363158256,HIGH,0.9602333759403657,1.0,57
NIFTYNEXT50,2008-08-21,2,SIDE,97.21620430004737,HIGH,0.9602314900006766,1.0,58
NIFTYNEXT50,2008-08-22,2,SIDE,97.21511049683653,HIGH,0.9602158642405219,1.0,59
NIFTYNEXT50,2008-08-25,2,SIDE,97.21474372363484,HIGH,0.9602106246233547,1.0,60
NIFTYNEXT50,2008-08-26,2,SIDE,97.2137610599604,HIGH,0.9601965865708628,1.0,61
NIFTYNEXT50,2008-08-27,2,SIDE,97.13564757978732,HIGH,0.9590806797112476,1.0,62
NIFTYNEXT50,2008-08-28,2,SIDE,96.40627627109724,HIGH,0.9486610895871035,1.0,63
NIFTYNEXT50,2008-08-29,2,SIDE,97.18640176582876,HIGH,0.9598057395118396,1.0,64
NIFTYNEXT50,2008-09-01,2,SIDE,97.00641531856364,HIGH,0.9572345045509094,1.0,65
NIFTYNEXT50,2008-09-02,2,SIDE,97.21631341439037,HIGH,0.9602330487770052,1.0,66
NIFTYNEXT50,2008-09-04,2,SIDE,97.21229922868184,HIGH,0.9601757032668836,1.0,67
NIFTYNEXT50,2008-09-05,2,SIDE,97.20390010281967,HIGH,0.9600557157545668,1.0,68
NIFTYNEXT50,2008-09-08,2,SIDE,97.2150801086087,HIGH,0.9602154301229816,1.0,69
NIFTYNEXT50,2008-09-09,2,SIDE,97.20866679815555,HIGH,0.960123811402222,1.0,70
NIFTYNEXT50,2008-09-10,2,SIDE,97.16657543793794,HIGH,0.9595225062562565,1.0,71
NIFTYNEXT50,2008-09-11,2,SIDE,97.01049105964783,HIGH,0.9572927294235404,1.0,72
NIFTYNEXT50,2008-09-12,2,SIDE,96.74757170715252,HIGH,0.9535367386736076,1.0,73
NIFTYNEXT50,2008-09-15,2,SIDE,97.2161792898444,HIGH,0.9602311327120632,1.0,74
NIFTYNEXT50,2008-09-16,2,SIDE,97.21231007880591,HIGH,0.9601758582686558,1.0,75
NIFTYNEXT50,2008-09-17,2,SIDE,97.21633309083826,HIGH,0.9602333298691179,1.0,76
NIFTYNEXT50,2008-09-18,2,SIDE,97.21632383180416,HIGH,0.9602331975972024,1.0,77
NIFTYNEXT50,2008-09-19,2,SIDE,97.21632646178868,HIGH,0.9602332351684099,1.0,78
NIFTYNEXT50,2008-09-22,2,SIDE,97.21166681296974,HIGH,0.9601666687567105,1.0,79
NIFTYNEXT50,2008-09-23,2,SIDE,97.21631426702564,HIGH,0.9602330609575092,1.0,80
NIFTYNEXT50,2008-09-24,2,SIDE,97.21601740808595,HIGH,0.9602288201155136,1.0,81
NIFTYNEXT50,2008-09-25,2,SIDE,97.21619243039473,HIGH,0.9602313204342103,1.0,82
NIFTYNEXT50,2008-09-26,2,SIDE,97.21633660709006,HIGH,0.9602333801012866,1.0,83
NIFTYNEXT50,2008-09-29,2,SIDE,97.21633662253089,HIGH,0.96023338032187,1.0,84
NIFTYNEXT50,2008-09-30,2,SIDE,97.21633662147131,HIGH,0.9602333803067332,1.0,85
NIFTYNEXT50,2008-10-01,2,SIDE,97.21633150152857,HIGH,0.960233307164694,1.0,86
NIFTYNEXT50,2008-10-03,2,SIDE,97.21633662231343,HIGH,0.9602333803187634,1.0,87
NIFTYNEXT50,2008-10-06,2,SIDE,97.21633662253089,HIGH,0.9602333803218698,1.0,88
NIFTYNEXT50,2008-10-07,2,SIDE,97.21633662253089,HIGH,0.9602333803218698,1.0,89
NIFTYNEXT50,2008-10-08,2,SIDE,97.21633662253089,HIGH,0.9602333803218698,1.0,90
NIFTYNEXT50,2008-10-10,2,SIDE,97.21633662253089,HIGH,0.9602333803218698,1.0,91
NIFTYNEXT50,2008-10-13,2,SIDE,97.21633662253089,HIGH,0.9602333803218698,1.0,92
NIFTYNEXT50,2008-10-14,2,SIDE,97.21633662253089,HIGH,0.9602333803218698,1.0,93
NIFTYNEXT50,2008-10-15,2,SIDE,97.21633662253089,HIGH,0.9602333803218698,1.0,94
NIFTYNEXT50,2008-10-16,2,SIDE,97.21633662253089,HIGH,0.9602333803218698,1.0,95
NIFTYNEXT50,2008-10-17,2,SIDE,97.21633662253089,HIGH,0.9602333803218698,1.0,96
NIFTYNEXT50,2008-10-20,2,SIDE,97.21633662253089,HIGH,0.9602333803218698,1.0,97
NIFTYNEXT50,2008-10-21,2,SIDE,97.21633662253089,HIGH,0.9602333803218698,1.0,98
NIFTYNEXT50,2008-10-22,2,SIDE,97.21633662253089,HIGH,0.9602333803218698,1.0,99
NIFTYNEXT50,2008-10-23,2,SIDE,97.21633662253089,HIGH,0.9602333803218698,1.0,100
NIFTYNEXT50,2008-10-24,2,SIDE,97.21633662253089,HIGH,0.9602333803218698,1.0,101
NIFTYNEXT50,2008-10-27,2,SIDE,97.21633662253089,HIGH,0.9602333803218698,1.0,102
NIFTYNEXT50,2008-10-29,2,SIDE,97.21633662253089,HIGH,0.9602333803218698,1.0,103
NIFTYNEXT50,2008-10-31,2,SIDE,97.21633662253089,HIGH,0.9602333803218698,1.0,104
NIFTYNEXT50,2008-11-03,2,SIDE,97.21633662253089,HIGH,0.9602333803218698,1.0,105
NIFTYNEXT50,2008-11-04,2,SIDE,97.21633662253089,HIGH,0.9602333803218698,1.0,106
NIFTYNEXT50,2008-11-05,2,SIDE,97.21633662253089,HIGH,0.9602333803218698,1.0,107
NIFTYNEXT50,2008-11-06,2,SIDE,97.21633662253089,HIGH,0.9602333803218698,1.0,108
NIFTYNEXT50,2008-11-07,2,SIDE,97.21633662253089,HIGH,0.9602333803218698,1.0,109
NIFTYNEXT50,2008-11-10,2,SIDE,97.21633662253089,HIGH,0.9602333803218698,1.0,110
NIFTYNEXT50,2008-11-11,2,SIDE,97.21633662253089,HIGH,0.9602333803218698,1.0,111
NIFTYNEXT50,2008-11-12,2,SIDE,97.21633662253089,HIGH,0.9602333803218698,1.0,112
NIFTYNEXT50,2008-11-14,2,SIDE,97.21633662253089,HIGH,0.9602333803218698,1.0,113
NIFTYNEXT50,2008-11-17,2,SIDE,97.21633662253089,HIGH,0.9602333803218698,1.0,114
NIFTYNEXT50,2008-11-18,2,SIDE,97.21633662253089,HIGH,0.9602333803218698,1.0,115
NIFTYNEXT50,2008-11-19,2,SIDE,97.21633662253089,HIGH,0.9602333803218698,1.0,116
NIFTYNEXT50,2008-11-20,2,SIDE,97.21633662253089,HIGH,0.9602333803218698,1.0,117
NIFTYNEXT50,2008-11-21,2,SIDE,97.21633662253089,HIGH,0.9602333803218698,1.0,118
NIFTYNEXT50,2008-11-24,2,SIDE,97.21633662253089,HIGH,0.9602333803218698,1.0,119
NIFTYNEXT50,2008-11-25,2,SIDE,97.21633662253089,HIGH,0.9602333803218698,1.0,120
NIFTYNEXT50,2008-11-26,2,SIDE,97.21633662253089,HIGH,0.9602333803218698,1.0,121
NIFTYNEXT50,2008-11-28,2,SIDE,97.21633662253089,HIGH,0.9602333803218698,1.0,122
NIFTYNEXT50,2008-12-01,2,SIDE,97.21633662253089,HIGH,0.9602333803218698,1.0,123
NIFTYNEXT50,2008-12-02,2,SIDE,97.21633662253089,HIGH,0.9602333803218698,1.0,124
NIFTYNEXT50,2008-12-03,2,SIDE,97.21633662253073,HIGH,0.9602333803218676,1.0,125
NIFTYNEXT50,2008-12-04,2,SIDE,97.21633662247413,HIGH,0.9602333803210592,1.0,126
NIFTYNEXT50,2008-12-05,2,SIDE,97.21633659459677,HIGH,0.9602333799228111,1.0,127
NIFTYNEXT50,2008-12-08,2,SIDE,97.21633638052216,HIGH,0.9602333768646024,1.0,128
NIFTYNEXT50,2008-12-10,2,SIDE,97.21633662153282,HIGH,0.9602333803076117,1.0,129
NIFTYNEXT50,2008-12-11,2,SIDE,97.21633662248826,HIGH,0.9602333803212608,1.0,130
NIFTYNEXT50,2008-12-12,2,SIDE,97.21633662245812,HIGH,0.9602333803208305,1.0,131
NIFTYNEXT50,2008-12-15,2,SIDE,97.21633662253082,HIGH,0.9602333803218689,1.0,132
NIFTYNEXT50,2008-12-16,2,SIDE,97.21633662253089,HIGH,0.9602333803218699,1.0,133
NIFTYNEXT50,2008-12-17,2,SIDE,97.21633662252167,HIGH,0.9602333803217383,1.0,134
NIFTYNEXT50,2008-12-18,2,SIDE,97.21633662253089,HIGH,0.9602333803218698,1.0,135
NIFTYNEXT50,2008-12-19,2,SIDE,97.21633662253082,HIGH,0.960233380321869,1.0,136
NIFTYNEXT50,2008-12-22,2,SIDE,97.21633662238854,HIGH,0.9602333803198363,1.0,137
NIFTYNEXT50,2008-12-23,2,SIDE,97.21633660819744,HIGH,0.9602333801171065,1.0,138
NIFTYNEXT50,2008-12-24,2,SIDE,97.21633356760006,HIGH,0.9602333366800011,1.0,139
NIFTYNEXT50,2008-12-26,2,SIDE,97.21606481903518,HIGH,0.9602294974147884,1.0,140
NIFTYNEXT50,2008-12-29,2,SIDE,97.2163365043612,HIGH,0.9602333786337313,1.0,141
NIFTYNEXT50,2008-12-30,2,SIDE,97.21633662080211,HIGH,0.960233380297173,1.0,142
NIFTYNEXT50,2008-12-31,2,SIDE,97.21633643254954,HIGH,0.9602333776078507,1.0,143
NIFTYNEXT50,2009-01-02,2,SIDE,97.21633662253089,HIGH,0.9602333803218698,1.0,144
NIFTYNEXT50,2009-01-05,2,SIDE,97.21633662253089,HIGH,0.9602333803218698,1.0,145
NIFTYNEXT50,2009-01-06,2,SIDE,97.21633662253089,HIGH,0.96023338032187,1.0,146
NIFTYNEXT50,2009-01-07,2,SIDE,97.21633662253089,HIGH,0.9602333803218698,1.0,147
NIFTYNEXT50,2009-01-09,2,SIDE,97.21633662190602,HIGH,0.9602333803129434,1.0,148
NIFTYNEXT50,2009-01-12,2,SIDE,97.2163366119972,HIGH,0.9602333801713886,1.0,149
NIFTYNEXT50,2009-01-13,2,SIDE,97.21633661845497,HIGH,0.9602333802636425,1.0,150
NIFTYNEXT50,2009-01-14,2,SIDE,97.21633662244724,HIGH,0.960233380320675,1.0,151
NIFTYNEXT50,2009-01-15,2,SIDE,97.21633662246299,HIGH,0.9602333803208999,1.0,152
NIFTYNEXT50,2009-01-16,2,SIDE,97.21633662162672,HIGH,0.9602333803089533,1.0,153
NIFTYNEXT50,2009-01-19,2,SIDE,97.21633661504487,HIGH,0.9602333802149269,1.0,154
NIFTYNEXT50,2009-01-20,2,SIDE,97.21633654993627,HIGH,0.960233379284804,1.0,155
NIFTYNEXT50,2009-01-21,2,SIDE,97.21633661210132,HIGH,0.9602333801728762,1.0,156
NIFTYNEXT50,2009-01-22,2,SIDE,97.2163366033941,HIGH,0.9602333800484874,1.0,157
NIFTYNEXT50,2009-01-23,2,SIDE,97.21633662252552,HIGH,0.9602333803217932,1.0,158
NIFTYNEXT50,2009-01-27,2,SIDE,97.21633662200016,HIGH,0.9602333803142878,1.0,159
NIFTYNEXT50,2009-01-28,2,SIDE,97.21633661903878,HIGH,0.9602333802719829,1.0,160
NIFTYNEXT50,2009-01-29,2,SIDE,97.2163364594283,HIGH,0.960233377991833,1.0,161
NIFTYNEXT50,2009-01-30,2,SIDE,97.21633648936263,HIGH,0.9602333784194661,1.0,162
NIFTYNEXT50,2009-02-02,2,SIDE,97.2163366112367,HIGH,0.9602333801605243,1.0,163
NIFTYNEXT50,2009-02-03,2,SIDE,97.21633423147564,HIGH,0.9602333461639377,1.0,164
NIFTYNEXT50,2009-02-04,2,SIDE,97.21625282678603,HIGH,0.9602321832398005,1.0,165
NIFTYNEXT50,2009-02-05,2,SIDE,97.21621223939276,HIGH,0.9602316034198966,1.0,166
NIFTYNEXT50,2009-02-06,2,SIDE,97.1702370625484,HIGH,0.9595748151792628,1.0,167
NIFTYNEXT50,2009-02-09,2,SIDE,97.21423671885456,HIGH,0.9602033816979224,1.0,168
NIFTYNEXT50,2009-02-10,2,SIDE,97.20948730274792,HIGH,0.9601355328963989,1.0,169
NIFTYNEXT50,2009-02-11,2,SIDE,97.21054467998738,HIGH,0.9601506382855342,1.0,170
NIFTYNEXT50,2009-02-12,2,SIDE,97.13140890783738,HIGH,0.9590201272548199,1.0,171
NIFTYNEXT50,2009-02-13,2,SIDE,97.21427157483275,HIGH,0.9602038796404682,1.0,172
NIFTYNEXT50,2009-02-16,2,SIDE,97.20113744123876,HIGH,0.9600162491605535,1.0,173
NIFTYNEXT50,2009-02-17,2,SIDE,97.16805050871058,HIGH,0.9595435786958656,1.0,174
NIFTYNEXT50,2009-02-18,2,SIDE,96.87964392712622,HIGH,0.9554234846732318,1.0,175
NIFTYNEXT50,2009-02-19,1,BEAR,69.10474004351899,MODERATE,0.9443534291931284,0.1,1
NIFTYNEXT50,2009-02-20,1,BEAR,72.06522398366084,MODERATE,0.9437889140522977,0.2,2
NIFTYNEXT50,2009-02-24,1,BEAR,74.99824679359301,MODERATE,0.9428320970513289,0.3,3
NIFTYNEXT50,2009-02-25,1,BEAR,77.71458791355701,HIGH,0.9387798273365288,0.4,4
NIFTYNEXT50,2009-02-26,1,BEAR,80.58570001499437,HIGH,0.9369385716427768,0.5,5
NIFTYNEXT50,2009-02-27,1,BEAR,83.57758059137181,HIGH,0.9368225798767401,0.6,6
NIFTYNEXT50,2009-03-02,1,BEAR,86.8471476667478,HIGH,0.9406735380963973,0.7,7
NIFTYNEXT50,2009-03-03,2,SIDE,75.78867716724987,HIGH,0.9541239595321411,0.3,1
NIFTYNEXT50,2009-03-04,2,SIDE,76.11449641028013,HIGH,0.958778520146859,0.3,2
NIFTYNEXT50,2009-03-05,2,SIDE,76.2163237929899,HIGH,0.9602331970427129,0.3,3
NIFTYNEXT50,2009-03-06,2,SIDE,79.21629849299421,HIGH,0.9602328356142033,0.4,4
NIFTYNEXT50,2009-03-09,2,SIDE,82.21633643077641,HIGH,0.9602333775825201,0.5,5
NIFTYNEXT50,2009-03-12,2,SIDE,85.21606199062568,HIGH,0.9602294570089384,0.6,6
NIFTYNEXT50,2009-03-13,2,SIDE,88.21588879043998,HIGH,0.9602269827205713,0.7,7
NIFTYNEXT50,2009-03-16,2,SIDE,91.21558220598232,HIGH,0.9602226029426046,0.8,8
NIFTYNEXT50,2009-03-17,2,SIDE,94.20249842524017,HIGH,0.9600356917891453,0.9,9
NIFTYNEXT50,2009-03-18,2,SIDE,97.2151424310945,HIGH,0.9602163204442073,1.0,10
NIFTYNEXT50,2009-03-19,2,SIDE,97.21085924172499,HIGH,0.9601551320246429,1.0,11
NIFTYNEXT50,2009-03-20,2,SIDE,97.16419823846736,HIGH,0.9594885462638195,1.0,12
NIFTYNEXT50,2009-03-23,2,SIDE,97.21633648748875,HIGH,0.9602333783926965,1.0,13
NIFTYNEXT50,2009-03-24,2,SIDE,97.21633391212296,HIGH,0.9602333416017568,1.0,14
NIFTYNEXT50,2009-03-25,2,SIDE,97.21633662085252,HIGH,0.9602333802978931,1.0,15
NIFTYNEXT50,2009-03-26,2,SIDE,97.21633662249738,HIGH,0.960233380321391,1.0,16
NIFTYNEXT50,2009-03-27,2,SIDE,97.21633662253089,HIGH,0.9602333803218698,1.0,17
NIFTYNEXT50,2009-03-30,2,SIDE,97.21633662251263,HIGH,0.960233380321609,1.0,18
NIFTYNEXT50,2009-03-31,2,SIDE,97.21633662253065,HIGH,0.9602333803218662,1.0,19
NIFTYNEXT50,2009-04-01,2,SIDE,97.216336622524,HIGH,0.9602333803217716,1.0,20
NIFTYNEXT50,2009-04-02,2,SIDE,97.21633662253089,HIGH,0.9602333803218698,1.0,21
NIFTYNEXT50,2009-04-06,2,SIDE,97.21633662253089,HIGH,0.9602333803218698,1.0,22
NIFTYNEXT50,2009-04-08,2,SIDE,97.21633662253089,HIGH,0.9602333803218698,1.0,23
NIFTYNEXT50,2009-04-09,2,SIDE,97.21633662253089,HIGH,0.9602333803218698,1.0,24
NIFTYNEXT50,2009-04-13,2,SIDE,97.21633662253089,HIGH,0.9602333803218698,1.0,25
NIFTYNEXT50,2009-04-15,2,SIDE,97.21633662253089,HIGH,0.9602333803218698,1.0,26
NIFTYNEXT50,2009-04-16,2,SIDE,97.21633662253089,HIGH,0.9602333803218698,1.0,27
NIFTYNEXT50,2009-04-17,2,SIDE,97.21633662253089,HIGH,0.9602333803218698,1.0,28
NIFTYNEXT50,2009-04-20,2,SIDE,97.21633662253089,HIGH,0.9602333803218698,1.0,29
NIFTYNEXT50,2009-04-21,2,SIDE,97.21633662253089,HIGH,0.9602333803218698,1.0,30
NIFTYNEXT50,2009-04-22,2,SIDE,97.21633662253089,HIGH,0.9602333803218698,1.0,31
NIFTYNEXT50,2009-04-23,2,SIDE,97.21633662253089,HIGH,0.9602333803218698,1.0,32
NIFTYNEXT50,2009-04-24,2,SIDE,97.21633662253089,HIGH,0.9602333803218698,1.0,33
NIFTYNEXT50,2009-04-27,2,SIDE,97.21633662253089,HIGH,0.9602333803218698,1.0,34
NIFTYNEXT50,2009-04-28,2,SIDE,97.21633662253089,HIGH,0.9602333803218698,1.0,35
NIFTYNEXT50,2009-04-29,2,SIDE,97.21633662253089,HIGH,0.9602333803218698,1.0,36
NIFTYNEXT50,2009-05-04,2,SIDE,97.21633662253089,HIGH,0.9602333803218698,1.0,37
NIFTYNEXT50,2009-05-05,2,SIDE,97.21633662253089,HIGH,0.9602333803218698,1.0,38
NIFTYNEXT50,2009-05-06,2,SIDE,97.21633662253089,HIGH,0.9602333803218698,1.0,39
NIFTYNEXT50,2009-05-07,2,SIDE,97.21633662253089,HIGH,0.9602333803218698,1.0,40
NIFTYNEXT50,2009-05-08,2,SIDE,97.21633662253089,HIGH,0.9602333803218698,1.0,41
NIFTYNEXT50,2009-05-11,2,SIDE,97.21633662253089,HIGH,0.9602333803218699,1.0,42
NIFTYNEXT50,2009-05-12,2,SIDE,97.21633662253089,HIGH,0.9602333803218698,1.0,43
NIFTYNEXT50,2009-05-13,2,SIDE,97.21633662253089,HIGH,0.9602333803218698,1.0,44
NIFTYNEXT50,2009-05-14,2,SIDE,97.21633662253089,HIGH,0.9602333803218698,1.0,45
NIFTYNEXT50,2009-05-15,2,SIDE,97.21633662253089,HIGH,0.9602333803218698,1.0,46
NIFTYNEXT50,2009-05-18,2,SIDE,97.21633662253089,HIGH,0.9602333803218698,1.0,47
NIFTYNEXT50,2009-05-19,2,SIDE,97.21633662253089,HIGH,0.9602333803218698,1.0,48
NIFTYNEXT50,2009-05-20,2,SIDE,97.21633662253089,HIGH,0.9602333803218698,1.0,49
NIFTYNEXT50,2009-05-21,2,SIDE,97.21633662253089,HIGH,0.9602333803218698,1.0,50
NIFTYNEXT50,2009-05-22,2,SIDE,97.21633662253089,HIGH,0.9602333803218698,1.0,51
NIFTYNEXT50,2009-05-25,2,SIDE,97.21633662253089,HIGH,0.9602333803218698,1.0,52
NIFTYNEXT50,2009-05-26,2,SIDE,97.21633662253089,HIGH,0.9602333803218698,1.0,53
NIFTYNEXT50,2009-05-27,2,SIDE,97.21633662253089,HIGH,0.9602333803218698,1.0,54
NIFTYNEXT50,2009-05-28,2,SIDE,97.21633662253089,HIGH,0.9602333803218698,1.0,55
NIFTYNEXT50,2009-05-29,2,SIDE,97.21633662253089,HIGH,0.9602333803218698,1.0,56
NIFTYNEXT50,2009-06-01,2,SIDE,97.21633662253089,HIGH,0.9602333803218698,1.0,57
NIFTYNEXT50,2009-06-02,2,SIDE,97.21633662253089,HIGH,0.9602333803218698,1.0,58
NIFTYNEXT50,2009-06-03,2,SIDE,97.21633662253089,HIGH,0.9602333803218698,1.0,59
NIFTYNEXT50,2009-06-04,2,SIDE,97.21633662253089,HIGH,0.9602333803218698,1.0,60
NIFTYNEXT50,2009-06-05,2,SIDE,97.21633662253089,HIGH,0.9602333803218698,1.0,61
NIFTYNEXT50,2009-06-08,2,SIDE,97.21633662253089,HIGH,0.9602333803218698,1.0,62
NIFTYNEXT50,2009-06-09,2,SIDE,97.21633662253089,HIGH,0.9602333803218698,1.0,63
NIFTYNEXT50,2009-06-10,2,SIDE,97.21633662253089,HIGH,0.9602333803218698,1.0,64
NIFTYNEXT50,2009-06-11,2,SIDE,97.21633662253089,HIGH,0.9602333803218698,1.0,65
NIFTYNEXT50,2009-06-12,2,SIDE,97.21633662253089,HIGH,0.9602333803218698,1.0,66
NIFTYNEXT50,2009-06-15,2,SIDE,97.21633662253089,HIGH,0.9602333803218698,1.0,67
NIFTYNEXT50,2009-06-16,2,SIDE,97.21633662253089,HIGH,0.9602333803218698,1.0,68
NIFTYNEXT50,2009-06-17,2,SIDE,97.21633662253089,HIGH,0.9602333803218698,1.0,69
NIFTYNEXT50,2009-06-18,2,SIDE,97.2163366225308,HIGH,0.9602333803218687,1.0,70
NIFTYNEXT50,2009-06-19,2,SIDE,97.21633662253082,HIGH,0.960233380321869,1.0,71
NIFTYNEXT50,2009-06-22,2,SIDE,97.21633662252786,HIGH,0.9602333803218267,1.0,72
NIFTYNEXT50,2009-06-23,2,SIDE,97.21633662241966,HIGH,0.9602333803202809,1.0,73
NIFTYNEXT50,2009-06-24,2,SIDE,97.21633662252975,HIGH,0.9602333803218538,1.0,74
NIFTYNEXT50,2009-06-25,2,SIDE,97.2163366224718,HIGH,0.9602333803210259,1.0,75
NIFTYNEXT50,2009-06-26,2,SIDE,97.21633662253093,HIGH,0.9602333803218706,1.0,76
NIFTYNEXT50,2009-06-29,2,SIDE,97.21633662253089,HIGH,0.9602333803218698,1.0,77
NIFTYNEXT50,2009-06-30,2,SIDE,97.21633662242199,HIGH,0.9602333803203141,1.0,78
NIFTYNEXT50,2009-07-01,2,SIDE,97.21633662105671,HIGH,0.9602333803008102,1.0,79
NIFTYNEXT50,2009-07-02,2,SIDE,97.21633661255684,HIGH,0.9602333801793835,1.0,80
NIFTYNEXT50,2009-07-03,2,SIDE,97.21633662247957,HIGH,0.9602333803211367,1.0,81
NIFTYNEXT50,2009-07-06,2,SIDE,97.21633662163735,HIGH,0.9602333803091051,1.0,82
NIFTYNEXT50,2009-07-07,2,SIDE,97.21630935738841,HIGH,0.9602329908198345,1.0,83
NIFTYNEXT50,2009-07-08,2,SIDE,97.21632140408512,HIGH,0.9602331629155018,1.0,84
NIFTYNEXT50,2009-07-09,2,SIDE,97.21604527283051,HIGH,0.9602292181832933,1.0,85
NIFTYNEXT50,2009-07-10,2,SIDE,97.21630821027193,HIGH,0.9602329744324563,1.0,86
NIFTYNEXT50,2009-07-13,2,SIDE,97.21633343801813,HIGH,0.9602333348288304,1.0,87
NIFTYNEXT50,2009-07-14,2,SIDE,97.21633661787985,HIGH,0.9602333802554266,1.0,88
NIFTYNEXT50,2009-07-15,2,SIDE,97.21633661309201,HIGH,0.960233380187029,1.0,89
NIFTYNEXT50,2009-07-16,2,SIDE,97.21632919268947,HIGH,0.9602332741812784,1.0,90
NIFTYNEXT50,2009-07-17,2,SIDE,97.21633659982048,HIGH,0.9602333799974354,1.0,91
NIFTYNEXT50,2009-07-20,2,SIDE,97.21633662253042,HIGH,0.9602333803218631,1.0,92
NIFTYNEXT50,2009-07-21,2,SIDE,97.2163366224379,HIGH,0.9602333803205415,1.0,93
NIFTYNEXT50,2009-07-22,2,SIDE,97.21633661288595,HIGH,0.9602333801840851,1.0,94
NIFTYNEXT50,2009-07-23,2,SIDE,97.21633662239488,HIGH,0.9602333803199271,1.0,95
NIFTYNEXT50,2009-07-24,2,SIDE,97.216336622528,HIGH,0.9602333803218287,1.0,96
NIFTYNEXT50,2009-07-27,2,SIDE,97.21633662253038,HIGH,0.9602333803218626,1.0,97
NIFTYNEXT50,2009-07-28,2,SIDE,97.21633662253059,HIGH,0.9602333803218657,1.0,98
NIFTYNEXT50,2009-07-29,2,SIDE,97.21633662244578,HIGH,0.9602333803206541,1.0,99
NIFTYNEXT50,2009-07-30,2,SIDE,97.21633662253055,HIGH,0.9602333803218651,1.0,100
NIFTYNEXT50,2009-07-31,2,SIDE,97.21633662253085,HIGH,0.9602333803218693,1.0,101
NIFTYNEXT50,2009-08-03,2,SIDE,97.21633662252968,HIGH,0.9602333803218527,1.0,102
NIFTYNEXT50,2009-08-04,2,SIDE,97.21633662217637,HIGH,0.9602333803168053,1.0,103
NIFTYNEXT50,2009-08-05,2,SIDE,97.21633660753528,HIGH,0.9602333801076468,1.0,104
NIFTYNEXT50,2009-08-06,2,SIDE,97.2163364923027,HIGH,0.9602333784614673,1.0,105
NIFTYNEXT50,2009-08-07,2,SIDE,97.21592050324452,HIGH,0.9602274357606362,1.0,106
NIFTYNEXT50,2009-08-10,2,SIDE,97.19936683829941,HIGH,0.959990954832849,1.0,107
NIFTYNEXT50,2009-08-11,2,SIDE,97.13676895340264,HIGH,0.9590966993343236,1.0,108
NIFTYNEXT50,2009-08-12,1,BEAR,69.33336516782252,MODERATE,0.9476195023974647,0.1,1
NIFTYNEXT50,2009-08-13,2,SIDE,94.21554528186218,HIGH,0.960222075455174,0.9,1
NIFTYNEXT50,2009-08-14,2,SIDE,94.20384968236847,HIGH,0.9600549954624067,0.9,2
NIFTYNEXT50,2009-08-17,2,SIDE,94.20541733265968,HIGH,0.9600773904665669,0.9,3
NIFTYNEXT50,2009-08-18,2,SIDE,94.20425513170039,HIGH,0.96006078759572,0.9,4
NIFTYNEXT50,2009-08-19,2,SIDE,94.09184196598315,HIGH,0.9584548852283308,0.9,5
NIFTYNEXT50,2009-08-20,2,SIDE,93.68127711895076,HIGH,0.952589673127868,0.9,6
NIFTYNEXT50,2009-08-21,1,BEAR,72.16340390680172,MODERATE,0.9451914843828817,0.2,1
NIFTYNEXT50,2009-08-24,2,SIDE,91.0411246363881,HIGH,0.9577303519484015,0.8,1
NIFTYNEXT50,2009-08-25,2,SIDE,91.13734192113216,HIGH,0.9591048845876025,0.8,2
NIFTYNEXT50,2009-08-26,2,SIDE,94.21177201216973,HIGH,0.9601681716024248,0.9,3
NIFTYNEXT50,2009-08-27,2,SIDE,94.2129582475457,HIGH,0.9601851178220815,0.9,4
NIFTYNEXT50,2009-08-28,2,SIDE,94.21563543955902,HIGH,0.9602233634222718,0.9,5
NIFTYNEXT50,2009-08-31,2,SIDE,94.21386191908425,HIGH,0.9601980274154893,0.9,6
NIFTYNEXT50,2009-09-01,2,SIDE,94.20545970141332,HIGH,0.960077995734476,0.9,7
NIFTYNEXT50,2009-09-02,2,SIDE,94.07711821936384,HIGH,0.9582445459909121,0.9,8
NIFTYNEXT50,2009-09-03,2,SIDE,93.7701950379061,HIGH,0.9538599291129445,0.9,9
NIFTYNEXT50,2009-09-04,2,SIDE,97.17795619360506,HIGH,0.9596850884800724,1.0,10
NIFTYNEXT50,2009-09-07,2,SIDE,97.21533546700802,HIGH,0.9602190781001148,1.0,11
NIFTYNEXT50,2009-09-08,2,SIDE,97.2079415115693,HIGH,0.9601134501652758,1.0,12
NIFTYNEXT50,2009-09-09,2,SIDE,97.18609971781508,HIGH,0.9598014245402158,1.0,13
NIFTYNEXT50,2009-09-10,0,BULL,70.09177115068913,MODERATE,0.9584538735812733,0.1,1
NIFTYNEXT50,2009-09-11,0,BULL,73.0806369169746,MODERATE,0.9582948130996372,0.2,2
NIFTYNEXT50,2009-09-14,0,BULL,76.08044404418074,HIGH,0.9582920577740107,0.3,3
NIFTYNEXT50,2009-09-15,0,BULL,79.0805992891286,HIGH,0.9582942755589801,0.4,4
NIFTYNEXT50,2009-09-16,0,BULL,82.08045975862179,HIGH,0.9582922822660255,0.5,5
NIFTYNEXT50,2009-09-17,0,BULL,85.08045285427919,HIGH,0.95829218363256,0.6,6
NIFTYNEXT50,2009-09-18,0,BULL,88.08046993411979,HIGH,0.9582924276302828,0.7,7
NIFTYNEXT50,2009-09-22,0,BULL,91.080460111579,HIGH,0.9582922873082714,0.8,8
NIFTYNEXT50,2009-09-23,0,BULL,94.08045147862376,HIGH,0.9582921639803395,0.9,9
NIFTYNEXT50,2009-09-24,0,BULL,97.08044961901068,HIGH,0.9582921374144382,1.0,10
NIFTYNEXT50,2009-09-25,0,BULL,97.08044970094336,HIGH,0.9582921385849051,1.0,11
NIFTYNEXT50,2009-09-29,0,BULL,97.08044978279993,HIGH,0.9582921397542848,1.0,12
NIFTYNEXT50,2009-09-30,0,BULL,97.08045550740192,HIGH,0.9582922215343131,1.0,13
NIFTYNEXT50,2009-10-01,0,BULL,97.08045120836053,HIGH,0.9582921601194361,1.0,14
NIFTYNEXT50,2009-10-05,0,BULL,97.08044050556643,HIGH,0.9582920072223778,1.0,15
NIFTYNEXT50,2009-10-06,0,BULL,97.0804489065166,HIGH,0.9582921272359514,1.0,16
NIFTYNEXT50,2009-10-07,0,BULL,97.08044926931072,HIGH,0.9582921324187247,1.0,17
NIFTYNEXT50,2009-10-08,0,BULL,97.08044922864197,HIGH,0.9582921318377425,1.0,18
NIFTYNEXT50,2009-10-09,0,BULL,97.0804481872013,HIGH,0.9582921169600185,1.0,19
NIFTYNEXT50,2009-10-12,0,BULL,97.08046098246248,HIGH,0.9582922997494641,1.0,20
NIFTYNEXT50,2009-10-14,0,BULL,97.08124224333908,HIGH,0.9583034606191295,1.0,21
NIFTYNEXT50,2009-10-15,0,BULL,97.0820456331021,HIGH,0.9583149376157444,1.0,22
NIFTYNEXT50,2009-10-16,0,BULL,97.09447897768797,HIGH,0.9584925568241138,1.0,23
NIFTYNEXT50,2009-10-20,0,BULL,97.09349005504933,HIGH,0.9584784293578474,1.0,24
NIFTYNEXT50,2009-10-21,0,BULL,97.08267661669898,HIGH,0.9583239516671284,1.0,25
NIFTYNEXT50,2009-10-22,0,BULL,97.08048465663792,HIGH,0.9582926379519704,1.0,26
NIFTYNEXT50,2009-10-23,0,BULL,97.08044793699591,HIGH,0.9582921133856559,1.0,27
NIFTYNEXT50,2009-10-26,0,BULL,97.0802476584881,HIGH,0.958289252264116,1.0,28
NIFTYNEXT50,2009-10-27,1,BEAR,68.61342157404815,MODERATE,0.9373345939149735,0.1,1
NIFTYNEXT50,2009-10-28,1,BEAR,71.58328527403792,MODERATE,0.9369040753433989,0.2,2
NIFTYNEXT50,2009-10-29,1,BEAR,74.57726743406238,MODERATE,0.9368181062008912,0.3,3
NIFTYNEXT50,2009-10-30,1,BEAR,77.57687126117843,HIGH,0.9368124465882633,0.4,4
NIFTYNEXT50,2009-11-03,1,BEAR,80.58369899238241,HIGH,0.9369099856054629,0.5,5
NIFTYNEXT50,2009-11-04,1,BEAR,83.59450579631371,HIGH,0.9370643685187674,0.6,6
NIFTYNEXT50,2009-11-05,1,BEAR,86.6006420153344,HIGH,0.9371520287904915,0.7,7
NIFTYNEXT50,2009-11-06,1,BEAR,89.63984535720574,HIGH,0.9377120765315108,0.8,8
NIFTYNEXT50,2009-11-09,2,SIDE,70.12699492236956,MODERATE,0.9589570703195652,0.1,1
NIFTYNEXT50,2009-11-10,2,SIDE,73.20735690247126,MODERATE,0.9601050986067324,0.2,2
NIFTYNEXT50,2009-11-11,2,SIDE,76.21632892992285,HIGH,0.9602332704274694,0.3,3
NIFTYNEXT50,2009-11-12,2,SIDE,79.21558628895578,HIGH,0.9602226612707969,0.4,4
NIFTYNEXT50,2009-11-13,2,SIDE,82.21563891702048,HIGH,0.9602234131002927,0.5,5
NIFTYNEXT50,2009-11-16,2,SIDE,85.21620948782154,HIGH,0.9602315641117362,0.6,6
NIFTYNEXT50,2009-11-17,2,SIDE,88.21596043868426,HIGH,0.9602280062669181,0.7,7
NIFTYNEXT50,2009-11-18,2,SIDE,91.21583920844654,HIGH,0.9602262744063792,0.8,8
NIFTYNEXT50,2009-11-19,2,SIDE,94.21590256087849,HIGH,0.9602271794411215,0.9,9
NIFTYNEXT50,2009-11-20,2,SIDE,97.21342177365788,HIGH,0.9601917396236841,1.0,10
NIFTYNEXT50,2009-11-23,2,SIDE,97.21014473490604,HIGH,0.9601449247843719,1.0,11
NIFTYNEXT50,2009-11-24,2,SIDE,97.20401118077532,HIGH,0.9600573025825049,1.0,12
NIFTYNEXT50,2009-11-25,0,BULL,70.11343957301884,MODERATE,0.9587634224716978,0.1,1
NIFTYNEXT50,2009-11-26,0,BULL,73.08373243352406,MODERATE,0.9583390347646297,0.2,2
NIFTYNEXT50,2009-11-27,1,BEAR,69.24226748279764,MODERATE,0.9463181068971093,0.1,1
NIFTYNEXT50,2009-11-30,0,BULL,75.68294197808956,HIGH,0.9526134568298509,0.3,1
NIFTYNEXT50,2009-12-01,0,BULL,79.0747074611453,HIGH,0.9582101065877899,0.4,2
NIFTYNEXT50,2009-12-02,0,BULL,82.08044653864532,HIGH,0.9582920934092188,0.5,3
NIFTYNEXT50,2009-12-03,0,BULL,85.0804463392442,HIGH,0.9582920905606317,0.6,4
NIFTYNEXT50,2009-12-04,0,BULL,88.08043939872354,HIGH,0.9582919914103365,0.7,5
NIFTYNEXT50,2009-12-07,0,BULL,91.07879828270106,HIGH,0.9582685468957294,0.8,6
NIFTYNEXT50,2009-12-08,0,BULL,94.08043777992275,HIGH,0.9582919682846106,0.9,7
NIFTYNEXT50,2009-12-09,0,BULL,94.0803569314966,HIGH,0.9582908133070941,0.9,8
NIFTYNEXT50,2009-12-10,0,BULL,94.08043002278741,HIGH,0.9582918574683916,0.9,9
NIFTYNEXT50,2009-12-11,0,BULL,97.08027953844372,HIGH,0.9582897076920532,1.0,10
NIFTYNEXT50,2009-12-14,0,BULL,97.0800294851824,HIGH,0.9582861355026057,1.0,11
NIFTYNEXT50,2009-12-15,0,BULL,96.70080893445116,HIGH,0.9528686990635883,1.0,12
NIFTYNEXT50,2009-12-16,0,BULL,96.98224890157643,HIGH,0.9568892700225204,1.0,13
NIFTYNEXT50,2009-12-17,0,BULL,97.07908772982509,HIGH,0.9582726818546444,1.0,14
NIFTYNEXT50,2009-12-18,0,BULL,97.04556444759804,HIGH,0.9577937778228293,1.0,15
NIFTYNEXT50,2009-12-21,0,BULL,96.49463463706279,HIGH,0.9499233519580399,1.0,16
NIFTYNEXT50,2009-12-22,0,BULL,96.53749241420309,HIGH,0.950535605917187,1.0,17
NIFTYNEXT50,2009-12-23,0,BULL,97.03479223729074,HIGH,0.9576398891041534,1.0,18
NIFTYNEXT50,2009-12-24,0,BULL,97.07968716310822,HIGH,0.9582812451872603,1.0,19
NIFTYNEXT50,2009-12-29,0,BULL,97.08011385208559,HIGH,0.9582873407440798,1.0,20
NIFTYNEXT50,2009-12-30,0,BULL,97.07959902112977,HIGH,0.9582799860161396,1.0,21
NIFTYNEXT50,2009-12-31,0,BULL,97.08032955529764,HIGH,0.9582904222185379,1.0,22
NIFTYNEXT50,2010-01-04,0,BULL,97.080437701854,HIGH,0.9582919671693428,1.0,23
NIFTYNEXT50,2010-01-05,0,BULL,97.0804497737222,HIGH,0.9582921396246027,1.0,24
NIFTYNEXT50,2010-01-06,0,BULL,97.08044952034783,HIGH,0.9582921360049689,1.0,25
NIFTYNEXT50,2010-01-07,0,BULL,97.08044909500082,HIGH,0.9582921299285833,1.0,26
NIFTYNEXT50,2010-01-08,0,BULL,97.0804489161964,HIGH,0.9582921273742345,1.0,27
NIFTYNEXT50,2010-01-11,0,BULL,97.08044899403605,HIGH,0.9582921284862294,1.0,28
NIFTYNEXT50,2010-01-12,0,BULL,97.08044802881459,HIGH,0.9582921146973515,1.0,29
NIFTYNEXT50,2010-01-13,0,BULL,97.08044883958837,HIGH,0.9582921262798341,1.0,30
NIFTYNEXT50,2010-01-14,0,BULL,97.08044896544689,HIGH,0.9582921280778129,1.0,31
NIFTYNEXT50,2010-01-15,0,BULL,97.08044854503912,HIGH,0.9582921220719877,1.0,32
NIFTYNEXT50,2010-01-18,0,BULL,97.08044864339188,HIGH,0.9582921234770267,1.0,33
NIFTYNEXT50,2010-01-19,0,BULL,97.08042946747793,HIGH,0.9582918495353989,1.0,34
NIFTYNEXT50,2010-01-20,0,BULL,97.08042735680642,HIGH,0.958291819382949,1.0,35
NIFTYNEXT50,2010-01-21,1,BEAR,68.73620710212148,MODERATE,0.9390886728874498,0.1,1
NIFTYNEXT50,2010-01-22,1,BEAR,71.57741134310346,MODERATE,0.9368201620443353,0.2,2
NIFTYNEXT50,2010-01-25,1,BEAR,74.57675718341112,MODERATE,0.9368108169058731,0.3,3
NIFTYNEXT50,2010-01-27,1,BEAR,77.60916454394923,HIGH,0.9372737791992749,0.4,4
NIFTYNEXT50,2010-01-28,1,BEAR,80.58059398258378,HIGH,0.9368656283226254,0.5,5
NIFTYNEXT50,2010-01-29,1,BEAR,83.57711533756967,HIGH,0.9368159333938523,0.6,6
NIFTYNEXT50,2010-02-01,1,BEAR,86.57678740397688,HIGH,0.9368112486282414,0.7,7
NIFTYNEXT50,2010-02-02,1,BEAR,89.57674297768847,HIGH,0.9368106139669781,0.8,8
NIFTYNEXT50,2010-02-03,1,BEAR,92.57686213667905,HIGH,0.9368123162382722,0.9,9
NIFTYNEXT50,2010-02-04,1,BEAR,95.57678405899279,HIGH,0.9368112008427542,1.0,10
NIFTYNEXT50,2010-02-05,1,BEAR,95.57864407032524,HIGH,0.9368377724332178,1.0,11
NIFTYNEXT50,2010-02-08,1,BEAR,95.57689616050757,HIGH,0.9368128022929653,1.0,12
NIFTYNEXT50,2010-02-09,1,BEAR,95.57676743994816,HIGH,0.936810963427831,1.0,13
NIFTYNEXT50,2010-02-10,1,BEAR,95.57674470854897,HIGH,0.9368106386935569,1.0,14
NIFTYNEXT50,2010-02-11,1,BEAR,95.57681075300421,HIGH,0.9368115821857745,1.0,15
NIFTYNEXT50,2010-02-15,1,BEAR,95.57680307336798,HIGH,0.9368114724766854,1.0,16
NIFTYNEXT50,2010-02-16,1,BEAR,95.57716709107606,HIGH,0.9368166727296582,1.0,17
NIFTYNEXT50,2010-02-17,1,BEAR,95.61548901316834,HIGH,0.9373641287595478,1.0,18
NIFTYNEXT50,2010-02-18,1,BEAR,95.57957880578962,HIGH,0.9368511257969947,1.0,19
NIFTYNEXT50,2010-02-19,1,BEAR,95.57694455456385,HIGH,0.9368134936366266,1.0,20
NIFTYNEXT50,2010-02-22,1,BEAR,95.57678094035786,HIGH,0.9368111562908267,1.0,21
NIFTYNEXT50,2010-02-23,1,BEAR,95.57677669206414,HIGH,0.9368110956009166,1.0,22
NIFTYNEXT50,2010-02-24,1,BEAR,95.57674141540298,HIGH,0.936810591648614,1.0,23
NIFTYNEXT50,2010-02-25,1,BEAR,95.57674600808801,HIGH,0.9368106572584003,1.0,24
NIFTYNEXT50,2010-02-26,1,BEAR,96.10972807020379,HIGH,0.9444246867171971,1.0,25
NIFTYNEXT50,2010-03-02,0,BULL,70.02209089474461,MODERATE,0.9574584413534943,0.1,1
NIFTYNEXT50,2010-03-03,0,BULL,73.08041970691778,MODERATE,0.9582917100988256,0.2,2
NIFTYNEXT50,2010-03-04,0,BULL,76.08045105393637,HIGH,0.9582921579133769,0.3,3
NIFTYNEXT50,2010-03-05,0,BULL,79.08045028978495,HIGH,0.9582921469969278,0.4,4
NIFTYNEXT50,2010-03-08,0,BULL,82.08044948580549,HIGH,0.9582921355115069,0.5,5
NIFTYNEXT50,2010-03-09,0,BULL,85.08043867473867,HIGH,0.9582919810676952,0.6,6
NIFTYNEXT50,2010-03-10,0,BULL,88.08039380698025,HIGH,0.958291340099718,0.7,7
NIFTYNEXT50,2010-03-11,0,BULL,91.08034239540977,HIGH,0.9582906056487112,0.8,8
NIFTYNEXT50,2010-03-12,0,BULL,94.080432314709,HIGH,0.9582918902101285,0.9,9
NIFTYNEXT50,2010-03-15,0,BULL,97.08035381090696,HIGH,0.9582907687272425,1.0,10
NIFTYNEXT50,2010-03-16,0,BULL,97.08043628772056,HIGH,0.9582919469674367,1.0,11
NIFTYNEXT50,2010-03-17,0,BULL,97.08044121964672,HIGH,0.9582920174235247,1.0,12
NIFTYNEXT50,2010-03-18,0,BULL,97.08044451544691,HIGH,0.9582920645063846,1.0,13
NIFTYNEXT50,2010-03-19,0,BULL,97.08044422039124,HIGH,0.9582920602913035,1.0,14
NIFTYNEXT50,2010-03-22,0,BULL,97.07842220158669,HIGH,0.9582631743083814,1.0,15
NIFTYNEXT50,2010-03-23,0,BULL,97.07701538003563,HIGH,0.9582430768576519,1.0,16
NIFTYNEXT50,2010-03-25,0,BULL,97.07394843807728,HIGH,0.9581992634011041,1.0,17
NIFTYNEXT50,2010-03-26,0,BULL,97.0794643888121,HIGH,0.9582780626973159,1.0,18
NIFTYNEXT50,2010-03-29,0,BULL,97.07985128562761,HIGH,0.9582835897946802,1.0,19
NIFTYNEXT50,2010-03-30,0,BULL,97.08039204144912,HIGH,0.9582913148778447,1.0,20
NIFTYNEXT50,2010-03-31,0,BULL,97.08043633130015,HIGH,0.9582919475900022,1.0,21
NIFTYNEXT50,2010-04-01,0,BULL,97.08044816330197,HIGH,0.9582921166185997,1.0,22
NIFTYNEXT50,2010-04-05,0,BULL,97.08044919443644,HIGH,0.958292131349092,1.0,23
NIFTYNEXT50,2010-04-06,0,BULL,97.08044904398054,HIGH,0.9582921291997222,1.0,24
NIFTYNEXT50,2010-04-07,0,BULL,97.08044905349604,HIGH,0.9582921293356579,1.0,25
NIFTYNEXT50,2010-04-08,0,BULL,97.08044898648495,HIGH,0.9582921283783565,1.0,26
NIFTYNEXT50,2010-04-09,0,BULL,97.08044893290975,HIGH,0.9582921276129963,1.0,27
NIFTYNEXT50,2010-04-12,0,BULL,97.08044644086573,HIGH,0.9582920920123678,1.0,28
NIFTYNEXT50,2010-04-13,0,BULL,97.08044879170892,HIGH,0.9582921255958419,1.0,29
NIFTYNEXT50,2010-04-15,0,BULL,97.08044541699705,HIGH,0.9582920773856722,1.0,30
NIFTYNEXT50,2010-04-16,0,BULL,97.08041693151095,HIGH,0.9582916704501565,1.0,31
NIFTYNEXT50,2010-04-19,0,BULL,97.03743984350307,HIGH,0.9576777120500439,1.0,32
NIFTYNEXT50,2010-04-20,0,BULL,97.07902869893958,HIGH,0.9582718385562797,1.0,33
NIFTYNEXT50,2010-04-21,0,BULL,97.08033990177339,HIGH,0.958290570025334,1.0,34
NIFTYNEXT50,2010-04-22,0,BULL,97.08036048852304,HIGH,0.9582908641217578,1.0,35
NIFTYNEXT50,2010-04-23,0,BULL,97.08027126169334,HIGH,0.958289589452762,1.0,36
NIFTYNEXT50,2010-04-26,0,BULL,97.07942919485657,HIGH,0.9582775599265225,1.0,37
NIFTYNEXT50,2010-04-27,0,BULL,97.07130065974627,HIGH,0.9581614379963754,1.0,38
NIFTYNEXT50,2010-04-28,0,BULL,96.86871583789616,HIGH,0.9552673691128024,1.0,39
NIFTYNEXT50,2010-04-29,0,BULL,97.03847219303637,HIGH,0.9576924599005194,1.0,40
NIFTYNEXT50,2010-04-30,0,BULL,97.08042692373576,HIGH,0.9582918131962251,1.0,41
NIFTYNEXT50,2010-05-03,0,BULL,97.08011799533283,HIGH,0.958287399933326,1.0,42
NIFTYNEXT50,2010-05-04,0,BULL,96.74522252483897,HIGH,0.953503178926271,1.0,43
NIFTYNEXT50,2010-05-05,0,BULL,97.0629109545263,HIGH,0.9580415850646616,1.0,44
NIFTYNEXT50,2010-05-06,0,BULL,97.04588127292439,HIGH,0.95779830389892,1.0,45
NIFTYNEXT50,2010-05-07,2,SIDE,70.21629145193145,MODERATE,0.9602327350275923,0.1,1
NIFTYNEXT50,2010-05-10,2,SIDE,73.02486156783799,MODERATE,0.9574980223976854,0.2,2
NIFTYNEXT50,2010-05-11,1,BEAR,68.60832307281827,MODERATE,0.9372617581831182,0.1,1
NIFTYNEXT50,2010-05-12,1,BEAR,71.5898389210118,MODERATE,0.9369976988715972,0.2,2
NIFTYNEXT50,2010-05-13,1,BEAR,74.82371590837951,MODERATE,0.9403387986911361,0.3,3
NIFTYNEXT50,2010-05-14,1,BEAR,77.58479167519565,HIGH,0.9369255953599378,0.4,4
NIFTYNEXT50,2010-05-17,1,BEAR,80.58774196205654,HIGH,0.9369677423150935,0.5,5
NIFTYNEXT50,2010-05-18,1,BEAR,83.59216153464058,HIGH,0.9370308790662939,0.6,6
NIFTYNEXT50,2010-05-19,1,BEAR,86.57682122179439,HIGH,0.9368117317399199,0.7,7
NIFTYNEXT50,2010-05-20,1,BEAR,89.57671781261651,HIGH,0.9368102544659502,0.8,8
NIFTYNEXT50,2010-05-21,1,BEAR,92.57672046502135,HIGH,0.936810292357448,0.9,9
NIFTYNEXT50,2010-05-24,1,BEAR,95.57671480663484,HIGH,0.936810211523355,1.0,10
NIFTYNEXT50,2010-05-25,1,BEAR,95.58065277735521,HIGH,0.9368664682479317,1.0,11
NIFTYNEXT50,2010-05-26,1,BEAR,95.57704493240897,HIGH,0.9368149276058426,1.0,12
NIFTYNEXT50,2010-05-27,1,BEAR,95.57681685822334,HIGH,0.9368116694031906,1.0,13
NIFTYNEXT50,2010-05-28,1,BEAR,95.57730568355925,HIGH,0.9368186526222749,1.0,14
NIFTYNEXT50,2010-05-31,1,BEAR,95.5822437149332,HIGH,0.9368891959276173,1.0,15
NIFTYNEXT50,2010-06-01,1,BEAR,95.57694522310867,HIGH,0.9368135031872666,1.0,16
NIFTYNEXT50,2010-06-02,1,BEAR,95.57715693862072,HIGH,0.9368165276945817,1.0,17
NIFTYNEXT50,2010-06-03,1,BEAR,95.59070817825766,HIGH,0.9370101168322523,1.0,18
NIFTYNEXT50,2010-06-04,1,BEAR,95.63100442089821,HIGH,0.9375857774414029,1.0,19
NIFTYNEXT50,2010-06-07,1,BEAR,95.57765337775011,HIGH,0.9368236196821443,1.0,20
NIFTYNEXT50,2010-06-08,1,BEAR,95.57758541899013,HIGH,0.9368226488427163,1.0,21
NIFTYNEXT50,2010-06-09,1,BEAR,95.5954641752474,HIGH,0.9370780596463917,1.0,22
NIFTYNEXT50,2010-06-10,1,BEAR,96.15485658231933,HIGH,0.945069379747419,1.0,23
NIFTYNEXT50,2010-06-11,0,BULL,69.86500905677968,MODERATE,0.9552144150968526,0.1,1
NIFTYNEXT50,2010-06-14,0,BULL,73.08006722969256,MODERATE,0.9582866747098938,0.2,2
NIFTYNEXT50,2010-06-15,0,BULL,76.08047475186555,HIGH,0.9582924964552222,0.3,3
NIFTYNEXT50,2010-06-16,0,BULL,79.08044196470513,HIGH,0.9582920280672163,0.4,4
NIFTYNEXT50,2010-06-17,0,BULL,82.08034819109291,HIGH,0.9582906884441845,0.5,5
NIFTYNEXT50,2010-06-18,0,BULL,85.07934241315547,HIGH,0.9582763201879353,0.6,6
NIFTYNEXT50,2010-06-21,0,BULL,88.08044274633973,HIGH,0.9582920392334248,0.7,7
NIFTYNEXT50,2010-06-22,0,BULL,91.08039697860875,HIGH,0.9582913854086965,0.8,8
NIFTYNEXT50,2010-06-23,0,BULL,94.08041922891321,HIGH,0.9582917032701889,0.9,9
NIFTYNEXT50,2010-06-24,0,BULL,97.08041280937263,HIGH,0.9582916115624661,1.0,10
NIFTYNEXT50,2010-06-25,0,BULL,97.08043898649707,HIGH,0.9582919855213867,1.0,11
NIFTYNEXT50,2010-06-28,0,BULL,97.08044892391814,HIGH,0.9582921274845451,1.0,12
NIFTYNEXT50,2010-06-29,0,BULL,97.08044153771667,HIGH,0.9582920219673812,1.0,13
NIFTYNEXT50,2010-06-30,0,BULL,97.08044516263881,HIGH,0.9582920737519829,1.0,14
NIFTYNEXT50,2010-07-01,0,BULL,97.08043196370326,HIGH,0.9582918851957609,1.0,15
NIFTYNEXT50,2010-07-02,0,BULL,97.08036188669891,HIGH,0.9582908840956986,1.0,16
NIFTYNEXT50,2010-07-05,0,BULL,97.08023298055409,HIGH,0.9582890425793441,1.0,17
NIFTYNEXT50,2010-07-06,0,BULL,97.08040362420161,HIGH,0.9582914803457372,1.0,18
NIFTYNEXT50,2010-07-07,0,BULL,97.08003299476451,HIGH,0.9582861856394932,1.0,19
NIFTYNEXT50,2010-07-08,0,BULL,97.08043474330572,HIGH,0.9582919249043674,1.0,20
NIFTYNEXT50,2010-07-09,0,BULL,97.08042107791974,HIGH,0.9582917296845679,1.0,21
NIFTYNEXT50,2010-07-12,0,BULL,97.080444259145,HIGH,0.9582920608449286,1.0,22
NIFTYNEXT50,2010-07-13,0,BULL,97.08044500091826,HIGH,0.9582920714416894,1.0,23
NIFTYNEXT50,2010-07-14,0,BULL,97.0804350594613,HIGH,0.9582919294208757,1.0,24
NIFTYNEXT50,2010-07-15,0,BULL,97.08044330406207,HIGH,0.9582920472008868,1.0,25
NIFTYNEXT50,2010-07-16,0,BULL,97.08044089259803,HIGH,0.9582920127514006,1.0,26
NIFTYNEXT50,2010-07-19,0,BULL,97.08044871093801,HIGH,0.9582921244419719,1.0,27
NIFTYNEXT50,2010-07-20,0,BULL,97.08044168619587,HIGH,0.9582920240885124,1.0,28
NIFTYNEXT50,2010-07-21,0,BULL,97.08044847644824,HIGH,0.9582921210921177,1.0,29
NIFTYNEXT50,2010-07-22,0,BULL,97.08044886641596,HIGH,0.9582921266630853,1.0,30
NIFTYNEXT50,2010-07-23,0,BULL,97.08044677146444,HIGH,0.9582920967352064,1.0,31
NIFTYNEXT50,2010-07-26,0,BULL,97.08039260573938,HIGH,0.9582913229391341,1.0,32
NIFTYNEXT50,2010-07-27,0,BULL,97.08044014738448,HIGH,0.9582920021054926,1.0,33
NIFTYNEXT50,2010-07-28,0,BULL,97.08043799732044,HIGH,0.9582919713902922,1.0,34
NIFTYNEXT50,2010-07-29,0,BULL,97.08043981310696,HIGH,0.9582919973300995,1.0,35
NIFTYNEXT50,2010-07-30,0,BULL,97.0801690023244,HIGH,0.9582881286046342,1.0,36
NIFTYNEXT50,2010-08-02,0,BULL,97.08043852037925,HIGH,0.9582919788625608,1.0,37
NIFTYNEXT50,2010-08-03,0,BULL,97.08044611436375,HIGH,0.9582920873480536,1.0,38
NIFTYNEXT50,2010-08-04,0,BULL,97.08044118785676,HIGH,0.9582920169693824,1.0,39
NIFTYNEXT50,2010-08-05,0,BULL,97.08039201322605,HIGH,0.958291314474658,1.0,40
NIFTYNEXT50,2010-08-06,0,BULL,97.0801111908131,HIGH,0.9582873027259015,1.0,41
NIFTYNEXT50,2010-08-09,0,BULL,97.08044428923952,HIGH,0.9582920612748503,1.0,42
NIFTYNEXT50,2010-08-10,0,BULL,97.0804050144235,HIGH,0.9582915002060499,1.0,43
NIFTYNEXT50,2010-08-11,0,BULL,97.07613107674102,HIGH,0.9582304439534434,1.0,44
NIFTYNEXT50,2010-08-12,0,BULL,97.08028754037976,HIGH,0.9582898220054253,1.0,45
NIFTYNEXT50,2010-08-13,0,BULL,97.0804466261255,HIGH,0.9582920946589358,1.0,46
NIFTYNEXT50,2010-08-16,0,BULL,97.0804369849076,HIGH,0.9582919569272514,1.0,47
NIFTYNEXT50,2010-08-17,0,BULL,97.08044248621685,HIGH,0.9582920355173836,1.0,48
NIFTYNEXT50,2010-08-18,0,BULL,97.08044763066536,HIGH,0.9582921090095052,1.0,49
NIFTYNEXT50,2010-08-19,0,BULL,97.08044887216005,HIGH,0.9582921267451437,1.0,50
NIFTYNEXT50,2010-08-20,0,BULL,97.08044856165428,HIGH,0.958292122309347,1.0,51
NIFTYNEXT50,2010-08-23,0,BULL,97.08044860493096,HIGH,0.9582921229275854,1.0,52
NIFTYNEXT50,2010-08-24,0,BULL,97.08043748348332,HIGH,0.9582919640497617,1.0,53
NIFTYNEXT50,2010-08-25,0,BULL,97.07929441668163,HIGH,0.9582756345240235,1.0,54
NIFTYNEXT50,2010-08-26,0,BULL,97.08021210472322,HIGH,0.9582887443531889,1.0,55
NIFTYNEXT50,2010-08-27,0,BULL,96.97667010856439,HIGH,0.9568095729794914,1.0,56
NIFTYNEXT50,2010-08-30,0,BULL,97.01128712651699,HIGH,0.9573041018073855,1.0,57
NIFTYNEXT50,2010-08-31,0,BULL,97.01696048435258,HIGH,0.9573851497764654,1.0,58
NIFTYNEXT50,2010-09-01,0,BULL,97.07918238587769,HIGH,0.9582740340839672,1.0,59
NIFTYNEXT50,2010-09-02,0,BULL,97.08006640484193,HIGH,0.9582866629263131,1.0,60
NIFTYNEXT50,2010-09-03,0,BULL,97.0803199249062,HIGH,0.9582902846415172,1.0,61
NIFTYNEXT50,2010-09-06,0,BULL,97.08044104641415,HIGH,0.9582920149487736,1.0,62
NIFTYNEXT50,2010-09-07,0,BULL,97.08042104467387,HIGH,0.9582917292096267,1.0,63
NIFTYNEXT50,2010-09-08,0,BULL,97.08032090090002,HIGH,0.9582902985842862,1.0,64
NIFTYNEXT50,2010-09-09,0,BULL,97.08041839422339,HIGH,0.9582916913460484,1.0,65
NIFTYNEXT50,2010-09-13,0,BULL,97.08044791789987,HIGH,0.9582921131128554,1.0,66
NIFTYNEXT50,2010-09-14,0,BULL,97.08044838818182,HIGH,0.9582921198311688,1.0,67
NIFTYNEXT50,2010-09-15,0,BULL,97.08044893973364,HIGH,0.9582921277104807,1.0,68
NIFTYNEXT50,2010-09-16,0,BULL,97.08043852296797,HIGH,0.9582919788995427,1.0,69
NIFTYNEXT50,2010-09-17,0,BULL,97.08044913775267,HIGH,0.9582921305393238,1.0,70
NIFTYNEXT50,2010-09-20,0,BULL,97.08044911746359,HIGH,0.9582921302494799,1.0,71
NIFTYNEXT50,2010-09-21,0,BULL,97.08044903126043,HIGH,0.9582921290180061,1.0,72
NIFTYNEXT50,2010-09-22,0,BULL,97.08044879099403,HIGH,0.958292125585629,1.0,73
NIFTYNEXT50,2010-09-23,0,BULL,97.08044841130588,HIGH,0.9582921201615127,1.0,74
NIFTYNEXT50,2010-09-24,0,BULL,97.0804487912443,HIGH,0.9582921255892041,1.0,75
NIFTYNEXT50,2010-09-27,0,BULL,97.08044858636245,HIGH,0.9582921226623207,1.0,76
NIFTYNEXT50,2010-09-28,0,BULL,97.0804485761455,HIGH,0.9582921225163645,1.0,77
NIFTYNEXT50,2010-09-29,0,BULL,97.0804468095388,HIGH,0.9582920972791258,1.0,78
NIFTYNEXT50,2010-09-30,0,BULL,97.0801887512747,HIGH,0.9582884107324958,1.0,79
NIFTYNEXT50,2010-10-01,0,BULL,97.08044775480316,HIGH,0.9582921107829024,1.0,80
NIFTYNEXT50,2010-10-04,0,BULL,97.08044902161133,HIGH,0.958292128880162,1.0,81
NIFTYNEXT50,2010-10-05,0,BULL,97.08044862407748,HIGH,0.9582921232011069,1.0,82
NIFTYNEXT50,2010-10-06,0,BULL,97.08044943711205,HIGH,0.9582921348158864,1.0,83
NIFTYNEXT50,2010-10-07,0,BULL,97.08044919855128,HIGH,0.9582921314078754,1.0,84
NIFTYNEXT50,2010-10-08,0,BULL,97.08044686809194,HIGH,0.9582920981155991,1.0,85
NIFTYNEXT50,2010-10-11,0,BULL,97.08044892775438,HIGH,0.9582921275393482,1.0,86
NIFTYNEXT50,2010-10-12,0,BULL,97.08043737242151,HIGH,0.9582919624631646,1.0,87
NIFTYNEXT50,2010-10-13,0,BULL,97.08044844128416,HIGH,0.9582921205897738,1.0,88
NIFTYNEXT50,2010-10-14,0,BULL,97.08044682596118,HIGH,0.9582920975137312,1.0,89
NIFTYNEXT50,2010-10-15,0,BULL,97.07333411588212,HIGH,0.9581904873697448,1.0,90
NIFTYNEXT50,2010-10-18,0,BULL,97.07922393818752,HIGH,0.9582746276883932,1.0,91
NIFTYNEXT50,2010-10-19,0,BULL,97.07884439117737,HIGH,0.9582692055882485,1.0,92
NIFTYNEXT50,2010-10-20,0,BULL,97.07946696387835,HIGH,0.9582780994839766,1.0,93
NIFTYNEXT50,2010-10-21,0,BULL,97.08032104912961,HIGH,0.9582903007018514,1.0,94
NIFTYNEXT50,2010-10-22,0,BULL,97.08028293637729,HIGH,0.9582897562339615,1.0,95
NIFTYNEXT50,2010-10-25,0,BULL,97.08001160137157,HIGH,0.9582858800195938,1.0,96
NIFTYNEXT50,2010-10-26,0,BULL,97.07707093156277,HIGH,0.9582438704508969,1.0,97
NIFTYNEXT50,2010-10-27,0,BULL,97.0701396391481,HIGH,0.9581448519878302,1.0,98
NIFTYNEXT50,2010-10-28,0,BULL,97.04185888760853,HIGH,0.9577408412515505,1.0,99
NIFTYNEXT50,2010-10-29,0,BULL,96.81388450231216,HIGH,0.9544840643187453,1.0,100
NIFTYNEXT50,2010-11-01,0,BULL,97.07701121698067,HIGH,0.9582430173854383,1.0,101
NIFTYNEXT50,2010-11-02,0,BULL,97.08023121789952,HIGH,0.9582890173985646,1.0,102
NIFTYNEXT50,2010-11-03,0,BULL,97.08038574085576,HIGH,0.958291224869368,1.0,103
NIFTYNEXT50,2010-11-04,0,BULL,97.0804487620076,HIGH,0.9582921251715373,1.0,104
NIFTYNEXT50,2010-11-08,0,BULL,97.08044875482219,HIGH,0.9582921250688885,1.0,105
NIFTYNEXT50,2010-11-09,0,BULL,97.08044890338141,HIGH,0.9582921271911632,1.0,106
NIFTYNEXT50,2010-11-10,0,BULL,97.08044880197289,HIGH,0.9582921257424698,1.0,107
NIFTYNEXT50,2010-11-11,0,BULL,97.07668688177264,HIGH,0.9582383840253237,1.0,108
NIFTYNEXT50,2010-11-12,1,BEAR,68.60233833118934,MODERATE,0.9371762618741335,0.1,1
NIFTYNEXT50,2010-11-15,1,BEAR,71.5997071949906,MODERATE,0.9371386742141514,0.2,2
NIFTYNEXT50,2010-11-16,1,BEAR,74.57672530836544,MODERATE,0.9368103615480778,0.3,3
NIFTYNEXT50,2010-11-18,1,BEAR,77.57709431024293,HIGH,0.9368156330034705,0.4,4
NIFTYNEXT50,2010-11-19,1,BEAR,80.57672786734061,HIGH,0.9368103981048659,0.5,5
NIFTYNEXT50,2010-11-22,1,BEAR,83.57682754304395,HIGH,0.9368118220434849,0.6,6
NIFTYNEXT50,2010-11-23,1,BEAR,86.5767036134159,HIGH,0.9368100516202272,0.7,7
NIFTYNEXT50,2010-11-24,1,BEAR,89.57677028312577,HIGH,0.9368110040446538,0.8,8
NIFTYNEXT50,2010-11-25,1,BEAR,93.23671199028172,HIGH,0.9462387427183102,0.9,9
NIFTYNEXT50,2010-11-26,2,SIDE,70.2162360468686,MODERATE,0.9602319435266944,0.1,1
NIFTYNEXT50,2010-11-29,2,SIDE,73.1484730545229,MODERATE,0.9592639007788987,0.2,2
NIFTYNEXT50,2010-11-30,2,SIDE,75.91396438642866,HIGH,0.9559137769489808,0.3,3
NIFTYNEXT50,2010-12-01,1,BEAR,86.75174868921954,HIGH,0.9393106955602794,0.7,1
NIFTYNEXT50,2010-12-02,1,BEAR,86.57788767390994,HIGH,0.936826966770142,0.7,2
NIFTYNEXT50,2010-12-03,1,BEAR,86.57687130590756,HIGH,0.936812447227251,0.7,3
NIFTYNEXT50,2010-12-06,1,BEAR,86.57686032921423,HIGH,0.9368122904173464,0.7,4
NIFTYNEXT50,2010-12-07,1,BEAR,86.57694287905782,HIGH,0.9368134697008262,0.7,5
NIFTYNEXT50,2010-12-08,1,BEAR,86.5778044427654,HIGH,0.9368257777537915,0.7,6
NIFTYNEXT50,2010-12-09,1,BEAR,87.1750179944389,HIGH,0.945357399920556,0.7,7
NIFTYNEXT50,2010-12-10,1,BEAR,89.99896028726825,HIGH,0.9428422898181179,0.8,8
NIFTYNEXT50,2010-12-13,1,BEAR,92.65518608194382,HIGH,0.9379312297420548,0.9,9
NIFTYNEXT50,2010-12-14,1,BEAR,95.58755305647,HIGH,0.9369650436638572,1.0,10
NIFTYNEXT50,2010-12-15,1,BEAR,95.58137619360065,HIGH,0.9368768027657238,1.0,11
NIFTYNEXT50,2010-12-16,1,BEAR,95.57959538795934,HIGH,0.9368513626851336,1.0,12
NIFTYNEXT50,2010-12-20,1,BEAR,95.57794856461203,HIGH,0.9368278366373147,1.0,13
NIFTYNEXT50,2010-12-21,1,BEAR,95.57796797535727,HIGH,0.9368281139336755,1.0,14
NIFTYNEXT50,2010-12-22,1,BEAR,95.57715087085315,HIGH,0.9368164410121879,1.0,15
NIFTYNEXT50,2010-12-23,1,BEAR,95.57719926142512,HIGH,0.9368171323060731,1.0,16
NIFTYNEXT50,2010-12-24,1,BEAR,95.5769201087374,HIGH,0.9368131444105343,1.0,17
NIFTYNEXT50,2010-12-27,1,BEAR,95.5768693207887,HIGH,0.93681241886841,1.0,18
NIFTYNEXT50,2010-12-28,1,BEAR,95.57683872445055,HIGH,0.9368119817778651,1.0,19
NIFTYNEXT50,2010-12-29,1,BEAR,95.5768654682595,HIGH,0.9368123638322787,1.0,20
NIFTYNEXT50,2010-12-30,1,BEAR,95.6004169911509,HIGH,0.9371488141592985,1.0,21
NIFTYNEXT50,2010-12-31,1,BEAR,95.85619677958155,HIGH,0.9408028111368792,1.0,22
NIFTYNEXT50,2011-01-03,1,BEAR,96.21789399261867,HIGH,0.9459699141802667,1.0,23
NIFTYNEXT50,2011-01-04,1,BEAR,95.6725701101244,HIGH,0.9381795730017771,1.0,24
NIFTYNEXT50,2011-01-05,1,BEAR,95.57814286507555,HIGH,0.9368306123582224,1.0,25
NIFTYNEXT50,2011-01-06,1,BEAR,95.57674753879499,HIGH,0.936810679125643,1.0,26
NIFTYNEXT50,2011-01-07,1,BEAR,95.57687045808483,HIGH,0.9368124351154976,1.0,27
NIFTYNEXT50,2011-01-10,1,BEAR,95.58187136137748,HIGH,0.936883876591107,1.0,28
NIFTYNEXT50,2011-01-11,1,BEAR,95.57787158004835,HIGH,0.9368267368578338,1.0,29
NIFTYNEXT50,2011-01-12,1,BEAR,95.57700176170587,HIGH,0.9368143108815126,1.0,30
NIFTYNEXT50,2011-01-13,1,BEAR,95.57679864839264,HIGH,0.9368114092627521,1.0,31
NIFTYNEXT50,2011-01-14,1,BEAR,95.57696087645967,HIGH,0.9368137268065665,1.0,32
NIFTYNEXT50,2011-01-17,1,BEAR,95.57706919643823,HIGH,0.9368152742348318,1.0,33
NIFTYNEXT50,2011-01-18,1,BEAR,95.57689909864848,HIGH,0.9368128442664071,1.0,34
NIFTYNEXT50,2011-01-19,1,BEAR,95.57683724585983,HIGH,0.9368119606551406,1.0,35
NIFTYNEXT50,2011-01-20,1,BEAR,95.57678042786897,HIGH,0.9368111489695568,1.0,36
NIFTYNEXT50,2011-01-21,1,BEAR,95.57674223257126,HIGH,0.9368106033224467,1.0,37
NIFTYNEXT50,2011-01-24,1,BEAR,95.57670889918543,HIGH,0.9368101271312206,1.0,38
NIFTYNEXT50,2011-01-25,1,BEAR,95.57670581455322,HIGH,0.936810083065046,1.0,39
NIFTYNEXT50,2011-01-27,1,BEAR,95.57733389213281,HIGH,0.9368190556018974,1.0,40
NIFTYNEXT50,2011-01-28,1,BEAR,95.58467050400455,HIGH,0.936923864342922,1.0,41
NIFTYNEXT50,2011-01-31,1,BEAR,95.57743882197505,HIGH,0.9368205545996435,1.0,42
NIFTYNEXT50,2011-02-01,1,BEAR,95.57818437841486,HIGH,0.9368312054059266,1.0,43
NIFTYNEXT50,2011-02-02,1,BEAR,95.57734656390453,HIGH,0.9368192366272076,1.0,44
NIFTYNEXT50,2011-02-03,1,BEAR,95.57684284510619,HIGH,0.9368120406443742,1.0,45
NIFTYNEXT50,2011-02-04,1,BEAR,95.57697815963655,HIGH,0.9368139737090937,1.0,46
NIFTYNEXT50,2011-02-07,1,BEAR,95.57689093921084,HIGH,0.9368127277030122,1.0,47
NIFTYNEXT50,2011-02-08,1,BEAR,95.58494808691553,HIGH,0.936927829813079,1.0,48
NIFTYNEXT50,2011-02-09,2,SIDE,69.88482338721428,MODERATE,0.955497476960204,0.1,1
NIFTYNEXT50,2011-02-10,2,SIDE,73.14360848256997,MODERATE,0.9591944068938569,0.2,2
NIFTYNEXT50,2011-02-11,2,SIDE,75.89263412490543,HIGH,0.9556090589272204,0.3,3
NIFTYNEXT50,2011-02-14,2,SIDE,78.6697807206941,HIGH,0.9524254388670588,0.4,4
NIFTYNEXT50,2011-02-15,1,BEAR,83.61703171579491,HIGH,0.9373861673684988,0.6,1
NIFTYNEXT50,2011-02-16,1,BEAR,83.5774503773406,HIGH,0.9368207196762943,0.6,2
NIFTYNEXT50,2011-02-17,1,BEAR,83.57929779767368,HIGH,0.9368471113953385,0.6,3
NIFTYNEXT50,2011-02-18,1,BEAR,83.5775410115559,HIGH,0.9368220144507985,0.6,4
NIFTYNEXT50,2011-02-21,1,BEAR,83.57828312279145,HIGH,0.936832616039878,0.6,5
NIFTYNEXT50,2011-02-22,1,BEAR,83.57749161932406,HIGH,0.9368213088474868,0.6,6
NIFTYNEXT50,2011-02-23,1,BEAR,86.57713079563939,HIGH,0.9368161542234199,0.7,7
NIFTYNEXT50,2011-02-24,1,BEAR,89.60927956045856,HIGH,0.9372754222922652,0.8,8
NIFTYNEXT50,2011-02-25,1,BEAR,92.57869472291772,HIGH,0.9368384960416817,0.9,9
NIFTYNEXT50,2011-02-28,1,BEAR,95.57785726268531,HIGH,0.936826532324076,1.0,10
NIFTYNEXT50,2011-03-01,1,BEAR,96.21090727902617,HIGH,0.9458701039860882,1.0,11
NIFTYNEXT50,2011-03-03,1,BEAR,96.31795897317492,HIGH,0.9473994139024988,1.0,12
NIFTYNEXT50,2011-03-04,1,BEAR,96.0698941567239,HIGH,0.9438556308103417,1.0,13
NIFTYNEXT50,2011-03-07,1,BEAR,95.62272601445558,HIGH,0.9374675144922225,1.0,14
NIFTYNEXT50,2011-03-08,1,BEAR,95.58455655214655,HIGH,0.9369222364592363,1.0,15
NIFTYNEXT50,2011-03-09,1,BEAR,95.57935462415703,HIGH,0.9368479232022435,1.0,16
NIFTYNEXT50,2011-03-10,1,BEAR,95.57726819723422,HIGH,0.9368181171033462,1.0,17
NIFTYNEXT50,2011-03-11,1,BEAR,95.57695352539908,HIGH,0.9368136217914154,1.0,18
NIFTYNEXT50,2011-03-14,1,BEAR,95.57737584799406,HIGH,0.9368196549713439,1.0,19
NIFTYNEXT50,2011-03-15,1,BEAR,95.57676343839792,HIGH,0.9368109062628274,1.0,20
NIFTYNEXT50,2011-03-16,1,BEAR,95.57785495511666,HIGH,0.9368264993588095,1.0,21
NIFTYNEXT50,2011-03-17,1,BEAR,95.59616932721883,HIGH,0.9370881332459835,1.0,22
NIFTYNEXT50,2011-03-18,1,BEAR,95.57739329358328,HIGH,0.9368199041940469,1.0,23
NIFTYNEXT50,2011-03-21,1,BEAR,95.57713607613753,HIGH,0.9368162296591078,1.0,24
NIFTYNEXT50,2011-03-22,1,BEAR,95.57709028805009,HIGH,0.9368155755435728,1.0,25
NIFTYNEXT50,2011-03-23,1,BEAR,95.58029344140671,HIGH,0.9368613348772387,1.0,26
NIFTYNEXT50,2011-03-24,1,BEAR,95.60186229323998,HIGH,0.9371694613319997,1.0,27
NIFTYNEXT50,2011-03-25,0,BULL,69.77764201733281,MODERATE,0.9539663145333259,0.1,1
NIFTYNEXT50,2011-03-28,0,BULL,73.07915813041261,MODERATE,0.958273687577323,0.2,2
NIFTYNEXT50,2011-03-29,0,BULL,76.08030953841069,HIGH,0.95829013626301,0.3,3
NIFTYNEXT50,2011-03-30,0,BULL,79.08044714997479,HIGH,0.9582921021424969,0.4,4
NIFTYNEXT50,2011-03-31,0,BULL,82.08044893275179,HIGH,0.9582921276107399,0.5,5
NIFTYNEXT50,2011-04-01,0,BULL,85.08044894961195,HIGH,0.9582921278515995,0.6,6
NIFTYNEXT50,2011-04-04,0,BULL,88.08045036702342,HIGH,0.9582921481003346,0.7,7
NIFTYNEXT50,2011-04-05,0,BULL,91.08045622958264,HIGH,0.9582922318511806,0.8,8
NIFTYNEXT50,2011-04-06,0,BULL,94.08045216325351,HIGH,0.9582921737607645,0.9,9
NIFTYNEXT50,2011-04-07,0,BULL,97.0804609113329,HIGH,0.9582922987333274,1.0,10
NIFTYNEXT50,2011-04-08,0,BULL,97.08045116753216,HIGH,0.958292159536174,1.0,11
NIFTYNEXT50,2011-04-11,0,BULL,97.08044874657587,HIGH,0.9582921249510837,1.0,12
NIFTYNEXT50,2011-04-13,0,BULL,97.08044954399648,HIGH,0.9582921363428069,1.0,13
NIFTYNEXT50,2011-04-15,0,BULL,97.08044894301176,HIGH,0.9582921277573109,1.0,14
NIFTYNEXT50,2011-04-18,0,BULL,97.08043851572651,HIGH,0.9582919787960932,1.0,15
NIFTYNEXT50,2011-04-19,0,BULL,97.0804439469107,HIGH,0.9582920563844387,1.0,16
NIFTYNEXT50,2011-04-20,0,BULL,97.08044725486016,HIGH,0.9582921036408594,1.0,17
NIFTYNEXT50,2011-04-21,0,BULL,97.08034711096845,HIGH,0.9582906730138349,1.0,18
NIFTYNEXT50,2011-04-25,0,BULL,97.0804166360675,HIGH,0.9582916662295357,1.0,19
NIFTYNEXT50,2011-04-26,0,BULL,97.0802344948283,HIGH,0.9582890642118328,1.0,20
NIFTYNEXT50,2011-04-27,0,BULL,97.08008602207576,HIGH,0.9582869431725111,1.0,21
NIFTYNEXT50,2011-04-28,0,BULL,97.0545494584775,HIGH,0.957922135121107,1.0,22
NIFTYNEXT50,2011-04-29,1,BEAR,68.87776178590768,MODERATE,0.941110882655824,0.1,1
NIFTYNEXT50,2011-05-02,1,BEAR,71.576798123446,MODERATE,0.9368114017635142,0.2,2
NIFTYNEXT50,2011-05-03,1,BEAR,74.57684283405003,MODERATE,0.9368120404864291,0.3,3
NIFTYNEXT50,2011-05-04,1,BEAR,77.57674349759107,HIGH,0.9368106213941582,0.4,4
NIFTYNEXT50,2011-05-05,1,BEAR,80.57702905132096,HIGH,0.9368147007331565,0.5,5
NIFTYNEXT50,2011-05-06,1,BEAR,83.57678722457244,HIGH,0.9368112460653207,0.6,6
NIFTYNEXT50,2011-05-09,1,BEAR,86.57671911078272,HIGH,0.9368102730111818,0.7,7
NIFTYNEXT50,2011-05-10,1,BEAR,89.57671577802017,HIGH,0.9368102254002884,0.8,8
NIFTYNEXT50,2011-05-11,1,BEAR,92.57675207062806,HIGH,0.9368107438661152,0.9,9
NIFTYNEXT50,2011-05-12,1,BEAR,95.57671318371615,HIGH,0.9368101883388021,1.0,10
NIFTYNEXT50,2011-05-13,1,BEAR,95.57731277092651,HIGH,0.9368187538703787,1.0,11
NIFTYNEXT50,2011-05-16,1,BEAR,95.57698001596158,HIGH,0.9368140002280227,1.0,12
NIFTYNEXT50,2011-05-17,1,BEAR,95.57680918377412,HIGH,0.9368115597682016,1.0,13
NIFTYNEXT50,2011-05-18,1,BEAR,95.57670063572505,HIGH,0.9368100090817865,1.0,14
NIFTYNEXT50,2011-05-19,1,BEAR,95.57670046872333,HIGH,0.9368100066960476,1.0,15
NIFTYNEXT50,2011-05-20,1,BEAR,95.57690275756605,HIGH,0.936812896536658,1.0,16
NIFTYNEXT50,2011-05-23,1,BEAR,95.57672247930404,HIGH,0.9368103211329151,1.0,17
NIFTYNEXT50,2011-05-24,1,BEAR,95.57961496033744,HIGH,0.9368516422905351,1.0,18
NIFTYNEXT50,2011-05-25,1,BEAR,95.59683133094939,HIGH,0.9370975904421341,1.0,19
NIFTYNEXT50,2011-05-26,1,BEAR,95.61244599408865,HIGH,0.9373206570584094,1.0,20
NIFTYNEXT50,2011-05-27,1,BEAR,95.9349262505859,HIGH,0.9419275178655129,1.0,21
NIFTYNEXT50,2011-05-30,0,BULL,69.97313039333062,MODERATE,0.9567590056190088,0.1,1
NIFTYNEXT50,2011-05-31,0,BULL,73.0804563563131,MODERATE,0.9582922336616159,0.2,2
NIFTYNEXT50,2011-06-01,0,BULL,76.08044326764156,HIGH,0.9582920466805938,0.3,3
NIFTYNEXT50,2011-06-02,0,BULL,79.07909965040992,HIGH,0.9582728521487132,0.4,4
NIFTYNEXT50,2011-06-03,0,BULL,82.07639268742317,HIGH,0.9582341812489023,0.5,5
NIFTYNEXT50,2011-06-06,0,BULL,85.07777744952286,HIGH,0.9582539635646123,0.6,6
NIFTYNEXT50,2011-06-07,0,BULL,88.08035942254725,HIGH,0.9582908488935322,0.7,7
NIFTYNEXT50,2011-06-08,0,BULL,91.08035408878494,HIGH,0.9582907726969279,0.8,8
NIFTYNEXT50,2011-06-09,0,BULL,94.08005969370322,HIGH,0.9582865670529032,0.9,9
NIFTYNEXT50,2011-06-10,0,BULL,97.0797032882817,HIGH,0.9582814755468816,1.0,10
NIFTYNEXT50,2011-06-13,0,BULL,97.07949943606708,HIGH,0.9582785633723869,1.0,11
NIFTYNEXT50,2011-06-14,0,BULL,97.08015862770667,HIGH,0.9582879803958095,1.0,12
NIFTYNEXT50,2011-06-15,0,BULL,97.045474061604,HIGH,0.9577924865943429,1.0,13
NIFTYNEXT50,2011-06-16,1,BEAR,68.86381288834008,MODERATE,0.9409116126905726,0.1,1
NIFTYNEXT50,2011-06-17,1,BEAR,71.5769905834896,MODERATE,0.9368141511927087,0.2,2
NIFTYNEXT50,2011-06-20,1,BEAR,74.57676694407242,MODERATE,0.9368109563438918,0.3,3
NIFTYNEXT50,2011-06-21,1,BEAR,77.57676674501366,HIGH,0.9368109535001952,0.4,4
NIFTYNEXT50,2011-06-22,1,BEAR,80.57680563938604,HIGH,0.9368115091340863,0.5,5
NIFTYNEXT50,2011-06-23,1,BEAR,83.57674147531655,HIGH,0.9368105925045224,0.6,6
NIFTYNEXT50,2011-06-24,1,BEAR,86.5767486524166,HIGH,0.9368106950345229,0.7,7
NIFTYNEXT50,2011-06-27,1,BEAR,89.57939573797303,HIGH,0.936848510542472,0.8,8
NIFTYNEXT50,2011-06-28,1,BEAR,92.58439749771567,HIGH,0.9369199642530811,0.9,9
NIFTYNEXT50,2011-06-29,1,BEAR,95.60168279239618,HIGH,0.9371668970342312,1.0,10
NIFTYNEXT50,2011-06-30,1,BEAR,96.01348265114646,HIGH,0.9430497521592353,1.0,11
NIFTYNEXT50,2011-07-01,0,BULL,69.66065741829702,MODERATE,0.9522951059756718,0.1,1
NIFTYNEXT50,2011-07-04,0,BULL,73.069338955589,MODERATE,0.9581334136512716,0.2,2
NIFTYNEXT50,2011-07-05,0,BULL,76.07969374993135,HIGH,0.9582813392847338,0.3,3
NIFTYNEXT50,2011-07-06,0,BULL,79.08034069709134,HIGH,0.9582905813870193,0.4,4
NIFTYNEXT50,2011-07-07,0,BULL,82.08044582658994,HIGH,0.9582920832369992,0.5,5
NIFTYNEXT50,2011-07-08,0,BULL,85.08020053749152,HIGH,0.9582885791070218,0.6,6
NIFTYNEXT50,2011-07-11,0,BULL,88.0797633104326,HIGH,0.9582823330061802,0.7,7
NIFTYNEXT50,2011-07-12,0,BULL,91.06121305884336,HIGH,0.9580173294120482,0.8,8
NIFTYNEXT50,2011-07-13,0,BULL,94.07990119486345,HIGH,0.9582843027837638,0.9,9
NIFTYNEXT50,2011-07-14,0,BULL,97.08037734372068,HIGH,0.9582911049102956,1.0,10
NIFTYNEXT50,2011-07-15,0,BULL,97.07946239646654,HIGH,0.9582780342352364,1.0,11
NIFTYNEXT50,2011-07-18,0,BULL,97.08007168680925,HIGH,0.9582867383829893,1.0,12
NIFTYNEXT50,2011-07-19,0,BULL,97.07983962744314,HIGH,0.9582834232491877,1.0,13
NIFTYNEXT50,2011-07-20,0,BULL,96.99464787830524,HIGH,0.9570663982615036,1.0,14
NIFTYNEXT50,2011-07-21,1,BEAR,68.64400558751554,MODERATE,0.937771508393079,0.1,1
NIFTYNEXT50,2011-07-22,1,BEAR,71.59082067573578,MODERATE,0.9370117239390826,0.2,2
NIFTYNEXT50,2011-07-25,1,BEAR,74.64698088945279,MODERATE,0.9378140127064686,0.3,3
NIFTYNEXT50,2011-07-26,1,BEAR,77.57844438329845,HIGH,0.9368349197614065,0.4,4
NIFTYNEXT50,2011-07-27,1,BEAR,80.5774840575355,HIGH,0.9368212008219358,0.5,5
NIFTYNEXT50,2011-07-28,1,BEAR,83.57684699993699,HIGH,0.9368120999991001,0.6,6
NIFTYNEXT50,2011-07-29,1,BEAR,86.57671483208573,HIGH,0.9368102118869389,0.7,7
NIFTYNEXT50,2011-08-01,1,BEAR,89.57669862850676,HIGH,0.9368099804072395,0.8,8
NIFTYNEXT50,2011-08-02,1,BEAR,92.57670824574392,HIGH,0.9368101177963417,0.9,9
NIFTYNEXT50,2011-08-03,1,BEAR,95.57673908211545,HIGH,0.9368105583159351,1.0,10
NIFTYNEXT50,2011-08-04,1,BEAR,95.57674725663313,HIGH,0.9368106750947589,1.0,11
NIFTYNEXT50,2011-08-05,1,BEAR,95.5775911733533,HIGH,0.9368227310479041,1.0,12
NIFTYNEXT50,2011-08-08,1,BEAR,95.57828952562173,HIGH,0.9368327075088819,1.0,13
NIFTYNEXT50,2011-08-09,1,BEAR,95.58507909890568,HIGH,0.9369297014129384,1.0,14
NIFTYNEXT50,2011-08-10,1,BEAR,95.577008544558,HIGH,0.9368144077794001,1.0,15
NIFTYNEXT50,2011-08-11,1,BEAR,95.5768198684148,HIGH,0.9368117124059258,1.0,16
NIFTYNEXT50,2011-08-12,1,BEAR,95.5771027153409,HIGH,0.9368157530762985,1.0,17
NIFTYNEXT50,2011-08-16,1,BEAR,95.5776784284424,HIGH,0.9368239775491772,1.0,18
NIFTYNEXT50,2011-08-17,1,BEAR,95.57808670231802,HIGH,0.9368298100331146,1.0,19
NIFTYNEXT50,2011-08-18,1,BEAR,95.63322301200907,HIGH,0.9376174716001298,1.0,20
NIFTYNEXT50,2011-08-19,1,BEAR,95.71543434872132,HIGH,0.9387919192674474,1.0,21
NIFTYNEXT50,2011-08-22,1,BEAR,95.59190214045282,HIGH,0.9370271734350404,1.0,22
NIFTYNEXT50,2011-08-23,1,BEAR,95.57710551069793,HIGH,0.9368157930099705,1.0,23
NIFTYNEXT50,2011-08-24,1,BEAR,95.57707887691771,HIGH,0.9368154125273959,1.0,24
NIFTYNEXT50,2011-08-25,1,BEAR,95.57860453355957,HIGH,0.9368372076222796,1.0,25
NIFTYNEXT50,2011-08-26,1,BEAR,95.62650297361944,HIGH,0.9375214710517064,1.0,26
NIFTYNEXT50,2011-08-29,1,BEAR,95.58341196585754,HIGH,0.9369058852265363,1.0,27
NIFTYNEXT50,2011-08-30,1,BEAR,95.57689056967962,HIGH,0.9368127224239946,1.0,28
NIFTYNEXT50,2011-09-02,1,BEAR,95.57680168855107,HIGH,0.9368114526935867,1.0,29
NIFTYNEXT50,2011-09-05,1,BEAR,95.57677781652205,HIGH,0.9368111116646008,1.0,30
NIFTYNEXT50,2011-09-06,1,BEAR,95.5768042456499,HIGH,0.93681148922357,1.0,31
NIFTYNEXT50,2011-09-07,1,BEAR,95.58144465434057,HIGH,0.936877780776294,1.0,32
NIFTYNEXT50,2011-09-08,1,BEAR,95.58620585997268,HIGH,0.93694579799961,1.0,33
NIFTYNEXT50,2011-09-09,1,BEAR,95.57792627144732,HIGH,0.9368275181635332,1.0,34
NIFTYNEXT50,2011-09-12,1,BEAR,95.57747269844477,HIGH,0.9368210385492111,1.0,35
NIFTYNEXT50,2011-09-13,1,BEAR,95.57683159026134,HIGH,0.9368118798608763,1.0,36
NIFTYNEXT50,2011-09-14,1,BEAR,95.57685303992835,HIGH,0.936812186284691,1.0,37
NIFTYNEXT50,2011-09-15,1,BEAR,95.57869737073743,HIGH,0.9368385338676778,1.0,38
NIFTYNEXT50,2011-09-16,1,BEAR,95.58795665929556,HIGH,0.9369708094185081,1.0,39
NIFTYNEXT50,2011-09-19,1,BEAR,95.59569289883252,HIGH,0.9370813271261789,1.0,40
NIFTYNEXT50,2011-09-20,1,BEAR,95.64897656057805,HIGH,0.9378425222939722,1.0,41
NIFTYNEXT50,2011-09-21,1,BEAR,96.02057063973577,HIGH,0.9431510091390826,1.0,42
NIFTYNEXT50,2011-09-22,1,BEAR,95.57855522991888,HIGH,0.9368365032845553,1.0,43
NIFTYNEXT50,2011-09-23,1,BEAR,95.57679505066528,HIGH,0.9368113578666467,1.0,44
NIFTYNEXT50,2011-09-26,1,BEAR,95.57693063901931,HIGH,0.9368132948431329,1.0,45
NIFTYNEXT50,2011-09-27,1,BEAR,95.57691777747992,HIGH,0.9368131111068562,1.0,46
NIFTYNEXT50,2011-09-28,1,BEAR,95.57671818095086,HIGH,0.9368102597278694,1.0,47
NIFTYNEXT50,2011-09-29,1,BEAR,95.57673209050827,HIGH,0.9368104584358324,1.0,48
NIFTYNEXT50,2011-09-30,1,BEAR,95.57673386214489,HIGH,0.9368104837449271,1.0,49
NIFTYNEXT50,2011-10-03,1,BEAR,95.57701653995714,HIGH,0.9368145219993879,1.0,50
NIFTYNEXT50,2011-10-04,1,BEAR,95.57850257717651,HIGH,0.9368357511025217,1.0,51
NIFTYNEXT50,2011-10-05,1,BEAR,95.57775825787884,HIGH,0.9368251179696979,1.0,52
NIFTYNEXT50,2011-10-07,1,BEAR,95.57696986501492,HIGH,0.936813855214499,1.0,53
NIFTYNEXT50,2011-10-10,1,BEAR,95.57677311703668,HIGH,0.9368110445290954,1.0,54
NIFTYNEXT50,2011-10-11,1,BEAR,95.5767222521312,HIGH,0.9368103178875888,1.0,55
NIFTYNEXT50,2011-10-12,1,BEAR,95.57686772006315,HIGH,0.9368123960009024,1.0,56
NIFTYNEXT50,2011-10-13,1,BEAR,95.57791159996509,HIGH,0.9368273085709299,1.0,57
NIFTYNEXT50,2011-10-14,1,BEAR,95.57944742086836,HIGH,0.9368492488695482,1.0,58
NIFTYNEXT50,2011-10-17,1,BEAR,95.59168447931752,HIGH,0.9370240639902504,1.0,59
NIFTYNEXT50,2011-10-18,1,BEAR,95.57681864279215,HIGH,0.9368116948970309,1.0,60
NIFTYNEXT50,2011-10-19,1,BEAR,95.58010295222681,HIGH,0.9368586136032403,1.0,61
NIFTYNEXT50,2011-10-20,1,BEAR,95.57697383955947,HIGH,0.9368139119937068,1.0,62
NIFTYNEXT50,2011-10-21,1,BEAR,95.57675390175349,HIGH,0.9368107700250499,1.0,63
NIFTYNEXT50,2011-10-24,1,BEAR,95.57705731985351,HIGH,0.936815104569336,1.0,64
NIFTYNEXT50,2011-10-25,1,BEAR,95.61007530641932,HIGH,0.9372867900917047,1.0,65
NIFTYNEXT50,2011-10-28,0,BULL,69.93263920433265,MODERATE,0.956180560061895,0.1,1
NIFTYNEXT50,2011-10-31,0,BULL,73.08032573386285,MODERATE,0.9582903676266122,0.2,2
NIFTYNEXT50,2011-11-01,0,BULL,76.0796340701954,HIGH,0.9582804867170771,0.3,3
NIFTYNEXT50,2011-11-02,0,BULL,79.07973386605768,HIGH,0.9582819123722526,0.4,4
NIFTYNEXT50,2011-11-03,0,BULL,82.08010234913823,HIGH,0.9582871764162604,0.5,5
NIFTYNEXT50,2011-11-04,0,BULL,85.0804119346684,HIGH,0.9582915990666915,0.6,6
NIFTYNEXT50,2011-11-08,0,BULL,88.08023936514442,HIGH,0.9582891337877775,0.7,7
NIFTYNEXT50,2011-11-09,0,BULL,90.9970492606026,HIGH,0.9571007037228942,0.8,8
NIFTYNEXT50,2011-11-11,1,BEAR,72.18084077333609,MODERATE,0.9454405824762299,0.2,1
NIFTYNEXT50,2011-11-14,1,BEAR,71.58169862355372,MODERATE,0.9368814089079103,0.2,2
NIFTYNEXT50,2011-11-15,1,BEAR,74.57697678548439,MODERATE,0.9368139540783484,0.3,3
NIFTYNEXT50,2011-11-16,1,BEAR,77.57699204177733,HIGH,0.9368141720253906,0.4,4
NIFTYNEXT50,2011-11-17,1,BEAR,80.57690721733249,HIGH,0.9368129602476071,0.5,5
NIFTYNEXT50,2011-11-18,1,BEAR,83.57694904304851,HIGH,0.936813557757836,0.6,6
NIFTYNEXT50,2011-11-21,1,BEAR,86.58894238508864,HIGH,0.9369848912155522,0.7,7
NIFTYNEXT50,2011-11-22,1,BEAR,89.58142466141715,HIGH,0.936877495163102,0.8,8
NIFTYNEXT50,2011-11-23,1,BEAR,92.85318812662501,HIGH,0.9407598303803574,0.9,9
NIFTYNEXT50,2011-11-24,1,BEAR,96.01010121901854,HIGH,0.9430014459859792,1.0,10
NIFTYNEXT50,2011-11-25,1,BEAR,95.60869158679228,HIGH,0.9372670226684613,1.0,11
NIFTYNEXT50,2011-11-28,1,BEAR,95.57786010462432,HIGH,0.9368265729232046,1.0,12
NIFTYNEXT50,2011-11-29,1,BEAR,95.57691659917045,HIGH,0.9368130942738636,1.0,13
NIFTYNEXT50,2011-11-30,1,BEAR,95.59619769256318,HIGH,0.9370885384651884,1.0,14
NIFTYNEXT50,2011-12-01,1,BEAR,95.57680825217591,HIGH,0.936811546459656,1.0,15
NIFTYNEXT50,2011-12-02,1,BEAR,95.57708180434565,HIGH,0.936815454347795,1.0,16
NIFTYNEXT50,2011-12-05,1,BEAR,95.57708472576196,HIGH,0.936815496082314,1.0,17
NIFTYNEXT50,2011-12-07,1,BEAR,95.57736785575177,HIGH,0.9368195407964538,1.0,18
NIFTYNEXT50,2011-12-08,1,BEAR,95.5768102758856,HIGH,0.9368115753697944,1.0,19
NIFTYNEXT50,2011-12-09,1,BEAR,95.5767570450553,HIGH,0.9368108149293617,1.0,20
NIFTYNEXT50,2011-12-12,1,BEAR,95.57703763283136,HIGH,0.9368148233261623,1.0,21
NIFTYNEXT50,2011-12-13,1,BEAR,95.57680561427928,HIGH,0.9368115087754183,1.0,22
NIFTYNEXT50,2011-12-14,1,BEAR,95.57683217694506,HIGH,0.9368118882420723,1.0,23
NIFTYNEXT50,2011-12-15,1,BEAR,95.57676714271706,HIGH,0.9368109591816722,1.0,24
NIFTYNEXT50,2011-12-16,1,BEAR,95.57743288557843,HIGH,0.9368204697939776,1.0,25
NIFTYNEXT50,2011-12-19,1,BEAR,95.59700311969492,HIGH,0.9371000445670705,1.0,26
NIFTYNEXT50,2011-12-20,2,SIDE,69.65278577988134,MODERATE,0.9521826539983049,0.1,1
NIFTYNEXT50,2011-12-21,2,SIDE,72.6839420823691,MODERATE,0.9526277440338444,0.2,2
NIFTYNEXT50,2011-12-22,1,BEAR,89.83381465126403,HIGH,0.9404830664466292,0.8,1
NIFTYNEXT50,2011-12-23,1,BEAR,89.65717357581582,HIGH,0.9379596225116545,0.8,2
NIFTYNEXT50,2011-12-26,1,BEAR,89.59006844819501,HIGH,0.9370009778313575,0.8,3
NIFTYNEXT50,2011-12-27,1,BEAR,89.58059619438966,HIGH,0.9368656599198523,0.8,4
NIFTYNEXT50,2011-12-28,1,BEAR,89.58114770959669,HIGH,0.9368735387085242,0.8,5
NIFTYNEXT50,2011-12-29,1,BEAR,89.93180190207248,HIGH,0.9418828843153212,0.8,6
NIFTYNEXT50,2011-12-30,1,BEAR,89.60555293501248,HIGH,0.9372221847858928,0.8,7
NIFTYNEXT50,2012-01-02,1,BEAR,89.57878787244856,HIGH,0.9368398267492652,0.8,8
NIFTYNEXT50,2012-01-03,1,BEAR,92.57793178314303,HIGH,0.9368275969020433,0.9,9
NIFTYNEXT50,2012-01-04,1,BEAR,95.57677279636665,HIGH,0.936811039948095,1.0,10
NIFTYNEXT50,2012-01-05,1,BEAR,95.57682269620811,HIGH,0.936811752802973,1.0,11
NIFTYNEXT50,2012-01-06,1,BEAR,95.57689774621605,HIGH,0.9368128249459438,1.0,12
NIFTYNEXT50,2012-01-09,1,BEAR,95.58830168494947,HIGH,0.9369757383564212,1.0,13
NIFTYNEXT50,2012-01-10,1,BEAR,96.09073275033847,HIGH,0.9441533250048356,1.0,14
NIFTYNEXT50,2012-01-11,0,BULL,70.08529520420655,MODERATE,0.9583613600600935,0.1,1
NIFTYNEXT50,2012-01-12,0,BULL,73.09471089067287,MODERATE,0.9584958698667555,0.2,2
NIFTYNEXT50,2012-01-13,0,BULL,76.08274739440935,HIGH,0.9583249627772766,0.3,3
NIFTYNEXT50,2012-01-16,0,BULL,79.08055781105313,HIGH,0.9582936830150448,0.4,4
NIFTYNEXT50,2012-01-17,0,BULL,82.08051073843329,HIGH,0.958293010549047,0.5,5
NIFTYNEXT50,2012-01-18,0,BULL,85.08045415951837,HIGH,0.9582922022788339,0.6,6
NIFTYNEXT50,2012-01-19,0,BULL,88.08051954796458,HIGH,0.9582931363994942,0.7,7
NIFTYNEXT50,2012-01-20,0,BULL,91.08049402204782,HIGH,0.9582927717435403,0.8,8
NIFTYNEXT50,2012-01-23,0,BULL,94.08045667779376,HIGH,0.9582922382541967,0.9,9
NIFTYNEXT50,2012-01-24,0,BULL,97.08945149587112,HIGH,0.9584207356553018,1.0,10
NIFTYNEXT50,2012-01-25,2,SIDE,70.18483990660705,MODERATE,0.9597834272372436,0.1,1
NIFTYNEXT50,2012-01-27,2,SIDE,73.2129297786084,MODERATE,0.9601847111229773,0.2,2
NIFTYNEXT50,2012-01-30,2,SIDE,76.20928357952367,HIGH,0.960132622564624,0.3,3
NIFTYNEXT50,2012-01-31,2,SIDE,79.21516649975278,HIGH,0.9602166642821827,0.4,4
NIFTYNEXT50,2012-02-01,2,SIDE,82.21489946821877,HIGH,0.9602128495459824,0.5,5
NIFTYNEXT50,2012-02-02,2,SIDE,85.21552219576698,HIGH,0.960221745653814,0.6,6
NIFTYNEXT50,2012-02-03,2,SIDE,88.21234781199078,HIGH,0.9601763973141543,0.7,7
NIFTYNEXT50,2012-02-06,2,SIDE,91.21632517331679,HIGH,0.9602332167616685,0.8,8
NIFTYNEXT50,2012-02-07,2,SIDE,94.21464322676752,HIGH,0.9602091889538218,0.9,9
NIFTYNEXT50,2012-02-08,2,SIDE,97.21495660925581,HIGH,0.9602136658465116,1.0,10
NIFTYNEXT50,2012-02-09,2,SIDE,97.21591155738231,HIGH,0.9602273079626047,1.0,11
NIFTYNEXT50,2012-02-10,2,SIDE,97.2153909601847,HIGH,0.9602198708597816,1.0,12
NIFTYNEXT50,2012-02-13,2,SIDE,97.21335321024394,HIGH,0.9601907601463421,1.0,13
NIFTYNEXT50,2012-02-14,2,SIDE,97.21400857033287,HIGH,0.9602001224333269,1.0,14
NIFTYNEXT50,2012-02-15,2,SIDE,97.21633643626015,HIGH,0.9602333776608594,1.0,15
NIFTYNEXT50,2012-02-16,2,SIDE,97.21633616639616,HIGH,0.9602333738056595,1.0,16
NIFTYNEXT50,2012-02-17,2,SIDE,97.2163358545499,HIGH,0.960233369350713,1.0,17
NIFTYNEXT50,2012-02-21,2,SIDE,97.21633553968157,HIGH,0.9602333648525939,1.0,18
NIFTYNEXT50,2012-02-22,2,SIDE,97.2163364215703,HIGH,0.9602333774510046,1.0,19
NIFTYNEXT50,2012-02-23,2,SIDE,97.21246096580569,HIGH,0.9601780137972241,1.0,20
NIFTYNEXT50,2012-02-24,2,SIDE,97.2077448677571,HIGH,0.9601106409679585,1.0,21
NIFTYNEXT50,2012-02-27,2,SIDE,97.19473235032254,HIGH,0.9599247478617506,1.0,22
NIFTYNEXT50,2012-02-28,2,SIDE,97.21632244237138,HIGH,0.9602331777481626,1.0,23
NIFTYNEXT50,2012-02-29,2,SIDE,97.21511654416344,HIGH,0.9602159506309065,1.0,24
NIFTYNEXT50,2012-03-01,2,SIDE,97.21002075016042,HIGH,0.9601431535737204,1.0,25
NIFTYNEXT50,2012-03-02,2,SIDE,97.20445092199444,HIGH,0.9600635845999205,1.0,26
NIFTYNEXT50,2012-03-05,2,SIDE,97.16068050909013,HIGH,0.959438292987002,1.0,27
NIFTYNEXT50,2012-03-06,2,SIDE,96.7263643018421,HIGH,0.9532337757406014,1.0,28
NIFTYNEXT50,2012-03-07,1,BEAR,68.76319385331666,MODERATE,0.9394741979045237,0.1,1
NIFTYNEXT50,2012-03-09,1,BEAR,72.23590688199977,MODERATE,0.9462272411714253,0.2,2
NIFTYNEXT50,2012-03-12,2,SIDE,90.57841858032069,HIGH,0.9511202654331528,0.8,1
NIFTYNEXT50,2012-03-13,2,SIDE,91.04989692807813,HIGH,0.9578556704011162,0.8,2
NIFTYNEXT50,2012-03-14,2,SIDE,91.21221197275054,HIGH,0.9601744567535792,0.8,3
NIFTYNEXT50,2012-03-15,2,SIDE,91.1991666165661,HIGH,0.9599880945223729,0.8,4
NIFTYNEXT50,2012-03-16,2,SIDE,90.96366019782582,HIGH,0.9566237171117974,0.8,5
NIFTYNEXT50,2012-03-19,1,BEAR,75.22444620155572,HIGH,0.9460635171650817,0.3,1
NIFTYNEXT50,2012-03-20,1,BEAR,77.66674645023016,HIGH,0.9380963778604309,0.4,2
NIFTYNEXT50,2012-03-21,1,BEAR,81.08241401122852,HIGH,0.9440344858746932,0.5,3
NIFTYNEXT50,2012-03-22,1,BEAR,80.70317431119575,HIGH,0.9386167758742251,0.5,4
NIFTYNEXT50,2012-03-23,1,BEAR,80.5885244405745,HIGH,0.9369789205796358,0.5,5
NIFTYNEXT50,2012-03-26,1,BEAR,83.57772104082737,HIGH,0.9368245862975338,0.6,6
NIFTYNEXT50,2012-03-27,1,BEAR,86.57769914384848,HIGH,0.9368242734835497,0.7,7
NIFTYNEXT50,2012-03-28,1,BEAR,89.57681318165439,HIGH,0.936811616880777,0.8,8
NIFTYNEXT50,2012-03-29,1,BEAR,92.57702593394312,HIGH,0.9368146561991874,0.9,9
NIFTYNEXT50,2012-03-30,1,BEAR,95.5956621739708,HIGH,0.937080888199583,1.0,10
NIFTYNEXT50,2012-04-02,1,BEAR,95.76407933720832,HIGH,0.9394868476744045,1.0,11
NIFTYNEXT50,2012-04-03,0,BULL,69.69597587065496,MODERATE,0.952799655295071,0.1,1
NIFTYNEXT50,2012-04-04,0,BULL,73.06371014786401,MODERATE,0.9580530021123431,0.2,2
NIFTYNEXT50,2012-04-09,0,BULL,75.59458405243063,HIGH,0.9513512007490091,0.3,3
NIFTYNEXT50,2012-04-10,0,BULL,78.8872097649369,HIGH,0.9555315680705273,0.4,4
NIFTYNEXT50,2012-04-11,1,BEAR,84.29064142413436,HIGH,0.9470091632019195,0.6,1
NIFTYNEXT50,2012-04-12,1,BEAR,83.9856091509692,HIGH,0.94265155929956,0.6,2
NIFTYNEXT50,2012-04-13,1,BEAR,83.79658491637866,HIGH,0.9399512130911241,0.6,3
NIFTYNEXT50,2012-04-16,1,BEAR,84.13841952995375,HIGH,0.9448345647136253,0.6,4
NIFTYNEXT50,2012-04-17,0,BULL,82.05446705870885,HIGH,0.957920957981555,0.5,1
NIFTYNEXT50,2012-04-18,0,BULL,85.07731599589015,HIGH,0.9582473713698592,0.6,2
NIFTYNEXT50,2012-04-19,0,BULL,85.07850226103267,HIGH,0.9582643180147524,0.6,3
NIFTYNEXT50,2012-04-20,0,BULL,85.06142941708265,HIGH,0.9580204202440379,0.6,4
NIFTYNEXT50,2012-04-23,1,BEAR,80.58828866395766,HIGH,0.9369755523422523,0.5,1
NIFTYNEXT50,2012-04-24,1,BEAR,83.57671282539589,HIGH,0.9368101832199415,0.6,2
NIFTYNEXT50,2012-04-25,1,BEAR,83.5767004676127,HIGH,0.9368100066801816,0.6,3
NIFTYNEXT50,2012-04-26,1,BEAR,83.57672465727019,HIGH,0.9368103522467173,0.6,4
NIFTYNEXT50,2012-04-27,1,BEAR,83.5766991952926,HIGH,0.9368099885041801,0.6,5
NIFTYNEXT50,2012-04-30,1,BEAR,83.57671905364643,HIGH,0.936810272194949,0.6,6
NIFTYNEXT50,2012-05-02,1,BEAR,86.57674441704494,HIGH,0.9368106345292135,0.7,7
NIFTYNEXT50,2012-05-03,1,BEAR,89.57670544110078,HIGH,0.9368100777300111,0.8,8
NIFTYNEXT50,2012-05-04,1,BEAR,92.57675423505147,HIGH,0.9368107747864496,0.9,9
NIFTYNEXT50,2012-05-07,1,BEAR,95.5767179169319,HIGH,0.9368102559561702,1.0,10
NIFTYNEXT50,2012-05-08,1,BEAR,95.57677935957784,HIGH,0.9368111337082551,1.0,11
NIFTYNEXT50,2012-05-09,1,BEAR,95.57694886936359,HIGH,0.9368135552766228,1.0,12
NIFTYNEXT50,2012-05-10,1,BEAR,95.57679649710562,HIGH,0.9368113785300802,1.0,13
NIFTYNEXT50,2012-05-11,1,BEAR,95.57690341267406,HIGH,0.9368129058953437,1.0,14
NIFTYNEXT50,2012-05-14,1,BEAR,95.5768466634096,HIGH,0.9368120951915658,1.0,15
NIFTYNEXT50,2012-05-15,1,BEAR,95.57675956360885,HIGH,0.9368108509086978,1.0,16
NIFTYNEXT50,2012-05-16,1,BEAR,95.57724070013978,HIGH,0.9368177242877112,1.0,17
NIFTYNEXT50,2012-05-17,1,BEAR,95.57685385701693,HIGH,0.9368121979573847,1.0,18
NIFTYNEXT50,2012-05-18,1,BEAR,95.57681343486311,HIGH,0.9368116204980446,1.0,19
NIFTYNEXT50,2012-05-21,1,BEAR,95.57676810498647,HIGH,0.9368109729283783,1.0,20
NIFTYNEXT50,2012-05-22,1,BEAR,95.57681883439922,HIGH,0.9368116976342745,1.0,21
NIFTYNEXT50,2012-05-23,1,BEAR,95.57686685429876,HIGH,0.9368123836328396,1.0,22
NIFTYNEXT50,2012-05-24,1,BEAR,95.5767331047359,HIGH,0.9368104729247986,1.0,23
NIFTYNEXT50,2012-05-25,1,BEAR,95.57671812000517,HIGH,0.9368102588572166,1.0,24
NIFTYNEXT50,2012-05-28,1,BEAR,95.57673493077448,HIGH,0.9368104990110642,1.0,25
NIFTYNEXT50,2012-05-29,1,BEAR,95.57675573720476,HIGH,0.9368107962457823,1.0,26
NIFTYNEXT50,2012-05-30,1,BEAR,95.57670803067792,HIGH,0.9368101147239705,1.0,27
NIFTYNEXT50,2012-05-31,1,BEAR,95.57685017871344,HIGH,0.9368121454101922,1.0,28
NIFTYNEXT50,2012-06-01,1,BEAR,95.57671501891095,HIGH,0.9368102145558708,1.0,29
NIFTYNEXT50,2012-06-04,1,BEAR,95.57670782294754,HIGH,0.9368101117563934,1.0,30
NIFTYNEXT50,2012-06-05,1,BEAR,95.57672120069873,HIGH,0.9368103028671249,1.0,31
NIFTYNEXT50,2012-06-06,1,BEAR,95.57968880396936,HIGH,0.9368526971995624,1.0,32
NIFTYNEXT50,2012-06-07,1,BEAR,95.69249322931235,HIGH,0.9384641889901764,1.0,33
NIFTYNEXT50,2012-06-08,1,BEAR,96.05079556657745,HIGH,0.9435827938082494,1.0,34
NIFTYNEXT50,2012-06-11,1,BEAR,95.98599955065154,HIGH,0.9426571364378793,1.0,35
NIFTYNEXT50,2012-06-12,0,BULL,69.97748575895677,MODERATE,0.9568212251279539,0.1,1
NIFTYNEXT50,2012-06-13,0,BULL,73.07592420489503,MODERATE,0.9582274886413579,0.2,2
NIFTYNEXT50,2012-06-14,1,BEAR,90.24315502133345,HIGH,0.9463307860190492,0.8,1
NIFTYNEXT50,2012-06-15,1,BEAR,90.17040007906671,HIGH,0.945291429700953,0.8,2
NIFTYNEXT50,2012-06-18,1,BEAR,89.57870799734691,HIGH,0.9368386856763845,0.8,3
NIFTYNEXT50,2012-06-19,1,BEAR,89.58428121905264,HIGH,0.9369183031293236,0.8,4
NIFTYNEXT50,2012-06-20,1,BEAR,89.65830505572542,HIGH,0.9379757865103632,0.8,5
NIFTYNEXT50,2012-06-21,0,BULL,75.90339945680171,HIGH,0.9557628493828815,0.3,1
NIFTYNEXT50,2012-06-22,0,BULL,79.076824259709,HIGH,0.9582403465672715,0.4,2
NIFTYNEXT50,2012-06-25,0,BULL,82.07664697730891,HIGH,0.9582378139615558,0.5,3
NIFTYNEXT50,2012-06-26,0,BULL,82.07881746995221,HIGH,0.9582688209993174,0.5,4
NIFTYNEXT50,2012-06-27,0,BULL,82.07931428962459,HIGH,0.9582759184232085,0.5,5
NIFTYNEXT50,2012-06-28,0,BULL,85.07980490620386,HIGH,0.9582829272314839,0.6,6
NIFTYNEXT50,2012-06-29,0,BULL,88.08044293542807,HIGH,0.9582920419346869,0.7,7
NIFTYNEXT50,2012-07-02,0,BULL,91.0804475518461,HIGH,0.9582921078835159,0.8,8
NIFTYNEXT50,2012-07-03,0,BULL,94.08044924062023,HIGH,0.9582921320088604,0.9,9
NIFTYNEXT50,2012-07-04,0,BULL,97.08044923056815,HIGH,0.9582921318652593,1.0,10
NIFTYNEXT50,2012-07-05,0,BULL,97.0804494002348,HIGH,0.9582921342890685,1.0,11
NIFTYNEXT50,2012-07-06,0,BULL,97.08044923973385,HIGH,0.958292131996198,1.0,12
NIFTYNEXT50,2012-07-09,0,BULL,97.0804482951035,HIGH,0.9582921185014787,1.0,13
NIFTYNEXT50,2012-07-10,0,BULL,97.08044893316851,HIGH,0.9582921276166932,1.0,14
NIFTYNEXT50,2012-07-11,0,BULL,97.08044823441541,HIGH,0.9582921176345062,1.0,15
NIFTYNEXT50,2012-07-12,0,BULL,97.08044424908047,HIGH,0.9582920607011497,1.0,16
NIFTYNEXT50,2012-07-13,0,BULL,97.08043742199382,HIGH,0.9582919631713401,1.0,17
NIFTYNEXT50,2012-07-16,0,BULL,97.0803999250157,HIGH,0.9582914275002241,1.0,18
NIFTYNEXT50,2012-07-17,0,BULL,97.07961595924104,HIGH,0.9582802279891577,1.0,19
NIFTYNEXT50,2012-07-18,0,BULL,97.07928770165924,HIGH,0.9582755385951319,1.0,20
NIFTYNEXT50,2012-07-19,0,BULL,97.07364522954032,HIGH,0.958194931850576,1.0,21
NIFTYNEXT50,2012-07-20,0,BULL,97.05120207139424,HIGH,0.9578743153056322,1.0,22
NIFTYNEXT50,2012-07-23,1,BEAR,68.58967997440077,MODERATE,0.9369954282057252,0.1,1
NIFTYNEXT50,2012-07-24,1,BEAR,71.577597725959,MODERATE,0.9368228246565573,0.2,2
NIFTYNEXT50,2012-07-25,1,BEAR,74.57675069872762,MODERATE,0.9368107242675376,0.3,3
NIFTYNEXT50,2012-07-26,1,BEAR,77.57696286943259,HIGH,0.9368137552776086,0.4,4
NIFTYNEXT50,2012-07-27,1,BEAR,80.57673046196112,HIGH,0.9368104351708731,0.5,5
NIFTYNEXT50,2012-07-30,1,BEAR,83.57684795145859,HIGH,0.9368121135922657,0.6,6
NIFTYNEXT50,2012-07-31,1,BEAR,86.57860403211369,HIGH,0.9368372004587671,0.7,7
NIFTYNEXT50,2012-08-01,1,BEAR,89.59755881927836,HIGH,0.9371079831325482,0.8,8
NIFTYNEXT50,2012-08-02,1,BEAR,92.79684715610193,HIGH,0.9399549593728849,0.9,9
NIFTYNEXT50,2012-08-03,1,BEAR,95.77632382278294,HIGH,0.9396617688968992,1.0,10
NIFTYNEXT50,2012-08-06,0,BULL,69.62963661421738,MODERATE,0.9518519516316768,0.1,1
NIFTYNEXT50,2012-08-07,0,BULL,73.0646843299405,MODERATE,0.9580669189991501,0.2,2
NIFTYNEXT50,2012-08-08,0,BULL,76.05981445445202,HIGH,0.9579973493493148,0.3,3
NIFTYNEXT50,2012-08-09,0,BULL,79.02719537053943,HIGH,0.9575313624362776,0.4,4
NIFTYNEXT50,2012-08-10,0,BULL,82.04869171269983,HIGH,0.9578384530385691,0.5,5
NIFTYNEXT50,2012-08-13,0,BULL,85.07907417112202,HIGH,0.9582724881588859,0.6,6
NIFTYNEXT50,2012-08-14,0,BULL,88.08030386763373,HIGH,0.9582900552519107,0.7,7
NIFTYNEXT50,2012-08-16,0,BULL,91.08041949527052,HIGH,0.9582917070752931,0.8,8
NIFTYNEXT50,2012-08-17,0,BULL,94.08042075087523,HIGH,0.9582917250125034,0.9,9
NIFTYNEXT50,2012-08-21,0,BULL,97.08035780734743,HIGH,0.958290825819249,1.0,10
NIFTYNEXT50,2012-08-22,0,BULL,97.07796671060677,HIGH,0.9582566672943827,1.0,11
NIFTYNEXT50,2012-08-23,0,BULL,97.05756697389151,HIGH,0.9579652424841646,1.0,12
NIFTYNEXT50,2012-08-24,0,BULL,96.85263359450889,HIGH,0.9550376227786983,1.0,13
NIFTYNEXT50,2012-08-27,1,BEAR,68.61326376281714,MODERATE,0.9373323394688163,0.1,1
NIFTYNEXT50,2012-08-28,1,BEAR,71.57672108422881,MODERATE,0.9368103012032687,0.2,2
NIFTYNEXT50,2012-08-29,1,BEAR,74.57673108322777,MODERATE,0.9368104440461111,0.3,3
NIFTYNEXT50,2012-08-30,1,BEAR,77.57686231340834,HIGH,0.9368123187629763,0.4,4
NIFTYNEXT50,2012-08-31,1,BEAR,80.57675526583834,HIGH,0.9368107895119763,0.5,5
NIFTYNEXT50,2012-09-03,1,BEAR,83.57672303614632,HIGH,0.9368103290878046,0.6,6
NIFTYNEXT50,2012-09-04,1,BEAR,86.57689698031494,HIGH,0.9368128140044993,0.7,7
NIFTYNEXT50,2012-09-05,1,BEAR,89.57673282922751,HIGH,0.9368104689889646,0.8,8
NIFTYNEXT50,2012-09-06,1,BEAR,92.57682455450734,HIGH,0.9368117793501048,0.9,9
NIFTYNEXT50,2012-09-07,1,BEAR,95.58237690772525,HIGH,0.9368910986817893,1.0,10
NIFTYNEXT50,2012-09-10,1,BEAR,95.68698305557363,HIGH,0.9383854722224807,1.0,11
NIFTYNEXT50,2012-09-11,1,BEAR,96.0069206677111,HIGH,0.94295600953873,1.0,12
NIFTYNEXT50,2012-09-12,0,BULL,69.71049305005515,MODERATE,0.9530070435722166,0.1,1
NIFTYNEXT50,2012-09-13,0,BULL,72.77445184788294,MODERATE,0.953920740684042,0.2,2
NIFTYNEXT50,2012-09-14,0,BULL,76.07988781273512,HIGH,0.9582841116105019,0.3,3
NIFTYNEXT50,2012-09-17,0,BULL,79.08044936216443,HIGH,0.9582921337452062,0.4,4
NIFTYNEXT50,2012-09-18,0,BULL,82.08044946980755,HIGH,0.958292135282965,0.5,5
NIFTYNEXT50,2012-09-20,0,BULL,85.08044898754478,HIGH,0.958292128393497,0.6,6
NIFTYNEXT50,2012-09-21,0,BULL,88.08046132926745,HIGH,0.9582923047038208,0.7,7
NIFTYNEXT50,2012-09-24,0,BULL,91.08045205437733,HIGH,0.9582921722053906,0.8,8
NIFTYNEXT50,2012-09-25,0,BULL,94.08045060123396,HIGH,0.9582921514461995,0.9,9
NIFTYNEXT50,2012-09-26,0,BULL,97.08045022207821,HIGH,0.9582921460296887,1.0,10
NIFTYNEXT50,2012-09-27,0,BULL,97.0804532117743,HIGH,0.958292188739633,1.0,11
NIFTYNEXT50,2012-09-28,0,BULL,97.08051279863514,HIGH,0.958293039980502,1.0,12
NIFTYNEXT50,2012-10-01,0,BULL,97.08049034836934,HIGH,0.9582927192624191,1.0,13
NIFTYNEXT50,2012-10-03,0,BULL,97.08051297899303,HIGH,0.9582930425570434,1.0,14
NIFTYNEXT50,2012-10-04,0,BULL,97.08062453722364,HIGH,0.958294636246052,1.0,15
NIFTYNEXT50,2012-10-05,0,BULL,97.08046837992346,HIGH,0.958292405427478,1.0,16
NIFTYNEXT50,2012-10-08,0,BULL,97.08044994737458,HIGH,0.958292142105351,1.0,17
NIFTYNEXT50,2012-10-09,0,BULL,97.08044957426489,HIGH,0.9582921367752127,1.0,18
NIFTYNEXT50,2012-10-10,0,BULL,97.0804488853723,HIGH,0.9582921269338902,1.0,19
NIFTYNEXT50,2012-10-11,0,BULL,97.08044917465106,HIGH,0.958292131066444,1.0,20
NIFTYNEXT50,2012-10-12,0,BULL,97.08044891577288,HIGH,0.958292127368184,1.0,21
NIFTYNEXT50,2012-10-15,0,BULL,97.08044819746209,HIGH,0.9582921171066014,1.0,22
NIFTYNEXT50,2012-10-16,0,BULL,97.08034903980823,HIGH,0.958290700568689,1.0,23
NIFTYNEXT50,2012-10-17,0,BULL,97.08039046044614,HIGH,0.9582912922920879,1.0,24
NIFTYNEXT50,2012-10-18,0,BULL,97.08043317152398,HIGH,0.9582919024503426,1.0,25
NIFTYNEXT50,2012-10-19,0,BULL,97.07929912091709,HIGH,0.9582757017273869,1.0,26
NIFTYNEXT50,2012-10-22,0,BULL,97.07943805805472,HIGH,0.9582776865436389,1.0,27
NIFTYNEXT50,2012-10-23,0,BULL,97.06368332225654,HIGH,0.9580526188893794,1.0,28
NIFTYNEXT50,2012-10-25,0,BULL,96.99916577672568,HIGH,0.9571309396675096,1.0,29
NIFTYNEXT50,2012-10-29,1,BEAR,68.58133954936632,MODERATE,0.9368762792766617,0.1,1
NIFTYNEXT50,2012-10-30,1,BEAR,71.57674406273415,MODERATE,0.9368106294676308,0.2,2
NIFTYNEXT50,2012-10-31,1,BEAR,74.57773479003761,MODERATE,0.9368247827148231,0.3,3
NIFTYNEXT50,2012-11-01,1,BEAR,77.63330719370796,HIGH,0.9376186741958281,0.4,4
NIFTYNEXT50,2012-11-02,1,BEAR,80.85454793742764,HIGH,0.9407792562489663,0.5,5
NIFTYNEXT50,2012-11-05,1,BEAR,83.97155866430867,HIGH,0.9424508380615527,0.6,6
NIFTYNEXT50,2012-11-06,0,BULL,78.61341481895184,HIGH,0.9516202116993121,0.4,1
NIFTYNEXT50,2012-11-07,0,BULL,79.07874062054753,HIGH,0.9582677231506792,0.4,2
NIFTYNEXT50,2012-11-08,0,BULL,79.08032048283516,HIGH,0.958290292611931,0.4,3
NIFTYNEXT50,2012-11-09,0,BULL,79.07745000630825,HIGH,0.9582492858044037,0.4,4
NIFTYNEXT50,2012-11-12,0,BULL,82.08044176709515,HIGH,0.9582920252442165,0.5,5
NIFTYNEXT50,2012-11-15,0,BULL,85.08044282384459,HIGH,0.958292040340637,0.6,6
NIFTYNEXT50,2012-11-16,0,BULL,88.07932951050441,HIGH,0.9582761358643489,0.7,7
NIFTYNEXT50,2012-11-19,0,BULL,91.04945884472266,HIGH,0.9578494120674667,0.8,8
NIFTYNEXT50,2012-11-20,0,BULL,94.06497221044475,HIGH,0.9580710315777822,0.9,9
NIFTYNEXT50,2012-11-21,0,BULL,97.07965346426181,HIGH,0.9582807637751689,1.0,10
NIFTYNEXT50,2012-11-22,0,BULL,97.0801574968385,HIGH,0.95828796424055,1.0,11
NIFTYNEXT50,2012-11-23,0,BULL,97.08020822379014,HIGH,0.9582886889112878,1.0,12
NIFTYNEXT50,2012-11-26,0,BULL,97.08042649161538,HIGH,0.9582918070230769,1.0,13
NIFTYNEXT50,2012-11-27,0,BULL,97.08044856462352,HIGH,0.9582921223517645,1.0,14
NIFTYNEXT50,2012-11-29,0,BULL,97.08044934391549,HIGH,0.958292133484507,1.0,15
NIFTYNEXT50,2012-11-30,0,BULL,97.08045105646146,HIGH,0.9582921579494493,1.0,16
NIFTYNEXT50,2012-12-03,0,BULL,97.08044938651652,HIGH,0.9582921340930931,1.0,17
NIFTYNEXT50,2012-12-04,0,BULL,97.08044938984422,HIGH,0.9582921341406317,1.0,18
NIFTYNEXT50,2012-12-05,0,BULL,97.08044920319495,HIGH,0.9582921314742137,1.0,19
NIFTYNEXT50,2012-12-06,0,BULL,97.08044978157812,HIGH,0.9582921397368304,1.0,20
NIFTYNEXT50,2012-12-07,0,BULL,97.08044916218495,HIGH,0.9582921308883565,1.0,21
NIFTYNEXT50,2012-12-10,0,BULL,97.08044923065084,HIGH,0.9582921318664408,1.0,22
NIFTYNEXT50,2012-12-11,0,BULL,97.08044908114748,HIGH,0.9582921297306785,1.0,23
NIFTYNEXT50,2012-12-12,0,BULL,97.0804489822702,HIGH,0.9582921283181456,1.0,24
NIFTYNEXT50,2012-12-13,0,BULL,97.08044842091692,HIGH,0.9582921202988133,1.0,25
NIFTYNEXT50,2012-12-14,0,BULL,97.08044885785576,HIGH,0.9582921265407967,1.0,26
NIFTYNEXT50,2012-12-17,0,BULL,97.08044886212019,HIGH,0.958292126601717,1.0,27
NIFTYNEXT50,2012-12-18,0,BULL,97.08044920348262,HIGH,0.9582921314783233,1.0,28
NIFTYNEXT50,2012-12-19,0,BULL,97.08044910494986,HIGH,0.9582921300707122,1.0,29
NIFTYNEXT50,2012-12-20,0,BULL,97.0804489919069,HIGH,0.958292128455813,1.0,30
NIFTYNEXT50,2012-12-21,0,BULL,97.08039073157452,HIGH,0.9582912961653504,1.0,31
NIFTYNEXT50,2012-12-24,0,BULL,97.08043059399847,HIGH,0.9582918656285496,1.0,32
NIFTYNEXT50,2012-12-26,0,BULL,97.08044214169948,HIGH,0.9582920305957071,1.0,33
NIFTYNEXT50,2012-12-27,0,BULL,97.08031509400838,HIGH,0.9582902156286914,1.0,34
NIFTYNEXT50,2012-12-28,0,BULL,97.08044263128701,HIGH,0.9582920375898145,1.0,35
NIFTYNEXT50,2012-12-31,0,BULL,97.08044606740378,HIGH,0.9582920866771968,1.0,36
NIFTYNEXT50,2013-01-01,0,BULL,97.08044895039995,HIGH,0.9582921278628564,1.0,37
NIFTYNEXT50,2013-01-02,0,BULL,97.0804489980295,HIGH,0.9582921285432787,1.0,38
NIFTYNEXT50,2013-01-03,0,BULL,97.08044914474871,HIGH,0.9582921306392673,1.0,39
NIFTYNEXT50,2013-01-04,0,BULL,97.08044903387585,HIGH,0.9582921290553692,1.0,40
NIFTYNEXT50,2013-01-07,0,BULL,97.08044901152746,HIGH,0.9582921287361067,1.0,41
NIFTYNEXT50,2013-01-08,0,BULL,97.08044888243946,HIGH,0.9582921268919923,1.0,42
NIFTYNEXT50,2013-01-09,0,BULL,97.08044828242282,HIGH,0.958292118320326,1.0,43
NIFTYNEXT50,2013-01-10,0,BULL,97.08044622366603,HIGH,0.9582920889095149,1.0,44
NIFTYNEXT50,2013-01-11,0,BULL,97.080317925078,HIGH,0.9582902560725429,1.0,45
NIFTYNEXT50,2013-01-14,0,BULL,97.08044741576352,HIGH,0.9582921059394789,1.0,46
NIFTYNEXT50,2013-01-15,0,BULL,97.08044789905739,HIGH,0.958292112843677,1.0,47
NIFTYNEXT50,2013-01-16,0,BULL,97.07972922560532,HIGH,0.9582818460800763,1.0,48
NIFTYNEXT50,2013-01-17,0,BULL,97.08016187553736,HIGH,0.9582880267933909,1.0,49
NIFTYNEXT50,2013-01-18,0,BULL,97.07660746807557,HIGH,0.9582372495439365,1.0,50
NIFTYNEXT50,2013-01-21,0,BULL,97.07194575078904,HIGH,0.9581706535827007,1.0,51
NIFTYNEXT50,2013-01-22,1,BEAR,69.11253926784086,MODERATE,0.9444648466834408,0.1,1
NIFTYNEXT50,2013-01-23,1,BEAR,71.5805390293857,MODERATE,0.9368648432769386,0.2,2
NIFTYNEXT50,2013-01-24,1,BEAR,74.57678602924338,MODERATE,0.9368112289891912,0.3,3
NIFTYNEXT50,2013-01-25,1,BEAR,77.57705225920299,HIGH,0.9368150322743284,0.4,4
NIFTYNEXT50,2013-01-28,1,BEAR,80.57735075864161,HIGH,0.9368192965520232,0.5,5
NIFTYNEXT50,2013-01-29,1,BEAR,83.57678393096239,HIGH,0.9368111990137485,0.6,6
NIFTYNEXT50,2013-01-30,1,BEAR,86.57680084830575,HIGH,0.9368114406900823,0.7,7
NIFTYNEXT50,2013-01-31,1,BEAR,89.58077760953526,HIGH,0.9368682515647895,0.8,8
NIFTYNEXT50,2013-02-01,1,BEAR,92.57826648160545,HIGH,0.9368323783086494,0.9,9
NIFTYNEXT50,2013-02-04,1,BEAR,95.57690957342078,HIGH,0.9368129939060111,1.0,10
NIFTYNEXT50,2013-02-05,1,BEAR,95.57685623413829,HIGH,0.9368122319162615,1.0,11
NIFTYNEXT50,2013-02-06,1,BEAR,95.57774572093703,HIGH,0.9368249388705289,1.0,12
NIFTYNEXT50,2013-02-07,1,BEAR,95.57677581164225,HIGH,0.9368110830234607,1.0,13
NIFTYNEXT50,2013-02-08,1,BEAR,95.5767041368121,HIGH,0.9368100590973157,1.0,14
NIFTYNEXT50,2013-02-11,1,BEAR,95.57676817690508,HIGH,0.9368109739557869,1.0,15
NIFTYNEXT50,2013-02-12,1,BEAR,95.57702930638685,HIGH,0.9368147043769552,1.0,16
NIFTYNEXT50,2013-02-13,1,BEAR,95.57684145288974,HIGH,0.9368120207555679,1.0,17
NIFTYNEXT50,2013-02-14,1,BEAR,95.57671511381325,HIGH,0.9368102159116181,1.0,18
NIFTYNEXT50,2013-02-15,1,BEAR,95.57670180162444,HIGH,0.9368100257374918,1.0,19
NIFTYNEXT50,2013-02-18,1,BEAR,95.57671604255444,HIGH,0.9368102291793493,1.0,20
NIFTYNEXT50,2013-02-19,1,BEAR,95.57729233452461,HIGH,0.9368184619217802,1.0,21
NIFTYNEXT50,2013-02-20,1,BEAR,95.57679665354719,HIGH,0.9368113807649598,1.0,22
NIFTYNEXT50,2013-02-21,1,BEAR,95.57676756981242,HIGH,0.9368109652830346,1.0,23
NIFTYNEXT50,2013-02-22,1,BEAR,95.5767027213413,HIGH,0.9368100388763047,1.0,24
NIFTYNEXT50,2013-02-25,1,BEAR,95.5767053648582,HIGH,0.9368100766408316,1.0,25
NIFTYNEXT50,2013-02-26,1,BEAR,95.57674689443002,HIGH,0.9368106699204288,1.0,26
NIFTYNEXT50,2013-02-27,1,BEAR,95.57670702939747,HIGH,0.9368101004199638,1.0,27
NIFTYNEXT50,2013-02-28,1,BEAR,95.59666702274224,HIGH,0.9370952431820321,1.0,28
NIFTYNEXT50,2013-03-01,1,BEAR,95.57673934103639,HIGH,0.9368105620148055,1.0,29
NIFTYNEXT50,2013-03-04,1,BEAR,95.57671725664771,HIGH,0.9368102465235387,1.0,30
NIFTYNEXT50,2013-03-05,1,BEAR,95.57672277302618,HIGH,0.9368103253289456,1.0,31
NIFTYNEXT50,2013-03-06,1,BEAR,95.57674603020267,HIGH,0.9368106575743241,1.0,32
NIFTYNEXT50,2013-03-07,1,BEAR,95.5768600492578,HIGH,0.9368122864179689,1.0,33
NIFTYNEXT50,2013-03-08,1,BEAR,95.57958899581661,HIGH,0.9368512713688085,1.0,34
NIFTYNEXT50,2013-03-11,1,BEAR,95.57968745869158,HIGH,0.9368526779813084,1.0,35
NIFTYNEXT50,2013-03-12,1,BEAR,95.57683395433327,HIGH,0.9368119136333325,1.0,36
NIFTYNEXT50,2013-03-13,1,BEAR,95.57671847442677,HIGH,0.9368102639203825,1.0,37
NIFTYNEXT50,2013-03-14,1,BEAR,95.57699222398395,HIGH,0.9368141746283422,1.0,38
NIFTYNEXT50,2013-03-15,1,BEAR,95.5768034819799,HIGH,0.9368114783139987,1.0,39
NIFTYNEXT50,2013-03-18,1,BEAR,95.57711924487941,HIGH,0.9368159892125633,1.0,40
NIFTYNEXT50,2013-03-19,1,BEAR,95.57674168295777,HIGH,0.9368105954708256,1.0,41
NIFTYNEXT50,2013-03-20,1,BEAR,95.57691089816107,HIGH,0.9368130128308725,1.0,42
NIFTYNEXT50,2013-03-21,1,BEAR,95.57682358343527,HIGH,0.9368117654776469,1.0,43
NIFTYNEXT50,2013-03-22,1,BEAR,95.57676634909622,HIGH,0.9368109478442319,1.0,44
NIFTYNEXT50,2013-03-25,1,BEAR,95.57692414005108,HIGH,0.9368132020007298,1.0,45
NIFTYNEXT50,2013-03-26,1,BEAR,95.57678680116013,HIGH,0.9368112400165733,1.0,46
NIFTYNEXT50,2013-03-28,1,BEAR,95.5769554330528,HIGH,0.9368136490436115,1.0,47
NIFTYNEXT50,2013-04-01,1,BEAR,95.57671174891158,HIGH,0.9368101678415941,1.0,48
NIFTYNEXT50,2013-04-02,1,BEAR,95.57684427914523,HIGH,0.9368120611306463,1.0,49
NIFTYNEXT50,2013-04-03,1,BEAR,95.57676311568261,HIGH,0.9368109016526089,1.0,50
NIFTYNEXT50,2013-04-04,1,BEAR,95.57671718964724,HIGH,0.9368102455663894,1.0,51
NIFTYNEXT50,2013-04-05,1,BEAR,95.57669922534822,HIGH,0.9368099889335462,1.0,52
NIFTYNEXT50,2013-04-08,1,BEAR,95.57669941974045,HIGH,0.9368099917105781,1.0,53
NIFTYNEXT50,2013-04-09,1,BEAR,95.57670021669331,HIGH,0.9368100030956189,1.0,54
NIFTYNEXT50,2013-04-10,1,BEAR,95.57679355237873,HIGH,0.9368113364625534,1.0,55
NIFTYNEXT50,2013-04-11,1,BEAR,95.57780186855796,HIGH,0.9368257409793994,1.0,56
NIFTYNEXT50,2013-04-12,1,BEAR,95.60100202562303,HIGH,0.9371571717946147,1.0,57
NIFTYNEXT50,2013-04-15,1,BEAR,95.59334046493073,HIGH,0.9370477209275818,1.0,58
NIFTYNEXT50,2013-04-16,0,BULL,69.48180379127218,MODERATE,0.9497400541610314,0.1,1
NIFTYNEXT50,2013-04-17,0,BULL,73.06675046060802,MODERATE,0.9580964351515433,0.2,2
NIFTYNEXT50,2013-04-18,0,BULL,76.08034814752658,HIGH,0.9582906878218084,0.3,3
NIFTYNEXT50,2013-04-22,0,BULL,79.08044486894923,HIGH,0.9582920695564175,0.4,4
NIFTYNEXT50,2013-04-23,0,BULL,82.08036966197531,HIGH,0.958290995171076,0.5,5
NIFTYNEXT50,2013-04-25,0,BULL,85.08044671857557,HIGH,0.9582920959796511,0.6,6
NIFTYNEXT50,2013-04-26,0,BULL,88.08044803124471,HIGH,0.9582921147320675,0.7,7
NIFTYNEXT50,2013-04-29,0,BULL,91.08044904578819,HIGH,0.9582921292255457,0.8,8
NIFTYNEXT50,2013-04-30,0,BULL,94.08044920235349,HIGH,0.9582921314621927,0.9,9
NIFTYNEXT50,2013-05-02,0,BULL,97.0804550258975,HIGH,0.9582922146556788,1.0,10
NIFTYNEXT50,2013-05-03,0,BULL,97.08044983006283,HIGH,0.958292140429469,1.0,11
NIFTYNEXT50,2013-05-06,0,BULL,97.08044989766846,HIGH,0.958292141395264,1.0,12
NIFTYNEXT50,2013-05-07,0,BULL,97.08045268118856,HIGH,0.9582921811598366,1.0,13
NIFTYNEXT50,2013-05-08,0,BULL,97.08044981643071,HIGH,0.9582921402347246,1.0,14
NIFTYNEXT50,2013-05-09,0,BULL,97.08044912952857,HIGH,0.9582921304218369,1.0,15
NIFTYNEXT50,2013-05-10,0,BULL,97.0804493310491,HIGH,0.9582921333007015,1.0,16
NIFTYNEXT50,2013-05-13,0,BULL,97.08044832099844,HIGH,0.9582921188714065,1.0,17
NIFTYNEXT50,2013-05-14,0,BULL,97.08044842925531,HIGH,0.9582921204179333,1.0,18
NIFTYNEXT50,2013-05-15,0,BULL,97.08045052885106,HIGH,0.9582921504121582,1.0,19
NIFTYNEXT50,2013-05-16,0,BULL,97.08044928422113,HIGH,0.9582921326317303,1.0,20
NIFTYNEXT50,2013-05-17,0,BULL,97.08044970521787,HIGH,0.9582921386459698,1.0,21
NIFTYNEXT50,2013-05-20,0,BULL,97.08044878930811,HIGH,0.9582921255615445,1.0,22
NIFTYNEXT50,2013-05-21,0,BULL,97.08044163819356,HIGH,0.9582920234027651,1.0,23
NIFTYNEXT50,2013-05-22,0,BULL,97.08031693556451,HIGH,0.9582902419366359,1.0,24
NIFTYNEXT50,2013-05-23,0,BULL,96.91160695746817,HIGH,0.9558800993924024,1.0,25
NIFTYNEXT50,2013-05-24,0,BULL,97.06171404274177,HIGH,0.9580244863248826,1.0,26
NIFTYNEXT50,2013-05-27,0,BULL,97.07932439833964,HIGH,0.9582760628334236,1.0,27
NIFTYNEXT50,2013-05-28,0,BULL,97.07989750612856,HIGH,0.9582842500875508,1.0,28
NIFTYNEXT50,2013-05-29,0,BULL,97.07645243433676,HIGH,0.9582350347762396,1.0,29
NIFTYNEXT50,2013-05-30,0,BULL,97.07288844394336,HIGH,0.9581841206277624,1.0,30
NIFTYNEXT50,2013-05-31,0,BULL,97.01938138289657,HIGH,0.9574197340413796,1.0,31
NIFTYNEXT50,2013-06-03,0,BULL,97.057842946442,HIGH,0.9579691849491715,1.0,32
NIFTYNEXT50,2013-06-04,0,BULL,97.06448786117232,HIGH,0.9580641123024618,1.0,33
NIFTYNEXT50,2013-06-05,0,BULL,97.05495662203407,HIGH,0.9579279517433441,1.0,34
NIFTYNEXT50,2013-06-06,0,BULL,96.80005632501106,HIGH,0.9542865189287293,1.0,35
NIFTYNEXT50,2013-06-07,1,BEAR,68.6166718010902,MODERATE,0.93738102572986,0.1,1
NIFTYNEXT50,2013-06-10,1,BEAR,71.5767357213245,MODERATE,0.9368105103046357,0.2,2
NIFTYNEXT50,2013-06-11,1,BEAR,74.57676414197007,MODERATE,0.9368109163138583,0.3,3
NIFTYNEXT50,2013-06-12,1,BEAR,77.57708913893848,HIGH,0.9368155591276925,0.4,4
NIFTYNEXT50,2013-06-13,1,BEAR,80.57711115703943,HIGH,0.9368158736719918,0.5,5
NIFTYNEXT50,2013-06-14,1,BEAR,83.57679008193593,HIGH,0.936811286884799,0.6,6
NIFTYNEXT50,2013-06-17,1,BEAR,86.57671620899046,HIGH,0.9368102315570067,0.7,7
NIFTYNEXT50,2013-06-18,1,BEAR,89.576711301524,HIGH,0.936810161450343,0.8,8
NIFTYNEXT50,2013-06-19,1,BEAR,92.57680740390329,HIGH,0.9368115343414755,0.9,9
NIFTYNEXT50,2013-06-20,1,BEAR,95.57679724022243,HIGH,0.9368113891460348,1.0,10
NIFTYNEXT50,2013-06-21,1,BEAR,95.57677097787874,HIGH,0.9368110139696961,1.0,11
NIFTYNEXT50,2013-06-24,1,BEAR,95.57942648510875,HIGH,0.9368489497872681,1.0,12
NIFTYNEXT50,2013-06-25,1,BEAR,95.57747968133758,HIGH,0.9368211383048226,1.0,13
NIFTYNEXT50,2013-06-26,1,BEAR,95.5771867420754,HIGH,0.9368169534582201,1.0,14
NIFTYNEXT50,2013-06-27,1,BEAR,95.57692162137512,HIGH,0.9368131660196446,1.0,15
NIFTYNEXT50,2013-06-28,1,BEAR,95.57687508368701,HIGH,0.9368125011955291,1.0,16
NIFTYNEXT50,2013-07-01,1,BEAR,95.58153503460403,HIGH,0.9368790719229149,1.0,17
NIFTYNEXT50,2013-07-02,1,BEAR,95.57748529164871,HIGH,0.9368212184521246,1.0,18
NIFTYNEXT50,2013-07-03,1,BEAR,95.57696006675653,HIGH,0.9368137152393791,1.0,19
NIFTYNEXT50,2013-07-04,1,BEAR,95.57713645735613,HIGH,0.9368162351050876,1.0,20
NIFTYNEXT50,2013-07-05,1,BEAR,95.57688848602356,HIGH,0.9368126926574796,1.0,21
NIFTYNEXT50,2013-07-08,1,BEAR,95.57701612061003,HIGH,0.9368145160087146,1.0,22
NIFTYNEXT50,2013-07-09,1,BEAR,95.57914366950028,HIGH,0.9368449095642899,1.0,23
NIFTYNEXT50,2013-07-10,1,BEAR,95.58016201566366,HIGH,0.9368594573666239,1.0,24
NIFTYNEXT50,2013-07-11,1,BEAR,95.69721868001547,HIGH,0.9385316954287923,1.0,25
NIFTYNEXT50,2013-07-12,0,BULL,70.00366706184391,MODERATE,0.9571952437406273,0.1,1
NIFTYNEXT50,2013-07-15,0,BULL,73.08033553652682,MODERATE,0.9582905076646688,0.2,2
NIFTYNEXT50,2013-07-16,0,BULL,76.07101899476143,HIGH,0.9581574142108777,0.3,3
NIFTYNEXT50,2013-07-17,0,BULL,79.04801694632188,HIGH,0.9578288135188839,0.4,4
NIFTYNEXT50,2013-07-18,0,BULL,82.07640664274523,HIGH,0.9582343806106461,0.5,5
NIFTYNEXT50,2013-07-19,0,BULL,84.86467375283262,HIGH,0.9552096250404661,0.6,6
NIFTYNEXT50,2013-07-22,0,BULL,87.69898188716037,HIGH,0.9528425983880054,0.7,7
NIFTYNEXT50,2013-07-23,0,BULL,91.05751910099227,HIGH,0.9579645585856039,0.8,8
NIFTYNEXT50,2013-07-24,1,BEAR,71.60072176276383,MODERATE,0.9371531680394833,0.2,1
NIFTYNEXT50,2013-07-25,1,BEAR,71.57678267374709,MODERATE,0.93681118105353,0.2,2
NIFTYNEXT50,2013-07-26,1,BEAR,74.57671193889004,MODERATE,0.9368101705555721,0.3,3
NIFTYNEXT50,2013-07-29,1,BEAR,77.57670929348197,HIGH,0.9368101327640282,0.4,4
NIFTYNEXT50,2013-07-30,1,BEAR,80.57690369193486,HIGH,0.9368129098847838,0.5,5
NIFTYNEXT50,2013-07-31,1,BEAR,83.57696228223492,HIGH,0.9368137468890704,0.6,6
NIFTYNEXT50,2013-08-01,1,BEAR,86.57875764446925,HIGH,0.9368393949209894,0.7,7
NIFTYNEXT50,2013-08-02,1,BEAR,89.58710182657754,HIGH,0.9369585975225364,0.8,8
NIFTYNEXT50,2013-08-05,1,BEAR,92.57782091104156,HIGH,0.9368260130148793,0.9,9
NIFTYNEXT50,2013-08-06,1,BEAR,95.66487435606386,HIGH,0.9380696336580553,1.0,10
NIFTYNEXT50,2013-08-07,1,BEAR,95.59217846428854,HIGH,0.9370311209184077,1.0,11
NIFTYNEXT50,2013-08-08,1,BEAR,95.57721864634317,HIGH,0.9368174092334739,1.0,12
NIFTYNEXT50,2013-08-12,1,BEAR,95.57675786177127,HIGH,0.9368108265967324,1.0,13
NIFTYNEXT50,2013-08-13,1,BEAR,95.5767695906491,HIGH,0.9368109941521303,1.0,14
NIFTYNEXT50,2013-08-14,1,BEAR,95.57678990729737,HIGH,0.9368112843899625,1.0,15
NIFTYNEXT50,2013-08-16,1,BEAR,95.58391324163269,HIGH,0.9369130463090384,1.0,16
NIFTYNEXT50,2013-08-19,1,BEAR,95.58269568142943,HIGH,0.9368956525918491,1.0,17
NIFTYNEXT50,2013-08-20,1,BEAR,95.58012476134606,HIGH,0.9368589251620866,1.0,18
NIFTYNEXT50,2013-08-21,1,BEAR,95.60075021165537,HIGH,0.9371535744522197,1.0,19
NIFTYNEXT50,2013-08-22,1,BEAR,95.58115384558907,HIGH,0.9368736263655583,1.0,20
NIFTYNEXT50,2013-08-23,1,BEAR,95.57736846906862,HIGH,0.9368195495581232,1.0,21
NIFTYNEXT50,2013-08-26,1,BEAR,95.57699682171967,HIGH,0.9368142403102813,1.0,22
NIFTYNEXT50,2013-08-27,1,BEAR,95.60753712626587,HIGH,0.9372505303752267,1.0,23
NIFTYNEXT50,2013-08-28,1,BEAR,95.61431483162377,HIGH,0.9373473547374825,1.0,24
NIFTYNEXT50,2013-08-29,1,BEAR,95.5956624602811,HIGH,0.93708089228973,1.0,25
NIFTYNEXT50,2013-08-30,1,BEAR,95.57888831108379,HIGH,0.9368412615869113,1.0,26
NIFTYNEXT50,2013-09-02,1,BEAR,95.57855007425712,HIGH,0.9368364296322448,1.0,27
NIFTYNEXT50,2013-09-03,1,BEAR,95.59887484510652,HIGH,0.9371267835015218,1.0,28
NIFTYNEXT50,2013-09-04,1,BEAR,95.5840768304297,HIGH,0.9369153832918528,1.0,29
NIFTYNEXT50,2013-09-05,1,BEAR,95.59992792456384,HIGH,0.9371418274937693,1.0,30
NIFTYNEXT50,2013-09-06,1,BEAR,95.5954117574455,HIGH,0.9370773108206503,1.0,31
NIFTYNEXT50,2013-09-10,2,SIDE,70.06210618530895,MODERATE,0.9580300883615563,0.1,1
NIFTYNEXT50,2013-09-11,2,SIDE,73.2162315961769,MODERATE,0.9602318799453843,0.2,2
NIFTYNEXT50,2013-09-12,2,SIDE,76.21528245637526,HIGH,0.9602183208053611,0.3,3
NIFTYNEXT50,2013-09-13,2,SIDE,79.21535082869494,HIGH,0.9602192975527849,0.4,4
NIFTYNEXT50,2013-09-16,2,SIDE,82.20549309691947,HIGH,0.9600784728131353,0.5,5
NIFTYNEXT50,2013-09-17,2,SIDE,85.20460983716613,HIGH,0.9600658548166592,0.6,6
NIFTYNEXT50,2013-09-18,2,SIDE,88.18545660030517,HIGH,0.9597922371472168,0.7,7
NIFTYNEXT50,2013-09-19,2,SIDE,91.21633501054254,HIGH,0.9602333572934648,0.8,8
NIFTYNEXT50,2013-09-20,2,SIDE,94.21591300309564,HIGH,0.9602273286156521,0.9,9
NIFTYNEXT50,2013-09-23,2,SIDE,97.21455820987576,HIGH,0.9602079744267966,1.0,10
NIFTYNEXT50,2013-09-24,2,SIDE,97.21066096036648,HIGH,0.9601522994338069,1.0,11
NIFTYNEXT50,2013-09-25,0,BULL,70.12489062974315,MODERATE,0.9589270089963308,0.1,1
NIFTYNEXT50,2013-09-26,0,BULL,73.08122276390323,MODERATE,0.9583031823414749,0.2,2
NIFTYNEXT50,2013-09-27,0,BULL,76.0803968842706,HIGH,0.9582913840610087,0.3,3
NIFTYNEXT50,2013-09-30,0,BULL,78.92635713253007,HIGH,0.9560908161790012,0.4,4
NIFTYNEXT50,2013-10-01,0,BULL,82.02060891436115,HIGH,0.9574372702051592,0.5,5
NIFTYNEXT50,2013-10-03,0,BULL,85.08036507230341,HIGH,0.9582909296043345,0.6,6
NIFTYNEXT50,2013-10-04,0,BULL,88.08043484598416,HIGH,0.9582919263712024,0.7,7
NIFTYNEXT50,2013-10-07,0,BULL,91.08044619296976,HIGH,0.9582920884709966,0.8,8
NIFTYNEXT50,2013-10-08,0,BULL,94.08044486245913,HIGH,0.9582920694637019,0.9,9
NIFTYNEXT50,2013-10-09,0,BULL,97.080448782273,HIGH,0.9582921254610429,1.0,10
NIFTYNEXT50,2013-10-10,0,BULL,97.08044805900349,HIGH,0.9582921151286213,1.0,11
NIFTYNEXT50,2013-10-11,0,BULL,97.08044876472601,HIGH,0.9582921252103717,1.0,12
NIFTYNEXT50,2013-10-14,0,BULL,97.08044913093943,HIGH,0.958292130441992,1.0,13
NIFTYNEXT50,2013-10-15,0,BULL,97.08044705924979,HIGH,0.9582921008464257,1.0,14
NIFTYNEXT50,2013-10-17,0,BULL,97.08042940131901,HIGH,0.9582918485902715,1.0,15
NIFTYNEXT50,2013-10-18,0,BULL,97.08044863710083,HIGH,0.9582921233871549,1.0,16
NIFTYNEXT50,2013-10-21,0,BULL,97.08045019185738,HIGH,0.9582921455979626,1.0,17
NIFTYNEXT50,2013-10-22,0,BULL,97.08044946031937,HIGH,0.9582921351474198,1.0,18
NIFTYNEXT50,2013-10-23,0,BULL,97.0804491915516,HIGH,0.9582921313078799,1.0,19
NIFTYNEXT50,2013-10-24,0,BULL,97.08044899454498,HIGH,0.9582921284934999,1.0,20
NIFTYNEXT50,2013-10-25,0,BULL,97.08044619129667,HIGH,0.9582920884470953,1.0,21
NIFTYNEXT50,2013-10-28,0,BULL,97.0798081309222,HIGH,0.9582829732988889,1.0,22
NIFTYNEXT50,2013-10-29,0,BULL,97.08044199399113,HIGH,0.9582920284855875,1.0,23
NIFTYNEXT50,2013-10-30,0,BULL,97.08044601592695,HIGH,0.9582920859418138,1.0,24
NIFTYNEXT50,2013-10-31,0,BULL,97.08044903002018,HIGH,0.9582921290002883,1.0,25
NIFTYNEXT50,2013-11-01,0,BULL,97.08044935079127,HIGH,0.9582921335827326,1.0,26
NIFTYNEXT50,2013-11-05,0,BULL,97.08044886528184,HIGH,0.9582921266468835,1.0,27
NIFTYNEXT50,2013-11-06,0,BULL,97.08044783743102,HIGH,0.9582921119633002,1.0,28
NIFTYNEXT50,2013-11-07,0,BULL,97.0797994257595,HIGH,0.9582828489394217,1.0,29
NIFTYNEXT50,2013-11-08,0,BULL,97.08015023992145,HIGH,0.9582878605703063,1.0,30
NIFTYNEXT50,2013-11-11,0,BULL,97.04315584819054,HIGH,0.9577593692598649,1.0,31
NIFTYNEXT50,2013-11-12,0,BULL,96.77551777474318,HIGH,0.9539359682106169,1.0,32
NIFTYNEXT50,2013-11-13,1,BEAR,68.8194848448139,MODERATE,0.9402783549259127,0.1,1
NIFTYNEXT50,2013-11-14,0,BULL,93.54096123451687,HIGH,0.9505851604930983,0.9,1
NIFTYNEXT50,2013-11-18,0,BULL,94.0795156360079,HIGH,0.958278794800113,0.9,2
NIFTYNEXT50,2013-11-19,0,BULL,94.08043480829392,HIGH,0.9582919258327702,0.9,3
NIFTYNEXT50,2013-11-20,0,BULL,94.07652640021617,HIGH,0.9582360914316596,0.9,4
NIFTYNEXT50,2013-11-21,1,BEAR,71.88187515481911,MODERATE,0.9411696450688447,0.2,1
NIFTYNEXT50,2013-11-22,1,BEAR,74.62208116946051,MODERATE,0.9374583024208646,0.3,2
NIFTYNEXT50,2013-11-25,1,BEAR,77.78973763479094,HIGH,0.9398533947827279,0.4,3
NIFTYNEXT50,2013-11-26,1,BEAR,80.92757032688715,HIGH,0.9418224332412449,0.5,4
NIFTYNEXT50,2013-11-27,1,BEAR,84.03113489274902,HIGH,0.9433019270392717,0.6,5
NIFTYNEXT50,2013-11-28,0,BULL,81.98133970576663,HIGH,0.9568762815109519,0.5,1
NIFTYNEXT50,2013-11-29,0,BULL,82.08003257652959,HIGH,0.9582861796647085,0.5,2
NIFTYNEXT50,2013-12-02,0,BULL,82.0804400907495,HIGH,0.9582920012964216,0.5,3
NIFTYNEXT50,2013-12-03,0,BULL,82.08042714722659,HIGH,0.9582918163889513,0.5,4
NIFTYNEXT50,2013-12-04,0,BULL,82.0802570947184,HIGH,0.9582893870674057,0.5,5
NIFTYNEXT50,2013-12-05,0,BULL,85.08036297120434,HIGH,0.9582908995886333,0.6,6
NIFTYNEXT50,2013-12-06,0,BULL,88.0802303431205,HIGH,0.9582890049017216,0.7,7
NIFTYNEXT50,2013-12-09,0,BULL,91.08042824810504,HIGH,0.9582918321157863,0.8,8
NIFTYNEXT50,2013-12-10,0,BULL,94.08035845104449,HIGH,0.9582908350149213,0.9,9
NIFTYNEXT50,2013-12-11,0,BULL,97.08037950208666,HIGH,0.9582911357440952,1.0,10
NIFTYNEXT50,2013-12-12,0,BULL,97.077400356575,HIGH,0.9582485765225001,1.0,11
NIFTYNEXT50,2013-12-13,1,BEAR,69.24693642173709,MODERATE,0.9463848060248157,0.1,1
NIFTYNEXT50,2013-12-16,0,BULL,93.77301202921888,HIGH,0.9539001718459839,0.9,1
NIFTYNEXT50,2013-12-17,0,BULL,94.03976601497192,HIGH,0.9577109430710273,0.9,2
NIFTYNEXT50,2013-12-18,0,BULL,94.07978897624805,HIGH,0.9582826996606866,0.9,3
NIFTYNEXT50,2013-12-19,0,BULL,94.07950350017828,HIGH,0.9582786214311183,0.9,4
NIFTYNEXT50,2013-12-20,0,BULL,94.0803652231484,HIGH,0.9582909317592628,0.9,5
NIFTYNEXT50,2013-12-23,0,BULL,94.08043818026441,HIGH,0.9582919740037773,0.9,6
NIFTYNEXT50,2013-12-24,0,BULL,94.08044531818209,HIGH,0.9582920759740298,0.9,7
NIFTYNEXT50,2013-12-26,0,BULL,94.0804439145414,HIGH,0.95829205592202,0.9,8
NIFTYNEXT50,2013-12-27,0,BULL,94.08044768118022,HIGH,0.9582921097311461,0.9,9
NIFTYNEXT50,2013-12-30,0,BULL,97.08044119380155,HIGH,0.958292017054308,1.0,10
NIFTYNEXT50,2013-12-31,0,BULL,97.0804479433784,HIGH,0.9582921134768344,1.0,11
NIFTYNEXT50,2014-01-01,0,BULL,97.08044878565939,HIGH,0.9582921255094197,1.0,12
NIFTYNEXT50,2014-01-02,0,BULL,97.07898344168946,HIGH,0.9582711920241352,1.0,13
NIFTYNEXT50,2014-01-03,0,BULL,97.08044418391162,HIGH,0.9582920597701662,1.0,14
NIFTYNEXT50,2014-01-06,0,BULL,97.08044105177957,HIGH,0.9582920150254226,1.0,15
NIFTYNEXT50,2014-01-07,0,BULL,97.0790166926052,HIGH,0.9582716670372171,1.0,16
NIFTYNEXT50,2014-01-08,0,BULL,97.07943278238733,HIGH,0.9582776111769621,1.0,17
NIFTYNEXT50,2014-01-09,0,BULL,97.02691030141585,HIGH,0.9575272900202266,1.0,18
NIFTYNEXT50,2014-01-10,0,BULL,96.4723656102281,HIGH,0.9496052230032587,1.0,19
NIFTYNEXT50,2014-01-13,1,BEAR,68.64480824494069,MODERATE,0.9377829749277242,0.1,1
NIFTYNEXT50,2014-01-14,1,BEAR,71.58041338053265,MODERATE,0.9368630482933236,0.2,2
NIFTYNEXT50,2014-01-15,1,BEAR,74.58271008320044,MODERATE,0.936895858331435,0.3,3
NIFTYNEXT50,2014-01-16,1,BEAR,77.57674532776738,HIGH,0.936810647539534,0.4,4
NIFTYNEXT50,2014-01-17,1,BEAR,80.5767300877501,HIGH,0.9368104298250014,0.5,5
NIFTYNEXT50,2014-01-20,1,BEAR,83.57678485613943,HIGH,0.9368112122305633,0.6,6
NIFTYNEXT50,2014-01-21,1,BEAR,86.57677933316049,HIGH,0.9368111333308643,0.7,7
NIFTYNEXT50,2014-01-22,1,BEAR,89.57755826512735,HIGH,0.9368222609303908,0.8,8
NIFTYNEXT50,2014-01-23,1,BEAR,92.57689751064237,HIGH,0.9368128215806052,0.9,9
NIFTYNEXT50,2014-01-24,1,BEAR,95.57672226080945,HIGH,0.9368103180115636,1.0,10
NIFTYNEXT50,2014-01-27,1,BEAR,95.57773594345545,HIGH,0.9368247991922206,1.0,11
NIFTYNEXT50,2014-01-28,1,BEAR,95.5770857810941,HIGH,0.9368155111584873,1.0,12
NIFTYNEXT50,2014-01-29,1,BEAR,95.5767342067698,HIGH,0.93681048866814,1.0,13
NIFTYNEXT50,2014-01-30,1,BEAR,95.59280353121149,HIGH,0.9370400504458785,1.0,14
NIFTYNEXT50,2014-01-31,1,BEAR,95.57691047298209,HIGH,0.936813006756887,1.0,15
NIFTYNEXT50,2014-02-03,1,BEAR,95.57671570097128,HIGH,0.9368102242995898,1.0,16
NIFTYNEXT50,2014-02-04,1,BEAR,95.57671216455581,HIGH,0.9368101737793688,1.0,17
NIFTYNEXT50,2014-02-05,1,BEAR,95.57669978565659,HIGH,0.9368099969379514,1.0,18
NIFTYNEXT50,2014-02-06,1,BEAR,95.5767088795942,HIGH,0.9368101268513458,1.0,19
NIFTYNEXT50,2014-02-07,1,BEAR,95.57670509929801,HIGH,0.9368100728471146,1.0,20
NIFTYNEXT50,2014-02-10,1,BEAR,95.57669792229345,HIGH,0.9368099703184777,1.0,21
NIFTYNEXT50,2014-02-11,1,BEAR,95.57670079393681,HIGH,0.9368100113419544,1.0,22
NIFTYNEXT50,2014-02-12,1,BEAR,95.57670023035769,HIGH,0.9368100032908242,1.0,23
NIFTYNEXT50,2014-02-13,1,BEAR,95.57671597035637,HIGH,0.9368102281479483,1.0,24
NIFTYNEXT50,2014-02-14,1,BEAR,95.57671175213305,HIGH,0.936810167887615,1.0,25
NIFTYNEXT50,2014-02-17,1,BEAR,95.57672100845545,HIGH,0.9368103001207921,1.0,26
NIFTYNEXT50,2014-02-18,1,BEAR,95.57696449873872,HIGH,0.9368137785534103,1.0,27
NIFTYNEXT50,2014-02-19,1,BEAR,95.59790031195097,HIGH,0.9371128615992996,1.0,28
NIFTYNEXT50,2014-02-20,1,BEAR,95.57724560418224,HIGH,0.9368177943454608,1.0,29
NIFTYNEXT50,2014-02-21,1,BEAR,95.64770378866186,HIGH,0.9378243398380265,1.0,30
NIFTYNEXT50,2014-02-24,1,BEAR,95.6848256732908,HIGH,0.9383546524755828,1.0,31
NIFTYNEXT50,2014-02-25,1,BEAR,95.67865821281578,HIGH,0.9382665458973684,1.0,32
NIFTYNEXT50,2014-02-26,1,BEAR,95.60826452442414,HIGH,0.937260921777488,1.0,33
NIFTYNEXT50,2014-02-28,0,BULL,69.53577513727686,MODERATE,0.9505110733896693,0.1,1
NIFTYNEXT50,2014-03-03,0,BULL,73.05024168068519,MODERATE,0.9578605954383599,0.2,2
NIFTYNEXT50,2014-03-04,0,BULL,76.08032968856591,HIGH,0.9582904241223703,0.3,3
NIFTYNEXT50,2014-03-05,0,BULL,79.08044357435757,HIGH,0.9582920510622511,0.4,4
NIFTYNEXT50,2014-03-06,0,BULL,82.08044972063783,HIGH,0.9582921388662548,0.5,5
NIFTYNEXT50,2014-03-07,0,BULL,85.08045129889805,HIGH,0.9582921614128294,0.6,6
NIFTYNEXT50,2014-03-10,0,BULL,88.08044962741181,HIGH,0.9582921375344545,0.7,7
NIFTYNEXT50,2014-03-11,0,BULL,91.08044912060633,HIGH,0.9582921302943762,0.8,8
NIFTYNEXT50,2014-03-12,0,BULL,94.08044880084759,HIGH,0.9582921257263942,0.9,9
NIFTYNEXT50,2014-03-13,0,BULL,97.08044635316637,HIGH,0.9582920907595196,1.0,10
NIFTYNEXT50,2014-03-14,0,BULL,97.08044689312281,HIGH,0.958292098473183,1.0,11
NIFTYNEXT50,2014-03-18,0,BULL,97.08044906870587,HIGH,0.9582921295529413,1.0,12
NIFTYNEXT50,2014-03-19,0,BULL,97.08044891689649,HIGH,0.9582921273842356,1.0,13
NIFTYNEXT50,2014-03-20,0,BULL,97.08044713539472,HIGH,0.9582921019342104,1.0,14
NIFTYNEXT50,2014-03-21,0,BULL,97.08044820428896,HIGH,0.9582921172041281,1.0,15
NIFTYNEXT50,2014-03-24,0,BULL,97.08044882715348,HIGH,0.9582921261021926,1.0,16
NIFTYNEXT50,2014-03-25,0,BULL,97.08044883135376,HIGH,0.9582921261621966,1.0,17
NIFTYNEXT50,2014-03-26,0,BULL,97.08044874386133,HIGH,0.9582921249123046,1.0,18
NIFTYNEXT50,2014-03-27,0,BULL,97.08044887393379,HIGH,0.9582921267704828,1.0,19
NIFTYNEXT50,2014-03-28,0,BULL,97.08045762213754,HIGH,0.9582922517448224,1.0,20
NIFTYNEXT50,2014-03-31,0,BULL,97.08045804095885,HIGH,0.9582922577279834,1.0,21
NIFTYNEXT50,2014-04-01,0,BULL,97.08044996541878,HIGH,0.9582921423631257,1.0,22
NIFTYNEXT50,2014-04-02,0,BULL,97.08045989504217,HIGH,0.9582922842148881,1.0,23
NIFTYNEXT50,2014-04-03,0,BULL,97.08045027197063,HIGH,0.9582921467424378,1.0,24
NIFTYNEXT50,2014-04-04,0,BULL,97.08044927032287,HIGH,0.958292132433184,1.0,25
NIFTYNEXT50,2014-04-07,0,BULL,97.08044913637923,HIGH,0.9582921305197033,1.0,26
NIFTYNEXT50,2014-04-09,0,BULL,97.08046042157676,HIGH,0.9582922917368109,1.0,27
NIFTYNEXT50,2014-04-10,0,BULL,97.08054767803118,HIGH,0.9582935382575883,1.0,28
NIFTYNEXT50,2014-04-11,0,BULL,97.08045392449496,HIGH,0.9582921989213568,1.0,29
NIFTYNEXT50,2014-04-15,0,BULL,97.0804482446361,HIGH,0.9582921177805158,1.0,30
NIFTYNEXT50,2014-04-16,0,BULL,97.08043823697406,HIGH,0.9582919748139153,1.0,31
NIFTYNEXT50,2014-04-17,0,BULL,97.08044836362824,HIGH,0.9582921194804034,1.0,32
NIFTYNEXT50,2014-04-21,0,BULL,97.08044922164167,HIGH,0.9582921317377384,1.0,33
NIFTYNEXT50,2014-04-22,0,BULL,97.08044845745431,HIGH,0.9582921208207761,1.0,34
NIFTYNEXT50,2014-04-23,0,BULL,97.08044655652056,HIGH,0.9582920936645795,1.0,35
NIFTYNEXT50,2014-04-25,0,BULL,97.08044782880951,HIGH,0.958292111840136,1.0,36
NIFTYNEXT50,2014-04-28,0,BULL,97.08044469036193,HIGH,0.9582920670051703,1.0,37
NIFTYNEXT50,2014-04-29,0,BULL,97.08030765279388,HIGH,0.958290109325627,1.0,38
NIFTYNEXT50,2014-04-30,0,BULL,97.06026892322375,HIGH,0.9580038417603393,1.0,39
NIFTYNEXT50,2014-05-02,0,BULL,97.07873631307054,HIGH,0.9582676616152933,1.0,40
NIFTYNEXT50,2014-05-05,0,BULL,97.06995255430306,HIGH,0.9581421793471867,1.0,41
NIFTYNEXT50,2014-05-06,0,BULL,97.0571452812645,HIGH,0.9579592183037786,1.0,42
NIFTYNEXT50,2014-05-07,0,BULL,96.86193853672674,HIGH,0.9551705505246676,1.0,43
NIFTYNEXT50,2014-05-08,0,BULL,96.90106245735868,HIGH,0.9557294636765528,1.0,44
NIFTYNEXT50,2014-05-09,0,BULL,97.0801192378091,HIGH,0.9582874176829872,1.0,45
NIFTYNEXT50,2014-05-12,0,BULL,97.08044167532877,HIGH,0.9582920239332683,1.0,46
NIFTYNEXT50,2014-05-13,0,BULL,97.08046868069971,HIGH,0.9582924097242816,1.0,47
NIFTYNEXT50,2014-05-14,0,BULL,97.0805670899313,HIGH,0.9582938155704471,1.0,48
NIFTYNEXT50,2014-05-15,0,BULL,97.08045452598651,HIGH,0.958292207514093,1.0,49
NIFTYNEXT50,2014-05-16,0,BULL,97.11169389445324,HIGH,0.9587384842064751,1.0,50
NIFTYNEXT50,2014-05-19,2,SIDE,70.21633662252934,MODERATE,0.9602333803218478,0.1,1
NIFTYNEXT50,2014-05-20,2,SIDE,73.2163366195253,MODERATE,0.9602333802789328,0.2,2
NIFTYNEXT50,2014-05-21,2,SIDE,76.21633658793742,HIGH,0.9602333798276774,0.3,3
NIFTYNEXT50,2014-05-22,2,SIDE,79.21633662248315,HIGH,0.960233380321188,0.4,4
NIFTYNEXT50,2014-05-23,2,SIDE,82.21633662253076,HIGH,0.9602333803218681,0.5,5
NIFTYNEXT50,2014-05-26,2,SIDE,85.21633662057764,HIGH,0.9602333802939664,0.6,6
NIFTYNEXT50,2014-05-27,2,SIDE,88.21633031412534,HIGH,0.9602332902017907,0.7,7
NIFTYNEXT50,2014-05-28,2,SIDE,91.21627756717356,HIGH,0.9602325366739081,0.8,8
NIFTYNEXT50,2014-05-29,2,SIDE,94.21494165651757,HIGH,0.9602134522359653,0.9,9
NIFTYNEXT50,2014-05-30,2,SIDE,97.20350282583678,HIGH,0.960050040369097,1.0,10
NIFTYNEXT50,2014-06-02,2,SIDE,97.21493213088547,HIGH,0.9602133161555069,1.0,11
NIFTYNEXT50,2014-06-03,2,SIDE,97.21576999760606,HIGH,0.9602252856800866,1.0,12
NIFTYNEXT50,2014-06-04,2,SIDE,97.2159678268414,HIGH,0.9602281118120202,1.0,13
NIFTYNEXT50,2014-06-05,2,SIDE,97.21631704305321,HIGH,0.960233100615046,1.0,14
NIFTYNEXT50,2014-06-06,2,SIDE,97.21633653834101,HIGH,0.9602333791191572,1.0,15
NIFTYNEXT50,2014-06-09,2,SIDE,97.21633581640967,HIGH,0.9602333688058526,1.0,16
NIFTYNEXT50,2014-06-10,2,SIDE,97.21630876118277,HIGH,0.9602329823026111,1.0,17
NIFTYNEXT50,2014-06-11,2,SIDE,97.216084370502,HIGH,0.9602297767214573,1.0,18
NIFTYNEXT50,2014-06-12,2,SIDE,97.2129417730825,HIGH,0.9601848824726074,1.0,19
NIFTYNEXT50,2014-06-13,2,SIDE,97.21395677440363,HIGH,0.9601993824914806,1.0,20
NIFTYNEXT50,2014-06-16,2,SIDE,97.1509911294232,HIGH,0.9592998732774745,1.0,21
NIFTYNEXT50,2014-06-17,0,BULL,70.09230144529599,MODERATE,0.9584614492185142,0.1,1
NIFTYNEXT50,2014-06-18,0,BULL,73.08064891133903,MODERATE,0.9582949844477006,0.2,2
NIFTYNEXT50,2014-06-19,0,BULL,76.07665083245837,HIGH,0.9582378690351196,0.3,3
NIFTYNEXT50,2014-06-20,0,BULL,79.06625385846874,HIGH,0.9580893408352678,0.4,4
NIFTYNEXT50,2014-06-23,0,BULL,82.07254236742372,HIGH,0.9581791766774819,0.5,5
NIFTYNEXT50,2014-06-24,0,BULL,85.07939552093566,HIGH,0.9582770788705096,0.6,6
NIFTYNEXT50,2014-06-25,0,BULL,88.07632589150373,HIGH,0.958233227021482,0.7,7
NIFTYNEXT50,2014-06-26,0,BULL,90.91148268588651,HIGH,0.9558783240840931,0.8,8
NIFTYNEXT50,2014-06-27,0,BULL,93.75808795662856,HIGH,0.9536869708089795,0.9,9
NIFTYNEXT50,2014-06-30,0,BULL,97.06928076134014,HIGH,0.9581325823048592,1.0,10
NIFTYNEXT50,2014-07-01,0,BULL,97.08041400762288,HIGH,0.9582916286803271,1.0,11
NIFTYNEXT50,2014-07-02,0,BULL,97.08052746220719,HIGH,0.9582932494601027,1.0,12
NIFTYNEXT50,2014-07-03,0,BULL,97.08045164573815,HIGH,0.9582921663676879,1.0,13
NIFTYNEXT50,2014-07-04,0,BULL,97.08044993380236,HIGH,0.9582921419114623,1.0,14
NIFTYNEXT50,2014-07-07,0,BULL,97.0804495742416,HIGH,0.9582921367748802,1.0,15
NIFTYNEXT50,2014-07-08,1,BEAR,68.83376085198726,MODERATE,0.9404822978855325,0.1,1
NIFTYNEXT50,2014-07-09,1,BEAR,71.58594141239799,MODERATE,0.9369420201771139,0.2,2
NIFTYNEXT50,2014-07-10,1,BEAR,74.66357733531763,MODERATE,0.938051104790252,0.3,3
NIFTYNEXT50,2014-07-11,1,BEAR,77.57837736696207,HIGH,0.9368339623851725,0.4,4
NIFTYNEXT50,2014-07-14,1,BEAR,80.5768145665974,HIGH,0.9368116366656772,0.5,5
NIFTYNEXT50,2014-07-15,1,BEAR,83.57874547709902,HIGH,0.9368392211014148,0.6,6
NIFTYNEXT50,2014-07-16,1,BEAR,86.59997051826123,HIGH,0.9371424359751604,0.7,7
NIFTYNEXT50,2014-07-17,1,BEAR,89.77049301796984,HIGH,0.9395784716852835,0.8,8
NIFTYNEXT50,2014-07-18,1,BEAR,92.60983138954741,HIGH,0.937283305564963,0.9,9
NIFTYNEXT50,2014-07-21,1,BEAR,95.5846439633564,HIGH,0.9369234851908058,1.0,10
NIFTYNEXT50,2014-07-22,1,BEAR,95.58179715740403,HIGH,0.9368828165343431,1.0,11
NIFTYNEXT50,2014-07-23,1,BEAR,95.57794641989199,HIGH,0.9368278059984572,1.0,12
NIFTYNEXT50,2014-07-24,1,BEAR,95.57819517945244,HIGH,0.9368313597064633,1.0,13
NIFTYNEXT50,2014-07-25,1,BEAR,95.57683966777975,HIGH,0.9368119952539964,1.0,14
NIFTYNEXT50,2014-07-28,1,BEAR,95.57716435098789,HIGH,0.9368166335855415,1.0,15
NIFTYNEXT50,2014-07-30,1,BEAR,95.58923675919269,HIGH,0.9369890965598956,1.0,16
NIFTYNEXT50,2014-07-31,1,BEAR,95.59145671328868,HIGH,0.9370208101898385,1.0,17
NIFTYNEXT50,2014-08-01,1,BEAR,95.60913358214205,HIGH,0.9372733368877435,1.0,18
NIFTYNEXT50,2014-08-04,1,BEAR,96.27091799774195,HIGH,0.9467273999677421,1.0,19
NIFTYNEXT50,2014-08-05,0,BULL,69.89619829067941,MODERATE,0.9556599755811345,0.1,1
NIFTYNEXT50,2014-08-06,0,BULL,72.88864707403617,MODERATE,0.9555521010576598,0.2,2
NIFTYNEXT50,2014-08-07,1,BEAR,90.30594849659529,HIGH,0.947227835665647,0.8,1
NIFTYNEXT50,2014-08-08,1,BEAR,89.57680877811482,HIGH,0.9368115539730689,0.8,2
NIFTYNEXT50,2014-08-11,1,BEAR,89.57917092313744,HIGH,0.9368452989019636,0.8,3
NIFTYNEXT50,2014-08-12,1,BEAR,89.59304761101265,HIGH,0.9370435373001808,0.8,4
NIFTYNEXT50,2014-08-13,1,BEAR,89.57776964567205,HIGH,0.936825280652458,0.8,5
NIFTYNEXT50,2014-08-14,1,BEAR,89.61988533917226,HIGH,0.9374269334167465,0.8,6
NIFTYNEXT50,2014-08-18,0,BULL,75.96355500390396,HIGH,0.9566222143414852,0.3,1
NIFTYNEXT50,2014-08-19,0,BULL,79.08038477327894,HIGH,0.958291211046842,0.4,2
NIFTYNEXT50,2014-08-20,0,BULL,79.08042543211864,HIGH,0.9582917918874094,0.4,3
NIFTYNEXT50,2014-08-21,0,BULL,79.08044496617002,HIGH,0.958292070945286,0.4,4
NIFTYNEXT50,2014-08-22,0,BULL,82.08044746425195,HIGH,0.9582921066321707,0.5,5
NIFTYNEXT50,2014-08-25,0,BULL,85.07997229902816,HIGH,0.9582853185575452,0.6,6
NIFTYNEXT50,2014-08-26,0,BULL,88.08012787682691,HIGH,0.9582875410975273,0.7,7
NIFTYNEXT50,2014-08-27,0,BULL,91.08032925426176,HIGH,0.9582904179180252,0.8,8
NIFTYNEXT50,2014-08-28,0,BULL,94.08025008580077,HIGH,0.9582892869400111,0.9,9
NIFTYNEXT50,2014-09-01,0,BULL,97.08044981362703,HIGH,0.9582921401946718,1.0,10
NIFTYNEXT50,2014-09-02,0,BULL,97.08044890044285,HIGH,0.9582921271491835,1.0,11
NIFTYNEXT50,2014-09-03,0,BULL,97.08044904824884,HIGH,0.9582921292606978,1.0,12
NIFTYNEXT50,2014-09-04,0,BULL,97.0804489891837,HIGH,0.9582921284169098,1.0,13
NIFTYNEXT50,2014-09-05,0,BULL,97.08044891336733,HIGH,0.9582921273338191,1.0,14
NIFTYNEXT50,2014-09-08,0,BULL,97.08044929695802,HIGH,0.9582921328136863,1.0,15
NIFTYNEXT50,2014-09-09,0,BULL,97.08044903899571,HIGH,0.9582921291285103,1.0,16
NIFTYNEXT50,2014-09-10,0,BULL,97.08044647552656,HIGH,0.9582920925075222,1.0,17
NIFTYNEXT50,2014-09-11,0,BULL,97.08044819035271,HIGH,0.9582921170050388,1.0,18
NIFTYNEXT50,2014-09-12,0,BULL,97.08044814476484,HIGH,0.9582921163537835,1.0,19
NIFTYNEXT50,2014-09-15,0,BULL,97.08044842917167,HIGH,0.9582921204167382,1.0,20
NIFTYNEXT50,2014-09-16,1,BEAR,68.7043490040428,MODERATE,0.9386335572006114,0.1,1
NIFTYNEXT50,2014-09-17,1,BEAR,72.31487940889754,MODERATE,0.9473554201271076,0.2,2
NIFTYNEXT50,2014-09-18,0,BULL,91.07637921172095,HIGH,0.9582339887388708,0.8,1
NIFTYNEXT50,2014-09-19,0,BULL,91.07742619786161,HIGH,0.9582489456837373,0.8,2
NIFTYNEXT50,2014-09-22,0,BULL,91.0739165749673,HIGH,0.9581988082138186,0.8,3
NIFTYNEXT50,2014-09-23,1,BEAR,74.585388023707,MODERATE,0.9369341146243858,0.3,1
NIFTYNEXT50,2014-09-24,1,BEAR,77.57682703753078,HIGH,0.9368118148218684,0.4,2
NIFTYNEXT50,2014-09-25,1,BEAR,80.57703463217337,HIGH,0.9368147804596195,0.5,3
NIFTYNEXT50,2014-09-26,1,BEAR,83.57680105954695,HIGH,0.9368114437078137,0.6,4
NIFTYNEXT50,2014-09-29,1,BEAR,86.57690390138666,HIGH,0.9368129128769523,0.7,5
NIFTYNEXT50,2014-09-30,1,BEAR,86.57700689518884,HIGH,0.9368143842169836,0.7,6
NIFTYNEXT50,2014-10-01,1,BEAR,86.5767686796269,HIGH,0.9368109811375271,0.7,7
NIFTYNEXT50,2014-10-07,1,BEAR,89.57672014415608,HIGH,0.9368102877736584,0.8,8
NIFTYNEXT50,2014-10-08,1,BEAR,92.5767068291242,HIGH,0.9368100975589173,0.9,9
NIFTYNEXT50,2014-10-09,1,BEAR,95.57869613353516,HIGH,0.9368385161933593,1.0,10
NIFTYNEXT50,2014-10-10,1,BEAR,95.57674375616425,HIGH,0.9368106250880609,1.0,11
NIFTYNEXT50,2014-10-13,1,BEAR,95.5767329328622,HIGH,0.93681047046946,1.0,12
NIFTYNEXT50,2014-10-14,1,BEAR,95.57680018459243,HIGH,0.9368114312084633,1.0,13
NIFTYNEXT50,2014-10-16,1,BEAR,95.57702430167274,HIGH,0.9368146328810393,1.0,14
NIFTYNEXT50,2014-10-17,1,BEAR,95.57678972522841,HIGH,0.9368112817889772,1.0,15
NIFTYNEXT50,2014-10-20,1,BEAR,95.5776620105517,HIGH,0.9368237430078817,1.0,16
NIFTYNEXT50,2014-10-21,1,BEAR,95.62318480692863,HIGH,0.9374740686704092,1.0,17
NIFTYNEXT50,2014-10-22,1,BEAR,95.9997554593349,HIGH,0.9428536494190702,1.0,18
NIFTYNEXT50,2014-10-27,0,BULL,69.42485493972116,MODERATE,0.9489264991388737,0.1,1
NIFTYNEXT50,2014-10-28,0,BULL,72.93109893898755,MODERATE,0.9561585562712509,0.2,2
NIFTYNEXT50,2014-10-29,0,BULL,76.07614250454534,HIGH,0.9582306072077906,0.3,3
NIFTYNEXT50,2014-10-30,0,BULL,79.08039458121675,HIGH,0.9582913511602393,0.4,4
NIFTYNEXT50,2014-10-31,0,BULL,82.08044939725706,HIGH,0.9582921342465294,0.5,5
NIFTYNEXT50,2014-11-03,0,BULL,85.08044708553079,HIGH,0.9582921012218686,0.6,6
NIFTYNEXT50,2014-11-05,0,BULL,88.08044843745303,HIGH,0.9582921205350433,0.7,7
NIFTYNEXT50,2014-11-07,0,BULL,91.08044919102093,HIGH,0.958292131300299,0.8,8
NIFTYNEXT50,2014-11-10,0,BULL,94.08044893413398,HIGH,0.9582921276304855,0.9,9
NIFTYNEXT50,2014-11-11,0,BULL,97.08045028849781,HIGH,0.9582921469785401,1.0,10
NIFTYNEXT50,2014-11-12,0,BULL,97.0804543684464,HIGH,0.9582922052635198,1.0,11
NIFTYNEXT50,2014-11-13,0,BULL,97.08044975481023,HIGH,0.958292139354432,1.0,12
NIFTYNEXT50,2014-11-14,0,BULL,97.08044940268621,HIGH,0.9582921343240887,1.0,13
NIFTYNEXT50,2014-11-17,0,BULL,97.08044977546967,HIGH,0.9582921396495668,1.0,14
NIFTYNEXT50,2014-11-18,0,BULL,97.08045364520088,HIGH,0.9582921949314412,1.0,15
NIFTYNEXT50,2014-11-19,0,BULL,97.08044932045519,HIGH,0.9582921331493599,1.0,16
NIFTYNEXT50,2014-11-20,0,BULL,97.08044903290663,HIGH,0.9582921290415233,1.0,17
NIFTYNEXT50,2014-11-21,0,BULL,97.08044898828551,HIGH,0.958292128404079,1.0,18
NIFTYNEXT50,2014-11-24,0,BULL,97.08044896512654,HIGH,0.9582921280732363,1.0,19
NIFTYNEXT50,2014-11-25,0,BULL,97.08044831547211,HIGH,0.9582921187924589,1.0,20
NIFTYNEXT50,2014-11-26,0,BULL,97.08042727583658,HIGH,0.9582918182262372,1.0,21
NIFTYNEXT50,2014-11-27,0,BULL,97.08044817657708,HIGH,0.958292116808244,1.0,22
NIFTYNEXT50,2014-11-28,0,BULL,97.08044719920082,HIGH,0.9582921028457259,1.0,23
NIFTYNEXT50,2014-12-01,0,BULL,97.08044366917761,HIGH,0.9582920524168229,1.0,24
NIFTYNEXT50,2014-12-02,0,BULL,97.0804447701495,HIGH,0.9582920681449929,1.0,25
NIFTYNEXT50,2014-12-03,0,BULL,97.08044901438875,HIGH,0.9582921287769823,1.0,26
NIFTYNEXT50,2014-12-04,0,BULL,97.08044884467095,HIGH,0.9582921263524421,1.0,27
NIFTYNEXT50,2014-12-05,0,BULL,97.08044057554828,HIGH,0.9582920082221184,1.0,28
NIFTYNEXT50,2014-12-08,0,BULL,97.07716115895902,HIGH,0.9582451594137004,1.0,29
NIFTYNEXT50,2014-12-09,0,BULL,96.45995514567431,HIGH,0.9494279306524904,1.0,30
NIFTYNEXT50,2014-12-10,0,BULL,96.9643341852225,HIGH,0.9566333455031788,1.0,31
NIFTYNEXT50,2014-12-11,0,BULL,96.59697696292791,HIGH,0.9513853851846844,1.0,32
NIFTYNEXT50,2014-12-12,1,BEAR,68.58428714067277,MODERATE,0.9369183877238968,0.1,1
NIFTYNEXT50,2014-12-15,1,BEAR,71.57741528069947,MODERATE,0.9368202182957069,0.2,2
NIFTYNEXT50,2014-12-16,1,BEAR,74.57691151349202,MODERATE,0.9368130216213149,0.3,3
NIFTYNEXT50,2014-12-17,1,BEAR,77.57673158552198,HIGH,0.9368104512217427,0.4,4
NIFTYNEXT50,2014-12-18,1,BEAR,80.57812960584803,HIGH,0.9368304229406862,0.5,5
NIFTYNEXT50,2014-12-19,1,BEAR,83.57753050585535,HIGH,0.9368218643693621,0.6,6
NIFTYNEXT50,2014-12-22,1,BEAR,86.58604512974563,HIGH,0.936943501853509,0.7,7
NIFTYNEXT50,2014-12-23,1,BEAR,89.57689436129598,HIGH,0.9368127765899428,0.8,8
NIFTYNEXT50,2014-12-24,1,BEAR,92.57691442344179,HIGH,0.9368130631920256,0.9,9
NIFTYNEXT50,2014-12-26,1,BEAR,95.57780903316093,HIGH,0.9368258433308704,1.0,10
NIFTYNEXT50,2014-12-29,1,BEAR,95.59912584928014,HIGH,0.9371303692754308,1.0,11
NIFTYNEXT50,2014-12-30,1,BEAR,96.11890934444263,HIGH,0.9445558477777518,1.0,12
NIFTYNEXT50,2014-12-31,0,BULL,69.99828242012876,MODERATE,0.9571183202875536,0.1,1
NIFTYNEXT50,2015-01-01,0,BULL,73.07962880418692,MODERATE,0.9582804114883848,0.2,2
NIFTYNEXT50,2015-01-02,0,BULL,76.0804217904757,HIGH,0.9582917398639386,0.3,3
NIFTYNEXT50,2015-01-05,0,BULL,79.08041622307542,HIGH,0.958291660329649,0.4,4
NIFTYNEXT50,2015-01-06,1,BEAR,84.07019152510816,HIGH,0.9438598789301165,0.6,1
NIFTYNEXT50,2015-01-07,0,BULL,81.61622943390684,HIGH,0.9516604204843834,0.5,1
NIFTYNEXT50,2015-01-08,0,BULL,85.05195400672825,HIGH,0.9578850572389749,0.6,2
NIFTYNEXT50,2015-01-09,0,BULL,88.07680494094522,HIGH,0.9582400705849318,0.7,3
NIFTYNEXT50,2015-01-12,0,BULL,91.07879832508323,HIGH,0.9582685475011891,0.8,4
NIFTYNEXT50,2015-01-13,0,BULL,94.07917405979782,HIGH,0.958273915139969,0.9,5
NIFTYNEXT50,2015-01-14,0,BULL,94.07985049300711,HIGH,0.9582835784715302,0.9,6
NIFTYNEXT50,2015-01-15,0,BULL,94.08041209605965,HIGH,0.9582916013722808,0.9,7
NIFTYNEXT50,2015-01-16,0,BULL,94.08043788944427,HIGH,0.9582919698492038,0.9,8
NIFTYNEXT50,2015-01-19,0,BULL,94.08043633353086,HIGH,0.9582919476218693,0.9,9
NIFTYNEXT50,2015-01-20,0,BULL,97.08042828777235,HIGH,0.9582918326824623,1.0,10
NIFTYNEXT50,2015-01-21,0,BULL,97.08043488941705,HIGH,0.958291926991672,1.0,11
NIFTYNEXT50,2015-01-22,0,BULL,97.08041613385663,HIGH,0.9582916590550946,1.0,12
NIFTYNEXT50,2015-01-23,0,BULL,97.08044778924932,HIGH,0.9582921112749903,1.0,13
NIFTYNEXT50,2015-01-27,0,BULL,97.08044912738836,HIGH,0.9582921303912623,1.0,14
NIFTYNEXT50,2015-01-28,0,BULL,97.08044933090645,HIGH,0.9582921332986635,1.0,15
NIFTYNEXT50,2015-01-29,0,BULL,97.0804491545495,HIGH,0.9582921307792786,1.0,16
NIFTYNEXT50,2015-01-30,0,BULL,97.08044903005337,HIGH,0.9582921290007627,1.0,17
NIFTYNEXT50,2015-02-02,0,BULL,97.08044905675726,HIGH,0.9582921293822466,1.0,18
NIFTYNEXT50,2015-02-03,0,BULL,97.08044804874132,HIGH,0.9582921149820188,1.0,19
NIFTYNEXT50,2015-02-04,0,BULL,97.08043763052537,HIGH,0.9582919661503624,1.0,20
NIFTYNEXT50,2015-02-05,0,BULL,97.0714956825362,HIGH,0.9581642240362314,1.0,21
NIFTYNEXT50,2015-02-06,0,BULL,96.96877097281893,HIGH,0.9566967281831276,1.0,22
NIFTYNEXT50,2015-02-09,1,BEAR,68.57820547747,MODERATE,0.9368315068209999,0.1,1
NIFTYNEXT50,2015-02-10,1,BEAR,71.57943183392163,MODERATE,0.9368490261988806,0.2,2
NIFTYNEXT50,2015-02-11,1,BEAR,74.75155323764938,MODERATE,0.939307903394991,0.3,3
NIFTYNEXT50,2015-02-12,0,BULL,87.99909431349556,HIGH,0.9571299187642225,0.7,1
NIFTYNEXT50,2015-02-13,0,BULL,88.07960028915554,HIGH,0.9582800041307934,0.7,2
NIFTYNEXT50,2015-02-16,0,BULL,88.07628133781537,HIGH,0.9582325905402198,0.7,3
NIFTYNEXT50,2015-02-18,0,BULL,88.0790387456386,HIGH,0.9582719820805514,0.7,4
NIFTYNEXT50,2015-02-19,0,BULL,88.07797057207027,HIGH,0.9582567224581469,0.7,5
NIFTYNEXT50,2015-02-20,0,BULL,88.0796618969435,HIGH,0.9582808842420502,0.7,6
NIFTYNEXT50,2015-02-23,0,BULL,88.04239012265198,HIGH,0.9577484303235999,0.7,7
NIFTYNEXT50,2015-02-24,0,BULL,91.05912909272308,HIGH,0.9579875584674727,0.8,8
NIFTYNEXT50,2015-02-25,0,BULL,94.06330154192852,HIGH,0.9580471648846932,0.9,9
NIFTYNEXT50,2015-02-26,0,BULL,96.92164779637933,HIGH,0.956023539948276,1.0,10
NIFTYNEXT50,2015-02-27,0,BULL,97.07785635723451,HIGH,0.9582550908176359,1.0,11
NIFTYNEXT50,2015-03-02,0,BULL,97.08044774240206,HIGH,0.9582921106057438,1.0,12
NIFTYNEXT50,2015-03-03,0,BULL,97.08044849051427,HIGH,0.9582921212930611,1.0,13
NIFTYNEXT50,2015-03-04,0,BULL,97.08018034791999,HIGH,0.9582882906845712,1.0,14
NIFTYNEXT50,2015-03-05,0,BULL,97.08035990205626,HIGH,0.9582908557436608,1.0,15
NIFTYNEXT50,2015-03-09,0,BULL,97.04439377570333,HIGH,0.9577770539386192,1.0,16
NIFTYNEXT50,2015-03-10,0,BULL,97.07325680515582,HIGH,0.9581893829307974,1.0,17
NIFTYNEXT50,2015-03-11,0,BULL,97.05335952124994,HIGH,0.9579051360178564,1.0,18
NIFTYNEXT50,2015-03-12,0,BULL,97.07992245816057,HIGH,0.958284606545151,1.0,19
NIFTYNEXT50,2015-03-13,0,BULL,96.99717431058347,HIGH,0.9571024901511925,1.0,20
NIFTYNEXT50,2015-03-16,0,BULL,96.70651070235408,HIGH,0.9529501528907725,1.0,21
NIFTYNEXT50,2015-03-17,0,BULL,97.05021279374897,HIGH,0.9578601827678423,1.0,22
NIFTYNEXT50,2015-03-18,0,BULL,97.07865941346296,HIGH,0.9582665630494709,1.0,23
NIFTYNEXT50,2015-03-19,0,BULL,97.07839946372128,HIGH,0.9582628494817325,1.0,24
NIFTYNEXT50,2015-03-20,1,BEAR,68.8602988714143,MODERATE,0.9408614124487757,0.1,1
NIFTYNEXT50,2015-03-23,1,BEAR,71.577089714236,MODERATE,0.9368155673462286,0.2,2
NIFTYNEXT50,2015-03-24,1,BEAR,74.57672160020205,MODERATE,0.936810308574315,0.3,3
NIFTYNEXT50,2015-03-25,1,BEAR,77.57675748859249,HIGH,0.9368108212656071,0.4,4
NIFTYNEXT50,2015-03-26,1,BEAR,80.57673406302224,HIGH,0.9368104866146035,0.5,5
NIFTYNEXT50,2015-03-27,1,BEAR,83.5766977455914,HIGH,0.9368099677941629,0.6,6
NIFTYNEXT50,2015-03-30,1,BEAR,86.57699828453586,HIGH,0.9368142612076553,0.7,7
NIFTYNEXT50,2015-03-31,1,BEAR,89.57783170280463,HIGH,0.9368261671829233,0.8,8
NIFTYNEXT50,2015-04-01,1,BEAR,92.58162877395732,HIGH,0.9368804110565333,0.9,9
NIFTYNEXT50,2015-04-06,1,BEAR,95.849926341501,HIGH,0.9407132334500142,1.0,10
NIFTYNEXT50,2015-04-07,0,BULL,70.04309258971209,MODERATE,0.9577584655673155,0.1,1
NIFTYNEXT50,2015-04-08,0,BULL,73.08012659676284,MODERATE,0.9582875228108978,0.2,2
NIFTYNEXT50,2015-04-09,0,BULL,76.08025161805557,HIGH,0.9582893088293655,0.3,3
NIFTYNEXT50,2015-04-10,0,BULL,79.08044229022707,HIGH,0.9582920327175297,0.4,4
NIFTYNEXT50,2015-04-13,0,BULL,82.08044861782606,HIGH,0.9582921231118009,0.5,5
NIFTYNEXT50,2015-04-15,0,BULL,85.08044676423378,HIGH,0.9582920966319112,0.6,6
NIFTYNEXT50,2015-04-16,0,BULL,88.08043227084356,HIGH,0.9582918895834796,0.7,7
NIFTYNEXT50,2015-04-17,0,BULL,91.06839097192855,HIGH,0.9581198710275508,0.8,8
NIFTYNEXT50,2015-04-20,1,BEAR,71.7630985027374,MODERATE,0.9394728357533917,0.2,1
NIFTYNEXT50,2015-04-21,1,BEAR,71.5793843906745,MODERATE,0.9368483484382072,0.2,2
NIFTYNEXT50,2015-04-22,1,BEAR,74.57725484084725,MODERATE,0.936817926297818,0.3,3
NIFTYNEXT50,2015-04-23,1,BEAR,77.57812648020972,HIGH,0.9368303782887103,0.4,4
NIFTYNEXT50,2015-04-24,1,BEAR,80.5767039228625,HIGH,0.936810056040893,0.5,5
NIFTYNEXT50,2015-04-27,1,BEAR,83.57676198511368,HIGH,0.9368108855016241,0.6,6
NIFTYNEXT50,2015-04-28,1,BEAR,86.57673247444558,HIGH,0.9368104639206511,0.7,7
NIFTYNEXT50,2015-04-29,1,BEAR,89.57669930046588,HIGH,0.9368099900066555,0.8,8
NIFTYNEXT50,2015-04-30,1,BEAR,92.57677376479445,HIGH,0.936811053782778,0.9,9
NIFTYNEXT50,2015-05-04,1,BEAR,95.57679925724831,HIGH,0.9368114179606902,1.0,10
NIFTYNEXT50,2015-05-05,1,BEAR,95.57740679052603,HIGH,0.9368200970075147,1.0,11
NIFTYNEXT50,2015-05-06,1,BEAR,95.5771136038871,HIGH,0.9368159086269585,1.0,12
NIFTYNEXT50,2015-05-07,1,BEAR,95.57786371670419,HIGH,0.9368266245243454,1.0,13
NIFTYNEXT50,2015-05-08,1,BEAR,95.57691731786547,HIGH,0.9368131045409352,1.0,14
NIFTYNEXT50,2015-05-11,1,BEAR,95.5774618675439,HIGH,0.9368208838220557,1.0,15
NIFTYNEXT50,2015-05-12,1,BEAR,95.57693663993143,HIGH,0.9368133805704489,1.0,16
NIFTYNEXT50,2015-05-13,1,BEAR,95.57968266800036,HIGH,0.9368526095428623,1.0,17
NIFTYNEXT50,2015-05-14,1,BEAR,95.58729574556017,HIGH,0.9369613677937169,1.0,18
NIFTYNEXT50,2015-05-15,1,BEAR,95.6337990970903,HIGH,0.9376257013870045,1.0,19
NIFTYNEXT50,2015-05-18,0,BULL,69.60732910840804,MODERATE,0.9515332729772576,0.1,1
NIFTYNEXT50,2015-05-19,0,BULL,73.03287562438705,MODERATE,0.9576125089198151,0.2,2
NIFTYNEXT50,2015-05-20,0,BULL,76.07422311958351,HIGH,0.9582031874226217,0.3,3
NIFTYNEXT50,2015-05-21,0,BULL,79.06831371608357,HIGH,0.9581187673726225,0.4,4
NIFTYNEXT50,2015-05-22,0,BULL,82.05799684371888,HIGH,0.9579713834816983,0.5,5
NIFTYNEXT50,2015-05-25,0,BULL,85.04589511332432,HIGH,0.9577985016189189,0.6,6
NIFTYNEXT50,2015-05-26,0,BULL,88.07681422555535,HIGH,0.9582402032222195,0.7,7
NIFTYNEXT50,2015-05-27,0,BULL,91.07906778579573,HIGH,0.958272396939939,0.8,8
NIFTYNEXT50,2015-05-28,0,BULL,94.0413066213006,HIGH,0.9577329517328659,0.9,9
NIFTYNEXT50,2015-05-29,0,BULL,97.08171194112187,HIGH,0.9583101705874554,1.0,10
NIFTYNEXT50,2015-06-01,0,BULL,97.07970488686892,HIGH,0.9582814983838417,1.0,11
NIFTYNEXT50,2015-06-02,1,BEAR,68.58525781278605,MODERATE,0.9369322544683722,0.1,1
NIFTYNEXT50,2015-06-03,1,BEAR,71.57679840333651,MODERATE,0.9368114057619502,0.2,2
NIFTYNEXT50,2015-06-04,1,BEAR,74.57670316246077,MODERATE,0.9368100451780113,0.3,3
NIFTYNEXT50,2015-06-05,1,BEAR,77.57670580701118,HIGH,0.9368100829573026,0.4,4
NIFTYNEXT50,2015-06-08,1,BEAR,80.5767181973941,HIGH,0.9368102599627729,0.5,5
NIFTYNEXT50,2015-06-09,1,BEAR,83.57671520305192,HIGH,0.9368102171864562,0.6,6
NIFTYNEXT50,2015-06-10,1,BEAR,86.57671110086184,HIGH,0.9368101585837408,0.7,7
NIFTYNEXT50,2015-06-11,1,BEAR,89.57672108821116,HIGH,0.9368103012601595,0.8,8
NIFTYNEXT50,2015-06-12,1,BEAR,92.57670393976133,HIGH,0.9368100562823047,0.9,9
NIFTYNEXT50,2015-06-15,1,BEAR,95.57670189089502,HIGH,0.9368100270127862,1.0,10
NIFTYNEXT50,2015-06-16,1,BEAR,95.57670675078367,HIGH,0.9368100964397669,1.0,11
NIFTYNEXT50,2015-06-17,1,BEAR,95.57850726982883,HIGH,0.9368358181404122,1.0,12
NIFTYNEXT50,2015-06-18,1,BEAR,95.5805567004346,HIGH,0.9368650957204941,1.0,13
NIFTYNEXT50,2015-06-19,1,BEAR,95.6074342885917,HIGH,0.9372490612655958,1.0,14
NIFTYNEXT50,2015-06-22,0,BULL,69.91997849089076,MODERATE,0.9559996927270108,0.1,1
NIFTYNEXT50,2015-06-23,0,BULL,73.08031452644596,MODERATE,0.9582902075206566,0.2,2
NIFTYNEXT50,2015-06-24,0,BULL,76.08003060979183,HIGH,0.9582861515684548,0.3,3
NIFTYNEXT50,2015-06-25,0,BULL,79.08041218667573,HIGH,0.9582916026667961,0.4,4
NIFTYNEXT50,2015-06-26,0,BULL,82.08044173763822,HIGH,0.9582920248234031,0.5,5
NIFTYNEXT50,2015-06-29,0,BULL,85.0789445984902,HIGH,0.9582706371212885,0.6,6
NIFTYNEXT50,2015-06-30,0,BULL,88.08040603174467,HIGH,0.9582915147392097,0.7,7
NIFTYNEXT50,2015-07-01,0,BULL,91.08044882008139,HIGH,0.9582921260011626,0.8,8
NIFTYNEXT50,2015-07-02,0,BULL,94.0804491069707,HIGH,0.9582921300995816,0.9,9
NIFTYNEXT50,2015-07-03,0,BULL,97.08044889810846,HIGH,0.958292127115835,1.0,10
NIFTYNEXT50,2015-07-06,0,BULL,97.08044896401236,HIGH,0.9582921280573193,1.0,11
NIFTYNEXT50,2015-07-07,0,BULL,97.08044896069394,HIGH,0.9582921280099137,1.0,12
NIFTYNEXT50,2015-07-08,0,BULL,97.08044298728935,HIGH,0.9582920426755621,1.0,13
NIFTYNEXT50,2015-07-09,0,BULL,97.080435727282,HIGH,0.9582919389611715,1.0,14
NIFTYNEXT50,2015-07-10,0,BULL,97.0803556078667,HIGH,0.9582907943980958,1.0,15
NIFTYNEXT50,2015-07-13,0,BULL,97.0804409162748,HIGH,0.95829201308964,1.0,16
NIFTYNEXT50,2015-07-14,0,BULL,97.08044660090194,HIGH,0.9582920942985991,1.0,17
NIFTYNEXT50,2015-07-15,0,BULL,97.08044338218664,HIGH,0.958292048316952,1.0,18
NIFTYNEXT50,2015-07-16,0,BULL,97.08044858331648,HIGH,0.9582921226188069,1.0,19
NIFTYNEXT50,2015-07-17,0,BULL,97.08044893893731,HIGH,0.9582921276991043,1.0,20
NIFTYNEXT50,2015-07-20,0,BULL,97.08044890583419,HIGH,0.9582921272262028,1.0,21
NIFTYNEXT50,2015-07-21,0,BULL,97.07995067276711,HIGH,0.958285009610959,1.0,22
NIFTYNEXT50,2015-07-22,0,BULL,97.08043248302536,HIGH,0.958291892614648,1.0,23
NIFTYNEXT50,2015-07-23,0,BULL,97.08043357567526,HIGH,0.9582919082239325,1.0,24
NIFTYNEXT50,2015-07-24,0,BULL,97.079347020471,HIGH,0.9582763860067287,1.0,25
NIFTYNEXT50,2015-07-27,0,BULL,96.8163953440498,HIGH,0.9545199334864258,1.0,26
NIFTYNEXT50,2015-07-28,0,BULL,96.82616749738403,HIGH,0.9546595356769151,1.0,27
NIFTYNEXT50,2015-07-29,0,BULL,97.02290476881149,HIGH,0.9574700681258783,1.0,28
NIFTYNEXT50,2015-07-30,0,BULL,97.0796759346668,HIGH,0.9582810847809543,1.0,29
NIFTYNEXT50,2015-07-31,0,BULL,97.08034388417926,HIGH,0.9582906269168466,1.0,30
NIFTYNEXT50,2015-08-03,0,BULL,97.08042280988765,HIGH,0.9582917544269666,1.0,31
NIFTYNEXT50,2015-08-04,0,BULL,97.08044850293062,HIGH,0.9582921214704375,1.0,32
NIFTYNEXT50,2015-08-05,0,BULL,97.08044887046799,HIGH,0.9582921267209714,1.0,33
NIFTYNEXT50,2015-08-06,0,BULL,97.08044876235672,HIGH,0.9582921251765247,1.0,34
NIFTYNEXT50,2015-08-07,0,BULL,97.08044693795075,HIGH,0.9582920991135823,1.0,35
NIFTYNEXT50,2015-08-10,0,BULL,97.08044877124485,HIGH,0.9582921253034978,1.0,36
NIFTYNEXT50,2015-08-11,0,BULL,97.08044189514126,HIGH,0.9582920270734466,1.0,37
NIFTYNEXT50,2015-08-12,0,BULL,96.53852356588375,HIGH,0.950550336655482,1.0,38
NIFTYNEXT50,2015-08-13,0,BULL,96.85560547468823,HIGH,0.9550800782098319,1.0,39
NIFTYNEXT50,2015-08-14,0,BULL,97.08001917483449,HIGH,0.9582859882119212,1.0,40
NIFTYNEXT50,2015-08-17,0,BULL,97.08044122293134,HIGH,0.9582920174704478,1.0,41
NIFTYNEXT50,2015-08-18,0,BULL,97.08044436700412,HIGH,0.9582920623857732,1.0,42
NIFTYNEXT50,2015-08-19,0,BULL,97.08044196315282,HIGH,0.9582920280450404,1.0,43
NIFTYNEXT50,2015-08-20,0,BULL,97.07410405717147,HIGH,0.9582014865310211,1.0,44
NIFTYNEXT50,2015-08-21,0,BULL,96.99641619879829,HIGH,0.9570916599828329,1.0,45
NIFTYNEXT50,2015-08-24,2,SIDE,70.21633661511339,MODERATE,0.9602333802159057,0.1,1
NIFTYNEXT50,2015-08-25,2,SIDE,73.21620523299728,MODERATE,0.9602315033285327,0.2,2
NIFTYNEXT50,2015-08-26,2,SIDE,76.21483450923463,HIGH,0.960211921560495,0.3,3
NIFTYNEXT50,2015-08-27,2,SIDE,79.21611094292308,HIGH,0.9602301563274727,0.4,4
NIFTYNEXT50,2015-08-28,2,SIDE,82.20357890601325,HIGH,0.9600511272287608,0.5,5
NIFTYNEXT50,2015-08-31,2,SIDE,85.21291286922323,HIGH,0.9601844695603319,0.6,6
NIFTYNEXT50,2015-09-01,2,SIDE,88.21166344656594,HIGH,0.9601666206652277,0.7,7
NIFTYNEXT50,2015-09-02,2,SIDE,91.2099628479215,HIGH,0.9601423263988786,0.8,8
NIFTYNEXT50,2015-09-03,2,SIDE,94.20481047707334,HIGH,0.9600687211010478,0.9,9
NIFTYNEXT50,2015-09-04,2,SIDE,97.21469713588652,HIGH,0.9602099590840932,1.0,10
NIFTYNEXT50,2015-09-07,2,SIDE,97.2163075364689,HIGH,0.9602329648066986,1.0,11
NIFTYNEXT50,2015-09-08,2,SIDE,97.21597768481374,HIGH,0.9602282526401963,1.0,12
NIFTYNEXT50,2015-09-09,2,SIDE,97.21531172228472,HIGH,0.9602187388897819,1.0,13
NIFTYNEXT50,2015-09-10,2,SIDE,97.21138424793234,HIGH,0.9601626321133192,1.0,14
NIFTYNEXT50,2015-09-11,2,SIDE,97.21176099948319,HIGH,0.9601680142783312,1.0,15
NIFTYNEXT50,2015-09-14,2,SIDE,97.21472887051786,HIGH,0.9602104124359694,1.0,16
NIFTYNEXT50,2015-09-15,2,SIDE,97.2126417017025,HIGH,0.960180595738607,1.0,17
NIFTYNEXT50,2015-09-16,2,SIDE,97.20838104632641,HIGH,0.9601197292332346,1.0,18
NIFTYNEXT50,2015-09-18,2,SIDE,97.2108919991767,HIGH,0.9601555999882386,1.0,19
NIFTYNEXT50,2015-09-21,2,SIDE,97.21105844838334,HIGH,0.9601579778340478,1.0,20
NIFTYNEXT50,2015-09-22,1,BEAR,68.77702552356557,MODERATE,0.9396717931937939,0.1,1
NIFTYNEXT50,2015-09-23,1,BEAR,71.57729510472868,MODERATE,0.9368185014961239,0.2,2
NIFTYNEXT50,2015-09-24,1,BEAR,74.57673469740544,MODERATE,0.9368104956772207,0.3,3
NIFTYNEXT50,2015-09-28,1,BEAR,77.57673917307197,HIGH,0.9368105596153139,0.4,4
NIFTYNEXT50,2015-09-29,1,BEAR,80.57689335781139,HIGH,0.9368127622544484,0.5,5
NIFTYNEXT50,2015-09-30,1,BEAR,83.59266446774394,HIGH,0.9370380638249134,0.6,6
NIFTYNEXT50,2015-10-01,1,BEAR,86.65106797257906,HIGH,0.9378723996082723,0.7,7
NIFTYNEXT50,2015-10-05,0,BULL,69.73014432187978,MODERATE,0.953287776026854,0.1,1
NIFTYNEXT50,2015-10-06,0,BULL,73.07739556397337,MODERATE,0.9582485080567624,0.2,2
NIFTYNEXT50,2015-10-07,0,BULL,76.0794784979444,HIGH,0.9582782642563485,0.3,3
NIFTYNEXT50,2015-10-08,0,BULL,79.03231320828124,HIGH,0.9576044744040177,0.4,4
NIFTYNEXT50,2015-10-09,0,BULL,82.06705077257638,HIGH,0.9581007253225197,0.5,5
NIFTYNEXT50,2015-10-12,0,BULL,85.06104425462225,HIGH,0.9580149179231748,0.6,6
NIFTYNEXT50,2015-10-13,0,BULL,88.02483848782359,HIGH,0.9574976926831942,0.7,7
NIFTYNEXT50,2015-10-14,0,BULL,91.0753894510102,HIGH,0.9582198493001456,0.8,8
NIFTYNEXT50,2015-10-15,0,BULL,94.07974548953905,HIGH,0.9582820784219865,0.9,9
NIFTYNEXT50,2015-10-16,0,BULL,97.08005849924098,HIGH,0.9582865499891567,1.0,10
NIFTYNEXT50,2015-10-19,0,BULL,97.08044035045467,HIGH,0.9582920050064953,1.0,11
NIFTYNEXT50,2015-10-20,0,BULL,97.080438807577,HIGH,0.9582919829653859,1.0,12
NIFTYNEXT50,2015-10-21,0,BULL,97.07994076294777,HIGH,0.958284868042111,1.0,13
NIFTYNEXT50,2015-10-23,0,BULL,97.059523353595,HIGH,0.9579931907656429,1.0,14
NIFTYNEXT50,2015-10-26,1,BEAR,68.77353703304296,MODERATE,0.9396219576148994,0.1,1
NIFTYNEXT50,2015-10-27,1,BEAR,71.58336956060054,MODERATE,0.9369052794371506,0.2,2
NIFTYNEXT50,2015-10-28,1,BEAR,74.57718590844291,MODERATE,0.9368169415491846,0.3,3
NIFTYNEXT50,2015-10-29,1,BEAR,77.57702074911624,HIGH,0.936814582130232,0.4,4
NIFTYNEXT50,2015-10-30,1,BEAR,80.5770688962603,HIGH,0.9368152699465758,0.5,5
NIFTYNEXT50,2015-11-02,1,BEAR,83.57797179446229,HIGH,0.9368281684923185,0.6,6
NIFTYNEXT50,2015-11-03,1,BEAR,86.61339796437508,HIGH,0.9373342566339299,0.7,7
NIFTYNEXT50,2015-11-04,1,BEAR,89.6487735107641,HIGH,0.9378396215823444,0.8,8
NIFTYNEXT50,2015-11-05,1,BEAR,92.57697637846633,HIGH,0.9368139482638047,0.9,9
NIFTYNEXT50,2015-11-06,1,BEAR,95.57680415238548,HIGH,0.9368114878912213,1.0,10
NIFTYNEXT50,2015-11-09,1,BEAR,95.5769524151296,HIGH,0.9368136059304228,1.0,11
NIFTYNEXT50,2015-11-10,1,BEAR,95.5768665259707,HIGH,0.9368123789424389,1.0,12
NIFTYNEXT50,2015-11-13,1,BEAR,95.57674001323817,HIGH,0.9368105716176881,1.0,13
NIFTYNEXT50,2015-11-16,1,BEAR,95.57672091468339,HIGH,0.9368102987811915,1.0,14
NIFTYNEXT50,2015-11-17,1,BEAR,95.57671120134357,HIGH,0.9368101600191939,1.0,15
NIFTYNEXT50,2015-11-18,1,BEAR,95.57671099986358,HIGH,0.9368101571409083,1.0,16
NIFTYNEXT50,2015-11-19,1,BEAR,95.57683165753605,HIGH,0.9368118808219436,1.0,17
NIFTYNEXT50,2015-11-20,1,BEAR,95.58037444826925,HIGH,0.9368624921181323,1.0,18
NIFTYNEXT50,2015-11-23,1,BEAR,95.58660757555705,HIGH,0.9369515367936725,1.0,19
NIFTYNEXT50,2015-11-24,1,BEAR,95.5933393902418,HIGH,0.9370477055748828,1.0,20
NIFTYNEXT50,2015-11-26,1,BEAR,95.59790162391882,HIGH,0.9371128803416973,1.0,21
NIFTYNEXT50,2015-11-27,1,BEAR,95.60720874772004,HIGH,0.9372458392531435,1.0,22
NIFTYNEXT50,2015-11-30,0,BULL,70.05661620625975,MODERATE,0.957951660089425,0.1,1
NIFTYNEXT50,2015-12-01,0,BULL,73.07623650677657,MODERATE,0.9582319500968082,0.2,2
NIFTYNEXT50,2015-12-02,0,BULL,76.07642166675464,HIGH,0.9582345952393522,0.3,3
NIFTYNEXT50,2015-12-03,0,BULL,79.07755175416612,HIGH,0.9582507393452304,0.4,4
NIFTYNEXT50,2015-12-04,0,BULL,82.04331263674283,HIGH,0.9577616090963261,0.5,5
NIFTYNEXT50,2015-12-07,0,BULL,85.06887790175328,HIGH,0.9581268271679042,0.6,6
NIFTYNEXT50,2015-12-08,1,BEAR,78.21304383625852,HIGH,0.9459006262322647,0.4,1
NIFTYNEXT50,2015-12-09,1,BEAR,77.57674078923424,HIGH,0.9368105827033463,0.4,2
NIFTYNEXT50,2015-12-10,1,BEAR,77.57678035926577,HIGH,0.9368111479895109,0.4,3
NIFTYNEXT50,2015-12-11,1,BEAR,77.57669869600969,HIGH,0.936809981371567,0.4,4
NIFTYNEXT50,2015-12-14,1,BEAR,80.57671080719501,HIGH,0.9368101543885003,0.5,5
NIFTYNEXT50,2015-12-15,1,BEAR,83.57686125258788,HIGH,0.9368123036083984,0.6,6
NIFTYNEXT50,2015-12-16,1,BEAR,86.57722951071679,HIGH,0.9368175644388114,0.7,7
NIFTYNEXT50,2015-12-17,1,BEAR,89.60164003214804,HIGH,0.9371662861735436,0.8,8
NIFTYNEXT50,2015-12-18,1,BEAR,92.64714076797011,HIGH,0.9378162966852873,0.9,9
NIFTYNEXT50,2015-12-21,1,BEAR,95.91796499950718,HIGH,0.941685214278674,1.0,10
NIFTYNEXT50,2015-12-22,1,BEAR,95.83103460534859,HIGH,0.9404433515049798,1.0,11
NIFTYNEXT50,2015-12-23,0,BULL,69.65983530418278,MODERATE,0.9522833614883254,0.1,1
NIFTYNEXT50,2015-12-24,0,BULL,73.05761124875283,MODERATE,0.9579658749821833,0.2,2
NIFTYNEXT50,2015-12-28,0,BULL,76.07952540183156,HIGH,0.9582789343118795,0.3,3
NIFTYNEXT50,2015-12-29,0,BULL,79.0803500889454,HIGH,0.9582907155563629,0.4,4
NIFTYNEXT50,2015-12-30,0,BULL,82.08044299806238,HIGH,0.9582920428294626,0.5,5
NIFTYNEXT50,2015-12-31,0,BULL,85.08044862899634,HIGH,0.9582921232713764,0.6,6
NIFTYNEXT50,2016-01-01,0,BULL,88.08044904254409,HIGH,0.9582921291792015,0.7,7
NIFTYNEXT50,2016-01-04,0,BULL,91.0804401843339,HIGH,0.9582920026333414,0.8,8
NIFTYNEXT50,2016-01-05,0,BULL,94.08044748302736,HIGH,0.9582921069003909,0.9,9
NIFTYNEXT50,2016-01-06,0,BULL,97.08043659078164,HIGH,0.9582919512968808,1.0,10
NIFTYNEXT50,2016-01-07,1,BEAR,68.57888650710898,MODERATE,0.9368412358158424,0.1,1
NIFTYNEXT50,2016-01-08,1,BEAR,71.59034903405424,MODERATE,0.9370049862007748,0.2,2
NIFTYNEXT50,2016-01-11,1,BEAR,74.5767606768799,MODERATE,0.9368108668125701,0.3,3
NIFTYNEXT50,2016-01-12,1,BEAR,77.57674547568699,HIGH,0.9368106496526714,0.4,4
NIFTYNEXT50,2016-01-13,1,BEAR,80.57675212745242,HIGH,0.9368107446778917,0.5,5
NIFTYNEXT50,2016-01-14,1,BEAR,83.57670169975859,HIGH,0.9368100242822658,0.6,6
NIFTYNEXT50,2016-01-15,1,BEAR,86.57734117822247,HIGH,0.9368191596888925,0.7,7
NIFTYNEXT50,2016-01-18,1,BEAR,89.62984284008213,HIGH,0.9375691834297448,0.8,8
NIFTYNEXT50,2016-01-19,1,BEAR,92.57946530504371,HIGH,0.9368495043577673,0.9,9
NIFTYNEXT50,2016-01-20,1,BEAR,95.59450793473934,HIGH,0.9370643990677049,1.0,10
NIFTYNEXT50,2016-01-21,1,BEAR,95.81828459181807,HIGH,0.9402612084545439,1.0,11
NIFTYNEXT50,2016-01-22,1,BEAR,95.61457889827028,HIGH,0.9373511271181468,1.0,12
NIFTYNEXT50,2016-01-25,1,BEAR,95.57782007378097,HIGH,0.9368260010540138,1.0,13
NIFTYNEXT50,2016-01-27,1,BEAR,95.57693721200837,HIGH,0.9368133887429769,1.0,14
NIFTYNEXT50,2016-01-28,1,BEAR,95.57700198467907,HIGH,0.936814314066844,1.0,15
NIFTYNEXT50,2016-01-29,1,BEAR,95.57688670704519,HIGH,0.9368126672435028,1.0,16
NIFTYNEXT50,2016-02-01,1,BEAR,95.57672648357392,HIGH,0.9368103783367704,1.0,17
NIFTYNEXT50,2016-02-02,1,BEAR,95.57687809435294,HIGH,0.9368125442050421,1.0,18
NIFTYNEXT50,2016-02-03,1,BEAR,95.57691111828636,HIGH,0.9368130159755196,1.0,19
NIFTYNEXT50,2016-02-04,1,BEAR,95.57680485212532,HIGH,0.9368114978875046,1.0,20
NIFTYNEXT50,2016-02-05,1,BEAR,95.57712837044399,HIGH,0.9368161195777713,1.0,21
NIFTYNEXT50,2016-02-08,1,BEAR,95.57686634776319,HIGH,0.9368123763966171,1.0,22
NIFTYNEXT50,2016-02-09,1,BEAR,95.57702174001778,HIGH,0.9368145962859683,1.0,23
NIFTYNEXT50,2016-02-10,1,BEAR,95.57713722184513,HIGH,0.936816246026359,1.0,24
NIFTYNEXT50,2016-02-11,1,BEAR,95.71635610292859,HIGH,0.9388050871846941,1.0,25
NIFTYNEXT50,2016-02-12,1,BEAR,95.70221748950823,HIGH,0.9386031069929748,1.0,26
NIFTYNEXT50,2016-02-15,1,BEAR,95.71002672743347,HIGH,0.938714667534764,1.0,27
NIFTYNEXT50,2016-02-16,1,BEAR,95.64784326679103,HIGH,0.937826332382729,1.0,28
NIFTYNEXT50,2016-02-17,1,BEAR,95.5832846241117,HIGH,0.9369040660587387,1.0,29
NIFTYNEXT50,2016-02-18,1,BEAR,95.57742911310665,HIGH,0.9368204159015235,1.0,30
NIFTYNEXT50,2016-02-19,1,BEAR,95.5770945763938,HIGH,0.9368156368056259,1.0,31
NIFTYNEXT50,2016-02-22,1,BEAR,95.57696970316516,HIGH,0.9368138529023596,1.0,32
NIFTYNEXT50,2016-02-23,1,BEAR,95.57706757537319,HIGH,0.9368152510767599,1.0,33
NIFTYNEXT50,2016-02-24,1,BEAR,95.57757847204189,HIGH,0.9368225496005984,1.0,34
NIFTYNEXT50,2016-02-25,1,BEAR,95.57916190774893,HIGH,0.9368451701106992,1.0,35
NIFTYNEXT50,2016-02-26,1,BEAR,95.57705876752934,HIGH,0.936815125250419,1.0,36
NIFTYNEXT50,2016-02-29,1,BEAR,95.57699566929894,HIGH,0.9368142238471278,1.0,37
NIFTYNEXT50,2016-03-01,1,BEAR,95.6063327769724,HIGH,0.93723332538532,1.0,38
NIFTYNEXT50,2016-03-02,1,BEAR,95.76513602139296,HIGH,0.9395019431627566,1.0,39
NIFTYNEXT50,2016-03-03,1,BEAR,96.45096980243333,HIGH,0.9492995686061904,1.0,40
NIFTYNEXT50,2016-03-04,2,SIDE,70.02242509677437,MODERATE,0.9574632156682052,0.1,1
NIFTYNEXT50,2016-03-08,2,SIDE,73.17337559451028,MODERATE,0.9596196513501467,0.2,2
NIFTYNEXT50,2016-03-09,0,BULL,70.11912315530222,MODERATE,0.9588446165043175,0.1,1
NIFTYNEXT50,2016-03-10,0,BULL,73.08642981241944,MODERATE,0.958377568748849,0.2,2
NIFTYNEXT50,2016-03-11,0,BULL,76.08043774703798,HIGH,0.9582919678148283,0.3,3
NIFTYNEXT50,2016-03-14,0,BULL,79.08039478277101,HIGH,0.9582913540395859,0.4,4
NIFTYNEXT50,2016-03-15,0,BULL,82.08016034388828,HIGH,0.9582880049126898,0.5,5
NIFTYNEXT50,2016-03-16,0,BULL,85.08040304738994,HIGH,0.9582914721055706,0.6,6
NIFTYNEXT50,2016-03-17,0,BULL,88.08044679607686,HIGH,0.9582920970868124,0.7,7
NIFTYNEXT50,2016-03-18,0,BULL,91.08044803606218,HIGH,0.9582921148008884,0.8,8
NIFTYNEXT50,2016-03-21,0,BULL,94.08044925967161,HIGH,0.958292132281023,0.9,9
NIFTYNEXT50,2016-03-22,0,BULL,97.08044882047227,HIGH,0.9582921260067467,1.0,10
NIFTYNEXT50,2016-03-23,0,BULL,97.08044858360456,HIGH,0.9582921226229223,1.0,11
NIFTYNEXT50,2016-03-28,0,BULL,97.07891569863956,HIGH,0.9582702242662795,1.0,12
NIFTYNEXT50,2016-03-29,0,BULL,97.07912532072942,HIGH,0.9582732188675631,1.0,13
NIFTYNEXT50,2016-03-30,0,BULL,97.0804057118849,HIGH,0.9582915101697844,1.0,14
NIFTYNEXT50,2016-03-31,0,BULL,97.08044692349185,HIGH,0.9582920989070266,1.0,15
NIFTYNEXT50,2016-04-01,0,BULL,97.08044439234816,HIGH,0.9582920627478307,1.0,16
NIFTYNEXT50,2016-04-04,0,BULL,97.08044467286847,HIGH,0.958292066755264,1.0,17
NIFTYNEXT50,2016-04-05,0,BULL,97.07429832843732,HIGH,0.9582042618348191,1.0,18
NIFTYNEXT50,2016-04-06,0,BULL,97.08038616585955,HIGH,0.9582912309408507,1.0,19
NIFTYNEXT50,2016-04-07,0,BULL,97.08015073982381,HIGH,0.9582878677117689,1.0,20
NIFTYNEXT50,2016-04-08,0,BULL,97.0803296771459,HIGH,0.9582904239592274,1.0,21
NIFTYNEXT50,2016-04-11,0,BULL,97.0804253039827,HIGH,0.9582917900568956,1.0,22
NIFTYNEXT50,2016-04-12,0,BULL,97.08043165298281,HIGH,0.9582918807568973,1.0,23
NIFTYNEXT50,2016-04-13,0,BULL,97.08044764412844,HIGH,0.958292109201835,1.0,24
NIFTYNEXT50,2016-04-18,0,BULL,97.08044879674648,HIGH,0.9582921256678072,1.0,25
NIFTYNEXT50,2016-04-20,0,BULL,97.08044904663299,HIGH,0.9582921292376142,1.0,26
NIFTYNEXT50,2016-04-21,0,BULL,97.08044895634099,HIGH,0.9582921279477283,1.0,27
NIFTYNEXT50,2016-04-22,0,BULL,97.08044886956596,HIGH,0.958292126708085,1.0,28
NIFTYNEXT50,2016-04-25,0,BULL,97.08044503699287,HIGH,0.9582920719570409,1.0,29
NIFTYNEXT50,2016-04-26,0,BULL,97.08044831929641,HIGH,0.9582921188470918,1.0,30
NIFTYNEXT50,2016-04-27,0,BULL,97.08044859751568,HIGH,0.9582921228216525,1.0,31
NIFTYNEXT50,2016-04-28,0,BULL,97.08044631402464,HIGH,0.9582920902003519,1.0,32
NIFTYNEXT50,2016-04-29,0,BULL,97.08044820479816,HIGH,0.9582921172114023,1.0,33
NIFTYNEXT50,2016-05-02,0,BULL,97.08044939615863,HIGH,0.9582921342308376,1.0,34
NIFTYNEXT50,2016-05-03,0,BULL,97.0804405944576,HIGH,0.9582920084922514,1.0,35
NIFTYNEXT50,2016-05-04,0,BULL,97.06521653316283,HIGH,0.958074521902326,1.0,36
NIFTYNEXT50,2016-05-05,0,BULL,97.07584161476382,HIGH,0.9582263087823402,1.0,37
NIFTYNEXT50,2016-05-06,0,BULL,97.07766097060858,HIGH,0.9582522995801225,1.0,38
NIFTYNEXT50,2016-05-09,0,BULL,97.07940936447228,HIGH,0.9582772766353183,1.0,39
NIFTYNEXT50,2016-05-10,0,BULL,97.07859069105282,HIGH,0.9582655813007548,1.0,40
NIFTYNEXT50,2016-05-11,0,BULL,97.07830315677886,HIGH,0.9582614736682693,1.0,41
NIFTYNEXT50,2016-05-12,0,BULL,97.08024606616506,HIGH,0.9582892295166437,1.0,42
NIFTYNEXT50,2016-05-13,0,BULL,97.07472246999937,HIGH,0.9582103209999913,1.0,43
NIFTYNEXT50,2016-05-16,0,BULL,97.07286179146173,HIGH,0.9581837398780249,1.0,44
NIFTYNEXT50,2016-05-17,0,BULL,97.06978634968011,HIGH,0.9581398049954303,1.0,45
NIFTYNEXT50,2016-05-18,0,BULL,97.07806836490937,HIGH,0.9582581194987053,1.0,46
NIFTYNEXT50,2016-05-19,0,BULL,96.57036494768087,HIGH,0.9510052135382983,1.0,47
NIFTYNEXT50,2016-05-20,1,BEAR,68.58437437976582,MODERATE,0.9369196339966547,0.1,1
NIFTYNEXT50,2016-05-23,1,BEAR,71.57722088828243,MODERATE,0.9368174412611774,0.2,2
NIFTYNEXT50,2016-05-24,1,BEAR,74.57782917608834,MODERATE,0.9368261310869763,0.3,3
NIFTYNEXT50,2016-05-25,1,BEAR,77.64702761782975,HIGH,0.9378146802547109,0.4,4
NIFTYNEXT50,2016-05-26,0,BULL,84.79889128629807,HIGH,0.9542698755185438,0.6,1
NIFTYNEXT50,2016-05-27,0,BULL,85.07944659611975,HIGH,0.9582778085159963,0.6,2
NIFTYNEXT50,2016-05-30,0,BULL,85.08041257089332,HIGH,0.9582916081556188,0.6,3
NIFTYNEXT50,2016-05-31,0,BULL,85.08047195221712,HIGH,0.9582924564602449,0.6,4
NIFTYNEXT50,2016-06-01,0,BULL,85.0800695138868,HIGH,0.95828670734124,0.6,5
NIFTYNEXT50,2016-06-02,0,BULL,85.08042242509109,HIGH,0.9582917489298726,0.6,6
NIFTYNEXT50,2016-06-03,0,BULL,88.08041827732384,HIGH,0.958291689676055,0.7,7
NIFTYNEXT50,2016-06-06,0,BULL,91.08004281141166,HIGH,0.9582863258773094,0.8,8
NIFTYNEXT50,2016-06-07,0,BULL,94.08035651044466,HIGH,0.9582908072920666,0.9,9
NIFTYNEXT50,2016-06-08,0,BULL,97.08044601031904,HIGH,0.9582920858617008,1.0,10
NIFTYNEXT50,2016-06-09,0,BULL,97.08044554933232,HIGH,0.9582920792761763,1.0,11
NIFTYNEXT50,2016-06-10,0,BULL,97.0804199947203,HIGH,0.95829171421029,1.0,12
NIFTYNEXT50,2016-06-13,0,BULL,97.08004543852002,HIGH,0.9582863634074289,1.0,13
NIFTYNEXT50,2016-06-14,0,BULL,97.08002206071147,HIGH,0.9582860294387354,1.0,14
NIFTYNEXT50,2016-06-15,0,BULL,97.08025017882613,HIGH,0.9582892882689448,1.0,15
NIFTYNEXT50,2016-06-16,0,BULL,97.0768859350152,HIGH,0.9582412276430744,1.0,16
NIFTYNEXT50,2016-06-17,0,BULL,97.06910207396555,HIGH,0.9581300296280794,1.0,17
NIFTYNEXT50,2016-06-20,0,BULL,97.07966862973068,HIGH,0.9582809804247239,1.0,18
NIFTYNEXT50,2016-06-21,0,BULL,97.07995117947993,HIGH,0.9582850168497133,1.0,19
NIFTYNEXT50,2016-06-22,0,BULL,97.07842011226022,HIGH,0.9582631444608604,1.0,20
NIFTYNEXT50,2016-06-23,0,BULL,97.07862001764418,HIGH,0.9582660002520599,1.0,21
NIFTYNEXT50,2016-06-24,0,BULL,96.82856104848914,HIGH,0.9546937292641305,1.0,22
NIFTYNEXT50,2016-06-27,0,BULL,97.02336866622994,HIGH,0.9574766952318564,1.0,23
NIFTYNEXT50,2016-06-28,0,BULL,97.077249490318,HIGH,0.9582464212902572,1.0,24
NIFTYNEXT50,2016-06-29,0,BULL,97.0804049644016,HIGH,0.9582914994914514,1.0,25
NIFTYNEXT50,2016-06-30,0,BULL,97.08044906509939,HIGH,0.9582921295014197,1.0,26
NIFTYNEXT50,2016-07-01,0,BULL,97.08044936023089,HIGH,0.9582921337175841,1.0,27
NIFTYNEXT50,2016-07-04,0,BULL,97.08044930054642,HIGH,0.958292132864949,1.0,28
NIFTYNEXT50,2016-07-05,0,BULL,97.08044908268398,HIGH,0.9582921297526286,1.0,29
NIFTYNEXT50,2016-07-07,0,BULL,97.08044900557655,HIGH,0.9582921286510938,1.0,30
NIFTYNEXT50,2016-07-08,0,BULL,97.08044898595413,HIGH,0.9582921283707736,1.0,31
NIFTYNEXT50,2016-07-11,0,BULL,97.08045255653911,HIGH,0.9582921793791304,1.0,32
NIFTYNEXT50,2016-07-12,0,BULL,97.08045169419846,HIGH,0.9582921670599779,1.0,33
NIFTYNEXT50,2016-07-13,0,BULL,97.08044991126359,HIGH,0.95829214158948,1.0,34
NIFTYNEXT50,2016-07-14,0,BULL,97.08044937164149,HIGH,0.9582921338805928,1.0,35
NIFTYNEXT50,2016-07-15,0,BULL,97.08044975562575,HIGH,0.9582921393660824,1.0,36
NIFTYNEXT50,2016-07-18,0,BULL,97.08044912985201,HIGH,0.9582921304264572,1.0,37
NIFTYNEXT50,2016-07-19,0,BULL,97.08044900452333,HIGH,0.9582921286360476,1.0,38
NIFTYNEXT50,2016-07-20,0,BULL,97.08044914464928,HIGH,0.9582921306378469,1.0,39
NIFTYNEXT50,2016-07-21,0,BULL,97.08044903020449,HIGH,0.9582921290029216,1.0,40
NIFTYNEXT50,2016-07-22,0,BULL,97.080450185783,HIGH,0.9582921455111857,1.0,41
NIFTYNEXT50,2016-07-25,0,BULL,97.08045212411629,HIGH,0.9582921732016613,1.0,42
NIFTYNEXT50,2016-07-26,0,BULL,97.08044961843969,HIGH,0.9582921374062813,1.0,43
NIFTYNEXT50,2016-07-27,0,BULL,97.08045001139315,HIGH,0.9582921430199024,1.0,44
NIFTYNEXT50,2016-07-28,0,BULL,97.08045030111245,HIGH,0.9582921471587496,1.0,45
NIFTYNEXT50,2016-07-29,0,BULL,97.0804495805413,HIGH,0.9582921368648757,1.0,46
NIFTYNEXT50,2016-08-01,0,BULL,97.08044955483699,HIGH,0.9582921364976714,1.0,47
NIFTYNEXT50,2016-08-02,0,BULL,97.08044917789913,HIGH,0.958292131112845,1.0,48
NIFTYNEXT50,2016-08-03,0,BULL,97.07995560729702,HIGH,0.9582850801042434,1.0,49
NIFTYNEXT50,2016-08-04,0,BULL,97.08043018425747,HIGH,0.9582918597751069,1.0,50
NIFTYNEXT50,2016-08-05,0,BULL,97.08044963415917,HIGH,0.9582921376308453,1.0,51
NIFTYNEXT50,2016-08-08,0,BULL,97.08044927322503,HIGH,0.9582921324746435,1.0,52
NIFTYNEXT50,2016-08-09,0,BULL,97.0804483959826,HIGH,0.9582921199426088,1.0,53
NIFTYNEXT50,2016-08-10,0,BULL,97.0792621296906,HIGH,0.9582751732812944,1.0,54
NIFTYNEXT50,2016-08-11,0,BULL,97.08017158958282,HIGH,0.9582881655654688,1.0,55
NIFTYNEXT50,2016-08-12,0,BULL,97.08035152221801,HIGH,0.9582907360316858,1.0,56
NIFTYNEXT50,2016-08-16,0,BULL,97.08041579610777,HIGH,0.9582916542301112,1.0,57
NIFTYNEXT50,2016-08-17,0,BULL,97.08043201137555,HIGH,0.9582918858767936,1.0,58
NIFTYNEXT50,2016-08-18,0,BULL,97.080436386354,HIGH,0.9582919483764858,1.0,59
NIFTYNEXT50,2016-08-19,0,BULL,97.08043567291385,HIGH,0.9582919381844837,1.0,60
NIFTYNEXT50,2016-08-22,0,BULL,97.08026170658192,HIGH,0.9582894529511705,1.0,61
NIFTYNEXT50,2016-08-23,0,BULL,97.07979383471925,HIGH,0.9582827690674178,1.0,62
NIFTYNEXT50,2016-08-24,0,BULL,97.08044301401564,HIGH,0.9582920430573665,1.0,63
NIFTYNEXT50,2016-08-25,0,BULL,97.08031919199674,HIGH,0.9582902741713821,1.0,64
NIFTYNEXT50,2016-08-26,0,BULL,97.08017533476425,HIGH,0.9582882190680608,1.0,65
NIFTYNEXT50,2016-08-29,0,BULL,97.07953511254,HIGH,0.9582790730362856,1.0,66
NIFTYNEXT50,2016-08-30,0,BULL,97.08038823768719,HIGH,0.9582912605383884,1.0,67
NIFTYNEXT50,2016-08-31,0,BULL,97.0804475005679,HIGH,0.9582921071509701,1.0,68
NIFTYNEXT50,2016-09-01,0,BULL,97.08044367672002,HIGH,0.9582920525245716,1.0,69
NIFTYNEXT50,2016-09-02,0,BULL,97.08043775804846,HIGH,0.958291967972121,1.0,70
NIFTYNEXT50,2016-09-06,0,BULL,97.08044860140515,HIGH,0.9582921228772165,1.0,71
NIFTYNEXT50,2016-09-07,0,BULL,97.0804487292718,HIGH,0.9582921247038829,1.0,72
NIFTYNEXT50,2016-09-08,0,BULL,97.08044864873312,HIGH,0.9582921235533306,1.0,73
NIFTYNEXT50,2016-09-09,0,BULL,97.08040516916479,HIGH,0.9582915024166399,1.0,74
NIFTYNEXT50,2016-09-12,1,BEAR,68.62429405268497,MODERATE,0.9374899150383569,0.1,1
NIFTYNEXT50,2016-09-14,1,BEAR,72.1092999745611,MODERATE,0.9444185710651587,0.2,2
NIFTYNEXT50,2016-09-15,1,BEAR,74.88671324651358,MODERATE,0.9412387606644799,0.3,3
NIFTYNEXT50,2016-09-16,0,BULL,87.4736487267618,HIGH,0.9496235532394544,0.7,1
NIFTYNEXT50,2016-09-19,0,BULL,87.80991372345291,HIGH,0.9544273389064704,0.7,2
NIFTYNEXT50,2016-09-20,0,BULL,87.93594939317504,HIGH,0.9562278484739293,0.7,3
NIFTYNEXT50,2016-09-21,0,BULL,87.8588743156771,HIGH,0.9551267759382445,0.7,4
NIFTYNEXT50,2016-09-22,0,BULL,88.06655071259051,HIGH,0.9580935816084362,0.7,5
NIFTYNEXT50,2016-09-23,0,BULL,88.07862162455079,HIGH,0.9582660232078686,0.7,6
NIFTYNEXT50,2016-09-26,0,BULL,88.07037826971579,HIGH,0.9581482609959399,0.7,7
NIFTYNEXT50,2016-09-27,0,BULL,90.98023585504609,HIGH,0.9568605122149442,0.8,8
NIFTYNEXT50,2016-09-28,0,BULL,94.0384363168495,HIGH,0.9576919473835642,0.9,9
NIFTYNEXT50,2016-09-29,1,BEAR,68.72525302348568,MODERATE,0.9389321860497953,0.1,1
NIFTYNEXT50,2016-09-30,1,BEAR,71.57872456414984,MODERATE,0.9368389223449979,0.2,2
NIFTYNEXT50,2016-10-03,1,BEAR,75.29614506251306,HIGH,0.9470877866073296,0.3,3
NIFTYNEXT50,2016-10-04,0,BULL,88.07367166019982,HIGH,0.9581953094314262,0.7,1
NIFTYNEXT50,2016-10-05,0,BULL,88.08035278091609,HIGH,0.958290754013087,0.7,2
NIFTYNEXT50,2016-10-06,0,BULL,88.08027303859942,HIGH,0.9582896148371346,0.7,3
NIFTYNEXT50,2016-10-07,0,BULL,88.07994900800159,HIGH,0.9582849858285942,0.7,4
NIFTYNEXT50,2016-10-10,0,BULL,88.07973284875797,HIGH,0.9582818978393998,0.7,5
NIFTYNEXT50,2016-10-13,0,BULL,87.75482291878383,HIGH,0.9536403274111978,0.7,6
NIFTYNEXT50,2016-10-14,0,BULL,87.83867998691503,HIGH,0.9548382855273576,0.7,7
NIFTYNEXT50,2016-10-17,1,BEAR,75.04739768273635,HIGH,0.9435342526105192,0.3,1
NIFTYNEXT50,2016-10-18,0,BULL,90.77389346228284,HIGH,0.9539127637468977,0.8,1
NIFTYNEXT50,2016-10-19,0,BULL,94.06559917194029,HIGH,0.9580799881705756,0.9,2
NIFTYNEXT50,2016-10-20,0,BULL,94.075862435593,HIGH,0.958226606222757,0.9,3
NIFTYNEXT50,2016-10-21,0,BULL,94.0804115419134,HIGH,0.9582915934559059,0.9,4
NIFTYNEXT50,2016-10-24,0,BULL,94.08000812206338,HIGH,0.9582858303151911,0.9,5
NIFTYNEXT50,2016-10-25,0,BULL,94.07459946995318,HIGH,0.958208563856474,0.9,6
NIFTYNEXT50,2016-10-26,1,BEAR,72.14007532337239,MODERATE,0.9448582189053197,0.2,1
NIFTYNEXT50,2016-10-27,1,BEAR,74.57709417754744,MODERATE,0.9368156311078206,0.3,2
NIFTYNEXT50,2016-10-28,1,BEAR,77.58552007179132,HIGH,0.9369360010255905,0.4,3
NIFTYNEXT50,2016-11-01,1,BEAR,77.88987305695625,HIGH,0.9412839008136608,0.4,4
NIFTYNEXT50,2016-11-02,1,BEAR,80.57712197114768,HIGH,0.9368160281592526,0.5,5
NIFTYNEXT50,2016-11-03,1,BEAR,83.57672724163226,HIGH,0.9368103891661751,0.6,6
NIFTYNEXT50,2016-11-04,1,BEAR,86.57671914441795,HIGH,0.9368102734916851,0.7,7
NIFTYNEXT50,2016-11-07,1,BEAR,89.57671943713072,HIGH,0.9368102776732962,0.8,8
NIFTYNEXT50,2016-11-08,1,BEAR,92.57670813978685,HIGH,0.9368101162826692,0.9,9
NIFTYNEXT50,2016-11-09,1,BEAR,95.58300276264073,HIGH,0.9369000394662963,1.0,10
NIFTYNEXT50,2016-11-10,1,BEAR,95.57839968214373,HIGH,0.9368342811734819,1.0,11
NIFTYNEXT50,2016-11-11,1,BEAR,95.58163625596762,HIGH,0.9368805179423949,1.0,12
NIFTYNEXT50,2016-11-15,2,SIDE,70.19023041757681,MODERATE,0.9598604345368117,0.1,1
NIFTYNEXT50,2016-11-16,2,SIDE,73.189995055587,MODERATE,0.9598570722226715,0.2,2
NIFTYNEXT50,2016-11-17,2,SIDE,76.0555244599786,HIGH,0.95793606371398,0.3,3
NIFTYNEXT50,2016-11-18,1,BEAR,87.28083159395248,HIGH,0.9468690227707498,0.7,1
NIFTYNEXT50,2016-11-21,2,SIDE,79.1348074361104,HIGH,0.9590686776587202,0.4,1
NIFTYNEXT50,2016-11-22,2,SIDE,82.0129875693649,HIGH,0.9573283938480699,0.5,2
NIFTYNEXT50,2016-11-23,1,BEAR,81.019820645116,HIGH,0.9431402949302287,0.5,1
NIFTYNEXT50,2016-11-24,1,BEAR,80.59851984114398,HIGH,0.9371217120163425,0.5,2
NIFTYNEXT50,2016-11-25,1,BEAR,80.57822293168174,HIGH,0.936831756166882,0.5,3
NIFTYNEXT50,2016-11-28,1,BEAR,80.57714105746008,HIGH,0.9368163008208583,0.5,4
NIFTYNEXT50,2016-11-29,1,BEAR,83.57699231140143,HIGH,0.9368141758771633,0.6,5
NIFTYNEXT50,2016-11-30,1,BEAR,86.57946854799324,HIGH,0.9368495506856179,0.7,6
NIFTYNEXT50,2016-12-01,1,BEAR,89.57729514511836,HIGH,0.9368185020731195,0.8,7
NIFTYNEXT50,2016-12-02,1,BEAR,89.57722061602233,HIGH,0.9368174373717477,0.8,8
NIFTYNEXT50,2016-12-05,1,BEAR,92.58832904204323,HIGH,0.9369761291720461,0.9,9
NIFTYNEXT50,2016-12-06,1,BEAR,95.59218990497618,HIGH,0.9370312843568027,1.0,10
NIFTYNEXT50,2016-12-07,1,BEAR,95.5892295239102,HIGH,0.9369889931987173,1.0,11
NIFTYNEXT50,2016-12-08,1,BEAR,95.8388757733656,HIGH,0.9405553681909373,1.0,12
NIFTYNEXT50,2016-12-09,2,SIDE,69.95260903604822,MODERATE,0.9564658433721175,0.1,1
NIFTYNEXT50,2016-12-12,2,SIDE,72.53457422867653,MODERATE,0.9504939175525218,0.2,2
NIFTYNEXT50,2016-12-13,1,BEAR,89.66890571032268,HIGH,0.9381272244331812,0.8,1
NIFTYNEXT50,2016-12-14,1,BEAR,89.57756655139552,HIGH,0.9368223793056505,0.8,2
NIFTYNEXT50,2016-12-15,1,BEAR,89.57682008421017,HIGH,0.9368117154887169,0.8,3
NIFTYNEXT50,2016-12-16,1,BEAR,89.57673392454275,HIGH,0.9368104846363251,0.8,4
NIFTYNEXT50,2016-12-19,1,BEAR,89.57670616964435,HIGH,0.9368100881377767,0.8,5
NIFTYNEXT50,2016-12-20,1,BEAR,89.57670825142284,HIGH,0.9368101178774693,0.8,6
NIFTYNEXT50,2016-12-21,1,BEAR,89.57670017955628,HIGH,0.93681000256509,0.8,7
NIFTYNEXT50,2016-12-22,1,BEAR,89.57676341887777,HIGH,0.9368109059839682,0.8,8
NIFTYNEXT50,2016-12-23,1,BEAR,92.57677302727004,HIGH,0.9368110432467147,0.9,9
NIFTYNEXT50,2016-12-26,1,BEAR,95.57822508173565,HIGH,0.936831786881938,1.0,10
NIFTYNEXT50,2016-12-27,1,BEAR,95.57682383171064,HIGH,0.9368117690244379,1.0,11
NIFTYNEXT50,2016-12-28,1,BEAR,95.5767320111377,HIGH,0.9368104573019673,1.0,12
NIFTYNEXT50,2016-12-29,1,BEAR,95.57690237101546,HIGH,0.9368128910145067,1.0,13
NIFTYNEXT50,2016-12-30,1,BEAR,95.5767997577716,HIGH,0.9368114251110229,1.0,14
NIFTYNEXT50,2017-01-02,1,BEAR,95.57998869873634,HIGH,0.9368569814105192,1.0,15
NIFTYNEXT50,2017-01-03,1,BEAR,95.664306560938,HIGH,0.9380615222991143,1.0,16
NIFTYNEXT50,2017-01-04,1,BEAR,95.77631824361245,HIGH,0.9396616891944637,1.0,17
NIFTYNEXT50,2017-01-05,0,BULL,69.9887690049489,MODERATE,0.9569824143564128,0.1,1
NIFTYNEXT50,2017-01-06,0,BULL,73.07938381850421,MODERATE,0.9582769116929174,0.2,2
NIFTYNEXT50,2017-01-09,0,BULL,76.0803126683442,HIGH,0.9582901809763459,0.3,3
NIFTYNEXT50,2017-01-10,0,BULL,79.08043570955357,HIGH,0.9582919387079083,0.4,4
NIFTYNEXT50,2017-01-11,0,BULL,82.08045026346282,HIGH,0.9582921466208975,0.5,5
NIFTYNEXT50,2017-01-12,0,BULL,85.08045125541706,HIGH,0.9582921607916722,0.6,6
NIFTYNEXT50,2017-01-13,0,BULL,88.08044989858269,HIGH,0.9582921414083241,0.7,7
NIFTYNEXT50,2017-01-16,0,BULL,91.0804503337341,HIGH,0.9582921476247731,0.8,8
NIFTYNEXT50,2017-01-17,0,BULL,94.08044967786046,HIGH,0.9582921382551495,0.9,9
NIFTYNEXT50,2017-01-18,0,BULL,97.08044985915689,HIGH,0.9582921408450985,1.0,10
NIFTYNEXT50,2017-01-19,0,BULL,97.08044940858507,HIGH,0.9582921344083583,1.0,11
NIFTYNEXT50,2017-01-20,0,BULL,97.08044678622197,HIGH,0.958292096946028,1.0,12
NIFTYNEXT50,2017-01-23,0,BULL,97.08044880460179,HIGH,0.9582921257800254,1.0,13
NIFTYNEXT50,2017-01-24,0,BULL,97.08044900702674,HIGH,0.9582921286718108,1.0,14
NIFTYNEXT50,2017-01-25,0,BULL,97.08045074503302,HIGH,0.9582921535004719,1.0,15
NIFTYNEXT50,2017-01-27,0,BULL,97.08044931424837,HIGH,0.958292133060691,1.0,16
NIFTYNEXT50,2017-01-30,0,BULL,97.08044930321435,HIGH,0.9582921329030624,1.0,17
NIFTYNEXT50,2017-01-31,0,BULL,97.08044363885848,HIGH,0.9582920519836928,1.0,18
NIFTYNEXT50,2017-02-01,0,BULL,97.08045202313882,HIGH,0.9582921717591262,1.0,19
NIFTYNEXT50,2017-02-02,0,BULL,97.08044930528797,HIGH,0.9582921329326851,1.0,20
NIFTYNEXT50,2017-02-03,0,BULL,97.08044907041295,HIGH,0.958292129577328,1.0,21
NIFTYNEXT50,2017-02-06,0,BULL,97.08045008456203,HIGH,0.9582921440651719,1.0,22
NIFTYNEXT50,2017-02-07,0,BULL,97.08044921990447,HIGH,0.958292131712921,1.0,23
NIFTYNEXT50,2017-02-08,0,BULL,97.0804491926587,HIGH,0.9582921313236958,1.0,24
NIFTYNEXT50,2017-02-09,0,BULL,97.08044904658195,HIGH,0.9582921292368852,1.0,25
NIFTYNEXT50,2017-02-10,0,BULL,97.08044902471993,HIGH,0.9582921289245704,1.0,26
NIFTYNEXT50,2017-02-13,0,BULL,97.0804489468429,HIGH,0.9582921278120418,1.0,27
NIFTYNEXT50,2017-02-14,0,BULL,97.080439913379,HIGH,0.9582919987625573,1.0,28
NIFTYNEXT50,2017-02-15,0,BULL,97.07563109000364,HIGH,0.9582233012857664,1.0,29
NIFTYNEXT50,2017-02-16,0,BULL,97.0803875431796,HIGH,0.9582912506168514,1.0,30
NIFTYNEXT50,2017-02-17,0,BULL,97.08043596256431,HIGH,0.9582919423223473,1.0,31
NIFTYNEXT50,2017-02-20,0,BULL,97.0804486859548,HIGH,0.9582921240850688,1.0,32
NIFTYNEXT50,2017-02-21,0,BULL,97.08044879033136,HIGH,0.9582921255761624,1.0,33
NIFTYNEXT50,2017-02-22,0,BULL,97.08043475777572,HIGH,0.9582919251110817,1.0,34
NIFTYNEXT50,2017-02-23,0,BULL,97.0804181024981,HIGH,0.9582916871785444,1.0,35
NIFTYNEXT50,2017-02-27,0,BULL,97.08016114170144,HIGH,0.9582880163100207,1.0,36
NIFTYNEXT50,2017-02-28,0,BULL,97.08035728544083,HIGH,0.9582908183634403,1.0,37
NIFTYNEXT50,2017-03-01,0,BULL,97.08030480963062,HIGH,0.9582900687090088,1.0,38
NIFTYNEXT50,2017-03-02,0,BULL,96.99899168555089,HIGH,0.9571284526507271,1.0,39
NIFTYNEXT50,2017-03-03,0,BULL,97.02867071265469,HIGH,0.9575524387522099,1.0,40
NIFTYNEXT50,2017-03-06,0,BULL,97.07347509656759,HIGH,0.9581925013795369,1.0,41
NIFTYNEXT50,2017-03-07,0,BULL,97.07772127208875,HIGH,0.9582531610298395,1.0,42
NIFTYNEXT50,2017-03-08,0,BULL,97.07868367199319,HIGH,0.9582669095999027,1.0,43
NIFTYNEXT50,2017-03-09,0,BULL,97.05438692002166,HIGH,0.9579198131431665,1.0,44
NIFTYNEXT50,2017-03-10,0,BULL,96.83354808258471,HIGH,0.9547649726083529,1.0,45
NIFTYNEXT50,2017-03-14,0,BULL,97.05868213612028,HIGH,0.9579811733731468,1.0,46
NIFTYNEXT50,2017-03-15,0,BULL,97.07870607241291,HIGH,0.9582672296058987,1.0,47
NIFTYNEXT50,2017-03-16,0,BULL,97.08043985662111,HIGH,0.9582919979517304,1.0,48
NIFTYNEXT50,2017-03-17,0,BULL,97.0804426860294,HIGH,0.9582920383718486,1.0,49
NIFTYNEXT50,2017-03-20,0,BULL,97.08044247986243,HIGH,0.9582920354266062,1.0,50
NIFTYNEXT50,2017-03-21,0,BULL,97.08029068197335,HIGH,0.9582898668853335,1.0,51
NIFTYNEXT50,2017-03-22,0,BULL,97.07186962493826,HIGH,0.9581695660705466,1.0,52
NIFTYNEXT50,2017-03-23,0,BULL,97.08042946456317,HIGH,0.9582918494937595,1.0,53
NIFTYNEXT50,2017-03-24,0,BULL,97.08043172684235,HIGH,0.9582918818120336,1.0,54
NIFTYNEXT50,2017-03-27,0,BULL,97.08015537668848,HIGH,0.9582879339526926,1.0,55
NIFTYNEXT50,2017-03-28,0,BULL,97.08042463831433,HIGH,0.9582917805473474,1.0,56
NIFTYNEXT50,2017-03-29,0,BULL,97.08043722683679,HIGH,0.9582919603833828,1.0,57
NIFTYNEXT50,2017-03-30,0,BULL,97.08044879713269,HIGH,0.9582921256733242,1.0,58
NIFTYNEXT50,2017-03-31,0,BULL,97.08044812252928,HIGH,0.9582921160361326,1.0,59
NIFTYNEXT50,2017-04-03,0,BULL,97.08044688936887,HIGH,0.9582920984195555,1.0,60
NIFTYNEXT50,2017-04-05,0,BULL,97.08044864509651,HIGH,0.9582921235013787,1.0,61
NIFTYNEXT50,2017-04-06,0,BULL,97.08044827803568,HIGH,0.9582921182576526,1.0,62
NIFTYNEXT50,2017-04-07,0,BULL,97.0804476896338,HIGH,0.9582921098519114,1.0,63
NIFTYNEXT50,2017-04-10,0,BULL,97.08044856016735,HIGH,0.9582921222881051,1.0,64
NIFTYNEXT50,2017-04-11,0,BULL,97.08044901307689,HIGH,0.9582921287582413,1.0,65
NIFTYNEXT50,2017-04-12,0,BULL,97.08044908156421,HIGH,0.9582921297366316,1.0,66
NIFTYNEXT50,2017-04-13,0,BULL,97.08044898054398,HIGH,0.9582921282934854,1.0,67
NIFTYNEXT50,2017-04-17,0,BULL,97.08044895359498,HIGH,0.9582921279084998,1.0,68
NIFTYNEXT50,2017-04-18,0,BULL,97.0804390809636,HIGH,0.9582919868709086,1.0,69
NIFTYNEXT50,2017-04-19,0,BULL,97.08044700114695,HIGH,0.958292100016385,1.0,70
NIFTYNEXT50,2017-04-20,0,BULL,97.08044788997603,HIGH,0.9582921127139433,1.0,71
NIFTYNEXT50,2017-04-21,0,BULL,97.08044795026657,HIGH,0.958292113575237,1.0,72
NIFTYNEXT50,2017-04-24,0,BULL,97.08044868395392,HIGH,0.9582921240564845,1.0,73
NIFTYNEXT50,2017-04-25,0,BULL,97.08044933102286,HIGH,0.9582921333003268,1.0,74
NIFTYNEXT50,2017-04-26,0,BULL,97.08044880848463,HIGH,0.958292125835495,1.0,75
NIFTYNEXT50,2017-04-27,0,BULL,97.0804459512433,HIGH,0.9582920850177616,1.0,76
NIFTYNEXT50,2017-04-28,0,BULL,97.08044712130184,HIGH,0.9582921017328835,1.0,77
NIFTYNEXT50,2017-05-02,0,BULL,97.08044760986834,HIGH,0.9582921087124049,1.0,78
NIFTYNEXT50,2017-05-03,0,BULL,97.08044350323166,HIGH,0.9582920500461668,1.0,79
NIFTYNEXT50,2017-05-04,0,BULL,97.08044499292927,HIGH,0.9582920713275612,1.0,80
NIFTYNEXT50,2017-05-05,0,BULL,97.07643641181518,HIGH,0.9582348058830742,1.0,81
NIFTYNEXT50,2017-05-08,0,BULL,97.08024031318796,HIGH,0.9582891473312566,1.0,82
NIFTYNEXT50,2017-05-09,0,BULL,97.0804453830207,HIGH,0.9582920769002956,1.0,83
NIFTYNEXT50,2017-05-10,0,BULL,97.08044857839535,HIGH,0.9582921225485049,1.0,84
NIFTYNEXT50,2017-05-11,0,BULL,97.08044855120941,HIGH,0.9582921221601344,1.0,85
NIFTYNEXT50,2017-05-12,0,BULL,97.08044379992013,HIGH,0.9582920542845735,1.0,86
NIFTYNEXT50,2017-05-15,0,BULL,97.08044780195755,HIGH,0.9582921114565365,1.0,87
NIFTYNEXT50,2017-05-16,0,BULL,97.08044276127177,HIGH,0.9582920394467397,1.0,88
NIFTYNEXT50,2017-05-17,0,BULL,97.08036484274211,HIGH,0.9582909263248873,1.0,89
NIFTYNEXT50,2017-05-18,0,BULL,96.40675923612699,HIGH,0.9486679890875284,1.0,90
NIFTYNEXT50,2017-05-19,1,BEAR,68.67874357621935,MODERATE,0.9382677653745621,0.1,1
NIFTYNEXT50,2017-05-22,1,BEAR,71.57699938840882,MODERATE,0.9368142769772688,0.2,2
NIFTYNEXT50,2017-05-23,1,BEAR,74.57671212340136,MODERATE,0.9368101731914482,0.3,3
NIFTYNEXT50,2017-05-24,1,BEAR,77.57673830797945,HIGH,0.9368105472568494,0.4,4
NIFTYNEXT50,2017-05-25,1,BEAR,80.57687817167611,HIGH,0.9368125453096587,0.5,5
NIFTYNEXT50,2017-05-26,1,BEAR,83.57803781653996,HIGH,0.9368291116648567,0.6,6
NIFTYNEXT50,2017-05-29,1,BEAR,86.57673429931948,HIGH,0.9368104899902784,0.7,7
NIFTYNEXT50,2017-05-30,1,BEAR,89.57823985585678,HIGH,0.9368319979408112,0.8,8
NIFTYNEXT50,2017-05-31,1,BEAR,92.58549428793292,HIGH,0.936935632684756,0.9,9
NIFTYNEXT50,2017-06-01,1,BEAR,95.58039766721895,HIGH,0.9368628238174136,1.0,10
NIFTYNEXT50,2017-06-02,1,BEAR,95.5881692432124,HIGH,0.9369738463316057,1.0,11
NIFTYNEXT50,2017-06-05,1,BEAR,95.6695645389398,HIGH,0.9381366362705685,1.0,12
NIFTYNEXT50,2017-06-06,1,BEAR,95.596811167819,HIGH,0.9370973023974143,1.0,13
NIFTYNEXT50,2017-06-07,1,BEAR,96.01719162354105,HIGH,0.943102737479158,1.0,14
NIFTYNEXT50,2017-06-08,0,BULL,69.95154538703893,MODERATE,0.9564506483862705,0.1,1
NIFTYNEXT50,2017-06-09,0,BULL,73.07910769622585,MODERATE,0.9582729670889408,0.2,2
NIFTYNEXT50,2017-06-12,0,BULL,76.08032035680891,HIGH,0.9582902908115559,0.3,3
NIFTYNEXT50,2017-06-13,0,BULL,79.08044365603465,HIGH,0.9582920522290664,0.4,4
NIFTYNEXT50,2017-06-14,0,BULL,82.08040461282783,HIGH,0.958291494468969,0.5,5
NIFTYNEXT50,2017-06-15,0,BULL,85.08000264050261,HIGH,0.9582857520071804,0.6,6
NIFTYNEXT50,2017-06-16,0,BULL,88.08043504513013,HIGH,0.9582919292161448,0.7,7
NIFTYNEXT50,2017-06-19,0,BULL,91.08044127490456,HIGH,0.9582920182129223,0.8,8
NIFTYNEXT50,2017-06-20,0,BULL,94.08043520598136,HIGH,0.9582919315140195,0.9,9
NIFTYNEXT50,2017-06-21,0,BULL,97.08042319994699,HIGH,0.9582917599992429,1.0,10
NIFTYNEXT50,2017-06-22,0,BULL,97.07341625356408,HIGH,0.9581916607652011,1.0,11
NIFTYNEXT50,2017-06-23,1,BEAR,68.70178949530373,MODERATE,0.9385969927900534,0.1,1
NIFTYNEXT50,2017-06-27,1,BEAR,71.57704138894574,MODERATE,0.9368148769849393,0.2,2
NIFTYNEXT50,2017-06-28,1,BEAR,74.57692364033306,MODERATE,0.9368131948619012,0.3,3
NIFTYNEXT50,2017-06-29,1,BEAR,77.57690787187603,HIGH,0.9368129695982291,0.4,4
NIFTYNEXT50,2017-06-30,1,BEAR,80.57827225087328,HIGH,0.9368324607267613,0.5,5
NIFTYNEXT50,2017-07-03,1,BEAR,83.82736632833007,HIGH,0.9403909475475727,0.6,6
NIFTYNEXT50,2017-07-04,1,BEAR,86.97782252867803,HIGH,0.9425403218382578,0.7,7
NIFTYNEXT50,2017-07-05,0,BULL,75.99011651530797,HIGH,0.9570016645043996,0.3,1
NIFTYNEXT50,2017-07-06,0,BULL,76.07961939872916,HIGH,0.9582802771247025,0.3,2
NIFTYNEXT50,2017-07-07,0,BULL,76.07984070795374,HIGH,0.9582834386850535,0.3,3
NIFTYNEXT50,2017-07-10,0,BULL,79.0804223726165,HIGH,0.9582917481802358,0.4,4
NIFTYNEXT50,2017-07-11,0,BULL,82.07941200472526,HIGH,0.958277314353218,0.5,5
NIFTYNEXT50,2017-07-12,0,BULL,85.08036106620487,HIGH,0.9582908723743553,0.6,6
NIFTYNEXT50,2017-07-13,0,BULL,88.0804455799563,HIGH,0.9582920797136616,0.7,7
NIFTYNEXT50,2017-07-14,0,BULL,91.08044869989916,HIGH,0.9582921242842739,0.8,8
NIFTYNEXT50,2017-07-17,0,BULL,94.08044892759656,HIGH,0.9582921275370938,0.9,9
NIFTYNEXT50,2017-07-18,0,BULL,97.08044789978206,HIGH,0.9582921128540293,1.0,10
NIFTYNEXT50,2017-07-19,0,BULL,97.08044903296909,HIGH,0.9582921290424157,1.0,11
NIFTYNEXT50,2017-07-20,0,BULL,97.08044831510334,HIGH,0.9582921187871907,1.0,12
NIFTYNEXT50,2017-07-21,0,BULL,97.08044851364579,HIGH,0.9582921216235113,1.0,13
NIFTYNEXT50,2017-07-24,0,BULL,97.0804483919641,HIGH,0.9582921198852015,1.0,14
NIFTYNEXT50,2017-07-25,0,BULL,97.0804484821164,HIGH,0.9582921211730915,1.0,15
NIFTYNEXT50,2017-07-26,0,BULL,97.0804477313388,HIGH,0.9582921104476971,1.0,16
NIFTYNEXT50,2017-07-27,0,BULL,97.08043749071852,HIGH,0.958291964153122,1.0,17
NIFTYNEXT50,2017-07-28,0,BULL,97.08043826242366,HIGH,0.9582919751774807,1.0,18
NIFTYNEXT50,2017-07-31,0,BULL,97.08044842241155,HIGH,0.9582921203201651,1.0,19
NIFTYNEXT50,2017-08-01,0,BULL,97.08044418570498,HIGH,0.9582920597957855,1.0,20
NIFTYNEXT50,2017-08-02,0,BULL,97.08010928870637,HIGH,0.9582872755529482,1.0,21
NIFTYNEXT50,2017-08-03,0,BULL,97.08031157667969,HIGH,0.9582901653811384,1.0,22
NIFTYNEXT50,2017-08-04,0,BULL,97.08044092941579,HIGH,0.9582920132773683,1.0,23
NIFTYNEXT50,2017-08-07,0,BULL,97.08044895881007,HIGH,0.958292127983001,1.0,24
NIFTYNEXT50,2017-08-08,0,BULL,97.08028734770764,HIGH,0.9582898192529663,1.0,25
NIFTYNEXT50,2017-08-09,0,BULL,96.91446533485686,HIGH,0.955920933355098,1.0,26
NIFTYNEXT50,2017-08-10,1,BEAR,68.57718661112204,MODERATE,0.9368169515874577,0.1,1
NIFTYNEXT50,2017-08-11,1,BEAR,71.57672660674106,MODERATE,0.9368103800963009,0.2,2
NIFTYNEXT50,2017-08-14,1,BEAR,74.57920551095954,MODERATE,0.9368457930137077,0.3,3
NIFTYNEXT50,2017-08-16,1,BEAR,77.67387381913582,HIGH,0.938198197416226,0.4,4
NIFTYNEXT50,2017-08-17,1,BEAR,80.82702645828982,HIGH,0.9403860922612832,0.5,5
NIFTYNEXT50,2017-08-18,1,BEAR,83.72918435288332,HIGH,0.9389883478983332,0.6,6
NIFTYNEXT50,2017-08-21,1,BEAR,86.57683470359848,HIGH,0.9368119243371213,0.7,7
NIFTYNEXT50,2017-08-22,1,BEAR,89.57673851839557,HIGH,0.9368105502627939,0.8,8
NIFTYNEXT50,2017-08-23,1,BEAR,92.57990524067895,HIGH,0.9368557891525564,0.9,9
NIFTYNEXT50,2017-08-24,1,BEAR,95.61576696696,HIGH,0.9373680995279998,1.0,10
NIFTYNEXT50,2017-08-28,1,BEAR,95.79771595459803,HIGH,0.9399673707799721,1.0,11
NIFTYNEXT50,2017-08-29,1,BEAR,95.58195086444773,HIGH,0.9368850123492534,1.0,12
NIFTYNEXT50,2017-08-30,1,BEAR,95.79053751654958,HIGH,0.9398648216649942,1.0,13
NIFTYNEXT50,2017-08-31,0,BULL,69.76855029267452,MODERATE,0.9538364327524932,0.1,1
NIFTYNEXT50,2017-09-01,0,BULL,73.08025784374888,MODERATE,0.9582893977678412,0.2,2
NIFTYNEXT50,2017-09-04,0,BULL,76.08019925979383,HIGH,0.9582885608541978,0.3,3
NIFTYNEXT50,2017-09-05,0,BULL,79.08030253564137,HIGH,0.9582900362234481,0.4,4
NIFTYNEXT50,2017-09-06,0,BULL,82.08019583646421,HIGH,0.9582885119494888,0.5,5
NIFTYNEXT50,2017-09-07,0,BULL,85.08040984746134,HIGH,0.9582915692494479,0.6,6
NIFTYNEXT50,2017-09-08,0,BULL,88.07993462408137,HIGH,0.9582847803440198,0.7,7
NIFTYNEXT50,2017-09-11,0,BULL,91.08044578543301,HIGH,0.9582920826490432,0.8,8
NIFTYNEXT50,2017-09-12,0,BULL,94.08044867456688,HIGH,0.958292123922384,0.9,9
NIFTYNEXT50,2017-09-13,0,BULL,97.0804470752039,HIGH,0.9582921010743417,1.0,10
NIFTYNEXT50,2017-09-14,0,BULL,97.08044770294653,HIGH,0.9582921100420934,1.0,11
NIFTYNEXT50,2017-09-15,0,BULL,97.08043139518261,HIGH,0.9582918770740373,1.0,12
NIFTYNEXT50,2017-09-18,0,BULL,97.08044806970888,HIGH,0.9582921152815556,1.0,13
NIFTYNEXT50,2017-09-19,0,BULL,97.08044683588972,HIGH,0.9582920976555674,1.0,14
NIFTYNEXT50,2017-09-20,0,BULL,97.08043783368205,HIGH,0.958291969052601,1.0,15
NIFTYNEXT50,2017-09-21,0,BULL,97.0792964147964,HIGH,0.9582756630685201,1.0,16
NIFTYNEXT50,2017-09-22,1,BEAR,68.58136831870355,MODERATE,0.9368766902671937,0.1,1
NIFTYNEXT50,2017-09-25,1,BEAR,71.57670590218228,MODERATE,0.9368100843168898,0.2,2
NIFTYNEXT50,2017-09-26,1,BEAR,74.57670722599622,MODERATE,0.9368101032285175,0.3,3
NIFTYNEXT50,2017-09-27,1,BEAR,77.5767649975424,HIGH,0.93681092853632,0.4,4
NIFTYNEXT50,2017-09-28,1,BEAR,80.57680994365091,HIGH,0.9368115706235846,0.5,5
NIFTYNEXT50,2017-09-29,1,BEAR,83.57671489803789,HIGH,0.9368102128291127,0.6,6
NIFTYNEXT50,2017-10-03,1,BEAR,86.57675487256867,HIGH,0.9368107838938383,0.7,7
NIFTYNEXT50,2017-10-04,1,BEAR,89.57683879966353,HIGH,0.9368119828523362,0.8,8
NIFTYNEXT50,2017-10-05,1,BEAR,92.57704478793937,HIGH,0.9368149255419912,0.9,9
NIFTYNEXT50,2017-10-06,1,BEAR,95.58173798450582,HIGH,0.9368819712072262,1.0,10
NIFTYNEXT50,2017-10-09,1,BEAR,95.58338973702938,HIGH,0.9369055676718483,1.0,11
NIFTYNEXT50,2017-10-10,1,BEAR,95.61167885668576,HIGH,0.9373096979526538,1.0,12
NIFTYNEXT50,2017-10-11,1,BEAR,95.58308496396899,HIGH,0.9369012137709857,1.0,13
NIFTYNEXT50,2017-10-12,1,BEAR,95.81382908928377,HIGH,0.9401975584183396,1.0,14
NIFTYNEXT50,2017-10-13,0,BULL,70.02498651183103,MODERATE,0.9574998073118719,0.1,1
NIFTYNEXT50,2017-10-16,0,BULL,73.08039265995076,MODERATE,0.9582913237135823,0.2,2
NIFTYNEXT50,2017-10-17,0,BULL,76.08043992772954,HIGH,0.958291998967565,0.3,3
NIFTYNEXT50,2017-10-18,0,BULL,79.08044884637961,HIGH,0.9582921263768517,0.4,4
NIFTYNEXT50,2017-10-19,0,BULL,82.0804483527782,HIGH,0.958292119325403,0.5,5
NIFTYNEXT50,2017-10-23,0,BULL,85.08044826130465,HIGH,0.9582921180186379,0.6,6
NIFTYNEXT50,2017-10-24,0,BULL,88.08044110737656,HIGH,0.9582920158196653,0.7,7
NIFTYNEXT50,2017-10-25,0,BULL,91.08211834963693,HIGH,0.9583159764233848,0.8,8
NIFTYNEXT50,2017-10-26,0,BULL,94.08056722476618,HIGH,0.9582938174966599,0.9,9
NIFTYNEXT50,2017-10-27,0,BULL,97.08044919117009,HIGH,0.9582921313024301,1.0,10
NIFTYNEXT50,2017-10-30,0,BULL,97.08044909016378,HIGH,0.9582921298594828,1.0,11
NIFTYNEXT50,2017-10-31,0,BULL,97.08044894310275,HIGH,0.9582921277586108,1.0,12
NIFTYNEXT50,2017-11-01,0,BULL,97.08044929896911,HIGH,0.958292132842416,1.0,13
NIFTYNEXT50,2017-11-02,0,BULL,97.08044908626977,HIGH,0.9582921298038537,1.0,14
NIFTYNEXT50,2017-11-03,0,BULL,97.08044948624985,HIGH,0.9582921355178551,1.0,15
NIFTYNEXT50,2017-11-06,0,BULL,97.08044915686678,HIGH,0.9582921308123825,1.0,16
NIFTYNEXT50,2017-11-07,0,BULL,97.08042930522348,HIGH,0.9582918472174783,1.0,17
NIFTYNEXT50,2017-11-08,0,BULL,97.08029171330223,HIGH,0.9582898816186035,1.0,18
NIFTYNEXT50,2017-11-09,0,BULL,97.08044161279643,HIGH,0.9582920230399492,1.0,19
NIFTYNEXT50,2017-11-10,0,BULL,97.08039239031056,HIGH,0.9582913198615794,1.0,20
NIFTYNEXT50,2017-11-13,0,BULL,97.07941989283306,HIGH,0.9582774270404723,1.0,21
NIFTYNEXT50,2017-11-14,0,BULL,97.07146724625207,HIGH,0.958163817803601,1.0,22
NIFTYNEXT50,2017-11-15,1,BEAR,69.09022340081407,MODERATE,0.9441460485830582,0.1,1
NIFTYNEXT50,2017-11-16,1,BEAR,72.2356733056057,MODERATE,0.9462239043657958,0.2,2
NIFTYNEXT50,2017-11-17,0,BULL,90.96195328713021,HIGH,0.9565993326732889,0.8,1
NIFTYNEXT50,2017-11-20,0,BULL,91.0724473006877,HIGH,0.958177818581253,0.8,2
NIFTYNEXT50,2017-11-21,0,BULL,91.07423180545688,HIGH,0.9582033115065268,0.8,3
NIFTYNEXT50,2017-11-22,0,BULL,91.060207507731,HIGH,0.9580029643961571,0.8,4
NIFTYNEXT50,2017-11-23,0,BULL,91.04606067345951,HIGH,0.9578008667637073,0.8,5
NIFTYNEXT50,2017-11-24,0,BULL,91.06008399348848,HIGH,0.9580011999069782,0.8,6
NIFTYNEXT50,2017-11-27,0,BULL,91.0792346353894,HIGH,0.9582747805055628,0.8,7
NIFTYNEXT50,2017-11-28,0,BULL,91.08027815335619,HIGH,0.9582896879050884,0.8,8
NIFTYNEXT50,2017-11-29,0,BULL,94.0799488424074,HIGH,0.9582849834629629,0.9,9
NIFTYNEXT50,2017-11-30,0,BULL,97.07161186619375,HIGH,0.958165883802768,1.0,10
NIFTYNEXT50,2017-12-01,0,BULL,96.80791575651044,HIGH,0.9543987965215779,1.0,11
NIFTYNEXT50,2017-12-04,0,BULL,96.8745948136126,HIGH,0.95535135448018,1.0,12
NIFTYNEXT50,2017-12-05,0,BULL,97.06847312426218,HIGH,0.9581210446323171,1.0,13
NIFTYNEXT50,2017-12-06,1,BEAR,68.99209610438477,MODERATE,0.9427442300626395,0.1,1
NIFTYNEXT50,2017-12-07,1,BEAR,72.12338981049233,MODERATE,0.9446198544356049,0.2,2
NIFTYNEXT50,2017-12-08,0,BULL,91.0292509388149,HIGH,0.9575607276973558,0.8,1
NIFTYNEXT50,2017-12-11,0,BULL,91.07937414107099,HIGH,0.9582767734438712,0.8,2
NIFTYNEXT50,2017-12-12,0,BULL,91.01262794258729,HIGH,0.9573232563226756,0.8,3
NIFTYNEXT50,2017-12-13,1,BEAR,74.95435800282173,MODERATE,0.9422051143260249,0.3,1
NIFTYNEXT50,2017-12-14,1,BEAR,77.60237558750102,HIGH,0.9371767941071575,0.4,2
NIFTYNEXT50,2017-12-15,1,BEAR,80.64149976645567,HIGH,0.9377357109493666,0.5,3
NIFTYNEXT50,2017-12-18,1,BEAR,84.29854784251336,HIGH,0.9471221120359052,0.6,4
NIFTYNEXT50,2017-12-19,0,BULL,79.07438565767437,HIGH,0.9582055093953483,0.4,1
NIFTYNEXT50,2017-12-20,0,BULL,82.08039449698305,HIGH,0.9582913499569007,0.5,2
NIFTYNEXT50,2017-12-21,0,BULL,85.08044402705748,HIGH,0.9582920575293927,0.6,3
NIFTYNEXT50,2017-12-22,0,BULL,85.08044657681685,HIGH,0.9582920939545266,0.6,4
NIFTYNEXT50,2017-12-26,0,BULL,85.08044782984527,HIGH,0.9582921118549326,0.6,5
NIFTYNEXT50,2017-12-27,0,BULL,85.08044685084262,HIGH,0.9582920978691805,0.6,6
NIFTYNEXT50,2017-12-28,0,BULL,88.0804453940493,HIGH,0.9582920770578474,0.7,7
NIFTYNEXT50,2017-12-29,0,BULL,91.08044619221474,HIGH,0.9582920884602106,0.8,8
NIFTYNEXT50,2018-01-01,0,BULL,94.08043545772864,HIGH,0.9582919351104091,0.9,9
NIFTYNEXT50,2018-01-02,0,BULL,97.08044432587937,HIGH,0.9582920617982768,1.0,10
NIFTYNEXT50,2018-01-03,0,BULL,97.08044881206052,HIGH,0.958292125886579,1.0,11
NIFTYNEXT50,2018-01-04,0,BULL,97.08044901940846,HIGH,0.9582921288486923,1.0,12
NIFTYNEXT50,2018-01-05,0,BULL,97.0804493645427,HIGH,0.9582921337791814,1.0,13
NIFTYNEXT50,2018-01-08,0,BULL,97.08044909758667,HIGH,0.9582921299655238,1.0,14
NIFTYNEXT50,2018-01-09,0,BULL,97.0804489073715,HIGH,0.9582921272481646,1.0,15
NIFTYNEXT50,2018-01-10,0,BULL,97.08044877380955,HIGH,0.9582921253401365,1.0,16
NIFTYNEXT50,2018-01-11,0,BULL,97.08044845347092,HIGH,0.9582921207638703,1.0,17
NIFTYNEXT50,2018-01-12,0,BULL,97.08044784783387,HIGH,0.9582921121119125,1.0,18
NIFTYNEXT50,2018-01-15,0,BULL,97.08044241786283,HIGH,0.9582920345408975,1.0,19
NIFTYNEXT50,2018-01-16,0,BULL,97.0587106061081,HIGH,0.9579815800872585,1.0,20
NIFTYNEXT50,2018-01-17,0,BULL,97.0799680051631,HIGH,0.9582852572166158,1.0,21
NIFTYNEXT50,2018-01-18,0,BULL,96.72333238902017,HIGH,0.9531904627002882,1.0,22
NIFTYNEXT50,2018-01-19,0,BULL,97.0127674433856,HIGH,0.9573252491912229,1.0,23
NIFTYNEXT50,2018-01-22,0,BULL,97.07912336448898,HIGH,0.9582731909212714,1.0,24
NIFTYNEXT50,2018-01-23,0,BULL,97.08028428273188,HIGH,0.9582897754675982,1.0,25
NIFTYNEXT50,2018-01-24,0,BULL,97.07500048412221,HIGH,0.9582142926303174,1.0,26
NIFTYNEXT50,2018-01-25,0,BULL,96.51483930447478,HIGH,0.9502119900639255,1.0,27
NIFTYNEXT50,2018-01-29,1,BEAR,68.58319482280758,MODERATE,0.9369027831829655,0.1,1
NIFTYNEXT50,2018-01-30,1,BEAR,71.57675202558815,MODERATE,0.936810743222688,0.2,2
NIFTYNEXT50,2018-01-31,1,BEAR,74.5767077843707,MODERATE,0.9368101112052958,0.3,3
NIFTYNEXT50,2018-02-01,1,BEAR,77.57671682593732,HIGH,0.9368102403705334,0.4,4
NIFTYNEXT50,2018-02-02,1,BEAR,80.5783189515663,HIGH,0.9368331278795186,0.5,5
NIFTYNEXT50,2018-02-05,1,BEAR,83.57676745452625,HIGH,0.9368109636360893,0.6,6
NIFTYNEXT50,2018-02-06,1,BEAR,86.57715387115358,HIGH,0.9368164838736226,0.7,7
NIFTYNEXT50,2018-02-07,1,BEAR,89.57676753213461,HIGH,0.9368109647447803,0.8,8
NIFTYNEXT50,2018-02-08,1,BEAR,92.576719971241,HIGH,0.9368102853034429,0.9,9
NIFTYNEXT50,2018-02-09,1,BEAR,95.57669677968576,HIGH,0.9368099539955109,1.0,10
NIFTYNEXT50,2018-02-12,1,BEAR,95.57674512760721,HIGH,0.936810644680103,1.0,11
NIFTYNEXT50,2018-02-14,1,BEAR,95.57672912021373,HIGH,0.9368104160030534,1.0,12
NIFTYNEXT50,2018-02-15,1,BEAR,95.57679868949019,HIGH,0.9368114098498599,1.0,13
NIFTYNEXT50,2018-02-16,1,BEAR,95.57676959836434,HIGH,0.9368109942623478,1.0,14
NIFTYNEXT50,2018-02-19,1,BEAR,95.5767418579406,HIGH,0.9368105979705802,1.0,15
NIFTYNEXT50,2018-02-20,1,BEAR,95.57671374901027,HIGH,0.9368101964144325,1.0,16
NIFTYNEXT50,2018-02-21,1,BEAR,95.57669819421528,HIGH,0.9368099742030757,1.0,17
NIFTYNEXT50,2018-02-22,1,BEAR,95.57671169603725,HIGH,0.9368101670862465,1.0,18
NIFTYNEXT50,2018-02-23,1,BEAR,95.57675257559117,HIGH,0.9368107510798741,1.0,19
NIFTYNEXT50,2018-02-26,1,BEAR,95.57768054174132,HIGH,0.9368240077391619,1.0,20
NIFTYNEXT50,2018-02-27,1,BEAR,95.58039931009587,HIGH,0.9368628472870839,1.0,21
NIFTYNEXT50,2018-02-28,1,BEAR,95.57907492320714,HIGH,0.9368439274743878,1.0,22
NIFTYNEXT50,2018-03-01,1,BEAR,95.57670799447683,HIGH,0.936810114206812,1.0,23
NIFTYNEXT50,2018-03-05,1,BEAR,95.57670437645965,HIGH,0.9368100625208521,1.0,24
NIFTYNEXT50,2018-03-06,1,BEAR,95.57671901245214,HIGH,0.9368102716064595,1.0,25
NIFTYNEXT50,2018-03-07,1,BEAR,95.57675993387731,HIGH,0.9368108561982473,1.0,26
NIFTYNEXT50,2018-03-08,1,BEAR,95.57673366181628,HIGH,0.9368104808830897,1.0,27
NIFTYNEXT50,2018-03-09,1,BEAR,95.57672131092676,HIGH,0.9368103044418108,1.0,28
NIFTYNEXT50,2018-03-12,1,BEAR,95.57671072333187,HIGH,0.9368101531904552,1.0,29
NIFTYNEXT50,2018-03-13,1,BEAR,95.57674302573724,HIGH,0.9368106146533891,1.0,30
NIFTYNEXT50,2018-03-14,1,BEAR,95.57681370769447,HIGH,0.9368116243956351,1.0,31
NIFTYNEXT50,2018-03-15,1,BEAR,95.57726614561979,HIGH,0.9368180877945685,1.0,32
NIFTYNEXT50,2018-03-16,1,BEAR,95.57670342710469,HIGH,0.9368100489586386,1.0,33
NIFTYNEXT50,2018-03-19,1,BEAR,95.57673607129276,HIGH,0.9368105153041822,1.0,34
NIFTYNEXT50,2018-03-20,1,BEAR,95.57670812611518,HIGH,0.9368101160873598,1.0,35
NIFTYNEXT50,2018-03-21,1,BEAR,95.57670854044531,HIGH,0.9368101220063616,1.0,36
NIFTYNEXT50,2018-03-22,1,BEAR,95.5767084730909,HIGH,0.9368101210441558,1.0,37
NIFTYNEXT50,2018-03-23,1,BEAR,95.57670003983418,HIGH,0.9368100005690598,1.0,38
NIFTYNEXT50,2018-03-26,1,BEAR,95.57735832687592,HIGH,0.9368194046696562,1.0,39
NIFTYNEXT50,2018-03-27,1,BEAR,95.6564293415776,HIGH,0.9379489905939659,1.0,40
NIFTYNEXT50,2018-03-28,1,BEAR,95.57965926379543,HIGH,0.9368522751970777,1.0,41
NIFTYNEXT50,2018-04-02,1,BEAR,95.98138944419232,HIGH,0.9425912777741761,1.0,42
NIFTYNEXT50,2018-04-03,0,BULL,70.05556366920501,MODERATE,0.9579366238457859,0.1,1
NIFTYNEXT50,2018-04-04,0,BULL,72.958762040714,MODERATE,0.9565537434387718,0.2,2
NIFTYNEXT50,2018-04-05,0,BULL,76.07800087493179,HIGH,0.9582571553561685,0.3,3
NIFTYNEXT50,2018-04-06,0,BULL,79.08040968148504,HIGH,0.9582915668783577,0.4,4
NIFTYNEXT50,2018-04-09,0,BULL,82.08043477454159,HIGH,0.9582919253505942,0.5,5
NIFTYNEXT50,2018-04-10,0,BULL,85.08044517517041,HIGH,0.9582920739310059,0.6,6
NIFTYNEXT50,2018-04-11,0,BULL,88.08044545817563,HIGH,0.9582920779739378,0.7,7
NIFTYNEXT50,2018-04-12,0,BULL,91.08044027303879,HIGH,0.9582920039005541,0.8,8
NIFTYNEXT50,2018-04-13,0,BULL,94.08044232818025,HIGH,0.9582920332597178,0.9,9
NIFTYNEXT50,2018-04-16,0,BULL,97.08044829710099,HIGH,0.9582921185300142,1.0,10
NIFTYNEXT50,2018-04-17,0,BULL,97.08044769956612,HIGH,0.9582921099938018,1.0,11
NIFTYNEXT50,2018-04-18,0,BULL,97.0804453479589,HIGH,0.958292076399413,1.0,12
NIFTYNEXT50,2018-04-19,0,BULL,97.08044884050547,HIGH,0.9582921262929351,1.0,13
NIFTYNEXT50,2018-04-20,0,BULL,97.08044465180781,HIGH,0.9582920664543974,1.0,14
NIFTYNEXT50,2018-04-23,0,BULL,97.08044596621157,HIGH,0.9582920852315939,1.0,15
NIFTYNEXT50,2018-04-24,0,BULL,97.08044884395639,HIGH,0.9582921263422342,1.0,16
NIFTYNEXT50,2018-04-25,0,BULL,97.08044722767588,HIGH,0.9582921032525128,1.0,17
NIFTYNEXT50,2018-04-26,0,BULL,97.08040753726156,HIGH,0.9582915362465939,1.0,18
NIFTYNEXT50,2018-04-27,0,BULL,97.08044074404694,HIGH,0.958292010629242,1.0,19
NIFTYNEXT50,2018-04-30,0,BULL,97.08044807371753,HIGH,0.9582921153388221,1.0,20
NIFTYNEXT50,2018-05-02,0,BULL,97.07635964155679,HIGH,0.958233709165097,1.0,21
NIFTYNEXT50,2018-05-03,0,BULL,96.63235909809849,HIGH,0.9518908442585499,1.0,22
NIFTYNEXT50,2018-05-04,1,BEAR,68.65638063267157,MODERATE,0.937948294752451,0.1,1
NIFTYNEXT50,2018-05-07,1,BEAR,71.64367159862759,MODERATE,0.9377667371232514,0.2,2
NIFTYNEXT50,2018-05-08,1,BEAR,74.58823549647266,MODERATE,0.9369747928067524,0.3,3
NIFTYNEXT50,2018-05-09,1,BEAR,77.57772062166491,HIGH,0.9368245803094989,0.4,4
NIFTYNEXT50,2018-05-10,1,BEAR,80.57671900254319,HIGH,0.9368102714649027,0.5,5
NIFTYNEXT50,2018-05-11,1,BEAR,83.576795895965,HIGH,0.9368113699423571,0.6,6
NIFTYNEXT50,2018-05-14,1,BEAR,86.5767194988823,HIGH,0.9368102785554615,0.7,7
NIFTYNEXT50,2018-05-15,1,BEAR,89.57676652956599,HIGH,0.9368109504223714,0.8,8
NIFTYNEXT50,2018-05-16,1,BEAR,92.5768815226826,HIGH,0.93681259318118,0.9,9
NIFTYNEXT50,2018-05-17,1,BEAR,95.57673787178396,HIGH,0.9368105410254852,1.0,10
NIFTYNEXT50,2018-05-18,1,BEAR,95.57688117020855,HIGH,0.9368125881458365,1.0,11
NIFTYNEXT50,2018-05-21,1,BEAR,95.57811141264223,HIGH,0.9368301630377464,1.0,12
NIFTYNEXT50,2018-05-22,1,BEAR,95.5769842003105,HIGH,0.9368140600044359,1.0,13
NIFTYNEXT50,2018-05-23,1,BEAR,95.57672740290528,HIGH,0.9368103914700755,1.0,14
NIFTYNEXT50,2018-05-24,1,BEAR,95.57670489536194,HIGH,0.936810069933742,1.0,15
NIFTYNEXT50,2018-05-25,1,BEAR,95.57675948054765,HIGH,0.9368108497221093,1.0,16
NIFTYNEXT50,2018-05-28,1,BEAR,95.58710840663551,HIGH,0.9369586915233646,1.0,17
NIFTYNEXT50,2018-05-29,1,BEAR,95.6310417611601,HIGH,0.9375863108737159,1.0,18
NIFTYNEXT50,2018-05-30,1,BEAR,95.65653763534587,HIGH,0.9379505376477983,1.0,19
NIFTYNEXT50,2018-05-31,1,BEAR,95.7960753590438,HIGH,0.9399439337006258,1.0,20
NIFTYNEXT50,2018-06-01,1,BEAR,95.57919390455095,HIGH,0.9368456272078708,1.0,21
NIFTYNEXT50,2018-06-04,1,BEAR,95.57677419791453,HIGH,0.9368110599702075,1.0,22
NIFTYNEXT50,2018-06-05,1,BEAR,95.57670147254973,HIGH,0.9368100210364247,1.0,23
NIFTYNEXT50,2018-06-06,1,BEAR,95.57756286705093,HIGH,0.936822326672156,1.0,24
NIFTYNEXT50,2018-06-07,1,BEAR,95.71263525440867,HIGH,0.9387519322058382,1.0,25
NIFTYNEXT50,2018-06-08,0,BULL,69.85020793332197,MODERATE,0.9550029704760282,0.1,1
NIFTYNEXT50,2018-06-11,0,BULL,73.0574511699793,MODERATE,0.9579635881425617,0.2,2
NIFTYNEXT50,2018-06-12,0,BULL,76.07998348448108,HIGH,0.9582854783497298,0.3,3
NIFTYNEXT50,2018-06-13,0,BULL,79.07940040991573,HIGH,0.958277148713082,0.4,4
NIFTYNEXT50,2018-06-14,0,BULL,82.07241504440343,HIGH,0.9581773577771918,0.5,5
NIFTYNEXT50,2018-06-15,0,BULL,84.40656062413561,HIGH,0.9486651517733659,0.6,6
NIFTYNEXT50,2018-06-18,1,BEAR,77.61316928807521,HIGH,0.937330989829646,0.4,1
NIFTYNEXT50,2018-06-19,1,BEAR,77.57689780125503,HIGH,0.9368128257322147,0.4,2
NIFTYNEXT50,2018-06-20,1,BEAR,77.57697943662592,HIGH,0.9368139919517988,0.4,3
NIFTYNEXT50,2018-06-21,1,BEAR,77.57678080896909,HIGH,0.9368111544138442,0.4,4
NIFTYNEXT50,2018-06-22,1,BEAR,80.58016586440961,HIGH,0.9368595123487087,0.5,5
NIFTYNEXT50,2018-06-25,1,BEAR,83.5767618245811,HIGH,0.9368108832083014,0.6,6
NIFTYNEXT50,2018-06-26,1,BEAR,86.57675536628314,HIGH,0.9368107909469021,0.7,7
NIFTYNEXT50,2018-06-27,1,BEAR,89.5767150690706,HIGH,0.9368102152724372,0.8,8
NIFTYNEXT50,2018-06-28,1,BEAR,92.57690264203723,HIGH,0.9368128948862462,0.9,9
NIFTYNEXT50,2018-06-29,1,BEAR,95.57672855505103,HIGH,0.9368104079293006,1.0,10
NIFTYNEXT50,2018-07-02,1,BEAR,95.57670472664448,HIGH,0.9368100675234926,1.0,11
NIFTYNEXT50,2018-07-03,1,BEAR,95.57669811292956,HIGH,0.9368099730418511,1.0,12
NIFTYNEXT50,2018-07-04,1,BEAR,95.57669688200414,HIGH,0.936809955457202,1.0,13
NIFTYNEXT50,2018-07-05,1,BEAR,95.57669822807506,HIGH,0.9368099746867866,1.0,14
NIFTYNEXT50,2018-07-06,1,BEAR,95.5767118340946,HIGH,0.9368101690584943,1.0,15
NIFTYNEXT50,2018-07-09,1,BEAR,95.57707929463038,HIGH,0.9368154184947197,1.0,16
NIFTYNEXT50,2018-07-10,1,BEAR,95.58999602104346,HIGH,0.9369999431577637,1.0,17
NIFTYNEXT50,2018-07-11,1,BEAR,95.57826168618726,HIGH,0.9368323098026752,1.0,18
NIFTYNEXT50,2018-07-12,1,BEAR,95.57781546603626,HIGH,0.9368259352290893,1.0,19
NIFTYNEXT50,2018-07-13,1,BEAR,95.5776085140964,HIGH,0.9368229787728057,1.0,20
NIFTYNEXT50,2018-07-16,1,BEAR,95.57672848465566,HIGH,0.9368104069236524,1.0,21
NIFTYNEXT50,2018-07-17,1,BEAR,95.57697675391867,HIGH,0.9368139536274096,1.0,22
NIFTYNEXT50,2018-07-18,1,BEAR,95.57835948565454,HIGH,0.936833706937922,1.0,23
NIFTYNEXT50,2018-07-19,1,BEAR,95.5767914110648,HIGH,0.9368113058723544,1.0,24
NIFTYNEXT50,2018-07-20,1,BEAR,95.57671356665784,HIGH,0.936810193809398,1.0,25
NIFTYNEXT50,2018-07-23,1,BEAR,95.57828066500313,HIGH,0.9368325809286164,1.0,26
NIFTYNEXT50,2018-07-24,0,BULL,69.52709650353567,MODERATE,0.9503870929076524,0.1,1
NIFTYNEXT50,2018-07-25,0,BULL,73.0577307482316,MODERATE,0.9579675821175946,0.2,2
NIFTYNEXT50,2018-07-26,0,BULL,76.0803347660513,HIGH,0.9582904966578758,0.3,3
NIFTYNEXT50,2018-07-27,0,BULL,79.0803949920069,HIGH,0.9582913570286702,0.4,4
NIFTYNEXT50,2018-07-30,0,BULL,82.08044083876061,HIGH,0.9582920119822943,0.5,5
NIFTYNEXT50,2018-07-31,0,BULL,85.08044648239476,HIGH,0.9582920926056395,0.6,6
NIFTYNEXT50,2018-08-01,0,BULL,88.08044772066175,HIGH,0.9582921102951679,0.7,7
NIFTYNEXT50,2018-08-02,0,BULL,91.08044407061061,HIGH,0.9582920581515803,0.8,8
NIFTYNEXT50,2018-08-03,0,BULL,94.08044914406977,HIGH,0.9582921306295683,0.9,9
NIFTYNEXT50,2018-08-06,0,BULL,97.08044902843352,HIGH,0.9582921289776217,1.0,10
NIFTYNEXT50,2018-08-07,0,BULL,97.08044921702282,HIGH,0.9582921316717545,1.0,11
NIFTYNEXT50,2018-08-08,0,BULL,97.08044923459668,HIGH,0.9582921319228099,1.0,12
NIFTYNEXT50,2018-08-09,0,BULL,97.08044924577376,HIGH,0.9582921320824827,1.0,13
NIFTYNEXT50,2018-08-10,0,BULL,97.08044894262467,HIGH,0.9582921277517809,1.0,14
NIFTYNEXT50,2018-08-13,0,BULL,97.08029114130805,HIGH,0.9582898734472579,1.0,15
NIFTYNEXT50,2018-08-14,0,BULL,97.08043785298742,HIGH,0.9582919693283916,1.0,16
NIFTYNEXT50,2018-08-16,0,BULL,97.07870380086013,HIGH,0.9582671971551447,1.0,17
NIFTYNEXT50,2018-08-17,0,BULL,97.0803861798998,HIGH,0.9582912311414259,1.0,18
NIFTYNEXT50,2018-08-20,0,BULL,97.08043705748422,HIGH,0.9582919579640604,1.0,19
NIFTYNEXT50,2018-08-21,0,BULL,97.08044291088966,HIGH,0.9582920415841382,1.0,20
NIFTYNEXT50,2018-08-23,0,BULL,97.08044674260275,HIGH,0.9582920963228965,1.0,21
NIFTYNEXT50,2018-08-24,0,BULL,97.08044494492995,HIGH,0.9582920706418567,1.0,22
NIFTYNEXT50,2018-08-27,0,BULL,97.0804478677508,HIGH,0.9582921123964403,1.0,23
NIFTYNEXT50,2018-08-28,0,BULL,97.08044606985544,HIGH,0.9582920867122205,1.0,24
NIFTYNEXT50,2018-08-29,0,BULL,97.08044852681832,HIGH,0.9582921218116903,1.0,25
NIFTYNEXT50,2018-08-30,0,BULL,97.0804487435815,HIGH,0.9582921249083072,1.0,26
NIFTYNEXT50,2018-08-31,0,BULL,97.08044888942875,HIGH,0.9582921269918393,1.0,27
NIFTYNEXT50,2018-09-03,0,BULL,97.08044721630296,HIGH,0.9582921030900423,1.0,28
NIFTYNEXT50,2018-09-04,1,BEAR,68.9614000959616,MODERATE,0.9423057156565944,0.1,1
NIFTYNEXT50,2018-09-05,1,BEAR,71.98126007195773,MODERATE,0.9425894295993961,0.2,2
NIFTYNEXT50,2018-09-06,0,BULL,90.6694896727181,HIGH,0.9524212810388302,0.8,1
NIFTYNEXT50,2018-09-07,0,BULL,91.0605907578193,HIGH,0.9580084393974188,0.8,2
NIFTYNEXT50,2018-09-10,1,BEAR,74.66635026052143,MODERATE,0.9380907180074489,0.3,1
NIFTYNEXT50,2018-09-11,1,BEAR,77.57673768224863,HIGH,0.9368105383178377,0.4,2
NIFTYNEXT50,2018-09-12,1,BEAR,80.57673618656776,HIGH,0.936810516950968,0.5,3
NIFTYNEXT50,2018-09-14,1,BEAR,83.57836602078564,HIGH,0.9368338002969376,0.6,4
NIFTYNEXT50,2018-09-17,1,BEAR,86.57677622408369,HIGH,0.9368110889154814,0.7,5
NIFTYNEXT50,2018-09-18,1,BEAR,89.57677216707407,HIGH,0.9368110309582011,0.8,6
NIFTYNEXT50,2018-09-19,1,BEAR,89.5767141310506,HIGH,0.9368102018721514,0.8,7
NIFTYNEXT50,2018-09-21,1,BEAR,89.57807306356847,HIGH,0.9368296151938352,0.8,8
NIFTYNEXT50,2018-09-24,1,BEAR,92.61253708487266,HIGH,0.9373219583553237,0.9,9
NIFTYNEXT50,2018-09-25,1,BEAR,95.58029047850103,HIGH,0.9368612925500147,1.0,10
NIFTYNEXT50,2018-09-26,1,BEAR,95.57693632473998,HIGH,0.936813376067714,1.0,11
NIFTYNEXT50,2018-09-27,1,BEAR,95.578714182518,HIGH,0.9368387740359715,1.0,12
NIFTYNEXT50,2018-09-28,1,BEAR,95.5826673549437,HIGH,0.936895247927767,1.0,13
NIFTYNEXT50,2018-10-01,1,BEAR,95.57995042922339,HIGH,0.9368564347031914,1.0,14
NIFTYNEXT50,2018-10-03,1,BEAR,95.58699739892744,HIGH,0.9369571056989636,1.0,15
NIFTYNEXT50,2018-10-04,1,BEAR,95.66969190641916,HIGH,0.938138455805988,1.0,16
NIFTYNEXT50,2018-10-05,2,SIDE,70.17479649353659,MODERATE,0.9596399499076654,0.1,1
NIFTYNEXT50,2018-10-08,2,SIDE,73.21630286761946,MODERATE,0.9602328981088497,0.2,2
NIFTYNEXT50,2018-10-09,2,SIDE,76.21630769208546,HIGH,0.9602329670297923,0.3,3
NIFTYNEXT50,2018-10-10,2,SIDE,79.20930382380439,HIGH,0.9601329117686342,0.4,4
NIFTYNEXT50,2018-10-11,2,SIDE,82.20938666730943,HIGH,0.9601340952472777,0.5,5
NIFTYNEXT50,2018-10-12,2,SIDE,85.0887551447008,HIGH,0.9584107877814402,0.6,6
NIFTYNEXT50,2018-10-15,1,BEAR,78.17700831907729,HIGH,0.9453858331296756,0.4,1
NIFTYNEXT50,2018-10-16,1,BEAR,77.60552514330342,HIGH,0.9372217877614776,0.4,2
NIFTYNEXT50,2018-10-17,1,BEAR,77.58218055809068,HIGH,0.9368882936870099,0.4,3
NIFTYNEXT50,2018-10-19,1,BEAR,77.57805921325857,HIGH,0.9368294173322653,0.4,4
NIFTYNEXT50,2018-10-22,1,BEAR,80.57818329730512,HIGH,0.9368311899615017,0.5,5
NIFTYNEXT50,2018-10-23,1,BEAR,83.58066867029991,HIGH,0.9368666952899988,0.6,6
NIFTYNEXT50,2018-10-24,1,BEAR,86.57758899895161,HIGH,0.9368226999850232,0.7,7
NIFTYNEXT50,2018-10-25,1,BEAR,89.5815065688561,HIGH,0.9368786652693728,0.8,8
NIFTYNEXT50,2018-10-26,1,BEAR,92.5783434765816,HIGH,0.9368334782368799,0.9,9
NIFTYNEXT50,2018-10-29,1,BEAR,95.58243974034353,HIGH,0.936891996290622,1.0,10
NIFTYNEXT50,2018-10-30,1,BEAR,95.57877158949152,HIGH,0.9368395941355933,1.0,11
NIFTYNEXT50,2018-10-31,1,BEAR,95.5854191772532,HIGH,0.9369345596750459,1.0,12
NIFTYNEXT50,2018-11-01,1,BEAR,95.59906791849073,HIGH,0.9371295416927248,1.0,13
NIFTYNEXT50,2018-11-02,1,BEAR,95.79059144846813,HIGH,0.9398655921209734,1.0,14
NIFTYNEXT50,2018-11-05,1,BEAR,95.93588845339644,HIGH,0.9419412636199493,1.0,15
NIFTYNEXT50,2018-11-06,1,BEAR,95.65100463218377,HIGH,0.9378714947454825,1.0,16
NIFTYNEXT50,2018-11-07,0,BULL,69.96949478383443,MODERATE,0.9567070683404918,0.1,1
NIFTYNEXT50,2018-11-09,0,BULL,73.07970721252639,MODERATE,0.9582815316075199,0.2,2
NIFTYNEXT50,2018-11-12,0,BULL,76.05829865395786,HIGH,0.9579756950565411,0.3,3
NIFTYNEXT50,2018-11-13,0,BULL,79.07989912400075,HIGH,0.9582842732000107,0.4,4
NIFTYNEXT50,2018-11-14,0,BULL,82.08036494293837,HIGH,0.9582909277562626,0.5,5
NIFTYNEXT50,2018-11-15,0,BULL,85.08044345458086,HIGH,0.9582920493511553,0.6,6
NIFTYNEXT50,2018-11-16,0,BULL,88.08044825803589,HIGH,0.9582921179719414,0.7,7
NIFTYNEXT50,2018-11-19,0,BULL,91.08044736577541,HIGH,0.9582921052253631,0.8,8
NIFTYNEXT50,2018-11-20,0,BULL,94.07858483827401,HIGH,0.9582654976896288,0.9,9
NIFTYNEXT50,2018-11-21,0,BULL,97.08020231494368,HIGH,0.9582886044991955,1.0,10
NIFTYNEXT50,2018-11-22,0,BULL,97.06896113214518,HIGH,0.9581280161735025,1.0,11
NIFTYNEXT50,2018-11-26,0,BULL,97.06771717333582,HIGH,0.9581102453333691,1.0,12
NIFTYNEXT50,2018-11-27,0,BULL,97.03780914605187,HIGH,0.9576829878007409,1.0,13
NIFTYNEXT50,2018-11-28,0,BULL,97.01512095385156,HIGH,0.9573588707693083,1.0,14
NIFTYNEXT50,2018-11-29,0,BULL,97.07001834797966,HIGH,0.9581431192568524,1.0,15
NIFTYNEXT50,2018-11-30,0,BULL,97.08034857107894,HIGH,0.9582906938725564,1.0,16
NIFTYNEXT50,2018-12-03,0,BULL,97.08039733862294,HIGH,0.9582913905517566,1.0,17
NIFTYNEXT50,2018-12-04,0,BULL,97.08014320053383,HIGH,0.9582877600076262,1.0,18
NIFTYNEXT50,2018-12-05,0,BULL,96.87592020486704,HIGH,0.9553702886409576,1.0,19
NIFTYNEXT50,2018-12-06,1,BEAR,68.58280490634306,MODERATE,0.9368972129477579,0.1,1
NIFTYNEXT50,2018-12-07,1,BEAR,71.57831840115607,MODERATE,0.9368331200165153,0.2,2
NIFTYNEXT50,2018-12-10,1,BEAR,74.576717796388,MODERATE,0.9368102542341142,0.3,3
NIFTYNEXT50,2018-12-11,1,BEAR,77.57781416477742,HIGH,0.9368259166396776,0.4,4
NIFTYNEXT50,2018-12-12,1,BEAR,80.70234939327933,HIGH,0.938604991332562,0.5,5
NIFTYNEXT50,2018-12-13,0,BULL,82.00698480744964,HIGH,0.9572426401064233,0.5,1
NIFTYNEXT50,2018-12-14,0,BULL,82.0798565450926,HIGH,0.9582836649298944,0.5,2
NIFTYNEXT50,2018-12-17,0,BULL,82.08040961125381,HIGH,0.9582915658750545,0.5,3
NIFTYNEXT50,2018-12-18,0,BULL,82.08043678640064,HIGH,0.9582919540914377,0.5,4
NIFTYNEXT50,2018-12-19,0,BULL,82.0804474762551,HIGH,0.9582921068036444,0.5,5
NIFTYNEXT50,2018-12-20,0,BULL,85.08042828064501,HIGH,0.958291832580643,0.6,6
NIFTYNEXT50,2018-12-21,0,BULL,88.0772889883741,HIGH,0.9582469855482014,0.7,7
NIFTYNEXT50,2018-12-24,0,BULL,90.89338336957651,HIGH,0.9556197624225216,0.8,8
NIFTYNEXT50,2018-12-26,0,BULL,94.05303989187028,HIGH,0.9579005698838612,0.9,9
NIFTYNEXT50,2018-12-27,0,BULL,97.07910302393601,HIGH,0.9582729003419429,1.0,10
NIFTYNEXT50,2018-12-28,0,BULL,97.0802935222163,HIGH,0.9582899074602328,1.0,11
NIFTYNEXT50,2018-12-31,0,BULL,97.0804420621227,HIGH,0.9582920294588957,1.0,12
NIFTYNEXT50,2019-01-01,0,BULL,97.0804023930418,HIGH,0.95829146275774,1.0,13
NIFTYNEXT50,2019-01-02,0,BULL,97.07058236114925,HIGH,0.9581511765878465,1.0,14
NIFTYNEXT50,2019-01-03,0,BULL,96.8469912300397,HIGH,0.9549570175719959,1.0,15
NIFTYNEXT50,2019-01-04,0,BULL,96.61210759992788,HIGH,0.951601537141827,1.0,16
NIFTYNEXT50,2019-01-07,1,BEAR,68.86530865495754,MODERATE,0.9409329807851078,0.1,1
NIFTYNEXT50,2019-01-08,1,BEAR,71.59601967132797,MODERATE,0.9370859953046853,0.2,2
NIFTYNEXT50,2019-01-09,1,BEAR,74.57713932261179,MODERATE,0.9368162760373113,0.3,3
NIFTYNEXT50,2019-01-10,1,BEAR,77.57992341854388,HIGH,0.9368560488363412,0.4,4
NIFTYNEXT50,2019-01-11,1,BEAR,80.58079406242497,HIGH,0.9368684866060709,0.5,5
NIFTYNEXT50,2019-01-14,1,BEAR,83.57840979176525,HIGH,0.9368344255966466,0.6,6
NIFTYNEXT50,2019-01-15,1,BEAR,86.60885234653323,HIGH,0.9372693192361891,0.7,7
NIFTYNEXT50,2019-01-16,1,BEAR,89.61570251721815,HIGH,0.9373671788174023,0.8,8
NIFTYNEXT50,2019-01-17,1,BEAR,92.58089081077996,HIGH,0.936869868725428,0.9,9
NIFTYNEXT50,2019-01-18,1,BEAR,95.57673382826542,HIGH,0.9368104832609345,1.0,10
NIFTYNEXT50,2019-01-21,1,BEAR,95.57673484574904,HIGH,0.936810497796415,1.0,11
NIFTYNEXT50,2019-01-22,1,BEAR,95.57711069323969,HIGH,0.9368158670462813,1.0,12
NIFTYNEXT50,2019-01-23,1,BEAR,95.57677172951638,HIGH,0.936811024707377,1.0,13
NIFTYNEXT50,2019-01-24,1,BEAR,95.57677802260862,HIGH,0.9368111146086946,1.0,14
NIFTYNEXT50,2019-01-25,1,BEAR,95.57676118360838,HIGH,0.9368108740515485,1.0,15
NIFTYNEXT50,2019-01-28,1,BEAR,95.57693737905649,HIGH,0.9368133911293782,1.0,16
NIFTYNEXT50,2019-01-29,1,BEAR,95.57676786830329,HIGH,0.93681096954719,1.0,17
NIFTYNEXT50,2019-01-30,1,BEAR,95.57679748861621,HIGH,0.9368113926945172,1.0,18
NIFTYNEXT50,2019-01-31,1,BEAR,95.57703218723219,HIGH,0.9368147455318884,1.0,19
NIFTYNEXT50,2019-02-01,1,BEAR,95.57689604036722,HIGH,0.9368128005766744,1.0,20
NIFTYNEXT50,2019-02-04,1,BEAR,95.57670643099713,HIGH,0.9368100918713876,1.0,21
NIFTYNEXT50,2019-02-05,1,BEAR,95.5767246746661,HIGH,0.9368103524952299,1.0,22
NIFTYNEXT50,2019-02-06,1,BEAR,95.57671010167982,HIGH,0.936810144309712,1.0,23
NIFTYNEXT50,2019-02-07,1,BEAR,95.57835778501482,HIGH,0.9368336826430691,1.0,24
NIFTYNEXT50,2019-02-08,1,BEAR,95.57670881830724,HIGH,0.9368101259758177,1.0,25
NIFTYNEXT50,2019-02-11,1,BEAR,95.57670150320247,HIGH,0.936810021474321,1.0,26
NIFTYNEXT50,2019-02-12,1,BEAR,95.57669959274446,HIGH,0.9368099941820639,1.0,27
NIFTYNEXT50,2019-02-14,1,BEAR,95.57670972980694,HIGH,0.9368101389972421,1.0,28
NIFTYNEXT50,2019-02-15,1,BEAR,95.57680658978087,HIGH,0.9368115227111553,1.0,29
NIFTYNEXT50,2019-02-18,1,BEAR,95.57678944460824,HIGH,0.9368112777801176,1.0,30
NIFTYNEXT50,2019-02-19,1,BEAR,95.57674377306455,HIGH,0.9368106253294936,1.0,31
NIFTYNEXT50,2019-02-20,1,BEAR,95.5767230737491,HIGH,0.9368103296249872,1.0,32
NIFTYNEXT50,2019-02-21,1,BEAR,95.5767092679738,HIGH,0.9368101323996255,1.0,33
NIFTYNEXT50,2019-02-22,1,BEAR,95.57674239089116,HIGH,0.9368106055841595,1.0,34
NIFTYNEXT50,2019-02-25,1,BEAR,95.57729899377144,HIGH,0.9368185570538775,1.0,35
NIFTYNEXT50,2019-02-26,1,BEAR,95.57756424773478,HIGH,0.9368223463962113,1.0,36
NIFTYNEXT50,2019-02-27,1,BEAR,95.5784656515072,HIGH,0.9368352235929601,1.0,37
NIFTYNEXT50,2019-02-28,1,BEAR,95.60145977034603,HIGH,0.9371637110049431,1.0,38
NIFTYNEXT50,2019-03-01,0,BULL,69.37296882102629,MODERATE,0.9481852688718042,0.1,1
NIFTYNEXT50,2019-03-05,0,BULL,73.07994301695595,MODERATE,0.9582849002422279,0.2,2
NIFTYNEXT50,2019-03-06,0,BULL,76.08044860161202,HIGH,0.9582921228801717,0.3,3
NIFTYNEXT50,2019-03-07,0,BULL,79.08044655210425,HIGH,0.9582920936014895,0.4,4
NIFTYNEXT50,2019-03-08,0,BULL,82.0804490804518,HIGH,0.95829212972074,0.5,5
NIFTYNEXT50,2019-03-11,0,BULL,85.08057861752769,HIGH,0.9582939802503958,0.6,6
NIFTYNEXT50,2019-03-12,0,BULL,88.08045767125921,HIGH,0.9582922524465604,0.7,7
NIFTYNEXT50,2019-03-13,0,BULL,91.08045025416779,HIGH,0.9582921464881113,0.8,8
NIFTYNEXT50,2019-03-14,0,BULL,94.08044917970199,HIGH,0.9582921311385999,0.9,9
NIFTYNEXT50,2019-03-15,0,BULL,97.08044897999055,HIGH,0.9582921282855794,1.0,10
NIFTYNEXT50,2019-03-18,0,BULL,97.08044891333252,HIGH,0.9582921273333218,1.0,11
NIFTYNEXT50,2019-03-19,0,BULL,97.0804489178038,HIGH,0.9582921273971973,1.0,12
NIFTYNEXT50,2019-03-20,0,BULL,97.08044886007715,HIGH,0.9582921265725308,1.0,13
NIFTYNEXT50,2019-03-22,0,BULL,97.08043242420055,HIGH,0.9582918917742935,1.0,14
NIFTYNEXT50,2019-03-25,0,BULL,97.06929785410281,HIGH,0.958132826487183,1.0,15
NIFTYNEXT50,2019-03-26,0,BULL,97.07849568477265,HIGH,0.9582642240681807,1.0,16
NIFTYNEXT50,2019-03-27,0,BULL,97.06856814640001,HIGH,0.9581224020914288,1.0,17
NIFTYNEXT50,2019-03-28,0,BULL,97.0803446612759,HIGH,0.9582906380182274,1.0,18
NIFTYNEXT50,2019-04-01,0,BULL,97.08042933809547,HIGH,0.9582918476870782,1.0,19
NIFTYNEXT50,2019-04-02,0,BULL,97.0777317754564,HIGH,0.9582533110779488,1.0,20
NIFTYNEXT50,2019-04-03,0,BULL,97.06877284454664,HIGH,0.9581253263506664,1.0,21
NIFTYNEXT50,2019-04-04,0,BULL,97.07422301285386,HIGH,0.9582031858979125,1.0,22
NIFTYNEXT50,2019-04-05,0,BULL,97.07969659549384,HIGH,0.9582813799356266,1.0,23
NIFTYNEXT50,2019-04-08,0,BULL,97.07787759184325,HIGH,0.9582553941691893,1.0,24
NIFTYNEXT50,2019-04-09,0,BULL,97.07878830348864,HIGH,0.9582684043355519,1.0,25
NIFTYNEXT50,2019-04-10,0,BULL,97.07325452559444,HIGH,0.9581893503656349,1.0,26
NIFTYNEXT50,2019-04-11,0,BULL,97.07905163530329,HIGH,0.9582721662186183,1.0,27
NIFTYNEXT50,2019-04-12,0,BULL,97.08032211156781,HIGH,0.9582903158795403,1.0,28
NIFTYNEXT50,2019-04-15,0,BULL,97.08044515200143,HIGH,0.9582920736000204,1.0,29
NIFTYNEXT50,2019-04-16,0,BULL,97.08044629884213,HIGH,0.958292089983459,1.0,30
NIFTYNEXT50,2019-04-18,0,BULL,97.08043102556138,HIGH,0.9582918717937343,1.0,31
NIFTYNEXT50,2019-04-22,0,BULL,96.79042799262201,HIGH,0.9541489713231717,1.0,32
NIFTYNEXT50,2019-04-23,1,BEAR,68.956807467871,MODERATE,0.9422401066838714,0.1,1
NIFTYNEXT50,2019-04-24,1,BEAR,72.30418575249777,MODERATE,0.9472026536071112,0.2,2
NIFTYNEXT50,2019-04-25,1,BEAR,74.97648820852349,MODERATE,0.9425212601217643,0.3,3
NIFTYNEXT50,2019-04-26,1,BEAR,77.87663497138813,HIGH,0.9410947853055447,0.4,4
NIFTYNEXT50,2019-04-30,1,BEAR,80.59348778496059,HIGH,0.937049825499437,0.5,5
NIFTYNEXT50,2019-05-02,1,BEAR,83.57769584531907,HIGH,0.936824226361701,0.6,6
NIFTYNEXT50,2019-05-03,1,BEAR,86.57684650462501,HIGH,0.9368120929232144,0.7,7
NIFTYNEXT50,2019-05-06,1,BEAR,89.5767253097076,HIGH,0.9368103615672514,0.8,8
NIFTYNEXT50,2019-05-07,1,BEAR,92.57672348010972,HIGH,0.9368103354301389,0.9,9
NIFTYNEXT50,2019-05-08,1,BEAR,95.57770416628222,HIGH,0.9368243452326033,1.0,10
NIFTYNEXT50,2019-05-09,1,BEAR,95.57696292425612,HIGH,0.9368137560608018,1.0,11
NIFTYNEXT50,2019-05-10,1,BEAR,95.57960366708018,HIGH,0.9368514809582885,1.0,12
NIFTYNEXT50,2019-05-13,1,BEAR,95.5867210161469,HIGH,0.9369531573735272,1.0,13
NIFTYNEXT50,2019-05-14,1,BEAR,95.59201448538168,HIGH,0.9370287783625955,1.0,14
NIFTYNEXT50,2019-05-15,1,BEAR,95.57842742472944,HIGH,0.936834677496135,1.0,15
NIFTYNEXT50,2019-05-16,1,BEAR,95.58147143239431,HIGH,0.9368781633199188,1.0,16
NIFTYNEXT50,2019-05-17,1,BEAR,95.5771429634066,HIGH,0.9368163280486659,1.0,17
NIFTYNEXT50,2019-05-20,1,BEAR,95.57758449345974,HIGH,0.9368226356208537,1.0,18
NIFTYNEXT50,2019-05-21,1,BEAR,95.57671573303783,HIGH,0.9368102247576833,1.0,19
NIFTYNEXT50,2019-05-22,1,BEAR,95.57676473143277,HIGH,0.936810924734754,1.0,20
NIFTYNEXT50,2019-05-23,1,BEAR,95.57821498177898,HIGH,0.9368316425968426,1.0,21
NIFTYNEXT50,2019-05-24,1,BEAR,95.77287780869696,HIGH,0.9396125401242424,1.0,22
NIFTYNEXT50,2019-05-27,0,BULL,69.99893189858885,MODERATE,0.9571275985512693,0.1,1
NIFTYNEXT50,2019-05-28,0,BULL,73.08038008687,MODERATE,0.9582911440981428,0.2,2
NIFTYNEXT50,2019-05-29,0,BULL,76.07967746975,HIGH,0.9582811067107143,0.3,3
NIFTYNEXT50,2019-05-30,0,BULL,79.0803169905181,HIGH,0.9582902427216872,0.4,4
NIFTYNEXT50,2019-05-31,0,BULL,82.08044695890155,HIGH,0.9582920994128794,0.5,5
NIFTYNEXT50,2019-06-03,0,BULL,85.08044938574328,HIGH,0.9582921340820469,0.6,6
NIFTYNEXT50,2019-06-04,0,BULL,88.08044721928768,HIGH,0.9582921031326811,0.7,7
NIFTYNEXT50,2019-06-06,0,BULL,91.01936528549508,HIGH,0.9574195040785013,0.8,8
NIFTYNEXT50,2019-06-07,0,BULL,94.07325055914912,HIGH,0.9581892937021302,0.9,9
NIFTYNEXT50,2019-06-10,0,BULL,97.0569301445642,HIGH,0.9579561449223457,1.0,10
NIFTYNEXT50,2019-06-11,0,BULL,97.07879427296497,HIGH,0.9582684896137854,1.0,11
NIFTYNEXT50,2019-06-12,0,BULL,97.03109359899022,HIGH,0.9575870514141461,1.0,12
NIFTYNEXT50,2019-06-13,0,BULL,96.94821493243415,HIGH,0.956403070463345,1.0,13
NIFTYNEXT50,2019-06-14,1,BEAR,68.58351853987148,MODERATE,0.9369074077124497,0.1,1
NIFTYNEXT50,2019-06-17,1,BEAR,71.57671748843877,MODERATE,0.9368102498348397,0.2,2
NIFTYNEXT50,2019-06-18,1,BEAR,74.576700056525,MODERATE,0.9368100008075,0.3,3
NIFTYNEXT50,2019-06-19,1,BEAR,77.57669827656333,HIGH,0.9368099753794763,0.4,4
NIFTYNEXT50,2019-06-20,1,BEAR,80.57677027714253,HIGH,0.936811003959179,0.5,5
NIFTYNEXT50,2019-06-21,1,BEAR,83.57670840813573,HIGH,0.9368101201162249,0.6,6
NIFTYNEXT50,2019-06-24,1,BEAR,86.57671881880331,HIGH,0.9368102688400474,0.7,7
NIFTYNEXT50,2019-06-25,1,BEAR,89.57677460643173,HIGH,0.9368110658061676,0.8,8
NIFTYNEXT50,2019-06-26,1,BEAR,92.5867178662195,HIGH,0.9369531123745644,0.9,9
NIFTYNEXT50,2019-06-27,1,BEAR,95.7951569783994,HIGH,0.9399308139771342,1.0,10
NIFTYNEXT50,2019-06-28,1,BEAR,95.66578429721118,HIGH,0.9380826328173026,1.0,11
NIFTYNEXT50,2019-07-01,1,BEAR,95.76009514539521,HIGH,0.9394299306485029,1.0,12
NIFTYNEXT50,2019-07-02,0,BULL,69.68102041858158,MODERATE,0.952586005979737,0.1,1
NIFTYNEXT50,2019-07-03,0,BULL,73.07214783475689,MODERATE,0.9581735404965269,0.2,2
NIFTYNEXT50,2019-07-04,0,BULL,76.08041496471462,HIGH,0.958291642353066,0.3,3
NIFTYNEXT50,2019-07-05,0,BULL,79.07803395807935,HIGH,0.9582576279725623,0.4,4
NIFTYNEXT50,2019-07-08,1,BEAR,83.61571670669159,HIGH,0.9373673815241657,0.6,1
NIFTYNEXT50,2019-07-09,1,BEAR,83.62309769170582,HIGH,0.9374728241672259,0.6,2
NIFTYNEXT50,2019-07-10,1,BEAR,83.57695327559782,HIGH,0.936813618222826,0.6,3
NIFTYNEXT50,2019-07-11,1,BEAR,83.58316381486111,HIGH,0.9369023402123016,0.6,4
NIFTYNEXT50,2019-07-12,1,BEAR,83.59056070039863,HIGH,0.9370080100056948,0.6,5
NIFTYNEXT50,2019-07-15,1,BEAR,83.63046395124366,HIGH,0.9375780564463378,0.6,6
NIFTYNEXT50,2019-07-16,1,BEAR,86.95218094231198,HIGH,0.9421740134615999,0.7,7
NIFTYNEXT50,2019-07-17,0,BULL,75.47072584451381,HIGH,0.9495817977787688,0.3,1
NIFTYNEXT50,2019-07-18,1,BEAR,89.65852008620577,HIGH,0.9379788583743682,0.8,1
NIFTYNEXT50,2019-07-19,1,BEAR,92.57673621897531,HIGH,0.9368105174139332,0.9,2
NIFTYNEXT50,2019-07-22,1,BEAR,92.57671726858278,HIGH,0.9368102466940398,0.9,3
NIFTYNEXT50,2019-07-23,1,BEAR,92.57669862759914,HIGH,0.9368099803942735,0.9,4
NIFTYNEXT50,2019-07-24,1,BEAR,92.57681662648703,HIGH,0.9368116660926719,0.9,5
NIFTYNEXT50,2019-07-25,1,BEAR,92.57670405088653,HIGH,0.9368100578698078,0.9,6
NIFTYNEXT50,2019-07-26,1,BEAR,92.57686921184269,HIGH,0.9368124173120385,0.9,7
NIFTYNEXT50,2019-07-29,2,SIDE,70.21633624114713,MODERATE,0.9602333748735303,0.1,1
NIFTYNEXT50,2019-07-30,2,SIDE,73.18315365602304,MODERATE,0.9597593379431864,0.2,2
NIFTYNEXT50,2019-07-31,1,BEAR,89.63258818946564,HIGH,0.937608402706652,0.8,1
NIFTYNEXT50,2019-08-01,1,BEAR,89.57684230587573,HIGH,0.9368120329410818,0.8,2
NIFTYNEXT50,2019-08-02,1,BEAR,89.5769129578016,HIGH,0.9368130422543085,0.8,3
NIFTYNEXT50,2019-08-05,1,BEAR,89.57672285827462,HIGH,0.9368103265467804,0.8,4
NIFTYNEXT50,2019-08-06,1,BEAR,89.57670836688376,HIGH,0.936810119526911,0.8,5
NIFTYNEXT50,2019-08-07,1,BEAR,89.57670173287165,HIGH,0.9368100247553094,0.8,6
NIFTYNEXT50,2019-08-08,1,BEAR,89.57676118718439,HIGH,0.9368108741026341,0.8,7
NIFTYNEXT50,2019-08-09,1,BEAR,89.57716709451311,HIGH,0.936816672778759,0.8,8
NIFTYNEXT50,2019-08-13,1,BEAR,92.57677259986295,HIGH,0.9368110371408992,0.9,9
NIFTYNEXT50,2019-08-14,1,BEAR,95.57681021841636,HIGH,0.9368115745488051,1.0,10
NIFTYNEXT50,2019-08-16,1,BEAR,95.57707410926727,HIGH,0.936815344418104,1.0,11
NIFTYNEXT50,2019-08-19,1,BEAR,95.57685477566442,HIGH,0.9368122110809203,1.0,12
NIFTYNEXT50,2019-08-20,1,BEAR,95.57673361811854,HIGH,0.9368104802588362,1.0,13
NIFTYNEXT50,2019-08-21,1,BEAR,95.57670896268016,HIGH,0.9368101280382881,1.0,14
NIFTYNEXT50,2019-08-22,1,BEAR,95.57672610872466,HIGH,0.9368103729817808,1.0,15
NIFTYNEXT50,2019-08-23,1,BEAR,95.57671531393082,HIGH,0.9368102187704402,1.0,16
NIFTYNEXT50,2019-08-26,1,BEAR,95.57749000368992,HIGH,0.9368212857669989,1.0,17
NIFTYNEXT50,2019-08-27,1,BEAR,95.68336575207293,HIGH,0.9383337964581847,1.0,18
NIFTYNEXT50,2019-08-28,1,BEAR,95.60258768239717,HIGH,0.9371798240342454,1.0,19
NIFTYNEXT50,2019-08-29,1,BEAR,95.61710442064117,HIGH,0.9373872060091598,1.0,20
NIFTYNEXT50,2019-08-30,1,BEAR,95.96701802223843,HIGH,0.9423859717462635,1.0,21
NIFTYNEXT50,2019-09-03,1,BEAR,95.57700166758025,HIGH,0.9368143095368607,1.0,22
NIFTYNEXT50,2019-09-04,1,BEAR,95.57859044793288,HIGH,0.9368370063990414,1.0,23
NIFTYNEXT50,2019-09-05,1,BEAR,95.58182549584701,HIGH,0.9368832213692433,1.0,24
NIFTYNEXT50,2019-09-06,1,BEAR,95.59237720773896,HIGH,0.9370339601105568,1.0,25
NIFTYNEXT50,2019-09-09,1,BEAR,95.63657700410748,HIGH,0.9376653857729642,1.0,26
NIFTYNEXT50,2019-09-11,1,BEAR,96.14575350213173,HIGH,0.9449393357447389,1.0,27
NIFTYNEXT50,2019-09-12,0,BULL,69.95531265294878,MODERATE,0.9565044664706969,0.1,1
NIFTYNEXT50,2019-09-13,0,BULL,73.08027435007605,MODERATE,0.9582896335725151,0.2,2
NIFTYNEXT50,2019-09-16,0,BULL,76.08032069307392,HIGH,0.9582902956153417,0.3,3
NIFTYNEXT50,2019-09-17,1,BEAR,87.20657830829212,HIGH,0.9458082615470305,0.7,1
NIFTYNEXT50,2019-09-18,1,BEAR,86.94978585743269,HIGH,0.9421397979633243,0.7,2
NIFTYNEXT50,2019-09-19,1,BEAR,86.59974888070987,HIGH,0.9371392697244268,0.7,3
NIFTYNEXT50,2019-09-20,2,SIDE,70.21633624713877,MODERATE,0.9602333749591252,0.1,1
NIFTYNEXT50,2019-09-23,2,SIDE,73.21596249728843,MODERATE,0.960228035675549,0.2,2
NIFTYNEXT50,2019-09-24,2,SIDE,76.20997585967618,HIGH,0.9601425122810883,0.3,3
NIFTYNEXT50,2019-09-25,2,SIDE,79.20343969775313,HIGH,0.9600491385393304,0.4,4
NIFTYNEXT50,2019-09-26,2,SIDE,82.16864872501151,HIGH,0.9595521246430215,0.5,5
NIFTYNEXT50,2019-09-27,0,BULL,73.09702531363685,MODERATE,0.9585289330519551,0.2,1
NIFTYNEXT50,2019-09-30,0,BULL,73.09446267381725,MODERATE,0.9584923239116749,0.2,2
NIFTYNEXT50,2019-10-01,0,BULL,76.08361059393758,HIGH,0.9583372941991084,0.3,3
NIFTYNEXT50,2019-10-03,0,BULL,79.0349845828352,HIGH,0.9576426368976457,0.4,4
NIFTYNEXT50,2019-10-04,1,BEAR,68.76009665826945,MODERATE,0.9394299522609921,0.1,1
NIFTYNEXT50,2019-10-07,1,BEAR,71.5770954396956,MODERATE,0.9368156491385086,0.2,2
NIFTYNEXT50,2019-10-09,1,BEAR,74.58279091547601,MODERATE,0.9368970130782289,0.3,3
NIFTYNEXT50,2019-10-10,1,BEAR,77.58750965679567,HIGH,0.9369644236685097,0.4,4
NIFTYNEXT50,2019-10-11,1,BEAR,80.58004368100544,HIGH,0.9368577668715062,0.5,5
NIFTYNEXT50,2019-10-14,1,BEAR,83.5774618636383,HIGH,0.9368208837662614,0.6,6
NIFTYNEXT50,2019-10-15,1,BEAR,86.5780014643081,HIGH,0.9368285923472588,0.7,7
NIFTYNEXT50,2019-10-16,1,BEAR,89.58614595138404,HIGH,0.9369449421626292,0.8,8
NIFTYNEXT50,2019-10-17,1,BEAR,92.90482220301834,HIGH,0.9414974600431193,0.9,9
NIFTYNEXT50,2019-10-18,0,BULL,69.93570231166784,MODERATE,0.956224318738112,0.1,1
NIFTYNEXT50,2019-10-22,0,BULL,73.07919740515823,MODERATE,0.9582742486451177,0.2,2
NIFTYNEXT50,2019-10-23,0,BULL,76.08042425007935,HIGH,0.9582917750011337,0.3,3
NIFTYNEXT50,2019-10-24,0,BULL,79.08045002165093,HIGH,0.9582921431664421,0.4,4
NIFTYNEXT50,2019-10-25,0,BULL,82.08043846662828,HIGH,0.9582919780946897,0.5,5
NIFTYNEXT50,2019-10-29,0,BULL,85.08044984245527,HIGH,0.9582921406065038,0.6,6
NIFTYNEXT50,2019-10-30,0,BULL,88.08044937044389,HIGH,0.9582921338634842,0.7,7
NIFTYNEXT50,2019-10-31,0,BULL,91.08044947383043,HIGH,0.9582921353404347,0.8,8
NIFTYNEXT50,2019-11-01,0,BULL,94.0804509661261,HIGH,0.9582921566589442,0.9,9
NIFTYNEXT50,2019-11-04,0,BULL,97.0804490904227,HIGH,0.9582921298631815,1.0,10
NIFTYNEXT50,2019-11-05,0,BULL,97.08044886812237,HIGH,0.9582921266874626,1.0,11
NIFTYNEXT50,2019-11-06,0,BULL,97.08044884919005,HIGH,0.9582921264170007,1.0,12
NIFTYNEXT50,2019-11-07,0,BULL,97.08044887302991,HIGH,0.9582921267575704,1.0,13
NIFTYNEXT50,2019-11-08,0,BULL,97.08039923050382,HIGH,0.958291417578626,1.0,14
NIFTYNEXT50,2019-11-11,0,BULL,97.0803850734151,HIGH,0.9582912153345013,1.0,15
NIFTYNEXT50,2019-11-13,0,BULL,97.07764630879147,HIGH,0.9582520901255925,1.0,16
NIFTYNEXT50,2019-11-14,0,BULL,97.07349246642198,HIGH,0.9581927495203142,1.0,17
NIFTYNEXT50,2019-11-15,0,BULL,97.07960350150955,HIGH,0.9582800500215651,1.0,18
NIFTYNEXT50,2019-11-18,0,BULL,97.07081206105337,HIGH,0.9581544580150481,1.0,19
NIFTYNEXT50,2019-11-19,0,BULL,97.05065835231714,HIGH,0.957866547890245,1.0,20
NIFTYNEXT50,2019-11-20,0,BULL,97.0822899463564,HIGH,0.9583184278050914,1.0,21
NIFTYNEXT50,2019-11-21,0,BULL,96.39004121956623,HIGH,0.9484291602795175,1.0,22
NIFTYNEXT50,2019-11-22,1,BEAR,68.59497100576057,MODERATE,0.9370710143680082,0.1,1
NIFTYNEXT50,2019-11-25,1,BEAR,71.74737585463984,MODERATE,0.9392482264948548,0.2,2
NIFTYNEXT50,2019-11-26,0,BULL,90.87977080332374,HIGH,0.9554252971903391,0.8,1
NIFTYNEXT50,2019-11-27,0,BULL,91.0346555332977,HIGH,0.9576379361899672,0.8,2
NIFTYNEXT50,2019-11-28,0,BULL,91.07891726034542,HIGH,0.9582702465763633,0.8,3
NIFTYNEXT50,2019-11-29,0,BULL,91.07475327631357,HIGH,0.958210761090194,0.8,4
NIFTYNEXT50,2019-12-02,0,BULL,91.08025502020027,HIGH,0.9582893574314326,0.8,5
NIFTYNEXT50,2019-12-03,0,BULL,91.03115847476646,HIGH,0.9575879782109495,0.8,6
NIFTYNEXT50,2019-12-04,0,BULL,91.0612079158987,HIGH,0.9580172559414103,0.8,7
NIFTYNEXT50,2019-12-05,0,BULL,90.80588536219327,HIGH,0.9543697908884752,0.8,8
NIFTYNEXT50,2019-12-06,1,BEAR,71.60351578661594,MODERATE,0.9371930826659421,0.2,1
NIFTYNEXT50,2019-12-09,1,BEAR,71.57755275113587,MODERATE,0.9368221821590839,0.2,2
NIFTYNEXT50,2019-12-10,1,BEAR,74.57672348799184,MODERATE,0.9368103355427407,0.3,3
NIFTYNEXT50,2019-12-11,1,BEAR,77.57694196707206,HIGH,0.9368134566724582,0.4,4
NIFTYNEXT50,2019-12-12,1,BEAR,80.58190340585686,HIGH,0.9368843343693838,0.5,5
NIFTYNEXT50,2019-12-13,1,BEAR,83.59073772866255,HIGH,0.9370105389808935,0.6,6
NIFTYNEXT50,2019-12-16,1,BEAR,86.58227300688883,HIGH,0.9368896143841262,0.7,7
NIFTYNEXT50,2019-12-17,1,BEAR,89.58505890556448,HIGH,0.9369294129366355,0.8,8
NIFTYNEXT50,2019-12-18,1,BEAR,92.58306397709626,HIGH,0.9369009139585179,0.9,9
NIFTYNEXT50,2019-12-19,1,BEAR,95.63361577544877,HIGH,0.9376230825064112,1.0,10
NIFTYNEXT50,2019-12-20,1,BEAR,95.9683590464017,HIGH,0.9424051292343102,1.0,11
NIFTYNEXT50,2019-12-23,0,BULL,69.78575887778064,MODERATE,0.9540822696825806,0.1,1
NIFTYNEXT50,2019-12-24,0,BULL,73.02253240359391,MODERATE,0.9574647486227701,0.2,2
NIFTYNEXT50,2019-12-26,0,BULL,76.04222091089296,HIGH,0.9577460130127567,0.3,3
NIFTYNEXT50,2019-12-27,0,BULL,79.080108624295,HIGH,0.958287266061357,0.4,4
NIFTYNEXT50,2019-12-30,0,BULL,82.08035821525193,HIGH,0.9582908316464562,0.5,5
NIFTYNEXT50,2019-12-31,0,BULL,85.08023227767056,HIGH,0.9582890325381509,0.6,6
NIFTYNEXT50,2020-01-01,0,BULL,88.0803254211061,HIGH,0.9582903631586587,0.7,7
NIFTYNEXT50,2020-01-02,0,BULL,91.08040871741154,HIGH,0.9582915531058793,0.8,8
NIFTYNEXT50,2020-01-03,0,BULL,94.07986459723976,HIGH,0.958283779960568,0.9,9
NIFTYNEXT50,2020-01-06,1,BEAR,68.66289776292612,MODERATE,0.9380413966132303,0.1,1
NIFTYNEXT50,2020-01-07,1,BEAR,71.63275825935051,MODERATE,0.937610832276436,0.2,2
NIFTYNEXT50,2020-01-08,1,BEAR,74.6389754013734,MODERATE,0.9376996485910487,0.3,3
NIFTYNEXT50,2020-01-09,0,BULL,87.726591526382,HIGH,0.9532370218054571,0.7,1
NIFTYNEXT50,2020-01-10,0,BULL,88.02664351900428,HIGH,0.9575234788429183,0.7,2
NIFTYNEXT50,2020-01-13,0,BULL,88.07932824176177,HIGH,0.958276117739454,0.7,3
NIFTYNEXT50,2020-01-14,0,BULL,88.08015924953561,HIGH,0.9582879892790802,0.7,4
NIFTYNEXT50,2020-01-15,0,BULL,88.08037914064988,HIGH,0.9582911305807127,0.7,5
NIFTYNEXT50,2020-01-16,0,BULL,88.0803022105468,HIGH,0.9582900315792401,0.7,6
NIFTYNEXT50,2020-01-17,0,BULL,88.08123601037549,HIGH,0.9583033715767929,0.7,7
NIFTYNEXT50,2020-01-20,0,BULL,91.07945502373485,HIGH,0.9582779289104978,0.8,8
NIFTYNEXT50,2020-01-21,0,BULL,94.08027746575844,HIGH,0.9582896780822635,0.9,9
NIFTYNEXT50,2020-01-22,0,BULL,97.0606210761559,HIGH,0.9580088725165128,1.0,10
NIFTYNEXT50,2020-01-23,0,BULL,97.08039230795575,HIGH,0.9582913186850822,1.0,11
NIFTYNEXT50,2020-01-24,0,BULL,97.08044760078755,HIGH,0.9582921085826794,1.0,12
NIFTYNEXT50,2020-01-27,0,BULL,97.08035933425366,HIGH,0.9582908476321951,1.0,13
NIFTYNEXT50,2020-01-28,0,BULL,97.08020336551687,HIGH,0.9582886195073838,1.0,14
NIFTYNEXT50,2020-01-29,0,BULL,97.08026894270189,HIGH,0.9582895563243129,1.0,15
NIFTYNEXT50,2020-01-30,1,BEAR,69.13057354431206,MODERATE,0.944722479204458,0.1,1
NIFTYNEXT50,2020-01-31,1,BEAR,71.57902931374215,MODERATE,0.9368432759106025,0.2,2
NIFTYNEXT50,2020-02-03,1,BEAR,74.57681004434698,MODERATE,0.9368115720620999,0.3,3
NIFTYNEXT50,2020-02-04,1,BEAR,77.57677158750249,HIGH,0.936811022678607,0.4,4
NIFTYNEXT50,2020-02-05,1,BEAR,80.57934649488207,HIGH,0.936847807069744,0.5,5
NIFTYNEXT50,2020-02-06,1,BEAR,83.64378295200083,HIGH,0.9377683278857264,0.6,6
NIFTYNEXT50,2020-02-07,1,BEAR,87.32158544318935,HIGH,0.9474512206169908,0.7,7
NIFTYNEXT50,2020-02-10,0,BULL,75.83379884009791,HIGH,0.9547685548585417,0.3,1
NIFTYNEXT50,2020-02-11,0,BULL,75.90249050209513,HIGH,0.9557498643156448,0.3,2
NIFTYNEXT50,2020-02-12,0,BULL,75.85356652439812,HIGH,0.9550509503485447,0.3,3
NIFTYNEXT50,2020-02-13,0,BULL,78.49638107234104,HIGH,0.9499483010334434,0.4,4
NIFTYNEXT50,2020-02-14,2,SIDE,70.19285459482188,MODERATE,0.9598979227831698,0.1,1
NIFTYNEXT50,2020-02-17,2,SIDE,72.76305938498149,MODERATE,0.9537579912140212,0.2,2
NIFTYNEXT50,2020-02-18,1,BEAR,77.60992310995624,HIGH,0.9372846158565179,0.4,1
NIFTYNEXT50,2020-02-19,1,BEAR,78.50355081537877,HIGH,0.9500507259339825,0.4,2
NIFTYNEXT50,2020-02-20,0,BULL,82.06603075598994,HIGH,0.9580861536569993,0.5,1
NIFTYNEXT50,2020-02-24,1,BEAR,74.78466315136795,MODERATE,0.9397809021623993,0.3,1
NIFTYNEXT50,2020-02-25,1,BEAR,77.57744685884518,HIGH,0.936820669412074,0.4,2
NIFTYNEXT50,2020-02-26,1,BEAR,80.57672670905812,HIGH,0.9368103815579731,0.5,3
NIFTYNEXT50,2020-02-27,1,BEAR,83.57671975019811,HIGH,0.9368102821456875,0.6,4
NIFTYNEXT50,2020-02-28,1,BEAR,86.61803071026742,HIGH,0.9374004387181062,0.7,5
NIFTYNEXT50,2020-03-02,1,BEAR,89.58540705083816,HIGH,0.9369343864405453,0.8,6
NIFTYNEXT50,2020-03-03,1,BEAR,92.57721070600013,HIGH,0.9368172958000017,0.9,7
NIFTYNEXT50,2020-03-04,1,BEAR,92.57686851808312,HIGH,0.9368124074011874,0.9,8
NIFTYNEXT50,2020-03-05,1,BEAR,92.57674109419341,HIGH,0.9368105870599059,0.9,9
NIFTYNEXT50,2020-03-06,1,BEAR,95.57762911566579,HIGH,0.9368232730809397,1.0,10
NIFTYNEXT50,2020-03-09,2,SIDE,70.20410130251301,MODERATE,0.9600585900359002,0.1,1
NIFTYNEXT50,2020-03-11,2,SIDE,73.2159910730586,MODERATE,0.9602284439008372,0.2,2
NIFTYNEXT50,2020-03-12,2,SIDE,76.21633662253087,HIGH,0.9602333803218698,0.3,3
NIFTYNEXT50,2020-03-13,2,SIDE,79.21633662253087,HIGH,0.9602333803218698,0.4,4
NIFTYNEXT50,2020-03-16,2,SIDE,82.21633662253089,HIGH,0.9602333803218698,0.5,5
NIFTYNEXT50,2020-03-17,2,SIDE,85.21633662253087,HIGH,0.9602333803218698,0.6,6
NIFTYNEXT50,2020-03-18,2,SIDE,88.21633662253087,HIGH,0.9602333803218698,0.7,7
NIFTYNEXT50,2020-03-19,2,SIDE,91.21633662253087,HIGH,0.9602333803218698,0.8,8
NIFTYNEXT50,2020-03-20,2,SIDE,94.21633662253089,HIGH,0.9602333803218698,0.9,9
NIFTYNEXT50,2020-03-23,2,SIDE,97.21633662253089,HIGH,0.9602333803218698,1.0,10
NIFTYNEXT50,2020-03-24,2,SIDE,97.21633662253089,HIGH,0.9602333803218698,1.0,11
NIFTYNEXT50,2020-03-25,2,SIDE,97.21633662253089,HIGH,0.9602333803218698,1.0,12
NIFTYNEXT50,2020-03-26,2,SIDE,97.21633662253089,HIGH,0.9602333803218698,1.0,13
NIFTYNEXT50,2020-03-27,2,SIDE,97.21633662253089,HIGH,0.9602333803218698,1.0,14
NIFTYNEXT50,2020-03-30,2,SIDE,97.21633662253089,HIGH,0.9602333803218698,1.0,15
NIFTYNEXT50,2020-03-31,2,SIDE,97.21633662253089,HIGH,0.9602333803218698,1.0,16
NIFTYNEXT50,2020-04-01,2,SIDE,97.21633662253089,HIGH,0.9602333803218698,1.0,17
NIFTYNEXT50,2020-04-03,2,SIDE,97.21633662253089,HIGH,0.9602333803218698,1.0,18
NIFTYNEXT50,2020-04-07,2,SIDE,97.21633662253089,HIGH,0.9602333803218698,1.0,19
NIFTYNEXT50,2020-04-08,2,SIDE,97.21633662253089,HIGH,0.9602333803218698,1.0,20
NIFTYNEXT50,2020-04-09,2,SIDE,97.21633662253089,HIGH,0.9602333803218698,1.0,21
NIFTYNEXT50,2020-04-13,2,SIDE,97.21633662253089,HIGH,0.9602333803218698,1.0,22
NIFTYNEXT50,2020-04-15,2,SIDE,97.21633662253089,HIGH,0.9602333803218698,1.0,23
NIFTYNEXT50,2020-04-16,2,SIDE,97.21633662253089,HIGH,0.9602333803218698,1.0,24
NIFTYNEXT50,2020-04-17,2,SIDE,97.21633662253089,HIGH,0.9602333803218698,1.0,25
NIFTYNEXT50,2020-04-20,2,SIDE,97.21633662253089,HIGH,0.9602333803218698,1.0,26
NIFTYNEXT50,2020-04-21,2,SIDE,97.21633662253089,HIGH,0.9602333803218698,1.0,27
NIFTYNEXT50,2020-04-22,2,SIDE,97.21633662253089,HIGH,0.9602333803218698,1.0,28
NIFTYNEXT50,2020-04-23,2,SIDE,97.21633662253089,HIGH,0.9602333803218698,1.0,29
NIFTYNEXT50,2020-04-24,2,SIDE,97.21633624054755,HIGH,0.960233374864965,1.0,30
NIFTYNEXT50,2020-04-27,2,SIDE,97.21633661794573,HIGH,0.9602333802563675,1.0,31
NIFTYNEXT50,2020-04-28,2,SIDE,97.21633649829823,HIGH,0.9602333785471177,1.0,32
NIFTYNEXT50,2020-04-29,2,SIDE,97.21633453804057,HIGH,0.960233350543437,1.0,33
NIFTYNEXT50,2020-04-30,2,SIDE,97.21633653922395,HIGH,0.9602333791317708,1.0,34
NIFTYNEXT50,2020-05-04,2,SIDE,97.2163108744728,HIGH,0.9602330124924687,1.0,35
NIFTYNEXT50,2020-05-05,2,SIDE,97.20387955581454,HIGH,0.9600554222259221,1.0,36
NIFTYNEXT50,2020-05-06,2,SIDE,97.18499431817358,HIGH,0.9597856331167655,1.0,37
NIFTYNEXT50,2020-05-07,2,SIDE,97.14365191422203,HIGH,0.9591950273460289,1.0,38
NIFTYNEXT50,2020-05-08,1,BEAR,68.99448229548773,MODERATE,0.9427783185069676,0.1,1
NIFTYNEXT50,2020-05-11,1,BEAR,71.79291013508941,MODERATE,0.9398987162155632,0.2,2
NIFTYNEXT50,2020-05-12,1,BEAR,74.58344139980674,MODERATE,0.936906305711525,0.3,3
NIFTYNEXT50,2020-05-13,1,BEAR,77.61725444671471,HIGH,0.9373893492387817,0.4,4
NIFTYNEXT50,2020-05-14,1,BEAR,80.58378459124697,HIGH,0.9369112084463852,0.5,5
NIFTYNEXT50,2020-05-15,1,BEAR,83.5820536005397,HIGH,0.9368864800077099,0.6,6
NIFTYNEXT50,2020-05-18,1,BEAR,86.57802368615293,HIGH,0.9368289098021849,0.7,7
NIFTYNEXT50,2020-05-19,1,BEAR,89.57891751764313,HIGH,0.9368416788234734,0.8,8
NIFTYNEXT50,2020-05-20,1,BEAR,92.57840764104115,HIGH,0.9368343948720165,0.9,9
NIFTYNEXT50,2020-05-21,1,BEAR,95.58095634682617,HIGH,0.9368708049546598,1.0,10
NIFTYNEXT50,2020-05-22,1,BEAR,95.57856974391368,HIGH,0.9368367106273382,1.0,11
NIFTYNEXT50,2020-05-26,1,BEAR,95.59059367805807,HIGH,0.9370084811151154,1.0,12
NIFTYNEXT50,2020-05-27,1,BEAR,95.59711557311749,HIGH,0.9371016510445358,1.0,13
NIFTYNEXT50,2020-05-28,0,BULL,69.52724664497804,MODERATE,0.9503892377854005,0.1,1
NIFTYNEXT50,2020-05-29,2,SIDE,70.21632367829889,MODERATE,0.96023319540427,0.1,1
NIFTYNEXT50,2020-06-01,2,SIDE,73.21613558681128,MODERATE,0.9602305083830184,0.2,2
NIFTYNEXT50,2020-06-02,2,SIDE,76.20962999449212,HIGH,0.9601375713498874,0.3,3
NIFTYNEXT50,2020-06-03,2,SIDE,79.19325037824191,HIGH,0.9599035768320273,0.4,4
NIFTYNEXT50,2020-06-04,2,SIDE,82.15150260347728,HIGH,0.9593071800496755,0.5,5
NIFTYNEXT50,2020-06-05,2,SIDE,85.21610975576186,HIGH,0.9602301393680267,0.6,6
NIFTYNEXT50,2020-06-08,2,SIDE,88.2162864879523,HIGH,0.9602326641136044,0.7,7
NIFTYNEXT50,2020-06-09,2,SIDE,91.21338898402533,HIGH,0.9601912712003619,0.8,8
NIFTYNEXT50,2020-06-10,2,SIDE,94.16253792123885,HIGH,0.9594648274462694,0.9,9
NIFTYNEXT50,2020-06-11,0,BULL,70.11755124929134,MODERATE,0.958822160704162,0.1,1
NIFTYNEXT50,2020-06-12,0,BULL,73.08130997069426,MODERATE,0.9583044281527753,0.2,2
NIFTYNEXT50,2020-06-15,0,BULL,76.08045445144015,HIGH,0.9582922064491451,0.3,3
NIFTYNEXT50,2020-06-16,0,BULL,79.08044860931012,HIGH,0.9582921229901448,0.4,4
NIFTYNEXT50,2020-06-17,0,BULL,82.08044795867741,HIGH,0.9582921136953917,0.5,5
NIFTYNEXT50,2020-06-18,0,BULL,85.08044327807968,HIGH,0.9582920468297099,0.6,6
NIFTYNEXT50,2020-06-19,0,BULL,88.08044639465244,HIGH,0.958292091352178,0.7,7
NIFTYNEXT50,2020-06-22,0,BULL,91.08045277104951,HIGH,0.9582921824435645,0.8,8
NIFTYNEXT50,2020-06-23,0,BULL,94.08047823866347,HIGH,0.9582925462666211,0.9,9
NIFTYNEXT50,2020-06-24,0,BULL,97.08044963734717,HIGH,0.9582921376763882,1.0,10
NIFTYNEXT50,2020-06-25,0,BULL,97.08044662600747,HIGH,0.9582920946572496,1.0,11
NIFTYNEXT50,2020-06-26,0,BULL,97.08044653421032,HIGH,0.9582920933458621,1.0,12
NIFTYNEXT50,2020-06-29,0,BULL,97.08044479061748,HIGH,0.9582920684373928,1.0,13
NIFTYNEXT50,2020-06-30,0,BULL,97.08044468529653,HIGH,0.9582920669328078,1.0,14
NIFTYNEXT50,2020-07-01,0,BULL,97.08044848987967,HIGH,0.9582921212839952,1.0,15
NIFTYNEXT50,2020-07-02,0,BULL,97.0804488017762,HIGH,0.9582921257396599,1.0,16
NIFTYNEXT50,2020-07-03,0,BULL,97.08044913567684,HIGH,0.9582921305096691,1.0,17
NIFTYNEXT50,2020-07-06,0,BULL,97.08044915800984,HIGH,0.9582921308287121,1.0,18
NIFTYNEXT50,2020-07-07,0,BULL,97.08044916759417,HIGH,0.958292130965631,1.0,19
NIFTYNEXT50,2020-07-08,0,BULL,97.08044899699675,HIGH,0.958292128528525,1.0,20
NIFTYNEXT50,2020-07-09,0,BULL,97.08044886942292,HIGH,0.958292126706042,1.0,21
NIFTYNEXT50,2020-07-10,0,BULL,97.08044406318707,HIGH,0.9582920580455297,1.0,22
NIFTYNEXT50,2020-07-13,0,BULL,97.08042360860307,HIGH,0.9582917658371869,1.0,23
NIFTYNEXT50,2020-07-14,0,BULL,97.07974866168922,HIGH,0.9582821237384176,1.0,24
NIFTYNEXT50,2020-07-15,0,BULL,97.07479465826665,HIGH,0.9582113522609523,1.0,25
NIFTYNEXT50,2020-07-16,0,BULL,97.0779739897639,HIGH,0.9582567712823415,1.0,26
NIFTYNEXT50,2020-07-17,0,BULL,97.08044105449645,HIGH,0.9582920150642349,1.0,27
NIFTYNEXT50,2020-07-20,0,BULL,97.08044801181997,HIGH,0.958292114454571,1.0,28
NIFTYNEXT50,2020-07-21,0,BULL,97.08044776802123,HIGH,0.958292110971732,1.0,29
NIFTYNEXT50,2020-07-22,0,BULL,97.08040224203064,HIGH,0.9582914606004378,1.0,30
NIFTYNEXT50,2020-07-23,0,BULL,97.08044045793156,HIGH,0.9582920065418795,1.0,31
NIFTYNEXT50,2020-07-24,0,BULL,97.07602952048771,HIGH,0.9582289931498246,1.0,32
NIFTYNEXT50,2020-07-27,0,BULL,96.99387263173942,HIGH,0.9570553233105633,1.0,33
NIFTYNEXT50,2020-07-28,0,BULL,97.07008496004998,HIGH,0.9581440708578569,1.0,34
NIFTYNEXT50,2020-07-29,0,BULL,97.07896727144805,HIGH,0.9582709610206865,1.0,35
NIFTYNEXT50,2020-07-30,0,BULL,97.08015983277984,HIGH,0.9582879976111408,1.0,36
NIFTYNEXT50,2020-07-31,0,BULL,97.08041992403771,HIGH,0.9582917132005387,1.0,37
NIFTYNEXT50,2020-08-03,0,BULL,97.08041660840267,HIGH,0.9582916658343239,1.0,38
NIFTYNEXT50,2020-08-04,0,BULL,97.08044452340533,HIGH,0.9582920646200764,1.0,39
NIFTYNEXT50,2020-08-05,0,BULL,97.0804373174953,HIGH,0.9582919616785043,1.0,40
NIFTYNEXT50,2020-08-06,0,BULL,97.08044041087814,HIGH,0.9582920058696875,1.0,41
NIFTYNEXT50,2020-08-07,0,BULL,97.08043848289849,HIGH,0.9582919783271214,1.0,42
NIFTYNEXT50,2020-08-10,0,BULL,97.08044852592099,HIGH,0.9582921217988712,1.0,43
NIFTYNEXT50,2020-08-11,0,BULL,97.08044744192375,HIGH,0.9582921063131965,1.0,44
NIFTYNEXT50,2020-08-12,0,BULL,97.08044753773237,HIGH,0.9582921076818912,1.0,45
NIFTYNEXT50,2020-08-13,0,BULL,97.08044872629011,HIGH,0.9582921246612873,1.0,46
NIFTYNEXT50,2020-08-14,0,BULL,97.08044468474581,HIGH,0.9582920669249403,1.0,47
NIFTYNEXT50,2020-08-17,0,BULL,97.08044690878602,HIGH,0.9582920986969432,1.0,48
NIFTYNEXT50,2020-08-18,0,BULL,97.08044867511492,HIGH,0.9582921239302132,1.0,49
NIFTYNEXT50,2020-08-19,0,BULL,97.08044857885807,HIGH,0.9582921225551152,1.0,50
NIFTYNEXT50,2020-08-20,0,BULL,97.08044729348968,HIGH,0.9582921041927097,1.0,51
NIFTYNEXT50,2020-08-21,0,BULL,97.08044863215912,HIGH,0.958292123316559,1.0,52
NIFTYNEXT50,2020-08-24,0,BULL,97.08044809323017,HIGH,0.9582921156175741,1.0,53
NIFTYNEXT50,2020-08-25,0,BULL,97.0804481845528,HIGH,0.9582921169221829,1.0,54
NIFTYNEXT50,2020-08-26,0,BULL,97.08044715096493,HIGH,0.9582921021566418,1.0,55
NIFTYNEXT50,2020-08-27,0,BULL,97.08044811949507,HIGH,0.9582921159927869,1.0,56
NIFTYNEXT50,2020-08-28,0,BULL,97.08044848196886,HIGH,0.9582921211709837,1.0,57
NIFTYNEXT50,2020-08-31,1,BEAR,68.603995273895,MODERATE,0.9371999324842142,0.1,1
NIFTYNEXT50,2020-09-01,1,BEAR,71.57904681823813,MODERATE,0.9368435259748304,0.2,2
NIFTYNEXT50,2020-09-02,1,BEAR,74.61604909612397,MODERATE,0.9373721299446283,0.3,3
NIFTYNEXT50,2020-09-03,1,BEAR,78.2830730148475,HIGH,0.94690104306925,0.4,4
NIFTYNEXT50,2020-09-04,1,BEAR,80.57805979191217,HIGH,0.9368294255987454,0.5,5
NIFTYNEXT50,2020-09-07,1,BEAR,83.57685346270239,HIGH,0.9368121923243199,0.6,6
NIFTYNEXT50,2020-09-08,1,BEAR,86.57672675840266,HIGH,0.9368103822628951,0.7,7
NIFTYNEXT50,2020-09-09,1,BEAR,89.57671584344953,HIGH,0.9368102263349933,0.8,8
NIFTYNEXT50,2020-09-10,1,BEAR,92.57696982911853,HIGH,0.9368138547016933,0.9,9
NIFTYNEXT50,2020-09-11,1,BEAR,95.58032340384273,HIGH,0.936861762912039,1.0,10
NIFTYNEXT50,2020-09-14,1,BEAR,95.57862527520635,HIGH,0.9368375039315195,1.0,11
NIFTYNEXT50,2020-09-15,1,BEAR,95.60721985586468,HIGH,0.9372459979409242,1.0,12
NIFTYNEXT50,2020-09-16,1,BEAR,95.67510472793673,HIGH,0.9382157818276674,1.0,13
NIFTYNEXT50,2020-09-17,1,BEAR,95.59579556363755,HIGH,0.9370827937662509,1.0,14
NIFTYNEXT50,2020-09-18,0,BULL,69.4586289557259,MODERATE,0.9494089850817986,0.1,1
NIFTYNEXT50,2020-09-21,1,BEAR,92.57725646443285,HIGH,0.936817949491898,0.9,1
NIFTYNEXT50,2020-09-22,1,BEAR,92.57674230623022,HIGH,0.9368106043747175,0.9,2
NIFTYNEXT50,2020-09-23,1,BEAR,92.57673200618906,HIGH,0.9368104572312722,0.9,3
NIFTYNEXT50,2020-09-24,1,BEAR,92.5774894829709,HIGH,0.9368212783281558,0.9,4
NIFTYNEXT50,2020-09-25,1,BEAR,92.5779361412782,HIGH,0.9368276591611171,0.9,5
NIFTYNEXT50,2020-09-28,1,BEAR,92.5784010062377,HIGH,0.9368343000891101,0.9,6
NIFTYNEXT50,2020-09-29,1,BEAR,92.57762832745054,HIGH,0.936823261820722,0.9,7
NIFTYNEXT50,2020-09-30,1,BEAR,92.58159758928709,HIGH,0.9368799655612441,0.9,8
NIFTYNEXT50,2020-10-01,1,BEAR,92.60085381720148,HIGH,0.9371550545314496,0.9,9
NIFTYNEXT50,2020-10-05,1,BEAR,95.65019293008419,HIGH,0.9378598990012028,1.0,10
NIFTYNEXT50,2020-10-06,1,BEAR,95.70626065253116,HIGH,0.9386608664647308,1.0,11
NIFTYNEXT50,2020-10-07,1,BEAR,95.62598202626005,HIGH,0.9375140289465723,1.0,12
NIFTYNEXT50,2020-10-08,1,BEAR,95.74144218440344,HIGH,0.9391634597771921,1.0,13
NIFTYNEXT50,2020-10-09,1,BEAR,95.6823377414771,HIGH,0.9383191105925299,1.0,14
NIFTYNEXT50,2020-10-12,1,BEAR,95.84299951595219,HIGH,0.9406142787993171,1.0,15
NIFTYNEXT50,2020-10-13,1,BEAR,96.02759436407588,HIGH,0.943251348058227,1.0,16
NIFTYNEXT50,2020-10-14,0,BULL,69.96663272037621,MODERATE,0.9566661817196602,0.1,1
NIFTYNEXT50,2020-10-15,0,BULL,72.39296803021043,MODERATE,0.948470971860149,0.2,2
NIFTYNEXT50,2020-10-16,0,BULL,75.66908355677799,HIGH,0.9524154793825429,0.3,3
NIFTYNEXT50,2020-10-19,0,BULL,78.90305765406018,HIGH,0.955757966486574,0.4,4
NIFTYNEXT50,2020-10-20,0,BULL,82.07190047368812,HIGH,0.9581700067669732,0.5,5
NIFTYNEXT50,2020-10-21,0,BULL,85.06592231335613,HIGH,0.9580846044765162,0.6,6
NIFTYNEXT50,2020-10-22,0,BULL,88.01442291752562,HIGH,0.9573488988217947,0.7,7
NIFTYNEXT50,2020-10-23,0,BULL,91.03535118588955,HIGH,0.9576478740841367,0.8,8
NIFTYNEXT50,2020-10-26,1,BEAR,71.64929171049761,MODERATE,0.9378470244356801,0.2,1
NIFTYNEXT50,2020-10-27,1,BEAR,71.877044012506,MODERATE,0.9411006287500858,0.2,2
NIFTYNEXT50,2020-10-28,1,BEAR,74.60302357216538,MODERATE,0.9371860510309342,0.3,3
NIFTYNEXT50,2020-10-29,1,BEAR,77.6522904573382,HIGH,0.93788986367626,0.4,4
NIFTYNEXT50,2020-10-30,1,BEAR,80.74820967848252,HIGH,0.939260138264036,0.5,5
NIFTYNEXT50,2020-11-02,0,BULL,81.48331768351794,HIGH,0.9497616811931135,0.5,1
NIFTYNEXT50,2020-11-03,0,BULL,82.0450629096575,HIGH,0.9577866129951073,0.5,2
NIFTYNEXT50,2020-11-04,0,BULL,82.08037972940204,HIGH,0.9582911389914578,0.5,3
NIFTYNEXT50,2020-11-05,0,BULL,82.08044707954201,HIGH,0.9582921011363146,0.5,4
NIFTYNEXT50,2020-11-06,0,BULL,82.08044729732636,HIGH,0.9582921042475195,0.5,5
NIFTYNEXT50,2020-11-09,0,BULL,85.08044919611741,HIGH,0.9582921313731061,0.6,6
NIFTYNEXT50,2020-11-10,0,BULL,88.08044800654619,HIGH,0.9582921143792313,0.7,7
NIFTYNEXT50,2020-11-11,0,BULL,91.08044912759505,HIGH,0.9582921303942149,0.8,8
NIFTYNEXT50,2020-11-12,0,BULL,94.08044900749812,HIGH,0.9582921286785446,0.9,9
NIFTYNEXT50,2020-11-13,0,BULL,97.08044956843919,HIGH,0.9582921366919888,1.0,10
NIFTYNEXT50,2020-11-17,0,BULL,97.08045515158084,HIGH,0.9582922164511548,1.0,11
NIFTYNEXT50,2020-11-18,0,BULL,97.0804549988496,HIGH,0.9582922142692802,1.0,12
NIFTYNEXT50,2020-11-19,0,BULL,97.08044972372511,HIGH,0.9582921389103588,1.0,13
NIFTYNEXT50,2020-11-20,0,BULL,97.08045347328837,HIGH,0.9582921924755483,1.0,14
NIFTYNEXT50,2020-11-23,0,BULL,97.0804571435691,HIGH,0.9582922449081301,1.0,15
NIFTYNEXT50,2020-11-24,0,BULL,97.08045608537795,HIGH,0.9582922297911135,1.0,16
NIFTYNEXT50,2020-11-25,0,BULL,97.0804511953119,HIGH,0.9582921599330271,1.0,17
NIFTYNEXT50,2020-11-26,0,BULL,97.08044931112802,HIGH,0.9582921330161147,1.0,18
NIFTYNEXT50,2020-11-27,0,BULL,97.08045056655774,HIGH,0.958292150950825,1.0,19
NIFTYNEXT50,2020-12-01,0,BULL,97.080453014091,HIGH,0.958292185915586,1.0,20
NIFTYNEXT50,2020-12-02,0,BULL,97.08045818205105,HIGH,0.9582922597435866,1.0,21
NIFTYNEXT50,2020-12-03,0,BULL,97.0804795396742,HIGH,0.9582925648524887,1.0,22
NIFTYNEXT50,2020-12-04,0,BULL,97.08046390085849,HIGH,0.9582923414408357,1.0,23
NIFTYNEXT50,2020-12-07,0,BULL,97.08049159106503,HIGH,0.9582927370152146,1.0,24
NIFTYNEXT50,2020-12-08,0,BULL,97.0804692046334,HIGH,0.9582924172090486,1.0,25
NIFTYNEXT50,2020-12-09,0,BULL,97.08045468838316,HIGH,0.9582922098340452,1.0,26
NIFTYNEXT50,2020-12-10,0,BULL,97.08045269040267,HIGH,0.9582921812914665,1.0,27
NIFTYNEXT50,2020-12-11,0,BULL,97.08045151899532,HIGH,0.958292164557076,1.0,28
NIFTYNEXT50,2020-12-14,0,BULL,97.0804511505889,HIGH,0.958292159294127,1.0,29
NIFTYNEXT50,2020-12-15,0,BULL,97.08044980666601,HIGH,0.9582921400952289,1.0,30
NIFTYNEXT50,2020-12-16,0,BULL,97.0804532091696,HIGH,0.9582921887024229,1.0,31
NIFTYNEXT50,2020-12-17,0,BULL,97.08044990349376,HIGH,0.9582921414784823,1.0,32
NIFTYNEXT50,2020-12-18,0,BULL,97.08044957049341,HIGH,0.9582921367213346,1.0,33
NIFTYNEXT50,2020-12-21,1,BEAR,68.78440895670252,MODERATE,0.9397772708100359,0.1,1
NIFTYNEXT50,2020-12-22,0,BULL,93.98537585805565,HIGH,0.9569339408293664,0.9,1
NIFTYNEXT50,2020-12-23,0,BULL,94.0803215837645,HIGH,0.9582903083394929,0.9,2
NIFTYNEXT50,2020-12-24,0,BULL,94.08043025399148,HIGH,0.9582918607713069,0.9,3
NIFTYNEXT50,2020-12-28,0,BULL,94.08044081409392,HIGH,0.9582920116299132,0.9,4
NIFTYNEXT50,2020-12-29,0,BULL,94.0804307526354,HIGH,0.9582918678947914,0.9,5
NIFTYNEXT50,2020-12-30,0,BULL,94.08044172542546,HIGH,0.9582920246489351,0.9,6
NIFTYNEXT50,2020-12-31,0,BULL,94.08043593460043,HIGH,0.9582919419228633,0.9,7
NIFTYNEXT50,2021-01-01,0,BULL,94.08044595315152,HIGH,0.9582920850450218,0.9,8
NIFTYNEXT50,2021-01-04,0,BULL,94.08045452704377,HIGH,0.9582922075291966,0.9,9
NIFTYNEXT50,2021-01-05,0,BULL,97.08050192787393,HIGH,0.958292884683913,1.0,10
NIFTYNEXT50,2021-01-06,0,BULL,97.08045649634549,HIGH,0.9582922356620784,1.0,11
NIFTYNEXT50,2021-01-07,0,BULL,97.0804533407421,HIGH,0.9582921905820299,1.0,12
NIFTYNEXT50,2021-01-08,0,BULL,97.08052014473523,HIGH,0.958293144924789,1.0,13
NIFTYNEXT50,2021-01-11,0,BULL,97.08057134402333,HIGH,0.9582938763431903,1.0,14
NIFTYNEXT50,2021-01-12,0,BULL,97.08048990008177,HIGH,0.9582927128583111,1.0,15
NIFTYNEXT50,2021-01-13,0,BULL,97.08045591145849,HIGH,0.9582922273065497,1.0,16
NIFTYNEXT50,2021-01-14,0,BULL,97.0804514065457,HIGH,0.9582921629506531,1.0,17
NIFTYNEXT50,2021-01-15,0,BULL,97.08044185500835,HIGH,0.9582920265001192,1.0,18
NIFTYNEXT50,2021-01-18,0,BULL,97.06232528309829,HIGH,0.9580332183299756,1.0,19
NIFTYNEXT50,2021-01-19,0,BULL,97.08040590479794,HIGH,0.9582915129256848,1.0,20
NIFTYNEXT50,2021-01-20,0,BULL,97.0804403564673,HIGH,0.9582920050923901,1.0,21
NIFTYNEXT50,2021-01-21,0,BULL,97.07975515104665,HIGH,0.9582822164435237,1.0,22
NIFTYNEXT50,2021-01-22,0,BULL,97.0448577295337,HIGH,0.9577836818504816,1.0,23
NIFTYNEXT50,2021-01-25,1,BEAR,69.03410452115305,MODERATE,0.9433443503021864,0.1,1
NIFTYNEXT50,2021-01-27,1,BEAR,71.57687717997057,MODERATE,0.9368125311424368,0.2,2
NIFTYNEXT50,2021-01-28,1,BEAR,74.57674101162716,MODERATE,0.9368105858803881,0.3,3
NIFTYNEXT50,2021-01-29,1,BEAR,77.57712682218495,HIGH,0.9368160974597851,0.4,4
NIFTYNEXT50,2021-02-01,1,BEAR,80.57784712021136,HIGH,0.9368263874315909,0.5,5
NIFTYNEXT50,2021-02-02,1,BEAR,83.57923274082076,HIGH,0.9368461820117252,0.6,6
NIFTYNEXT50,2021-02-03,1,BEAR,86.61051835524094,HIGH,0.937293119360585,0.7,7
NIFTYNEXT50,2021-02-04,0,BULL,75.53969131957282,HIGH,0.9505670188510404,0.3,1
NIFTYNEXT50,2021-02-05,0,BULL,75.89543411995267,HIGH,0.9556490588564668,0.3,2
NIFTYNEXT50,2021-02-08,0,BULL,76.07761860719611,HIGH,0.9582516943885161,0.3,3
NIFTYNEXT50,2021-02-09,0,BULL,79.07941674644562,HIGH,0.9582773820920804,0.4,4
NIFTYNEXT50,2021-02-10,0,BULL,82.07924702456098,HIGH,0.9582749574937284,0.5,5
NIFTYNEXT50,2021-02-11,0,BULL,85.08030893764715,HIGH,0.9582901276806738,0.6,6
NIFTYNEXT50,2021-02-12,0,BULL,88.0804098710965,HIGH,0.9582915695870932,0.7,7
NIFTYNEXT50,2021-02-15,0,BULL,91.08044825477309,HIGH,0.9582921179253298,0.8,8
NIFTYNEXT50,2021-02-16,0,BULL,94.08044940032482,HIGH,0.9582921342903548,0.9,9
NIFTYNEXT50,2021-02-17,0,BULL,97.08045038153901,HIGH,0.9582921483077003,1.0,10
NIFTYNEXT50,2021-02-18,0,BULL,97.08045368979523,HIGH,0.9582921955685035,1.0,11
NIFTYNEXT50,2021-02-19,0,BULL,97.08045245516941,HIGH,0.9582921779309916,1.0,12
NIFTYNEXT50,2021-02-22,0,BULL,97.07498978317966,HIGH,0.9582141397597095,1.0,13
NIFTYNEXT50,2021-02-23,0,BULL,97.08021063464996,HIGH,0.9582887233521422,1.0,14
NIFTYNEXT50,2021-02-24,0,BULL,97.08033831360991,HIGH,0.9582905473372846,1.0,15
NIFTYNEXT50,2021-02-25,0,BULL,97.08042875883929,HIGH,0.9582918394119899,1.0,16
NIFTYNEXT50,2021-02-26,1,BEAR,68.98436464827034,MODERATE,0.9426337806895764,0.1,1
NIFTYNEXT50,2021-03-01,0,BULL,93.78695528229287,HIGH,0.9540993611756124,0.9,1
NIFTYNEXT50,2021-03-02,0,BULL,94.07908810981105,HIGH,0.958272687283015,0.9,2
NIFTYNEXT50,2021-03-03,0,BULL,94.08042958632822,HIGH,0.9582918512332602,0.9,3
NIFTYNEXT50,2021-03-04,0,BULL,94.08043715718654,HIGH,0.9582919593883791,0.9,4
NIFTYNEXT50,2021-03-05,0,BULL,94.07031369032153,HIGH,0.9581473384331647,0.9,5
NIFTYNEXT50,2021-03-08,0,BULL,94.07601421440076,HIGH,0.9582287744914395,0.9,6
NIFTYNEXT50,2021-03-09,0,BULL,93.9929550711906,HIGH,0.9570422153027229,0.9,7
NIFTYNEXT50,2021-03-10,0,BULL,94.0525926952656,HIGH,0.9578941813609372,0.9,8
NIFTYNEXT50,2021-03-12,0,BULL,93.73472232999046,HIGH,0.9533531761427209,0.9,9
NIFTYNEXT50,2021-03-15,1,BEAR,69.12814687132145,MODERATE,0.9446878124474493,0.1,1
NIFTYNEXT50,2021-03-16,1,BEAR,72.07308121456364,MODERATE,0.9439011602080519,0.2,2
NIFTYNEXT50,2021-03-17,1,BEAR,74.5768084869231,MODERATE,0.9368115498131871,0.3,3
NIFTYNEXT50,2021-03-18,1,BEAR,77.5767086981441,HIGH,0.9368101242592015,0.4,4
NIFTYNEXT50,2021-03-19,1,BEAR,80.57697413493634,HIGH,0.9368139162133763,0.5,5
NIFTYNEXT50,2021-03-22,1,BEAR,83.57952954673922,HIGH,0.9368504220962747,0.6,6
NIFTYNEXT50,2021-03-23,1,BEAR,86.59858199530156,HIGH,0.9371225999328796,0.7,7
NIFTYNEXT50,2021-03-24,1,BEAR,89.576735067855,HIGH,0.9368105009693571,0.8,8
NIFTYNEXT50,2021-03-25,1,BEAR,92.5768015723668,HIGH,0.9368114510338116,0.9,9
NIFTYNEXT50,2021-03-26,1,BEAR,95.57673922442777,HIGH,0.9368105603489684,1.0,10
NIFTYNEXT50,2021-03-30,1,BEAR,95.57678158845795,HIGH,0.9368111655493992,1.0,11
NIFTYNEXT50,2021-03-31,1,BEAR,95.5769978573139,HIGH,0.9368142551044844,1.0,12
NIFTYNEXT50,2021-04-01,1,BEAR,95.58849062401065,HIGH,0.9369784374858664,1.0,13
NIFTYNEXT50,2021-04-05,1,BEAR,95.57843246001265,HIGH,0.9368347494287522,1.0,14
NIFTYNEXT50,2021-04-06,1,BEAR,95.65973040593994,HIGH,0.937996148656285,1.0,15
NIFTYNEXT50,2021-04-07,0,BULL,69.3814092086339,MODERATE,0.948305845837627,0.1,1
NIFTYNEXT50,2021-04-08,0,BULL,73.07610187840761,MODERATE,0.9582300268343943,0.2,2
NIFTYNEXT50,2021-04-09,0,BULL,76.08039808028606,HIGH,0.9582914011469439,0.3,3
NIFTYNEXT50,2021-04-12,1,BEAR,86.80253215898416,HIGH,0.940036173699774,0.7,1
NIFTYNEXT50,2021-04-13,1,BEAR,86.57997995825399,HIGH,0.9368568565464855,0.7,2
NIFTYNEXT50,2021-04-15,1,BEAR,86.57709404577218,HIGH,0.936815629225317,0.7,3
NIFTYNEXT50,2021-04-16,1,BEAR,86.58451182518205,HIGH,0.9369215975026008,0.7,4
NIFTYNEXT50,2021-04-19,1,BEAR,86.5772338146197,HIGH,0.9368176259231388,0.7,5
NIFTYNEXT50,2021-04-20,1,BEAR,86.57746690493599,HIGH,0.9368209557848,0.7,6
NIFTYNEXT50,2021-04-22,1,BEAR,86.57743949349343,HIGH,0.9368205641927634,0.7,7
NIFTYNEXT50,2021-04-23,1,BEAR,89.57764538073705,HIGH,0.9368235054391008,0.8,8
NIFTYNEXT50,2021-04-26,1,BEAR,92.57833908387279,HIGH,0.936833415483897,0.9,9
NIFTYNEXT50,2021-04-27,1,BEAR,95.60305198768233,HIGH,0.9371864569668906,1.0,10
NIFTYNEXT50,2021-04-28,1,BEAR,95.68764284224696,HIGH,0.9383948977463852,1.0,11
NIFTYNEXT50,2021-04-29,1,BEAR,95.65031864737148,HIGH,0.9378616949624499,1.0,12
NIFTYNEXT50,2021-04-30,1,BEAR,95.58196797748377,HIGH,0.9368852568211968,1.0,13
NIFTYNEXT50,2021-05-03,1,BEAR,95.61117121031376,HIGH,0.9373024458616251,1.0,14
NIFTYNEXT50,2021-05-04,0,BULL,70.07782942984505,MODERATE,0.9582547061406436,0.1,1
NIFTYNEXT50,2021-05-05,0,BULL,73.08041590703951,MODERATE,0.9582916558148503,0.2,2
NIFTYNEXT50,2021-05-06,0,BULL,76.08042619157726,HIGH,0.9582918027368182,0.3,3
NIFTYNEXT50,2021-05-07,0,BULL,79.08042409016471,HIGH,0.9582917727166389,0.4,4
NIFTYNEXT50,2021-05-10,0,BULL,82.08045227548946,HIGH,0.9582921753641351,0.5,5
NIFTYNEXT50,2021-05-11,0,BULL,85.08045116297494,HIGH,0.9582921594710706,0.6,6
NIFTYNEXT50,2021-05-12,0,BULL,88.08044955882504,HIGH,0.9582921365546434,0.7,7
NIFTYNEXT50,2021-05-14,0,BULL,91.08042982758039,HIGH,0.9582918546797199,0.8,8
NIFTYNEXT50,2021-05-17,0,BULL,94.08044829599646,HIGH,0.9582921185142351,0.9,9
NIFTYNEXT50,2021-05-18,0,BULL,97.08044902102783,HIGH,0.9582921288718265,1.0,10
NIFTYNEXT50,2021-05-19,0,BULL,97.08044898802999,HIGH,0.9582921284004285,1.0,11
NIFTYNEXT50,2021-05-20,0,BULL,97.08044897368111,HIGH,0.9582921281954445,1.0,12
NIFTYNEXT50,2021-05-21,0,BULL,97.08044898970975,HIGH,0.9582921284244252,1.0,13
NIFTYNEXT50,2021-05-24,0,BULL,97.08044916853645,HIGH,0.958292130979092,1.0,14
NIFTYNEXT50,2021-05-25,0,BULL,97.0804489512382,HIGH,0.9582921278748314,1.0,15
NIFTYNEXT50,2021-05-26,0,BULL,97.08044880508294,HIGH,0.9582921257868992,1.0,16
NIFTYNEXT50,2021-05-27,0,BULL,97.08044927752937,HIGH,0.9582921325361338,1.0,17
NIFTYNEXT50,2021-05-28,0,BULL,97.08044882015527,HIGH,0.9582921260022181,1.0,18
NIFTYNEXT50,2021-05-31,0,BULL,97.080448932933,HIGH,0.9582921276133286,1.0,19
NIFTYNEXT50,2021-06-01,0,BULL,97.0804487700768,HIGH,0.9582921252868115,1.0,20
NIFTYNEXT50,2021-06-02,0,BULL,97.08045276459659,HIGH,0.9582921823513799,1.0,21
NIFTYNEXT50,2021-06-03,0,BULL,97.08045148020533,HIGH,0.9582921640029333,1.0,22
NIFTYNEXT50,2021-06-04,0,BULL,97.08045082663317,HIGH,0.9582921546661883,1.0,23
NIFTYNEXT50,2021-06-07,0,BULL,97.08045179813598,HIGH,0.9582921685447999,1.0,24
NIFTYNEXT50,2021-06-08,0,BULL,97.08045006581607,HIGH,0.9582921437973726,1.0,25
NIFTYNEXT50,2021-06-09,0,BULL,97.08044923571823,HIGH,0.958292131938832,1.0,26
NIFTYNEXT50,2021-06-10,0,BULL,97.08044966861375,HIGH,0.9582921381230537,1.0,27
NIFTYNEXT50,2021-06-11,0,BULL,97.08044921199831,HIGH,0.9582921315999762,1.0,28
NIFTYNEXT50,2021-06-14,0,BULL,97.08044905067905,HIGH,0.9582921292954152,1.0,29
NIFTYNEXT50,2021-06-15,0,BULL,97.08044906656536,HIGH,0.9582921295223625,1.0,30
NIFTYNEXT50,2021-06-16,0,BULL,97.08044776281545,HIGH,0.9582921108973639,1.0,31
NIFTYNEXT50,2021-06-17,0,BULL,97.0803685703093,HIGH,0.9582909795758474,1.0,32
NIFTYNEXT50,2021-06-18,0,BULL,97.07916990324617,HIGH,0.9582738557606596,1.0,33
NIFTYNEXT50,2021-06-21,0,BULL,97.08036638309376,HIGH,0.9582909483299109,1.0,34
NIFTYNEXT50,2021-06-22,0,BULL,97.0803042738426,HIGH,0.9582900610548943,1.0,35
NIFTYNEXT50,2021-06-23,0,BULL,97.06007830525756,HIGH,0.9580011186465365,1.0,36
NIFTYNEXT50,2021-06-24,0,BULL,96.92915106072431,HIGH,0.9561307294389186,1.0,37
NIFTYNEXT50,2021-06-25,0,BULL,97.03345195188702,HIGH,0.9576207421698145,1.0,38
NIFTYNEXT50,2021-06-28,0,BULL,97.06217117370586,HIGH,0.9580310167672265,1.0,39
NIFTYNEXT50,2021-06-29,0,BULL,97.06446871650965,HIGH,0.9580638388072809,1.0,40
NIFTYNEXT50,2021-06-30,0,BULL,96.79035968160134,HIGH,0.954147995451448,1.0,41
NIFTYNEXT50,2021-07-01,0,BULL,96.71352996285623,HIGH,0.9530504280408034,1.0,42
NIFTYNEXT50,2021-07-02,0,BULL,96.37917178753274,HIGH,0.9482738826790392,1.0,43
NIFTYNEXT50,2021-07-05,0,BULL,96.66539947842278,HIGH,0.9523628496917541,1.0,44
NIFTYNEXT50,2021-07-06,0,BULL,96.95415381725398,HIGH,0.9564879116750569,1.0,45
NIFTYNEXT50,2021-07-07,0,BULL,97.07852182510324,HIGH,0.9582645975014749,1.0,46
NIFTYNEXT50,2021-07-08,0,BULL,97.07976399959328,HIGH,0.9582823428513327,1.0,47
NIFTYNEXT50,2021-07-09,0,BULL,97.07933126402011,HIGH,0.9582761609145729,1.0,48
NIFTYNEXT50,2021-07-12,0,BULL,97.07744913391264,HIGH,0.958249273341609,1.0,49
NIFTYNEXT50,2021-07-13,0,BULL,97.07930710926831,HIGH,0.9582758158466902,1.0,50
NIFTYNEXT50,2021-07-14,0,BULL,97.08029908093627,HIGH,0.9582899868705181,1.0,51
NIFTYNEXT50,2021-07-15,0,BULL,97.08019411709759,HIGH,0.9582884873871084,1.0,52
NIFTYNEXT50,2021-07-16,0,BULL,97.0803390844737,HIGH,0.9582905583496244,1.0,53
NIFTYNEXT50,2021-07-19,0,BULL,97.0760487939983,HIGH,0.95822926848569,1.0,54
NIFTYNEXT50,2021-07-20,0,BULL,97.04298273279971,HIGH,0.9577568961828531,1.0,55
NIFTYNEXT50,2021-07-22,0,BULL,97.08023389997769,HIGH,0.9582890557139672,1.0,56
NIFTYNEXT50,2021-07-23,0,BULL,97.08036910084385,HIGH,0.9582909871549123,1.0,57
NIFTYNEXT50,2021-07-26,0,BULL,97.08039007647815,HIGH,0.9582912868068308,1.0,58
NIFTYNEXT50,2021-07-27,0,BULL,97.07574402368444,HIGH,0.9582249146240636,1.0,59
NIFTYNEXT50,2021-07-28,0,BULL,97.07644817386208,HIGH,0.9582349739123155,1.0,60
NIFTYNEXT50,2021-07-29,0,BULL,97.07791771930087,HIGH,0.9582559674185841,1.0,61
NIFTYNEXT50,2021-07-30,0,BULL,97.07968322190939,HIGH,0.9582811888844197,1.0,62
NIFTYNEXT50,2021-08-02,0,BULL,97.08039133889876,HIGH,0.9582913048414109,1.0,63
NIFTYNEXT50,2021-08-03,0,BULL,97.08044485854602,HIGH,0.9582920694078002,1.0,64
NIFTYNEXT50,2021-08-04,0,BULL,97.08026895933837,HIGH,0.9582895565619767,1.0,65
NIFTYNEXT50,2021-08-05,0,BULL,97.07996324720611,HIGH,0.9582851892458016,1.0,66
NIFTYNEXT50,2021-08-06,0,BULL,97.08000043504697,HIGH,0.9582857205006711,1.0,67
NIFTYNEXT50,2021-08-09,0,BULL,97.07921340953914,HIGH,0.9582744772791304,1.0,68
NIFTYNEXT50,2021-08-10,0,BULL,97.07822349436988,HIGH,0.9582603356338555,1.0,69
NIFTYNEXT50,2021-08-11,0,BULL,97.00863698455689,HIGH,0.9572662426365269,1.0,70
NIFTYNEXT50,2021-08-12,0,BULL,97.04506372033943,HIGH,0.9577866245762775,1.0,71
NIFTYNEXT50,2021-08-13,0,BULL,97.05664482047376,HIGH,0.9579520688639108,1.0,72
NIFTYNEXT50,2021-08-16,0,BULL,97.07763356389488,HIGH,0.9582519080556412,1.0,73
NIFTYNEXT50,2021-08-17,0,BULL,97.079972275229,HIGH,0.9582853182175571,1.0,74
NIFTYNEXT50,2021-08-18,0,BULL,97.08034151062293,HIGH,0.9582905930088988,1.0,75
NIFTYNEXT50,2021-08-20,0,BULL,96.71026102051643,HIGH,0.9530037288645206,1.0,76
NIFTYNEXT50,2021-08-23,1,BEAR,68.7162174223196,MODERATE,0.9388031060331372,0.1,1
NIFTYNEXT50,2021-08-24,1,BEAR,71.66862279186081,MODERATE,0.9381231827408689,0.2,2
NIFTYNEXT50,2021-08-25,1,BEAR,75.1411601764548,HIGH,0.9448737168064972,0.3,3
NIFTYNEXT50,2021-08-26,0,BULL,87.96498035431458,HIGH,0.9566425764902083,0.7,1
NIFTYNEXT50,2021-08-27,0,BULL,88.08007264043411,HIGH,0.9582867520062016,0.7,2
NIFTYNEXT50,2021-08-30,0,BULL,88.08044751419072,HIGH,0.958292107345582,0.7,3
NIFTYNEXT50,2021-08-31,0,BULL,88.08044918687068,HIGH,0.9582921312410098,0.7,4
NIFTYNEXT50,2021-09-01,0,BULL,88.08044920364428,HIGH,0.9582921314806325,0.7,5
NIFTYNEXT50,2021-09-02,0,BULL,88.08045041892126,HIGH,0.9582921488417324,0.7,6
NIFTYNEXT50,2021-09-03,0,BULL,88.08045049904223,HIGH,0.9582921499863177,0.7,7
NIFTYNEXT50,2021-09-06,0,BULL,91.08044962416237,HIGH,0.9582921374880338,0.8,8
NIFTYNEXT50,2021-09-07,0,BULL,94.08044913761351,HIGH,0.9582921305373361,0.9,9
NIFTYNEXT50,2021-09-08,0,BULL,97.08044918059575,HIGH,0.958292131151368,1.0,10
NIFTYNEXT50,2021-09-09,0,BULL,97.08044952893835,HIGH,0.9582921361276909,1.0,11
NIFTYNEXT50,2021-09-13,0,BULL,97.08044967649141,HIGH,0.9582921382355916,1.0,12
NIFTYNEXT50,2021-09-14,0,BULL,97.08101634561679,HIGH,0.9583002335088114,1.0,13
NIFTYNEXT50,2021-09-15,0,BULL,97.08045317640554,HIGH,0.9582921882343649,1.0,14
NIFTYNEXT50,2021-09-16,0,BULL,97.0886429669531,HIGH,0.9584091852421872,1.0,15
NIFTYNEXT50,2021-09-17,0,BULL,97.08059700776887,HIGH,0.9582942429681269,1.0,16
NIFTYNEXT50,2021-09-20,0,BULL,97.08019491875322,HIGH,0.9582884988393316,1.0,17
NIFTYNEXT50,2021-09-21,0,BULL,97.08043762740405,HIGH,0.9582919661057724,1.0,18
NIFTYNEXT50,2021-09-22,0,BULL,97.08044178324108,HIGH,0.9582920254748728,1.0,19
NIFTYNEXT50,2021-09-23,0,BULL,97.08044636930151,HIGH,0.9582920909900217,1.0,20
NIFTYNEXT50,2021-09-24,0,BULL,97.08019188855586,HIGH,0.9582884555507979,1.0,21
NIFTYNEXT50,2021-09-27,0,BULL,97.08008297688124,HIGH,0.9582868996697322,1.0,22
NIFTYNEXT50,2021-09-28,0,BULL,97.07330817772113,HIGH,0.9581901168245878,1.0,23
NIFTYNEXT50,2021-09-29,0,BULL,97.01343915968673,HIGH,0.9573348451383817,1.0,24
NIFTYNEXT50,2021-09-30,0,BULL,96.86650326506134,HIGH,0.955235760929448,1.0,25
NIFTYNEXT50,2021-10-01,0,BULL,96.90240680029764,HIGH,0.9557486685756809,1.0,26
NIFTYNEXT50,2021-10-04,0,BULL,97.07294023033846,HIGH,0.9581848604334067,1.0,27
NIFTYNEXT50,2021-10-05,0,BULL,97.07970954254404,HIGH,0.9582815648934863,1.0,28
NIFTYNEXT50,2021-10-06,0,BULL,97.01257849619208,HIGH,0.9573225499456011,1.0,29
NIFTYNEXT50,2021-10-07,0,BULL,97.07858622159871,HIGH,0.9582655174514102,1.0,30
NIFTYNEXT50,2021-10-08,0,BULL,97.0802032507004,HIGH,0.9582886178671486,1.0,31
NIFTYNEXT50,2021-10-11,0,BULL,97.08032087210779,HIGH,0.9582902981729684,1.0,32
NIFTYNEXT50,2021-10-12,0,BULL,97.08040567565284,HIGH,0.9582915096521833,1.0,33
NIFTYNEXT50,2021-10-13,0,BULL,97.08043442588922,HIGH,0.9582919203698461,1.0,34
NIFTYNEXT50,2021-10-14,0,BULL,97.08044853926827,HIGH,0.9582921219895468,1.0,35
NIFTYNEXT50,2021-10-18,0,BULL,97.08046361762021,HIGH,0.9582923373945745,1.0,36
NIFTYNEXT50,2021-10-19,0,BULL,97.08042535368367,HIGH,0.9582917907669095,1.0,37
NIFTYNEXT50,2021-10-20,0,BULL,97.061810638668,HIGH,0.9580258662666861,1.0,38
NIFTYNEXT50,2021-10-21,0,BULL,97.05927625121397,HIGH,0.9579896607316284,1.0,39
NIFTYNEXT50,2021-10-22,1,BEAR,68.79419107183989,MODERATE,0.9399170153119984,0.1,1
NIFTYNEXT50,2021-10-25,1,BEAR,71.57678616957072,MODERATE,0.9368112309938675,0.2,2
NIFTYNEXT50,2021-10-26,1,BEAR,74.57773285289038,MODERATE,0.9368247550412911,0.3,3
NIFTYNEXT50,2021-10-27,1,BEAR,77.58547490886227,HIGH,0.9369353558408897,0.4,4
NIFTYNEXT50,2021-10-28,1,BEAR,80.57681590916043,HIGH,0.9368116558451489,0.5,5
NIFTYNEXT50,2021-10-29,1,BEAR,83.57673283228372,HIGH,0.9368104690326248,0.6,6
NIFTYNEXT50,2021-11-01,1,BEAR,86.57732316940674,HIGH,0.9368189024200964,0.7,7
NIFTYNEXT50,2021-11-02,1,BEAR,89.57731017684412,HIGH,0.9368187168120589,0.8,8
NIFTYNEXT50,2021-11-03,1,BEAR,92.57836108085405,HIGH,0.9368337297264865,0.9,9
NIFTYNEXT50,2021-11-04,1,BEAR,95.59600707994758,HIGH,0.9370858154278224,1.0,10
NIFTYNEXT50,2021-11-08,1,BEAR,95.6510394271216,HIGH,0.9378719918160231,1.0,11
NIFTYNEXT50,2021-11-09,1,BEAR,96.19051102358058,HIGH,0.945578728908294,1.0,12
NIFTYNEXT50,2021-11-10,0,BULL,70.0260107727778,MODERATE,0.9575144396111113,0.1,1
NIFTYNEXT50,2021-11-11,0,BULL,73.0737266308357,MODERATE,0.9581960947262242,0.2,2
NIFTYNEXT50,2021-11-12,0,BULL,76.0804337566636,HIGH,0.9582919108094802,0.3,3
NIFTYNEXT50,2021-11-15,0,BULL,79.08044774147875,HIGH,0.9582921105925537,0.4,4
NIFTYNEXT50,2021-11-16,0,BULL,82.0804408796038,HIGH,0.9582920125657686,0.5,5
NIFTYNEXT50,2021-11-17,0,BULL,85.08043453204604,HIGH,0.958291921886372,0.6,6
NIFTYNEXT50,2021-11-18,0,BULL,88.08000589939692,HIGH,0.9582857985628133,0.7,7
NIFTYNEXT50,2021-11-22,1,BEAR,75.03779333633537,HIGH,0.943397047661934,0.3,1
NIFTYNEXT50,2021-11-23,0,BULL,90.92019552574378,HIGH,0.9560027932249113,0.8,1
NIFTYNEXT50,2021-11-24,0,BULL,93.77907941449094,HIGH,0.9539868487784421,0.9,2
NIFTYNEXT50,2021-11-25,0,BULL,94.01683002446688,HIGH,0.9573832860638126,0.9,3
NIFTYNEXT50,2021-11-26,1,BEAR,71.5771782456577,MODERATE,0.9368168320808242,0.2,1
NIFTYNEXT50,2021-11-29,1,BEAR,74.57670229319969,MODERATE,0.9368100327599957,0.3,2
NIFTYNEXT50,2021-11-30,1,BEAR,77.57674576679321,HIGH,0.9368106538113316,0.4,3
NIFTYNEXT50,2021-12-01,1,BEAR,80.57670009861533,HIGH,0.9368100014087904,0.5,4
NIFTYNEXT50,2021-12-02,1,BEAR,83.576731074394,HIGH,0.9368104439199145,0.6,5
NIFTYNEXT50,2021-12-03,1,BEAR,86.5766993450757,HIGH,0.9368099906439386,0.7,6
NIFTYNEXT50,2021-12-06,1,BEAR,86.57675021668051,HIGH,0.9368107173811502,0.7,7
NIFTYNEXT50,2021-12-07,1,BEAR,89.57688864173906,HIGH,0.9368126948819867,0.8,8
NIFTYNEXT50,2021-12-08,1,BEAR,92.5768761776411,HIGH,0.9368125168234442,0.9,9
NIFTYNEXT50,2021-12-09,1,BEAR,95.58130921351471,HIGH,0.9368758459073531,1.0,10
NIFTYNEXT50,2021-12-10,1,BEAR,95.60028073114908,HIGH,0.937146867587844,1.0,11
NIFTYNEXT50,2021-12-13,1,BEAR,95.57850358983397,HIGH,0.9368357655690568,1.0,12
NIFTYNEXT50,2021-12-14,1,BEAR,95.5826504482755,HIGH,0.9368950064039356,1.0,13
NIFTYNEXT50,2021-12-15,1,BEAR,95.57689064603387,HIGH,0.9368127235147699,1.0,14
NIFTYNEXT50,2021-12-16,1,BEAR,95.57829108252496,HIGH,0.9368327297503566,1.0,15
NIFTYNEXT50,2021-12-17,1,BEAR,95.5768073346049,HIGH,0.9368115333514985,1.0,16
NIFTYNEXT50,2021-12-20,1,BEAR,95.57791913052449,HIGH,0.93682741615035,1.0,17
NIFTYNEXT50,2021-12-21,1,BEAR,95.57686233282728,HIGH,0.9368123190403898,1.0,18
NIFTYNEXT50,2021-12-22,1,BEAR,95.57678038293508,HIGH,0.9368111483276442,1.0,19
NIFTYNEXT50,2021-12-23,1,BEAR,95.57705002603649,HIGH,0.9368150003719501,1.0,20
NIFTYNEXT50,2021-12-24,1,BEAR,95.57677650504802,HIGH,0.9368110929292572,1.0,21
NIFTYNEXT50,2021-12-27,1,BEAR,95.57682443446814,HIGH,0.9368117776352592,1.0,22
NIFTYNEXT50,2021-12-28,1,BEAR,95.57724851759237,HIGH,0.9368178359656053,1.0,23
NIFTYNEXT50,2021-12-29,1,BEAR,95.57690278971826,HIGH,0.9368128969959753,1.0,24
NIFTYNEXT50,2021-12-30,1,BEAR,95.57671973245677,HIGH,0.9368102818922394,1.0,25
NIFTYNEXT50,2021-12-31,1,BEAR,95.57897774343604,HIGH,0.9368425391919437,1.0,26
NIFTYNEXT50,2022-01-03,1,BEAR,95.60031427416327,HIGH,0.937147346773761,1.0,27
NIFTYNEXT50,2022-01-04,1,BEAR,95.6521208408266,HIGH,0.9378874405832373,1.0,28
NIFTYNEXT50,2022-01-05,0,BULL,69.37066021702366,MODERATE,0.9481522888146237,0.1,1
NIFTYNEXT50,2022-01-06,0,BULL,72.95006787171236,MODERATE,0.9564295410244623,0.2,2
NIFTYNEXT50,2022-01-07,0,BULL,76.08035416467929,HIGH,0.9582907737811329,0.3,3
NIFTYNEXT50,2022-01-10,0,BULL,79.08041225833074,HIGH,0.9582916036904392,0.4,4
NIFTYNEXT50,2022-01-11,0,BULL,82.080321211174,HIGH,0.9582903030167715,0.5,5
NIFTYNEXT50,2022-01-12,0,BULL,85.0804020775856,HIGH,0.9582914582512231,0.6,6
NIFTYNEXT50,2022-01-13,0,BULL,88.0804481716759,HIGH,0.9582921167382271,0.7,7
NIFTYNEXT50,2022-01-14,0,BULL,91.08044834555982,HIGH,0.9582921192222832,0.8,8
NIFTYNEXT50,2022-01-17,0,BULL,94.0804485776925,HIGH,0.9582921225384642,0.9,9
NIFTYNEXT50,2022-01-18,0,BULL,97.07427348100843,HIGH,0.9582039068715492,1.0,10
NIFTYNEXT50,2022-01-19,0,BULL,97.08022654099044,HIGH,0.9582889505855778,1.0,11
NIFTYNEXT50,2022-01-20,0,BULL,97.07842162068768,HIGH,0.9582631660098239,1.0,12
NIFTYNEXT50,2022-01-21,1,BEAR,68.62148811824383,MODERATE,0.9374498302606262,0.1,1
NIFTYNEXT50,2022-01-24,1,BEAR,71.58558947051566,MODERATE,0.9369369924359381,0.2,2
NIFTYNEXT50,2022-01-25,1,BEAR,74.57674457392432,MODERATE,0.9368106367703475,0.3,3
NIFTYNEXT50,2022-01-27,1,BEAR,77.57720358229037,HIGH,0.9368171940327196,0.4,4
NIFTYNEXT50,2022-01-28,1,BEAR,80.57675637795569,HIGH,0.9368108053993671,0.5,5
NIFTYNEXT50,2022-01-31,1,BEAR,83.57671276635989,HIGH,0.9368101823765701,0.6,6
NIFTYNEXT50,2022-02-01,1,BEAR,86.57688409809239,HIGH,0.9368126299727485,0.7,7
NIFTYNEXT50,2022-02-02,1,BEAR,89.57784594487528,HIGH,0.9368263706410754,0.8,8
NIFTYNEXT50,2022-02-03,1,BEAR,92.57687084066556,HIGH,0.9368124405809366,0.9,9
NIFTYNEXT50,2022-02-04,1,BEAR,95.5768997878083,HIGH,0.9368128541115471,1.0,10
NIFTYNEXT50,2022-02-07,1,BEAR,95.57683344659071,HIGH,0.9368119063798676,1.0,11
NIFTYNEXT50,2022-02-08,1,BEAR,95.57676246668665,HIGH,0.9368108923812378,1.0,12
NIFTYNEXT50,2022-02-09,1,BEAR,95.57743560031702,HIGH,0.9368205085759574,1.0,13
NIFTYNEXT50,2022-02-10,1,BEAR,95.58023816834745,HIGH,0.9368605452621063,1.0,14
NIFTYNEXT50,2022-02-11,1,BEAR,95.57677672986938,HIGH,0.9368110961409912,1.0,15
NIFTYNEXT50,2022-02-14,1,BEAR,95.57837459734387,HIGH,0.9368339228191981,1.0,16
NIFTYNEXT50,2022-02-15,1,BEAR,95.57802972121488,HIGH,0.9368289960173554,1.0,17
NIFTYNEXT50,2022-02-16,1,BEAR,95.57715497995997,HIGH,0.936816499713714,1.0,18
NIFTYNEXT50,2022-02-17,1,BEAR,95.57729089737843,HIGH,0.9368184413911204,1.0,19
NIFTYNEXT50,2022-02-18,1,BEAR,95.57688680106371,HIGH,0.9368126685866244,1.0,20
NIFTYNEXT50,2022-02-21,1,BEAR,95.57684244147453,HIGH,0.9368120348782077,1.0,21
NIFTYNEXT50,2022-02-22,1,BEAR,95.57671311037872,HIGH,0.9368101872911246,1.0,22
NIFTYNEXT50,2022-02-23,1,BEAR,95.57671595118558,HIGH,0.9368102278740796,1.0,23
NIFTYNEXT50,2022-02-24,2,SIDE,70.21625359212624,MODERATE,0.9602321941732319,0.1,1
NIFTYNEXT50,2022-02-25,2,SIDE,73.21456153033469,MODERATE,0.9602080218619242,0.2,2
NIFTYNEXT50,2022-02-28,2,SIDE,76.06622099151247,HIGH,0.958088871307321,0.3,3
NIFTYNEXT50,2022-03-02,1,BEAR,87.25178374010657,HIGH,0.946454053430094,0.7,1
NIFTYNEXT50,2022-03-03,1,BEAR,86.64272854783111,HIGH,0.9377532649690161,0.7,2
NIFTYNEXT50,2022-03-04,1,BEAR,86.64423794818362,HIGH,0.9377748278311945,0.7,3
NIFTYNEXT50,2022-03-07,2,SIDE,78.48906234044357,HIGH,0.9498437477206224,0.4,1
NIFTYNEXT50,2022-03-08,2,SIDE,81.76458910266643,HIGH,0.9537798443238064,0.5,2
NIFTYNEXT50,2022-03-09,2,SIDE,84.73457530996595,HIGH,0.9533510758566566,0.6,3
NIFTYNEXT50,2022-03-10,2,SIDE,88.00942609195546,HIGH,0.9572775155993639,0.7,4
NIFTYNEXT50,2022-03-11,2,SIDE,88.04285883573237,HIGH,0.9577551262247482,0.7,5
NIFTYNEXT50,2022-03-14,2,SIDE,88.02314418747274,HIGH,0.9574734883924678,0.7,6
NIFTYNEXT50,2022-03-15,2,SIDE,87.56303903393115,HIGH,0.950900557627588,0.7,7
NIFTYNEXT50,2022-03-16,2,SIDE,91.03073908075979,HIGH,0.957581986867997,0.8,8
NIFTYNEXT50,2022-03-17,2,SIDE,94.2163364854737,HIGH,0.9602333783639101,0.9,9
NIFTYNEXT50,2022-03-21,2,SIDE,97.20796011926831,HIGH,0.9601137159895474,1.0,10
NIFTYNEXT50,2022-03-22,2,SIDE,97.20137874444679,HIGH,0.9600196963492398,1.0,11
NIFTYNEXT50,2022-03-23,2,SIDE,97.19851738015555,HIGH,0.959978819716508,1.0,12
NIFTYNEXT50,2022-03-24,2,SIDE,97.20737870029386,HIGH,0.9601054100041979,1.0,13
NIFTYNEXT50,2022-03-25,2,SIDE,97.21430543339815,HIGH,0.9602043633342593,1.0,14
NIFTYNEXT50,2022-03-28,2,SIDE,97.18359038041724,HIGH,0.9597655768631036,1.0,15
NIFTYNEXT50,2022-03-29,0,BULL,70.08297764424952,MODERATE,0.9583282520607075,0.1,1
NIFTYNEXT50,2022-03-30,0,BULL,73.08039126699839,MODERATE,0.9582913038142628,0.2,2
NIFTYNEXT50,2022-03-31,0,BULL,76.08010995732833,HIGH,0.9582872851046905,0.3,3
NIFTYNEXT50,2022-04-01,0,BULL,79.0804298433421,HIGH,0.9582918549048873,0.4,4
NIFTYNEXT50,2022-04-04,0,BULL,82.080451444467,HIGH,0.9582921634923857,0.5,5
NIFTYNEXT50,2022-04-05,0,BULL,85.08044945492306,HIGH,0.9582921350703295,0.6,6
NIFTYNEXT50,2022-04-06,0,BULL,88.08044917700198,HIGH,0.9582921311000283,0.7,7
NIFTYNEXT50,2022-04-07,0,BULL,91.08044883645225,HIGH,0.9582921262350322,0.8,8
NIFTYNEXT50,2022-04-08,0,BULL,94.08045272497988,HIGH,0.9582921817854269,0.9,9
NIFTYNEXT50,2022-04-11,0,BULL,97.08045421428044,HIGH,0.9582922030611493,1.0,10
NIFTYNEXT50,2022-04-12,0,BULL,97.08044962099818,HIGH,0.958292137442831,1.0,11
NIFTYNEXT50,2022-04-13,0,BULL,97.08044899971947,HIGH,0.9582921285674211,1.0,12
NIFTYNEXT50,2022-04-18,0,BULL,97.08044887335316,HIGH,0.9582921267621881,1.0,13
NIFTYNEXT50,2022-04-19,0,BULL,97.08006251396225,HIGH,0.9582866073423179,1.0,14
NIFTYNEXT50,2022-04-20,0,BULL,97.08043545078115,HIGH,0.9582919350111593,1.0,15
NIFTYNEXT50,2022-04-21,0,BULL,97.08044695891331,HIGH,0.9582920994130474,1.0,16
NIFTYNEXT50,2022-04-22,0,BULL,97.08040554777682,HIGH,0.9582915078253832,1.0,17
NIFTYNEXT50,2022-04-25,0,BULL,96.47899311531948,HIGH,0.9496999016474212,1.0,18
NIFTYNEXT50,2022-04-26,0,BULL,97.03220067271343,HIGH,0.957602866753049,1.0,19
NIFTYNEXT50,2022-04-27,0,BULL,96.6759133642003,HIGH,0.9525130480600043,1.0,20
NIFTYNEXT50,2022-04-28,0,BULL,97.03157984217017,HIGH,0.9575939977452881,1.0,21
NIFTYNEXT50,2022-04-29,0,BULL,96.36543853637592,HIGH,0.9480776933767987,1.0,22
NIFTYNEXT50,2022-05-02,1,BEAR,68.6264416016611,MODERATE,0.9375205943094442,0.1,1
NIFTYNEXT50,2022-05-04,1,BEAR,71.57710443783473,MODERATE,0.9368157776833533,0.2,2
NIFTYNEXT50,2022-05-05,1,BEAR,74.57673002267519,MODERATE,0.93681042889536,0.3,3
NIFTYNEXT50,2022-05-06,1,BEAR,77.5772161832023,HIGH,0.9368173740457472,0.4,4
NIFTYNEXT50,2022-05-09,1,BEAR,80.5785929345528,HIGH,0.936837041922183,0.5,5
NIFTYNEXT50,2022-05-10,1,BEAR,83.63496822615994,HIGH,0.9376424032308566,0.6,6
NIFTYNEXT50,2022-05-11,1,BEAR,86.66195003820316,HIGH,0.9380278576886167,0.7,7
NIFTYNEXT50,2022-05-12,2,SIDE,70.21182360328635,MODERATE,0.9601689086183764,0.1,1
NIFTYNEXT50,2022-05-13,2,SIDE,73.21581927096244,MODERATE,0.9602259895851776,0.2,2
NIFTYNEXT50,2022-05-16,2,SIDE,76.18013480464944,HIGH,0.9597162114949922,0.3,3
NIFTYNEXT50,2022-05-17,2,SIDE,78.85198916026488,HIGH,0.9550284165752126,0.4,4
NIFTYNEXT50,2022-05-18,1,BEAR,83.67455079684561,HIGH,0.9382078685263658,0.6,1
NIFTYNEXT50,2022-05-19,1,BEAR,83.80709491430633,HIGH,0.9401013559186618,0.6,2
NIFTYNEXT50,2022-05-20,1,BEAR,83.59640496901557,HIGH,0.9370914995573655,0.6,3
NIFTYNEXT50,2022-05-23,1,BEAR,83.58220664104113,HIGH,0.9368886663005874,0.6,4
NIFTYNEXT50,2022-05-24,1,BEAR,83.59552898606329,HIGH,0.93707898551519,0.6,5
NIFTYNEXT50,2022-05-25,1,BEAR,83.59321935379403,HIGH,0.937045990768486,0.6,6
NIFTYNEXT50,2022-05-26,1,BEAR,86.57868349280669,HIGH,0.9368383356115243,0.7,7
NIFTYNEXT50,2022-05-27,1,BEAR,89.57694623136905,HIGH,0.9368135175909865,0.8,8
NIFTYNEXT50,2022-05-30,1,BEAR,92.58177776303549,HIGH,0.9368825394719356,0.9,9
NIFTYNEXT50,2022-05-31,1,BEAR,95.59177212702726,HIGH,0.9370253161003893,1.0,10
NIFTYNEXT50,2022-06-01,1,BEAR,95.57838494966921,HIGH,0.9368340707095602,1.0,11
NIFTYNEXT50,2022-06-02,1,BEAR,95.57962366473309,HIGH,0.9368517666390443,1.0,12
NIFTYNEXT50,2022-06-03,1,BEAR,95.57763410989826,HIGH,0.9368233444271181,1.0,13
NIFTYNEXT50,2022-06-06,1,BEAR,95.5769204121626,HIGH,0.9368131487451798,1.0,14
NIFTYNEXT50,2022-06-07,1,BEAR,95.5768439335011,HIGH,0.9368120561928729,1.0,15
NIFTYNEXT50,2022-06-08,1,BEAR,95.57686330082207,HIGH,0.9368123328688867,1.0,16
NIFTYNEXT50,2022-06-09,1,BEAR,95.57679142903812,HIGH,0.9368113061291161,1.0,17
NIFTYNEXT50,2022-06-10,1,BEAR,95.57679800266195,HIGH,0.9368114000380278,1.0,18
NIFTYNEXT50,2022-06-13,1,BEAR,95.57743432159285,HIGH,0.9368204903084694,1.0,19
NIFTYNEXT50,2022-06-14,1,BEAR,95.57683979361062,HIGH,0.9368119970515805,1.0,20
NIFTYNEXT50,2022-06-15,1,BEAR,95.5768107000218,HIGH,0.9368115814288829,1.0,21
NIFTYNEXT50,2022-06-16,1,BEAR,95.57734946432839,HIGH,0.9368192780618341,1.0,22
NIFTYNEXT50,2022-06-17,1,BEAR,95.58791868682006,HIGH,0.9369702669545723,1.0,23
NIFTYNEXT50,2022-06-20,1,BEAR,95.59377628201153,HIGH,0.9370539468858792,1.0,24
NIFTYNEXT50,2022-06-21,1,BEAR,95.57925299807223,HIGH,0.9368464714010319,1.0,25
NIFTYNEXT50,2022-06-22,1,BEAR,95.57844787807727,HIGH,0.9368349696868182,1.0,26
NIFTYNEXT50,2022-06-23,1,BEAR,95.57691034049331,HIGH,0.9368130048641903,1.0,27
NIFTYNEXT50,2022-06-24,1,BEAR,95.57679001595017,HIGH,0.9368112859421454,1.0,28
NIFTYNEXT50,2022-06-27,1,BEAR,95.5767465071877,HIGH,0.936810664388396,1.0,29
NIFTYNEXT50,2022-06-28,1,BEAR,95.57682210479248,HIGH,0.9368117443541782,1.0,30
NIFTYNEXT50,2022-06-29,1,BEAR,95.57672879279902,HIGH,0.9368104113257003,1.0,31
NIFTYNEXT50,2022-06-30,1,BEAR,95.57675968391082,HIGH,0.9368108526272976,1.0,32
NIFTYNEXT50,2022-07-01,1,BEAR,95.57728366565466,HIGH,0.936818338080781,1.0,33
NIFTYNEXT50,2022-07-04,1,BEAR,95.58253031991053,HIGH,0.9368932902844364,1.0,34
NIFTYNEXT50,2022-07-05,1,BEAR,95.58647538834208,HIGH,0.9369496484048871,1.0,35
NIFTYNEXT50,2022-07-06,0,BULL,69.46959712455396,MODERATE,0.9495656732079137,0.1,1
NIFTYNEXT50,2022-07-07,0,BULL,73.08006076896041,MODERATE,0.9582865824137201,0.2,2
NIFTYNEXT50,2022-07-08,0,BULL,76.08044726846215,HIGH,0.9582921038351736,0.3,3
NIFTYNEXT50,2022-07-11,0,BULL,79.08045790729403,HIGH,0.9582922558184863,0.4,4
NIFTYNEXT50,2022-07-12,0,BULL,82.08045151589621,HIGH,0.9582921645128031,0.5,5
NIFTYNEXT50,2022-07-13,0,BULL,85.08045017104453,HIGH,0.9582921453006362,0.6,6
NIFTYNEXT50,2022-07-14,0,BULL,88.08044896603971,HIGH,0.9582921280862816,0.7,7
NIFTYNEXT50,2022-07-15,0,BULL,91.08044890363392,HIGH,0.9582921271947704,0.8,8
NIFTYNEXT50,2022-07-18,0,BULL,94.08044975685814,HIGH,0.9582921393836877,0.9,9
NIFTYNEXT50,2022-07-19,0,BULL,97.08044930469077,HIGH,0.958292132924154,1.0,10
NIFTYNEXT50,2022-07-20,0,BULL,97.08044934453102,HIGH,0.9582921334933002,1.0,11
NIFTYNEXT50,2022-07-21,0,BULL,97.08045359232618,HIGH,0.9582921941760882,1.0,12
NIFTYNEXT50,2022-07-22,0,BULL,97.08044932446565,HIGH,0.9582921332066523,1.0,13
NIFTYNEXT50,2022-07-25,0,BULL,97.08044928515716,HIGH,0.9582921326451024,1.0,14
NIFTYNEXT50,2022-07-26,0,BULL,97.08045166342212,HIGH,0.9582921666203159,1.0,15
NIFTYNEXT50,2022-07-27,0,BULL,97.08044923382964,HIGH,0.9582921319118521,1.0,16
NIFTYNEXT50,2022-07-28,0,BULL,97.08044924698049,HIGH,0.9582921320997214,1.0,17
NIFTYNEXT50,2022-07-29,0,BULL,97.08044951855754,HIGH,0.9582921359793937,1.0,18
NIFTYNEXT50,2022-08-01,0,BULL,97.08045298363584,HIGH,0.9582921854805119,1.0,19
NIFTYNEXT50,2022-08-02,0,BULL,97.0804797638595,HIGH,0.9582925680551357,1.0,20
NIFTYNEXT50,2022-08-03,0,BULL,97.08045565847017,HIGH,0.958292223692431,1.0,21
NIFTYNEXT50,2022-08-04,0,BULL,97.08045021395468,HIGH,0.9582921459136383,1.0,22
NIFTYNEXT50,2022-08-05,0,BULL,97.08044961309878,HIGH,0.9582921373299829,1.0,23
NIFTYNEXT50,2022-08-08,0,BULL,97.0804491847056,HIGH,0.9582921312100802,1.0,24
NIFTYNEXT50,2022-08-10,0,BULL,97.0804489888479,HIGH,0.958292128412113,1.0,25
NIFTYNEXT50,2022-08-11,0,BULL,97.08044919959504,HIGH,0.9582921314227864,1.0,26
NIFTYNEXT50,2022-08-12,0,BULL,97.08044918777061,HIGH,0.9582921312538659,1.0,27
NIFTYNEXT50,2022-08-16,0,BULL,97.08047041994057,HIGH,0.9582924345705797,1.0,28
NIFTYNEXT50,2022-08-17,0,BULL,97.08047265689599,HIGH,0.9582924665270858,1.0,29
NIFTYNEXT50,2022-08-18,0,BULL,97.08047584777697,HIGH,0.9582925121110998,1.0,30
NIFTYNEXT50,2022-08-19,0,BULL,97.08045203652046,HIGH,0.9582921719502921,1.0,31
NIFTYNEXT50,2022-08-22,0,BULL,97.080405504731,HIGH,0.9582915072104429,1.0,32
NIFTYNEXT50,2022-08-23,0,BULL,97.08044359611783,HIGH,0.958292051373112,1.0,33
NIFTYNEXT50,2022-08-24,0,BULL,97.08044678097649,HIGH,0.958292096871093,1.0,34
NIFTYNEXT50,2022-08-25,0,BULL,97.0804466116002,HIGH,0.9582920944514316,1.0,35
NIFTYNEXT50,2022-08-26,0,BULL,97.08044759251679,HIGH,0.9582921084645256,1.0,36
NIFTYNEXT50,2022-08-29,0,BULL,97.08042756164073,HIGH,0.9582918223091532,1.0,37
NIFTYNEXT50,2022-08-30,0,BULL,97.0804534575612,HIGH,0.9582921922508745,1.0,38
NIFTYNEXT50,2022-09-01,0,BULL,97.08044879214441,HIGH,0.9582921256020632,1.0,39
NIFTYNEXT50,2022-09-02,0,BULL,97.08044766590223,HIGH,0.9582921095128891,1.0,40
NIFTYNEXT50,2022-09-05,0,BULL,97.08044595643084,HIGH,0.9582920850918693,1.0,41
NIFTYNEXT50,2022-09-06,0,BULL,97.08044483927208,HIGH,0.9582920691324583,1.0,42
NIFTYNEXT50,2022-09-07,0,BULL,97.08044234065187,HIGH,0.9582920334378838,1.0,43
NIFTYNEXT50,2022-09-08,0,BULL,97.08043822534603,HIGH,0.9582919746478002,1.0,44
NIFTYNEXT50,2022-09-09,0,BULL,97.08044476166222,HIGH,0.9582920680237461,1.0,45
NIFTYNEXT50,2022-09-12,0,BULL,97.08044934010319,HIGH,0.9582921334300455,1.0,46
NIFTYNEXT50,2022-09-13,0,BULL,97.08044927577843,HIGH,0.9582921325111204,1.0,47
NIFTYNEXT50,2022-09-14,0,BULL,97.08044926396171,HIGH,0.9582921323423103,1.0,48
NIFTYNEXT50,2022-09-15,0,BULL,97.0804494514663,HIGH,0.9582921350209471,1.0,49
NIFTYNEXT50,2022-09-16,0,BULL,97.07183217491418,HIGH,0.9581690310702027,1.0,50
NIFTYNEXT50,2022-09-19,0,BULL,97.08041069484756,HIGH,0.9582915813549653,1.0,51
NIFTYNEXT50,2022-09-20,0,BULL,97.08043160022974,HIGH,0.958291880003282,1.0,52
NIFTYNEXT50,2022-09-21,0,BULL,97.04777718255157,HIGH,0.9578253883221655,1.0,53
NIFTYNEXT50,2022-09-22,0,BULL,97.07812362391618,HIGH,0.9582589089130885,1.0,54
NIFTYNEXT50,2022-09-23,1,BEAR,68.84160779109733,MODERATE,0.9405943970156763,0.1,1
NIFTYNEXT50,2022-09-26,1,BEAR,71.5769280458775,MODERATE,0.9368132577982499,0.2,2
NIFTYNEXT50,2022-09-27,1,BEAR,74.57672482373846,MODERATE,0.9368103546248352,0.3,3
NIFTYNEXT50,2022-09-28,1,BEAR,77.57671556247229,HIGH,0.9368102223210327,0.4,4
NIFTYNEXT50,2022-09-29,1,BEAR,80.57672564147646,HIGH,0.9368103663068066,0.5,5
NIFTYNEXT50,2022-09-30,1,BEAR,83.57671981102273,HIGH,0.9368102830146103,0.6,6
NIFTYNEXT50,2022-10-03,1,BEAR,86.57707776417601,HIGH,0.936815396631086,0.7,7
NIFTYNEXT50,2022-10-04,1,BEAR,89.57695468984166,HIGH,0.9368136384263095,0.8,8
NIFTYNEXT50,2022-10-06,1,BEAR,92.57675631370198,HIGH,0.9368108044814569,0.9,9
NIFTYNEXT50,2022-10-07,1,BEAR,95.57673814749059,HIGH,0.9368105449641515,1.0,10
NIFTYNEXT50,2022-10-10,1,BEAR,95.57673784343403,HIGH,0.9368105406204864,1.0,11
NIFTYNEXT50,2022-10-11,1,BEAR,95.57687260105263,HIGH,0.9368124657293233,1.0,12
NIFTYNEXT50,2022-10-12,1,BEAR,95.57675880047907,HIGH,0.9368108400068438,1.0,13
NIFTYNEXT50,2022-10-13,1,BEAR,95.57677405350941,HIGH,0.9368110579072775,1.0,14
NIFTYNEXT50,2022-10-14,1,BEAR,95.57673954021962,HIGH,0.9368105648602801,1.0,15
NIFTYNEXT50,2022-10-17,1,BEAR,95.57673152276385,HIGH,0.9368104503251979,1.0,16
NIFTYNEXT50,2022-10-18,1,BEAR,95.57684363550555,HIGH,0.9368120519357938,1.0,17
NIFTYNEXT50,2022-10-19,1,BEAR,95.57694181811067,HIGH,0.9368134545444383,1.0,18
NIFTYNEXT50,2022-10-20,1,BEAR,95.58319211823046,HIGH,0.9369027445461493,1.0,19
NIFTYNEXT50,2022-10-21,1,BEAR,95.57674947567203,HIGH,0.9368107067953146,1.0,20
NIFTYNEXT50,2022-10-24,1,BEAR,95.59247500918431,HIGH,0.9370353572740617,1.0,21
NIFTYNEXT50,2022-10-25,1,BEAR,95.57727479602549,HIGH,0.9368182113717927,1.0,22
NIFTYNEXT50,2022-10-27,1,BEAR,95.58367871303392,HIGH,0.9369096959004848,1.0,23
NIFTYNEXT50,2022-10-28,1,BEAR,95.57825370891055,HIGH,0.9368321958415794,1.0,24
NIFTYNEXT50,2022-10-31,1,BEAR,95.66813252624758,HIGH,0.938116178946394,1.0,25
NIFTYNEXT50,2022-11-01,0,BULL,70.01851609731956,MODERATE,0.9574073728188509,0.1,1
NIFTYNEXT50,2022-11-02,0,BULL,73.07830766212338,MODERATE,0.9582615380303339,0.2,2
NIFTYNEXT50,2022-11-03,0,BULL,76.08035554148789,HIGH,0.958290793449827,0.3,3
NIFTYNEXT50,2022-11-04,0,BULL,79.0804236922073,HIGH,0.958291767031533,0.4,4
NIFTYNEXT50,2022-11-07,0,BULL,82.08044695799465,HIGH,0.9582920993999238,0.5,5
NIFTYNEXT50,2022-11-09,0,BULL,85.08039858683833,HIGH,0.9582914083834049,0.6,6
NIFTYNEXT50,2022-11-10,0,BULL,88.07373546039719,HIGH,0.958196220862817,0.7,7
NIFTYNEXT50,2022-11-11,0,BULL,91.0804626158733,HIGH,0.9582923230839043,0.8,8
NIFTYNEXT50,2022-11-14,0,BULL,94.08044441960341,HIGH,0.9582920631371917,0.9,9
NIFTYNEXT50,2022-11-15,0,BULL,97.08043763038413,HIGH,0.9582919661483446,1.0,10
NIFTYNEXT50,2022-11-16,0,BULL,97.07984602419661,HIGH,0.9582835146313804,1.0,11
NIFTYNEXT50,2022-11-17,0,BULL,97.04047614622162,HIGH,0.9577210878031661,1.0,12
NIFTYNEXT50,2022-11-18,0,BULL,96.85594676896673,HIGH,0.9550849538423821,1.0,13
NIFTYNEXT50,2022-11-21,1,BEAR,68.67195768834164,MODERATE,0.9381708241191662,0.1,1
NIFTYNEXT50,2022-11-22,1,BEAR,71.57881518829478,MODERATE,0.9368402169756398,0.2,2
NIFTYNEXT50,2022-11-23,1,BEAR,74.57921714816838,MODERATE,0.9368459592595485,0.3,3
NIFTYNEXT50,2022-11-24,1,BEAR,77.585692905352,HIGH,0.9369384700764571,0.4,4
NIFTYNEXT50,2022-11-25,1,BEAR,80.59747759640489,HIGH,0.9371068228057841,0.5,5
NIFTYNEXT50,2022-11-28,1,BEAR,83.60234766529868,HIGH,0.9371763952185528,0.6,6
NIFTYNEXT50,2022-11-29,1,BEAR,86.79463179922836,HIGH,0.939923311417548,0.7,7
NIFTYNEXT50,2022-11-30,0,BULL,76.0807780719311,HIGH,0.958296829599016,0.3,1
NIFTYNEXT50,2022-12-01,0,BULL,76.0803556228557,HIGH,0.9582907946122246,0.3,2
NIFTYNEXT50,2022-12-02,0,BULL,76.08030625131111,HIGH,0.9582900893044446,0.3,3
NIFTYNEXT50,2022-12-05,0,BULL,79.0800121047973,HIGH,0.9582858872113901,0.4,4
NIFTYNEXT50,2022-12-06,0,BULL,82.08034650359707,HIGH,0.958290664337101,0.5,5
NIFTYNEXT50,2022-12-07,0,BULL,85.08044390834988,HIGH,0.9582920558335697,0.6,6
NIFTYNEXT50,2022-12-08,0,BULL,88.08044873538059,HIGH,0.9582921247911512,0.7,7
NIFTYNEXT50,2022-12-09,0,BULL,91.08044703680159,HIGH,0.9582921005257371,0.8,8
NIFTYNEXT50,2022-12-12,0,BULL,94.08044739716898,HIGH,0.9582921056738425,0.9,9
NIFTYNEXT50,2022-12-13,0,BULL,97.08044320353657,HIGH,0.9582920457648082,1.0,10
NIFTYNEXT50,2022-12-14,0,BULL,97.0804465942999,HIGH,0.9582920942042845,1.0,11
NIFTYNEXT50,2022-12-15,0,BULL,97.07912254201017,HIGH,0.958273179171574,1.0,12
NIFTYNEXT50,2022-12-16,0,BULL,96.46047815864516,HIGH,0.9494354022663594,1.0,13
NIFTYNEXT50,2022-12-19,0,BULL,96.8619807009613,HIGH,0.9551711528708758,1.0,14
NIFTYNEXT50,2022-12-20,1,BEAR,69.31917790915222,MODERATE,0.9474168272736032,0.1,1
NIFTYNEXT50,2022-12-21,1,BEAR,71.57681044458577,MODERATE,0.9368115777797968,0.2,2
NIFTYNEXT50,2022-12-22,1,BEAR,74.57670746184353,MODERATE,0.9368101065977648,0.3,3
NIFTYNEXT50,2022-12-23,1,BEAR,77.59011429483337,HIGH,0.9370016327833339,0.4,4
NIFTYNEXT50,2022-12-26,1,BEAR,80.57693494065416,HIGH,0.9368133562950594,0.5,5
NIFTYNEXT50,2022-12-27,1,BEAR,83.57671954947278,HIGH,0.9368102792781827,0.6,6
NIFTYNEXT50,2022-12-28,1,BEAR,86.57670490791081,HIGH,0.9368100701130117,0.7,7
NIFTYNEXT50,2022-12-29,1,BEAR,89.57670778235732,HIGH,0.9368101111765331,0.8,8
NIFTYNEXT50,2022-12-30,1,BEAR,92.57670822355563,HIGH,0.936810117479366,0.9,9
NIFTYNEXT50,2023-01-02,1,BEAR,95.57673286516832,HIGH,0.9368104695024045,1.0,10
NIFTYNEXT50,2023-01-03,1,BEAR,95.57678194137623,HIGH,0.9368111705910889,1.0,11
NIFTYNEXT50,2023-01-04,1,BEAR,95.57670585132027,HIGH,0.9368100835902896,1.0,12
NIFTYNEXT50,2023-01-05,1,BEAR,95.57678982939402,HIGH,0.9368112832770575,1.0,13
NIFTYNEXT50,2023-01-06,1,BEAR,95.57670289580422,HIGH,0.9368100413686319,1.0,14
NIFTYNEXT50,2023-01-09,1,BEAR,95.57680671755686,HIGH,0.9368115245365267,1.0,15
NIFTYNEXT50,2023-01-10,1,BEAR,95.57679649078254,HIGH,0.9368113784397508,1.0,16
NIFTYNEXT50,2023-01-11,1,BEAR,95.5767991474513,HIGH,0.9368114163921614,1.0,17
NIFTYNEXT50,2023-01-12,1,BEAR,95.60461211807203,HIGH,0.9372087445438861,1.0,18
NIFTYNEXT50,2023-01-13,1,BEAR,95.59195083336559,HIGH,0.9370278690480797,1.0,19
NIFTYNEXT50,2023-01-16,1,BEAR,95.57955065448287,HIGH,0.9368507236354697,1.0,20
NIFTYNEXT50,2023-01-17,1,BEAR,95.58037615932385,HIGH,0.9368625165617693,1.0,21
NIFTYNEXT50,2023-01-18,1,BEAR,95.58210323132852,HIGH,0.936887189018979,1.0,22
NIFTYNEXT50,2023-01-19,1,BEAR,95.57790920824468,HIGH,0.9368272744034952,1.0,23
NIFTYNEXT50,2023-01-20,1,BEAR,95.57733275038206,HIGH,0.9368190392911723,1.0,24
NIFTYNEXT50,2023-01-23,1,BEAR,95.5774868020084,HIGH,0.9368212400286914,1.0,25
NIFTYNEXT50,2023-01-24,1,BEAR,95.57956915772633,HIGH,0.9368509879675189,1.0,26
NIFTYNEXT50,2023-01-25,1,BEAR,96.37016340977209,HIGH,0.9481451915681729,1.0,27
NIFTYNEXT50,2023-01-27,2,SIDE,70.2161129343897,MODERATE,0.9602301847769957,0.1,1
NIFTYNEXT50,2023-01-30,2,SIDE,73.21507384417059,MODERATE,0.9602153406310083,0.2,2
NIFTYNEXT50,2023-01-31,2,SIDE,76.1650660147962,HIGH,0.9595009430685173,0.3,3
NIFTYNEXT50,2023-02-01,2,SIDE,79.2065538044069,HIGH,0.9600936257772414,0.4,4
NIFTYNEXT50,2023-02-02,2,SIDE,82.11312600459514,HIGH,0.9587589429227878,0.5,5
NIFTYNEXT50,2023-02-03,2,SIDE,84.87192993685146,HIGH,0.9553132848121637,0.6,6
NIFTYNEXT50,2023-02-06,1,BEAR,77.83132496088623,HIGH,0.9404474994412318,0.4,1
NIFTYNEXT50,2023-02-07,1,BEAR,77.59016046129919,HIGH,0.9370022923042743,0.4,2
NIFTYNEXT50,2023-02-08,1,BEAR,77.57915703335306,HIGH,0.9368451004764723,0.4,3
NIFTYNEXT50,2023-02-09,1,BEAR,77.57717444312783,HIGH,0.9368167777589691,0.4,4
NIFTYNEXT50,2023-02-10,1,BEAR,80.57685400774265,HIGH,0.9368122001106093,0.5,5
NIFTYNEXT50,2023-02-13,1,BEAR,83.5774635681018,HIGH,0.93682090811574,0.6,6
NIFTYNEXT50,2023-02-14,1,BEAR,86.5770805941217,HIGH,0.9368154370588815,0.7,7
NIFTYNEXT50,2023-02-15,1,BEAR,89.5768491113428,HIGH,0.9368121301620399,0.8,8
NIFTYNEXT50,2023-02-16,1,BEAR,92.57673550733044,HIGH,0.9368105072475779,0.9,9
NIFTYNEXT50,2023-02-17,1,BEAR,95.57675333336917,HIGH,0.9368107619052739,1.0,10
NIFTYNEXT50,2023-02-20,1,BEAR,95.57671598394195,HIGH,0.936810228342028,1.0,11
NIFTYNEXT50,2023-02-21,1,BEAR,95.57672668614501,HIGH,0.9368103812306432,1.0,12
NIFTYNEXT50,2023-02-22,1,BEAR,95.5767898599076,HIGH,0.9368112837129658,1.0,13
NIFTYNEXT50,2023-02-23,1,BEAR,95.57673118566561,HIGH,0.9368104455095088,1.0,14
NIFTYNEXT50,2023-02-24,1,BEAR,95.57673778430753,HIGH,0.9368105397758218,1.0,15
NIFTYNEXT50,2023-02-27,1,BEAR,95.57680543573797,HIGH,0.9368115062248281,1.0,16
NIFTYNEXT50,2023-02-28,1,BEAR,95.5775111088729,HIGH,0.9368215872696128,1.0,17
NIFTYNEXT50,2023-03-01,1,BEAR,95.57675171234601,HIGH,0.9368107387478002,1.0,18
NIFTYNEXT50,2023-03-02,1,BEAR,95.5767303088999,HIGH,0.9368104329842843,1.0,19
NIFTYNEXT50,2023-03-03,1,BEAR,95.57688240109587,HIGH,0.9368126057299411,1.0,20
NIFTYNEXT50,2023-03-06,1,BEAR,95.58024848370015,HIGH,0.936860692624288,1.0,21
NIFTYNEXT50,2023-03-08,1,BEAR,95.58407241338844,HIGH,0.9369153201912636,1.0,22
NIFTYNEXT50,2023-03-09,1,BEAR,95.5769190407433,HIGH,0.9368131291534759,1.0,23
NIFTYNEXT50,2023-03-10,1,BEAR,95.57702496715608,HIGH,0.9368146423879439,1.0,24
NIFTYNEXT50,2023-03-13,1,BEAR,95.57671405862018,HIGH,0.9368102008374313,1.0,25
NIFTYNEXT50,2023-03-14,1,BEAR,95.5767079260973,HIGH,0.9368101132299615,1.0,26
NIFTYNEXT50,2023-03-15,1,BEAR,95.57672385204732,HIGH,0.9368103407435331,1.0,27
NIFTYNEXT50,2023-03-16,2,SIDE,70.16187656736103,MODERATE,0.9594553795337291,0.1,1
NIFTYNEXT50,2023-03-17,1,BEAR,93.33804992255051,HIGH,0.9476864274650073,0.9,1
NIFTYNEXT50,2023-03-20,1,BEAR,92.58545592459004,HIGH,0.9369350846370007,0.9,2
NIFTYNEXT50,2023-03-21,1,BEAR,92.5868426789065,HIGH,0.9369548954129501,0.9,3
NIFTYNEXT50,2023-03-22,1,BEAR,92.90419044474054,HIGH,0.9414884349248648,0.9,4
NIFTYNEXT50,2023-03-23,1,BEAR,92.6124859371705,HIGH,0.9373212276738644,0.9,5
NIFTYNEXT50,2023-03-24,1,BEAR,92.57687454237178,HIGH,0.9368124934624541,0.9,6
NIFTYNEXT50,2023-03-27,1,BEAR,92.57671255123768,HIGH,0.9368101793033955,0.9,7
NIFTYNEXT50,2023-03-28,1,BEAR,92.57670789592188,HIGH,0.936810112798884,0.9,8
NIFTYNEXT50,2023-03-29,1,BEAR,92.57677405427741,HIGH,0.9368110579182488,0.9,9
NIFTYNEXT50,2023-03-31,1,BEAR,95.58305512886605,HIGH,0.9369007875552294,1.0,10
NIFTYNEXT50,2023-04-03,1,BEAR,95.64786620254515,HIGH,0.9378266600363593,1.0,11
NIFTYNEXT50,2023-04-05,0,BULL,69.43562714669302,MODERATE,0.9490803878099003,0.1,1
NIFTYNEXT50,2023-04-06,0,BULL,73.05048050285423,MODERATE,0.957864007183632,0.2,2
NIFTYNEXT50,2023-04-10,0,BULL,76.07886335195485,HIGH,0.958269476456498,0.3,3
NIFTYNEXT50,2023-04-11,0,BULL,79.0796145854378,HIGH,0.9582802083633972,0.4,4
NIFTYNEXT50,2023-04-12,0,BULL,82.08039636050637,HIGH,0.9582913765786625,0.5,5
NIFTYNEXT50,2023-04-13,0,BULL,85.0802411822653,HIGH,0.9582891597466471,0.6,6
NIFTYNEXT50,2023-04-17,0,BULL,88.0803321372381,HIGH,0.9582904591034016,0.7,7
NIFTYNEXT50,2023-04-18,0,BULL,91.0804279877477,HIGH,0.9582918283963957,0.8,8
NIFTYNEXT50,2023-04-19,0,BULL,94.07992091007074,HIGH,0.958284584429582,0.9,9
NIFTYNEXT50,2023-04-20,0,BULL,97.08038684840785,HIGH,0.9582912406915407,1.0,10
NIFTYNEXT50,2023-04-21,0,BULL,97.08043920780585,HIGH,0.9582919886829406,1.0,11
NIFTYNEXT50,2023-04-24,0,BULL,97.08044223297965,HIGH,0.9582920318997094,1.0,12
NIFTYNEXT50,2023-04-25,0,BULL,97.08044619591536,HIGH,0.9582920885130767,1.0,13
NIFTYNEXT50,2023-04-26,0,BULL,97.08044449995057,HIGH,0.9582920642850081,1.0,14
NIFTYNEXT50,2023-04-27,0,BULL,97.08044433783796,HIGH,0.9582920619691138,1.0,15
NIFTYNEXT50,2023-04-28,0,BULL,97.08044972688086,HIGH,0.958292138955441,1.0,16
NIFTYNEXT50,2023-05-02,0,BULL,97.080448952735,HIGH,0.9582921278962144,1.0,17
NIFTYNEXT50,2023-05-03,0,BULL,97.08044889281223,HIGH,0.9582921270401747,1.0,18
NIFTYNEXT50,2023-05-04,0,BULL,97.08044908946951,HIGH,0.9582921298495646,1.0,19
NIFTYNEXT50,2023-05-05,0,BULL,97.08044900848034,HIGH,0.9582921286925764,1.0,20
NIFTYNEXT50,2023-05-08,0,BULL,97.08044911294687,HIGH,0.9582921301849554,1.0,21
NIFTYNEXT50,2023-05-09,0,BULL,97.08044902677429,HIGH,0.9582921289539186,1.0,22
NIFTYNEXT50,2023-05-10,0,BULL,97.08044933799857,HIGH,0.9582921333999798,1.0,23
NIFTYNEXT50,2023-05-11,0,BULL,97.0804496747284,HIGH,0.9582921382104058,1.0,24
NIFTYNEXT50,2023-05-12,0,BULL,97.08044933252076,HIGH,0.9582921333217251,1.0,25
NIFTYNEXT50,2023-05-15,0,BULL,97.08044940275961,HIGH,0.9582921343251376,1.0,26
NIFTYNEXT50,2023-05-16,0,BULL,97.08044938367226,HIGH,0.9582921340524609,1.0,27
NIFTYNEXT50,2023-05-17,0,BULL,97.08044904790263,HIGH,0.9582921292557518,1.0,28
NIFTYNEXT50,2023-05-18,0,BULL,97.08044140384193,HIGH,0.9582920200548848,1.0,29
NIFTYNEXT50,2023-05-19,0,BULL,97.0804426503885,HIGH,0.958292037862693,1.0,30
NIFTYNEXT50,2023-05-22,0,BULL,97.0804479187283,HIGH,0.9582921131246899,1.0,31
NIFTYNEXT50,2023-05-23,0,BULL,97.08044747652436,HIGH,0.9582921068074908,1.0,32
NIFTYNEXT50,2023-05-24,0,BULL,97.08044231943931,HIGH,0.9582920331348475,1.0,33
NIFTYNEXT50,2023-05-25,0,BULL,97.08044771501274,HIGH,0.9582921102144677,1.0,34
NIFTYNEXT50,2023-05-26,0,BULL,97.08044874062598,HIGH,0.9582921248660854,1.0,35
NIFTYNEXT50,2023-05-29,0,BULL,97.08044893640123,HIGH,0.9582921276628745,1.0,36
NIFTYNEXT50,2023-05-30,0,BULL,97.08044882893185,HIGH,0.958292126127598,1.0,37
NIFTYNEXT50,2023-05-31,0,BULL,97.080451706544,HIGH,0.958292167236343,1.0,38
NIFTYNEXT50,2023-06-01,0,BULL,97.08044886819597,HIGH,0.9582921266885139,1.0,39
NIFTYNEXT50,2023-06-02,0,BULL,97.08044896859043,HIGH,0.9582921281227204,1.0,40
NIFTYNEXT50,2023-06-05,0,BULL,97.0804488824718,HIGH,0.9582921268924544,1.0,41
NIFTYNEXT50,2023-06-06,0,BULL,97.08044905582037,HIGH,0.9582921293688623,1.0,42
NIFTYNEXT50,2023-06-07,0,BULL,97.08045042644706,HIGH,0.9582921489492437,1.0,43
NIFTYNEXT50,2023-06-08,0,BULL,97.08044919632923,HIGH,0.958292131376132,1.0,44
NIFTYNEXT50,2023-06-09,0,BULL,97.08044899174728,HIGH,0.9582921284535326,1.0,45
NIFTYNEXT50,2023-06-12,0,BULL,97.08044900839046,HIGH,0.9582921286912924,1.0,46
NIFTYNEXT50,2023-06-13,0,BULL,97.08044922911425,HIGH,0.9582921318444892,1.0,47
NIFTYNEXT50,2023-06-14,0,BULL,97.08044911906619,HIGH,0.9582921302723744,1.0,48
NIFTYNEXT50,2023-06-15,0,BULL,97.08044914100726,HIGH,0.9582921305858181,1.0,49
NIFTYNEXT50,2023-06-16,0,BULL,97.08044958266643,HIGH,0.9582921368952351,1.0,50
NIFTYNEXT50,2023-06-19,0,BULL,97.0804491578656,HIGH,0.9582921308266514,1.0,51
NIFTYNEXT50,2023-06-20,0,BULL,97.08044915876042,HIGH,0.9582921308394348,1.0,52
NIFTYNEXT50,2023-06-21,0,BULL,97.08044907683897,HIGH,0.9582921296691282,1.0,53
NIFTYNEXT50,2023-06-22,0,BULL,97.08042348868378,HIGH,0.9582917641240539,1.0,54
NIFTYNEXT50,2023-06-23,0,BULL,97.07291323165764,HIGH,0.9581844747379661,1.0,55
NIFTYNEXT50,2023-06-26,0,BULL,97.07935939342269,HIGH,0.9582765627631814,1.0,56
NIFTYNEXT50,2023-06-27,0,BULL,97.07915383444438,HIGH,0.9582736262063486,1.0,57
NIFTYNEXT50,2023-06-28,0,BULL,97.08040202062142,HIGH,0.958291457437449,1.0,58
NIFTYNEXT50,2023-06-30,0,BULL,97.08043744376718,HIGH,0.9582919634823882,1.0,59
NIFTYNEXT50,2023-07-03,0,BULL,97.0804385006088,HIGH,0.9582919785801258,1.0,60
NIFTYNEXT50,2023-07-04,0,BULL,97.08020737952239,HIGH,0.95828867685032,1.0,61
NIFTYNEXT50,2023-07-05,0,BULL,97.08041526403086,HIGH,0.9582916466290125,1.0,62
NIFTYNEXT50,2023-07-06,0,BULL,97.08044085339891,HIGH,0.9582920121914131,1.0,63
NIFTYNEXT50,2023-07-07,0,BULL,97.07905055131096,HIGH,0.958272150733014,1.0,64
NIFTYNEXT50,2023-07-10,0,BULL,97.07370812327711,HIGH,0.9581958303325303,1.0,65
NIFTYNEXT50,2023-07-11,0,BULL,97.07947020654464,HIGH,0.9582781458077805,1.0,66
NIFTYNEXT50,2023-07-12,0,BULL,97.07993839956201,HIGH,0.9582848342794574,1.0,67
NIFTYNEXT50,2023-07-13,0,BULL,97.0800564302867,HIGH,0.9582865204326672,1.0,68
NIFTYNEXT50,2023-07-14,0,BULL,97.08043404677049,HIGH,0.9582919149538641,1.0,69
NIFTYNEXT50,2023-07-17,0,BULL,97.08043694863085,HIGH,0.958291956409012,1.0,70
NIFTYNEXT50,2023-07-18,0,BULL,97.08027437969955,HIGH,0.958289633995708,1.0,71
NIFTYNEXT50,2023-07-19,0,BULL,97.08039333873153,HIGH,0.9582913334104504,1.0,72
NIFTYNEXT50,2023-07-20,0,BULL,97.080157406523,HIGH,0.9582879629503287,1.0,73
NIFTYNEXT50,2023-07-21,0,BULL,97.077705346373,HIGH,0.958252933519614,1.0,74
NIFTYNEXT50,2023-07-24,0,BULL,97.07880428762057,HIGH,0.958268632680294,1.0,75
NIFTYNEXT50,2023-07-25,0,BULL,97.07943610207981,HIGH,0.9582776586011401,1.0,76
NIFTYNEXT50,2023-07-26,0,BULL,97.07940464493518,HIGH,0.9582772092133598,1.0,77
NIFTYNEXT50,2023-07-27,0,BULL,97.08036493032992,HIGH,0.9582909275761419,1.0,78
NIFTYNEXT50,2023-07-28,0,BULL,97.08044849005495,HIGH,0.9582921212864993,1.0,79
NIFTYNEXT50,2023-07-31,0,BULL,97.08044763845385,HIGH,0.9582921091207692,1.0,80
NIFTYNEXT50,2023-08-01,0,BULL,97.08044469816168,HIGH,0.9582920671165956,1.0,81
NIFTYNEXT50,2023-08-02,0,BULL,97.07862134514195,HIGH,0.9582660192163137,1.0,82
NIFTYNEXT50,2023-08-03,0,BULL,97.0800514500948,HIGH,0.9582864492870686,1.0,83
NIFTYNEXT50,2023-08-04,0,BULL,97.08044344563554,HIGH,0.9582920492233649,1.0,84
NIFTYNEXT50,2023-08-07,0,BULL,97.08029732557077,HIGH,0.9582899617938684,1.0,85
NIFTYNEXT50,2023-08-08,0,BULL,97.07935514731687,HIGH,0.9582765021045268,1.0,86
NIFTYNEXT50,2023-08-09,0,BULL,97.07998499561418,HIGH,0.9582854999373455,1.0,87
NIFTYNEXT50,2023-08-10,0,BULL,97.07489716616682,HIGH,0.9582128166595262,1.0,88
NIFTYNEXT50,2023-08-11,0,BULL,97.06766028793186,HIGH,0.958109432684741,1.0,89
NIFTYNEXT50,2023-08-14,1,BEAR,68.75199104126717,MODERATE,0.9393141577323882,0.1,1
NIFTYNEXT50,2023-08-16,1,BEAR,71.58053656273952,MODERATE,0.9368648080391363,0.2,2
NIFTYNEXT50,2023-08-17,1,BEAR,74.5770742957825,MODERATE,0.9368153470826072,0.3,3
NIFTYNEXT50,2023-08-18,1,BEAR,77.57674512093526,HIGH,0.9368106445847895,0.4,4
NIFTYNEXT50,2023-08-21,1,BEAR,80.57701356643945,HIGH,0.9368144795205636,0.5,5
NIFTYNEXT50,2023-08-22,1,BEAR,83.57876687040786,HIGH,0.9368395267201123,0.6,6
NIFTYNEXT50,2023-08-23,1,BEAR,86.58828156310994,HIGH,0.9369754509015707,0.7,7
NIFTYNEXT50,2023-08-24,1,BEAR,89.7084215106937,HIGH,0.9386917358670529,0.8,8
NIFTYNEXT50,2023-08-25,1,BEAR,92.57765354008522,HIGH,0.9368236220012176,0.9,9
NIFTYNEXT50,2023-08-28,1,BEAR,95.58315525391245,HIGH,0.9369022179130351,1.0,10
NIFTYNEXT50,2023-08-29,1,BEAR,95.6499566557384,HIGH,0.9378565236534057,1.0,11
NIFTYNEXT50,2023-08-30,1,BEAR,95.96150405035362,HIGH,0.9423072007193374,1.0,12
NIFTYNEXT50,2023-08-31,1,BEAR,95.6970733123849,HIGH,0.9385296187483559,1.0,13
NIFTYNEXT50,2023-09-01,0,BULL,69.42787593280124,MODERATE,0.9489696561828749,0.1,1
NIFTYNEXT50,2023-09-04,0,BULL,73.07955270231258,MODERATE,0.9582793243187513,0.2,2
NIFTYNEXT50,2023-09-05,0,BULL,76.08041876037439,HIGH,0.958291696576777,0.3,3
NIFTYNEXT50,2023-09-06,0,BULL,79.08044384924389,HIGH,0.9582920549891987,0.4,4
NIFTYNEXT50,2023-09-07,0,BULL,82.08044849472856,HIGH,0.958292121353265,0.5,5
NIFTYNEXT50,2023-09-08,0,BULL,85.08044885317997,HIGH,0.9582921264739996,0.6,6
NIFTYNEXT50,2023-09-11,0,BULL,88.08044904982097,HIGH,0.9582921292831569,0.7,7
NIFTYNEXT50,2023-09-12,0,BULL,91.07600010882727,HIGH,0.9582285729832468,0.8,8
NIFTYNEXT50,2023-09-13,0,BULL,94.08025518443883,HIGH,0.9582893597776975,0.9,9
NIFTYNEXT50,2023-09-14,0,BULL,97.08043862724666,HIGH,0.9582919803892381,1.0,10
NIFTYNEXT50,2023-09-15,0,BULL,97.08044301786485,HIGH,0.958292043112355,1.0,11
NIFTYNEXT50,2023-09-18,0,BULL,97.08041383803767,HIGH,0.9582916262576812,1.0,12
NIFTYNEXT50,2023-09-20,0,BULL,97.07750872314678,HIGH,0.9582501246163827,1.0,13
NIFTYNEXT50,2023-09-21,0,BULL,97.05639132599929,HIGH,0.9579484475142757,1.0,14
NIFTYNEXT50,2023-09-22,0,BULL,97.00829212102353,HIGH,0.9572613160146219,1.0,15
NIFTYNEXT50,2023-09-25,0,BULL,96.58707769475434,HIGH,0.9512439670679194,1.0,16
NIFTYNEXT50,2023-09-26,1,BEAR,69.1534338405442,MODERATE,0.9450490548649171,0.1,1
NIFTYNEXT50,2023-09-27,1,BEAR,71.76139880036783,MODERATE,0.939448554290969,0.2,2
NIFTYNEXT50,2023-09-28,1,BEAR,74.57674026686881,MODERATE,0.9368105752409832,0.3,3
NIFTYNEXT50,2023-09-29,1,BEAR,77.57752866266013,HIGH,0.9368218380380018,0.4,4
NIFTYNEXT50,2023-10-03,1,BEAR,80.57782191010622,HIGH,0.9368260272872319,0.5,5
NIFTYNEXT50,2023-10-04,1,BEAR,83.5767410283294,HIGH,0.9368105861189915,0.6,6
NIFTYNEXT50,2023-10-05,1,BEAR,86.57705877561327,HIGH,0.936815125365904,0.7,7
NIFTYNEXT50,2023-10-06,1,BEAR,89.5771432112414,HIGH,0.936816331589163,0.8,8
NIFTYNEXT50,2023-10-09,1,BEAR,92.5767025446705,HIGH,0.9368100363524356,0.9,9
NIFTYNEXT50,2023-10-10,1,BEAR,95.57768912764868,HIGH,0.9368241303949811,1.0,10
NIFTYNEXT50,2023-10-11,1,BEAR,95.60263805898455,HIGH,0.9371805436997794,1.0,11
NIFTYNEXT50,2023-10-12,1,BEAR,95.76629341820275,HIGH,0.9395184774028966,1.0,12
NIFTYNEXT50,2023-10-13,1,BEAR,95.90514584999488,HIGH,0.9415020835713555,1.0,13
NIFTYNEXT50,2023-10-16,0,BULL,69.60417029604169,MODERATE,0.9514881470863098,0.1,1
NIFTYNEXT50,2023-10-17,0,BULL,73.03628691203967,MODERATE,0.9576612416005666,0.2,2
NIFTYNEXT50,2023-10-18,0,BULL,75.7177286886655,HIGH,0.9531104098380786,0.3,3
NIFTYNEXT50,2023-10-19,0,BULL,78.67022162022074,HIGH,0.952431737431725,0.4,4
NIFTYNEXT50,2023-10-20,1,BEAR,83.59614830429649,HIGH,0.9370878329185213,0.6,1
NIFTYNEXT50,2023-10-23,1,BEAR,83.57671547032668,HIGH,0.936810221004667,0.6,2
NIFTYNEXT50,2023-10-25,1,BEAR,83.5766974384893,HIGH,0.9368099634069901,0.6,3
NIFTYNEXT50,2023-10-26,1,BEAR,83.57676708192136,HIGH,0.9368109583131624,0.6,4
NIFTYNEXT50,2023-10-27,1,BEAR,83.576737807119,HIGH,0.9368105401017003,0.6,5
NIFTYNEXT50,2023-10-30,1,BEAR,83.57681268815791,HIGH,0.9368116098308272,0.6,6
NIFTYNEXT50,2023-10-31,1,BEAR,86.57676955054147,HIGH,0.9368109935791641,0.7,7
NIFTYNEXT50,2023-11-01,1,BEAR,89.57669919173618,HIGH,0.936809988453374,0.8,8
NIFTYNEXT50,2023-11-02,1,BEAR,92.57758251912436,HIGH,0.9368226074160623,0.9,9
NIFTYNEXT50,2023-11-03,1,BEAR,95.67973534826928,HIGH,0.938281933546704,1.0,10
NIFTYNEXT50,2023-11-06,1,BEAR,96.19213735685075,HIGH,0.945601962240725,1.0,11
NIFTYNEXT50,2023-11-07,0,BULL,70.00858031174643,MODERATE,0.957265433024949,0.1,1
NIFTYNEXT50,2023-11-08,0,BULL,73.07973020228992,MODERATE,0.9582818600327133,0.2,2
NIFTYNEXT50,2023-11-09,0,BULL,76.07875888565184,HIGH,0.9582679840807407,0.3,3
NIFTYNEXT50,2023-11-10,0,BULL,79.0801572487262,HIGH,0.9582879606960887,0.4,4
NIFTYNEXT50,2023-11-13,0,BULL,82.08044459923946,HIGH,0.9582920657034207,0.5,5
NIFTYNEXT50,2023-11-15,0,BULL,85.08044880051202,HIGH,0.9582921257216003,0.6,6
NIFTYNEXT50,2023-11-16,0,BULL,88.08044905149133,HIGH,0.958292129307019,0.7,7
NIFTYNEXT50,2023-11-17,0,BULL,91.08044906396677,HIGH,0.9582921294852396,0.8,8
NIFTYNEXT50,2023-11-20,0,BULL,94.08044896950615,HIGH,0.9582921281358021,0.9,9
NIFTYNEXT50,2023-11-21,0,BULL,97.08044891487309,HIGH,0.9582921273553298,1.0,10
NIFTYNEXT50,2023-11-22,0,BULL,97.08044886771184,HIGH,0.9582921266815976,1.0,11
NIFTYNEXT50,2023-11-23,0,BULL,97.08044883273878,HIGH,0.9582921261819827,1.0,12
NIFTYNEXT50,2023-11-24,0,BULL,97.08044806613233,HIGH,0.958292115230462,1.0,13
NIFTYNEXT50,2023-11-28,0,BULL,97.08044901950852,HIGH,0.9582921288501218,1.0,14
NIFTYNEXT50,2023-11-29,0,BULL,97.08044900250539,HIGH,0.9582921286072199,1.0,15
NIFTYNEXT50,2023-11-30,0,BULL,97.0804517494798,HIGH,0.9582921678497116,1.0,16
NIFTYNEXT50,2023-12-01,0,BULL,97.08044971571688,HIGH,0.9582921387959555,1.0,17
NIFTYNEXT50,2023-12-04,0,BULL,97.08056028328124,HIGH,0.9582937183325895,1.0,18
NIFTYNEXT50,2023-12-05,0,BULL,97.08053732624703,HIGH,0.9582933903749574,1.0,19
NIFTYNEXT50,2023-12-06,0,BULL,97.08103991786481,HIGH,0.9583005702552116,1.0,20
NIFTYNEXT50,2023-12-07,0,BULL,97.08325394633341,HIGH,0.9583321992333345,1.0,21
NIFTYNEXT50,2023-12-08,0,BULL,97.08072440401116,HIGH,0.9582960629144452,1.0,22
NIFTYNEXT50,2023-12-11,0,BULL,97.08069166870726,HIGH,0.9582955952672465,1.0,23
NIFTYNEXT50,2023-12-12,0,BULL,97.08046134155666,HIGH,0.9582923048793809,1.0,24
NIFTYNEXT50,2023-12-13,0,BULL,97.08046822459706,HIGH,0.9582924032085295,1.0,25
NIFTYNEXT50,2023-12-14,0,BULL,97.08071861892844,HIGH,0.9582959802704065,1.0,26
NIFTYNEXT50,2023-12-15,0,BULL,97.08053314381078,HIGH,0.9582933306258683,1.0,27
NIFTYNEXT50,2023-12-18,0,BULL,97.08055063609817,HIGH,0.9582935805156882,1.0,28
NIFTYNEXT50,2023-12-19,0,BULL,97.08049061953045,HIGH,0.9582927231361493,1.0,29
NIFTYNEXT50,2023-12-20,0,BULL,97.08063545888253,HIGH,0.9582947922697503,1.0,30
NIFTYNEXT50,2023-12-21,0,BULL,97.08045150143747,HIGH,0.9582921643062497,1.0,31
NIFTYNEXT50,2023-12-22,0,BULL,97.0804497649072,HIGH,0.9582921394986744,1.0,32
NIFTYNEXT50,2023-12-26,0,BULL,97.08045141680954,HIGH,0.9582921630972792,1.0,33
NIFTYNEXT50,2023-12-27,0,BULL,97.08045094004846,HIGH,0.9582921562864067,1.0,34
NIFTYNEXT50,2023-12-28,0,BULL,97.08045225846733,HIGH,0.958292175120962,1.0,35
NIFTYNEXT50,2023-12-29,0,BULL,97.08045303088252,HIGH,0.9582921861554646,1.0,36
NIFTYNEXT50,2024-01-01,0,BULL,97.08045129181167,HIGH,0.9582921613115952,1.0,37
NIFTYNEXT50,2024-01-02,0,BULL,97.08044980310973,HIGH,0.9582921400444249,1.0,38
NIFTYNEXT50,2024-01-03,0,BULL,97.08045064871374,HIGH,0.958292152124482,1.0,39
NIFTYNEXT50,2024-01-04,0,BULL,97.0804615163909,HIGH,0.9582923073770129,1.0,40
NIFTYNEXT50,2024-01-05,0,BULL,97.08045167510568,HIGH,0.9582921667872241,1.0,41
NIFTYNEXT50,2024-01-08,0,BULL,97.08044255014279,HIGH,0.9582920364306113,1.0,42
NIFTYNEXT50,2024-01-09,0,BULL,97.0804477513646,HIGH,0.9582921107337801,1.0,43
NIFTYNEXT50,2024-01-10,0,BULL,97.08044930023325,HIGH,0.9582921328604751,1.0,44
NIFTYNEXT50,2024-01-11,0,BULL,97.08044991592526,HIGH,0.9582921416560751,1.0,45
NIFTYNEXT50,2024-01-12,0,BULL,97.08044942820362,HIGH,0.9582921346886232,1.0,46
NIFTYNEXT50,2024-01-15,0,BULL,97.08044937418782,HIGH,0.958292133916969,1.0,47
NIFTYNEXT50,2024-01-16,0,BULL,97.0804491263097,HIGH,0.9582921303758531,1.0,48
NIFTYNEXT50,2024-01-17,0,BULL,97.08042276207043,HIGH,0.9582917537438632,1.0,49
NIFTYNEXT50,2024-01-18,0,BULL,97.08027746640806,HIGH,0.9582896780915436,1.0,50
NIFTYNEXT50,2024-01-19,0,BULL,97.08044259810818,HIGH,0.9582920371158311,1.0,51
NIFTYNEXT50,2024-01-23,0,BULL,96.36914466402553,HIGH,0.9481306380575076,1.0,52
NIFTYNEXT50,2024-01-24,0,BULL,97.05043827552815,HIGH,0.9578634039361166,1.0,53
NIFTYNEXT50,2024-01-25,0,BULL,97.07739781588332,HIGH,0.9582485402269045,1.0,54
NIFTYNEXT50,2024-01-29,0,BULL,97.0803590751508,HIGH,0.9582908439307257,1.0,55
NIFTYNEXT50,2024-01-30,0,BULL,97.08030581775675,HIGH,0.9582900831108108,1.0,56
NIFTYNEXT50,2024-01-31,0,BULL,97.08042963330179,HIGH,0.9582918519043112,1.0,57
NIFTYNEXT50,2024-02-01,0,BULL,97.0804364082281,HIGH,0.9582919486889728,1.0,58
NIFTYNEXT50,2024-02-02,0,BULL,97.08044482415265,HIGH,0.9582920689164666,1.0,59
NIFTYNEXT50,2024-02-05,0,BULL,97.08037870508875,HIGH,0.9582911243584108,1.0,60
NIFTYNEXT50,2024-02-06,0,BULL,97.08044214263951,HIGH,0.958292030609136,1.0,61
NIFTYNEXT50,2024-02-07,0,BULL,97.0804528426783,HIGH,0.9582921834668329,1.0,62
NIFTYNEXT50,2024-02-08,0,BULL,97.0804503007837,HIGH,0.9582921471540528,1.0,63
NIFTYNEXT50,2024-02-09,0,BULL,97.08044971350522,HIGH,0.9582921387643604,1.0,64
NIFTYNEXT50,2024-02-12,0,BULL,97.0791448924458,HIGH,0.9582734984635116,1.0,65
NIFTYNEXT50,2024-02-13,0,BULL,97.08044832321944,HIGH,0.958292118903135,1.0,66
NIFTYNEXT50,2024-02-14,0,BULL,97.08044997311865,HIGH,0.9582921424731234,1.0,67
NIFTYNEXT50,2024-02-15,0,BULL,97.08045045439675,HIGH,0.9582921493485249,1.0,68
NIFTYNEXT50,2024-02-16,0,BULL,97.08045027232588,HIGH,0.9582921467475125,1.0,69
NIFTYNEXT50,2024-02-19,0,BULL,97.08044971917825,HIGH,0.9582921388454034,1.0,70
NIFTYNEXT50,2024-02-20,0,BULL,97.0804493953565,HIGH,0.9582921342193786,1.0,71
NIFTYNEXT50,2024-02-21,0,BULL,97.08044847651283,HIGH,0.9582921210930405,1.0,72
NIFTYNEXT50,2024-02-22,0,BULL,97.08044906162168,HIGH,0.9582921294517384,1.0,73
NIFTYNEXT50,2024-02-23,0,BULL,97.08044896219177,HIGH,0.9582921280313111,1.0,74
NIFTYNEXT50,2024-02-26,0,BULL,97.08044886012944,HIGH,0.9582921265732776,1.0,75
NIFTYNEXT50,2024-02-27,0,BULL,97.08044804878926,HIGH,0.9582921149827037,1.0,76
NIFTYNEXT50,2024-02-28,0,BULL,97.07960509566607,HIGH,0.9582800727952296,1.0,77
NIFTYNEXT50,2024-02-29,0,BULL,97.08044879061472,HIGH,0.9582921255802106,1.0,78
NIFTYNEXT50,2024-03-01,0,BULL,97.08044892761359,HIGH,0.958292127537337,1.0,79
NIFTYNEXT50,2024-03-04,0,BULL,97.08044894587564,HIGH,0.9582921277982234,1.0,80
NIFTYNEXT50,2024-03-05,0,BULL,97.08044876623111,HIGH,0.9582921252318732,1.0,81
NIFTYNEXT50,2024-03-06,0,BULL,97.08044947029866,HIGH,0.958292135289981,1.0,82
NIFTYNEXT50,2024-03-07,0,BULL,97.08044842533772,HIGH,0.9582921203619674,1.0,83
NIFTYNEXT50,2024-03-11,0,BULL,97.08044789103502,HIGH,0.958292112729072,1.0,84
NIFTYNEXT50,2024-03-12,0,BULL,97.07805508701001,HIGH,0.9582579298144289,1.0,85
NIFTYNEXT50,2024-03-13,1,BEAR,68.58122991139581,MODERATE,0.9368747130199402,0.1,1
NIFTYNEXT50,2024-03-14,1,BEAR,71.58029491961804,MODERATE,0.9368613559945435,0.2,2
NIFTYNEXT50,2024-03-15,1,BEAR,74.57808517224792,MODERATE,0.9368297881749704,0.3,3
NIFTYNEXT50,2024-03-18,1,BEAR,77.58385705660783,HIGH,0.9369122436658261,0.4,4
NIFTYNEXT50,2024-03-19,1,BEAR,80.57678941430753,HIGH,0.9368112773472503,0.5,5
NIFTYNEXT50,2024-03-20,1,BEAR,83.5769787298345,HIGH,0.9368139818547786,0.6,6
NIFTYNEXT50,2024-03-21,1,BEAR,86.58700005511446,HIGH,0.9369571436444923,0.7,7
NIFTYNEXT50,2024-03-22,1,BEAR,89.65708356852437,HIGH,0.9379583366932053,0.8,8
NIFTYNEXT50,2024-03-26,1,BEAR,93.09280186739848,HIGH,0.9441828838199783,0.9,9
NIFTYNEXT50,2024-03-27,0,BULL,69.74296716427607,MODERATE,0.9534709594896582,0.1,1
NIFTYNEXT50,2024-03-28,0,BULL,73.07479584814949,MODERATE,0.9582113692592784,0.2,2
NIFTYNEXT50,2024-04-01,0,BULL,76.08036710705093,HIGH,0.9582909586721563,0.3,3
NIFTYNEXT50,2024-04-02,0,BULL,79.08047150853594,HIGH,0.9582924501219421,0.4,4
NIFTYNEXT50,2024-04-03,0,BULL,82.08045994671515,HIGH,0.9582922849530737,0.5,5
NIFTYNEXT50,2024-04-04,0,BULL,85.08045466708438,HIGH,0.958292209529777,0.6,6
NIFTYNEXT50,2024-04-05,0,BULL,88.08046104907108,HIGH,0.9582923007010155,0.7,7
NIFTYNEXT50,2024-04-08,0,BULL,91.08046302007097,HIGH,0.9582923288581567,0.8,8
NIFTYNEXT50,2024-04-09,0,BULL,94.08045558003718,HIGH,0.9582922225719598,0.9,9
NIFTYNEXT50,2024-04-10,0,BULL,97.08048752550272,HIGH,0.9582926789357531,1.0,10
NIFTYNEXT50,2024-04-12,0,BULL,97.08045721112188,HIGH,0.9582922458731697,1.0,11
NIFTYNEXT50,2024-04-15,0,BULL,97.08043596890315,HIGH,0.958291942412902,1.0,12
NIFTYNEXT50,2024-04-16,0,BULL,97.08044470858252,HIGH,0.9582920672654647,1.0,13
NIFTYNEXT50,2024-04-18,0,BULL,97.08043256513277,HIGH,0.9582918937876109,1.0,14
NIFTYNEXT50,2024-04-19,0,BULL,97.08036709078674,HIGH,0.9582909584398106,1.0,15
NIFTYNEXT50,2024-04-22,0,BULL,97.08043697338952,HIGH,0.9582919567627075,1.0,16
NIFTYNEXT50,2024-04-23,0,BULL,97.08040041990755,HIGH,0.9582914345701081,1.0,17
NIFTYNEXT50,2024-04-24,0,BULL,97.08042655333904,HIGH,0.9582918079048434,1.0,18
NIFTYNEXT50,2024-04-25,0,BULL,97.0804412134072,HIGH,0.9582920173343886,1.0,19
NIFTYNEXT50,2024-04-26,0,BULL,97.08044806517991,HIGH,0.958292115216856,1.0,20
NIFTYNEXT50,2024-04-29,0,BULL,97.08044804675846,HIGH,0.9582921149536925,1.0,21
NIFTYNEXT50,2024-04-30,0,BULL,97.08044885883442,HIGH,0.9582921265547776,1.0,22
NIFTYNEXT50,2024-05-02,0,BULL,97.0804516162226,HIGH,0.9582921659460372,1.0,23
NIFTYNEXT50,2024-05-03,0,BULL,97.08044902481092,HIGH,0.9582921289258703,1.0,24
NIFTYNEXT50,2024-05-06,0,BULL,97.08044174383946,HIGH,0.9582920249119923,1.0,25
NIFTYNEXT50,2024-05-07,0,BULL,97.08003005944634,HIGH,0.9582861437063764,1.0,26
NIFTYNEXT50,2024-05-08,0,BULL,97.0804436256119,HIGH,0.9582920517944556,1.0,27
NIFTYNEXT50,2024-05-09,0,BULL,96.97964785822329,HIGH,0.9568521122603326,1.0,28
NIFTYNEXT50,2024-05-10,0,BULL,97.07873619024345,HIGH,0.9582676598606207,1.0,29
NIFTYNEXT50,2024-05-13,0,BULL,97.08014060161547,HIGH,0.9582877228802211,1.0,30
NIFTYNEXT50,2024-05-14,0,BULL,97.08042494910431,HIGH,0.9582917849872046,1.0,31
NIFTYNEXT50,2024-05-15,0,BULL,97.0804403206924,HIGH,0.9582920045813201,1.0,32
NIFTYNEXT50,2024-05-16,0,BULL,97.08044660734714,HIGH,0.9582920943906735,1.0,33
NIFTYNEXT50,2024-05-17,0,BULL,97.08044927683599,HIGH,0.9582921325262285,1.0,34
NIFTYNEXT50,2024-05-21,0,BULL,97.0804731617595,HIGH,0.9582924737394213,1.0,35
NIFTYNEXT50,2024-05-22,0,BULL,97.0804513586751,HIGH,0.9582921622667874,1.0,36
NIFTYNEXT50,2024-05-23,0,BULL,97.08045548838481,HIGH,0.9582922212626405,1.0,37
NIFTYNEXT50,2024-05-24,0,BULL,97.08045245819723,HIGH,0.9582921779742463,1.0,38
NIFTYNEXT50,2024-05-27,0,BULL,97.08045099476486,HIGH,0.9582921570680695,1.0,39
NIFTYNEXT50,2024-05-28,0,BULL,97.08044982306512,HIGH,0.9582921403295017,1.0,40
NIFTYNEXT50,2024-05-29,0,BULL,97.08044732135697,HIGH,0.9582921045908139,1.0,41
NIFTYNEXT50,2024-05-30,0,BULL,97.08044324658236,HIGH,0.9582920463797482,1.0,42
NIFTYNEXT50,2024-05-31,0,BULL,97.08045019332626,HIGH,0.9582921456189466,1.0,43
NIFTYNEXT50,2024-06-03,2,SIDE,70.21629366046324,MODERATE,0.9602327665780462,0.1,1
NIFTYNEXT50,2024-06-04,2,SIDE,73.21633662253089,MODERATE,0.9602333803218698,0.2,2
NIFTYNEXT50,2024-06-05,2,SIDE,76.21633662240693,HIGH,0.9602333803200992,0.3,3
NIFTYNEXT50,2024-06-06,2,SIDE,79.21633661192111,HIGH,0.9602333801703016,0.4,4
NIFTYNEXT50,2024-06-07,2,SIDE,82.21633661760825,HIGH,0.9602333802515464,0.5,5
NIFTYNEXT50,2024-06-10,2,SIDE,85.21633661827006,HIGH,0.9602333802610008,0.6,6
NIFTYNEXT50,2024-06-11,2,SIDE,88.21633660944241,HIGH,0.9602333801348918,0.7,7
NIFTYNEXT50,2024-06-12,2,SIDE,91.21633661754551,HIGH,0.9602333802506503,0.8,8
NIFTYNEXT50,2024-06-13,2,SIDE,94.21633662144417,HIGH,0.9602333803063453,0.9,9
NIFTYNEXT50,2024-06-14,2,SIDE,97.21633662250595,HIGH,0.9602333803215136,1.0,10
NIFTYNEXT50,2024-06-18,2,SIDE,97.21633662251735,HIGH,0.9602333803216764,1.0,11
NIFTYNEXT50,2024-06-19,2,SIDE,97.21633662173697,HIGH,0.9602333803105283,1.0,12
NIFTYNEXT50,2024-06-20,2,SIDE,97.21633662192934,HIGH,0.9602333803132764,1.0,13
NIFTYNEXT50,2024-06-21,2,SIDE,97.21633661533251,HIGH,0.9602333802190359,1.0,14
NIFTYNEXT50,2024-06-24,2,SIDE,97.21633661906812,HIGH,0.9602333802724018,1.0,15
NIFTYNEXT50,2024-06-25,2,SIDE,97.2163366225159,HIGH,0.9602333803216558,1.0,16
NIFTYNEXT50,2024-06-26,2,SIDE,97.21633662210249,HIGH,0.96023338031575,1.0,17
NIFTYNEXT50,2024-06-27,2,SIDE,97.21633662072237,HIGH,0.9602333802960339,1.0,18
NIFTYNEXT50,2024-06-28,2,SIDE,97.21633661768709,HIGH,0.9602333802526728,1.0,19
NIFTYNEXT50,2024-07-01,2,SIDE,97.21633662174236,HIGH,0.9602333803106053,1.0,20
NIFTYNEXT50,2024-07-02,2,SIDE,97.21633648732326,HIGH,0.9602333783903323,1.0,21
NIFTYNEXT50,2024-07-03,0,BULL,70.09302480981722,MODERATE,0.958471782997389,0.1,1
NIFTYNEXT50,2024-07-04,0,BULL,73.08045219969657,MODERATE,0.9582921742813796,0.2,2
NIFTYNEXT50,2024-07-05,0,BULL,76.08044767716416,HIGH,0.9582921096737738,0.3,3
NIFTYNEXT50,2024-07-08,0,BULL,79.08044683034323,HIGH,0.9582920975763319,0.4,4
NIFTYNEXT50,2024-07-09,0,BULL,82.08044884249315,HIGH,0.9582921263213308,0.5,5
NIFTYNEXT50,2024-07-10,0,BULL,85.08044878094636,HIGH,0.9582921254420909,0.6,6
NIFTYNEXT50,2024-07-11,0,BULL,88.0804489413576,HIGH,0.9582921277336801,0.7,7
NIFTYNEXT50,2024-07-12,0,BULL,91.0804484613171,HIGH,0.9582921208759586,0.8,8
NIFTYNEXT50,2024-07-15,0,BULL,94.08044899478503,HIGH,0.9582921284969289,0.9,9
NIFTYNEXT50,2024-07-16,0,BULL,97.0804484535212,HIGH,0.9582921207645885,1.0,10
NIFTYNEXT50,2024-07-18,0,BULL,97.08030635141853,HIGH,0.9582900907345504,1.0,11
NIFTYNEXT50,2024-07-19,1,BEAR,68.66211578149579,MODERATE,0.9380302254499399,0.1,1
NIFTYNEXT50,2024-07-22,1,BEAR,71.81041437880371,MODERATE,0.9401487768400532,0.2,2
NIFTYNEXT50,2024-07-23,1,BEAR,74.61040004707729,MODERATE,0.9372914292439612,0.3,3
NIFTYNEXT50,2024-07-24,1,BEAR,77.59035166782425,HIGH,0.9370050238260609,0.4,4
NIFTYNEXT50,2024-07-25,1,BEAR,80.60358233580352,HIGH,0.9371940333686218,0.5,5
NIFTYNEXT50,2024-07-26,1,BEAR,84.09419197262463,HIGH,0.9442027424660662,0.6,6
NIFTYNEXT50,2024-07-29,0,BULL,79.07234614807741,HIGH,0.9581763735439631,0.4,1
NIFTYNEXT50,2024-07-30,0,BULL,79.07942386991056,HIGH,0.9582774838558652,0.4,2
NIFTYNEXT50,2024-07-31,0,BULL,79.08028921610435,HIGH,0.9582898459443479,0.4,3
NIFTYNEXT50,2024-08-01,0,BULL,79.0779096454198,HIGH,0.9582558520774257,0.4,4
NIFTYNEXT50,2024-08-02,0,BULL,81.98084855883437,HIGH,0.9568692651262053,0.5,5
NIFTYNEXT50,2024-08-05,1,BEAR,80.5792392252105,HIGH,0.9368462746458642,0.5,1
NIFTYNEXT50,2024-08-06,1,BEAR,80.5767205618756,HIGH,0.93681029374108,0.5,2
NIFTYNEXT50,2024-08-07,1,BEAR,80.57848169356991,HIGH,0.9368354527652845,0.5,3
NIFTYNEXT50,2024-08-08,1,BEAR,80.57733153855042,HIGH,0.9368190219792918,0.5,4
NIFTYNEXT50,2024-08-09,1,BEAR,80.5886262849539,HIGH,0.9369803754993415,0.5,5
NIFTYNEXT50,2024-08-12,1,BEAR,83.5831845922142,HIGH,0.9369026370316313,0.6,6
NIFTYNEXT50,2024-08-13,1,BEAR,86.57691949229427,HIGH,0.936813135604204,0.7,7
NIFTYNEXT50,2024-08-14,1,BEAR,89.57707119569386,HIGH,0.9368153027956266,0.8,8
NIFTYNEXT50,2024-08-16,1,BEAR,92.5828299110918,HIGH,0.9368975701584544,0.9,9
NIFTYNEXT50,2024-08-19,1,BEAR,95.60771471576561,HIGH,0.9372530673680801,1.0,10
NIFTYNEXT50,2024-08-20,1,BEAR,95.79096662979707,HIGH,0.9398709518542439,1.0,11
NIFTYNEXT50,2024-08-21,1,BEAR,96.16817023414981,HIGH,0.9452595747735688,1.0,12
NIFTYNEXT50,2024-08-22,0,BULL,69.96516100767866,MODERATE,0.9566451572525522,0.1,1
NIFTYNEXT50,2024-08-23,0,BULL,73.05846354789993,MODERATE,0.9579780506842849,0.2,2
NIFTYNEXT50,2024-08-26,0,BULL,76.08040187901214,HIGH,0.9582914554144594,0.3,3
NIFTYNEXT50,2024-08-27,0,BULL,79.08044147860463,HIGH,0.9582920211229233,0.4,4
NIFTYNEXT50,2024-08-28,0,BULL,82.08042230316353,HIGH,0.9582917471880504,0.5,5
NIFTYNEXT50,2024-08-29,0,BULL,85.08042813198087,HIGH,0.9582918304568697,0.6,6
NIFTYNEXT50,2024-08-30,0,BULL,88.080435469892,HIGH,0.9582919352841714,0.7,7
NIFTYNEXT50,2024-09-02,0,BULL,91.08044428563285,HIGH,0.9582920612233266,0.8,8
NIFTYNEXT50,2024-09-03,0,BULL,94.08044894113522,HIGH,0.9582921277305032,0.9,9
NIFTYNEXT50,2024-09-04,0,BULL,97.08044891714943,HIGH,0.9582921273878489,1.0,10
NIFTYNEXT50,2024-09-05,0,BULL,97.0804488540583,HIGH,0.9582921264865474,1.0,11
NIFTYNEXT50,2024-09-06,0,BULL,97.07730255629072,HIGH,0.9582471793755818,1.0,12
NIFTYNEXT50,2024-09-09,0,BULL,97.07759115925765,HIGH,0.9582513022751095,1.0,13
NIFTYNEXT50,2024-09-10,0,BULL,97.0779152422762,HIGH,0.9582559320325174,1.0,14
NIFTYNEXT50,2024-09-11,0,BULL,96.9080512322616,HIGH,0.955829303318023,1.0,15
NIFTYNEXT50,2024-09-12,0,BULL,97.07867910139197,HIGH,0.9582668443055994,1.0,16
NIFTYNEXT50,2024-09-13,0,BULL,97.07946604989091,HIGH,0.958278086427013,1.0,17
NIFTYNEXT50,2024-09-16,0,BULL,97.07924851139553,HIGH,0.9582749787342221,1.0,18
NIFTYNEXT50,2024-09-17,0,BULL,97.07031430784903,HIGH,0.9581473472549863,1.0,19
NIFTYNEXT50,2024-09-18,0,BULL,97.02878407782853,HIGH,0.9575540582546933,1.0,20
NIFTYNEXT50,2024-09-19,1,BEAR,69.02868597643644,MODERATE,0.9432669425205205,0.1,1
NIFTYNEXT50,2024-09-20,0,BULL,93.87358108083522,HIGH,0.9553368725833604,0.9,1
NIFTYNEXT50,2024-09-23,0,BULL,94.07995329581618,HIGH,0.9582850470830884,0.9,2
NIFTYNEXT50,2024-09-24,0,BULL,94.08039831171754,HIGH,0.9582914044531079,0.9,3
NIFTYNEXT50,2024-09-25,0,BULL,94.08011471097527,HIGH,0.9582873530139323,0.9,4
NIFTYNEXT50,2024-09-26,0,BULL,94.08044580758198,HIGH,0.9582920829654569,0.9,5
NIFTYNEXT50,2024-09-27,0,BULL,94.0804496430986,HIGH,0.9582921377585515,0.9,6
NIFTYNEXT50,2024-09-30,0,BULL,94.08039880219796,HIGH,0.958291411459971,0.9,7
NIFTYNEXT50,2024-10-01,0,BULL,94.08044331207537,HIGH,0.9582920473153624,0.9,8
NIFTYNEXT50,2024-10-03,1,BEAR,71.98110835097746,MODERATE,0.9425872621568211,0.2,1
NIFTYNEXT50,2024-10-04,1,BEAR,71.58033053912504,MODERATE,0.9368618648446436,0.2,2
NIFTYNEXT50,2024-10-07,1,BEAR,74.57679636704863,MODERATE,0.9368113766721233,0.3,3
NIFTYNEXT50,2024-10-08,1,BEAR,77.57709917834282,HIGH,0.9368157025477547,0.4,4
NIFTYNEXT50,2024-10-09,1,BEAR,80.595810353182,HIGH,0.9370830050454573,0.5,5
NIFTYNEXT50,2024-10-10,1,BEAR,83.60141538706453,HIGH,0.937163076958065,0.6,6
NIFTYNEXT50,2024-10-11,1,BEAR,86.60847112112009,HIGH,0.9372638731588585,0.7,7
NIFTYNEXT50,2024-10-14,1,BEAR,89.59885907153524,HIGH,0.9371265581647892,0.8,8
NIFTYNEXT50,2024-10-15,1,BEAR,92.60954894523631,HIGH,0.937279270646233,0.9,9
NIFTYNEXT50,2024-10-16,1,BEAR,95.59329234909026,HIGH,0.9370470335584323,1.0,10
NIFTYNEXT50,2024-10-17,1,BEAR,95.57676048697988,HIGH,0.9368108640997126,1.0,11
NIFTYNEXT50,2024-10-18,1,BEAR,95.57671598048891,HIGH,0.9368102282926988,1.0,12
NIFTYNEXT50,2024-10-21,1,BEAR,95.57671768865701,HIGH,0.9368102526951002,1.0,13
NIFTYNEXT50,2024-10-22,1,BEAR,95.57833835929488,HIGH,0.936833405132784,1.0,14
NIFTYNEXT50,2024-10-23,1,BEAR,95.57754331497384,HIGH,0.936822047356769,1.0,15
NIFTYNEXT50,2024-10-24,1,BEAR,95.57682780194601,HIGH,0.936811825742086,1.0,16
NIFTYNEXT50,2024-10-25,1,BEAR,95.57763437775006,HIGH,0.9368233482535723,1.0,17
NIFTYNEXT50,2024-10-28,1,BEAR,95.57737286763088,HIGH,0.9368196123947269,1.0,18
NIFTYNEXT50,2024-10-29,1,BEAR,95.57694248682292,HIGH,0.9368134640974701,1.0,19
NIFTYNEXT50,2024-10-30,1,BEAR,95.57686517178874,HIGH,0.9368123595969821,1.0,20
NIFTYNEXT50,2024-10-31,1,BEAR,95.57687659848308,HIGH,0.9368125228354728,1.0,21
NIFTYNEXT50,2024-11-01,1,BEAR,95.57736850593786,HIGH,0.9368195500848264,1.0,22
NIFTYNEXT50,2024-11-04,1,BEAR,95.5774444042347,HIGH,0.9368206343462101,1.0,23
NIFTYNEXT50,2024-11-05,1,BEAR,95.57678211079077,HIGH,0.9368111730112968,1.0,24
NIFTYNEXT50,2024-11-06,1,BEAR,95.57681411288942,HIGH,0.9368116301841348,1.0,25
NIFTYNEXT50,2024-11-07,1,BEAR,95.57670395103194,HIGH,0.9368100564433137,1.0,26
NIFTYNEXT50,2024-11-08,1,BEAR,95.5767179190717,HIGH,0.9368102559867386,1.0,27
NIFTYNEXT50,2024-11-11,1,BEAR,95.5767111462094,HIGH,0.9368101592315629,1.0,28
NIFTYNEXT50,2024-11-12,1,BEAR,95.57687694143382,HIGH,0.936812527734769,1.0,29
NIFTYNEXT50,2024-11-13,1,BEAR,95.57757470196879,HIGH,0.9368224957424113,1.0,30
NIFTYNEXT50,2024-11-14,1,BEAR,95.57684203979773,HIGH,0.9368120291399678,1.0,31
NIFTYNEXT50,2024-11-18,1,BEAR,95.57677246376291,HIGH,0.936811035196613,1.0,32
NIFTYNEXT50,2024-11-19,1,BEAR,95.57674143148134,HIGH,0.936810591878305,1.0,33
NIFTYNEXT50,2024-11-21,1,BEAR,95.57722500210627,HIGH,0.9368175000300899,1.0,34
NIFTYNEXT50,2024-11-22,1,BEAR,95.57681906060202,HIGH,0.9368117008657434,1.0,35
NIFTYNEXT50,2024-11-25,1,BEAR,95.58493456332387,HIGH,0.9369276366189123,1.0,36
NIFTYNEXT50,2024-11-26,1,BEAR,95.57731325004235,HIGH,0.9368187607148909,1.0,37
NIFTYNEXT50,2024-11-27,1,BEAR,95.58108131424265,HIGH,0.9368725902034666,1.0,38
NIFTYNEXT50,2024-11-28,1,BEAR,95.57842314923646,HIGH,0.9368346164176636,1.0,39
NIFTYNEXT50,2024-11-29,1,BEAR,95.60504834382722,HIGH,0.9372149763403889,1.0,40
NIFTYNEXT50,2024-12-02,1,BEAR,95.92594114621664,HIGH,0.9417991592316662,1.0,41
NIFTYNEXT50,2024-12-03,0,BULL,69.95741532747678,MODERATE,0.9565345046782397,0.1,1
NIFTYNEXT50,2024-12-04,0,BULL,73.08034655716578,MODERATE,0.9582906651023682,0.2,2
NIFTYNEXT50,2024-12-05,0,BULL,76.08044992603003,HIGH,0.9582921418004291,0.3,3
NIFTYNEXT50,2024-12-06,0,BULL,79.08045080061456,HIGH,0.9582921542944938,0.4,4
NIFTYNEXT50,2024-12-09,0,BULL,82.08044883887828,HIGH,0.9582921262696897,0.5,5
NIFTYNEXT50,2024-12-10,0,BULL,85.08044914774231,HIGH,0.958292130682033,0.6,6
NIFTYNEXT50,2024-12-11,0,BULL,88.08044978925501,HIGH,0.9582921398465002,0.7,7
NIFTYNEXT50,2024-12-12,0,BULL,91.08044914716854,HIGH,0.9582921306738363,0.8,8
NIFTYNEXT50,2024-12-13,0,BULL,94.08044888820993,HIGH,0.9582921269744274,0.9,9
NIFTYNEXT50,2024-12-16,0,BULL,97.08044891786456,HIGH,0.9582921273980651,1.0,10
NIFTYNEXT50,2024-12-17,0,BULL,97.07986880693697,HIGH,0.9582838400990998,1.0,11
NIFTYNEXT50,2024-12-18,0,BULL,96.94015976136706,HIGH,0.9562879965909581,1.0,12
NIFTYNEXT50,2024-12-19,1,BEAR,68.68277346593553,MODERATE,0.9383253352276505,0.1,1
NIFTYNEXT50,2024-12-20,1,BEAR,71.57759994634809,MODERATE,0.9368228563764013,0.2,2
NIFTYNEXT50,2024-12-23,1,BEAR,74.57670488867676,MODERATE,0.9368100698382394,0.3,3
NIFTYNEXT50,2024-12-24,1,BEAR,77.57672232517815,HIGH,0.9368103189311165,0.4,4
NIFTYNEXT50,2024-12-26,1,BEAR,80.57672149125185,HIGH,0.9368103070178836,0.5,5
NIFTYNEXT50,2024-12-27,1,BEAR,83.57684330354505,HIGH,0.9368120471935006,0.6,6
NIFTYNEXT50,2024-12-30,2,SIDE,69.61312142840376,MODERATE,0.951616020405768,0.1,1
NIFTYNEXT50,2024-12-31,1,BEAR,86.59850812701364,HIGH,0.9371215446716236,0.7,1
NIFTYNEXT50,2025-01-01,1,BEAR,89.57725382604332,HIGH,0.9368179118006188,0.8,2
NIFTYNEXT50,2025-01-02,1,BEAR,92.57672174853558,HIGH,0.9368103106933653,0.9,3
NIFTYNEXT50,2025-01-03,1,BEAR,92.57670739150026,HIGH,0.936810105592861,0.9,4
NIFTYNEXT50,2025-01-06,1,BEAR,92.57907347349371,HIGH,0.9368439067641957,0.9,5
NIFTYNEXT50,2025-01-07,1,BEAR,92.57676955942613,HIGH,0.9368109937060876,0.9,6
NIFTYNEXT50,2025-01-08,1,BEAR,92.57678489036823,HIGH,0.936811212719546,0.9,7
NIFTYNEXT50,2025-01-09,1,BEAR,92.57700197301219,HIGH,0.9368143139001741,0.9,8
NIFTYNEXT50,2025-01-10,1,BEAR,92.58043207575847,HIGH,0.9368633153679781,0.9,9
NIFTYNEXT50,2025-01-13,2,SIDE,70.2151856390487,MODERATE,0.9602169377006956,0.1,1
NIFTYNEXT50,2025-01-14,2,SIDE,73.21357755205524,MODERATE,0.9601939650293607,0.2,2
NIFTYNEXT50,2025-01-15,2,SIDE,75.9550736864197,HIGH,0.9565010526631386,0.3,3
NIFTYNEXT50,2025-01-16,1,BEAR,86.80877248242888,HIGH,0.9401253211775554,0.7,1
NIFTYNEXT50,2025-01-17,1,BEAR,86.58071398983077,HIGH,0.9368673427118682,0.7,2
NIFTYNEXT50,2025-01-20,1,BEAR,86.57681818607708,HIGH,0.9368116883725298,0.7,3
NIFTYNEXT50,2025-01-21,1,BEAR,86.596100303443,HIGH,0.937087147192043,0.7,4
NIFTYNEXT50,2025-01-22,1,BEAR,86.58229344222998,HIGH,0.9368899063175713,0.7,5
NIFTYNEXT50,2025-01-23,1,BEAR,86.57772168295605,HIGH,0.9368245954708009,0.7,6
NIFTYNEXT50,2025-01-24,1,BEAR,86.57992294683427,HIGH,0.9368560420976326,0.7,7
NIFTYNEXT50,2025-01-27,1,BEAR,90.09100999884518,HIGH,0.9441572856977883,0.8,8
NIFTYNEXT50,2025-01-28,2,SIDE,72.54013893782891,MODERATE,0.950573413397556,0.2,1
NIFTYNEXT50,2025-01-29,1,BEAR,93.34025157498978,HIGH,0.9477178796427111,0.9,1
NIFTYNEXT50,2025-01-30,1,BEAR,92.72101537628842,HIGH,0.9388716482326916,0.9,2
NIFTYNEXT50,2025-01-31,1,BEAR,92.76806585694263,HIGH,0.9395437979563233,0.9,3
NIFTYNEXT50,2025-02-03,1,BEAR,92.59876806940416,HIGH,0.9371252581343451,0.9,4
NIFTYNEXT50,2025-02-04,1,BEAR,92.58632892175012,HIGH,0.9369475560250018,0.9,5
NIFTYNEXT50,2025-02-05,1,BEAR,92.58110218254153,HIGH,0.9368728883220219,0.9,6
NIFTYNEXT50,2025-02-06,1,BEAR,92.5788637480879,HIGH,0.9368409106869698,0.9,7
NIFTYNEXT50,2025-02-07,1,BEAR,92.57777454624166,HIGH,0.936825350660595,0.9,8
NIFTYNEXT50,2025-02-10,1,BEAR,92.57710181849484,HIGH,0.936815740264212,0.9,9
NIFTYNEXT50,2025-02-11,1,BEAR,95.57836921525526,HIGH,0.9368338459322183,1.0,10
NIFTYNEXT50,2025-02-12,1,BEAR,95.57721901970989,HIGH,0.9368174145672841,1.0,11
NIFTYNEXT50,2025-02-13,1,BEAR,95.57689246341926,HIGH,0.9368127494774178,1.0,12
NIFTYNEXT50,2025-02-14,1,BEAR,95.58086603392894,HIGH,0.9368695147704135,1.0,13
NIFTYNEXT50,2025-02-17,1,BEAR,95.5778138710468,HIGH,0.9368259124435259,1.0,14
NIFTYNEXT50,2025-02-18,1,BEAR,95.57710977791783,HIGH,0.9368158539702548,1.0,15
NIFTYNEXT50,2025-02-19,1,BEAR,95.57689251984117,HIGH,0.9368127502834454,1.0,16
NIFTYNEXT50,2025-02-20,1,BEAR,95.57682761204424,HIGH,0.9368118230292035,1.0,17
NIFTYNEXT50,2025-02-21,1,BEAR,95.57675867131725,HIGH,0.936810838161675,1.0,18
NIFTYNEXT50,2025-02-24,1,BEAR,95.57682165461539,HIGH,0.9368117379230771,1.0,19
NIFTYNEXT50,2025-02-25,1,BEAR,95.57687396830742,HIGH,0.9368124852615348,1.0,20
NIFTYNEXT50,2025-02-27,1,BEAR,95.57696398653918,HIGH,0.9368137712362742,1.0,21
NIFTYNEXT50,2025-02-28,2,SIDE,69.9270555932661,MODERATE,0.9561007941895159,0.1,1
NIFTYNEXT50,2025-03-03,1,BEAR,93.01405008554485,HIGH,0.9430578583649265,0.9,1
NIFTYNEXT50,2025-03-04,1,BEAR,92.58519987102079,HIGH,0.9369314267288683,0.9,2
NIFTYNEXT50,2025-03-05,1,BEAR,92.57734422866214,HIGH,0.9368192032666021,0.9,3
NIFTYNEXT50,2025-03-06,1,BEAR,92.57685147781015,HIGH,0.9368121639687165,0.9,4
NIFTYNEXT50,2025-03-07,1,BEAR,92.57687480212714,HIGH,0.9368124971732449,0.9,5
NIFTYNEXT50,2025-03-10,1,BEAR,92.57682689501901,HIGH,0.9368118127859858,0.9,6
NIFTYNEXT50,2025-03-11,1,BEAR,92.5768219774115,HIGH,0.9368117425344501,0.9,7
NIFTYNEXT50,2025-03-12,1,BEAR,92.57675376987162,HIGH,0.936810768141023,0.9,8
NIFTYNEXT50,2025-03-13,1,BEAR,92.57671830884597,HIGH,0.9368102615549423,0.9,9
NIFTYNEXT50,2025-03-17,1,BEAR,95.57684017185501,HIGH,0.9368120024550717,1.0,10
NIFTYNEXT50,2025-03-18,1,BEAR,95.61465404809123,HIGH,0.9373522006870176,1.0,11
NIFTYNEXT50,2025-03-19,0,BULL,69.86568852366118,MODERATE,0.9552241217665882,0.1,1
NIFTYNEXT50,2025-03-20,0,BULL,73.08019384449611,MODERATE,0.9582884834928017,0.2,2
NIFTYNEXT50,2025-03-21,0,BULL,76.08046478648146,HIGH,0.9582923540925922,0.3,3
NIFTYNEXT50,2025-03-24,0,BULL,79.08048959746874,HIGH,0.9582927085352678,0.4,4
NIFTYNEXT50,2025-03-25,0,BULL,82.08044467173794,HIGH,0.9582920667391135,0.5,5
NIFTYNEXT50,2025-03-26,0,BULL,85.080372352518,HIGH,0.9582910336074001,0.6,6
NIFTYNEXT50,2025-03-27,0,BULL,88.08346245551068,HIGH,0.9583351779358671,0.7,7
NIFTYNEXT50,2025-03-28,0,BULL,91.08044058347598,HIGH,0.9582920083353712,0.8,8
NIFTYNEXT50,2025-04-01,0,BULL,94.08029448713773,HIGH,0.9582899212448247,0.9,9
NIFTYNEXT50,2025-04-02,0,BULL,97.08044314127939,HIGH,0.95829204487542,1.0,10
NIFTYNEXT50,2025-04-03,0,BULL,97.08043820489891,HIGH,0.9582919743556989,1.0,11
NIFTYNEXT50,2025-04-04,1,BEAR,69.19573170700866,MODERATE,0.9456533101001237,0.1,1
NIFTYNEXT50,2025-04-07,1,BEAR,71.57794702209341,MODERATE,0.9368278146013347,0.2,2
NIFTYNEXT50,2025-04-08,1,BEAR,74.5774842159878,MODERATE,0.9368212030855401,0.3,3
NIFTYNEXT50,2025-04-09,1,BEAR,77.57685927009332,HIGH,0.9368122752870475,0.4,4
NIFTYNEXT50,2025-04-11,1,BEAR,80.57828581727964,HIGH,0.9368326545325663,0.5,5
NIFTYNEXT50,2025-04-15,1,BEAR,83.792545416743,HIGH,0.9398935059534713,0.6,6
NIFTYNEXT50,2025-04-16,1,BEAR,87.27844354865037,HIGH,0.9468349078378626,0.7,7
NIFTYNEXT50,2025-04-17,0,BULL,76.05591328461284,HIGH,0.9579416183516122,0.3,1
NIFTYNEXT50,2025-04-21,0,BULL,76.08298315421126,HIGH,0.9583283307744468,0.3,2
NIFTYNEXT50,2025-04-22,0,BULL,76.0806674443128,HIGH,0.9582952492044687,0.3,3
NIFTYNEXT50,2025-04-23,0,BULL,79.08052231069915,HIGH,0.9582931758671308,0.4,4
NIFTYNEXT50,2025-04-24,0,BULL,82.08046966051782,HIGH,0.9582924237216831,0.5,5
NIFTYNEXT50,2025-04-25,0,BULL,84.86507896226409,HIGH,0.9552154137466299,0.6,6
NIFTYNEXT50,2025-04-28,0,BULL,88.07830209209072,HIGH,0.9582614584584389,0.7,7
NIFTYNEXT50,2025-04-29,0,BULL,91.08028261433518,HIGH,0.9582897516333596,0.8,8
NIFTYNEXT50,2025-04-30,0,BULL,94.0804027750703,HIGH,0.95829146821529,0.9,9
NIFTYNEXT50,2025-05-02,0,BULL,97.08027644407721,HIGH,0.9582896634868174,1.0,10
NIFTYNEXT50,2025-05-05,0,BULL,97.08046529208015,HIGH,0.9582923613154307,1.0,11
NIFTYNEXT50,2025-05-06,0,BULL,96.36867167587648,HIGH,0.94812388108395,1.0,12
NIFTYNEXT50,2025-05-07,0,BULL,96.40160304051157,HIGH,0.9485943291501653,1.0,13
NIFTYNEXT50,2025-05-08,1,BEAR,68.58219031547189,MODERATE,0.9368884330781698,0.1,1
NIFTYNEXT50,2025-05-09,1,BEAR,71.57680330712492,MODERATE,0.9368114758160704,0.2,2
NIFTYNEXT50,2025-05-12,1,BEAR,75.20181982243547,HIGH,0.9457402831776497,0.3,3
NIFTYNEXT50,2025-05-13,1,BEAR,77.94914569596602,HIGH,0.9421306527995147,0.4,4
NIFTYNEXT50,2025-05-14,1,BEAR,81.04689708217985,HIGH,0.9435271011739981,0.5,5
NIFTYNEXT50,2025-05-15,0,BULL,81.97922317977354,HIGH,0.9568460454253364,0.5,1
NIFTYNEXT50,2025-05-16,0,BULL,82.08057263733988,HIGH,0.9582938948191413,0.5,2
NIFTYNEXT50,2025-05-19,0,BULL,82.0804407965861,HIGH,0.9582920113798016,0.5,3
NIFTYNEXT50,2025-05-20,0,BULL,82.04920345226668,HIGH,0.9578457636038098,0.5,4
NIFTYNEXT50,2025-05-21,0,BULL,82.08014992389224,HIGH,0.9582878560556035,0.5,5
NIFTYNEXT50,2025-05-22,0,BULL,85.07995144115357,HIGH,0.9582850205879081,0.6,6
NIFTYNEXT50,2025-05-23,0,BULL,88.08017316762071,HIGH,0.9582881881088674,0.7,7
NIFTYNEXT50,2025-05-26,0,BULL,91.08044189545257,HIGH,0.9582920270778938,0.8,8
NIFTYNEXT50,2025-05-27,0,BULL,94.0803982195026,HIGH,0.9582914031357515,0.9,9
NIFTYNEXT50,2025-05-28,0,BULL,97.08043930487568,HIGH,0.9582919900696527,1.0,10
NIFTYNEXT50,2025-05-29,0,BULL,97.08044427789997,HIGH,0.9582920611128569,1.0,11
NIFTYNEXT50,2025-05-30,0,BULL,97.08012269920283,HIGH,0.9582874671314692,1.0,12
NIFTYNEXT50,2025-06-02,0,BULL,97.08024769566681,HIGH,0.9582892527952402,1.0,13
NIFTYNEXT50,2025-06-03,0,BULL,97.07711878190565,HIGH,0.9582445540272236,1.0,14
NIFTYNEXT50,2025-06-04,0,BULL,97.07708975778718,HIGH,0.9582441393969597,1.0,15
NIFTYNEXT50,2025-06-05,0,BULL,97.0756381473145,HIGH,0.958223402104493,1.0,16
NIFTYNEXT50,2025-06-06,0,BULL,97.08012375391223,HIGH,0.9582874821987465,1.0,17
NIFTYNEXT50,2025-06-09,0,BULL,97.08044873831625,HIGH,0.9582921248330893,1.0,18
NIFTYNEXT50,2025-06-10,0,BULL,97.08044826178927,HIGH,0.958292118025561,1.0,19
NIFTYNEXT50,2025-06-11,0,BULL,97.08044794095731,HIGH,0.9582921134422475,1.0,20
NIFTYNEXT50,2025-06-12,0,BULL,97.04693632790334,HIGH,0.957813376112905,1.0,21
NIFTYNEXT50,2025-06-13,0,BULL,96.82529477228938,HIGH,0.9546470681755628,1.0,22
NIFTYNEXT50,2025-06-16,0,BULL,97.04652194569852,HIGH,0.9578074563671218,1.0,23
NIFTYNEXT50,2025-06-17,0,BULL,96.97766007598902,HIGH,0.9568237153712718,1.0,24
NIFTYNEXT50,2025-06-18,0,BULL,96.72351484489614,HIGH,0.953193069212802,1.0,25
NIFTYNEXT50,2025-06-19,1,BEAR,68.5817863149137,MODERATE,0.9368826616416244,0.1,1
NIFTYNEXT50,2025-06-20,1,BEAR,71.63481241392971,MODERATE,0.937640177341853,0.2,2
NIFTYNEXT50,2025-06-23,1,BEAR,74.65224754024916,MODERATE,0.9378892505749881,0.3,3
NIFTYNEXT50,2025-06-24,1,BEAR,78.05133083564114,HIGH,0.9435904405091593,0.4,4
NIFTYNEXT50,2025-06-25,0,BULL,84.85668693486998,HIGH,0.9550955276409999,0.6,1
NIFTYNEXT50,2025-06-26,0,BULL,85.07043406719193,HIGH,0.9581490581027419,0.6,2
NIFTYNEXT50,2025-06-27,0,BULL,85.07927342916568,HIGH,0.958275334702367,0.6,3
NIFTYNEXT50,2025-06-30,0,BULL,85.0797778772831,HIGH,0.9582825411040445,0.6,4
NIFTYNEXT50,2025-07-01,0,BULL,85.07942458254445,HIGH,0.9582774940363494,0.6,5
NIFTYNEXT50,2025-07-02,0,BULL,85.08008409580098,HIGH,0.9582869156542998,0.6,6
NIFTYNEXT50,2025-07-03,0,BULL,88.07945908506557,HIGH,0.9582779869295082,0.7,7
NIFTYNEXT50,2025-07-04,0,BULL,91.08004161803845,HIGH,0.9582863088291208,0.8,8
NIFTYNEXT50,2025-07-07,0,BULL,94.08037461242886,HIGH,0.9582910658918408,0.9,9
NIFTYNEXT50,2025-07-08,0,BULL,97.08040636677848,HIGH,0.9582915195254068,1.0,10
NIFTYNEXT50,2025-07-09,0,BULL,97.0804476482657,HIGH,0.9582921092609388,1.0,11
NIFTYNEXT50,2025-07-10,0,BULL,97.08043096464338,HIGH,0.9582918709234771,1.0,12
NIFTYNEXT50,2025-07-11,0,BULL,97.07759555427383,HIGH,0.9582513650610547,1.0,13
NIFTYNEXT50,2025-07-14,0,BULL,97.07942670235306,HIGH,0.9582775243193294,1.0,14
NIFTYNEXT50,2025-07-15,0,BULL,97.08019207480089,HIGH,0.9582884582114416,1.0,15
NIFTYNEXT50,2025-07-16,0,BULL,97.07970485237753,HIGH,0.9582814978911077,1.0,16
NIFTYNEXT50,2025-07-17,0,BULL,97.06804014489883,HIGH,0.9581148592128406,1.0,17
NIFTYNEXT50,2025-07-18,0,BULL,96.3388039466325,HIGH,0.9476971992376071,1.0,18
NIFTYNEXT50,2025-07-21,1,BEAR,69.13813318618548,MODERATE,0.9448304740883642,0.1,1
NIFTYNEXT50,2025-07-22,1,BEAR,71.74592686180326,MODERATE,0.9392275265971894,0.2,2
NIFTYNEXT50,2025-07-23,1,BEAR,74.81586750188394,MODERATE,0.9402266785983421,0.3,3
NIFTYNEXT50,2025-07-24,1,BEAR,77.64560423117204,HIGH,0.9377943461596006,0.4,4
NIFTYNEXT50,2025-07-25,1,BEAR,80.57674565430327,HIGH,0.9368106522043324,0.5,5
NIFTYNEXT50,2025-07-28,1,BEAR,83.57672179869671,HIGH,0.9368103114099531,0.6,6
NIFTYNEXT50,2025-07-29,1,BEAR,86.5770427513218,HIGH,0.9368148964474543,0.7,7
NIFTYNEXT50,2025-07-30,1,BEAR,89.57739704593315,HIGH,0.936819957799045,0.8,8
NIFTYNEXT50,2025-07-31,1,BEAR,92.57698471372599,HIGH,0.9368140673389427,0.9,9
NIFTYNEXT50,2025-08-01,1,BEAR,95.57671383801387,HIGH,0.9368101976859126,1.0,10
NIFTYNEXT50,2025-08-04,1,BEAR,95.57677417143759,HIGH,0.9368110595919658,1.0,11
NIFTYNEXT50,2025-08-05,1,BEAR,95.57673125945114,HIGH,0.9368104465635877,1.0,12
NIFTYNEXT50,2025-08-06,1,BEAR,95.5767045319045,HIGH,0.936810064741493,1.0,13
NIFTYNEXT50,2025-08-07,1,BEAR,95.57671541604024,HIGH,0.9368102202291466,1.0,14
NIFTYNEXT50,2025-08-08,1,BEAR,95.57671651421833,HIGH,0.9368102359174048,1.0,15
NIFTYNEXT50,2025-08-11,1,BEAR,95.57673254728212,HIGH,0.936810464961173,1.0,16
NIFTYNEXT50,2025-08-12,1,BEAR,95.5767292420761,HIGH,0.9368104177439442,1.0,17
NIFTYNEXT50,2025-08-13,1,BEAR,95.57708525762317,HIGH,0.9368155036803311,1.0,18
NIFTYNEXT50,2025-08-14,1,BEAR,95.57758116145794,HIGH,0.9368225880208277,1.0,19
NIFTYNEXT50,2025-08-18,1,BEAR,95.68790726319874,HIGH,0.9383986751885535,1.0,20
NIFTYNEXT50,2025-08-19,0,BULL,69.36257196320807,MODERATE,0.948036742331544,0.1,1
NIFTYNEXT50,2025-08-20,0,BULL,73.02662862585319,MODERATE,0.9575232660836169,0.2,2
NIFTYNEXT50,2025-08-21,0,BULL,76.07249255015097,HIGH,0.9581784650021569,0.3,3
NIFTYNEXT50,2025-08-22,0,BULL,79.07276480838946,HIGH,0.9581823544055639,0.4,4
NIFTYNEXT50,2025-08-25,0,BULL,82.07451425947025,HIGH,0.9582073465638609,0.5,5
NIFTYNEXT50,2025-08-26,0,BULL,84.88246214917181,HIGH,0.9554637449881688,0.6,6
NIFTYNEXT50,2025-08-28,1,BEAR,77.58548516915211,HIGH,0.9369355024164586,0.4,1
NIFTYNEXT50,2025-08-29,1,BEAR,77.57682313996465,HIGH,0.9368117591423522,0.4,2
NIFTYNEXT50,2025-09-01,1,BEAR,77.61293423314713,HIGH,0.937327631902102,0.4,3
NIFTYNEXT50,2025-09-02,1,BEAR,77.70313773233661,HIGH,0.9386162533190946,0.4,4
NIFTYNEXT50,2025-09-03,0,BULL,84.47292189582618,HIGH,0.9496131699403739,0.6,1
NIFTYNEXT50,2025-09-04,0,BULL,84.34265097384693,HIGH,0.9477521567692417,0.6,2
NIFTYNEXT50,2025-09-05,1,BEAR,81.27837812769042,HIGH,0.9468339732527203,0.5,1
NIFTYNEXT50,2025-09-08,1,BEAR,84.21579371366148,HIGH,0.9459399101951642,0.6,2
NIFTYNEXT50,2025-09-09,1,BEAR,86.96990199724539,HIGH,0.94242717138922,0.7,3
NIFTYNEXT50,2025-09-10,1,BEAR,90.06647898204815,HIGH,0.943806842600688,0.8,4
NIFTYNEXT50,2025-09-11,0,BULL,75.83266526725353,HIGH,0.9547523609607649,0.3,1
NIFTYNEXT50,2025-09-12,0,BULL,79.06754227121331,HIGH,0.9581077467316188,0.4,2
NIFTYNEXT50,2025-09-15,0,BULL,82.07971785927406,HIGH,0.9582816837039152,0.5,3
NIFTYNEXT50,2025-09-16,0,BULL,85.08044018993597,HIGH,0.9582920027133709,0.6,4
NIFTYNEXT50,2025-09-17,0,BULL,85.0804488874106,HIGH,0.9582921269630086,0.6,5
NIFTYNEXT50,2025-09-18,0,BULL,85.08044896145559,HIGH,0.9582921280207943,0.6,6
NIFTYNEXT50,2025-09-19,0,BULL,88.08044959975557,HIGH,0.9582921371393652,0.7,7
NIFTYNEXT50,2025-09-22,0,BULL,91.0804491756779,HIGH,0.958292131081113,0.8,8
NIFTYNEXT50,2025-09-23,0,BULL,94.08044917698899,HIGH,0.9582921310998427,0.9,9
NIFTYNEXT50,2025-09-24,0,BULL,97.08040250950324,HIGH,0.958291464421475,1.0,10
NIFTYNEXT50,2025-09-25,0,BULL,97.07911001890497,HIGH,0.9582730002700711,1.0,11
NIFTYNEXT50,2025-09-26,1,BEAR,68.6681078622221,MODERATE,0.9381158266031727,0.1,1
NIFTYNEXT50,2025-09-29,1,BEAR,71.71050750497095,MODERATE,0.9387215357852993,0.2,2
NIFTYNEXT50,2025-09-30,1,BEAR,74.66145388734185,MODERATE,0.9380207698191693,0.3,3
NIFTYNEXT50,2025-10-01,1,BEAR,77.70935677898878,HIGH,0.9387050968426969,0.4,4
NIFTYNEXT50,2025-10-03,1,BEAR,80.97678582026579,HIGH,0.9425255117180826,0.5,5
NIFTYNEXT50,2025-10-06,1,BEAR,84.32764500947481,HIGH,0.9475377858496402,0.6,6
NIFTYNEXT50,2025-10-07,0,BULL,78.45381253618652,HIGH,0.9493401790883789,0.4,1
NIFTYNEXT50,2025-10-08,1,BEAR,86.6515651608583,HIGH,0.9378795022979757,0.7,1
NIFTYNEXT50,2025-10-09,1,BEAR,89.63690770518855,HIGH,0.9376701100741223,0.8,2
NIFTYNEXT50,2025-10-10,1,BEAR,92.62259213139212,HIGH,0.9374656018770304,0.9,3
NIFTYNEXT50,2025-10-13,1,BEAR,92.58902834526981,HIGH,0.9369861192181401,0.9,4
NIFTYNEXT50,2025-10-14,1,BEAR,92.57875460450362,HIGH,0.936839351492909,0.9,5
NIFTYNEXT50,2025-10-15,1,BEAR,93.03930749305972,HIGH,0.9434186784722817,0.9,6
NIFTYNEXT50,2025-10-16,0,BULL,73.0610359331553,MODERATE,0.9580147990450756,0.2,1
NIFTYNEXT50,2025-10-17,0,BULL,76.08042728456272,HIGH,0.958291818350896,0.3,2
NIFTYNEXT50,2025-10-20,0,BULL,79.08041101513835,HIGH,0.958291585930548,0.4,3
NIFTYNEXT50,2025-10-21,0,BULL,79.08044270764724,HIGH,0.9582920386806748,0.4,4
NIFTYNEXT50,2025-10-23,0,BULL,82.08035521516007,HIGH,0.9582907887880009,0.5,5
NIFTYNEXT50,2025-10-24,0,BULL,85.08010822921248,HIGH,0.9582872604173214,0.6,6
NIFTYNEXT50,2025-10-27,0,BULL,88.08028646810243,HIGH,0.9582898066871777,0.7,7
NIFTYNEXT50,2025-10-28,0,BULL,91.07665856500051,HIGH,0.9582379795000073,0.8,8
NIFTYNEXT50,2025-10-29,0,BULL,94.080448601004,HIGH,0.9582921228714857,0.9,9
NIFTYNEXT50,2025-10-30,0,BULL,97.08043157717177,HIGH,0.9582918796738823,1.0,10
NIFTYNEXT50,2025-10-31,0,BULL,97.08020367718913,HIGH,0.9582886239598446,1.0,11
NIFTYNEXT50,2025-11-03,0,BULL,97.08044703957017,HIGH,0.9582921005652882,1.0,12
NIFTYNEXT50,2025-11-04,0,BULL,97.08040990497027,HIGH,0.958291570071004,1.0,13
NIFTYNEXT50,2025-11-06,0,BULL,96.96445009385923,HIGH,0.9566350013408461,1.0,14
NIFTYNEXT50,2025-11-07,0,BULL,96.92040591786781,HIGH,0.956005798826683,1.0,15
NIFTYNEXT50,2025-11-10,0,BULL,97.03861852202668,HIGH,0.9576945503146671,1.0,16
NIFTYNEXT50,2025-11-11,0,BULL,97.06069917085907,HIGH,0.9580099881551296,1.0,17
NIFTYNEXT50,2025-11-12,0,BULL,97.06590357342277,HIGH,0.9580843367631825,1.0,18
NIFTYNEXT50,2025-11-13,0,BULL,97.06942269519914,HIGH,0.9581346099314164,1.0,19
NIFTYNEXT50,2025-11-14,0,BULL,97.06593147724966,HIGH,0.9580847353892812,1.0,20
NIFTYNEXT50,2025-11-17,0,BULL,97.07664463202481,HIGH,0.9582377804574975,1.0,21
NIFTYNEXT50,2025-11-18,0,BULL,97.03499726998905,HIGH,0.9576428181427009,1.0,22
NIFTYNEXT50,2025-11-19,0,BULL,96.63333259361985,HIGH,0.9519047513374267,1.0,23
NIFTYNEXT50,2025-11-20,1,BEAR,69.01013479222537,MODERATE,0.9430019256032196,0.1,1
NIFTYNEXT50,2025-11-21,1,BEAR,71.57720543377212,MODERATE,0.9368172204824591,0.2,2
NIFTYNEXT50,2025-11-24,1,BEAR,74.57679615119135,MODERATE,0.936811373588448,0.3,3
NIFTYNEXT50,2025-11-25,1,BEAR,77.57672110425862,HIGH,0.936810301489409,0.4,4
NIFTYNEXT50,2025-11-26,1,BEAR,80.5876379401585,HIGH,0.9369662562879787,0.5,5
NIFTYNEXT50,2025-11-27,1,BEAR,83.58501043102267,HIGH,0.936928720443181,0.6,6
NIFTYNEXT50,2025-11-28,1,BEAR,86.58425455627548,HIGH,0.936917922232507,0.7,7
NIFTYNEXT50,2025-12-01,1,BEAR,89.58658818185121,HIGH,0.9369512597407317,0.8,8
NIFTYNEXT50,2025-12-02,2,SIDE,70.16900496373164,MODERATE,0.959557213767595,0.1,1
NIFTYNEXT50,2025-12-03,1,BEAR,92.65132982827613,HIGH,0.9378761404039447,0.9,1
NIFTYNEXT50,2025-12-04,1,BEAR,92.577463720186,HIGH,0.9368209102883716,0.9,2
NIFTYNEXT50,2025-12-05,1,BEAR,92.57734502947233,HIGH,0.9368192147067474,0.9,3
NIFTYNEXT50,2025-12-08,1,BEAR,92.57672372343183,HIGH,0.9368103389061689,0.9,4
NIFTYNEXT50,2025-12-09,1,BEAR,92.57672021887218,HIGH,0.9368102888410313,0.9,5
NIFTYNEXT50,2025-12-10,1,BEAR,92.57670841705675,HIGH,0.9368101202436679,0.9,6
NIFTYNEXT50,2025-12-11,1,BEAR,92.57717002125658,HIGH,0.9368167145893797,0.9,7
NIFTYNEXT50,2025-12-12,1,BEAR,92.6100117572418,HIGH,0.9372858822463114,0.9,8
NIFTYNEXT50,2025-12-15,1,BEAR,92.64602528878731,HIGH,0.9378003612683903,0.9,9
NIFTYNEXT50,2025-12-16,1,BEAR,95.57882608387216,HIGH,0.9368403726267451,1.0,10
NIFTYNEXT50,2025-12-17,1,BEAR,95.5771566845004,HIGH,0.9368165240642914,1.0,11
NIFTYNEXT50,2025-12-18,1,BEAR,95.57686457026655,HIGH,0.9368123510038079,1.0,12
NIFTYNEXT50,2025-12-19,1,BEAR,95.58023954681897,HIGH,0.9368605649545568,1.0,13
NIFTYNEXT50,2025-12-22,1,BEAR,95.61905271267462,HIGH,0.9374150387524944,1.0,14
NIFTYNEXT50,2025-12-23,1,BEAR,96.12799747920131,HIGH,0.9446856782743045,1.0,15
NIFTYNEXT50,2025-12-24,0,BULL,69.49192123554666,MODERATE,0.9498845890792379,0.1,1
NIFTYNEXT50,2025-12-26,0,BULL,72.79740063941979,MODERATE,0.9542485805631401,0.2,2
NIFTYNEXT50,2025-12-29,0,BULL,76.05450654203887,HIGH,0.9579215220291268,0.3,3
NIFTYNEXT50,2025-12-30,0,BULL,79.07288450868836,HIGH,0.9581840644098337,0.4,4
NIFTYNEXT50,2025-12-31,0,BULL,82.08029970475339,HIGH,0.9582899957821913,0.5,5
NIFTYNEXT50,2026-01-01,0,BULL,85.08039233863033,HIGH,0.9582913191232907,0.6,6
NIFTYNEXT50,2026-01-02,0,BULL,88.08044196078217,HIGH,0.958292028011174,0.7,7
NIFTYNEXT50,2026-01-05,0,BULL,91.08043647962688,HIGH,0.9582919497089555,0.8,8
NIFTYNEXT50,2026-01-06,0,BULL,94.0804472331731,HIGH,0.9582921033310443,0.9,9
NIFTYNEXT50,2026-01-07,0,BULL,97.08044856958118,HIGH,0.9582921224225884,1.0,10
NIFTYNEXT50,2026-01-08,0,BULL,96.9839118126842,HIGH,0.9569130258954888,1.0,11
NIFTYNEXT50,2026-01-09,1,BEAR,68.91615602021808,MODERATE,0.9416593717174013,0.1,1
NIFTYNEXT50,2026-01-12,1,BEAR,71.6321752986739,MODERATE,0.93760250426677,0.2,2
NIFTYNEXT50,2026-01-13,1,BEAR,74.57976818608604,MODERATE,0.9368538312298007,0.3,3
NIFTYNEXT50,2026-01-14,1,BEAR,77.59252759548288,HIGH,0.9370361085068983,0.4,4
NIFTYNEXT50,2026-01-16,1,BEAR,80.60205378559705,HIGH,0.9371721969371007,0.5,5
NIFTYNEXT50,2026-01-19,1,BEAR,83.59736606634594,HIGH,0.9371052295192276,0.6,6
NIFTYNEXT50,2026-01-20,1,BEAR,86.57682324235475,HIGH,0.936811760605068,0.7,7
NIFTYNEXT50,2026-01-21,1,BEAR,89.57670378248878,HIGH,0.936810054035554,0.8,8
NIFTYNEXT50,2026-01-22,1,BEAR,92.57671416798334,HIGH,0.9368102023997621,0.9,9
NIFTYNEXT50,2026-01-23,1,BEAR,95.57683985982001,HIGH,0.9368119979974288,1.0,10
NIFTYNEXT50,2026-01-27,1,BEAR,95.57672922637512,HIGH,0.9368104175196446,1.0,11
NIFTYNEXT50,2026-01-28,1,BEAR,95.57693529820904,HIGH,0.9368133614029863,1.0,12
NIFTYNEXT50,2026-01-29,1,BEAR,95.5801442717612,HIGH,0.936859203882303,1.0,13
NIFTYNEXT50,2026-01-30,1,BEAR,95.57706075950485,HIGH,0.9368151537072121,1.0,14
NIFTYNEXT50,2026-02-02,1,BEAR,95.5767147708201,HIGH,0.9368102110117158,1.0,15
NIFTYNEXT50,2026-02-03,1,BEAR,95.59563716259345,HIGH,0.9370805308941922,1.0,16
NIFTYNEXT50,2026-02-04,1,BEAR,95.85805438441773,HIGH,0.9408293483488247,1.0,17
NIFTYNEXT50,2026-02-05,1,BEAR,95.75192345561719,HIGH,0.9393131922231028,1.0,18
NIFTYNEXT50,2026-02-06,1,BEAR,95.81235526711909,HIGH,0.9401765038159869,1.0,19
NIFTYNEXT50,2026-02-09,0,BULL,69.80380743545484,MODERATE,0.9543401062207835,0.1,1
NIFTYNEXT50,2026-02-10,0,BULL,73.07881751259828,MODERATE,0.9582688216085471,0.2,2
NIFTYNEXT50,2026-02-11,0,BULL,76.08039767728769,HIGH,0.9582913953898243,0.3,3
NIFTYNEXT50,2026-02-12,0,BULL,79.07992253123099,HIGH,0.9582846075890142,0.4,4
NIFTYNEXT50,2026-02-13,0,BULL,82.03606734795454,HIGH,0.9576581049707793,0.5,5
NIFTYNEXT50,2026-02-16,0,BULL,85.08031482301152,HIGH,0.9582902117573074,0.6,6
NIFTYNEXT50,2026-02-17,0,BULL,88.07926916126968,HIGH,0.958275273732424,0.7,7
NIFTYNEXT50,2026-02-18,0,BULL,91.0802456344724,HIGH,0.9582892233496058,0.8,8
NIFTYNEXT50,2026-02-19,0,BULL,93.69169245181267,HIGH,0.952738463597324,0.9,9
NIFTYNEXT50,2026-02-20,0,BULL,97.05369340029122,HIGH,0.957909905718446,1.0,10
NIFTYNEXT50,2026-02-23,0,BULL,97.07014608969604,HIGH,0.9581449441385149,1.0,11
NIFTYNEXT50,2026-02-24,0,BULL,97.06015758758318,HIGH,0.9580022512511882,1.0,12
NIFTYNEXT50,2026-02-25,0,BULL,97.07966099779573,HIGH,0.9582808713970818,1.0,13
NIFTYNEXT50,2026-02-26,0,BULL,97.08010131362768,HIGH,0.9582871616232527,1.0,14
NIFTYNEXT50,2026-02-27,0,BULL,96.81990500164692,HIGH,0.954570071452099,1.0,15
NIFTYNEXT50,2026-03-02,1,BEAR,68.5839308880919,MODERATE,0.936913298401313,0.1,1
NIFTYNEXT50,2026-03-04,1,BEAR,71.57715425871041,MODERATE,0.9368164894101487,0.2,2
NIFTYNEXT50,2026-03-05,1,BEAR,74.57674050118577,MODERATE,0.9368105785883682,0.3,3
NIFTYNEXT50,2026-03-06,1,BEAR,77.57671005659222,HIGH,0.9368101436656033,0.4,4
NIFTYNEXT50,2026-03-09,1,BEAR,80.57689335675572,HIGH,0.9368127622393674,0.5,5
NIFTYNEXT50,2026-03-10,1,BEAR,83.57675132943501,HIGH,0.936810733277643,0.6,6
NIFTYNEXT50,2026-03-11,1,BEAR,86.5767148660398,HIGH,0.9368102123719971,0.7,7
NIFTYNEXT50,2026-03-12,1,BEAR,89.57682839313833,HIGH,0.9368118341876905,0.8,8
NIFTYNEXT50,2026-03-13,1,BEAR,92.57812220912918,HIGH,0.936830317273274,0.9,9
NIFTYNEXT50,2026-03-16,1,BEAR,95.5778026072006,HIGH,0.9368257515314371,1.0,10
NIFTYNEXT50,2026-03-17,1,BEAR,95.57678400500554,HIGH,0.9368112000715076,1.0,11
NIFTYNEXT50,2026-03-18,1,BEAR,95.57673221978857,HIGH,0.9368104602826939,1.0,12
NIFTYNEXT50,2026-03-19,1,BEAR,95.58498473272124,HIGH,0.9369283533245891,1.0,13
NIFTYNEXT50,2026-03-20,1,BEAR,95.57743171213488,HIGH,0.9368204530304985,1.0,14
NIFTYNEXT50,2026-03-23,2,SIDE,69.76791006152719,MODERATE,0.9538272865932457,0.1,1
NIFTYNEXT50,2026-03-24,2,SIDE,72.56488342523673,MODERATE,0.9509269060748103,0.2,2
NIFTYNEXT50,2026-03-25,1,BEAR,89.81964177828134,HIGH,0.9402805968325906,0.8,1
NIFTYNEXT50,2026-03-27,1,BEAR,90.3372134086958,HIGH,0.947674477267083,0.8,2
NIFTYNEXT50,2026-03-30,2,SIDE,76.19894578956841,HIGH,0.9599849398509773,0.3,1
NIFTYNEXT50,2026-04-01,2,SIDE,79.20388110265465,HIGH,0.960055444323638,0.4,2
NIFTYNEXT50,2026-04-02,2,SIDE,82.07953958394963,HIGH,0.9582791369135661,0.5,3
NIFTYNEXT50,2026-04-06,2,SIDE,84.82942724707566,HIGH,0.9547061035296524,0.6,4
NIFTYNEXT50,2026-04-07,1,BEAR,77.89207828327946,HIGH,0.9413154040468494,0.4,1
NIFTYNEXT50,2026-04-08,2,SIDE,88.21630354724832,HIGH,0.9602329078178331,0.7,1
NIFTYNEXT50,2026-04-09,2,SIDE,88.21542253463451,HIGH,0.9602203219233503,0.7,2
NIFTYNEXT50,2026-04-10,2,SIDE,88.21633300505258,HIGH,0.9602333286436083,0.7,3
NIFTYNEXT50,2026-04-13,2,SIDE,91.21630740914985,HIGH,0.960232962987855,0.8,4
NIFTYNEXT50,2026-04-15,2,SIDE,94.21633659257792,HIGH,0.9602333798939704,0.9,5
NIFTYNEXT50,2026-04-16,2,SIDE,94.2163365843242,HIGH,0.9602333797760598,0.9,6
NIFTYNEXT50,2026-04-17,2,SIDE,94.2163366204272,HIGH,0.9602333802918172,0.9,7
NIFTYNEXT50,2026-04-20,2,SIDE,94.21633660935869,HIGH,0.9602333801336955,0.9,8
NIFTYNEXT50,2026-04-21,2,SIDE,94.21633661810773,HIGH,0.9602333802586819,0.9,9
NIFTYNEXT50,2026-04-22,2,SIDE,97.21633659531797,HIGH,0.9602333799331138,1.0,10
NIFTYNEXT50,2026-04-23,2,SIDE,97.21633619650238,HIGH,0.9602333742357484,1.0,11
NIFTYNEXT50,2026-04-24,2,SIDE,97.21552742802567,HIGH,0.9602218204003666,1.0,12
NIFTYNEXT50,2026-04-27,2,SIDE,97.21594055171828,HIGH,0.9602277221674039,1.0,13
NIFTYNEXT50,2026-04-28,2,SIDE,97.21355797110466,HIGH,0.9601936853014954,1.0,14
NIFTYNEXT50,2026-04-29,2,SIDE,97.16002970071132,HIGH,0.9594289957244473,1.0,15
NIFTYNEXT50,2026-04-30,0,BULL,70.0842012918609,MODERATE,0.95834573274087,0.1,1
NIFTYNEXT50,2026-05-04,0,BULL,73.0804046982309,MODERATE,0.9582914956890128,0.2,2
NIFTYNEXT50,2026-05-05,0,BULL,76.08043591147748,HIGH,0.9582919415925354,0.3,3
NIFTYNEXT50,2026-05-06,0,BULL,79.08044795709594,HIGH,0.9582921136727993,0.4,4
NIFTYNEXT50,2026-05-07,0,BULL,82.08044149741109,HIGH,0.958292021391587,0.5,5
NIFTYNEXT50,2026-05-08,0,BULL,85.08038883420357,HIGH,0.958291269060051,0.6,6
NIFTYNEXT50,2026-05-11,0,BULL,87.97891068916019,HIGH,0.956841581273717,0.7,7
NIFTYNEXT50,2026-05-12,1,BEAR,68.57740264293246,MODERATE,0.9368200377561778,0.1,1
NIFTYNEXT50,2026-05-13,1,BEAR,71.57755249058498,MODERATE,0.9368221784369284,0.2,2
NIFTYNEXT50,2026-05-14,1,BEAR,74.62740490971301,MODERATE,0.9375343558530431,0.3,3
NIFTYNEXT50,2026-05-15,1,BEAR,77.58135073237378,HIGH,0.9368764390339112,0.4,4
NIFTYNEXT50,2026-05-18,1,BEAR,80.57679564605202,HIGH,0.9368113663721718,0.5,5
NIFTYNEXT50,2026-05-19,1,BEAR,83.5781858251851,HIGH,0.9368312260740729,0.6,6
NIFTYNEXT50,2026-05-20,1,BEAR,86.58547385361418,HIGH,0.9369353407659168,0.7,7
NIFTYNEXT50,2026-05-21,1,BEAR,89.62673090110256,HIGH,0.937524727158608,0.8,8
NIFTYNEXT50,2026-05-22,1,BEAR,92.71155599789913,HIGH,0.9387365142557018,0.9,9
NIFTYNEXT50,2026-05-25,0,BULL,69.71667770668638,MODERATE,0.9530953958098054,0.1,1
NIFTYNEXT50,2026-05-26,0,BULL,73.04471330829512,MODERATE,0.9577816186899302,0.2,2
NIFTYNEXT50,2026-05-27,0,BULL,76.0800034321667,HIGH,0.9582857633166674,0.3,3
NIFTYNEXT50,2026-05-29,0,BULL,79.07947120215233,HIGH,0.9582781600307477,0.4,4
NIFTYNEXT50,2026-06-01,0,BULL,81.53475452673214,HIGH,0.9504964932390307,0.5,5
NIFTYNEXT50,2026-06-02,0,BULL,85.00349754227643,HIGH,0.9571928220325204,0.6,6
NIFTYNEXT50,2026-06-03,0,BULL,87.977627433393,HIGH,0.9568232490484716,0.7,7
NIFTYNEXT50,2026-06-04,0,BULL,90.98976517408074,HIGH,0.9569966453440109,0.8,8
NIFTYNEXT50,2026-06-05,0,BULL,94.06504794608236,HIGH,0.9580721135154623,0.9,9
NIFTYNEXT50,2026-06-08,1,BEAR,68.81658216185997,MODERATE,0.940236888026571,0.1,1
NIFTYNEXT50,2026-06-09,1,BEAR,72.13179505091072,MODERATE,0.9447399292987246,0.2,2
NIFTYNEXT50,2026-06-10,1,BEAR,74.59922417919555,MODERATE,0.9371317739885079,0.3,3
NIFTYNEXT50,2026-06-11,1,BEAR,77.57676008749799,HIGH,0.9368108583928284,0.4,4
NIFTYNEXT50,2026-06-12,1,BEAR,80.59241027053356,HIGH,0.9370344324361939,0.5,5
NIFTYNEXT50,2026-06-15,1,BEAR,84.28635754715037,HIGH,0.9469479649592911,0.6,6
NIFTYNEXT50,2026-06-16,0,BULL,79.05891759093629,HIGH,0.9579845370133757,0.4,1
NIFTYNEXT50,2026-06-17,0,BULL,79.08032356647568,HIGH,0.9582903366639385,0.4,2
NIFTYNEXT50,2026-06-18,0,BULL,79.08044976226255,HIGH,0.9582921394608936,0.4,3
NIFTYNEXT50,2026-06-19,0,BULL,79.08040481868365,HIGH,0.9582914974097664,0.4,4
NIFTYNEXT50,2026-06-22,0,BULL,82.08042944838326,HIGH,0.958291849262618,0.5,5
NIFTYNEXT50,2026-06-23,0,BULL,85.079045303205,HIGH,0.9582720757600715,0.6,6
NIFTYNEXT50,2026-06-24,0,BULL,88.07918514339342,HIGH,0.958274073477049,0.7,7
NIFTYNEXT50,2026-06-25,0,BULL,91.07970015294397,HIGH,0.9582814307563426,0.8,8
NIFTYNEXT50,2026-06-29,0,BULL,94.07726447015585,HIGH,0.9582466352879409,0.9,9
NIFTYNEXT50,2026-06-30,0,BULL,97.07671017450186,HIGH,0.9582387167785982,1.0,10
NIFTYNEXT50,2026-07-01,0,BULL,97.0802600856179,HIGH,0.9582894297945413,1.0,11
NIFTYNEXT50,2026-07-02,0,BULL,97.08043528966219,HIGH,0.9582919327094601,1.0,12
NIFTYNEXT50,2026-07-03,0,BULL,97.08019858032881,HIGH,0.9582885511475544,1.0,13
NIFTYNEXT50,2026-07-06,0,BULL,97.07998724502586,HIGH,0.9582855320717981,1.0,14
NIFTYNEXT50,2026-07-07,0,BULL,97.07102336433518,HIGH,0.9581574766333596,1.0,15
NIFTYNEXT50,2026-07-08,1,BEAR,68.59119638199111,MODERATE,0.9370170911713016,0.1,1
NIFTYNEXT50,2026-07-09,1,BEAR,71.58330615671396,MODERATE,0.9369043736673422,0.2,2
NIFTYNEXT50,2026-07-10,1,BEAR,74.76982066301527,MODERATE,0.9395688666145039,0.3,3
NIFTYNEXT50,2026-07-13,1,BEAR,77.66359696610385,HIGH,0.9380513852300552,0.4,4
NIFTYNEXT50,2026-07-14,1,BEAR,80.66147070224669,HIGH,0.9380210100320956,0.5,5
NIFTYNEXT50,2026-07-15,1,BEAR,83.88303681023616,HIGH,0.941186240146231,0.6,6
NIFTYNEXT50,2026-07-16,1,BEAR,86.76604027884238,HIGH,0.9395148611263199,0.7,7
NIFTYNEXT50,2026-07-17,1,BEAR,89.91113122786541,HIGH,0.9415875889695058,0.8,8
NIFTYNEXT50,2026-07-20,0,BULL,72.8951554523603,MODERATE,0.9556450778908614,0.2,1
NIFTYNEXT50,2026-07-21,0,BULL,73.07395034614146,MODERATE,0.9581992906591638,0.2,2
NIFTYNEXT50,2026-07-22,0,BULL,76.03772833903541,HIGH,0.9576818334147917,0.3,3
NIFTYNEXT50,2026-07-23,0,BULL,78.7738957502978,HIGH,0.9539127964328258,0.4,4
NIFTYNEXT50,2026-07-24,1,BEAR,84.03362161535509,HIGH,0.9433374516479299,0.6,1
NIFTYNEXT50,2026-07-27,0,BULL,81.77849257579865,HIGH,0.953978465368552,0.5,1
NIFTYNEXT50,2026-07-28,0,BULL,85.01114954996957,HIGH,0.9573021364281369,0.6,2
NIFTYNEXT50,2026-07-29,0,BULL,88.07713757690458,HIGH,0.9582448225272083,0.7,3
NIFTYNEXT50,2026-07-30,0,BULL,91.07425930703742,HIGH,0.9582037043862489,0.8,4
NIFTYNEXT50,2026-07-31,0,BULL,94.08035450255694,HIGH,0.9582907786079563,0.9,5
NIFTYNEXT50,2026-08-03,0,BULL,94.08044706881066,HIGH,0.9582921009830094,0.9,6
NIFTYNEXT50,2026-08-04,0,BULL,94.08042174950539,HIGH,0.9582917392786485,0.9,7
NIFTYNEXT50,2026-08-05,0,BULL,94.0804448987328,HIGH,0.9582920699818971,0.9,8
NIFTYNEXT50,2026-08-06,0,BULL,94.08044527497682,HIGH,0.9582920753568117,0.9,9
NIFTYNEXT50,2026-08-07,0,BULL,97.08044504162794,HIGH,0.9582920720232563,1.0,10
NIFTYNEXT50,2026-08-10,0,BULL,97.08044088339724,HIGH,0.9582920126199608,1.0,11
NIFTYNEXT50,2026-08-11,0,BULL,97.08044366429107,HIGH,0.9582920523470153,1.0,12
NIFTYNEXT50,2026-08-12,0,BULL,97.08044827057097,HIGH,0.9582921181510137,1.0,13
NIFTYNEXT50,2026-08-13,0,BULL,97.08044801044036,HIGH,0.9582921144348622,1.0,14
NIFTYNEXT50,2026-08-14,0,BULL,97.08042737621543,HIGH,0.9582918196602206,1.0,15
NIFTYNEXT50,2026-08-17,0,BULL,97.08044675110135,HIGH,0.9582920964443049,1.0,16
NIFTYNEXT50,2026-08-18,0,BULL,97.08042256900352,HIGH,0.9582917509857644,1.0,17
NIFTYNEXT50,2026-08-19,0,BULL,97.07944338381205,HIGH,0.9582777626258864,1.0,18
NIFTYNEXT50,2026-08-20,0,BULL,97.07848464044515,HIGH,0.9582640662920736,1.0,19
NIFTYNEXT50,2026-08-21,0,BULL,97.01283611673186,HIGH,0.9573262302390267,1.0,20
