symbol,Date,regime,bull_probability,side_probability,bear_probability,next_bull_probability,next_side_probability,next_bear_probability,current_confidence,decision_confidence,posterior_concentration,next_regime,next_confidence,stickiness_score,stickiness_level,stay_probability,recent_consistency,regime_streak_days
NIFTY50,2013-01-21,BEAR,0.0,0.0,1.0,0.06596834111515684,0.020995184932803015,0.91303647395204,1.0,86.95547109280601,1.0,BEAR,0.91303647395204,93.91255317664282,HIGH,0.9130364739520402,1.0,1
NIFTY50,2013-01-22,BEAR,5.387614330970821e-248,7.012455930766056e-124,1.0,0.06596834111515684,0.020995184932803015,0.91303647395204,1.0,86.95547109280601,1.0,BEAR,0.91303647395204,93.91255317664282,HIGH,0.9130364739520402,1.0,2
NIFTY50,2013-01-23,BEAR,2.2838628525957602e-108,1.4414651434111997e-55,1.0,0.06596834111515684,0.020995184932803015,0.91303647395204,1.0,86.95547109280601,1.0,BEAR,0.91303647395204,93.91255317664282,HIGH,0.9130364739520402,1.0,3
NIFTY50,2013-01-24,BEAR,3.5525269114110564e-91,3.6275686525791993e-47,1.0,0.06596834111515684,0.020995184932803015,0.91303647395204,1.0,86.95547109280601,1.0,BEAR,0.91303647395204,93.91255317664282,HIGH,0.9130364739520402,1.0,4
NIFTY50,2013-01-25,BEAR,5.805757929471789e-28,5.583492659916538e-16,0.9999999999999993,0.06596834111515683,0.020995184932803536,0.9130364739520397,0.9999999999999993,86.95547109280594,0.999999999999999,BEAR,0.9130364739520397,93.91255317664285,HIGH,0.9130364739520408,1.0,5
NIFTY50,2013-01-28,BEAR,2.999025627739194e-08,1.0330079390737113e-06,0.9999989370018046,0.06596832726274209,0.02099614207470579,0.9130355306625522,0.9999989370018046,86.95532959938282,0.9999984055027068,BEAR,0.9130355306625522,93.9125557871173,HIGH,0.9130365112445329,1.0,6
NIFTY50,2013-01-29,BEAR,1.0779257544113452e-14,6.809319954695309e-10,0.9999999993190573,0.06596834108862609,0.020995185564140914,0.9130364733472329,0.9999999993190573,86.95547100208493,0.9999999989785857,BEAR,0.9130364733472329,93.9125531783171,HIGH,0.9130364739759588,1.0,7
NIFTY50,2013-01-30,BEAR,0.00022422118958792477,7.326612636505022e-05,0.9997025126840471,0.06616294245280144,0.021058407350475015,0.9127786501967236,0.9997025126840471,86.91679752950851,0.9995537690260706,BEAR,0.9127786501967236,93.91326017191889,HIGH,0.9130465738845557,1.0,8
NIFTY50,2013-01-31,BEAR,1.1387858029902177e-08,6.300358474580617e-07,0.9999993585762945,0.06596832658720372,0.020995768842575306,0.9130359045702211,0.9999993585762945,86.95538568553314,0.9999990378644418,BEAR,0.9130359045702211,93.91255475256159,HIGH,0.9130364964651657,1.0,9
NIFTY50,2013-02-01,BEAR,2.1098717388407518e-07,3.4211425364100235e-06,0.9999963678702898,0.06596839357415918,0.020998352475808703,0.913033253950032,0.9999963678702898,86.95498809250482,0.9999945518054345,BEAR,0.913033253950032,93.912562084455,HIGH,0.9130366012065001,1.0,10
NIFTY50,2013-02-04,BEAR,1.6425657337921684e-05,3.5998419972598246e-05,0.9999475759226895,0.0659814030337269,0.021028216643907815,0.9129903803223653,0.9999475759226895,86.9485570483548,0.9999213638840342,BEAR,0.9129903803223653,93.91268028603979,HIGH,0.9130382898005686,1.0,11
NIFTY50,2013-02-05,BEAR,3.676358472508644e-05,7.576164974631637e-05,0.9998874747655286,0.06599776349493058,0.021064656826074613,0.9129375796789949,0.9998874747655286,86.94063695184924,0.999831212148293,BEAR,0.9129375796789949,93.91282584505652,HIGH,0.9130403692150932,1.0,12
NIFTY50,2013-02-06,BEAR,6.917924361337787e-06,4.941972987172093e-05,0.999943662345767,0.06597250707947909,0.021040860065011796,0.9129866328555091,0.999943662345767,86.94799492832634,0.9999154935186504,BEAR,0.9129866328555091,93.91269094696615,HIGH,0.9130384420995165,1.0,13
NIFTY50,2013-02-07,BEAR,1.6901298788808769e-06,0.00012183317228603799,0.9998764766978351,0.06596508089007197,0.02110810922548541,0.9129268098844425,0.9998764766978351,86.93902148266638,0.9998147150467525,BEAR,0.9129268098844425,93.91285671689079,HIGH,0.913040810241297,1.0,14
NIFTY50,2013-02-08,BEAR,1.905168935325761e-08,0.00016858969452154192,0.9998313912537892,0.06596178688191079,0.02115149544539615,0.9128867176726929,0.9998313912537892,86.93300765090393,0.9997470868806836,BEAR,0.9128867176726929,93.91296775749989,HIGH,0.9130423965357126,1.0,15
NIFTY50,2013-02-11,BEAR,2.244032556634468e-06,0.001072646119111314,0.998925109848332,0.06592850945848786,0.0219896606112992,0.912081829930213,0.998925109848332,86.81227448953194,0.9983876647724981,BEAR,0.912081829930213,93.91519592096573,HIGH,0.9130742274423678,1.0,16
NIFTY50,2013-02-12,BEAR,1.7077175415715478e-05,0.0006390720381986286,0.9993438507863857,0.0659584711752083,0.021587353320645413,0.9124541755041462,0.9993438507863857,86.86812632562193,0.9990157761795785,BEAR,0.9124541755041462,93.91416468202974,HIGH,0.9130594954575677,1.0,17
NIFTY50,2013-02-13,BEAR,9.415418957639581e-05,0.0004895888272476051,0.999416256983176,0.0660321741864646,0.02144713907557993,0.9125206867379554,0.999416256983176,86.87810301069331,0.9991243854747639,BEAR,0.9125206867379554,93.91397823116365,HIGH,0.9130568318737665,1.0,18
NIFTY50,2013-02-14,BEAR,1.137860631044813e-06,0.0057744851406475286,0.9942243769987215,0.06574427480480047,0.026349076919357506,0.907906648275842,0.9942243769987215,86.1859972413763,0.991336565498082,BEAR,0.907906648275842,93.92675441978695,HIGH,0.9132393488540994,1.0,19
NIFTY50,2013-02-15,BEAR,1.3327539366321531e-06,0.008041494924414666,0.9919571723216487,0.06565608666936625,0.028450970984180528,0.9058929423464533,0.9919571723216487,85.88394135196799,0.9879357584824731,BEAR,0.9058929423464533,93.9323291056052,HIGH,0.9133189872229315,1.0,20
NIFTY50,2013-02-18,BEAR,5.269374632307104e-06,0.0032154107621482054,0.9967793198632195,0.06584765653676442,0.02397629917391776,0.9101760442893178,0.9967793198632195,86.52640664339768,0.9951689797948293,BEAR,0.9101760442893178,93.92047175773222,HIGH,0.9131495965390316,1.0,21
NIFTY50,2013-02-19,BEAR,0.00011552561787234631,0.0008410498177768151,0.9990434245643509,0.06603729594373253,0.02177255364270307,0.9121901504135645,0.9990434245643509,86.82852256203468,0.9985651368465264,BEAR,0.9121901504135645,93.9148926353482,HIGH,0.9130698947906886,1.0,22
NIFTY50,2013-02-20,BEAR,0.0003750397952649792,0.0006312851668200592,0.9989936750379149,0.06627400902129098,0.021572618094033425,0.9121533728846757,0.9989936750379149,86.82300593270134,0.9984905125568724,BEAR,0.9121533728846757,93.91498662830932,HIGH,0.9130712375472761,1.0,23
NIFTY50,2013-02-21,BEAR,3.272128919506843e-07,0.0014213366902789224,0.9985783360968291,0.06591323075486516,0.022312995476251114,0.9117737737688838,0.9985783360968291,86.76606606533257,0.9978675041452435,BEAR,0.9117737737688838,93.91604879348532,HIGH,0.9130864113355047,1.0,24
NIFTY50,2013-02-22,BEAR,3.6052518818509164e-06,0.0007230430865850261,0.9992733516615332,0.06594333444552611,0.021665491406616142,0.9123911741478578,0.9992733516615332,86.85867612217865,0.9989100274922996,BEAR,0.9123911741478578,93.91433949936841,HIGH,0.9130619928481201,1.0,25
NIFTY50,2013-02-25,BEAR,1.2081749830118013e-05,0.00044703963225244553,0.9995408786179174,0.06596155675170366,0.02140941196404302,0.9126290312842534,0.9995408786179174,86.894354692638,0.9993113179268761,BEAR,0.9126290312842534,93.91368076633391,HIGH,0.9130525823761987,1.0,26
NIFTY50,2013-02-26,BEAR,1.1304683970196019e-08,0.008245877660014361,0.9917541110353016,0.06564695686226067,0.028640495790982805,0.9057125473467564,0.9917541110353016,85.85688210201347,0.9876311665529525,BEAR,0.9057125473467564,93.93282854630627,HIGH,0.9133261220900897,1.0,27
NIFTY50,2013-02-27,BEAR,1.348132300584051e-06,0.0006688490059560439,0.9993298028617433,0.06594345903487978,0.021615291796330333,0.9124412491687898,0.9993298028617433,86.86618737531848,0.9989947042926148,BEAR,0.9124412491687898,93.91420094099165,HIGH,0.9130600134427381,1.0,28
NIFTY50,2013-02-28,BEAR,6.837986677302953e-14,0.00029875415794219695,0.9997012458419895,0.06595669676879386,0.02127218012636662,0.9127711231048394,0.9997012458419895,86.91566846572591,0.9995518687629841,BEAR,0.9127711231048394,93.91328776710199,HIGH,0.913046968101457,1.0,29
NIFTY50,2013-03-01,BEAR,1.3143101957437963e-07,0.0015090658782244697,0.998490802690756,0.06590963897905833,0.022394339252637802,0.9116960217683039,0.998490802690756,86.75440326524559,0.997736204036134,BEAR,0.9116960217683039,93.91626404602384,HIGH,0.9130894863717692,1.0,30
NIFTY50,2013-03-04,BEAR,3.060758411459629e-08,0.0029079097755463157,0.9970920596168695,0.06585502836203416,0.02369130419257245,0.9104536674453935,0.9970920596168695,86.568050116809,0.9956380894253043,BEAR,0.9104536674453935,93.91970335081004,HIGH,0.9131386192972862,1.0,31
NIFTY50,2013-03-05,BEAR,7.566379748599854e-06,0.00094995774621494,0.9990424758740364,0.06593797844755492,0.021875796176017148,0.912186225376428,0.9990424758740364,86.82793380646419,0.9985637138110546,BEAR,0.912186225376428,93.91490675489793,HIGH,0.9130700964985421,1.0,32
NIFTY50,2013-03-06,BEAR,0.00016906866216630896,0.0002297732493263861,0.9996011580885074,0.06610827314122168,0.021204673630956735,0.9126870532278217,0.9996011580885074,86.90305798417326,0.999401737132761,BEAR,0.9126870532278217,93.91351540874825,HIGH,0.9130502201249752,1.0,33
NIFTY50,2013-03-07,BEAR,0.004234956528328906,0.0004624826268973962,0.9953025608447738,0.06967976535120914,0.021335070173585016,0.9089851644752057,0.9953025608447738,86.34777467128087,0.9929538412671605,BEAR,0.9089851644752057,93.92364108828542,HIGH,0.9131948726897916,1.0,34
NIFTY50,2013-03-08,BEAR,0.486313370097012,0.009117976339494944,0.5045686535634931,0.49387743598412326,0.0192388387243736,0.4868837252915031,0.5045686535634931,24.08161539761849,0.2568529803452397,BULL,0.49387743598412326,95.07764741035034,HIGH,0.9296806772907191,1.0,35
NIFTY50,2013-03-11,BULL,0.7589425038046189,0.0009536847681417375,0.24010381142723927,0.7342823545197912,0.005945272612514736,0.2597723728676941,0.7589425038046189,60.14235317796868,0.6384137557069285,BULL,0.7342823545197912,68.69816038548566,MODERATE,0.9385451483640809,0.1,1
NIFTY50,2013-03-12,BEAR,0.4165616130675298,0.00044971086910423614,0.5829886760633659,0.43278946831174553,0.012666354328544481,0.5545441773597101,0.5829886760633659,33.18162660395651,0.37448301409504886,BEAR,0.5545441773597101,91.89244007083566,HIGH,0.9270348581547951,0.9,1
NIFTY50,2013-03-13,BEAR,0.008441075863704925,0.0004983142098037585,0.9910606099264914,0.07338242385157344,0.021279983806420148,0.9053375923420064,0.9910606099264914,85.80063885130096,0.986590914889737,BEAR,0.9053375923420064,90.93361217292136,HIGH,0.9133373167560195,0.9,2
NIFTY50,2013-03-14,BEAR,0.18243729147559187,0.00353799284990402,0.8140247156745042,0.2264910718441944,0.020445192865943554,0.753063735289862,0.8140247156745042,62.9595602934793,0.7210370735117563,BEAR,0.753063735289862,91.34991946082022,HIGH,0.9192845637260031,0.9,3
NIFTY50,2013-03-15,BEAR,0.03134088595437224,0.0008937564968821698,0.9677653575487455,0.09353338077004164,0.021165839365460556,0.8853007798644977,0.9677653575487455,82.79511697967465,0.9516480363231182,BEAR,0.8853007798644977,90.98839143535338,HIGH,0.9141198776479054,0.9,4
NIFTY50,2013-03-18,BEAR,0.0031407934059850756,0.0006112141058260585,0.9962479924881888,0.06871041021222167,0.02149594134766199,0.9097936484401163,0.9962479924881888,86.46904726601745,0.9943719887322833,BEAR,0.9097936484401163,90.92143587697463,HIGH,0.9131633696710661,0.9,5
NIFTY50,2013-03-19,BEAR,2.9383705835695647e-06,0.0015272747535987803,0.9984697868758177,0.06591140115224908,0.022411163000797287,0.9116774358469537,0.9984697868758177,86.75161537704305,0.9977046803137265,BEAR,0.9116774358469537,90.91631541421738,HIGH,0.9130902202031054,0.9,6
NIFTY50,2013-03-20,BEAR,2.936140082565398e-06,0.002619921021345708,0.9973771428385717,0.0658688118253684,0.02342422933101328,0.9107069588436184,0.9973771428385717,86.60604382654275,0.9960657142578577,BEAR,0.9107069588436184,90.91900205785488,HIGH,0.9131286008264984,0.9,7
NIFTY50,2013-03-21,BEAR,5.639804315381646e-07,0.00317896046014515,0.9968204755594234,0.06584493350255956,0.023942602423319605,0.9102124640741208,0.9968204755594234,86.53186961111811,0.9952307133391352,BEAR,0.9102124640741208,90.92037107594375,HIGH,0.913148158227768,0.9,8
NIFTY50,2013-03-22,BEAR,1.2771131232142492e-06,0.003114172480690448,0.9968845504061863,0.06584808671094862,0.023882518131653322,0.9102693951573981,0.9968845504061863,86.54040927360973,0.9953268256092794,BEAR,0.9102693951573981,90.92021344790562,HIGH,0.9131459063986517,0.9,9
NIFTY50,2013-03-25,BEAR,1.3421164367545662e-07,0.003458185859418836,0.9965416799289376,0.06583367184650306,0.024201500206480313,0.9099648279470165,0.9965416799289376,86.4947241920525,0.9948125198934062,BEAR,0.9099648279470165,93.92105663837951,HIGH,0.9131579519768502,1.0,10
NIFTY50,2013-03-26,BEAR,1.4508413277717e-07,0.0015899239103401917,0.9984099310055271,0.06590649945155927,0.022469307918425364,0.9116241926300153,0.9984099310055271,86.7436288945023,0.9976148965082905,BEAR,0.9116241926300153,93.91646289555102,HIGH,0.9130923270793003,1.0,11
NIFTY50,2013-03-28,BEAR,6.415365104133851e-07,0.0006204787907869689,0.9993788796727026,0.06594472207643676,0.02157045933222247,0.9124848185913409,0.9993788796727026,86.87272278870111,0.9990683195090538,BEAR,0.9124848185913409,93.91408034581788,HIGH,0.9130582906545411,1.0,12
NIFTY50,2013-04-01,BEAR,4.849752220360142e-07,0.0003707054740805654,0.9996288095506974,0.06595431945516175,0.021338880877649007,0.9127067996671892,0.9996288095506974,86.90601995007837,0.999443214326046,BEAR,0.9127067996671892,93.91346582383626,HIGH,0.9130495117690897,1.0,13
NIFTY50,2013-04-02,BEAR,1.297654867924092e-05,0.0002520829138690053,0.9997349405374518,0.0659699434438741,0.021228635613171207,0.9128014209429547,0.9997349405374518,86.9202131414432,0.9996024108061777,BEAR,0.9128014209429547,93.91320350027088,HIGH,0.913045764289584,1.0,14
NIFTY50,2013-04-03,BEAR,1.0521077889707525e-07,0.001160053462119361,0.9988398413271017,0.06592321911845175,0.022070746777949842,0.9120060341035985,0.9988398413271017,86.80090511553978,0.9982597619906527,BEAR,0.9120060341035985,93.91540581664017,HIGH,0.9130772259520026,1.0,15
NIFTY50,2013-04-04,BEAR,1.1856130263452504e-09,0.04662938877189964,0.9533706100424874,0.06415089881351486,0.06422844618754432,0.8716206549989409,0.9533706100424874,80.74309824984114,0.9300559150637309,BEAR,0.8716206549989409,94.02720766436443,HIGH,0.9146743952052061,1.0,16
NIFTY50,2013-04-05,BEAR,1.7516200314440676e-09,0.15604322567320866,0.8439567725751712,0.059886347383556,0.16567341731824076,0.7744402352982033,0.8439567725751712,66.16603529473049,0.765935158862757,BEAR,0.7744402352982033,94.29623943825607,HIGH,0.918517706260801,1.0,17
NIFTY50,2013-04-08,BEAR,1.4031772490161264e-09,0.19853076726686267,0.8014692313299601,0.0582303378134544,0.20506649184843534,0.7367031703381104,0.8014692313299601,60.50547555071656,0.7022038469949401,BEAR,0.7367031703381104,94.40070975810657,HIGH,0.9200101394015225,1.0,18
NIFTY50,2013-04-09,SIDE,1.678097792949263e-10,0.745657529179616,0.2543424706525742,0.036905332926427406,0.7123447314962601,0.2507499355773124,0.745657529179616,56.851709724439026,0.618486293769424,SIDE,0.7123447314962601,68.7460101919858,MODERATE,0.9392287170283686,0.1,1
NIFTY50,2013-04-10,BEAR,2.2074982554752913e-07,0.31297631891306965,0.6870234603371048,0.05376986117772613,0.3111767015721201,0.6350534372501538,0.6870234603371048,45.258015587523076,0.5305351905056572,BEAR,0.6350534372501538,91.68211425761172,HIGH,0.9240302036801674,0.9,1
NIFTY50,2013-04-11,BEAR,5.642281717155107e-06,0.011274819669968532,0.9887195380483144,0.06553385859475269,0.03144871464353449,0.9030174267617127,0.9887195380483144,85.45261401425692,0.9830793070724714,BEAR,0.9030174267617127,90.94028947910002,HIGH,0.9134327068442859,0.9,2
NIFTY50,2013-04-12,BEAR,8.879656736105079e-08,0.0037388012641845483,0.9962611099392481,0.06582269448836313,0.024461678688203457,0.9097156268234333,0.9962611099392481,86.45734402351502,0.994391664908872,BEAR,0.9097156268234333,90.92174652172795,HIGH,0.9131678074532564,0.9,3
NIFTY50,2013-04-15,BEAR,9.50741151037703e-06,0.000720136700088503,0.9992703558884011,0.06594864537306055,0.021662672782117656,0.9123886818448218,0.9992703558884011,86.85830227672325,0.9989055338326016,BEAR,0.9123886818448218,90.91434622112206,HIGH,0.9130620888731723,0.9,4
NIFTY50,2013-04-16,BEAR,0.0231057163501881,0.04248433743379605,0.9344099462160158,0.08466015477244282,0.059900179881372105,0.8554396653461851,0.9344099462160158,78.31594980192776,0.9016149193240237,BEAR,0.8554396653461851,91.07130636069941,HIGH,0.9153043765814202,0.9,5
NIFTY50,2013-04-17,BEAR,0.05892383339834979,0.00668194544797809,0.9343942211536721,0.11759828186500319,0.025953351897094516,0.8564483662379024,0.9343942211536721,78.46725493568535,0.901591331730508,BEAR,0.8564483662379024,91.06743444506218,HIGH,0.9152490635008883,0.9,6
NIFTY50,2013-04-18,BULL,0.9484547823345273,0.02594613839949569,0.025599079265977074,0.9001993485423474,0.025138622087644148,0.07466202937000853,0.9484547823345273,85.02990228135211,0.9226821735017909,BULL,0.9001993485423474,69.20490374865324,MODERATE,0.9457843392664748,0.1,1
NIFTY50,2013-04-22,BULL,0.9995133798574701,0.0004777856550609605,8.834487468963145e-06,0.9461559900767593,0.0004532043846986945,0.05339080553854187,0.9995133798574701,91.9233985115139,0.999270069786205,BULL,0.9461559900767593,72.26225169963745,MODERATE,0.9466035957091066,0.2,2
NIFTY50,2013-04-23,BULL,0.9999772194313368,5.8589338332609685e-06,1.6921634829966294e-05,0.9465828573306213,5.910793343685689e-06,0.05341123187603501,0.9999772194313368,91.98742859959317,0.9999658291470052,BULL,0.9465828573306213,75.26218117311232,HIGH,0.9466025881873191,0.3,3
NIFTY50,2013-04-25,BULL,0.9999995096944189,4.5073991795047567e-07,3.956566321457101e-08,0.94660269770378,4.285026568631067e-07,0.05339687379356299,0.9999995096944189,91.990404655567,0.9999992645416281,BULL,0.94660269770378,78.26222024989474,HIGH,0.9466031464270679,0.4,4
NIFTY50,2013-04-26,BULL,0.9999998645531093,4.065291907921355e-09,1.313815987793971e-07,0.9466030276144405,6.91006528209516e-09,0.0533969654754943,0.9999998645531093,91.99045414216606,0.9999997968296638,BULL,0.9466030276144405,81.26221998539042,HIGH,0.9466031426484345,0.5,5
NIFTY50,2013-04-29,BULL,0.9999999956328998,2.8383593148965515e-11,4.338716658646864e-09,0.9466031432052102,4.151300436412204e-10,0.053396856379659775,0.9999999956328998,91.99047148078154,0.9999999934493496,BULL,0.9466031432052102,84.26222028345813,HIGH,0.9466031469065448,0.6,6
NIFTY50,2013-04-30,BULL,0.9999999992316515,1.7697764239710117e-12,7.665786265404954e-10,0.9466031463754336,3.148981139377211e-10,0.05339685330966826,0.9999999992316515,91.99047195631505,0.9999999988474773,BULL,0.9466031463754336,87.26222029184859,HIGH,0.9466031470264086,0.7,7
NIFTY50,2013-05-02,BULL,0.9999999999885253,1.0134247441887244e-11,1.3404942338470582e-12,0.946603147041637,3.0676267869475633e-10,0.05339685265160043,0.9999999999885253,91.99047205624554,0.9999999999827878,BULL,0.946603147041637,90.26222029364752,HIGH,0.9466031470521074,0.8,8
NIFTY50,2013-05-03,BULL,0.9999999969071683,4.088361017760102e-12,3.088743272254328e-09,0.9466031443283225,3.658507851931377e-10,0.053396855305826794,0.9999999969071683,91.99047164924838,0.9999999953607523,BULL,0.9466031443283225,93.2622202863925,HIGH,0.9466031469484644,0.9,9
NIFTY50,2013-05-06,BULL,0.9999999994412002,1.2452514205835169e-12,5.575545327242983e-10,0.9466031465599899,3.10012279375397e-10,0.05339685312999785,0.9999999994412002,91.99047198399846,0.9999999991618002,BULL,0.9466031465599899,96.26222029233962,HIGH,0.9466031470334233,1.0,10
NIFTY50,2013-05-07,BULL,0.9999999999958553,3.743036777513305e-12,4.0158051093665947e-13,0.9466031470483411,3.006830575429356e-10,0.053396852650975775,0.9999999999958553,91.99047205725117,0.999999999993783,BULL,0.9466031470483411,96.26222029364908,HIGH,0.9466031470521297,1.0,11
NIFTY50,2013-05-08,BULL,0.999999999998304,1.404120673001694e-12,2.917722719300862e-13,0.9466031470505888,2.9846307875142643e-10,0.053396852650948165,0.999999999998304,91.9904720575883,0.999999999997456,BULL,0.9466031470505888,96.26222029364908,HIGH,0.9466031470521297,1.0,12
NIFTY50,2013-05-09,BULL,0.999999999947075,6.401578597097833e-13,5.228483945620667e-11,0.9466031470055044,2.988303216424107e-10,0.05339685269566527,0.999999999947075,91.99047205082564,0.9999999999206125,BULL,0.9466031470055044,96.26222029352682,HIGH,0.9466031470503832,1.0,13
NIFTY50,2013-05-10,BULL,0.9999999999951945,7.05389897250911e-13,4.100166643866712e-12,0.9466031470478776,2.97880526134389e-10,0.05339685265424196,0.9999999999951945,91.99047205718162,0.9999999999927918,BULL,0.9466031470478776,96.26222029364007,HIGH,0.946603147052001,1.0,14
NIFTY50,2013-05-13,BULL,0.9999517132885181,3.239431604991026e-11,4.8286679087664104e-05,0.946560624092079,1.014115583593957e-06,0.053438361792337324,0.9999517132885181,91.98409361381185,0.9999275699327771,BULL,0.946560624092079,96.2621068360311,HIGH,0.9466015262290157,1.0,15
NIFTY50,2013-05-14,BULL,0.9999946769199943,1.998026393455713e-09,5.3210819792402725e-06,0.9465984592847334,1.1390867862269243e-07,0.053401426806587944,0.9999946769199943,91.98976889271002,0.9999920153799915,BULL,0.9465984592847334,96.26220779109636,HIGH,0.9466029684442339,1.0,16
NIFTY50,2013-05-15,BULL,0.9999999268663174,7.260555639866015e-08,5.281261146619596e-10,0.9466030798181712,6.915010462189826e-08,0.053396851031724264,0.9999999268663174,91.99046197272565,0.999999890299476,BULL,0.9466030798181712,96.26222030033563,HIGH,0.9466031471476518,1.0,17
NIFTY50,2013-05-16,BULL,0.999999999224634,3.7250695913358574e-10,4.028589993159547e-10,0.9466031463548038,6.587809750165408e-10,0.053396852986415284,0.999999999224634,91.99047195322055,0.999999998836951,BULL,0.9466031463548038,96.26222029274369,HIGH,0.9466031470391958,1.0,18
NIFTY50,2013-05-17,BULL,0.99999999990869,1.4363790241450356e-12,8.987358191729929e-11,0.9466031469716703,3.0037445155491565e-10,0.05339685272795531,0.99999999990869,91.99047204575054,0.9999999998630349,BULL,0.9466031469716703,96.26222029343856,HIGH,0.9466031470491224,1.0,19
NIFTY50,2013-05-20,BULL,0.9999999851813853,6.633143697356813e-13,1.4817951436343977e-08,0.9466031340023231,6.088601742553442e-10,0.05339686538881665,0.9999999851813853,91.99047010034846,0.9999999777720778,BULL,0.9466031340023231,96.2622202588324,HIGH,0.9466031465547488,1.0,20
NIFTY50,2013-05-21,BULL,0.999997451987075,2.042860696174989e-12,2.5480108821643454e-06,0.9466009031831897,5.379502150725182e-08,0.05339904302178892,0.999997451987075,91.99013547747845,0.9999961779806124,BULL,0.9466009031831897,96.2622143066724,HIGH,0.9466030615238916,1.0,21
NIFTY50,2013-05-22,BULL,0.9999517524754694,2.3215770408840293e-10,4.824729237278428e-05,0.9465606585936864,1.0134780604651392e-06,0.053438327928253086,0.9999517524754694,91.98409878905295,0.9999276287132043,BULL,0.9465606585936864,96.26210692859856,HIGH,0.9466015275514081,1.0,22
NIFTY50,2013-05-23,BEAR,0.0725117249836016,7.896492003265915e-06,0.9274803785243951,0.12982438219781575,0.019480109250534526,0.8506955085516498,0.9274803785243951,77.60432628274745,0.8912205677865925,BEAR,0.8506955085516498,67.08295100869177,MODERATE,0.9154707286955968,0.1,1
NIFTY50,2013-05-24,BEAR,0.06760901086726585,0.0019656484288557447,0.9304253407038785,0.12543057548002318,0.021398206920974806,0.853171217599002,0.9304253407038785,77.9756826398503,0.8956380110558178,BEAR,0.853171217599002,70.07624507302013,MODERATE,0.9153749296145732,0.2,2
NIFTY50,2013-05-27,BULL,0.9172203004044055,0.020343818778546158,0.06243588081704833,0.8729115345758669,0.0206001062286669,0.10648835919546626,0.9172203004044055,80.93673018638003,0.8758304506066082,BULL,0.8729115345758669,90.11773787249021,HIGH,0.944539112464146,0.8,1
NIFTY50,2013-05-28,BULL,0.999381112373871,0.0003578027279678909,0.0002610848981612297,0.9460441872234882,0.0003447370751730736,0.053611075701338856,0.999381112373871,91.90662808352322,0.9990716685608064,BULL,0.9460441872234882,90.26164589554317,HIGH,0.9465949413649024,0.8,2
NIFTY50,2013-05-29,BULL,0.9996864456823467,6.249192159306536e-06,0.0003073051254940343,0.946326776635763,1.2377476789936271e-05,0.05366084588744709,0.9996864456823467,91.94901649536446,0.99952966852352,BULL,0.946326776635763,90.26149891118096,HIGH,0.9465928415882996,0.8,3
NIFTY50,2013-05-30,BULL,0.9993985132272962,3.9345360310035097e-07,0.0006010933191007129,0.9460734415293981,1.2993420430997463e-05,0.0539135650501708,0.9993985132272962,91.91101622940971,0.9990977698409443,BULL,0.9460734415293981,90.26080796740025,HIGH,0.9465829709628609,0.8,4
NIFTY50,2013-05-31,BEAR,0.05339537405665349,0.0004402841054021485,0.9461643418379443,0.11297300531837455,0.020282356379578374,0.8667446383020471,0.9461643418379443,80.01169574530704,0.9192465127569163,BEAR,0.8667446383020471,73.03909712206476,MODERATE,0.9148442446009253,0.3,1
NIFTY50,2013-06-03,BEAR,0.0003547749686151832,0.0037714647620142685,0.9958737602693706,0.06613377037275131,0.02448451652538713,0.9093817131018617,0.9958737602693706,86.40725696527923,0.9938106404040559,BEAR,0.9093817131018617,75.92266023067346,HIGH,0.9131808604381922,0.4,2
NIFTY50,2013-06-04,BEAR,9.356966572183521e-06,0.0026977687790827806,0.997292874254345,0.06587143200725805,0.023496272447960886,0.910632295544781,0.997292874254345,86.59484433171714,0.9959393113815175,BEAR,0.910632295544781,78.91920856030558,HIGH,0.9131315508615082,0.5,3
NIFTY50,2013-06-05,BEAR,1.1268927476352776e-05,0.002349887359871524,0.9976388437126522,0.06588667489429784,0.023173687904545593,0.9109396372011566,0.9976388437126522,86.64094558017347,0.9964582655689783,BEAR,0.9109396372011566,81.91835766594954,HIGH,0.9131193952278509,0.6,4
NIFTY50,2013-06-06,BEAR,7.876895600978008e-06,0.002556419575126971,0.997435703529272,0.0658756378811962,0.023365249111635206,0.9107591130071687,0.997435703529272,86.6138669510753,0.996153555293908,BEAR,0.9107591130071687,81.91885752671013,HIGH,0.9131265360958591,0.6,5
NIFTY50,2013-06-07,BEAR,8.9411997075542e-07,0.0035880641329708975,0.9964110417470584,0.06582927886726511,0.02432190318705205,0.9098488179456827,0.9964110417470584,86.47732269185241,0.9946165626205876,BEAR,0.9098488179456827,81.92137777458137,HIGH,0.9131625396368768,0.6,6
NIFTY50,2013-06-10,BEAR,1.2077574420467165e-06,0.0010662380361385582,0.9989325542064194,0.06592784664223389,0.021983741000790976,0.9120884123569752,0.9989325542064194,86.81326185354628,0.998398831309629,BEAR,0.9120884123569752,84.91517772957513,HIGH,0.9130739675653592,0.7,7
NIFTY50,2013-06-11,BEAR,3.5869538939191057e-09,0.041625695448506084,0.9583743009645401,0.06434592662712299,0.05958918350660841,0.8760648898662687,0.9583743009645401,81.4097334799403,0.93756145144681,BEAR,0.8760648898662687,88.01490435881443,HIGH,0.914498633697349,0.8,8
NIFTY50,2013-06-12,BEAR,2.706437634404752e-08,0.017679777575220965,0.9823201953604026,0.06527927176217195,0.03738730237012469,0.8973334258677034,0.9823201953604026,84.60001388015549,0.9734802930406039,BEAR,0.8973334258677034,90.95602509017898,HIGH,0.9136575012882712,0.9,9
NIFTY50,2013-06-13,BEAR,1.0209100964016574e-09,0.1660198877015198,0.8339801112775701,0.05949749287572255,0.17492345572200085,0.7655790514022767,0.8339801112775701,64.8368577103415,0.750970166916355,BEAR,0.7655790514022767,94.32077051181935,HIGH,0.918868150168848,1.0,10
NIFTY50,2013-06-14,BEAR,3.0793716932063214e-07,0.11686469059516116,0.8831350014676695,0.06141365329057698,0.12934834019527713,0.809238006514146,0.8831350014676695,71.3857009771219,0.8247025022015043,BEAR,0.809238006514146,94.19990617437574,HIGH,0.9171415167767966,1.0,11
NIFTY50,2013-06-17,BEAR,4.8176773392368276e-06,0.005397790169939895,0.9945973921527209,0.06576219757424165,0.02599974026636307,0.9082380621593952,0.9945973921527209,86.23570932390929,0.9918960882290814,BEAR,0.9082380621593952,93.92583683121842,HIGH,0.9132262404459776,1.0,12
NIFTY50,2013-06-18,BEAR,6.133085655176023e-07,0.00113987644923603,0.9988595102421983,0.06592445299335001,0.022052028636520112,0.9120235183701298,0.9988595102421983,86.80352775551945,0.9982892653632977,BEAR,0.9120235183701298,93.9153573983339,HIGH,0.9130765342619129,1.0,13
NIFTY50,2013-06-19,BEAR,1.826716231056256e-06,0.0008745167755471756,0.9991236565082218,0.06593586431371339,0.02180597025306258,0.9122581654332239,0.9991236565082218,86.8387248149836,0.9986854847623327,BEAR,0.9122581654332239,93.91470777087218,HIGH,0.9130672538696027,1.0,14
NIFTY50,2013-06-20,SIDE,7.47702152472048e-13,0.8786363242205771,0.12136367577867525,0.03172230481054688,0.8356383697410927,0.13263932544836043,0.8786363242205771,75.3457554611639,0.8179544863308655,SIDE,0.8356383697410927,69.07298456664661,MODERATE,0.943899779523523,0.1,1
NIFTY50,2013-06-21,SIDE,1.3604734173584385e-09,0.9300885866184825,0.0699114120210441,0.029716884655021605,0.8833432434469703,0.086939871898008,0.9300885866184825,82.50148651704555,0.8951328799277237,SIDE,0.8833432434469703,72.19949775818439,MODERATE,0.9457071108312058,0.2,2
NIFTY50,2013-06-24,SIDE,4.630384460318922e-13,0.9986909523112038,0.001309047688333143,0.027043013687368576,0.9469491383523133,0.026007847960318107,0.9986909523112038,92.04237075284698,0.9980364284668056,SIDE,0.9469491383523133,75.36818040580276,HIGH,0.9481168629400396,0.3,3
NIFTY50,2013-06-25,SIDE,1.5115813790215495e-10,0.9937032914920175,0.006296708356824372,0.027237414630495116,0.9423247405380415,0.030437844831463366,0.9937032914920175,91.34871108070622,0.9905549372380261,SIDE,0.9423247405380415,78.35591651642302,HIGH,0.9479416645203289,0.4,4
NIFTY50,2013-06-26,SIDE,1.1887713310943054e-10,0.9960263204136881,0.003973679467434745,0.027146871415316787,0.9444785778283741,0.028374550756309073,0.9960263204136881,91.6717866742561,0.9940394806205322,SIDE,0.9444785778283741,81.36162848666284,HIGH,0.9480232640951834,0.5,5
NIFTY50,2013-06-27,SIDE,7.354692419868606e-08,0.9107362188370317,0.08926370761604421,0.030471232871900348,0.8654003523780393,0.10412841475006025,0.9107362188370317,79.81005285670591,0.8661043282555474,SIDE,0.8654003523780393,84.15191343615692,HIGH,0.9450273348022417,0.6,6
NIFTY50,2013-06-28,SIDE,1.315339641987676e-05,0.9981727482739379,0.0018140983296423196,0.02707479472724421,0.9464684001696493,0.02645680510310658,0.9981727482739379,91.97026002544739,0.9972591224109066,SIDE,0.9464684001696493,87.36693712799307,HIGH,0.9480991018284726,0.7,7
NIFTY50,2013-07-01,SIDE,0.06007778074984342,0.9391075943819537,0.0008146248682028918,0.08227194025152135,0.8904440317006893,0.027284028047789267,0.9391075943819537,83.56660475510338,0.9086613915729304,SIDE,0.8904440317006893,90.3628368918233,HIGH,0.9480405270260474,0.8,8
NIFTY50,2013-07-02,SIDE,0.0553202102859155,0.9388700018305124,0.0058097878835721515,0.07809151859957143,0.8903236296410193,0.03158485175940933,0.9388700018305124,83.54854444615289,0.9083050027457684,SIDE,0.8903236296410193,93.35107398145841,HIGH,0.9478724854494059,0.9,9
NIFTY50,2013-07-03,SIDE,0.0002912074329938635,0.9915538076811282,0.008154984885877943,0.027577640930510492,0.9403256947120225,0.03209666435746696,0.9915538076811282,91.04885420680337,0.9873307115216922,SIDE,0.9403256947120225,96.35131550697882,HIGH,0.9478759358139831,1.0,10
NIFTY50,2013-07-04,SIDE,0.0034216741441778042,0.9945278220630348,0.0020505037927874667,0.030218522651749853,0.9430173799410076,0.02676409740724247,0.9945278220630348,91.45260699115113,0.991791733094552,SIDE,0.9430173799410076,96.36598370496594,HIGH,0.9480854814995137,1.0,11
NIFTY50,2013-07-05,SIDE,0.013222103327125893,0.9850776601516423,0.0017002365212318764,0.03921745451524097,0.934049733613831,0.02673281187092804,0.9850776601516423,90.10746004207463,0.9776164902274633,SIDE,0.934049733613831,96.36577495856318,HIGH,0.9480824994080456,1.0,12
NIFTY50,2013-07-08,SIDE,0.000938504787104466,0.993627544297929,0.0054339509149665295,0.02806684682754009,0.942234806111226,0.029698347061233844,0.993627544297929,91.3352209166839,0.9904413164468935,SIDE,0.942234806111226,96.35793543922185,HIGH,0.9479705062745979,1.0,13
NIFTY50,2013-07-09,SIDE,0.010445305647083647,0.9868941510765054,0.0026605432764109094,0.03670130964431173,0.9357922246342215,0.027506465721466738,0.9868941510765054,90.3688336951332,0.9803412266147579,SIDE,0.9357922246342215,96.36371687976455,HIGH,0.9480530982823506,1.0,14
NIFTY50,2013-07-10,SIDE,0.0072749140174086895,0.9894627940709317,0.0032622919116596367,0.033809236100118496,0.9382403503066339,0.027950413593247705,0.9894627940709317,90.73605254599508,0.9841941911063976,SIDE,0.9382403503066339,96.36258341229438,HIGH,0.9480369058899196,1.0,15
NIFTY50,2013-07-11,SIDE,0.006108143513316711,0.9938905562916225,1.3001950607321521e-06,0.0326091593766186,0.9423701248064411,0.025020715816940268,0.9938905562916225,91.35551872096616,0.9908358344374337,SIDE,0.9423701248064411,96.37072907532594,HIGH,0.9481532725046562,1.0,16
NIFTY50,2013-07-12,SIDE,0.11748918419773345,0.88251079338038,2.2421886514500406e-08,0.13503635707211975,0.8367639451312142,0.02819969779666614,0.88251079338038,75.51459176968211,0.82376619007057,SIDE,0.8367639451312142,96.3585717622601,HIGH,0.9479795966037158,1.0,17
NIFTY50,2013-07-15,BULL,0.6007201102390984,0.3992798747342456,1.5026655991395683e-08,0.579420906940644,0.37858234248718003,0.04199675057217601,0.6007201102390984,36.91313604109659,0.40108016535864766,BULL,0.579420906940644,69.30581317940475,MODERATE,0.947225902562925,0.1,1
NIFTY50,2013-07-16,BULL,0.624176449300529,0.3758167521788624,6.798520608713875e-06,0.6009918823990479,0.35633562387934475,0.04267249372160745,0.624176449300529,40.14878235985718,0.43626467395079344,BULL,0.6009918823990479,72.30323556350776,MODERATE,0.9471890794786822,0.2,2
NIFTY50,2013-07-17,BULL,0.9128130964505906,0.08718371761362778,3.1859357816670837e-06,0.8664252221312164,0.08266442889378825,0.050910348974995225,0.9128130964505906,79.96378331968248,0.8692196446758857,BULL,0.8664252221312164,75.27173142655552,HIGH,0.9467390203793646,0.3,3
NIFTY50,2013-07-18,BULL,0.9958979732766978,0.00410149410517694,5.326181252585981e-07,0.9428308982777025,0.0038888957979813033,0.05328020592431622,0.9958979732766978,91.42463474165538,0.9938469599150466,BULL,0.9428308982777025,78.26266683862004,HIGH,0.9466095262660006,0.4,4
NIFTY50,2013-07-19,BULL,0.9998832130049701,0.00011059657807104204,6.190416958858504e-06,0.9464959897085714,0.0001049938321547442,0.05339901645927382,0.9998832130049701,91.97439845628571,0.9998248195074549,BULL,0.9464959897085714,81.26221782303858,HIGH,0.9466031117576941,0.5,5
NIFTY50,2013-07-22,BULL,0.9999916362663842,1.014249974940813e-06,7.349483640862517e-06,0.9465957421254461,1.1162750331497901e-06,0.05340314159952089,0.9999916362663842,91.9893613188169,0.9999874543995761,BULL,0.9465957421254461,84.26220313554418,HIGH,0.9466029019363456,0.6,6
NIFTY50,2013-07-23,BULL,0.9999999599228174,5.733540523799508e-09,3.434364204213214e-08,0.9466031115353026,6.4545068170883e-09,0.0533968820101906,0.9999999599228174,91.9904667302954,0.999999939884226,BULL,0.9466031115353026,87.26222021357944,HIGH,0.9466031459082778,0.7,7
NIFTY50,2013-07-24,BULL,0.9982371188501075,2.101467630944419e-09,0.001762879048424873,0.9450506924709039,3.7014260771192456e-05,0.05491229326832494,0.9982371188501075,91.75760387063559,0.997355678275161,BULL,0.9450506924709039,90.25807811494766,HIGH,0.946543973070681,0.8,8
NIFTY50,2013-07-25,BEAR,0.0480986884181917,7.554224432003732e-05,0.9518257693374882,0.10832277589523072,0.020055384414634236,0.8716218396901351,0.9518257693374882,80.74327595352024,0.9277386540062325,BEAR,0.8716218396901351,67.02575482993367,MODERATE,0.9146536404276239,0.1,1
NIFTY50,2013-07-26,BEAR,0.007518439424204556,0.0008149293402802909,0.9916666312355151,0.0725575775877956,0.021592910038495915,0.9058495123737084,0.9916666312355151,85.87742685605627,0.9874999468532727,BEAR,0.9058495123737084,69.93222279225797,MODERATE,0.9133174684608282,0.2,2
NIFTY50,2013-07-29,BEAR,5.0674409462592186e-05,0.0005769412377324804,0.999372384352805,0.06599047970067622,0.021529042271624884,0.9124804780276989,0.999372384352805,86.87207170415483,0.9990585765292073,BEAR,0.9124804780276989,72.91409085427706,MODERATE,0.9130584407753867,0.3,3
NIFTY50,2013-07-30,BEAR,7.346962114508794e-07,0.0030606248384053942,0.9969386404653832,0.06584969613134818,0.023832881877595108,0.9103174219910566,0.9969386404653832,86.54761329865849,0.9954079606980746,BEAR,0.9103174219910566,75.92008050800165,HIGH,0.9131440072571666,0.4,4
NIFTY50,2013-07-31,BEAR,3.447006069409271e-08,0.0006357500954746951,0.9993642154344646,0.0659435922528854,0.02158463113752869,0.9124717766095859,0.9993642154344646,86.87076649143786,0.999046323151697,BEAR,0.9124717766095859,78.91411646919983,HIGH,0.9130588067028547,0.5,5
NIFTY50,2013-08-01,BEAR,1.587254764144948e-08,0.0019019985872263186,0.9980979855402261,0.06589422213171729,0.022758656179192083,0.9113471216890907,0.9980979855402261,86.7020682533636,0.9971469783103392,BEAR,0.9113471216890907,81.91722993551018,HIGH,0.9131032847930026,0.6,6
NIFTY50,2013-08-02,BEAR,9.493941475966257e-10,0.024523583422565953,0.9754764156280399,0.06501250219696916,0.04373265837208951,0.8912548394309414,0.9754764156280399,83.68822591464121,0.9632146234420597,BEAR,0.8912548394309414,84.97285289328434,HIGH,0.9138978984754906,0.7,7
NIFTY50,2013-08-05,BEAR,1.4397904479296247e-08,0.015900803369775684,0.9840991822323198,0.06534859852771324,0.03573789528461491,0.8989135061876717,0.9840991822323198,84.83702592815078,0.9761487733484796,BEAR,0.8989135061876717,87.95165083685083,HIGH,0.913595011955012,0.8,8
NIFTY50,2013-08-06,SIDE,4.260193722446963e-16,0.9996618007853219,0.0003381992146776804,0.027005173557689204,0.9478492776603848,0.025145548781926014,0.9996618007853219,92.17739164905772,0.9994927011779826,SIDE,0.9478492776603848,69.37056757266544,MODERATE,0.948150965323792,0.1,1
NIFTY50,2013-08-07,SIDE,7.249665797582259e-17,0.9999994044478125,5.955521875640351e-07,0.026992014999405182,0.9481622928581779,0.02484569214241683,0.9999994044478125,92.22434392872668,0.9999991066717187,SIDE,0.9481622928581779,72.37139768807235,MODERATE,0.9481628241153194,0.2,2
NIFTY50,2013-08-08,SIDE,1.0651092432378323e-12,0.999828387900681,0.0001716120982538766,0.026998680601024987,0.9480037318463131,0.02499758755266191,0.999828387900681,92.20055977694696,0.9997425818510213,SIDE,0.9480037318463131,75.37097718472616,HIGH,0.9481568169246595,0.3,3
NIFTY50,2013-08-12,SIDE,1.451724074182025e-09,0.9860411229801799,0.013958875568096055,0.02753605913234768,0.9352206256603074,0.03724331520734493,0.9860411229801799,90.2830938490461,0.9790616844702696,SIDE,0.9352206256603074,78.3370764272676,HIGH,0.9476725203895373,0.4,4
NIFTY50,2013-08-13,SIDE,6.838604312251574e-07,0.8452362114636308,0.15476310467593807,0.03302472150360264,0.8046708509913281,0.16230442750506938,0.8452362114636308,70.70062764869921,0.7678543171954461,SIDE,0.8046708509913281,80.99086044064549,HIGH,0.9427265777235071,0.5,5
NIFTY50,2013-08-14,BEAR,4.386773258560344e-05,0.09804850282699858,0.9019076294404159,0.06218539987003698,0.11190166486428053,0.8259129352656824,0.9019076294404159,73.88694028985236,0.8528614441606234,BEAR,0.8259129352656824,79.15374241782101,HIGH,0.9164820345403001,0.5,1
NIFTY50,2013-08-16,SIDE,5.071808846528161e-19,0.9999981311256894,1.8688743105602494e-06,0.02699206462885299,0.9481611122750847,0.024846823096062294,0.9999981311256894,92.22416684126269,0.999997196688534,SIDE,0.9481611122750847,84.37139455716938,HIGH,0.948162779388134,0.6,1
NIFTY50,2013-08-19,SIDE,1.734880460128811e-17,0.9999999561976683,4.380233158090243e-08,0.02699199349421001,0.948162804422801,0.02484520208298903,0.9999999561976683,92.22442066342015,0.9999999342965027,SIDE,0.948162804422801,87.37139904474024,HIGH,0.9481628434962894,0.7,2
NIFTY50,2013-08-20,SIDE,1.2474906586064675e-15,0.9999994973636251,5.026363736086906e-07,0.02699201137788704,0.9481623790067146,0.02484560961539828,0.9999994973636251,92.2243568510072,0.9999992460454376,SIDE,0.9481623790067146,90.371397916538,HIGH,0.9481628273791144,0.8,3
NIFTY50,2013-08-21,SIDE,4.90729060519129e-21,0.9999999999115696,8.843039743571196e-11,0.026991991790401706,0.9481628449529165,0.024845163256681835,0.9999999999115696,92.22442674293747,0.9999999998673544,SIDE,0.9481628449529165,93.37139915222599,HIGH,0.9481628450317998,0.9,4
NIFTY50,2013-08-22,SIDE,4.143795188178766e-14,0.9999993663853028,6.336146556049286e-07,0.026992016482979275,0.9481622575678493,0.024845725949171397,0.9999993663853028,92.22433863517739,0.9999990495779543,SIDE,0.9481622575678493,93.3713975944826,HIGH,0.948162822778323,0.9,5
NIFTY50,2013-08-23,SIDE,8.261282699704339e-10,0.9999141631433759,8.583603049580014e-05,0.026995338121781336,0.9480832598600549,0.02492140201816378,0.9999141631433759,92.21248897900823,0.9998712447150638,SIDE,0.9480832598600549,93.37118809477508,HIGH,0.9481598299253584,0.9,6
NIFTY50,2013-08-26,SIDE,1.5120598026384032e-08,0.9994874959389124,0.0005124889404895552,0.027011980639996994,0.9476876675263352,0.025300351833667894,0.9994874959389124,92.15315012895026,0.9992312439083686,SIDE,0.9476876675263352,93.37013901942363,HIGH,0.9481448431346234,0.9,7
NIFTY50,2013-08-27,SIDE,1.643430549106389e-22,0.9999999999962822,3.717859187677659e-12,0.02699199178709992,0.9481628450314592,0.024845163181440897,0.9999999999962822,92.22442675471888,0.9999999999944231,SIDE,0.9481628450314592,93.3713991524343,HIGH,0.9481628450347755,0.9,8
NIFTY50,2013-08-28,SIDE,5.76572751246967e-16,0.9999999925834935,7.416506019400533e-09,0.02699199207602387,0.9481628381585612,0.024845169765414947,0.9999999925834935,92.22442572378418,0.9999999888752402,SIDE,0.9481628381585612,93.3713991342074,HIGH,0.9481628447743914,0.9,9
NIFTY50,2013-08-29,SIDE,1.7883113276419935e-12,0.999999974818866,2.51793455735572e-08,0.026991992769998533,0.9481628216877357,0.024845185542265735,0.999999974818866,92.22442325316034,0.9999999622282989,SIDE,0.9481628216877357,96.37139909053114,HIGH,0.948162844150445,1.0,10
NIFTY50,2013-08-30,SIDE,3.5932904777526245e-09,0.9999993264209291,6.699857804088689e-07,0.026992021204984843,0.9481622204387334,0.024845758356281743,0.9999993264209291,92.22433306581001,0.9999989896313936,SIDE,0.9481622204387334,96.37139750465931,HIGH,0.948162821495133,1.0,11
NIFTY50,2013-09-02,SIDE,9.395442517166915e-08,0.9999998299966444,7.60489305353727e-08,0.02699208115260217,0.9481626854407023,0.024845233406695595,0.9999998299966444,92.22440281610533,0.9999997449949666,SIDE,0.9481626854407023,96.37139895519302,HIGH,0.9481628422170433,1.0,12
NIFTY50,2013-09-03,SIDE,3.61377935694506e-21,0.9999999999999362,6.383371520071764e-14,0.0269919917869575,0.948162845034847,0.024845163178195424,0.9999999999999362,92.22442675522704,0.9999999999999041,SIDE,0.948162845034847,96.37139915244326,HIGH,0.9481628450349039,1.0,13
NIFTY50,2013-09-04,SIDE,4.875742387606774e-13,0.9999999999843385,1.517383425992192e-11,0.026991991787994815,0.9481628450203753,0.024845163191629917,0.9999999999843385,92.22442675305628,0.9999999999765078,SIDE,0.9481628450203753,96.37139915240603,HIGH,0.9481628450343718,1.0,14
NIFTY50,2013-09-05,SIDE,4.5857228851625396e-11,0.9999999999540463,9.644827657740265e-14,0.02699199182912959,0.9481628449913367,0.024845163179533693,0.9999999999540463,92.2244267487005,0.9999999999310695,SIDE,0.9481628449913367,96.37139915243813,HIGH,0.9481628450348306,1.0,15
NIFTY50,2013-09-06,SIDE,6.587781214668486e-09,0.9999999934122135,5.17810241563982e-15,0.02699199784515231,0.9481628387886121,0.02484516336623561,0.9999999934122135,92.2244258182918,0.9999999901183202,SIDE,0.9481628387886121,96.37139915172419,HIGH,0.9481628450246312,1.0,16
NIFTY50,2013-09-10,SIDE,6.444623134258363e-17,1.0,4.324884919429729e-29,0.026991991786955074,0.9481628450349062,0.02484516317813873,1.0,92.22442675523594,1.0,SIDE,0.9481628450349062,96.37139915244344,HIGH,0.9481628450349063,1.0,17
NIFTY50,2013-09-11,SIDE,1.5049094013773836e-11,0.9999999999849509,5.782312673245241e-26,0.02699199180079433,0.9481628450206373,0.024845163178568407,0.9999999999849509,92.22442675309559,0.9999999999774264,SIDE,0.9481628450206373,96.37139915244177,HIGH,0.9481628450348826,1.0,18
NIFTY50,2013-09-12,SIDE,4.915112992796732e-11,0.9999999999508489,4.853459520966059e-22,0.026991991832154942,0.9481628449883029,0.024845163179542072,0.9999999999508489,92.22442674824542,0.9999999999262733,SIDE,0.9481628449883029,96.37139915243802,HIGH,0.9481628450348288,1.0,19
NIFTY50,2013-09-13,SIDE,2.2925013134845135e-10,0.9999999997707498,2.918406678984723e-21,0.02699199199777599,0.9481628448175398,0.024845163184684205,0.9999999997707498,92.22442672263095,0.9999999996561247,SIDE,0.9481628448175398,96.37139915241843,HIGH,0.9481628450345492,1.0,20
NIFTY50,2013-09-16,SIDE,2.64728805658717e-07,0.9999997352711941,1.8158966352745627e-16,0.026992235234517825,0.9481625940288887,0.024845170736593543,0.9999997352711941,92.2243891043333,0.999999602906791,SIDE,0.9481625940288887,96.3713991235406,HIGH,0.9481628446220086,1.0,21
NIFTY50,2013-09-17,SIDE,2.338064423257133e-06,0.9999976619355765,2.8088142366609235e-16,0.026994141897080385,0.9481606281690913,0.024845229933828362,0.9999976619355765,92.2240942253637,0.9999964929033646,SIDE,0.9481606281690913,96.37139889717623,HIGH,0.9481628413882318,1.0,22
NIFTY50,2013-09-18,SIDE,1.107205614277058e-06,0.9999988927943858,9.609799056976842e-18,0.02699300998558907,0.9481617952236812,0.02484519479072961,0.9999988927943858,92.22426928355218,0.9999983391915785,SIDE,0.9481617952236812,96.37139903156,HIGH,0.9481628433079999,1.0,23
NIFTY50,2013-09-19,SIDE,1.7422038016683188e-15,0.9999999999999982,3.8325243724759794e-32,0.02699199178695661,0.9481628450349046,0.024845163178138775,0.9999999999999982,92.22442675523567,0.9999999999999973,SIDE,0.9481628450349046,96.37139915244344,HIGH,0.9481628450349062,1.0,24
NIFTY50,2013-09-20,SIDE,1.5264323346355358e-09,0.9999999984735677,2.781619798619081e-21,0.026991993190679214,0.9481628435875998,0.02484516322172095,0.9999999984735677,92.22442653813997,0.9999999977103515,SIDE,0.9481628435875998,96.37139915227677,HIGH,0.9481628450325255,1.0,25
NIFTY50,2013-09-23,SIDE,1.9559734690121236e-09,0.9999999980440262,4.881589589061658e-16,0.026991993585690047,0.9481628431803243,0.0248451632339855,0.9999999980440262,92.22442647704867,0.9999999970660393,SIDE,0.9481628431803243,96.37139915222991,HIGH,0.9481628450318562,1.0,26
NIFTY50,2013-09-24,SIDE,5.646091385693848e-07,0.9999994353908608,5.503929273234778e-16,0.02699251100781723,0.9481623096934988,0.024845179298684014,0.9999994353908608,92.22434645402483,0.9999991530862912,SIDE,0.9481623096934988,96.37139909080008,HIGH,0.9481628441542871,1.0,27
NIFTY50,2013-09-25,SIDE,6.471718700477631e-05,0.9999352827977475,1.5247829424805637e-11,0.027051506434656293,0.9481014825886351,0.02484701097670862,0.9999352827977475,92.21522238829527,0.9999029241966212,SIDE,0.9481014825886351,96.37139208665728,HIGH,0.9481627440951041,1.0,28
NIFTY50,2013-09-26,SIDE,7.866033440558529e-05,0.9999213395834748,8.211947846366007e-11,0.027064328711151997,0.9480882621523298,0.024847409136518294,0.9999213395834748,92.21323932284945,0.9998820093752121,SIDE,0.9480882621523298,96.37139056419592,HIGH,0.9481627223456562,1.0,29
NIFTY50,2013-09-27,SIDE,1.0028657663674771e-05,0.9999899581706391,1.3171697332636394e-08,0.02700121476579954,0.9481533240219552,0.02484546121224529,0.9999899581706391,92.22299860329326,0.9999849372559586,SIDE,0.9481533240219552,96.37139802513883,HIGH,0.9481628289305548,1.0,30
NIFTY50,2013-09-30,SIDE,7.262496668367477e-10,0.9999999537339004,4.553984996917888e-08,0.02699199422979941,0.9481628021232272,0.02484520364697342,0.9999999537339004,92.22442031848406,0.9999999306008506,SIDE,0.9481628021232272,96.3713990403887,HIGH,0.9481628434341243,1.0,31
NIFTY50,2013-10-01,SIDE,1.5475019818622364e-07,0.9999997539647857,9.128501625900991e-08,0.02699213765492023,0.9481626136700032,0.02484524867507658,0.9999997539647857,92.22439205050048,0.9999996309471784,SIDE,0.9481626136700032,96.37139891109226,HIGH,0.9481628415870322,1.0,32
NIFTY50,2013-10-03,SIDE,3.04140726361334e-05,0.999969568477959,1.7449404826097945e-08,0.027019961587542347,0.9481339913627517,0.024846047049705975,0.999969568477959,92.22009870441273,0.9999543527169386,SIDE,0.9481339913627517,96.37139578896424,HIGH,0.9481627969852033,1.0,33
NIFTY50,2013-10-04,SIDE,0.001667403102938758,0.9983307126173278,1.8842797334477492e-06,0.028525427723086395,0.9465801283222678,0.0248944439546458,0.9983307126173278,91.98701924834015,0.9974960689259916,SIDE,0.9465801283222678,96.37121247412186,HIGH,0.948160178201741,1.0,34
NIFTY50,2013-10-07,SIDE,0.005425008045058537,0.9945550733268458,1.9918628095724877e-05,0.031981666058001,0.9430005860663743,0.02501774787562475,0.9945550733268458,91.45008790995612,0.9918326099902687,SIDE,0.9430005860663743,96.37075787941762,HIGH,0.9481536839916805,1.0,35
NIFTY50,2013-10-08,SIDE,0.013433659159565561,0.9865523839882198,1.3956852214671114e-05,0.03934627859326924,0.9354126082089246,0.0252411131978062,0.9865523839882198,90.31189123133868,0.9798285759823296,SIDE,0.9354126082089246,96.369898163117,HIGH,0.9481414023302431,1.0,36
NIFTY50,2013-10-09,SIDE,0.1801843038493778,0.81981346644997,2.2297006522284675e-06,0.19269157451612542,0.7773167156136471,0.02999170987022747,0.81981346644997,66.59750734204707,0.7297201996749549,SIDE,0.7773167156136471,96.35172135328605,HIGH,0.9478817336183722,1.0,37
NIFTY50,2013-10-10,SIDE,0.362865919659978,0.6371195793762714,1.4500963750571976e-05,0.36068810456645883,0.6040934175670807,0.03521847786646047,0.6371195793762714,40.6140126350621,0.4556793690644071,SIDE,0.6040934175670807,96.33174620980336,HIGH,0.9475963744257623,1.0,38
NIFTY50,2013-10-11,BULL,0.6689238984397132,0.3310760922255048,9.33478188565973e-09,0.6421418711794247,0.31391404992231353,0.043944078898261726,0.6689238984397132,46.3212806769137,0.5033858476595698,BULL,0.6421418711794247,69.29836678163912,MODERATE,0.9471195254519874,0.1,1
NIFTY50,2013-10-14,BULL,0.9789581076104704,0.02104189216500544,2.2452417409756072e-10,0.9272527880915872,0.01995114063567672,0.05279607127273617,0.9789581076104704,89.08791821373806,0.9684371614157055,BULL,0.9272527880915872,72.26451762289547,MODERATE,0.9466359660413639,0.2,2
NIFTY50,2013-10-15,BULL,0.9989460007268272,0.0010539936445762863,5.6285966114216585e-09,0.9456338777822678,0.0009993580276760356,0.053366764190056044,0.9989460007268272,91.8450816673402,0.9984190010902407,BULL,0.9456338777822678,75.26233535424754,HIGH,0.9466047907749651,0.3,3
NIFTY50,2013-10-17,BULL,0.9998974442238339,0.00010207487273734745,4.809034288602028e-07,0.9465088543601976,9.6793995492789e-05,0.053394351644309536,0.9998974442238339,91.97632815402964,0.9998461663357506,BULL,0.9465088543601976,78.26223030810473,HIGH,0.9466032901157819,0.4,4
NIFTY50,2013-10-18,BULL,0.9963160023396095,0.0036839976469601734,1.3430322668884292e-11,0.9432153017081946,0.0034930299863566382,0.053291668305448875,0.9963160023396095,91.48229525622918,0.9944740035094141,BULL,0.9432153017081946,81.2626225082769,HIGH,0.9466088929753844,0.5,5
NIFTY50,2013-10-21,BULL,0.9999102876561274,8.971234316954395e-05,7.029835701308724e-13,0.9465206465799741,8.506220764810395e-05,0.0533942912123777,0.9999102876561274,91.9780969869961,0.9998654314841912,BULL,0.9465206465799741,84.26223008833915,HIGH,0.9466032869762736,0.6,6
NIFTY50,2013-10-22,BULL,0.9999991422003168,8.577996440496888e-07,3.9115271107349916e-14,0.9466023582099808,8.136308771563279e-07,0.05339682815914199,0.9999991422003168,91.99035373149711,0.9999987133004751,BULL,0.9466023582099808,87.26222038730305,HIGH,0.9466031483900437,0.7,7
NIFTY50,2013-10-23,BULL,0.9999999980299354,1.9660773094026827e-09,3.987165380948565e-12,0.9466031452405991,2.1613707838180326e-09,0.05339685259803012,0.9999999980299354,91.99047178608984,0.9999999970449032,BULL,0.9466031452405991,90.2622202938549,HIGH,0.94660314705507,0.8,8
NIFTY50,2013-10-24,BULL,0.9999999997137392,3.3556962092796822e-12,2.8290506853410554e-10,0.946603146799915,3.0624700849914615e-10,0.053396852893838026,0.9999999997137392,91.99047201998725,0.9999999995706088,BULL,0.946603146799915,93.26222029298522,HIGH,0.946603147042646,0.9,9
NIFTY50,2013-10-25,BULL,0.9999999941712574,4.3313444311316835e-13,5.828309463568669e-09,0.9466031419191265,4.1990273317426344e-10,0.053396857660970805,0.9999999941712574,91.99047128786898,0.9999999912568861,BULL,0.9466031419191265,96.26222027995506,HIGH,0.9466031468565009,1.0,10
NIFTY50,2013-10-28,BULL,0.9999986772979543,1.5821975169840294e-12,1.322700463515067e-06,0.946601982234616,2.806896624798059e-08,0.05339798969641781,0.9999986772979543,91.99029733519238,0.9999980159469315,BULL,0.946601982234616,96.26221718574396,HIGH,0.9466031026534854,1.0,11
NIFTY50,2013-10-29,BULL,0.9999999983907157,1.3256724656173296e-09,2.8361176956131406e-10,0.9466031455832754,1.5600334755441032e-09,0.05339685285669116,0.9999999983907157,91.9904718374913,0.9999999975860736,BULL,0.9466031455832754,96.26222029312792,HIGH,0.9466031470446847,1.0,12
NIFTY50,2013-10-30,BULL,0.9999999998021415,2.9781213769185907e-12,1.948803405652086e-10,0.9466031468777798,3.04040910655781e-10,0.05339685281817926,0.9999999998021415,91.99047203166697,0.9999999997032121,BULL,0.9466031468777798,96.262220293192,HIGH,0.9466031470456,1.0,13
NIFTY50,2013-10-31,BULL,0.9999999999497677,1.6316417714105732e-12,4.860064360794168e-11,0.9466031470078371,2.9969305947657237e-10,0.05339685269246988,0.9999999999497677,91.99047205117556,0.9999999999246516,BULL,0.9466031470078371,96.26222029353559,HIGH,0.9466031470505086,1.0,14
NIFTY50,2013-11-01,BULL,0.9999999998267493,5.268929603666887e-13,1.727238549770387e-10,0.9466031468995458,3.012515674414397e-10,0.05339685279920266,0.9999999998267493,91.99047203493186,0.9999999997401239,BULL,0.9466031468995458,96.2622202932438,HIGH,0.9466031470463401,1.0,15
NIFTY50,2013-11-05,BULL,0.9999996622170517,1.2889103244820165e-12,3.377816593153191e-07,0.9466028495886657,7.3901360186375164e-09,0.05339714302119832,0.9999996622170517,91.99042743829983,0.9999994933255776,BULL,0.9466028495886657,96.26221949997529,HIGH,0.9466031357139326,1.0,16
NIFTY50,2013-11-06,BULL,0.9999891241627538,2.8226383943081497e-11,1.087580901975848e-05,0.9465935694102141,2.286635072585781e-07,0.0534062019262786,0.9999891241627538,91.98903541153211,0.9999836862441308,BULL,0.9465935694102141,96.26219473912185,HIGH,0.9466027819874551,1.0,17
NIFTY50,2013-11-07,BULL,0.9999405648520097,9.881794218870933e-10,5.9434159810823545e-05,0.9465508063536051,1.2490652395242529e-06,0.05344794458115538,0.9999405648520097,91.98262095304075,0.9999108472780145,BULL,0.9465508063536051,96.26208064326653,HIGH,0.946601152046665,1.0,18
NIFTY50,2013-11-08,BULL,0.8932094960814252,2.0578922962036166e-07,0.10679029812934523,0.8525597043369775,0.002242277445351629,0.14519801821767078,0.8932094960814252,77.88395565054662,0.8398142441221378,BULL,0.8525597043369775,96.01129866418754,HIGH,0.9430185523455363,1.0,19
NIFTY50,2013-11-11,BEAR,0.014606026712922878,0.0004205331732368853,0.9849734401138402,0.07881452576713788,0.02107843346339692,0.9001070407694653,0.9849734401138402,85.0160561154198,0.9774601601707602,BEAR,0.9001070407694653,66.94790650362098,MODERATE,0.9135415214802998,0.1,1
NIFTY50,2013-11-12,BEAR,6.582065952032092e-06,0.0005956818056335667,0.9993977361284144,0.06595092000938435,0.02154734364700774,0.9125017363436079,0.9993977361284144,86.87526045154118,0.9990966041926215,BEAR,0.9125017363436079,69.91403333211738,MODERATE,0.9130576190302484,0.2,2
NIFTY50,2013-11-13,BEAR,2.856053277072139e-06,0.0005383074951790797,0.9994588364515439,0.06594987499410215,0.02149422627015775,0.9125558987357401,0.9994588364515439,86.88338481036101,0.9991882546773156,BEAR,0.9125558987357401,72.91388350263556,MODERATE,0.9130554786090795,0.3,3
NIFTY50,2013-11-14,BEAR,0.0003075087752337316,0.0007312393387247373,0.9989612518860416,0.06621064300585008,0.02166671019594992,0.9121226467982001,0.9989612518860416,86.81839701973,0.9984418778290624,BEAR,0.9121226467982001,75.91507372480555,HIGH,0.9130724817829364,0.4,4
NIFTY50,2013-11-18,BEAR,0.43511531187800273,0.09978598232905272,0.46509870579294466,0.44525673604573535,0.1043781943691316,0.450365069585133,0.46509870579294466,17.55476043776995,0.19764805868941698,BEAR,0.450365069585133,80.18028767815987,HIGH,0.9311469668308553,0.5,5
NIFTY50,2013-11-19,BULL,0.9877959041875,0.0010413454470054276,0.011162750365494656,0.9358152076607459,0.0012217293634785556,0.06296306297577564,0.9877959041875,90.37228114911187,0.9816938562812499,BULL,0.9358152076607459,81.23610523908795,HIGH,0.9462300748441135,0.5,1
NIFTY50,2013-11-20,BEAR,0.14087472233820525,0.0005316749019494696,0.8585936027598453,0.1900068021361807,0.018530445901588113,0.791462751962231,0.8585936027598453,68.71941279433467,0.787890404139768,BEAR,0.791462751962231,82.24486918603142,HIGH,0.9177838455147348,0.6,1
NIFTY50,2013-11-21,BEAR,5.106293774252096e-07,0.0045089751997266555,0.9954905141708958,0.0657930474006628,0.025175750197433937,0.9090312024019034,0.9954905141708958,86.35468036028551,0.9932357712563438,BEAR,0.9090312024019034,84.92364125197672,HIGH,0.9131948750282389,0.7,2
NIFTY50,2013-11-22,BEAR,1.1370396490210272e-06,0.0009887072455575375,0.9990101557147935,0.06593080623286132,0.021911858443835225,0.9121573353233033,0.9990101557147935,86.82360029849552,0.9985152335721902,BEAR,0.9121573353233033,87.91498692713945,HIGH,0.9130712418162779,0.8,3
NIFTY50,2013-11-25,BEAR,0.0009536148433999519,0.016561131331688354,0.9824852538249118,0.06616263509765886,0.036330108998539626,0.8975072559038015,0.9824852538249118,84.62608838557023,0.9737278807373677,BEAR,0.8975072559038015,90.95551512521229,HIGH,0.9136502160744612,0.9,4
NIFTY50,2013-11-26,BEAR,5.6591927893025986e-05,0.0025282647055809905,0.997415143366526,0.06591963540823564,0.02333812204602028,0.9107422425457442,0.997415143366526,86.61133638186162,0.9961227150497889,BEAR,0.9107422425457442,90.91890276233197,HIGH,0.9131271823190281,0.9,5
NIFTY50,2013-11-27,BEAR,0.00011892445861779968,0.0008626823791443378,0.9990183931622378,0.06603944592292409,0.02179253929471921,0.9121680147823568,0.9990183931622378,86.82520221735352,0.9985275897433568,BEAR,0.9121680147823568,90.91495381262901,HIGH,0.913070768751843,0.9,6
NIFTY50,2013-11-28,BEAR,0.001529475244101445,0.0006858329676561419,0.9977846917882425,0.06728851898460336,0.021598955465500037,0.9111125255498965,0.9977846917882425,86.66687883248446,0.9966770376823637,BEAR,0.9111125255498965,90.91783329196275,HIGH,0.9131119041708964,0.9,7
NIFTY50,2013-11-29,BEAR,0.37805700708756945,0.0186176239448674,0.6033253689675631,0.3981728531702979,0.030319467095811493,0.5715076797338907,0.6033253689675631,35.726151960083605,0.4049880534513446,BEAR,0.5715076797338907,91.84663916426626,HIGH,0.9263805594895181,0.9,8
NIFTY50,2013-12-02,BULL,0.9964597040249796,0.0008235601883919017,0.002716735786628506,0.9434533398236199,0.0008379078376106837,0.0557087523387695,0.9964597040249796,91.51800097354297,0.9946895560374694,BULL,0.9434533398236199,72.25592678426764,MODERATE,0.9465132397752523,0.2,1
NIFTY50,2013-12-03,BULL,0.9998357446096857,8.868864854320807e-06,0.00015538652545991566,0.9464581523623887,1.1671794047412941e-05,0.05353017584356382,0.9998357446096857,91.9687228543583,0.9997536169145286,BULL,0.9464581523623887,72.26185615533282,MODERATE,0.9465979450761833,0.2,2
NIFTY50,2013-12-04,BULL,0.9971075514850989,5.162462190254874e-07,0.0028919322686821337,0.9440559360941414,6.120643454408905e-05,0.05588285747131462,0.9971075514850989,91.6083904141212,0.9956613272276483,BULL,0.9440559360941414,75.25542527185641,HIGH,0.9465060753122346,0.3,3
NIFTY50,2013-12-05,BULL,0.9999809816833465,1.6399948925838927e-06,1.7378321761040485e-05,0.9465863349395277,1.920140422356917e-06,0.05341174492005004,0.9999809816833465,91.98795024092914,0.9999714725250197,BULL,0.9465863349395277,78.26217963943117,HIGH,0.9466025662775883,0.4,4
NIFTY50,2013-12-06,BULL,0.999970644795505,2.6315671338759257e-08,2.9328888823628824e-05,0.9465772948116346,6.410141034269719e-07,0.05342206417426209,0.999970644795505,91.98659422174516,0.9999559671932575,BULL,0.9465772948116346,81.26215138339703,HIGH,0.9466021626199576,0.5,5
NIFTY50,2013-12-09,BULL,0.9999998312584397,1.1256773544237862e-07,5.617382490226195e-08,0.9466029940649664,1.0820904970613785e-07,0.05339689772598397,0.9999998312584397,91.99044910974494,0.9999997468876596,BULL,0.9466029940649664,84.26222017394981,HIGH,0.9466031453421403,0.6,6
NIFTY50,2013-12-10,BULL,0.9999986557865939,3.129776834826117e-09,1.3410836292896511e-06,0.9466019631690377,3.1420962133810746e-08,0.05339800541000023,0.9999986557865939,91.99029447535565,0.9999979836798908,BULL,0.9466019631690377,87.26221714289117,HIGH,0.9466031020413026,0.7,7
NIFTY50,2013-12-11,BULL,0.9999998792275852,1.1579198141641511e-10,1.206566228805674e-07,0.9466030406912317,2.940123347279461e-09,0.05339695636864498,0.9999998792275852,91.99045610368474,0.9999998188413776,BULL,0.9466030406912317,90.26222001015933,HIGH,0.9466031430022761,0.8,8
NIFTY50,2013-12-12,BULL,0.9998049306807879,1.539578869652109e-10,0.0001950691652541759,0.9464313622140677,4.095956244004851e-06,0.05356454182968833,0.9998049306807879,91.96470433211014,0.9997073960211819,BULL,0.9464313622140677,93.26176194606323,HIGH,0.9465965992294748,0.9,9
NIFTY50,2013-12-13,BULL,0.8007498258372857,4.103957908117318e-06,0.19924607020480617,0.7711363486381485,0.00418709954941351,0.22467655181243798,0.8007498258372857,65.67045229572227,0.7011247387559285,BULL,0.7711363486381485,95.79405880236192,HIGH,0.9399151257480274,1.0,10
NIFTY50,2013-12-16,BULL,0.6676413213711143,0.00046220707323991567,0.3318964715556457,0.6538985114519685,0.007406475570787334,0.33869501297724414,0.6676413213711143,48.08477671779528,0.5014619820566715,BULL,0.6538985114519685,95.48242453142548,HIGH,0.9354632075917926,1.0,11
NIFTY50,2013-12-17,BEAR,0.2927198165060684,0.0008478233938414858,0.7064323601000901,0.32371455485711975,0.015635552770984336,0.6606498923718959,0.7064323601000901,49.09748385578438,0.5596485401501352,BEAR,0.6606498923718959,67.6024319711235,MODERATE,0.9228918853017642,0.1,1
NIFTY50,2013-12-18,BULL,0.6763527009215221,0.003901717242903002,0.31974558183557494,0.6614359959418945,0.01041258114459897,0.3281514229135065,0.6763527009215221,49.21539939128417,0.5145290513822831,BULL,0.6614359959418945,92.51135059923826,HIGH,0.935876437131975,0.9,1
NIFTY50,2013-12-19,BEAR,5.250076646790129e-08,7.787688770333148e-07,0.9999991687303564,0.06596835699559134,0.020995905879857207,0.9130357371245514,0.9999991687303564,86.95536056868272,0.9999987530955347,BEAR,0.9130357371245514,69.91255521487487,MODERATE,0.913036503069641,0.2,1
NIFTY50,2013-12-20,BULL,0.667353520213967,0.02054070457739867,0.31210577520863436,0.6528624772030881,0.0260286515585168,0.32110887123839515,0.667353520213967,47.92937158046321,0.5010302803209504,BULL,0.6528624772030881,89.53111822729853,HIGH,0.9361588318185505,0.8,1
NIFTY50,2013-12-23,BULL,0.9868834040454935,0.0002577666531510429,0.012858829301355462,0.935042169316068,0.0005143785556364642,0.06444345212829558,0.9868834040454935,90.2563253974102,0.9803251060682402,BULL,0.935042169316068,90.23203446794604,HIGH,0.9461719209706576,0.8,2
NIFTY50,2013-12-24,BULL,0.9909243645095588,6.119893339553008e-06,0.009069515597101752,0.9386105880221567,0.00019621910712124745,0.061193192870721995,0.9909243645095588,90.7915882033235,0.986386546764338,BULL,0.9386105880221567,90.24091061924689,HIGH,0.9462987231320985,0.8,3
NIFTY50,2013-12-26,BULL,0.993505253250549,2.0233269988405905e-06,0.006492723422452215,0.9408835681469244,0.00013823466765144486,0.05897819718542418,0.993505253250549,91.13253522203864,0.9902578798758233,BULL,0.9408835681469244,90.24696477582856,HIGH,0.9463852110832653,0.8,4
NIFTY50,2013-12-27,BULL,0.9956351363569205,1.5426999410875995e-06,0.004363320943138387,0.9427592360760605,9.30717567162448e-05,0.057147692167223284,0.9956351363569205,91.41388541140905,0.9934527045353807,BULL,0.9427592360760605,90.2519681103388,HIGH,0.9464566872905542,0.8,5
NIFTY50,2013-12-30,BULL,0.7936773660109177,6.505315116879278e-06,0.20631612867396548,0.7649080007553204,0.004337813610040836,0.23075418563463884,0.7936773660109177,64.73620011329805,0.6905160490163764,BULL,0.7649080007553204,89.77744678063911,HIGH,0.9396778111519873,0.8,6
NIFTY50,2013-12-31,BULL,0.8137096400630095,0.00011591503194905945,0.18617444490504143,0.7825448541363176,0.004018673468792403,0.2134364723948901,0.8137096400630095,67.38172812044763,0.7205644600945142,BULL,0.7825448541363176,89.82478497790012,HIGH,0.9403540711128591,0.8,7
NIFTY50,2014-01-02,BEAR,0.017232960320821916,0.00030910225011158656,0.9824579374290664,0.08113223810572506,0.020919965359016315,0.8979477965352587,0.9824579374290664,84.6921694802888,0.9736869061435998,BEAR,0.8979477965352587,69.95380493166113,MODERATE,0.9136257847380163,0.2,1
NIFTY50,2014-01-03,BEAR,0.002244916679687956,0.00017776855452122313,0.9975773147657908,0.06793836411043797,0.02111287374735643,0.9109487621422055,0.9975773147657908,86.64231432133084,0.996365972148686,BEAR,0.9109487621422055,72.91826508904042,MODERATE,0.9131180727005775,0.3,2
NIFTY50,2014-01-06,BEAR,0.0015807458301297097,0.00016886285741049225,0.9982503913124599,0.06735381925478982,0.02111856106262081,0.9115276196825893,0.9982503913124599,86.72914295238841,0.9973755869686898,BEAR,0.9115276196825893,72.91668261089762,MODERATE,0.9130954658699661,0.3,3
NIFTY50,2014-01-07,BEAR,0.00043269205473791834,0.00017879289642929277,0.9993885150488327,0.06634241610442282,0.02115187147464863,0.9125057124209286,0.9993885150488327,86.87585686313929,0.999082772573249,BEAR,0.9125057124209286,75.91400948312949,HIGH,0.9130572783304214,0.4,4
NIFTY50,2014-01-08,BEAR,0.003763900890214521,0.0002408091287575191,0.9959952899810279,0.06927357738445307,0.02113943157510391,0.909586991040443,0.9959952899810279,86.43804865606646,0.9939929349715417,BEAR,0.909586991040443,78.92198920335339,HIGH,0.91317127433362,0.5,5
NIFTY50,2014-01-09,BEAR,0.0004075574079722523,0.00011325824042351655,0.9994791843516042,0.06632283596129163,0.021091637567533756,0.9125855264711746,0.9994791843516042,86.8878289706762,0.9992187765274063,BEAR,0.9125855264711746,81.9137892854513,HIGH,0.9130541326493044,0.6,6
NIFTY50,2014-01-10,BEAR,0.0024217996465454254,0.00018262524942493582,0.9973955751040297,0.06809394411139288,0.021113663027258058,0.9107923928613492,0.9973955751040297,86.61885892920236,0.9960933626560443,BEAR,0.9107923928613492,84.9186926469959,HIGH,0.9131241806713701,0.7,7
NIFTY50,2014-01-13,BEAR,0.15839549274229284,0.004399038880176234,0.837205468377531,0.20528546665145617,0.021748288902450657,0.7729662444460933,0.837205468377531,65.94493666691399,0.7558082025662964,BEAR,0.7729662444460933,88.29554641646935,HIGH,0.9185078059495623,0.8,8
NIFTY50,2014-01-14,BEAR,0.019027101199502516,0.00025404321792782175,0.9807188555825697,0.08271436701031762,0.02083124808596869,0.8964543849037137,0.9807188555825697,84.46815773555704,0.9710782833738545,BEAR,0.8964543849037137,90.95788518380733,HIGH,0.9136840740543907,0.9,9
NIFTY50,2014-01-15,BULL,0.9117822130847624,0.0019177929483360473,0.08629999396690154,0.8688407448239533,0.0036302646220309235,0.12752899055401576,0.9117822130847624,80.32611172359299,0.8676733196271436,BULL,0.8688407448239533,69.05965341807317,MODERATE,0.9437093345439024,0.1,1
NIFTY50,2014-01-16,BULL,0.9968442592952153,1.725194196450009e-05,0.003138488762820214,0.9438234195312748,8.225109854833853e-05,0.056094329370176825,0.9968442592952153,91.5735129296912,0.9952663889428227,BULL,0.9438234195312748,72.25484777335383,MODERATE,0.946497825333626,0.2,2
NIFTY50,2014-01-17,BULL,0.6168710110035752,1.0606734797136038e-05,0.38311838226162764,0.6092060107666384,0.008053698381869156,0.3827402908514925,0.6168710110035752,41.38090161499576,0.42530651650536283,BULL,0.6092060107666384,74.36202078695977,MODERATE,0.9337431540994255,0.3,3
NIFTY50,2014-01-20,BULL,0.9339334959812312,0.00012112923356018058,0.06594537478520847,0.8884179629313128,0.0014993858552833428,0.11008265121340387,0.9339334959812312,83.2626944396969,0.900900243971847,BULL,0.8884179629313128,78.1072838397496,HIGH,0.9443897691392801,0.4,4
NIFTY50,2014-01-21,BULL,0.9906154239550901,1.1769309046418346e-05,0.009372806735863468,0.9383383040233262,0.00020794332664564235,0.0614537526500282,0.9906154239550901,90.75074560349893,0.9859231359326349,BULL,0.9383383040233262,81.240198602828,HIGH,0.9462885514689714,0.5,5
NIFTY50,2014-01-22,BULL,0.9999468458879436,2.694019384323749e-07,5.2884710118095786e-05,0.9465563271906772,1.3660582872734975e-06,0.053442306751035486,0.9999468458879436,91.98344907860158,0.9999202688319152,BULL,0.9465563271906772,84.26209606159823,HIGH,0.9466013723085462,0.6,6
NIFTY50,2014-01-23,BULL,0.9999731857766467,1.4289665457811564e-09,2.6812794386667083e-05,0.946579533458062,5.645915873495e-07,0.0534199019503506,0.9999731857766467,91.9869300187093,0.9999597786649701,BULL,0.946579533458062,87.26215729266433,HIGH,0.9466022470380618,0.7,7
NIFTY50,2014-01-24,BULL,0.9256759282012952,5.4191093300924745e-08,0.07432401760761155,0.8811507803950674,0.0015604981516439442,0.11728872145328871,0.9256759282012952,82.1726170592601,0.8885138923019428,BULL,0.8811507803950674,90.08758359938965,HIGH,0.9441083371341379,0.8,8
NIFTY50,2014-01-27,BEAR,0.00014257930102320313,0.0005610211179008775,0.9992963995810759,0.06607203485517223,0.02151235209120483,0.9124156130536228,0.9992963995810759,86.86234195804344,0.9989445993716136,BEAR,0.9124156130536228,69.91426765505608,MODERATE,0.9130609665008014,0.2,1
NIFTY50,2014-01-28,BEAR,1.812397183219855e-05,0.0001458523188733676,0.9998360237092946,0.06597861692464338,0.021130033969878358,0.9128913491054783,0.9998360237092946,86.93370236582173,0.9997540355639417,BEAR,0.9128913491054783,69.91295439033078,MODERATE,0.9130422055761541,0.2,2
NIFTY50,2014-01-29,BEAR,3.57188657160907e-05,0.00017657704486105104,0.9997877040894229,0.06599291406295119,0.021158151534133893,0.9128489344029148,0.9997877040894229,86.92734016043724,0.9996815561341341,BEAR,0.9128489344029148,72.91307127984321,MODERATE,0.9130438754263317,0.3,3
NIFTY50,2014-01-30,BEAR,5.259981235491017e-07,0.0002100763089559515,0.9997893976929205,0.06596061631980886,0.021189949849192875,0.9128494338309984,0.9997893976929205,86.92741507464974,0.9996840965393806,BEAR,0.9128494338309984,75.91307095785018,HIGH,0.9130438708264312,0.4,4
NIFTY50,2014-01-31,BEAR,1.661878661832294e-06,0.000253352794470707,0.9997449853268675,0.06595992985632913,0.021230050558983405,0.9128100195846874,0.9997449853268675,86.9215029377031,0.9996174779903011,BEAR,0.9128100195846874,78.91318003700361,HIGH,0.9130454291000517,0.5,5
NIFTY50,2014-02-03,BEAR,7.128249215668421e-09,0.006511914348793794,0.993488078522957,0.0657145367440873,0.027032821172700557,0.9072526420832121,0.993488078522957,86.08789631248182,0.9902321177844354,BEAR,0.9072526420832121,81.92856498778309,HIGH,0.913265214111187,0.6,6
NIFTY50,2014-02-04,BEAR,7.620469264906734e-09,0.010768092330911585,0.989231900048619,0.06554864689771939,0.030979011743024556,0.9034723413592561,0.989231900048619,85.5208512038884,0.9838478500729287,BEAR,0.9034723413592561,84.9390302750433,HIGH,0.9134147182149043,0.7,7
NIFTY50,2014-02-05,BEAR,4.7797005220532717e-08,0.003983991324227504,0.9960159608787672,0.06581310176928966,0.02468901184324716,0.9094978863874632,0.9960159608787672,86.42468295811948,0.9940239413181506,BEAR,0.9094978863874632,87.92234930998507,HIGH,0.9131764187140724,0.8,8
NIFTY50,2014-02-06,BEAR,1.3532637358281143e-07,0.0009301264285942982,0.9990697382450322,0.0659322073556713,0.02185756523599972,0.9122102274083289,0.9990697382450322,86.83153411124935,0.9986046073675483,BEAR,0.9122102274083289,90.91484053224067,HIGH,0.9130691504605811,0.9,9
NIFTY50,2014-02-07,BEAR,3.7990697371005475e-07,0.0006972024504419269,0.9993024176425844,0.0659415012682,0.021641600521179655,0.9124168982106203,0.9993024176425844,86.86253473159303,0.9989536264638766,BEAR,0.9124168982106203,93.9142683827373,HIGH,0.9130609768962474,1.0,10
NIFTY50,2014-02-10,BEAR,2.388399304460277e-07,0.000608189770491587,0.9993915713895779,0.06594484642896013,0.021559073804719296,0.9124960797663205,0.9993915713895779,86.87441196494807,0.9990873570843667,BEAR,0.9124960797663205,93.91404918280682,HIGH,0.9130578454686687,1.0,11
NIFTY50,2014-02-11,BEAR,4.4860930105626157e-07,0.0008353548566815111,0.9991641965340174,0.06593617709341461,0.021769689521992236,0.9122941333845931,0.9991641965340174,86.84412000768896,0.9987462948010262,BEAR,0.9122941333845931,93.91460823965305,HIGH,0.9130658319950435,1.0,12
NIFTY50,2014-02-12,BEAR,2.3496829053403385e-06,0.0004729430855850005,0.9995247072315097,0.06595197673279007,0.021433633134799894,0.91261439013241,0.9995247072315097,86.8921585198615,0.9992870608472645,BEAR,0.91261439013241,93.91372159181827,HIGH,0.9130531655974039,1.0,13
NIFTY50,2014-02-13,BEAR,2.4048501585567004e-08,0.0026565031051097128,0.9973434728463887,0.06586482150008817,0.02345820819591883,0.9106769703039931,0.9973434728463887,86.60154554559895,0.9960152092695829,BEAR,0.9106769703039931,93.91908516511846,HIGH,0.9131297880731211,1.0,14
NIFTY50,2014-02-14,BEAR,1.6070763399072205e-05,0.00026500778286649005,0.9997189214537344,0.06597216455284437,0.02124055417010739,0.9127872812770483,0.9997189214537344,86.91809219155725,0.9995783821806015,BEAR,0.9127872812770483,93.91324255090755,HIGH,0.9130463221558224,1.0,15
NIFTY50,2014-02-18,BEAR,0.005318719396443652,0.0008807295859137829,0.9938005510176425,0.07061786291467301,0.0217001014264037,0.9076820356589234,0.9938005510176425,86.15230534883848,0.9907008265264636,BEAR,0.9076820356589234,93.92721597511131,HIGH,0.9132459425015903,1.0,16
NIFTY50,2014-02-19,BEAR,0.027376542174336264,0.0005377761376293202,0.9720856816880344,0.0900561164694784,0.020919018018350943,0.8890248655121707,0.9720856816880344,83.3537298268256,0.9581285225320515,BEAR,0.8890248655121707,93.97820124625909,HIGH,0.913974303517987,1.0,17
NIFTY50,2014-02-20,BEAR,0.0016382983484757524,0.00045121569431943114,0.9979104859572048,0.06739349692280949,0.021379141155991932,0.9112273619211985,0.9979104859572048,86.68410428817978,0.9968657289358072,BEAR,0.9112273619211985,93.91751210229428,HIGH,0.9131073157470612,1.0,18
NIFTY50,2014-02-21,BEAR,0.19403864725356065,0.003215576183483887,0.8027457765629555,0.23672019616295142,0.01990268595317824,0.7433771178838704,0.8027457765629555,61.50656768258056,0.7041186648444333,BEAR,0.7433771178838704,94.37638601208162,HIGH,0.9196626573154518,1.0,19
NIFTY50,2014-02-24,BULL,0.9964861129704413,0.00031921678388429747,0.0031946702456744896,0.9434962539248968,0.0003697424826794394,0.056134003592423674,0.9964861129704413,91.52443808873451,0.9947291694556618,BULL,0.9434962539248968,69.25474873374785,MODERATE,0.9464964104821121,0.1,1
NIFTY50,2014-02-25,BULL,0.9999769328221773,7.801324508239232e-07,2.2287045371895736e-05,0.9465828028857566,1.2079103620300252e-06,0.05341598920388137,0.9999769328221773,91.98742043286349,0.9999653992332659,BULL,0.9465828028857566,72.2621680116859,MODERATE,0.9466024001669416,0.2,2
NIFTY50,2014-02-26,BULL,0.9999968025459488,2.431598992672796e-09,3.1950224522542116e-06,0.9466003311680341,6.968276373625315e-08,0.053399599149202066,0.9999968025459488,91.99004967520513,0.999995203818923,BULL,0.9466003311680341,75.26221278667586,HIGH,0.9466030398096553,0.3,3
NIFTY50,2014-02-28,BULL,0.9999996545091234,1.0636324205652803e-10,3.4538451338868473e-07,0.9466028427967003,7.649386920949918e-09,0.05339714955391288,0.9999996545091234,91.99042641950503,0.9999994817636851,BULL,0.9466028427967003,78.26221948212257,HIGH,0.946603135458894,0.4,4
NIFTY50,2014-03-03,BULL,0.9997525920094753,6.41484236651475e-11,0.0002474079263762551,0.9463852709619137,5.1947330433693116e-06,0.05360953430504291,0.9997525920094753,91.95779064428704,0.9996288880142128,BULL,0.9463852709619137,81.2616389673875,HIGH,0.9465948423912499,0.5,5
NIFTY50,2014-03-04,BULL,0.9999994464416851,1.7514562927194916e-08,5.360437519327987e-07,0.9466026588867641,2.81581209719054e-08,0.05339731295511498,0.9999994464416851,91.9903988330146,0.9999991696625276,BULL,0.9466026588867641,84.26221903603741,HIGH,0.9466031290862487,0.6,6
NIFTY50,2014-03-05,BULL,0.9999998934728396,2.96724137351498e-11,1.0649748802034556e-07,0.9466030532394553,2.5611943223273903e-09,0.0533969441993505,0.9999998934728396,91.99045798591827,0.9999998402092594,BULL,0.9466030532394553,87.26222004341918,HIGH,0.9466031434774168,0.7,7
NIFTY50,2014-03-06,BULL,0.9999999975087452,8.900635342844579e-12,2.482354218566324e-09,0.9466031448579042,3.57682354763635e-10,0.05339685478441333,0.9999999975087452,91.99047172868563,0.9999999962631179,BULL,0.9466031448579042,90.26222028781788,HIGH,0.946603146968827,0.8,8
NIFTY50,2014-03-07,BULL,0.9999999987707339,1.2219096080543356e-09,7.356534773772622e-12,0.9466031459219769,1.4558493596781169e-09,0.053396852622173814,0.9999999987707339,91.99047188829653,0.9999999981561006,BULL,0.9466031459219769,93.26222029376564,HIGH,0.9466031470537948,0.9,9
NIFTY50,2014-03-10,BULL,0.9999999999602376,3.909982384626205e-11,6.625928948569758e-13,0.9466031470155969,3.34212529354021e-10,0.05339685265019065,0.9999999999602376,91.99047205233953,0.9999999999403564,BULL,0.9466031470155969,96.26222029365232,HIGH,0.9466031470521762,1.0,10
NIFTY50,2014-03-11,BULL,0.99999999993104,2.9082425293519014e-12,6.605172486788242e-11,0.9466031469912951,3.012698735559611e-10,0.05339685270743508,0.99999999993104,91.99047204869424,0.9999999998965601,BULL,0.9466031469912951,96.26222029349472,HIGH,0.9466031470499244,1.0,11
NIFTY50,2014-03-12,BULL,0.9999999999745908,4.864340106858579e-13,2.4922848162020932e-11,0.9466031470297418,2.9811009634119496e-10,0.053396852672148214,0.9999999999745908,91.99047205446126,0.9999999999618862,BULL,0.9466031470297418,96.2622202935911,HIGH,0.9466031470513014,1.0,12
NIFTY50,2014-03-13,BULL,0.999999999926444,2.923052119277729e-13,7.326374922535354e-11,0.9466031469873496,2.989409567703986e-10,0.05339685271370951,0.999999999926444,91.99047204810242,0.9999999998896659,BULL,0.9466031469873496,96.26222029347747,HIGH,0.946603147049678,1.0,13
NIFTY50,2014-03-14,BULL,0.9999999998777064,1.9313128558040328e-13,1.221005404783375e-10,0.9466031469444333,2.9987226118763967e-10,0.05339685275569437,0.9999999998777064,91.990472041665,0.9999999998165594,BULL,0.9466031469444333,96.26222029336272,HIGH,0.9466031470480387,1.0,14
NIFTY50,2014-03-18,BULL,0.9999999997996044,1.3878578404489786e-13,2.0025685568924244e-10,0.946603146875656,3.014616390706022e-10,0.05339685282288219,0.9999999997996044,91.99047203134842,0.9999999996994064,BULL,0.946603146875656,96.26222029317906,HIGH,0.9466031470454153,1.0,15
NIFTY50,2014-03-19,BULL,0.9999999995957529,1.1831860751957413e-13,4.0412873877493533e-10,0.9466031466961383,3.057225606816916e-10,0.05339685299813913,0.9999999995957529,91.99047200442074,0.9999999993936294,BULL,0.9466031466961383,96.26222029270004,HIGH,0.9466031470385721,1.0,16
NIFTY50,2014-03-20,BULL,0.9999997567435418,2.477228479857846e-13,2.432562104320435e-07,0.9466029328320235,5.404569551283238e-09,0.05339706176340697,0.9999997567435418,91.9904399248035,0.9999996351153125,BULL,0.9466029328320235,96.26221972207848,HIGH,0.9466031388868356,1.0,17
NIFTY50,2014-03-21,BULL,0.9999997698627373,2.4704389262322765e-12,2.301347923083399e-07,0.946602944385157,5.131190451893952e-09,0.053397050483652606,0.9999997698627373,91.99044165777353,0.9999996547941058,BULL,0.946602944385157,96.2622197529097,HIGH,0.9466031393272816,1.0,18
NIFTY50,2014-03-24,BULL,0.9999999999303666,7.178845326301942e-12,6.245460654260272e-11,0.9466031469905356,3.052435782892668e-10,0.05339685270422092,0.9999999999303666,91.99047204858034,0.9999999998955499,BULL,0.9466031469905356,96.26222029350365,HIGH,0.9466031470500521,1.0,19
NIFTY50,2014-03-25,BULL,0.9999999997188761,1.0949593146727282e-13,2.8101442046912146e-10,0.9466031468045653,3.0312938750394154e-10,0.05339685289230543,0.9999999997188761,91.99047202068479,0.999999999578314,BULL,0.9466031468045653,96.2622202929893,HIGH,0.9466031470427043,1.0,20
NIFTY50,2014-03-26,BULL,0.9999999995271673,1.0691679739686029e-13,4.72725840660645e-10,0.9466031466357397,3.0715195872853335e-10,0.05339685305710823,0.9999999995271673,91.99047199536098,0.999999999290751,BULL,0.9466031466357397,96.26222029253888,HIGH,0.9466031470362697,1.0,21
NIFTY50,2014-03-27,BULL,0.9999999961661701,8.506065287349019e-13,3.8329793006257e-09,0.9466031436758998,3.7840623951444125e-10,0.053396855945694016,0.9999999961661701,91.99047155138496,0.9999999942492551,BULL,0.9466031436758998,96.26222028464343,HIGH,0.9466031469234777,1.0,22
NIFTY50,2014-03-28,BULL,0.9999999999132636,3.8107196019751145e-13,8.635538261193005e-11,0.9466031469757389,2.9929998336308993e-10,0.05339685272496105,0.9999999999132636,91.99047204636085,0.9999999998698954,BULL,0.9466031469757389,96.26222029344676,HIGH,0.9466031470492394,1.0,23
NIFTY50,2014-03-31,BULL,0.9999999997849984,2.2636619923825009e-13,2.1477523342584828e-10,0.9466031468627903,3.018494955874059e-10,0.05339685283536027,0.9999999997849984,91.99047202941854,0.9999999996774976,BULL,0.9466031468627903,96.26222029314498,HIGH,0.9466031470449283,1.0,24
NIFTY50,2014-04-01,BULL,0.9999999999825453,1.7141961502217064e-13,1.728330494182296e-11,0.9466031470367591,2.976510177752288e-10,0.05339685266558995,0.9999999999825453,91.99047205551386,0.9999999999738179,BULL,0.9466031470367591,96.262220293609,HIGH,0.9466031470515573,1.0,25
NIFTY50,2014-04-02,BULL,0.9999999999955587,2.2583475429056125e-13,4.215441469368748e-12,0.946603147048217,2.9742824998207633e-10,0.05339685265435474,0.9999999999955587,91.99047205723255,0.999999999993338,BULL,0.946603147048217,96.26222029363973,HIGH,0.9466031470519962,1.0,26
NIFTY50,2014-04-03,BULL,0.9999999999770957,1.814635225579394e-13,2.2722991290418668e-11,0.9466031470319594,2.977747482544191e-10,0.053396852670265824,0.9999999999770957,91.9904720547939,0.9999999999656435,BULL,0.9466031470319594,96.26222029359622,HIGH,0.9466031470513746,1.0,27
NIFTY50,2014-04-04,BULL,0.9999999767679704,2.8646819407388817e-13,2.3231743209954503e-08,0.9466031265931919,7.851519744864968e-10,0.05339687262165619,0.9999999767679704,91.99046898897876,0.9999999651519555,BULL,0.9466031265931919,96.26222023906274,HIGH,0.9466031462723249,1.0,28
NIFTY50,2014-04-07,BULL,0.9999999786744629,6.901970161495969e-13,2.132484682216174e-08,0.9466031282720999,7.454991334121235e-10,0.05339687098240097,0.9999999786744629,91.99046924081499,0.9999999680116943,BULL,0.9466031282720999,96.26222024354338,HIGH,0.9466031463363342,1.0,29
NIFTY50,2014-04-09,BULL,0.9999999999795532,2.6250628967664664e-12,1.7821659721809684e-11,0.9466031470340286,2.999887740272245e-10,0.05339685266598269,0.9999999999795532,91.99047205510429,0.9999999999693299,BULL,0.9466031470340286,96.26222029360798,HIGH,0.9466031470515428,1.0,30
NIFTY50,2014-04-10,BULL,0.9999999999970945,2.2716103771138138e-13,2.6782783138511026e-12,0.9466031470495695,2.9739723449047227e-10,0.053396852653033296,0.9999999999970945,91.99047205743543,0.9999999999956418,BULL,0.9466031470495695,96.26222029364332,HIGH,0.9466031470520476,1.0,31
NIFTY50,2014-04-11,BULL,0.9999999998544261,2.08188606359957e-13,1.4536572547134896e-10,0.9466031469239314,3.003749948342557e-10,0.05339685277569362,0.9999999998544261,91.9904720385897,0.999999999781639,BULL,0.9466031469239314,96.26222029330802,HIGH,0.9466031470472576,1.0,32
NIFTY50,2014-04-15,BULL,0.9999995176157055,5.143942904906092e-13,4.82383780067411e-07,0.9466027222477174,1.0425349875212118e-08,0.053397267326932764,0.9999995176157055,91.9904083371576,0.9999992764235582,BULL,0.9466027222477174,96.26221916020835,HIGH,0.9466031308601193,1.0,33
NIFTY50,2014-04-16,BULL,0.999624258511669,1.0588697642853541e-10,0.0003757413824440387,0.9462722560153509,7.889157223391943e-06,0.05371985482742559,0.999624258511669,91.94083840230263,0.9994363877675035,BULL,0.9462722560153509,96.2613374264903,HIGH,0.9465905346641471,1.0,34
NIFTY50,2014-04-17,BULL,0.9999997883418645,3.1391550056113136e-08,1.802665853250919e-07,0.946602959435088,3.384615726236311e-08,0.05339700671875479,0.9999997883418645,91.9904439152632,0.9999996825127968,BULL,0.946602959435088,96.26221987351042,HIGH,0.946603141050149,1.0,35
NIFTY50,2014-04-21,BULL,0.9999999363241525,3.54804117064588e-11,6.364036716182976e-08,0.9466030909755865,1.6669080848280178e-09,0.05339690735750554,0.9999999363241525,91.99046364633797,0.9999999044862288,BULL,0.9466030909755865,96.26222014411978,HIGH,0.9466031449159971,1.0,36
NIFTY50,2014-04-22,BULL,0.9999993478116014,2.1205741231960706e-12,6.521862779679567e-07,0.9466025727122506,1.399190759027264e-08,0.0533974132958419,0.9999993478116014,91.99038590683757,0.9999990217174021,BULL,0.9466025727122506,96.26221876122918,HIGH,0.9466031251604169,1.0,37
NIFTY50,2014-04-23,BULL,0.999999860847738,1.296553725858429e-11,1.391392964321795e-07,0.9466030245093063,3.2306742772495484e-09,0.05339697226001933,0.999999860847738,91.99045367639593,0.9999997912716071,BULL,0.9466030245093063,96.26221996671998,HIGH,0.9466031423817141,1.0,38
NIFTY50,2014-04-25,BULL,0.9998776605689625,2.353725250997671e-11,0.00012233940750018744,0.9464954106901095,2.5688578914519957e-06,0.05350202045199909,0.9998776605689625,91.9743116035164,0.9998164908534438,BULL,0.9464954106901095,96.2619328367692,HIGH,0.9465990405252745,1.0,39
NIFTY50,2014-04-28,BULL,0.9979812255088126,2.841590860655835e-08,0.0020187460752787855,0.9448253428623113,4.241118661738531e-05,0.05513224595107138,0.9979812255088126,91.72380142934668,0.9969718382632188,BULL,0.9448253428623113,96.2574769154813,HIGH,0.9465353845068757,1.0,40
NIFTY50,2014-04-29,BULL,0.9228397205912049,3.0218454077112003e-06,0.07715725756338745,0.8786530015884273,0.0016227963671895872,0.1197242020443832,0.9228397205912049,81.7979502382641,0.8842595808868073,BULL,0.8786530015884273,96.08092675263609,HIGH,0.9440132393233727,1.0,41
NIFTY50,2014-04-30,BULL,0.8553925265799328,7.998406288384386e-05,0.14452748935718343,0.8192536552730433,0.0031102195377082148,0.17763612518924843,0.8553925265799328,72.8880482909565,0.783088789869899,BULL,0.8192536552730433,95.92263753697215,HIGH,0.9417519648138879,1.0,42
NIFTY50,2014-05-02,BULL,0.7029100600195651,0.00014121997669476106,0.2969487200037401,0.6849699011724939,0.006368393035768922,0.3086617057917373,0.7029100600195651,52.74548517587409,0.5543650900293476,BULL,0.6849699011724939,95.56450506905543,HIGH,0.9366357867007918,1.0,43
NIFTY50,2014-05-05,BEAR,0.09646239434834356,0.0002857669938711697,0.9032518386577851,0.15090534488814722,0.01923489306810196,0.8298597620437508,0.9032518386577851,74.47896430656262,0.8548777579866779,BEAR,0.8298597620437508,67.13991034969378,MODERATE,0.916284433567054,0.1,1
NIFTY50,2014-05-06,BEAR,0.014822102912206979,0.0003262690808926585,0.9848516280069004,0.07900848405915434,0.020986498285767128,0.9000050176550785,0.9848516280069004,85.00075264826177,0.9772774420103506,BEAR,0.9000050176550785,69.94818242987711,MODERATE,0.9135454632839586,0.2,2
NIFTY50,2014-05-07,BEAR,0.0001522011298941854,0.00025063485838371997,0.999597164011722,0.06609260589585042,0.021224369977166785,0.9126830241269829,0.999597164011722,86.90245361904742,0.9993957460175831,BEAR,0.9126830241269829,72.91352707114582,MODERATE,0.9130503867306548,0.3,3
NIFTY50,2014-05-08,BEAR,0.0008181928892126857,0.0001636945038489404,0.9990181126069384,0.06668249003720256,0.021129779072131597,0.9121877308906657,0.9990181126069384,86.82815963359984,0.9985271689104076,BEAR,0.9121877308906657,75.91487815714201,HIGH,0.9130696879591718,0.4,4
NIFTY50,2014-05-09,BULL,0.6225904482164457,0.3747858786800666,0.002623673103487736,0.5996353743277527,0.35541312969519767,0.044951495977049734,0.6225904482164457,39.94530614916291,0.43388567232466857,BULL,0.5996353743277527,84.29697422975886,HIGH,0.9470996318536982,0.6,1
NIFTY50,2014-05-12,BULL,0.8646128619304589,0.13538713693024285,1.1392981005964876e-09,0.8220996246483654,0.1283690532137279,0.04953132213790672,0.8646128619304589,73.3149436972548,0.7969192928956884,BULL,0.8220996246483654,84.27700170407803,HIGH,0.9468143100582577,0.6,2
NIFTY50,2014-05-13,BULL,0.9156448147855306,0.08435518515365721,6.081212994504576e-11,0.8690291777268206,0.07998245262207619,0.050988369651103156,0.9156448147855306,80.3543766590231,0.8734672221782958,BULL,0.8690291777268206,84.27143009635513,HIGH,0.9467347156622162,0.6,3
NIFTY50,2014-05-14,BULL,0.9978191883951417,0.0021808115934944606,1.136386339060925e-11,0.9445976483732205,0.002067764821689044,0.05333458680509056,0.9978191883951417,91.68964725598305,0.9967287825927126,BULL,0.9445976483732205,84.26245839214388,HIGH,0.9466065484591984,0.6,4
NIFTY50,2014-05-15,BULL,0.9999506576621539,4.934231902946049e-05,1.8816711031045427e-11,0.9465577712885602,4.678485109761059e-05,0.053395443860342236,0.9999506576621539,91.98366569328404,0.9999259864932306,BULL,0.9465577712885602,84.26222568074344,HIGH,0.9466032240106206,0.6,5
NIFTY50,2014-05-16,BULL,0.9157508124478113,0.08424834260471785,8.449474707463667e-07,0.8691266872900836,0.07988116622548622,0.050992146484430186,0.9157508124478113,80.36900309351253,0.873626218671717,BULL,0.8691266872900836,84.27141644620511,HIGH,0.946734520660073,0.6,6
NIFTY50,2014-05-19,BULL,0.5738530594055362,0.42614694059430774,1.5609283874631205e-13,0.5547136666993454,0.4040566957673297,0.041229637533324974,0.5738530594055362,33.20705000490181,0.3607795891083043,BULL,0.5547136666993454,87.30874653030179,HIGH,0.9472678075757399,0.7,7
NIFTY50,2014-05-20,BULL,0.843623688328003,0.1563763116719959,9.928876994035555e-16,0.8027977464193438,0.14827020882164707,0.04893204475900914,0.843623688328003,70.41966196290156,0.7654355324920046,BULL,0.8027977464193438,90.27929328090029,HIGH,0.9468470468700043,0.8,8
NIFTY50,2014-05-21,BULL,0.9951693474856468,0.004830652514348891,4.350784354843681e-15,0.9421608251127281,0.004580245527070466,0.053258929360201455,0.9951693474856468,91.32412376690921,0.99275402122847,BULL,0.9421608251127281,93.2627476987783,HIGH,0.9466106814111187,0.9,9
NIFTY50,2014-05-22,BULL,0.9998526929202045,0.0001473070797912596,4.200501685289031e-15,0.9464676818183076,0.000139671396950602,0.053392646784741725,0.9998526929202045,91.97015227274613,0.9997790393803068,BULL,0.9464676818183076,96.26223637646841,HIGH,0.9466033768066915,1.0,10
NIFTY50,2014-05-23,BULL,0.9998172778527218,0.0001827221472780797,6.483580618368527e-17,0.9464351137271859,0.00017325064808539902,0.05339163562472863,0.9998172778527218,91.96526705907787,0.9997259167790828,BULL,0.9464351137271859,96.2622402430451,HIGH,0.9466034320435016,1.0,11
NIFTY50,2014-05-26,BULL,0.9999783768838104,2.1623116188278243e-05,1.2652839992033621e-15,0.9465832621932775,2.0502532482817907e-05,0.05339623527423968,0.9999783768838104,91.98748932899163,0.9999675653257156,BULL,0.9465832621932775,96.26222265443671,HIGH,0.9466031807776674,1.0,12
NIFTY50,2014-05-27,BULL,0.9999997484662425,2.515337481569321e-07,9.374716043581605e-15,0.946602915738888,2.387920800147441e-07,0.05339684546903202,0.9999997484662425,91.9904373608332,0.9999996226993636,BULL,0.946602915738888,96.26222032111171,HIGH,0.9466031474444532,1.0,13
NIFTY50,2014-05-28,BULL,0.9999999990259203,9.740672646517258e-10,1.2523870775744372e-14,0.9466031461563629,1.2207002694461454e-09,0.05339685262293693,0.9999999990259203,91.99047192345444,0.9999999985388804,BULL,0.9466031461563629,96.26222029375593,HIGH,0.9466031470536561,1.0,14
NIFTY50,2014-05-29,BULL,0.9999999903282795,1.3209165825709323e-11,9.658511292420172e-09,0.9466031385343684,5.124322860230915e-10,0.053396860953199274,0.9999999903282795,91.99047078015525,0.9999999854924192,BULL,0.9466031385343684,96.26222027095675,HIGH,0.9466031467279536,1.0,15
NIFTY50,2014-05-30,BULL,0.9999994831907535,2.245988781640571e-12,5.16807000508064e-07,0.946602691931839,1.1149713577676915e-08,0.05339729691844751,0.9999994831907535,91.99040378977583,0.9999992247861302,BULL,0.946602691931839,96.26221907932542,HIGH,0.9466031297046488,1.0,16
NIFTY50,2014-06-02,BULL,0.9999999993055245,4.91647694215842e-10,2.0282782433246878e-10,0.9466031464213951,7.675461018646135e-10,0.053396852811058895,0.9999999993055245,91.99047196320926,0.9999999989582866,BULL,0.9466031464213951,96.26222029322669,HIGH,0.9466031470460955,1.0,17
NIFTY50,2014-06-03,BULL,0.9999999999807991,5.237911480425492e-12,1.3962919384736887e-11,0.9466031470350239,3.0238516500733776e-10,0.053396852662590956,0.9999999999807991,91.99047205525358,0.9999999999711987,BULL,0.9466031470350239,96.26222029361737,HIGH,0.9466031470516767,1.0,18
NIFTY50,2014-06-04,BULL,0.9999999995292416,7.998124922831845e-13,4.699585918756451e-10,0.9466031466375395,3.077508377825294e-10,0.05339685305470962,0.9999999995292416,91.99047199563093,0.9999999992938622,BULL,0.9466031466375395,96.26222029254541,HIGH,0.9466031470363632,1.0,19
NIFTY50,2014-06-05,BULL,0.99999999995188,2.2768806419134757e-12,4.584303481950162e-11,0.9466031470096722,3.002469544938975e-10,0.05339685269008091,0.99999999995188,91.99047205145081,0.9999999999278201,BULL,0.9466031470096722,96.26222029354213,HIGH,0.9466031470506019,1.0,20
NIFTY50,2014-06-06,BULL,0.9999999999856206,1.4061807855013145e-11,3.175313999533874e-13,0.9466031470389259,3.1046516825537223e-10,0.0533968526506089,0.9999999999856206,91.99047205583886,0.9999999999784309,BULL,0.9466031470389259,96.26222029365034,HIGH,0.946603147052148,1.0,21
NIFTY50,2014-06-09,BULL,0.999999999986092,1.3898169215115674e-11,9.840215110303479e-15,0.9466031470393474,3.1030355214382147e-10,0.053396852650349075,0.999999999986092,91.99047205590212,0.999999999979138,BULL,0.9466031470393474,96.26222029365114,HIGH,0.9466031470521592,1.0,22
NIFTY50,2014-06-10,BULL,0.999999999995892,4.0781565776831196e-12,2.9938898891506305e-14,0.9466031470483603,3.009930030017294e-10,0.05339685265064673,0.999999999995892,91.99047205725404,0.9999999999938379,BULL,0.9466031470483603,96.26222029364993,HIGH,0.9466031470521418,1.0,23
NIFTY50,2014-06-11,BULL,0.9999999999948185,1.5623050604905224e-12,3.6192282797207855e-12,0.946603147047513,2.986829238635116e-10,0.053396852653804054,0.9999999999948185,91.99047205712694,0.9999999999922276,BULL,0.946603147047513,96.26222029364125,HIGH,0.9466031470520179,1.0,24
NIFTY50,2014-06-12,BULL,0.9999999999872546,1.5663595903226098e-12,1.117895409316739e-11,0.9466031470408519,2.9884548605729963e-10,0.05339685266030258,0.9999999999872546,91.99047205612777,0.999999999980882,BULL,0.9466031470408519,96.26222029362349,HIGH,0.9466031470517642,1.0,25
NIFTY50,2014-06-13,BULL,0.9999994871527561,6.87597390322772e-12,5.128403678544904e-07,0.9466026954207359,1.1070823372597209e-08,0.05339729350844072,0.9999994871527561,91.99040431311037,0.9999992307291343,BULL,0.9466026954207359,96.26221908864619,HIGH,0.9466031298378028,1.0,26
NIFTY50,2014-06-16,BULL,0.9999997872885902,1.90181507429063e-11,2.1269239164095695e-07,0.9466029597303246,4.780673954902783e-09,0.05339703548900143,0.9999997872885902,91.99044395954867,0.9999996809328853,BULL,0.9466029597303246,96.26221979389533,HIGH,0.9466031399127907,1.0,27
NIFTY50,2014-06-17,BULL,0.9999999991111307,2.8166479510623773e-11,8.607027829415147e-10,0.9466031462682699,3.4190264107037714e-10,0.05339685338982744,0.9999999991111307,91.99047194024047,0.9999999986666959,BULL,0.9466031462682699,96.26222029163027,HIGH,0.9466031470232898,1.0,28
NIFTY50,2014-06-18,BULL,0.9999998654821323,1.5475414663944373e-12,1.3451632023732713e-07,0.9466030285909603,3.122787919100755e-09,0.05339696828625184,0.9999998654821323,91.99045428864406,0.9999997982231984,BULL,0.9466030285909603,96.26221997758118,HIGH,0.9466031425368739,1.0,29
NIFTY50,2014-06-19,BULL,0.9999994904162033,5.95735073389084e-12,5.095778393622579e-07,0.9466026982946769,1.1001454980166148e-08,0.05339729070386819,0.9999994904162033,91.99040474420154,0.9999992356243049,BULL,0.9466026982946769,96.26221909631194,HIGH,0.9466031299473134,1.0,30
NIFTY50,2014-06-20,BULL,0.9999264509417382,6.806904827662698e-11,7.354899019283938e-05,0.9465383771888346,1.5445362950266289e-06,0.05346007827487041,0.9999264509417382,91.98075657832517,0.9998896764126071,BULL,0.9465383771888346,96.2620474780133,HIGH,0.9466006782573329,1.0,31
NIFTY50,2014-06-23,BULL,0.9992952814072514,1.7144625342339303e-08,0.0007047014481232386,0.9459825466627367,1.4811890038731077e-05,0.05400264144722455,0.9992952814072514,91.89738199941051,0.998942922110877,BULL,0.9459825466627367,96.26056448170148,HIGH,0.9465794925957356,1.0,32
NIFTY50,2014-06-24,BULL,0.9999972680972562,7.536818647262857e-08,2.6565345574402926e-06,0.9466007383059174,1.2753287323101852e-07,0.0533991341612093,0.9999972680972562,91.9901107458876,0.9999959021458843,BULL,0.9466007383059174,96.26221405990631,HIGH,0.9466030579986618,1.0,33
NIFTY50,2014-06-25,BULL,0.9999308627238127,7.722988506920449e-10,6.913650388838955e-05,0.9465422623302374,1.452563054895114e-06,0.053456285106707704,0.9999308627238127,91.9813393495356,0.9998962940857189,BULL,0.9465422623302374,96.26205784596411,HIGH,0.9466008263709158,1.0,34
NIFTY50,2014-06-26,BULL,0.9153452079973349,4.553704564926667e-07,0.08465433663220855,0.8720531729765566,0.001777765490277063,0.12616906153316632,0.9153452079973349,80.8079759464835,0.8730178119960025,BULL,0.8720531729765566,96.06331083226969,HIGH,0.9437615833181385,1.0,35
NIFTY50,2014-06-27,BULL,0.7488655827075936,0.00037832868433649154,0.2507560886080698,0.7254306923447805,0.0056233878775587155,0.26894591977766075,0.7488655827075936,58.814603851717074,0.6232983740613904,BULL,0.7254306923447805,95.67306826335195,HIGH,0.9381866894764566,1.0,36
NIFTY50,2014-06-30,BULL,0.9978963509857007,0.00027660732869227544,0.0018270416856070394,0.9447398193668002,0.00030062816630020315,0.054959552466899694,0.9978963509857007,91.71097290502003,0.9968445264785509,BULL,0.9447398193668002,96.257957553552,HIGH,0.9465422507650285,1.0,37
NIFTY50,2014-07-01,BULL,0.9999151832156175,1.7502018905205806e-06,8.306658249202435e-05,0.9465283862232018,3.4037717654741016e-06,0.053468210005032775,0.9999151832156175,91.97925793348026,0.9998727748234262,BULL,0.9465283862232018,96.2620253059172,HIGH,0.9466003615131031,1.0,38
NIFTY50,2014-07-02,BULL,0.9999991633757679,2.468538343694222e-08,8.119388486485385e-07,0.9466024093295726,4.074969504115646e-08,0.053397549920732396,0.9999991633757679,91.9903613994359,0.9999987450636518,BULL,0.9466024093295726,96.26221838855868,HIGH,0.9466031198365528,1.0,39
NIFTY50,2014-07-03,BULL,0.9999995833779842,5.3760087692898344e-11,4.165682556671196e-07,0.9466027801581937,9.094026376660534e-09,0.05339721074778003,0.9999995833779842,91.99041702372904,0.9999993750669763,BULL,0.9466027801581937,96.26221931485873,HIGH,0.9466031330694104,1.0,40
NIFTY50,2014-07-04,BULL,0.9999999453980088,8.980709269563264e-12,5.459301049115544e-08,0.946603098967373,1.4518311278151112e-09,0.05339689958079588,0.9999999453980088,91.99046484510596,0.9999999180970133,BULL,0.946603098967373,96.26222016537515,HIGH,0.9466031452196452,1.0,41
NIFTY50,2014-07-07,BULL,0.9999999615628857,2.0361517168700333e-12,3.843507803841841e-08,0.946603113202997,1.1060077811944865e-09,0.05339688569099522,0.9999999615628857,91.99046698044953,0.9999999423443288,BULL,0.946603113202997,96.26222020334016,HIGH,0.9466031457620026,1.0,42
NIFTY50,2014-07-08,BULL,0.9738156846607865,1.6256859041858082e-09,0.026184313713527665,0.9235443275314327,0.0005497463395146025,0.07590592612905278,0.9738156846607865,88.53164912971488,0.9607235269911796,BULL,0.9235443275314327,96.20069587291296,HIGH,0.9457242267558995,1.0,43
NIFTY50,2014-07-09,BULL,0.9762611180810317,1.94511465020625e-05,0.02371943077246632,0.9256971032455845,0.0005164369800475234,0.07378645977436803,0.9762611180810317,88.85456548683767,0.9643916771215475,BULL,0.9256971032455845,96.20648965078338,HIGH,0.945806995011191,1.0,44
NIFTY50,2014-07-10,BEAR,0.4773358861398085,5.5062504247973484e-05,0.5226090513559435,0.4863247904372431,0.011024482043286009,0.5026507275194709,0.5226090513559435,25.39760912792064,0.28391357703391523,BEAR,0.5026507275194709,68.03426900228979,MODERATE,0.9290609857469971,0.1,1
NIFTY50,2014-07-11,BEAR,0.0012075109663385287,0.0006343714251037504,0.9981581176085578,0.06700699181839648,0.021558001686964215,0.9114350064946393,0.9981581176085578,86.7152509741959,0.9972371764128365,BEAR,0.9114350064946393,69.91695024707963,MODERATE,0.9130992892439946,0.2,2
NIFTY50,2014-07-14,BEAR,0.00011440581387315915,0.00021428677181038595,0.9996713074143165,0.06606073874078061,0.021191462726427624,0.9127477985327918,0.9996713074143165,86.91216977991874,0.9995069611214746,BEAR,0.9127477985327918,72.91334889038819,MODERATE,0.91304784129126,0.3,3
NIFTY50,2014-07-15,BEAR,0.006081293909307397,0.0005497254190575605,0.9933689806716351,0.07130231390685773,0.021377194674839537,0.9073204914183027,0.9933689806716351,86.09807371274539,0.9900534710074526,BEAR,0.9073204914183027,75.9281938831048,HIGH,0.9132599126157829,0.4,4
NIFTY50,2014-07-16,BULL,0.7613548444386736,0.00394142219374037,0.2347037333675859,0.7362902945483147,0.008664758593390377,0.2550449468582948,0.7613548444386736,60.44354418224721,0.6420322666580106,BULL,0.7362902945483147,83.71117496909419,HIGH,0.9387310709870601,0.6,1
NIFTY50,2014-07-17,BULL,0.9938111104207958,5.542779772273877e-05,0.006133461781481332,0.9411508351053827,0.00018132803805003155,0.05866783685656733,0.9938111104207958,91.17262526580738,0.9907166656311938,BULL,0.9411508351053827,84.24781475173194,HIGH,0.9463973535961705,0.6,2
NIFTY50,2014-07-18,BULL,0.997967195618919,1.2695588755628778e-06,0.002031534822205438,0.9448129392777257,4.385649436664491e-05,0.05514320422790774,0.997967195618919,91.72194089165883,0.9969507934283783,BULL,0.9448129392777257,84.25744700168978,HIGH,0.9465349571669969,0.6,3
NIFTY50,2014-07-21,BULL,0.997746320918296,3.326354418545026e-07,0.0022533464462621625,0.9446184658464611,4.762511437984889e-05,0.05533390903915903,0.997746320918296,91.69276987696917,0.9966194813774439,BULL,0.9446184658464611,84.25692571591834,HIGH,0.9465275102274048,0.6,4
NIFTY50,2014-07-22,BULL,0.9999348949050357,3.6287485169091195e-07,6.474222011261804e-05,0.9465457990959306,1.703636442269025e-06,0.053452497267627165,0.9999348949050357,91.98186986438958,0.9999023423575536,BULL,0.9465457990959306,84.26206821060217,HIGH,0.9466009744371737,0.6,5
NIFTY50,2014-07-23,BULL,0.9999831910272725,4.5877226370120215e-09,1.6804385004902522e-05,0.9465883443068884,3.5745819963120144e-07,0.053411298234912016,0.9999831910272725,91.98825164603325,0.9999747865409088,BULL,0.9465883443068884,84.26218080943958,HIGH,0.9466025829919943,0.6,6
NIFTY50,2014-07-24,BULL,0.9999927647174799,8.734503816464822e-10,7.23440906974681e-06,0.9465967753764751,1.5301305296583972e-07,0.053403071610472,0.9999927647174799,91.98951630647126,0.9999891470762197,BULL,0.9465967753764751,87.26220329529184,HIGH,0.9466029042184549,0.7,7
NIFTY50,2014-07-25,BULL,0.9995671108651218,1.3244977880869583e-09,0.00043288781038039367,0.9462219297612272,9.090112470678962e-06,0.053768980126302136,0.9995671108651218,91.93328946418407,0.9993506662976828,BULL,0.9462219297612272,90.26120315154077,HIGH,0.9465886164505826,0.8,8
NIFTY50,2014-07-28,BULL,0.9995695769184482,3.685792963453947e-08,0.0004303862236222928,0.9462241000686561,9.071282674633297e-06,0.053766828648669225,0.9995695769184482,91.9336150102984,0.9993543653776721,BULL,0.9462241000686561,93.26120903331643,HIGH,0.9465887004759492,0.9,9
NIFTY50,2014-07-30,BULL,0.9999904972637803,1.1818280737132098e-08,9.49091793893127e-06,0.9465947781512368,2.1076635479144076e-07,0.053405011082408374,0.9999904972637803,91.98921672268551,0.9999857458956705,BULL,0.9465947781512368,96.26219799444209,HIGH,0.9466028284920299,1.0,10
NIFTY50,2014-07-31,BULL,0.9942670000525474,4.484781332194856e-09,0.0057329954626711465,0.941554467581175,0.00012036984768292534,0.05832516257114206,0.9942670000525474,91.23317013717623,0.9914005000788213,BULL,0.941554467581175,96.24874966321867,HIGH,0.9464107094745526,1.0,11
NIFTY50,2014-08-01,BULL,0.5041694166807752,0.00010740098404267758,0.4957231823351821,0.5099532914349195,0.010509633660995882,0.4795370749040846,0.5041694166807752,26.49299371523793,0.2562541250211628,BULL,0.5099532914349195,95.09744755889554,HIGH,0.9299635365556507,1.0,12
NIFTY50,2014-08-04,BULL,0.9802700060226185,0.000270279398867639,0.019459714578513854,0.9292176931304613,0.0006648294813634574,0.07011747738817521,0.9802700060226185,89.38265396956918,0.9704050090339276,BULL,0.9292176931304613,96.21652595099444,HIGH,0.9459503707284919,1.0,13
NIFTY50,2014-08-05,BULL,0.9998474374864471,2.6899288785211724e-06,0.00014987258467438313,0.9464686903490135,5.697390330283699e-06,0.05352561226065632,0.9998474374864471,91.97030355235201,0.9997711562296705,BULL,0.9464686903490135,96.261868436649,HIGH,0.946598120523557,1.0,14
NIFTY50,2014-08-06,BULL,0.8339739473695188,4.779524551505359e-07,0.16602557467802606,0.8003948077845685,0.003486191068494747,0.19611900114693684,0.8339739473695188,70.05922116768527,0.750960921054278,BULL,0.8003948077845685,95.87211551242878,HIGH,0.9410302216061255,1.0,15
NIFTY50,2014-08-07,BEAR,0.31530404203345336,0.00012506548561689847,0.6845708924809298,0.34363118038637613,0.014491275027594229,0.6418775445860296,0.6845708924809298,46.281631687904444,0.5268563387213947,BEAR,0.6418775445860296,67.65372023283417,MODERATE,0.923624574754774,0.1,1
NIFTY50,2014-08-08,BEAR,0.0003166686805260546,0.00017979756621107657,0.9995035337532628,0.06624020272442922,0.021155238904143014,0.9126045583714276,0.9995035337532628,86.89068375571416,0.9992553006298941,BEAR,0.9126045583714276,69.91373933715057,MODERATE,0.9130534191021512,0.2,2
NIFTY50,2014-08-11,BEAR,0.0014246983787338417,0.00019664179622421463,0.9983786598250419,0.06721531571608969,0.02114759304137483,0.9116370912425354,0.9983786598250419,86.7455636863803,0.9975679897375629,BEAR,0.9116370912425354,72.91638425546427,MODERATE,0.9130912036494897,0.3,3
NIFTY50,2014-08-12,BEAR,0.06109947243230892,0.0017844799396018161,0.9371160476280892,0.11970511064994,0.02136690231804397,0.8589279870320161,0.9371160476280892,78.83919805480242,0.9056740714421336,BEAR,0.8589279870320161,76.06050435920187,HIGH,0.9151500622743126,0.4,4
NIFTY50,2014-08-13,BEAR,0.0927072210165097,0.0005672557540332191,0.9067255232294571,0.14758743714555997,0.01957472090064728,0.8328378419537928,0.9067255232294571,74.92567629306892,0.8600882848441856,BEAR,0.8328378419537928,79.13177907990246,HIGH,0.9161682725700351,0.5,5
NIFTY50,2014-08-14,BULL,0.5772480918958901,0.0010573831646753127,0.42169452493943466,0.5742718895637859,0.0098561261374797,0.41587198429873445,0.5772480918958901,36.14078343456789,0.36587213784383515,BULL,0.5742718895637859,80.27149397886481,HIGH,0.9324499139837832,0.5,1
NIFTY50,2014-08-18,BULL,0.9990742760344554,7.869337058710778e-05,0.0008470305949575117,0.9457848551270864,9.239799097669501e-05,0.05412274688193676,0.9990742760344554,91.86772826906297,0.998611414051683,BULL,0.9457848551270864,81.26023864536592,HIGH,0.9465748377909416,0.5,2
NIFTY50,2014-08-19,BULL,0.9999845893301302,1.4843498116523435e-07,1.5262234888602194e-05,0.9465895700944132,4.614710990573949e-07,0.05340996843448779,0.9999845893301302,91.98843551416196,0.9999768839951954,BULL,0.9465895700944132,81.2621844486841,HIGH,0.9466026349812013,0.5,3
NIFTY50,2014-08-20,BULL,0.9997819836048182,1.618574949615747e-09,0.0002180147766068594,0.9464111541631889,4.579092286413511e-06,0.05358426674452479,0.9997819836048182,91.96167312447831,0.9996729754072271,BULL,0.9464111541631889,81.26170803167469,HIGH,0.9465958290239241,0.5,4
NIFTY50,2014-08-21,BULL,0.9999761882210544,5.975868854835509e-09,2.3805803076765596e-05,0.9465821773378886,5.057704534283386e-07,0.05341731689165796,0.9999761882210544,91.98732660068329,0.9999642823315814,BULL,0.9465821773378886,81.26216435858933,HIGH,0.9466023479798475,0.5,5
NIFTY50,2014-08-22,BULL,0.9999995101449696,2.9375440930305163e-10,4.895612760658115e-07,0.9466027156572978,1.0854082015745633e-08,0.05339727348862021,0.9999995101449696,91.99040734859467,0.9999992652174542,BULL,0.9466027156572978,84.26221914337563,HIGH,0.9466031306196521,0.6,6
NIFTY50,2014-08-25,BULL,0.9999970698241172,8.335502979556214e-12,2.930167547389445e-06,0.9466005666369421,6.182443770301586e-08,0.053399371538620226,0.9999970698241172,91.99008499554132,0.9999956047361758,BULL,0.9466005666369421,87.26221340873217,HIGH,0.946603048696174,0.7,7
NIFTY50,2014-08-26,BULL,0.9999886042031366,6.444937946529716e-11,1.1395732413969002e-05,0.9465931115142657,2.3961374021491537e-07,0.05340664887199409,0.9999886042031366,91.98896672713984,0.9999829063047048,BULL,0.9465931115142657,90.26219351747889,HIGH,0.9466027645354128,0.8,8
NIFTY50,2014-08-27,BULL,0.9999998794999051,1.0903574551190915e-10,1.2039105918650595e-07,0.9466030409313093,2.9281417766351714e-09,0.05339695614054879,0.9999998794999051,91.99045613969639,0.9999998192498575,BULL,0.9466030409313093,93.26222001078257,HIGH,0.9466031430111795,0.9,9
NIFTY50,2014-08-28,BULL,0.9999999301999279,2.4625777402849157e-12,6.979760950813165e-08,0.9466030855836681,1.7648742413547903e-09,0.053396912651457726,0.9999999301999279,91.9904628375502,0.9999998952998918,BULL,0.9466030855836681,96.2622201296487,HIGH,0.9466031447092672,1.0,10
NIFTY50,2014-09-01,BULL,0.9999999999944706,1.6364699661392849e-12,3.892899390531798e-12,0.9466031470472038,2.9875899004693217e-10,0.0533968526540372,0.9999999999944706,91.99047205708058,0.999999999991706,BULL,0.9466031470472038,96.26222029364064,HIGH,0.9466031470520093,1.0,11
NIFTY50,2014-09-02,BULL,0.9999999999991811,2.5666437715891246e-13,5.622113539347653e-13,0.9466031470514058,2.973807812442072e-10,0.0533968526512134,0.9999999999991811,91.99047205771087,0.9999999999987716,BULL,0.9466031470514058,96.2622202936483,HIGH,0.9466031470521186,1.0,12
NIFTY50,2014-09-03,BULL,0.9999999999992044,2.653595884202705e-13,5.302658454804859e-13,0.946603147051426,2.9738835501860413e-10,0.0533968526511857,0.9999999999992044,91.9904720577139,0.9999999999988066,BULL,0.946603147051426,96.26222029364835,HIGH,0.9466031470521195,1.0,13
NIFTY50,2014-09-04,BULL,0.9999999999840787,1.748954303588761e-13,1.574642020275848e-11,0.9466031470381093,2.9762204623532586e-10,0.05339685266426868,0.9999999999840787,91.9904720557164,0.9999999999761181,BULL,0.9466031470381093,96.2622202936126,HIGH,0.9466031470516086,1.0,14
NIFTY50,2014-09-05,BULL,0.9999999998645224,1.3252077126015138e-13,1.3534520851788308e-10,0.9466031469328253,3.0009286680088933e-10,0.05339685276708174,0.9999999998645224,91.9904720399238,0.9999999997967836,BULL,0.9466031469328253,96.26222029333161,HIGH,0.9466031470475944,1.0,15
NIFTY50,2014-09-08,BULL,0.999999999995056,3.5448619291828177e-13,4.589624922873983e-12,0.9466031470477693,2.975580885467992e-10,0.053396852654672734,0.999999999995056,91.99047205716538,0.9999999999925839,BULL,0.9466031470477693,96.26222029363886,HIGH,0.946603147051984,1.0,16
NIFTY50,2014-09-09,BULL,0.9999999996648765,1.9831128313920075e-13,3.3492507025867547e-10,0.946603146757008,3.0434546296660027e-10,0.05339685293864663,0.9999999996648765,91.9904720135512,0.9999999994973148,BULL,0.946603146757008,96.26222029286266,HIGH,0.9466031470408952,1.0,17
NIFTY50,2014-09-10,BULL,0.9999998061566323,3.4684333294003457e-13,1.93843020867136e-07,0.9466029763469068,4.367224495291263e-09,0.05339701928586856,0.9999998061566323,91.99044645203602,0.9999997092349483,BULL,0.9466029763469068,96.26221983818304,HIGH,0.946603140545472,1.0,18
NIFTY50,2014-09-11,BULL,0.9999995510808923,3.410069555548364e-12,4.489156975605402e-07,0.9466027517182128,9.725426875275037e-09,0.05339723855636031,0.9999995510808923,91.9904127577319,0.9999993266213385,BULL,0.9466027517182128,96.2622192388475,HIGH,0.9466031319835359,1.0,19
NIFTY50,2014-09-12,BULL,0.9999996549663015,6.919023610425424e-12,3.450267794695206e-07,0.9466028432031832,7.54758691821204e-09,0.05339714924922992,0.9999996549663015,91.99042648047748,0.9999994824494522,BULL,0.9466028432031832,96.26221948295226,HIGH,0.9466031354707467,1.0,20
NIFTY50,2014-09-15,BULL,0.9997027928940917,5.2127347128216354e-11,0.00029720705378091957,0.9463414161280707,6.240263519987738e-06,0.05365234360840941,0.9997027928940917,91.95121241921058,0.9995541893411374,BULL,0.9463414161280707,96.26152195601408,HIGH,0.9465931708002012,1.0,21
NIFTY50,2014-09-16,BULL,0.5371149725161081,2.95644584847157e-06,0.4628820710380435,0.5389703654712599,0.009721098035220083,0.45130853649352,0.5371149725161081,30.84555482068898,0.3056724587741621,BULL,0.5389703654712599,95.17460183506094,HIGH,0.9310657405008707,1.0,22
NIFTY50,2014-09-17,BULL,0.6909473626028146,0.0003540228321429373,0.3086986145650424,0.674426839175979,0.006816856002323269,0.31875630482169776,0.6909473626028146,51.16402587639685,0.536421043904222,BULL,0.674426839175979,95.53691996174936,HIGH,0.9362417137392764,1.0,23
NIFTY50,2014-09-18,BULL,0.9995503744443149,0.00010024166116366893,0.00034938389452144925,0.9462032840841592,0.0001023810951100128,0.05369433482073086,0.9995503744443149,91.93049261262388,0.9993255616664722,BULL,0.9462032840841592,96.26141030207158,HIGH,0.9465915757438798,1.0,24
NIFTY50,2014-09-19,BULL,0.9997918710182517,2.8651553350164435e-07,0.00020784246621482965,0.9464198502593557,4.6356514622392595e-06,0.05357551408918214,0.9997918710182517,91.96297753890336,0.9996878065273774,BULL,0.9464198502593557,96.26173196432266,HIGH,0.9465961709188953,1.0,25
NIFTY50,2014-09-22,BULL,0.9998745891120762,1.0663702521080337e-08,0.00012540022422121848,0.9464927054435557,2.6432089130155397e-06,0.05350465134753134,0.9998745891120762,91.97390581653335,0.9998118836681142,BULL,0.9464927054435557,96.26192564603053,HIGH,0.9465989378004362,1.0,26
NIFTY50,2014-09-23,BEAR,0.23140076930416276,1.5678579863053286e-06,0.7685976628378509,0.2697478515756156,0.016138336723644866,0.7141138117007396,0.7685976628378509,57.117071755110935,0.6528964942567763,BEAR,0.7141138117007396,67.45627181024818,MODERATE,0.9208038830035454,0.1,1
NIFTY50,2014-09-24,BEAR,0.0055811816294856305,0.00014768853525264392,0.9942711298352618,0.07087756755639618,0.021014939027660818,0.908107493415943,0.9942711298352618,86.21612401239145,0.9914066947528927,BEAR,0.908107493415943,69.92603023895224,MODERATE,0.9132290034136034,0.2,2
NIFTY50,2014-09-25,BEAR,5.230285331152741e-07,5.450110393303919e-05,0.9999449758675338,0.06596667745822193,0.021045705612728973,0.912987616929049,0.9999449758675338,86.94814253935735,0.9999174638013008,BEAR,0.912987616929049,72.91268841540581,MODERATE,0.9130384059343689,0.3,3
NIFTY50,2014-09-26,BEAR,0.0002760149843605654,0.00026474522275792445,0.9994592397928816,0.06620109071505972,0.02123485315595183,0.9125640561289884,0.9994592397928816,86.88460841934824,0.9991888596893225,BEAR,0.9125640561289884,75.91385268770097,HIGH,0.9130550383957281,0.4,4
NIFTY50,2014-09-29,BEAR,0.00011027511229951055,0.0001131169638911127,0.9997766079238093,0.06606104433097686,0.02109774807718835,0.9128412075918348,0.9997766079238093,86.92618113877522,0.9996649118857139,BEAR,0.9128412075918348,78.91309042363945,HIGH,0.9130441489091349,0.5,5
NIFTY50,2014-09-30,BEAR,0.0004789649507527475,0.0001472791064122937,0.9993737559428348,0.06638439391971333,0.02112168139970216,0.9124939246805845,0.9993737559428348,86.87408870208768,0.9990606339142523,BEAR,0.9124939246805845,81.91404072147593,HIGH,0.9130577245925132,0.6,6
NIFTY50,2014-10-01,BEAR,0.0001863640467067769,0.00011698654885081731,0.9996966494044425,0.06612790007266739,0.021099738329994386,0.9127723615973382,0.9996966494044425,86.91585423960073,0.9995449741066635,BEAR,0.9127723615973382,84.91327872202001,HIGH,0.9130468388860004,0.7,7
NIFTY50,2014-10-07,BEAR,1.0524463912102799e-06,0.0003334440280659782,0.9996655035255428,0.06595627150516103,0.02130432135577367,0.9127394071390654,0.9996655035255428,86.9109110708598,0.9994982552883143,BEAR,0.9127394071390654,87.91337553704807,HIGH,0.9130482219578296,0.8,8
NIFTY50,2014-10-08,BEAR,5.3050581850446866e-06,0.00018174445204186774,0.999812950489773,0.06596592919879088,0.021163581130463113,0.912870489670746,0.999812950489773,86.9305734506119,0.9997194257346596,BEAR,0.912870489670746,90.9130125233781,HIGH,0.9130430360482585,0.9,9
NIFTY50,2014-10-09,BEAR,0.009307003441831224,0.0013410378181947838,0.989351958739974,0.0741121435265444,0.02204314957314097,0.9038447069003145,0.989351958739974,85.5767060350472,0.9840279381099609,BEAR,0.9038447069003145,93.93771894203059,HIGH,0.9133959848861513,1.0,10
NIFTY50,2014-10-10,BEAR,1.4497083298213459e-05,0.00032595758615327537,0.9996595453305486,0.06596840311454974,0.021297097896308757,0.9127344989891415,0.9996595453305486,86.91017484837123,0.9994893179958229,BEAR,0.9127344989891415,93.91338871946174,HIGH,0.9130484102780247,1.0,11
NIFTY50,2014-10-13,BEAR,2.798509821607616e-05,0.00017210181170827335,0.9997999130900757,0.06598627786636034,0.02115416461455982,0.9128595575190799,0.9997999130900757,86.92893362786198,0.9996998696351135,BEAR,0.9128595575190799,93.91304210415498,HIGH,0.9130434586307856,1.0,12
NIFTY50,2014-10-14,BEAR,5.998263431263398e-07,5.2010440803837766e-05,0.999947389732853,0.06596684216600265,0.021043394738039168,0.9129897630959583,0.999947389732853,86.94846446439374,0.9999210845992795,BEAR,0.9129897630959583,93.9126824716981,HIGH,0.9130383210242587,1.0,13
NIFTY50,2014-10-16,BEAR,5.29135012725468e-09,0.0013997615269522837,0.9986002331816975,0.06591378818065328,0.02229299844135544,0.9117932133779914,0.9986002331816975,86.7689820066987,0.9979003497725462,BEAR,0.9117932133779914,93.91599498707335,HIGH,0.9130856426724764,1.0,14
NIFTY50,2014-10-17,BEAR,1.6126395098870378e-06,0.0003567024423062933,0.9996416849181838,0.06595585830264113,0.021325874043924584,0.9127182676534342,0.9996416849181838,86.90774014801514,0.9994625273772756,BEAR,0.9127182676534342,93.91343404217369,HIGH,0.9130490577453385,1.0,15
NIFTY50,2014-10-20,BEAR,0.0002472103562590647,0.0005441576775173867,0.9992086319662237,0.06616483387953812,0.021494520106319897,0.912340646014142,0.9992086319662237,86.85109690212128,0.9988129479493355,BEAR,0.912340646014142,93.91447203860348,HIGH,0.913063886265764,1.0,16
NIFTY50,2014-10-21,BEAR,0.012247375815790643,0.0006059879828792696,0.98714663620133,0.07673018734062352,0.02129990147638413,0.9019699111829924,0.98714663620133,85.29548667744886,0.9807199543019952,BEAR,0.9019699111829924,93.9428204639799,HIGH,0.9134688637711414,1.0,17
NIFTY50,2014-10-22,BEAR,0.21037144786069764,0.0015810378414613743,0.7880475142978411,0.2511671371934339,0.018044284698893513,0.7307885781076726,0.7880475142978411,59.61828671615089,0.6820712714467614,BEAR,0.7307885781076726,94.41074357857231,HIGH,0.9201534796938902,1.0,18
NIFTY50,2014-10-27,BEAR,0.4304461335220745,0.0006362437338932064,0.5689176227440322,0.44500938991766226,0.012547793497802004,0.5424428165845359,0.5689176227440322,31.366422487680378,0.35337643411604835,BEAR,0.5424428165845359,94.92552272756707,HIGH,0.9275074675366723,1.0,19
NIFTY50,2014-10-28,BULL,0.9315164533641436,0.00026073755284769306,0.06822280908300869,0.8862839896526507,0.0016795724300259906,0.11203643791732334,0.9315164533641436,82.9425984478976,0.8972746800462154,BULL,0.8862839896526507,69.10194786954588,MODERATE,0.9443135409935125,0.1,1
NIFTY50,2014-10-29,BULL,0.9998339760724418,6.332627931114974e-06,0.0001596912996270486,0.9464566937801925,9.357407959830953e-06,0.053533948811847705,0.9998339760724418,91.96850406702886,0.9997509641086626,BULL,0.9464566937801925,72.26184576364307,MODERATE,0.9465977966234724,0.2,2
NIFTY50,2014-10-30,BULL,0.9999995862594236,2.728692025517097e-08,3.864536561341436e-07,0.9466027816342403,3.428323541483184e-08,0.05339718408252437,0.9999995862594236,91.99041724513603,0.9999993793891353,BULL,0.9466027816342403,75.26221938859128,HIGH,0.9466031341227327,0.3,3
NIFTY50,2014-10-31,BULL,0.9999999982728044,1.626699111763356e-09,1.0049645032608306e-10,0.9466031454677056,1.841611216758828e-09,0.05339685269068315,0.9999999982728044,91.99047182015583,0.9999999974092064,BULL,0.9466031454677056,78.26222029359103,HIGH,0.9466031470513003,0.4,4
NIFTY50,2014-11-03,BULL,0.9999999995773133,5.285439607918962e-12,4.1740123454974667e-10,0.9466031466796984,3.1090049132790307e-10,0.05339685300940116,0.9999999995773133,91.99047200195474,0.9999999993659698,BULL,0.9466031466796984,81.26222029266941,HIGH,0.9466031470381344,0.5,5
NIFTY50,2014-11-05,BULL,0.9999999999835378,6.249613303144117e-13,1.583717276874178e-11,0.9466031470376155,2.980506873662261e-10,0.053396852664333846,0.9999999999835378,91.99047205564233,0.9999999999753068,BULL,0.9466031470376155,84.26222029361243,HIGH,0.9466031470516062,0.6,6
NIFTY50,2014-11-07,BULL,0.9999999999478892,4.552802086177826e-13,5.165556308396505e-11,0.9466031470062285,2.986418157492008e-10,0.053396852695129594,0.9999999999478892,91.99047205093429,0.9999999999218339,BULL,0.9466031470062285,87.26222029352829,HIGH,0.9466031470504043,0.7,7
NIFTY50,2014-11-10,BULL,0.9999999999614608,3.7562937218112683e-13,3.8163466839545675e-11,0.9466031470181835,2.982830247337654e-10,0.05339685268353354,0.9999999999614608,91.99047205272753,0.9999999999421912,BULL,0.9466031470181835,90.26222029355996,HIGH,0.9466031470508568,0.8,8
NIFTY50,2014-11-11,BULL,0.9999999999993503,5.590391620224893e-13,9.057811655676178e-14,0.9466031470515431,2.9765757975350143e-10,0.05339685265079934,0.9999999999993503,91.99047205773145,0.9999999999990254,BULL,0.9466031470515431,93.26222029364945,HIGH,0.9466031470521351,0.9,9
NIFTY50,2014-11-12,BULL,0.999999999999424,4.869636238408134e-13,8.911888301280205e-14,0.9466031470516107,2.975892097693054e-10,0.053396852650800145,0.999999999999424,91.99047205774161,0.999999999999136,BULL,0.9466031470516107,96.26222029364946,HIGH,0.9466031470521353,1.0,10
NIFTY50,2014-11-13,BULL,0.9999999999938514,2.782681020851289e-13,5.870333640824749e-12,0.9466031470467114,2.975127101009722e-10,0.05339685265577585,0.9999999999938514,91.9904720570067,0.999999999990777,BULL,0.9466031470467114,96.2622202936358,HIGH,0.9466031470519402,1.0,11
NIFTY50,2014-11-14,BULL,0.9999999999979565,1.948834436859234e-13,1.8485784108799588e-12,0.9466031470503299,2.9734921037244475e-10,0.05339685265232098,0.9999999999979565,91.99047205754947,0.9999999999969348,BULL,0.9466031470503299,96.26222029364524,HIGH,0.946603147052075,1.0,12
NIFTY50,2014-11-17,BULL,0.9999999999983948,2.5825003919132753e-13,1.3468135004260576e-12,0.9466031470507135,2.9739875757696184e-10,0.05339685265188783,0.9999999999983948,91.99047205760702,0.9999999999975923,BULL,0.9466031470507135,96.26222029364646,HIGH,0.9466031470520924,1.0,13
NIFTY50,2014-11-18,BULL,0.9999999999957074,1.7232427118139864e-13,4.12028821526768e-12,0.9466031470483499,2.973755155700497e-10,0.05339685265427446,0.9999999999957074,91.9904720572525,0.9999999999935612,BULL,0.9466031470483499,96.26222029363993,HIGH,0.9466031470519991,1.0,14
NIFTY50,2014-11-19,BULL,0.9999999976243183,1.985297405276841e-13,2.3754831114303323e-09,0.9466031449600213,3.471875629339943e-10,0.053396854692791165,0.9999999976243183,91.99047174400317,0.9999999964364775,BULL,0.9466031449600213,96.26222028806801,HIGH,0.9466031469724001,1.0,15
NIFTY50,2014-11-20,BULL,0.999999997310655,1.3594161783109334e-13,2.6892090637724697e-09,0.9466031446838009,3.537149534959584e-10,0.05339685496248421,0.999999997310655,91.99047170257012,0.9999999959659825,BULL,0.9466031446838009,96.26222028733086,HIGH,0.9466031469618696,1.0,16
NIFTY50,2014-11-21,BULL,0.9999999997997256,2.1414181847079368e-13,2.000602595308165e-10,0.9466031468757601,3.0152896128992686e-10,0.05339685282271105,0.9999999997997256,91.990472031364,0.9999999996995883,BULL,0.9466031468757601,96.26222029317952,HIGH,0.9466031470454219,1.0,17
NIFTY50,2014-11-24,BULL,0.9999999997403235,1.5797495770176396e-13,2.595184282066767e-10,0.9466031468234507,3.0272404118888903e-10,0.053396852873825236,0.9999999997403235,91.99047202351758,0.9999999996104852,BULL,0.9466031468234507,96.26222029303983,HIGH,0.9466031470434262,1.0,18
NIFTY50,2014-11-25,BULL,0.9996383070023974,9.475471853563106e-12,0.0003616929881271466,0.946284627609015,7.59411717706755e-06,0.053707778273807835,0.9996383070023974,91.94269414135226,0.999457460503596,BULL,0.946284627609015,96.26137043552994,HIGH,0.9465910062218562,1.0,19
NIFTY50,2014-11-26,BULL,0.9999989648141445,5.240422949556712e-09,1.0299454326293371e-06,0.9466022352271894,2.6889794472093454e-08,0.053397737883016175,0.9999989648141445,91.99033528407841,0.9999984472212168,BULL,0.9466022352271894,96.26221787419283,HIGH,0.946603112488469,1.0,20
NIFTY50,2014-11-27,BULL,0.9999989167559257,2.498269859046836e-11,1.0832190916858644e-06,0.9466021931087281,2.3063198115287292e-08,0.0533977838280739,0.9999989167559257,91.9903289663092,0.9999983751338883,BULL,0.9466021931087281,96.26221774844804,HIGH,0.9466031106921149,1.0,21
NIFTY50,2014-11-28,BULL,0.9999999920646252,3.1096943108337926e-11,7.904277850213895e-09,0.9466031400627577,4.925623568042239e-10,0.05339685944467998,0.9999999920646252,91.99047100941365,0.9999999880969378,BULL,0.9466031400627577,96.26222027508054,HIGH,0.946603146786865,1.0,22
NIFTY50,2014-12-01,BULL,0.9999997167057746,3.967137087892185e-13,2.8329382872087566e-07,0.9466028975733664,6.245308007228464e-09,0.053397096181325744,0.9999997167057746,91.99043463600493,0.9999995750586619,BULL,0.9466028975733664,96.26221962800341,HIGH,0.9466031375429059,1.0,23
NIFTY50,2014-12-02,BULL,0.9999955444344995,1.2399127489910475e-11,4.455553101497709e-06,0.9465992233255938,9.385404202988963e-08,0.05340068282036428,0.9999955444344995,91.98988349883906,0.9999933166517492,BULL,0.9465992233255938,96.26220982458436,HIGH,0.9466029974940622,1.0,24
NIFTY50,2014-12-03,BULL,0.9999991006741692,1.0158843822430857e-10,8.992242423678886e-07,0.946602355070549,1.9272826997857213e-08,0.053397625656624086,0.9999991006741692,91.99035326058234,0.9999986510112536,BULL,0.946602355070549,96.26221818078304,HIGH,0.9466031168683292,1.0,25
NIFTY50,2014-12-04,BULL,0.9999995149583907,1.9143971843767205e-11,4.850224653304665e-07,0.9466027199068673,1.0498413432754589e-08,0.05339726959471926,0.9999995149583907,91.99040798603008,0.999999272437586,BULL,0.9466027199068673,96.26221915401034,HIGH,0.9466031307715765,1.0,26
NIFTY50,2014-12-05,BULL,0.9999816469828907,2.7163938279158104e-11,1.8352989945326894e-05,0.9465869847454178,3.8564729397374907e-07,0.0534126296072882,0.9999816469828907,91.98804771181267,0.9999724704743359,BULL,0.9465869847454178,96.2621771702356,HIGH,0.9466025310033657,1.0,27
NIFTY50,2014-12-08,BULL,0.9525790974863871,5.055772421400612e-08,0.04742085195588873,0.9048426477991494,0.0009956577764762395,0.09416169442437429,0.9525790974863871,85.7263971698724,0.9288686462295805,BULL,0.9048426477991494,96.15079708266825,HIGH,0.9450113868952607,1.0,28
NIFTY50,2014-12-09,BEAR,0.10330048909509137,0.0002501747320093907,0.8964493361728992,0.1569285963848599,0.019058326012189614,0.8240130776029506,0.8964493361728992,73.6019616404426,0.8446740042593487,BEAR,0.8240130776029506,67.15589008017334,MODERATE,0.9165127154310477,0.1,1
NIFTY50,2014-12-10,BEAR,0.011684357144716604,0.0003710478584384915,0.987944594996845,0.07624353061084474,0.02109389327189481,0.9026625761172604,0.987944594996845,85.39938641758906,0.9819168924952673,BEAR,0.9026625761172604,69.94091987594267,MODERATE,0.9134417125134667,0.2,2
NIFTY50,2014-12-11,BEAR,3.4241811349247654e-05,0.0002936504559179347,0.9996721077327329,0.06598705022329909,0.021266729225752828,0.9127462205509482,0.9996721077327329,86.91193308264224,0.9995081615990993,BEAR,0.9127462205509482,72.9133556747428,MODERATE,0.9130479382106116,0.3,3
NIFTY50,2014-12-12,BEAR,8.204114111365325e-07,0.0007945496430202406,0.9992046299455686,0.06593809495355572,0.021731848441468,0.9123300566049762,0.9992046299455686,86.84950849074642,0.9988069449183529,BEAR,0.9123300566049762,75.91450877952882,HIGH,0.913064411136126,0.4,4
NIFTY50,2014-12-15,BEAR,2.6196458987897313e-06,0.00046558214762325707,0.999531798206478,0.06595250137408783,0.021426802643250857,0.9126206959826614,0.999531798206478,86.89310439739918,0.999297697309717,BEAR,0.9126206959826614,78.91370412672872,HIGH,0.9130529160961245,0.5,5
NIFTY50,2014-12-16,BEAR,6.935933543166284e-10,0.05174014349260684,0.9482598558137998,0.06395169981890016,0.06896697269362823,0.8670813274874715,0.9482598558137998,80.06219912312073,0.9223897837206997,BEAR,0.8670813274874715,82.03977422188662,HIGH,0.9148539174555231,0.6,6
NIFTY50,2014-12-17,BEAR,1.1880882785532772e-09,0.10627543160683606,0.8937245672050758,0.06182611381411527,0.11953032815711015,0.8186435580287745,0.8937245672050758,72.79653370431618,0.8405868508076136,BEAR,0.8186435580287745,85.17386809676741,HIGH,0.9167695442395346,0.7,7
NIFTY50,2014-12-18,BEAR,2.769991283132321e-07,0.03542062306871428,0.9645790999321573,0.06458801847208168,0.053836035327133575,0.8815759462007847,0.9645790999321573,82.23639193011769,0.9468686498982359,BEAR,0.8815759462007847,87.99964768399143,HIGH,0.9142806811998775,0.8,8
NIFTY50,2014-12-19,BEAR,8.470365700586502e-06,0.0009457358308096282,0.9990457938034898,0.06593893908389797,0.02187186277323768,0.9121891981428643,0.9990457938034898,86.82837972142964,0.9985686907052347,BEAR,0.9121891981428643,90.91489849792434,HIGH,0.9130699785417762,0.9,9
NIFTY50,2014-12-22,BEAR,0.000985875617197271,0.0005096377514947339,0.9985044866313081,0.06681667367895228,0.021447005933745218,0.9117363203873025,0.9985044866313081,86.76044805809535,0.997756729946962,BEAR,0.9117363203873025,93.91612277689639,HIGH,0.913087468241377,1.0,10
NIFTY50,2014-12-23,BEAR,4.034043187251481e-05,0.00015013699689119932,0.9998095225712363,0.0659980145115124,0.02113354014608994,0.9128684453423976,0.9998095225712363,86.93026680135965,0.9997142838568543,BEAR,0.9128684453423976,93.91301712697968,HIGH,0.9130431018139955,1.0,11
NIFTY50,2014-12-24,BEAR,2.3545109776572894e-07,0.00027894026694697774,0.9997208242819552,0.06595767638830241,0.021253804384077233,0.9127885192276205,0.9997208242819552,86.91827788414305,0.999581236422933,BEAR,0.9127885192276205,93.91323960102741,HIGH,0.9130462800146774,1.0,12
NIFTY50,2014-12-26,BEAR,2.0349350809300455e-06,7.212905148795368e-05,0.9999258360134312,0.06596732182270942,0.02106201793285874,0.9129706602444317,0.9999258360134312,86.94559903666475,0.9998887540201467,BEAR,0.9129706602444317,93.91273531229083,HIGH,0.9130390758898692,1.0,13
NIFTY50,2014-12-29,BEAR,6.521315397375191e-05,7.572571399186018e-05,0.9998590611320345,0.06602281857646938,0.021064026203646058,0.9129131552198846,0.9998590611320345,86.93697328298269,0.9997885916980516,BEAR,0.9129131552198846,93.91289260371343,HIGH,0.9130413229101918,1.0,14
NIFTY50,2014-12-30,BEAR,0.00016995824361760493,6.339474979048822e-05,0.9997666470065919,0.06611554136412902,0.021050394189923913,0.9128340644459471,0.9997666470065919,86.92510966689204,0.9996499705098877,BEAR,0.9128340644459471,93.91310839986451,HIGH,0.9130444057123503,1.0,15
NIFTY50,2014-12-31,BEAR,0.0014595229704118119,0.0001378336505504888,0.9984026433790377,0.06724827559045297,0.021092336881823433,0.9116593875277236,0.9984026433790377,86.74890812915852,0.9976039650685564,BEAR,0.9116593875277236,93.91632148148989,HIGH,0.9130903068784272,1.0,16
NIFTY50,2015-01-02,BULL,0.6178856274429196,0.00604848602522292,0.3760658865318574,0.6098641828253758,0.013630522736073746,0.3765052944385506,0.6178856274429196,41.47962742380637,0.42682844116437946,BULL,0.6098641828253758,68.37925101303937,MODERATE,0.9339893001862767,0.1,1
NIFTY50,2015-01-05,BULL,0.9809216211066966,0.00018569713966944216,0.018892681753634,0.9297948247612555,0.0005727267670149045,0.0696324484717296,0.9809216211066966,89.46922371418833,0.9713824316600447,BULL,0.9297948247612555,72.21784905478276,MODERATE,0.9459692722111824,0.2,2
NIFTY50,2015-01-06,BEAR,2.8543791851846457e-05,0.028997686517125688,0.9709737696910226,0.06486325381235383,0.0478803028070806,0.8872564433805655,0.9709737696910226,83.08846650708485,0.9564606545365338,BEAR,0.8872564433805655,87.98392108985207,HIGH,0.9140560155693154,0.8,1
NIFTY50,2015-01-07,BEAR,6.234544989032135e-05,0.004041098294735106,0.9958965562553745,0.06586573742951689,0.02474065162874352,0.9093936109417396,0.9958965562553745,86.40904164126093,0.9938448343830618,BEAR,0.9093936109417396,87.92263610597615,HIGH,0.9131805157996594,0.8,2
NIFTY50,2015-01-08,BEAR,0.051465775056158236,0.04949581220324882,0.8990384127405929,0.10936172787741613,0.06580556786842007,0.8248327042541638,0.8990384127405929,73.72490563812455,0.8485576191108892,BEAR,0.8248327042541638,88.15518319459845,HIGH,0.9165026170656922,0.8,3
NIFTY50,2015-01-09,BEAR,0.2506639338422519,0.03526700489925317,0.714069061258495,0.2853371467470156,0.04843087577152967,0.6662319774814548,0.714069061258495,49.93479662221822,0.5711035918877425,BEAR,0.6662319774814548,88.58824611248659,HIGH,0.92268923017838,0.8,4
NIFTY50,2015-01-12,BULL,0.6562136766992748,0.015512004547768712,0.32827431875295654,0.6432483436403804,0.02160008659009293,0.33515156976952676,0.6562136766992748,46.48725154605706,0.48432051504891216,BULL,0.6432483436403804,74.49257850447208,MODERATE,0.9356082643496013,0.3,1
NIFTY50,2015-01-13,BEAR,0.41143477402241374,0.006744827782320081,0.5818203981952661,0.42802923472830817,0.018610622079389603,0.5533601431923022,0.5818203981952661,33.00402147884533,0.37273059729289915,BEAR,0.5533601431923022,85.89587242860642,HIGH,0.9270838918372347,0.7,1
NIFTY50,2015-01-14,BEAR,0.1561312010556718,0.0042590623772167935,0.8396097365671115,0.20329690835450095,0.021666046437762113,0.7750370452077368,0.8396097365671115,66.25555678116054,0.759414604850667,BEAR,0.7750370452077368,85.28988190408899,HIGH,0.9184268843441284,0.7,2
NIFTY50,2015-01-15,SIDE,0.3702649770643372,0.6278478318206672,0.0018871911149957415,0.3675653509194734,0.5953416085045592,0.0370930405759675,0.6278478318206672,39.30124127568388,0.44177174773100075,SIDE,0.5953416085045592,69.32633373251753,MODERATE,0.9475190533216789,0.1,1
NIFTY50,2015-01-16,BULL,0.9750128549593897,0.024983659397468504,3.485643141785673e-06,0.9236248255922075,0.023688651045110476,0.05268652336268213,0.9750128549593897,88.54372383883113,0.9625192824390846,BULL,0.9236248255922075,75.26493979097002,HIGH,0.9466419970138575,0.3,1
NIFTY50,2015-01-19,BULL,0.999801555743409,0.0001979214013950618,5.228551959317601e-07,0.9464206758790644,0.00018767299354822414,0.053391651127387446,0.999801555743409,91.96310138185964,0.9997023336151135,BULL,0.9464206758790644,75.26224067394665,HIGH,0.9466034381992381,0.3,2
NIFTY50,2015-01-20,BULL,0.9999630397337734,3.695953920378691e-05,7.270228854827589e-10,0.94656915800735,3.504397422125771e-05,0.053395798018428704,0.9999630397337734,91.98537370110252,0.99994455960066,BULL,0.94656915800735,78.26222432714167,HIGH,0.9466032046734525,0.4,3
NIFTY50,2015-01-21,BULL,0.9999985601916492,1.4392804183367088e-06,5.279323761553263e-10,0.9466018230088931,1.3649804254811163e-06,0.05339681201068145,0.9999985601916492,91.99027345133396,0.9999978402874738,BULL,0.9466018230088931,81.26222044954812,HIGH,0.9466031492792588,0.5,4
NIFTY50,2015-01-22,BULL,0.9999999526047985,4.697268138524358e-08,4.225202206960133e-10,0.9466031034834492,4.48437477151268e-08,0.05339685167280314,0.9999999526047985,91.99046552251738,0.9999999289071977,BULL,0.9466031034834492,84.26222029778525,HIGH,0.9466031471112178,0.6,5
NIFTY50,2015-01-23,BULL,0.999999995962024,4.0095276302163726e-09,2.8448379674999617e-11,0.946603143339878,4.099408020791588e-09,0.053396852560714,0.999999995962024,91.99047150098171,0.9999999939430361,BULL,0.946603143339878,87.26222029402054,HIGH,0.9466031470574364,0.7,6
NIFTY50,2015-01-27,BULL,0.9999999991261502,8.738486284219633e-10,1.1345251941968721e-15,0.946603146248535,1.1256764431013798e-09,0.05339685262578855,0.9999999991261502,91.99047193728023,0.9999999986892252,BULL,0.946603146248535,87.26222029374495,HIGH,0.9466031470534993,0.7,7
NIFTY50,2015-01-28,BULL,0.9999999999217056,7.829330481855311e-11,1.0546374897520202e-15,0.9466031469801367,3.7136044265002756e-10,0.053396852648502934,0.9999999999217056,91.99047204702049,0.9999999998825583,BULL,0.9466031469801367,90.2622202936581,HIGH,0.9466031470522587,0.8,8
NIFTY50,2015-01-29,BULL,0.999999999899067,1.0092571893746e-10,7.2140990145131e-15,0.9466031469593181,3.9281978612332577e-10,0.05339685264786203,0.999999999899067,91.99047204389773,0.9999999998486004,BULL,0.9466031469593181,93.2622202936606,HIGH,0.9466031470522944,0.9,9
NIFTY50,2015-01-30,BULL,0.9999999741310045,1.9151419726337884e-10,2.56774813417327e-08,0.9466031242635347,1.0178157257207946e-09,0.05339687471864971,0.9999999741310045,91.99046863953019,0.9999999611965066,BULL,0.9466031242635347,96.26222023333698,HIGH,0.9466031461905281,1.0,10
NIFTY50,2015-02-02,BULL,0.9999999969763917,5.086643604506708e-12,3.018521695879983e-09,0.9466031443892439,3.653230046890518e-10,0.053396855245433035,0.9999999969763917,91.9904716583866,0.9999999954645876,BULL,0.9466031443892439,96.26222028655764,HIGH,0.9466031469508235,1.0,11
NIFTY50,2015-02-03,BULL,0.9999999387794997,2.2791277694250585e-12,6.12182212110558e-08,0.9466030931391447,1.5845744595502754e-09,0.053396905276280854,0.9999999387794997,91.9904639708717,0.9999999081692493,BULL,0.9466030931391447,96.26222014980736,HIGH,0.9466031449972483,1.0,12
NIFTY50,2015-02-04,BULL,0.9999992448535828,1.6858861379082534e-12,7.551447312321774e-07,0.9466024820438528,1.615312717136201e-08,0.053397501803020074,0.9999992448535828,91.99037230657791,0.9999988672803742,BULL,0.9466024820438528,96.26221851931103,HIGH,0.9466031217044434,1.0,13
NIFTY50,2015-02-05,BULL,0.9999651885205815,2.7661408980353488e-11,3.4811451757140176e-05,0.9465724908506368,7.311962102152497e-07,0.05342677795315311,0.9999651885205815,91.98587362759551,0.999947782780872,BULL,0.9465724908506368,96.26213849832912,HIGH,0.9466019785475589,1.0,14
NIFTY50,2015-02-06,BULL,0.9972002414661453,7.4152355180076826e-09,0.002799751118619316,0.9441375819499864,5.8788619645777906e-05,0.05580362943036773,0.9972002414661453,91.62063729249796,0.9958003621992177,BULL,0.9441375819499864,96.25564181131998,HIGH,0.9465091687331425,1.0,15
NIFTY50,2015-02-09,BEAR,0.02819428140415202,3.840631032989591e-05,0.971767312285518,0.09079570971026706,0.020438849877934324,0.8887654404117987,0.971767312285518,83.31481606176979,0.9576509684282769,BEAR,0.8887654404117987,66.97889478774742,MODERATE,0.9139842112535346,0.1,1
NIFTY50,2015-02-10,BEAR,0.0009250070659614298,0.0003655541487786068,0.99870943878526,0.06676868656697894,0.021314694223427525,0.9119166192095934,0.99870943878526,86.787492881439,0.99806415817789,BEAR,0.9119166192095934,69.91562547667634,MODERATE,0.9130803639525192,0.2,2
NIFTY50,2015-02-11,BEAR,0.005768175841601102,0.0007158551246565255,0.9935159690337424,0.07102009610862861,0.021537798736897436,0.9074421051544739,0.9935159690337424,86.11631577317108,0.9902739535506134,BEAR,0.9074421051544739,72.92786664723545,MODERATE,0.9132552378176494,0.3,3
NIFTY50,2015-02-12,BEAR,0.13632241195351075,0.0031969099079029476,0.8604806781385863,0.18589399803335663,0.021097142202725787,0.7930088597639176,0.8604806781385863,68.95132896458765,0.7907210172078795,BEAR,0.7930088597639176,76.24072617438308,HIGH,0.9177246596340443,0.4,4
NIFTY50,2015-02-13,BULL,0.9251528150971672,0.0018488574994853769,0.0729983274033475,0.8806180491845433,0.0032856316452813616,0.11609631917017517,0.9251528150971672,82.09270737768152,0.8877292226457506,BULL,0.8806180491845433,84.09090038030531,HIGH,0.9441557197186474,0.6,1
NIFTY50,2015-02-16,BULL,0.986849471031415,8.001007959142533e-05,0.013070518888993621,0.9350192150251065,0.0003502808391572501,0.06463050413573626,0.986849471031415,90.25288225376596,0.9802742065471223,BULL,0.9350192150251065,84.23151766062307,HIGH,0.946164538008901,0.6,2
NIFTY50,2015-02-18,BULL,0.999682065549782,3.3784014402930906e-06,0.0003145560487776947,0.9463230312315138,9.807734168269247e-06,0.05366716103431789,0.999682065549782,91.94845468472708,0.999523098324673,BULL,0.9463230312315138,84.26148156049533,HIGH,0.9465925937213618,0.6,3
NIFTY50,2015-02-19,BULL,0.9998650943158789,7.197927107241581e-08,0.00013483370484994672,0.9464843416056921,2.899403724477124e-06,0.0535127589905835,0.9998650943158789,91.9726512408538,0.9997976414738183,BULL,0.9464843416056921,84.26190348718565,HIGH,0.9465986212455095,0.6,4
NIFTY50,2015-02-20,BULL,0.9988544974730613,3.111830702287942e-08,0.0011454714086317152,0.945594376443748,2.407918606724046e-05,0.05438154437018483,0.9988544974730613,91.8391564665622,0.998281746209592,BULL,0.945594376443748,84.25952882054473,HIGH,0.9465646974363533,0.6,5
NIFTY50,2015-02-23,BULL,0.8809730316662236,2.312729401544384e-06,0.11902465560437481,0.8417837657505057,0.002501137761825859,0.1557150964876685,0.8809730316662236,76.26756486257584,0.8214595474993355,BULL,0.8417837657505057,83.98255222676407,HIGH,0.9426078889537725,0.6,6
NIFTY50,2015-02-24,BULL,0.9454593579113819,4.458807318071928e-05,0.054496054015437306,0.8985710214104323,0.0011864317674039801,0.10024254682216366,0.9454593579113819,84.78565321156485,0.9181890368670729,BULL,0.8985710214104323,87.13417757559785,HIGH,0.9447739653656836,0.7,7
NIFTY50,2015-02-25,BULL,0.9823792736129262,1.2904265509895196e-05,0.017607822121563862,0.9310852191286273,0.00038191511869513004,0.06853286575267759,0.9823792736129262,89.66278286929408,0.9735689104193893,BULL,0.9310852191286273,90.22084918188142,HIGH,0.9460121311697345,0.8,8
NIFTY50,2015-02-26,BEAR,0.42012448112234807,5.9734776430325775e-05,0.5798157841012216,0.43594225377419715,0.012229978034560784,0.5518277681912421,0.5798157841012216,32.77416522868632,0.3697236761518324,BEAR,0.5518277681912421,70.89985273360013,MODERATE,0.927140753337145,0.2,1
NIFTY50,2015-02-27,BULL,0.9951322798647253,0.00101913016409374,0.0038485899711808865,0.9422767413021672,0.0010471035097027786,0.05667615518813,0.9951322798647253,91.34151119532507,0.992698419797088,BULL,0.9422767413021672,93.25328865581575,HIGH,0.9464755522259395,0.9,1
NIFTY50,2015-03-02,BULL,0.9999983155696726,1.6675643116329333e-06,1.6866015757273053e-08,0.9466015986885933,1.5817737522338602e-06,0.053396819537654426,0.9999983155696726,91.99023980328897,0.9999974733545088,BULL,0.9466015986885933,93.26222043608283,HIGH,0.9466031490868976,0.9,2
NIFTY50,2015-03-03,BULL,0.9999999953882641,8.351339953592119e-10,3.776601845985045e-09,0.9466031429583314,1.1682590957159522e-09,0.053396855873409525,0.9999999953882641,91.99047144374968,0.9999999930823962,BULL,0.9466031429583314,93.262220284867,HIGH,0.9466031469266715,0.9,3
NIFTY50,2015-03-04,BULL,0.9999897771379037,4.602042651239415e-12,1.0222857494229892e-05,0.9465941444437793,2.1493226969931385e-07,0.05340564062395099,0.9999897771379037,91.9891216665669,0.9999846657068554,BULL,0.9465941444437793,93.26219627333796,HIGH,0.946602803904828,0.9,4
NIFTY50,2015-03-05,BULL,0.999996505023726,2.0303685094601897e-10,3.494773237255329e-06,0.9466000692464703,7.386304699206626e-08,0.053399856890482586,0.999996505023726,91.99001038697057,0.9999947575355888,BULL,0.9466000692464703,93.26221208211798,HIGH,0.9466030297445427,0.9,5
NIFTY50,2015-03-09,BEAR,0.19776095758936593,1.879036246596382e-07,0.8022388545070095,0.2401235162999821,0.01684333133264991,0.743033152367368,0.8022388545070095,61.4549728551052,0.7033582817605142,BEAR,0.743033152367368,70.37722605774435,MODERATE,0.9196746579677764,0.2,1
NIFTY50,2015-03-10,BEAR,0.005478220393864509,0.0003333579267308355,0.9941884216794047,0.07077965959358413,0.021189247373062412,0.9080310930333534,0.9941884216794047,86.20466395500303,0.9912826325191069,BEAR,0.9080310930333534,72.92624484675862,MODERATE,0.9132320692394089,0.3,2
NIFTY50,2015-03-11,BEAR,0.00038590847494843645,0.00018261986495325574,0.9994314716600983,0.0663010676944518,0.021156401945995874,0.9125425303595524,0.9994314716600983,86.88137955393283,0.9991472074901474,BEAR,0.9125425303595524,75.9139089672166,HIGH,0.9130558423888087,0.4,3
NIFTY50,2015-03-12,BEAR,0.008230742061530438,0.0006413866324409115,0.9911278713060285,0.0731916201437896,0.02141705192675356,0.9053913279294569,0.9911278713060285,85.80869918941852,0.9866918069590428,BEAR,0.9053913279294569,78.93346975155349,HIGH,0.9133352821650499,0.5,4
NIFTY50,2015-03-13,BEAR,1.0607873328107416e-05,0.0006272818990583524,0.9993621102276135,0.06595323361920159,0.021576557709118233,0.91247020867168,0.9993621102276135,86.870531300752,0.9990431653414203,BEAR,0.91247020867168,78.91412049118719,HIGH,0.913058864159817,0.5,5
NIFTY50,2015-03-16,BEAR,4.7329181530991946e-05,0.00022761264650674286,0.9997250581719623,0.06600114932972778,0.021205226332769424,0.9127936243375029,0.9997250581719623,86.91904365062541,0.9995875872579435,BEAR,0.9127936243375029,81.91322404890423,HIGH,0.913046057841489,0.6,6
NIFTY50,2015-03-17,BEAR,0.0030395165887617433,0.0006370787498295366,0.9963234046614088,0.06862021421254036,0.021522048534598985,0.9098577372528608,0.9963234046614088,86.4786605879291,0.994485106992113,BEAR,0.9098577372528608,84.92126150734332,HIGH,0.9131608786763331,0.7,7
NIFTY50,2015-03-18,BEAR,0.000349524813122945,0.00021525751389047778,0.9994352176729865,0.06626775487907463,0.021187426400289984,0.9125448187206354,0.9994352176729865,86.88172280809529,0.9991528265094799,BEAR,0.9125448187206354,87.9139037286746,HIGH,0.9130557675524942,0.8,8
NIFTY50,2015-03-19,BEAR,9.957025530970404e-05,0.00024795070958805225,0.9996524790351022,0.06604636193414552,0.021222986316137976,0.9127306517497165,0.9996524790351022,86.90959776245747,0.9994787185526534,BEAR,0.9127306517497165,90.913396806202,HIGH,0.9130485258028859,0.9,9
NIFTY50,2015-03-20,BEAR,1.4735906133082343e-06,0.00034908245180280314,0.999649443957584,0.06595603285075483,0.021318811954516723,0.9127251551947285,0.999649443957584,86.90877327920926,0.9994741659363761,BEAR,0.9127251551947285,93.91341497907206,HIGH,0.9130487854153153,1.0,10
NIFTY50,2015-03-23,BEAR,3.273937205415917e-07,0.0005966574111257464,0.9994030151951536,0.0659453739017771,0.021548379514867443,0.9125062465833554,0.9994030151951536,86.8759369875033,0.9991045227927304,BEAR,0.9125062465833554,93.91402103458336,HIGH,0.9130574433511908,1.0,11
NIFTY50,2015-03-24,BEAR,2.1001461830489987e-07,0.0009771417290849345,0.9990226482562968,0.0659304406439635,0.02190115473405113,0.9121684046219853,0.9990226482562968,86.8252606932978,0.9985339723844451,BEAR,0.9121684046219853,93.91495631111557,HIGH,0.9130708044445084,1.0,12
NIFTY50,2015-03-25,BEAR,2.203199560187535e-07,0.0008380887995627848,0.9991616908804812,0.06593586949475874,0.02177222913839327,0.912291901366848,0.9991616908804812,86.8437852050272,0.9987425363207219,BEAR,0.912291901366848,93.91461442559354,HIGH,0.9130659203656222,1.0,13
NIFTY50,2015-03-26,SIDE,3.4353896818802268e-12,0.5703164210073012,0.42968357898926346,0.043739489065391775,0.5497741265158763,0.40648638441873197,0.5703164210073012,32.46611897738145,0.35547463151095177,SIDE,0.5497741265158763,68.31487341337773,MODERATE,0.9330696201911104,0.1,1
NIFTY50,2015-03-27,SIDE,6.358961811510765e-10,0.8491036252766628,0.15089637408744097,0.03287338216052335,0.8082566063514288,0.15887001148804783,0.8491036252766628,71.23849095271432,0.7736554379149942,SIDE,0.8082566063514288,72.00036821018621,MODERATE,0.9428624030026601,0.2,2
NIFTY50,2015-03-30,BEAR,1.733265224843726e-06,0.4538879910772814,0.5461102756574937,0.04827897059273789,0.4418254151781469,0.5098956142291152,0.5461102756574937,26.484342134367285,0.3191654134862407,BEAR,0.5098956142291152,89.02859790956376,HIGH,0.9289799701366251,0.8,1
NIFTY50,2015-03-31,BEAR,3.745176536491954e-06,0.012389986621581627,0.9876062682018819,0.06548872280123474,0.032482701206758335,0.9020285759920069,0.9876062682018819,85.30428639880103,0.9814094023028227,BEAR,0.9020285759920069,87.94302704530568,HIGH,0.9134718149329384,0.8,2
NIFTY50,2015-04-01,BEAR,7.886806678969147e-05,0.0007548057946580458,0.9991663261385524,0.06600837550552127,0.021693360605643516,0.9122982638888353,0.9991663261385524,86.84473958332529,0.9987494892078286,BEAR,0.9122982638888353,87.91459444153665,HIGH,0.9130656348790951,0.8,3
NIFTY50,2015-04-06,BEAR,0.021274506643725447,0.001644089513687617,0.9770814038425869,0.08463933153754667,0.022072869365189207,0.893287799097264,0.9770814038425869,83.99316986458962,0.9656221057638802,BEAR,0.893287799097264,87.96658374821868,HIGH,0.9138083392602669,0.8,4
NIFTY50,2015-04-07,BEAR,0.03920352723180742,0.0012720392605191473,0.9595244335076735,0.10044275226440749,0.021351493304934962,0.8782057544306575,0.9595244335076735,81.73086316459865,0.93928665026151,BEAR,0.8782057544306575,88.00779616406686,HIGH,0.9143970880580979,0.8,5
NIFTY50,2015-04-08,BEAR,0.19972716310329283,0.001975359200748217,0.7982974776959589,0.24177804034471168,0.018633365434708216,0.7395885942205801,0.7982974776959589,60.93828913308701,0.6974462165439383,BEAR,0.7395885942205801,88.38670262818121,HIGH,0.919810037545446,0.8,6
NIFTY50,2015-04-09,BULL,0.9710595572041266,0.0008145661113511087,0.02812587668452233,0.9210854370135558,0.0013628495925231173,0.07755171339392115,0.9710595572041266,88.16281555203335,0.9565893358061898,BULL,0.9210854370135558,69.1962227794654,MODERATE,0.9456603254209344,0.1,1
NIFTY50,2015-04-10,BULL,0.9995958110861938,8.525332175298648e-06,0.00039566358163092206,0.9462468719401403,1.639073028323821e-05,0.053736737329576435,0.9995958110861938,91.93703079102103,0.9993937166292907,BULL,0.9462468719401403,72.26129154672844,MODERATE,0.946589879238978,0.2,2
NIFTY50,2015-04-13,BULL,0.9999963960462382,4.350406604316399e-08,3.5604496956631745e-06,0.9465999715893857,1.1629836338152345e-07,0.05339991211225088,0.9999963960462382,91.98999573840784,0.9999945940693572,BULL,0.9465999715893857,75.26221193252773,HIGH,0.9466030276075391,0.3,3
NIFTY50,2015-04-16,BULL,0.9762668604437005,2.0018962841315667e-08,0.02373311953733664,0.9257029175244338,0.0004983005050293596,0.07379878197053684,0.9762668604437005,88.85543762866507,0.9644002906655506,BULL,0.9257029175244338,78.20645536527438,HIGH,0.9458065052182056,0.4,4
NIFTY50,2015-04-17,BEAR,0.27036337215865414,0.00019255805304491244,0.7294440697883009,0.30405223167861933,0.01549738961508318,0.6804503787062975,0.7294440697883009,52.067556805944626,0.5941661046824513,BEAR,0.6804503787062975,82.54829057244089,HIGH,0.9221184367491555,0.6,1
NIFTY50,2015-04-20,BEAR,8.776238916157986e-06,0.0024897517348931053,0.9975014720261908,0.06587902834325195,0.023303417964322563,0.9108175536924256,0.9975014720261908,86.62263305386382,0.9962522080392862,BEAR,0.9108175536924256,81.91869571391688,HIGH,0.9131242244845268,0.6,2
NIFTY50,2015-04-21,BEAR,3.9259610507715715e-12,4.588512921699485e-06,0.9999954114831523,0.06596816227513166,0.020999439253509552,0.9130323984713589,0.9999954114831523,86.95485977070383,0.9999931172247283,BEAR,0.9130323984713589,81.91256445909856,HIGH,0.9130366351299796,0.6,3
NIFTY50,2015-04-22,BEAR,0.00014610946881905392,0.001868787794963904,0.997985102736217,0.06602417167295908,0.022724796944612193,0.9112510313824288,0.997985102736217,86.6876547073643,0.9969776541043255,BEAR,0.9112510313824288,81.91749154660644,HIGH,0.9131070220943778,0.6,4
NIFTY50,2015-04-23,BEAR,4.739250854050657e-06,0.0008178167445224885,0.9991774440046235,0.06594063915329204,0.02175333866876754,0.9123060221779405,0.9991774440046235,86.84590332669106,0.9987661660069352,BEAR,0.9123060221779405,81.91457519771592,HIGH,0.9130653599673703,0.6,5
NIFTY50,2015-04-24,BEAR,9.819795204241506e-08,0.00710638322116001,0.992893518580888,0.06569144671680328,0.027583991574070654,0.906724561709126,0.992893518580888,86.0086842563689,0.989340277871332,BEAR,0.906724561709126,81.93002690916116,HIGH,0.9132860987023023,0.6,6
NIFTY50,2015-04-27,BEAR,2.420617790367985e-09,0.13725010729216972,0.8627498902872125,0.06061883511968434,0.1482490457088253,0.7911321191714904,0.8627498902872125,68.66981787572357,0.7941248354308186,BEAR,0.7911321191714904,85.25003005632398,HIGH,0.9178575722331999,0.7,7
NIFTY50,2015-04-28,BEAR,7.724604663240908e-08,0.11175619055714259,0.8882437321968107,0.06161256081796984,0.12461190901179864,0.8137755301702314,0.8882437321968107,72.06632952553473,0.832365598295216,BEAR,0.8137755301702314,88.18734461756753,HIGH,0.9169620659652505,0.8,8
NIFTY50,2015-04-29,BEAR,1.0377070386392733e-08,0.082567281060939,0.9174327085619907,0.06275017906385524,0.09754889749719801,0.8397009234389469,0.9174327085619907,75.95513851584201,0.876149062842986,BEAR,0.8397009234389469,91.11557342779498,HIGH,0.915936763254214,0.9,9
NIFTY50,2015-04-30,BEAR,8.948776614376883e-11,0.2115025739783972,0.788497425932115,0.05772474298676703,0.21709353155204672,0.7251817254611863,0.788497425932115,58.777258819177945,0.6827461388981725,BEAR,0.7251817254611863,94.43260542975129,HIGH,0.92046579185359,1.0,10
NIFTY50,2015-05-04,BEAR,1.9460846722662074e-07,0.09696694363117761,0.9030328617603551,0.06218909502588978,0.1108997950807338,0.8269111098933765,0.9030328617603551,74.03666648400646,0.8545492926405327,BEAR,0.8269111098933765,94.15098041304108,HIGH,0.9164425773291586,1.0,11
NIFTY50,2015-05-05,BEAR,2.9674300039871754e-07,0.006231709831232079,0.9937679934257674,0.06572571313807733,0.02677301852528765,0.907501268336635,0.9937679934257674,86.12519025049525,0.9906519901386512,BEAR,0.907501268336635,93.927876688531,HIGH,0.9132553812647285,1.0,12
NIFTY50,2015-05-06,SIDE,3.655432243927446e-14,0.9933493320737501,0.006650667926213224,0.027251210543346584,0.9419965608156085,0.030752228641045043,0.9933493320737501,91.29948412234124,0.9900239981106251,SIDE,0.9419965608156085,69.3550461843767,MODERATE,0.9479292312053814,0.1,1
NIFTY50,2015-05-07,SIDE,8.09126711756882e-13,0.9998239247342702,0.00017607526492068604,0.026998854558732698,0.9479995937427607,0.025001551698506593,0.9998239247342702,92.19993906141409,0.9997358871014053,SIDE,0.9479995937427607,72.37096621048669,MODERATE,0.9481566601498099,0.2,2
NIFTY50,2015-05-08,SIDE,8.820260802469949e-09,0.994629469229886,0.005370521949853235,0.027201323237757497,0.9431834624020903,0.02961521436015223,0.994629469229886,91.47751936031354,0.9919442038448291,SIDE,0.9431834624020903,75.35819386519614,HIGH,0.9479741980742307,0.3,3
NIFTY50,2015-05-11,SIDE,3.070114170912303e-05,0.9705712447076456,0.029398054150645288,0.028166053727495047,0.920876810274638,0.05095713599786704,0.9705712447076456,88.13152154119568,0.9558568670614683,SIDE,0.920876810274638,78.29911051338311,HIGH,0.9471301501911875,0.4,4
NIFTY50,2015-05-12,SIDE,4.3357823753664e-11,0.9994461406409589,0.0005538593156831781,0.0270135792409941,0.9476493245480483,0.025337096210957647,0.9994461406409589,92.14739868220722,0.9991692109614384,SIDE,0.9476493245480483,81.37003729768912,HIGH,0.9481433899669875,0.5,5
NIFTY50,2015-05-13,SIDE,2.1553282537182202e-06,0.9949783024531088,0.005019542218637479,0.02718961728184166,0.9435068442191,0.0293035384990583,0.9949783024531088,91.52602663286498,0.992467453679663,SIDE,0.9435068442191,84.3590566359425,HIGH,0.9479865233706073,0.6,6
NIFTY50,2015-05-14,SIDE,1.0395331510902886e-05,0.9675732461923909,0.032416358476098195,0.028265022761687738,0.918097589330494,0.05363738790781832,0.9675732461923909,87.71463839957408,0.9513598692885864,SIDE,0.918097589330494,87.29169118490393,HIGH,0.9470241597843418,0.7,7
NIFTY50,2015-05-15,SIDE,0.00018487105876104898,0.9445273924173474,0.055287736523891434,0.029316915407198132,0.8967265558607237,0.0739565287320782,0.9445273924173474,84.50898337910854,0.9167910886260211,SIDE,0.8967265558607237,90.23543493996935,HIGH,0.9462204991424193,0.8,8
NIFTY50,2015-05-18,SIDE,0.003353839146436015,0.9941960139250936,0.0024501469284703616,0.030171717461572108,0.9427111623744523,0.02711712016397555,0.9941960139250936,91.40667435616783,0.9912940208876404,SIDE,0.9427111623744523,93.36500845019764,HIGH,0.9480715492885377,0.9,9
NIFTY50,2015-05-19,SIDE,0.013349188929644979,0.9741106000902017,0.01254021098015337,0.03975682648421082,0.9238787620127764,0.03636441150301269,0.9741106000902017,88.58181430191647,0.9611659001353023,SIDE,0.9238787620127764,96.33910725592605,HIGH,0.9477015322275152,1.0,10
NIFTY50,2015-05-20,SIDE,0.07056185572456257,0.9270489221344927,0.0023892221409446703,0.09197458460426322,0.8790435056792444,0.02898190971649242,0.9270489221344927,81.85652585188664,0.890573383201739,SIDE,0.8790435056792444,96.35782056031448,HIGH,0.9479688651473497,1.0,11
NIFTY50,2015-05-21,SIDE,0.27378679356683233,0.7247339221520004,0.0014792842811671833,0.2788270384161981,0.6871968354493474,0.03397612613445452,0.7247339221520004,53.07952531740211,0.5871008832280007,SIDE,0.6871968354493474,96.33787009056714,HIGH,0.9476838584366736,1.0,12
NIFTY50,2015-05-22,BULL,0.5850614071646595,0.41425405057196824,0.0006845422633722377,0.5650476692891077,0.3927946714228019,0.04215765928809044,0.5850614071646595,34.757150393366146,0.37759211074698923,BULL,0.5650476692891077,69.30583963169535,MODERATE,0.9472262804527907,0.1,1
NIFTY50,2015-05-25,SIDE,0.18179110471126494,0.7758145974537637,0.0423942978349714,0.19582149456935471,0.7364886521185274,0.06768985331211787,0.7758145974537637,60.47329781777911,0.6637218961806455,SIDE,0.7364886521185274,93.24731035846378,HIGH,0.946390147978054,0.9,1
NIFTY50,2015-05-26,SIDE,0.23019162507753066,0.738959988377972,0.030848386544497192,0.23988113554704238,0.7013020725961955,0.058816791856762196,0.738959988377972,55.195310889429315,0.6084399825669582,SIDE,0.7013020725961955,93.2704156623987,HIGH,0.946720223748553,0.9,2
NIFTY50,2015-05-27,SIDE,0.43906715724027884,0.5476341545078609,0.013298688251860369,0.4312813818145985,0.5195255665261284,0.049193051659273186,0.5476341545078609,27.928834978919255,0.3214512317617912,SIDE,0.5195255665261284,93.29076287519055,HIGH,0.9470108982170078,0.9,3
NIFTY50,2015-05-28,SIDE,0.21967537772723092,0.6393963756090433,0.14092824666372578,0.23450078825418544,0.6092107012687098,0.15628851047710474,0.6393963756090433,41.38160519030647,0.4590945634135649,SIDE,0.6092107012687098,93.00089439321228,HIGH,0.9428699199030325,0.9,4
NIFTY50,2015-05-29,BEAR,0.001619794807175965,0.4486042677600968,0.5497759374327273,0.049909832150492266,0.4368925462927008,0.513197621556807,0.5497759374327273,26.979643233521056,0.324663906149091,BEAR,0.513197621556807,68.01940795374645,MODERATE,0.9288486850535208,0.1,1
NIFTY50,2015-06-01,BULL,0.8009572704926562,0.19565650242249477,0.0033862270848489975,0.7636932153925171,0.18558532068834746,0.05072146391913541,0.8009572704926562,64.55398230887756,0.7014359057389843,BULL,0.7636932153925171,72.2756253408677,MODERATE,0.9467946477266815,0.2,1
NIFTY50,2015-06-02,SIDE,0.00015612723048105838,0.9583225030289715,0.04152136974054747,0.02875391954133906,0.9095175397693346,0.06172854068932632,0.9583225030289715,86.42763096540017,0.9374837545434572,SIDE,0.9095175397693346,87.2692874537543,HIGH,0.9467041064822044,0.7,1
NIFTY50,2015-06-03,SIDE,2.0172844670520707e-06,0.812132535829159,0.187865446886374,0.03431615618879632,0.773978165517052,0.1917056782941517,0.812132535829159,66.0967248275578,0.7181988037437385,SIDE,0.773978165517052,86.90946673413004,HIGH,0.9415638104875721,0.7,2
NIFTY50,2015-06-04,BEAR,4.515925697352385e-06,0.35662173824945526,0.6433737458248473,0.05207250454846564,0.3516432327144014,0.596284262737133,0.6433737458248473,39.442639410569946,0.46506061873727095,BEAR,0.596284262737133,70.7894417135426,MODERATE,0.9255634530506087,0.2,1
NIFTY50,2015-06-05,BEAR,2.977267374111388e-07,0.06595886484758577,0.9340408374256769,0.06339776754609332,0.08215010506570215,0.8544521273882044,0.9340408374256769,78.16781910823066,0.9010612561385152,BEAR,0.8544521273882044,73.07473656560039,MODERATE,0.9153533795085772,0.3,2
NIFTY50,2015-06-08,BEAR,1.4455154541686214e-08,0.035385049270537164,0.9646149362743083,0.06458917380350497,0.05380305796407596,0.8816077682324192,0.9646149362743083,82.24116523486286,0.9469224044114622,BEAR,0.8816077682324192,75.99955959660998,HIGH,0.9142794228087141,0.4,3
NIFTY50,2015-06-09,BEAR,6.943096840806088e-09,0.026612864352690314,0.9733871287042128,0.06493107493185508,0.04566977195752997,0.889399153110615,0.9733871287042128,83.40987296659223,0.9600806930563193,BEAR,0.889399153110615,78.97799012737485,HIGH,0.9139712875339265,0.5,4
NIFTY50,2015-06-10,BEAR,8.547781286220942e-07,0.0025157783954782333,0.9974833668263932,0.06587103800495377,0.02332771535484936,0.9108012466401968,0.9974833668263932,86.62018699602953,0.9962250502395897,BEAR,0.9108012466401968,81.91874109667062,HIGH,0.9131248728095801,0.6,5
NIFTY50,2015-06-11,BEAR,2.411656301355335e-10,0.24176031878533807,0.7582396809734964,0.05654540668886092,0.2451475340014801,0.698307059309659,0.7582396809734964,54.746058896448844,0.6373595214602445,BEAR,0.698307059309659,85.50700456416303,HIGH,0.9215286366309005,0.7,6
NIFTY50,2015-06-12,BEAR,1.4986376126000138e-08,0.1503275440748319,0.8496724409387921,0.06010913544116997,0.16037402190691893,0.7795168426519111,0.8496724409387921,66.92752639778666,0.7745086614081879,BEAR,0.7795168426519111,85.28218548865624,HIGH,0.918316935552232,0.7,7
NIFTY50,2015-06-15,BEAR,9.767114637891291e-08,0.017523095798158375,0.9824768065306952,0.06528544082462731,0.037242030611102754,0.8974725285642698,0.9824768065306952,84.6208792846405,0.9737152097960429,BEAR,0.8974725285642698,87.95563999972434,HIGH,0.9136519999960621,0.8,8
NIFTY50,2015-06-16,BEAR,4.861738415731632e-07,0.0011939047258884192,0.99880560910027,0.06592223520910266,0.022102124576580257,0.9119756402143171,0.99880560910027,86.79634603214757,0.9982084136504049,BEAR,0.9119756402143171,90.91548994682023,HIGH,0.9130784278117176,0.9,9
NIFTY50,2015-06-17,BEAR,7.421259019911335e-06,0.000386805288763639,0.9996057734522165,0.06595980027609681,0.02135366247659777,0.9126865372473055,0.9996057734522165,86.90298058709581,0.9994086601783245,BEAR,0.9126865372473055,93.9135217087588,HIGH,0.9130503101251258,1.0,10
NIFTY50,2015-06-18,BEAR,0.00010270347598390071,0.000670334006973717,0.9992269625170425,0.0660326581983766,0.021614540667094697,0.9123528011345287,0.9992269625170425,86.85292017017932,0.9988404437755637,BEAR,0.9123528011345287,93.9144427436986,HIGH,0.913063467767123,1.0,11
NIFTY50,2015-06-19,BEAR,0.0016864361746517153,0.0007590359541513262,0.9975545278711969,0.0674238910580447,0.021663531483483767,0.9109125774584714,0.9975545278711969,86.63688661877072,0.9963317918067955,BEAR,0.9109125774584714,93.91838209276871,HIGH,0.91311974418241,1.0,12
NIFTY50,2015-06-22,BULL,0.874534052420359,0.02144499256571869,0.10402095501392236,0.8352776191320583,0.0225172846101148,0.14220509625782693,0.874534052420359,75.29164286980875,0.8118010786305383,BULL,0.8352776191320583,69.02014701598885,MODERATE,0.9431449573712694,0.1,1
NIFTY50,2015-06-23,BULL,0.9998398632808413,0.00012934032762936017,3.07963915293796e-05,0.9464570838697454,0.00012328256603626054,0.05341963356421844,0.9998398632808413,91.96856258046179,0.9997597949212618,BULL,0.9464570838697454,72.26216205361047,MODERATE,0.9466023150515782,0.2,2
NIFTY50,2015-06-24,BULL,0.9999540264206329,8.92502505703019e-07,4.508107686134769e-05,0.9465626263315033,1.793020372640018e-06,0.053435580648123975,0.9999540264206329,91.98439394972549,0.9999310396309492,BULL,0.9465626263315033,75.2621144655681,HIGH,0.9466016352224015,0.3,3
NIFTY50,2015-06-25,BULL,0.9999951208182124,1.0504669253500632e-08,4.8686771182965605e-06,0.9465988498653967,1.1247603773044976e-07,0.05340103765856558,0.9999951208182124,91.98982747980948,0.9999926812273184,BULL,0.9465988498653967,78.26220885502593,HIGH,0.9466029836432278,0.4,4
NIFTY50,2015-06-26,BULL,0.9999979617696793,3.1930851026953255e-10,2.037911012232737e-06,0.9466013521031286,4.338620005623971e-08,0.05339860451067144,0.9999979617696793,91.99020281546927,0.9999969426545189,BULL,0.9466013521031286,81.26221550527197,HIGH,0.9466030786467423,0.5,5
NIFTY50,2015-06-29,BULL,0.9999233033209987,4.4621348728760083e-10,7.669623278782948e-05,0.9465356052697169,1.610971776908729e-06,0.053462783758506244,0.9999233033209987,91.98034079045753,0.999884954981498,BULL,0.9465356052697169,84.26204008308211,HIGH,0.9466005726154589,0.6,6
NIFTY50,2015-06-30,BULL,0.9999899843847664,3.4000674110391937e-09,1.0012215166234099e-05,0.9465943268202371,2.1372924923385256e-07,0.05340545945051365,0.9999899843847664,91.98914902303555,0.9999849765771496,BULL,0.9465943268202371,87.26219676864805,HIGH,0.9466028109806865,0.7,7
NIFTY50,2015-07-01,BULL,0.9999999990157089,2.8173871776892864e-10,7.025522729804027e-10,0.9466031461743549,5.790100166870378e-10,0.05339685324663509,0.9999999990157089,91.99047192615323,0.9999999985235634,BULL,0.9466031461743549,90.26222029202958,HIGH,0.9466031470289942,0.8,8
NIFTY50,2015-07-02,BULL,0.9999999955893891,4.511846411531216e-13,4.410159685929958e-09,0.946603143167982,3.901455312788155e-10,0.05339685644187255,0.9999999955893891,91.9904714751973,0.9999999933840835,BULL,0.946603143167982,93.26222028328722,HIGH,0.9466031469041032,0.9,9
NIFTY50,2015-07-03,BULL,0.9999999982471754,3.5708534888845054e-13,1.7524675746736575e-09,0.9466031455085245,3.342575732455647e-10,0.05339685415721779,0.9999999982471754,91.9904718262787,0.9999999973707632,BULL,0.9466031455085245,96.26222028953191,HIGH,0.9466031469933132,1.0,10
NIFTY50,2015-07-06,BULL,0.9999999995439433,2.2607765357344573e-13,4.5583073199961557e-10,0.9466031466505087,3.06910226699129e-10,0.053396853042581134,0.9999999995439433,91.99047199757631,0.9999999993159149,BULL,0.9466031466505087,96.26222029257858,HIGH,0.9466031470368369,1.0,11
NIFTY50,2015-07-07,BULL,0.9999999961730446,1.6214782876435054e-13,3.826793337243725e-09,0.9466031436819805,3.776235931116386e-10,0.05339685594039598,0.9999999961730446,91.99047155229707,0.9999999942595669,BULL,0.9466031436819805,96.26222028465791,HIGH,0.9466031469236847,1.0,12
NIFTY50,2015-07-08,BULL,0.9796583502996878,9.885210516010375e-11,0.020341649601460097,0.9286895823120115,0.0004270770800304194,0.07088334060795798,0.9796583502996878,89.30343734680174,0.9694875254495318,BULL,0.9286895823120115,96.21442418848613,HIGH,0.9459203455498019,1.0,13
NIFTY50,2015-07-09,BULL,0.9686234034607486,7.528772760333302e-06,0.031369067766491114,0.9189715306037533,0.0006657381693299973,0.0803627312269168,0.9686234034607486,87.84572959056297,0.9529351051911229,BULL,0.9189715306037533,96.18851424861032,HIGH,0.945550203551576,1.0,14
NIFTY50,2015-07-10,BULL,0.9334913515942528,1.4620761302955615e-05,0.06649402764444429,0.8880327465063109,0.0014099175473198053,0.1105573359463693,0.9334913515942528,83.20491197594664,0.900237027391379,BULL,0.8880327465063109,96.10598305969411,HIGH,0.9443711865670588,1.0,15
NIFTY50,2015-07-13,BULL,0.99882123609861,1.0542971730876481e-05,0.0011682209296590808,0.9455646756060417,3.452376530741084e-05,0.05440080062865084,0.99882123609861,91.83470134090625,0.9982318541479149,BULL,0.9455646756060417,96.2594765144154,HIGH,0.9465639502059343,1.0,16
NIFTY50,2015-07-14,BULL,0.9985993676137943,1.3229041525453231e-07,0.0014005000957904733,0.9453696962663243,2.952948807548204e-05,0.054600774245600336,0.9985993676137943,91.80545443994865,0.9978990514206915,BULL,0.9453696962663243,96.25892959907046,HIGH,0.946556137129578,1.0,17
NIFTY50,2015-07-15,BULL,0.9999293505145188,6.629206004002908e-08,7.058319342114498e-05,0.9465409280723782,1.545059971901638e-06,0.05345752686764991,0.9999293505145188,91.98113921085674,0.9998940257717782,BULL,0.9465409280723782,96.2620544538787,HIGH,0.9466007779125529,1.0,18
NIFTY50,2015-07-16,BULL,0.9999992305268192,1.8005693844218094e-09,7.676726115047018e-07,0.9466024693570919,1.812178682586203e-08,0.05339751252112116,0.9999992305268192,91.9903704035638,0.9999988457902286,BULL,0.9466024693570919,96.26221849007108,HIGH,0.9466031212867299,1.0,19
NIFTY50,2015-07-17,BULL,0.9999996618721289,9.159973019701794e-12,3.381187112842261e-07,0.9466028492846076,7.404675536152743e-09,0.053397143310716814,0.9999996618721289,91.99042739269116,0.9999994928081931,BULL,0.9466028492846076,96.26221949918417,HIGH,0.9466031357026311,1.0,20
NIFTY50,2015-07-20,BULL,0.9999978961223909,5.29440285675125e-12,2.1038723147481597e-06,0.9466012943040806,4.4473333271988494e-08,0.053398661222586186,0.9999978961223909,91.99019414561207,0.9999968441835861,BULL,0.9466012943040806,96.26221535025057,HIGH,0.9466030764321509,1.0,21
NIFTY50,2015-07-21,BULL,0.9962714407804648,6.259723934400516e-10,0.003728558593562782,0.9433196480030189,7.828266674617545e-05,0.056602069330234886,0.9962714407804648,91.49794720045283,0.994407161170697,BULL,0.9433196480030189,96.25345942219681,HIGH,0.9464779917456686,1.0,22
NIFTY50,2015-07-22,BULL,0.9999961514167025,1.686199532731346e-07,3.679963344186302e-06,0.9465997512835415,2.3743781005661024e-07,0.05340001127864848,0.9999961514167025,91.98996269253121,0.9999942271250536,BULL,0.9465997512835415,96.26221166537046,HIGH,0.9466030237910065,1.0,23
NIFTY50,2015-07-23,BULL,0.9997601829461287,7.93451356390561e-10,0.0002398162604199792,0.9463919557765148,5.036036112868281e-06,0.05360300818737238,0.9997601829461287,91.95879336647722,0.999640274419193,BULL,0.9463919557765148,96.26165680535496,HIGH,0.9465950972193569,1.0,24
NIFTY50,2015-07-24,BULL,0.9684232240512912,1.6200224576833677e-07,0.03157661394646306,0.9187955327781742,0.0006631107416113173,0.08054135648021456,0.9684232240512912,87.8193299167261,0.9526348360769367,BULL,0.9187955327781742,96.18802577988038,HIGH,0.9455432254268626,1.0,25
NIFTY50,2015-07-27,BEAR,0.0018288871305879675,0.00027049884141986714,0.9979006140279922,0.06756837972114677,0.021207584887678096,0.9112240353911751,0.9979006140279922,86.68360530867628,0.9968509210419884,BEAR,0.9112240353911751,66.91751556758194,MODERATE,0.9131073652511706,0.1,1
NIFTY50,2015-07-28,BEAR,7.657314863305506e-05,0.00013699853005725188,0.9997864283213097,0.06603043439247835,0.021120597871959943,0.9128489677355618,0.9997864283213097,86.92734516033427,0.9996796424819644,BEAR,0.9128489677355618,69.91306995633654,MODERATE,0.9130438565190935,0.2,2
NIFTY50,2015-07-29,BEAR,0.0032477515862732857,0.0003397293075643057,0.9964125191061624,0.0688151827948975,0.0212419838157609,0.9099428333893417,0.9964125191061624,86.49142500840124,0.9946187786592435,BEAR,0.9099428333893417,72.92101965379007,MODERATE,0.9131574236255726,0.3,3
NIFTY50,2015-07-30,BEAR,0.0012605421916775132,0.00015405137984638811,0.998585406428476,0.06707241408310476,0.02111155107413536,0.9118160348427599,0.998585406428476,86.772405226414,0.9978781096427141,BEAR,0.9118160348427599,75.91589381979563,HIGH,0.9130841974256518,0.4,4
NIFTY50,2015-07-31,BEAR,0.19032399101767947,0.0038635949074615522,0.805812414074859,0.23342368318538662,0.020581497850721355,0.745994818963892,0.805812414074859,61.89922284458379,0.7087186211122886,BEAR,0.745994818963892,79.3692511847049,HIGH,0.9195607312100699,0.5,5
NIFTY50,2015-08-03,BULL,0.885617993672722,0.0005282316647668462,0.11385377466251106,0.84585378256554,0.002891230955579754,0.1512549864788803,0.885617993672722,76.87806738483098,0.828426990509083,BULL,0.84585378256554,80.99475949490835,HIGH,0.9427822784986908,0.5,1
NIFTY50,2015-08-04,BULL,0.8375894320461055,0.00011688347281452561,0.16229368448108,0.8035741923688773,0.0035182107340969164,0.1929075968970259,0.8375894320461055,70.5361288553316,0.7563841480691582,BULL,0.8035741923688773,80.8808969211307,HIGH,0.9411556703018671,0.5,2
NIFTY50,2015-08-05,BULL,0.9751740172610406,5.397705815332246e-05,0.024772005680806133,0.9247384187319442,0.0005712721711994229,0.07469030909685628,0.9751740172610406,88.71076280979165,0.9627610258915609,BULL,0.9247384187319442,81.2040202196327,HIGH,0.9457717174233243,0.5,3
NIFTY50,2015-08-06,BULL,0.9953219520956194,4.867538326565167e-06,0.004673180366054024,0.9424833055248246,0.00010272980073333082,0.057413964674442,0.9953219520956194,91.37249582872367,0.992982928143429,BULL,0.9424833055248246,81.25124040684392,HIGH,0.9464462915263417,0.5,4
NIFTY50,2015-08-07,BULL,0.9795326847191216,1.9622968115593943e-06,0.02046535298406683,0.9285788403485437,0.0004315347385874805,0.0709896249128689,0.9795326847191216,89.28682605228153,0.9692990270786822,BULL,0.9285788403485437,81.21413374094632,HIGH,0.9459161962992333,0.5,5
NIFTY50,2015-08-10,BULL,0.9149729386310608,1.3005656739127056e-05,0.08501405571220008,0.8717248504510892,0.0017972175739224775,0.12647793197498836,0.9149729386310608,80.75872756766336,0.8724594079465912,BULL,0.8717248504510892,84.062466982402,HIGH,0.9437495283200287,0.6,6
NIFTY50,2015-08-11,BEAR,0.03667145100597564,0.00011981643429557431,0.9632087325597288,0.0982578272480333,0.020336350971101966,0.8814058217808647,0.9632087325597288,82.2108732671297,0.9448130988395931,BEAR,0.8814058217808647,75.9990134893618,HIGH,0.9142716212765972,0.4,1
NIFTY50,2015-08-12,BEAR,2.2444000988275273e-06,0.00026002745794010215,0.9997377281419612,0.06596018269096673,0.021236226860949167,0.912803590448084,0.9997377281419612,86.9205385672126,0.9996065922129416,BEAR,0.912803590448084,75.91319781770447,HIGH,0.913045683110064,0.4,2
NIFTY50,2015-08-13,BEAR,2.353599448242061e-05,0.00010661168223677573,0.9998698523232807,0.06598491239692109,0.021093537694212294,0.9129215499088666,0.9998698523232807,86.93823248632998,0.9998047784849211,BEAR,0.9129215499088666,75.91287062010095,HIGH,0.913041008858585,0.4,3
NIFTY50,2015-08-14,BULL,0.5031136152742672,0.01887313473165399,0.47801324999407885,0.5082920961742444,0.027930781855335974,0.46377712197041954,0.5031136152742672,26.243814426136662,0.25467042291140085,BULL,0.5082920961742444,86.14110882595678,HIGH,0.9305872689422399,0.7,1
NIFTY50,2015-08-17,BULL,0.6727486041722207,0.0012521151902983017,0.325999280637481,0.6583653747156785,0.00803162448598017,0.33360300079834143,0.6727486041722207,48.75480620735177,0.509122906258331,BULL,0.6583653747156785,86.49636720827537,HIGH,0.9356623886896482,0.7,2
NIFTY50,2015-08-18,BULL,0.6236131864971537,0.0002796586789975849,0.3761071548238487,0.6151329185114544,0.008161601424085589,0.37670548006446014,0.6236131864971537,42.26993777671815,0.43541977974573054,BULL,0.6151329185114544,86.37852421230447,HIGH,0.9339789173186352,0.7,3
NIFTY50,2015-08-19,BULL,0.7686710291091484,0.0001781924531312316,0.23115077843772022,0.7428798583727697,0.005022009032377825,0.2520981325948524,0.7686710291091484,61.43197875591545,0.6530065436637228,BULL,0.7428798583727697,86.71911236533268,HIGH,0.9388444623618954,0.7,4
NIFTY50,2015-08-20,BEAR,0.0004704789562808838,0.00027350327498157107,0.9992560177687376,0.06637200110033062,0.021238890531743625,0.9123891083679256,0.9992560177687376,86.85836625518884,0.9988840266531063,BEAR,0.9123891083679256,75.91433114800266,HIGH,0.9130618735428951,0.4,1
NIFTY50,2015-08-21,BEAR,1.1547593984028502e-06,0.00023753934817459616,0.999761305892427,0.06596009961986193,0.02121539949004546,0.9128245008900927,0.999761305892427,86.92367513351388,0.9996419588386403,BEAR,0.9128245008900927,78.91313996261336,HIGH,0.9130448566087622,0.5,2
NIFTY50,2015-08-24,SIDE,3.7482837569819454e-36,0.9999999999999998,1.2268367790265818e-16,0.026991991786955022,0.9481628450349062,0.02484516317813884,0.9999999999999998,92.22442675523594,0.9999999999999997,SIDE,0.9481628450349062,69.37139915244344,MODERATE,0.9481628450349063,0.1,1
NIFTY50,2015-08-25,SIDE,9.642519422740186e-20,0.9999999996525935,3.4740661215162456e-10,0.026991991800495656,0.9481628447128021,0.024845163486702262,0.9999999996525935,92.22442670692031,0.9999999994788902,SIDE,0.9481628447128021,72.37139915158927,MODERATE,0.948162845022704,0.2,2
NIFTY50,2015-08-26,SIDE,2.560929093929272e-22,0.99999999999922,7.800774778655216e-13,0.026991991786985418,0.948162845034183,0.024845163178831585,0.99999999999922,92.22442675512745,0.9999999999988299,SIDE,0.948162845034183,75.37139915244153,HIGH,0.948162845034879,0.3,3
NIFTY50,2015-08-27,SIDE,3.0766772984830566e-17,0.9999999960281802,3.9718198044422366e-09,0.026991991941762078,0.9481628413523634,0.024845166705874566,0.9999999960281802,92.22442620285449,0.9999999940422704,SIDE,0.9481628413523634,78.3713991426773,HIGH,0.9481628448953903,0.4,4
NIFTY50,2015-08-28,SIDE,9.187289663262258e-13,0.99999951366,4.86339081393527e-07,0.026992010743521817,0.9481623941161671,0.024845595140311143,0.99999951366,92.22435911742505,0.9999992704899999,SIDE,0.9481623941161671,81.37139795661044,HIGH,0.9481628279515777,0.5,5
NIFTY50,2015-08-31,SIDE,5.387630370548392e-13,0.9999994591617348,5.408377263341582e-07,0.026992012867330613,0.9481623435871461,0.024845643545523176,0.9999994591617348,92.2243515380719,0.9999991887426021,SIDE,0.9481623435871461,84.3713978226067,HIGH,0.9481628260372387,0.6,6
NIFTY50,2015-09-01,SIDE,6.94033649983234e-21,0.9999999999960023,3.997801080952957e-12,0.026991991787110835,0.9481628450311997,0.024845163181689542,0.9999999999960023,92.22442675467994,0.9999999999940035,SIDE,0.9481628450311997,87.37139915243367,HIGH,0.9481628450347668,0.7,7
NIFTY50,2015-09-02,SIDE,3.604436644380146e-20,0.9999999999951572,4.84274667262702e-12,0.026991991787143767,0.9481628450304163,0.024845163182440014,0.9999999999951572,92.22442675456244,0.9999999999927358,SIDE,0.9481628450304163,90.37139915243155,HIGH,0.9481628450347365,0.8,8
NIFTY50,2015-09-03,SIDE,1.8907056006868484e-16,0.9999999992155038,7.844959951410613e-10,0.026991991817531976,0.9481628443075467,0.024845163874921257,0.9999999992155038,92.224426646132,0.9999999988232556,SIDE,0.9481628443075467,93.37139915051449,HIGH,0.9481628450073499,0.9,9
NIFTY50,2015-09-04,SIDE,3.9070003230406654e-23,0.9999999999999585,4.148935502834301e-14,0.02699199178695663,0.9481628450348678,0.02484516317817558,0.9999999999999585,92.22442675523017,0.9999999999999377,SIDE,0.9481628450348678,96.37139915244337,HIGH,0.9481628450349053,1.0,10
NIFTY50,2015-09-07,SIDE,2.4676500808514226e-24,0.9999999999999976,2.43948489204693e-15,0.026991991786955105,0.948162845034904,0.02484516317814089,0.9999999999999976,92.2244267552356,0.9999999999999963,SIDE,0.948162845034904,96.37139915244346,HIGH,0.9481628450349068,1.0,11
NIFTY50,2015-09-08,SIDE,6.48423999779562e-19,0.9999999999981308,1.8691636983884197e-12,0.026991991787027866,0.9481628450331733,0.024845163179798905,0.9999999999981308,92.22442675497598,0.9999999999971962,SIDE,0.9481628450331733,96.37139915243887,HIGH,0.948162845034841,1.0,12
NIFTY50,2015-09-09,SIDE,1.6130180049989398e-14,0.9999999997498145,2.5016947262933957e-10,0.02699199179672054,0.948162844802942,0.024845163400337537,0.9999999997498145,92.2244267204413,0.9999999996247215,SIDE,0.948162844802942,96.37139915182831,HIGH,0.9481628450261187,1.0,13
NIFTY50,2015-09-10,SIDE,6.275884045793624e-14,0.999999998453071,1.5468663523831366e-09,0.026991991847303932,0.9481628436006423,0.024845164552053774,0.999999998453071,92.22442654009633,0.9999999976796065,SIDE,0.9481628436006423,96.37139914863988,HIGH,0.9481628449805697,1.0,14
NIFTY50,2015-09-11,SIDE,1.7479006741887456e-11,0.9999999751015113,2.488100978800503e-08,0.02699199277279983,0.9481628219494658,0.02484518527773448,0.9999999751015113,92.22442329241987,0.9999999626522668,SIDE,0.9481628219494658,96.37139909126297,HIGH,0.9481628441608998,1.0,15
NIFTY50,2015-09-14,SIDE,5.754593406788071e-10,0.99999997266095,2.6763590807853712e-08,0.02699199335930091,0.9481628196749413,0.024845186965757868,0.99999997266095,92.22442295124118,0.9999999589914248,SIDE,0.9481628196749413,96.37139908657308,HIGH,0.9481628440939012,1.0,16
NIFTY50,2015-09-15,SIDE,4.1390857466011617e-10,0.9999999708128731,2.8773218352644432e-08,0.02699199328906497,0.948162817964856,0.024845188746079043,0.9999999708128731,92.2244226947284,0.9999999562193096,SIDE,0.948162817964856,96.37139908164933,HIGH,0.9481628440235619,1.0,17
NIFTY50,2015-09-16,SIDE,5.096633114752069e-09,0.9999999787932177,1.6110149365703002e-08,0.026991997101790486,0.9481628252656585,0.024845177632550893,0.9999999787932177,92.2244237898488,0.9999999681898265,SIDE,0.9481628252656585,96.37139911227466,HIGH,0.9481628444610665,1.0,18
NIFTY50,2015-09-18,SIDE,3.9040642526164476e-08,0.9999999584279612,2.5313963372975207e-09,0.026992027787829977,0.9481628056709908,0.024845166541179263,0.9999999584279612,92.22442085064861,0.9999999376419416,SIDE,0.9481628056709908,96.37139914195667,HIGH,0.9481628448850955,1.0,19
NIFTY50,2015-09-21,SIDE,9.028391904404213e-08,0.9999999028102563,6.905824646912148e-09,0.026992075082217945,0.9481627530281915,0.024845171889590595,0.9999999028102563,92.22441295422873,0.9999998542153843,SIDE,0.9481627530281915,96.37139912560602,HIGH,0.9481628446515146,1.0,20
NIFTY50,2015-09-22,SIDE,1.2300954382599926e-07,0.9996481693978109,0.0003517075926453954,0.027005813185896052,0.9478366364961142,0.025157550317989878,0.9996481693978109,92.17549547441712,0.9994722540967161,SIDE,0.9478366364961142,96.37053434421459,HIGH,0.9481504906316369,1.0,21
NIFTY50,2015-09-23,SIDE,0.00012837181994052434,0.9977975083562757,0.0020741198237838442,0.02719088556339436,0.9461180708211383,0.026691043615467407,0.9977975083562757,91.91771062317075,0.9966962625344133,SIDE,0.9461180708211383,96.36628519577262,HIGH,0.9480897885110373,1.0,22
NIFTY50,2015-09-24,SIDE,0.00025757516479878276,0.9942292583467025,0.005513166488498799,0.02744374388478351,0.942806992161022,0.029749263954194412,0.9942292583467025,91.4210488241533,0.9913438875200538,SIDE,0.942806992161022,96.35781500344673,HIGH,0.9479687857635247,1.0,23
NIFTY50,2015-09-28,SIDE,4.195485319734171e-05,0.9920175751412311,0.007940470005571531,0.027340064470740066,0.9407609180067714,0.03189901752248852,0.9920175751412311,91.1141377010157,0.9880263627118465,SIDE,0.9407609180067714,96.35187017914122,HIGH,0.9478838597020176,1.0,24
NIFTY50,2015-09-29,SIDE,0.0010198659825419564,0.9958078675322023,0.003172266485255853,0.02805351528806756,0.944254623109293,0.027691861602639447,0.9958078675322023,91.63819346639394,0.9937118012983033,SIDE,0.944254623109293,96.36348768995792,HIGH,0.9480498241422562,1.0,25
NIFTY50,2015-09-30,SIDE,0.006084850429736662,0.9937436403818566,0.00017150918840676233,0.03259437292230133,0.9422343981687422,0.02517122890895655,0.9937436403818566,91.33515972531133,0.9906154605727847,SIDE,0.9422343981687422,96.37031310073982,HIGH,0.9481473300105691,1.0,26
NIFTY50,2015-10-01,SIDE,0.06471806406606272,0.9272779538662372,0.008003982067699937,0.08681941145036036,0.8793785479788978,0.03380204057074191,0.9272779538662372,81.90678219683467,0.8909169307993559,SIDE,0.8793785479788978,96.34465274896786,HIGH,0.9477807535566837,1.0,27
NIFTY50,2015-10-05,SIDE,0.04756607915853641,0.9524334321066787,4.887347849037366e-07,0.07073430784246948,0.903062002967839,0.026203689189691532,0.9524334321066787,85.45930044517583,0.9286501481600181,SIDE,0.903062002967839,96.36620474048001,HIGH,0.9480886391497144,1.0,28
NIFTY50,2015-10-06,BULL,0.6530514907751749,0.3469475920537037,9.171711214825569e-07,0.6275454634143449,0.3289628354098654,0.04349170117578977,0.6530514907751749,44.131819512151736,0.4795772361627623,BULL,0.6275454634143449,69.30009748076446,MODERATE,0.9471442497252067,0.1,1
NIFTY50,2015-10-07,BULL,0.9936078785302885,0.00639158842525853,5.330444529773281e-07,0.9407249016189071,0.006060278152178526,0.05321482022891449,0.9936078785302885,91.10873524283605,0.9904118177954326,BULL,0.9407249016189071,72.2629168675027,MODERATE,0.9466130981071815,0.2,2
NIFTY50,2015-10-08,BULL,0.9999082838824245,7.708501300906375e-05,1.463110456635914e-05,0.9465193741543396,7.339662508873522e-05,0.05340722922057165,0.9999082838824245,91.97790612315094,0.9998624258236367,BULL,0.9465193741543396,75.26219433147806,HIGH,0.9466027761639724,0.3,3
NIFTY50,2015-10-09,BULL,0.9999979789890676,4.3909096122304e-07,1.581919971180013e-06,0.946601350165404,4.49839562383561e-07,0.05339819999503361,0.9999979789890676,91.9902025248106,0.9999969684836014,BULL,0.946601350165404,78.26221662460368,HIGH,0.9466030946371956,0.4,4
NIFTY50,2015-10-12,BULL,0.9997545719238847,5.811673125531557e-09,0.00024542226444209254,0.946387014319438,5.1584932938090545e-06,0.05360782718726825,0.9997545719238847,91.9580521479157,0.9996318578858271,BULL,0.946387014319438,81.26164363365956,HIGH,0.9465949090522793,0.5,5
NIFTY50,2015-10-13,BULL,0.9995501903537821,3.991711021225512e-08,0.00044976972910774617,0.9462070274658081,9.48114355254619e-06,0.053783491390639475,0.9995501903537821,91.93105411987122,0.999325285530673,BULL,0.9462070274658081,84.26116348886498,HIGH,0.9465880498409286,0.6,6
NIFTY50,2015-10-14,BULL,0.9999351850514702,4.5257022411222856e-08,6.476969150749035e-05,0.9465460669885629,1.4030597847272997e-06,0.05345252995165227,0.9999351850514702,91.98191004828445,0.9999027775772052,BULL,0.9465460669885629,87.26206811137638,HIGH,0.9466009730196627,0.7,7
NIFTY50,2015-10-15,BULL,0.999998395427857,3.1698955717697615e-09,1.6014022474669636e-06,0.9466017338865083,3.69244386822956e-08,0.05339822918905312,0.999998395427857,91.99026008297623,0.9999975931417853,BULL,0.9466017338865083,90.26221653123345,HIGH,0.9466030933033351,0.8,8
NIFTY50,2015-10-16,BULL,0.9999998433104839,4.729728725204428e-11,1.56642218889143e-07,0.9466030090640517,3.630703455636067e-09,0.053396987305244725,0.9999998433104839,91.99045135960777,0.9999997649657256,BULL,0.9466030090640517,93.26221992559768,HIGH,0.9466031417942526,0.9,9
NIFTY50,2015-10-19,BULL,0.9999999954291399,3.44361443346067e-12,4.567416560028612e-09,0.9466031430267442,3.9628447913029864e-10,0.05339685657697135,0.9999999954291399,91.99047145401161,0.9999999931437098,BULL,0.9466031430267442,96.26222028291804,HIGH,0.9466031468988294,1.0,10
NIFTY50,2015-10-20,BULL,0.9999999755531364,2.950451548073595e-13,2.444656864823725e-08,0.9466031255233665,8.10665591218849e-10,0.05339687366596802,0.9999999755531364,91.99046882850497,0.9999999633297045,BULL,0.9466031255233665,96.26222023620832,HIGH,0.9466031462315474,1.0,11
NIFTY50,2015-10-21,BULL,0.9999997256565253,6.510468815771379e-13,2.743428237571217e-07,0.9466029054556988,6.057621154604204e-09,0.053397088486679956,0.9999997256565253,91.99043581835483,0.9999995884847878,BULL,0.9466029054556988,96.26221964903536,HIGH,0.9466031378433623,1.0,12
NIFTY50,2015-10-23,BULL,0.9999999744689445,2.707882959329593e-12,2.5528347577296493e-08,0.9466031245684954,8.356655027260599e-10,0.05339687459583916,0.9999999744689445,91.99046868527431,0.9999999617034168,BULL,0.9466031245684954,96.26222023366675,HIGH,0.9466031461952394,1.0,13
NIFTY50,2015-10-26,BULL,0.9999785299299028,1.1979401447138025e-12,2.1470068899307595e-05,0.9465842397610768,4.510663221419005e-07,0.05341530917260114,0.9999785299299028,91.9876359641615,0.999967794894854,BULL,0.9465842397610768,96.26216984613485,HIGH,0.9466024263733549,1.0,14
NIFTY50,2015-10-27,BULL,0.9996187231380042,1.2867206849665423e-09,0.0003812755752751774,0.9462673813266134,8.006468246339395e-06,0.053724612205140375,0.9996187231380042,91.94010719899201,0.9994280847070061,BULL,0.9462673813266134,96.2613244231083,HIGH,0.9465903489015475,1.0,15
NIFTY50,2015-10-28,BULL,0.9213362559063012,3.6059874302083545e-07,0.07866338349495576,0.8773291019830837,0.001651894463999304,0.12101900355291702,0.9213362559063012,81.59936529746254,0.8820043838594518,BULL,0.8773291019830837,96.07738756750874,HIGH,0.9439626795358391,1.0,16
NIFTY50,2015-10-29,BEAR,0.1625445465142265,0.00010374754792332464,0.8373517059378502,0.2091066825901573,0.017678723538463777,0.7732145938713789,0.8373517059378502,65.98218908070683,0.7560275589067752,BEAR,0.7732145938713789,67.29473385187677,MODERATE,0.9184961978839539,0.1,1
NIFTY50,2015-10-30,BEAR,0.00034508540575244165,0.00013474286734421222,0.9995201717269034,0.06626698354941624,0.021112869030025145,0.9126201474205585,0.9995201717269034,86.89302211308376,0.999280257590355,BEAR,0.9126201474205585,69.91369532443039,MODERATE,0.9130527903490058,0.2,2
NIFTY50,2015-11-02,BEAR,0.00013186724976772343,0.00012133548116343932,0.9997467972690688,0.06607973879096575,0.021104914689704414,0.9128153465193298,0.9997467972690688,86.92230197789948,0.9996201959036032,BEAR,0.9128153465193298,72.91316136604297,MODERATE,0.9130451623720426,0.3,3
NIFTY50,2015-11-03,BEAR,0.0006603056838239001,0.0002849831721660904,0.9990547111440101,0.06653872167921919,0.021245548873960855,0.91221572944682,0.9990547111440101,86.83235941702297,0.998582066716015,BEAR,0.91221572944682,75.91480540492135,HIGH,0.9130686486417336,0.4,4
NIFTY50,2015-11-04,BEAR,0.00029872356397417577,0.00026709256082472734,0.9994341838752011,0.06622099718999239,0.021236552761072894,0.9125424500489348,0.9994341838752011,86.88136750734022,0.9991512758128015,BEAR,0.9125424500489348,78.91391181704648,HIGH,0.9130558831006642,0.5,5
NIFTY50,2015-11-05,BEAR,8.238604218975249e-07,0.0008718664750485617,0.9991273096645295,0.06593508446302057,0.021803534035293597,0.9122613815016859,0.9991273096645295,86.83920722525286,0.9986909644967942,BEAR,0.9122613815016859,81.91469889781419,HIGH,0.9130671271116314,0.6,6
NIFTY50,2015-11-06,BEAR,3.4056352961074005e-07,0.0014379206424952294,0.998561738793975,0.06591259612998653,0.022328371300123648,0.9117590325698898,0.998561738793975,86.76385488548345,0.9978426081909627,BEAR,0.9117590325698898,84.9160896022391,HIGH,0.9130869943177015,0.7,7
NIFTY50,2015-11-09,BEAR,5.8497674430431744e-08,0.014733549815814624,0.985266391686511,0.06539413264577935,0.03465565461236016,0.8999502127418604,0.985266391686511,84.99253191127906,0.9778995875297665,BEAR,0.8999502127418604,87.9487808437668,HIGH,0.9135540120538115,0.8,8
NIFTY50,2015-11-10,SIDE,1.700459706993062e-10,0.6191672392133124,0.38083276061664156,0.04183546265674888,0.5950670253225191,0.36309751202073215,0.6191672392133124,39.26005379837785,0.4287508588199686,SIDE,0.5950670253225191,68.43499005152958,MODERATE,0.9347855721647083,0.1,1
NIFTY50,2015-11-13,SIDE,1.333729830639365e-10,0.9630545326365586,0.03694546723006846,0.02843199134645908,0.9139082025053654,0.05765980614817548,0.9630545326365586,87.0862303758048,0.9445817989548377,SIDE,0.9139082025053654,72.28055593900615,MODERATE,0.9468650848429452,0.2,2
NIFTY50,2015-11-16,SIDE,1.7396145072103894e-09,0.9821575627740183,0.017842435486367193,0.02768742638510647,0.9316199142250506,0.04069265938984291,0.9821575627740183,89.74298713375758,0.9732363441610273,SIDE,0.9316199142250506,75.32752735155934,HIGH,0.9475361050222764,0.3,3
NIFTY50,2015-11-17,SIDE,7.85813903648713e-08,0.8955035055494597,0.10449641586914991,0.03106495285973923,0.8512770731364956,0.11765797400376518,0.8955035055494597,77.69156097047434,0.8432552583241893,SIDE,0.8512770731364956,78.11445855221851,HIGH,0.944492265031693,0.4,4
NIFTY50,2015-11-18,SIDE,5.909453184550633e-11,0.98345678933591,0.016543210604995567,0.027636785796849323,0.932824515111665,0.0395386990914857,0.98345678933591,89.92367726674975,0.9751851840038648,SIDE,0.932824515111665,81.33072194561404,HIGH,0.9475817420802007,0.5,5
NIFTY50,2015-11-19,SIDE,2.679818642343649e-06,0.5774890676201769,0.4225082525611807,0.04346228542394531,0.5564243162294605,0.40011339834659415,0.5774890676201769,33.46364743441908,0.3662336014302654,SIDE,0.5564243162294605,83.33251614331125,HIGH,0.933321659190161,0.6,6
NIFTY50,2015-11-20,BEAR,4.764981349794831e-06,0.011872709239005637,0.9881225257796445,0.06550978246081146,0.03200307693534127,0.9024871406038472,0.9881225257796445,85.37307109057706,0.9821837886694667,BEAR,0.9024871406038472,75.94175753609701,HIGH,0.9134536790871002,0.4,1
NIFTY50,2015-11-23,BEAR,3.4472626832591115e-06,0.0002095475622171578,0.9997870051750997,0.0659632094956751,0.02118939827982748,0.9128473922244974,0.9997870051750997,86.9271088336746,0.9996805077626495,BEAR,0.9128473922244974,75.9130765217427,HIGH,0.9130439503106099,0.4,2
NIFTY50,2015-11-24,BEAR,3.022610579076351e-06,0.00015932607406589223,0.9998376513153551,0.06596479298251769,0.021142843455820758,0.9128923635616615,0.9998376513153551,86.93385453424922,0.9997564769730326,BEAR,0.9128923635616615,75.91295203704756,HIGH,0.9130421719578222,0.4,3
NIFTY50,2015-11-26,BEAR,3.1644372736051555e-05,0.00012225678021248382,0.9998460988470514,0.06599144312822695,0.021107873086195966,0.912900683785577,0.9998460988470514,86.93510256783657,0.9997691482705772,BEAR,0.912900683785577,75.91292814097689,HIGH,0.9130418305853841,0.4,4
NIFTY50,2015-11-27,BEAR,0.002942455800187158,0.0003117454596753316,0.9967457987401375,0.068547419407795,0.0212224478383904,0.9102301327538145,0.9967457987401375,86.53451991307217,0.995118698110206,BEAR,0.9102301327538145,78.92023350234871,HIGH,0.913146192890696,0.5,5
NIFTY50,2015-11-30,BEAR,0.0031037719088249263,0.00020518857784025896,0.9966910395133348,0.06869363318606947,0.021120264882106037,0.9101861019318244,0.9966910395133348,86.52791528977367,0.9950365592700022,BEAR,0.9101861019318244,81.92035053454458,HIGH,0.9131478647792083,0.6,6
NIFTY50,2015-12-01,BEAR,0.027563027968999197,0.00046689157797049334,0.9719700804530302,0.09022310517243064,0.02084938084334382,0.8889275139842255,0.9719700804530302,83.33912709763382,0.9579551206795454,BEAR,0.8889275139842255,84.97846513158433,HIGH,0.9139780733083476,0.7,7
NIFTY50,2015-12-02,BEAR,0.015584431970497971,0.0003583586668239922,0.984057209362678,0.0796785668265515,0.02100024547273677,0.8993211877007118,0.984057209362678,84.89817815510675,0.9760858140440171,BEAR,0.8993211877007118,87.95005255274691,HIGH,0.913572179324956,0.8,8
NIFTY50,2015-12-03,BEAR,0.003448413749372866,0.0005646699446223911,0.9959869163060049,0.0689831255151095,0.021446328560720252,0.9095705459241703,0.9959869163060049,86.43558188862555,0.9939803744590073,BEAR,0.9095705459241703,90.92204423745656,HIGH,0.9131720605350937,0.9,9
NIFTY50,2015-12-04,BEAR,6.381414730827984e-05,0.0004857355283988998,0.9994504503242927,0.06600560587675172,0.021444203416291982,0.9125501907069563,0.9994504503242927,86.88252860604344,0.999175675486439,BEAR,0.9125501907069563,93.91389746749566,HIGH,0.9130556781070809,1.0,10
NIFTY50,2015-12-07,BEAR,3.7791137405019035e-05,0.0002215799619668718,0.9997406289006281,0.06599298492810991,0.021199833275757946,0.9128071817961322,0.9997406289006281,86.92107726941981,0.9996109433509421,BEAR,0.9128071817961322,93.91318680423349,HIGH,0.9130455257747643,1.0,11
NIFTY50,2015-12-08,BEAR,9.039469930058594e-07,0.0004392898511811859,0.9995598062018259,0.06595201524764563,0.02140246129769525,0.912645523454659,0.9995598062018259,86.89682851819886,0.9993397093027387,BEAR,0.912645523454659,93.91363544670016,HIGH,0.9130519349528593,1.0,12
NIFTY50,2015-12-09,BEAR,7.907234257771552e-08,0.0036722469497759516,0.9963276739778814,0.06582527996908001,0.02439997188440544,0.9097747481465146,0.9963276739778814,86.46621222197719,0.9944915109668222,BEAR,0.9097747481465146,93.92158285207113,HIGH,0.9131654693153018,1.0,13
NIFTY50,2015-12-10,BEAR,1.5700473746653938e-06,0.0009722937219308585,0.9990261362306945,0.06593182729376636,0.0218966312644631,0.9121715414417706,0.9990261362306945,86.8257312162656,0.9985392043460417,BEAR,0.9121715414417706,93.91494758623695,HIGH,0.9130706798033851,1.0,14
NIFTY50,2015-12-11,BEAR,2.7691607727359488e-08,0.003028916493307792,0.9969710558150845,0.06585030939402134,0.023803497769157453,0.9103461928368213,0.9969710558150845,86.55192892552319,0.9954565837226266,BEAR,0.9103461928368213,93.9200008808395,HIGH,0.9131428697262786,1.0,15
NIFTY50,2015-12-14,BEAR,7.12610697660412e-07,0.0009499894928108281,0.9990492978964916,0.06593194154261037,0.021875969506580845,0.9121920889508087,0.9990492978964916,86.82881334262129,0.9985739468447373,BEAR,0.9121920889508087,93.9148907288822,HIGH,0.9130698675554599,1.0,16
NIFTY50,2015-12-15,BEAR,1.0521786856702533e-05,0.0003946205251534642,0.9995948576879898,0.06596222609944305,0.021360843414880062,0.9126769304856768,0.9995948576879898,86.90153957285152,0.9993922865319848,BEAR,0.9126769304856768,93.91354821042961,HIGH,0.9130506887204232,1.0,17
NIFTY50,2015-12-16,BEAR,6.024694176079745e-05,0.0002892160220353274,0.9996505370362039,0.0660101240843165,0.02126207177955155,0.912727804136132,0.9996505370362039,86.9091706204198,0.9994758055543058,BEAR,0.912727804136132,93.91340587455268,HIGH,0.9130486553507525,1.0,18
NIFTY50,2015-12-17,BEAR,0.0019164596067435288,0.0008294343424666318,0.9972541060507898,0.0676237138263507,0.02172397320802573,0.9106523129656234,0.9972541060507898,86.59784694484351,0.9958811590761847,BEAR,0.9106523129656234,93.919095670057,HIGH,0.9131299381436715,1.0,19
NIFTY50,2015-12-18,BEAR,1.3719552493994492e-05,0.0002383221747928936,0.9997479582727131,0.06597113410226756,0.021215861501418458,0.9128130043963141,0.9997479582727131,86.9219506594471,0.9996219374090697,BEAR,0.9128130043963141,93.91317141054458,HIGH,0.9130453058649227,1.0,20
NIFTY50,2015-12-21,BEAR,0.0018955162677213515,0.000496061608328711,0.9976084221239498,0.0676182640451975,0.02141532049944289,0.9109664154553596,0.9976084221239498,86.64496231830394,0.9964126331859248,BEAR,0.9109664154553596,93.91822674797623,HIGH,0.9131175249710891,1.0,21
NIFTY50,2015-12-22,BEAR,0.00014613405071523287,0.00018819380781806718,0.9996656721414667,0.0660896967389543,0.02116660403386707,0.9127436992271786,0.9996656721414667,86.9115548840768,0.9994985082122001,BEAR,0.9127436992271786,93.9133592826035,HIGH,0.9130479897514786,1.0,22
NIFTY50,2015-12-23,BEAR,0.027146184216234867,0.001241519926488704,0.9716122958572764,0.08982582586999761,0.02157634290824172,0.8885978312217607,0.9716122958572764,83.2896746832641,0.9574184437859146,BEAR,0.8885978312217607,93.97939037932304,HIGH,0.9139912911331864,1.0,23
NIFTY50,2015-12-24,BEAR,0.0482619773600297,0.0006487743287318024,0.9510892483112384,0.10844423132686971,0.020583438383550888,0.8709723302895794,0.9510892483112384,80.6458495434369,0.9266338724668578,BEAR,0.8709723302895794,94.02754799399482,HIGH,0.914679257057069,1.0,24
NIFTY50,2015-12-28,BULL,0.8690654936199342,0.0017332458419200543,0.12920126053814565,0.8312301078402672,0.004356003925391095,0.16441388823434175,0.8690654936199342,74.68451617604008,0.8035982404299014,BULL,0.8312301078402672,68.95882957409032,MODERATE,0.942268993915576,0.1,1
NIFTY50,2015-12-29,BULL,0.9988992430982853,2.47581691993398e-05,0.0010759987325155045,0.94563281722856,4.606586532108108e-05,0.05432111690611884,0.9988992430982853,91.84492258428399,0.9983488646474279,BULL,0.94563281722856,72.25969475787852,MODERATE,0.9465670679696933,0.2,2
NIFTY50,2015-12-30,BULL,0.9996025493634253,3.6618968918231813e-07,0.0003970844468855502,0.9462531239151902,8.6843658613446e-06,0.05373819171894847,0.9996025493634253,91.93796858727852,0.999403824045138,BULL,0.9462531239151902,75.26128731736225,HIGH,0.9465898188194607,0.3,3
NIFTY50,2015-12-31,BULL,0.9999691479851422,2.9660905925821202e-08,3.082235395182031e-05,0.9465759765379461,6.755415066826817e-07,0.05342334792054721,0.9999691479851422,91.9863964806919,0.9999537219777134,BULL,0.9465759765379461,78.26214787461637,HIGH,0.9466021124945196,0.4,4
NIFTY50,2016-01-04,BEAR,0.46805827950244394,2.691458176294829e-06,0.5319390290393797,0.4781566483487743,0.011170710367371287,0.5106726412838545,0.5319390290393797,26.600896192578173,0.2979085435590696,BEAR,0.5106726412838545,83.01234094271359,HIGH,0.9287477277530514,0.6,1
NIFTY50,2016-01-05,BEAR,0.2069187336614588,0.000671869095394217,0.7924093972431471,0.24816199297327635,0.017273823212071705,0.7345641838146519,0.7924093972431471,60.18462757219779,0.6886140958647206,BEAR,0.7345641838146519,82.40039534364129,HIGH,0.9200056477663043,0.6,2
NIFTY50,2016-01-06,BEAR,0.003432136719563843,0.00037591756796965153,0.9961919457124666,0.06897614827469134,0.02127166520056658,0.909752186524742,0.9961919457124666,86.4628279787113,0.9942879185686999,BEAR,0.909752186524742,81.92154187883307,HIGH,0.9131648839833297,0.6,3
NIFTY50,2016-01-07,BEAR,7.587547836694926e-09,0.016119296095986183,0.983880696316466,0.0653400764814537,0.03594047481730952,0.8987194487012368,0.983880696316466,84.8079173051855,0.9758210444746989,BEAR,0.8987194487012368,81.95218806080939,HIGH,0.9136026865829914,0.6,4
NIFTY50,2016-01-08,BEAR,6.569225909718401e-07,0.0017521927668313674,0.9982471503105778,0.06590062554668491,0.022619747608262797,0.9114796268450523,0.9982471503105778,86.72194402675784,0.9973707254658665,BEAR,0.9114796268450523,81.9168630923258,HIGH,0.913098044176083,0.6,5
NIFTY50,2016-01-11,BEAR,1.1414128849348117e-07,0.0011302373009197462,0.9988696485577918,0.06592438910808388,0.02204310201003947,0.9120325088818766,0.9988696485577918,86.8048763322815,0.9983044728366876,BEAR,0.9120325088818766,81.91533252427594,HIGH,0.9130761789182278,0.6,6
NIFTY50,2016-01-12,BEAR,1.0845266287217108e-08,0.007800820872285639,0.9921991682824481,0.06566430314651088,0.02822785354013737,0.9061078433133517,0.9921991682824481,85.91617649700277,0.988298752423672,BEAR,0.9061078433133517,84.93173421913536,HIGH,0.9133104888447909,0.7,7
NIFTY50,2016-01-13,BEAR,9.469052444932425e-08,0.001026906519809013,0.9989729987896666,0.06592839943568499,0.021947297459872887,0.9121243031044421,0.9989729987896666,86.81864546566632,0.9984594981844997,BEAR,0.9121243031044421,87.91507840409778,HIGH,0.9130725486299683,0.8,8
NIFTY50,2016-01-14,BEAR,2.003827995160422e-08,0.0017612049266625457,0.9982387750350575,0.06589971342310348,0.02262811676290964,0.9114721698139868,0.9982387750350575,86.720825472098,0.9973581625525861,BEAR,0.9114721698139868,90.91688375537261,HIGH,0.9130983393624659,0.9,9
NIFTY50,2016-01-15,BEAR,4.1625634723592914e-10,0.08384231777279794,0.9161576818109457,0.062700474015728,0.09873107051100566,0.8385684554732662,0.9161576818109457,75.78526832098996,0.8742365227164184,BEAR,0.8385684554732662,94.11870852327826,HIGH,0.9159815503325466,1.0,10
NIFTY50,2016-01-18,SIDE,9.63972668771983e-13,0.9234631674723037,0.07653683252673231,0.029975118108877492,0.8772003691085553,0.0928245127825672,0.9234631674723037,81.58005536628329,0.8851947512084556,SIDE,0.8772003691085553,69.18320686978446,MODERATE,0.9454743838540636,0.1,1
NIFTY50,2016-01-19,SIDE,1.5439652746409976e-09,0.9484841242016934,0.051515874254341495,0.02899989391768764,0.9003989909804638,0.0706011151018486,0.9484841242016934,85.05984864706956,0.9227261863025399,SIDE,0.9003989909804638,72.24472955217473,MODERATE,0.9463532793167821,0.2,2
NIFTY50,2016-01-20,SIDE,3.191296049593158e-14,0.9996227865934542,0.0003772134065138263,0.027006694188487924,0.9478131049633994,0.025180200848112642,0.9996227865934542,92.1719657445099,0.9994341798901812,SIDE,0.9478131049633994,75.3704716427768,HIGH,0.9481495948968116,0.3,3
NIFTY50,2016-01-21,SIDE,5.3724085646205666e-14,0.9998788513304661,0.00012114866948024064,0.026996713719866727,0.9480505199064488,0.02495276637368443,0.9998788513304661,92.20757798596733,0.9998182769956989,SIDE,0.9480505199064488,78.37110126652502,HIGH,0.948158589521786,0.4,4
NIFTY50,2016-01-22,SIDE,6.791111010261534e-09,0.9868299667605045,0.013170026448384518,0.027505317583650348,0.9359520159901956,0.036542666426154016,0.9868299667605045,90.39280239852933,0.9802449501407567,SIDE,0.9359520159901956,81.33901608516815,HIGH,0.9477002297881165,0.5,5
NIFTY50,2016-01-25,SIDE,1.0303082656253038e-06,0.7313299656607632,0.26866900403097105,0.037464676224700635,0.6990606563255322,0.2634746674497672,0.7313299656607632,54.859098448829826,0.596994948491145,SIDE,0.6990606563255322,83.71078334057167,HIGH,0.9387254762938809,0.6,6
NIFTY50,2016-01-27,BEAR,1.3706305682958548e-06,0.13029797735741344,0.8697006520120182,0.060891008657900696,0.14180322693867103,0.7973057644034284,0.8697006520120182,69.59586466051425,0.8045509780180274,BEAR,0.7973057644034284,76.23293905444865,HIGH,0.9176134150635522,0.4,1
NIFTY50,2016-01-28,BEAR,6.061969700796293e-07,0.004205976479894442,0.9957934173231355,0.06580494134476139,0.024894817576893918,0.9093002410783447,0.9957934173231355,86.39503616175169,0.9936901259847033,BEAR,0.9093002410783447,75.92289644934579,HIGH,0.9131842349906543,0.4,2
NIFTY50,2016-01-29,BEAR,0.0003491361483303285,0.0133603319795917,0.9862905318720778,0.06575506559301,0.03337512249461117,0.9008698119123788,0.9862905318720778,85.13047178685682,0.9794357978081167,BEAR,0.9008698119123788,75.94622452889331,HIGH,0.9135174932699045,0.4,3
NIFTY50,2016-02-01,BEAR,0.005879158306364777,0.004957899520846055,0.9891629421727892,0.07095249172569658,0.02546855501642269,0.9035789532578808,0.9891629421727892,85.53684298868212,0.9837444132591838,BEAR,0.9035789532578808,75.93855795287622,HIGH,0.9134079707553746,0.4,4
NIFTY50,2016-02-02,BEAR,3.1115551614703556e-05,0.003195601658334148,0.9967732827900512,0.06587118966636567,0.023957390168227892,0.9101714201654063,0.9967732827900512,86.52571302481098,0.9951599241850766,BEAR,0.9101714201654063,78.92048378010912,HIGH,0.9131497682872732,0.5,5
NIFTY50,2016-02-03,BEAR,6.676044667058064e-07,0.006191232801785999,0.9938080995937473,0.0657276173784322,0.02673548174630329,0.9075369008752646,0.9938080995937473,86.13053513128968,0.9907121493906209,BEAR,0.9075369008752646,81.92777803315097,HIGH,0.9132539719021568,0.6,6
NIFTY50,2016-02-04,BEAR,4.248645092990203e-05,0.0034328327232380895,0.9965246808258319,0.06587195687522025,0.02417710440544782,0.909950938719332,0.9965246808258319,86.49264080789978,0.9947870212387478,BEAR,0.909950938719332,84.9210938125866,HIGH,0.9131584830369517,0.7,7
NIFTY50,2016-02-05,BEAR,0.0059726981903631075,0.006137995926694434,0.9878893058829425,0.07098887035353352,0.02656073835259269,0.9024503912938739,0.9878893058829425,85.3675586940811,0.9818339588244138,BEAR,0.9024503912938739,87.94167941576437,HIGH,0.9134525630823482,0.8,8
NIFTY50,2016-02-08,BEAR,3.955232244148981e-05,0.005779530534575074,0.9941809171429834,0.06577790726588587,0.026352948326721217,0.907869144407393,0.9941809171429834,86.18037166110895,0.9912713757144751,BEAR,0.907869144407393,90.92685708683122,HIGH,0.9132408155261604,0.9,9
NIFTY50,2016-02-09,BEAR,7.31420593274677e-07,0.011002189170199536,0.9889970794092072,0.0655401600611164,0.031196043565427215,0.9032637963734563,0.9889970794092072,85.48956945601843,0.9834956191138107,BEAR,0.9032637963734563,93.93960758380389,HIGH,0.9134229654829127,1.0,10
NIFTY50,2016-02-10,BEAR,1.3296995152124935e-07,0.07822641183064312,0.9217734551994052,0.06291947825892139,0.0935241813562752,0.8435563403848034,0.9217734551994052,76.53345105772051,0.8826601827991079,BEAR,0.8435563403848034,94.10490018700905,HIGH,0.9157842883858438,1.0,11
NIFTY50,2016-02-11,SIDE,7.75650244049308e-20,0.9999999226939206,7.730607942206891e-08,0.02699199480006377,0.9481627733592095,0.02484523184072674,0.9999999226939206,92.22441600388143,0.9999998840408807,SIDE,0.9481627733592095,69.37139896235975,MODERATE,0.9481628423194249,0.1,1
NIFTY50,2016-02-12,SIDE,3.3838659152652946e-16,0.9999997495623741,2.5043762553885454e-07,0.0269920015480997,0.9481626128372387,0.024845385614661628,0.9999997495623741,92.2243919255858,0.999999624343561,SIDE,0.9481626128372387,72.37139853665582,MODERATE,0.9481628362379403,0.2,2
NIFTY50,2016-02-15,SIDE,3.4842753710287014e-12,0.9999929643271936,7.035669322023318e-06,0.02699226601486444,0.94815632178654,0.024851412198595504,0.9999929643271936,92.22344826798098,0.9999894464907905,SIDE,0.94815632178654,75.37138185281583,HIGH,0.9481625978973691,0.3,3
NIFTY50,2016-02-16,SIDE,4.570059553781125e-14,0.9999989947862428,1.0052137115359408e-06,0.026992030966557813,0.9481619130332182,0.02484605600022409,0.9999989947862428,92.22428695498273,0.999998492179364,SIDE,0.9481619130332182,78.37139668077778,HIGH,0.9481628097253968,0.4,4
NIFTY50,2016-02-17,SIDE,2.4968212458309737e-10,0.9999495790810443,5.042066927354424e-05,0.026993957230184443,0.9481160963842158,0.024889946385599736,0.9999495790810443,92.21741445763236,0.9999243686215663,SIDE,0.9481160963842158,81.37127517575641,HIGH,0.9481610739393772,0.5,5
NIFTY50,2016-02-18,SIDE,1.924003640998147e-08,0.9995614982515345,0.0004384825084289897,0.02700909992772996,0.9477562799908829,0.02523462008138725,0.9995614982515345,92.16344199863241,0.9993422473773016,SIDE,0.9477562799908829,84.3703209893915,HIGH,0.948147442705593,0.6,6
NIFTY50,2016-02-19,SIDE,1.7933852785559864e-07,0.997907705072922,0.0020921155885502128,0.02707369973668011,0.9462229330778783,0.026703367185441612,0.997907705072922,91.93343996168173,0.9968615576093829,SIDE,0.9462229330778783,87.36625494286761,HIGH,0.9480893563266803,0.7,7
NIFTY50,2016-02-22,SIDE,3.762207067688058e-06,0.9837352062354172,0.016261031557515165,0.0276292472009655,0.9330825752699227,0.039288177529111824,0.9837352062354172,89.96238629048838,0.9756028093531258,SIDE,0.9330825752699227,90.33141536968242,HIGH,0.9475916481383204,0.8,8
NIFTY50,2016-02-23,SIDE,2.6756849592374496e-10,0.9996707999625748,0.000329199769856772,0.027004823038242688,0.9478576214008835,0.02513755556087381,0.9996707999625748,92.1786432101325,0.999506199943862,SIDE,0.9478576214008835,93.37058970088492,HIGH,0.9481512814412132,0.9,9
NIFTY50,2016-02-24,SIDE,3.1270041802775423e-12,0.9999807767875203,1.9223209352747075e-05,0.026992741040353582,0.9481450218939061,0.024862237065740304,0.9999807767875203,92.2217532840859,0.9999711651812803,SIDE,0.9481450218939061,96.37135188553219,HIGH,0.9481621697933169,1.0,10
NIFTY50,2016-02-25,SIDE,3.3363931771464315e-13,0.999994481834825,5.518164841332058e-06,0.026992206865182337,0.9481577287706059,0.024850064364211742,0.999994481834825,92.22365931559087,0.9999917227522375,SIDE,0.9481577287706059,96.37138558412602,HIGH,0.9481626512018001,1.0,11
NIFTY50,2016-02-26,SIDE,1.069916888627314e-09,0.9996705544277843,0.000329444502298828,0.027004833314868377,0.947857393732121,0.025137772953010715,0.9996705544277843,92.17860905981813,0.9995058316416763,SIDE,0.947857393732121,96.37058909903796,HIGH,0.9481512728433994,1.0,12
NIFTY50,2016-02-29,SIDE,1.0977867941652787e-11,0.9961824118501331,0.003817588138889077,0.027140787445942924,0.9446233007625301,0.028235911791526954,0.9961824118501331,91.6934951143795,0.9942736177751995,SIDE,0.9446233007625301,96.36201229120971,HIGH,0.9480287470172817,1.0,13
NIFTY50,2016-03-01,SIDE,2.5840163113208625e-09,0.9999999168518665,8.056411718643466e-08,0.026991997303340412,0.9481627678883939,0.0248452348082656,0.9999999168518665,92.22441518325908,0.9999998752777998,SIDE,0.9481627678883939,96.37139895406652,HIGH,0.9481628422009505,1.0,14
NIFTY50,2016-03-02,SIDE,3.0000721298244332e-05,0.9999699930947327,6.183969154829642e-09,0.027019581025955423,0.9481343937320797,0.02484602524196486,0.9999699930947327,92.22015905981195,0.9999549896420988,SIDE,0.9481343937320797,96.37139586179346,HIGH,0.948162798025621,1.0,15
NIFTY50,2016-03-03,SIDE,0.00019772536685407866,0.9998022745983136,3.4832350364048356e-11,0.027173822241350565,0.9479753691562977,0.02485080860235179,0.9998022745983136,92.19630537344463,0.9997034118974703,SIDE,0.9479753691562977,96.37137756492784,HIGH,0.9481625366418264,1.0,16
NIFTY50,2016-03-04,SIDE,0.0007813923164403395,0.9992186073367988,3.467608220413425e-10,0.027710568891307522,0.9474219575517885,0.024867473556903955,0.9992186073367988,92.11329363276826,0.9988279110051982,SIDE,0.9474219575517885,96.37131384006945,HIGH,0.9481616262867066,1.0,17
NIFTY50,2016-03-08,SIDE,0.0025989673672300348,0.9974010324420907,1.9067925515446238e-10,0.02938203117746191,0.9456986005658211,0.02491936825671695,0.9974010324420907,91.85479008487314,0.9961015486631358,SIDE,0.9456986005658211,96.37111539968338,HIGH,0.9481587914240484,1.0,18
NIFTY50,2016-03-09,SIDE,0.002876483093150445,0.9971235168782536,2.859592716901194e-11,0.029637237728462423,0.9454354706159515,0.024927291655586194,0.9971235168782536,91.81532059239271,0.9956852753173803,SIDE,0.9454354706159515,96.37108510123169,HIGH,0.9481583585890241,1.0,19
NIFTY50,2016-03-10,SIDE,0.0034998339426954507,0.9965001591308429,6.9264616362761515e-09,0.030210478392201662,0.9448444261056991,0.02494509550209927,0.9965001591308429,91.72666391585484,0.9947502386962643,SIDE,0.9448444261056991,96.3710170275365,HIGH,0.9481573861076643,1.0,20
NIFTY50,2016-03-11,SIDE,0.19729671516414712,0.8027027883979989,4.964378540261607e-07,0.20842827129841712,0.7610929700463254,0.030478758655257496,0.8027027883979989,64.1639455069488,0.7040541825969984,SIDE,0.7610929700463254,96.34985730157378,HIGH,0.9478551043081967,1.0,21
NIFTY50,2016-03-14,BULL,0.6944236449108472,0.3055761010024242,2.5408672863744164e-07,0.6655917320302508,0.28973591084206135,0.04467235712768794,0.6944236449108472,49.83875980453762,0.5416354673662708,BULL,0.6655917320302508,69.29558214661252,MODERATE,0.9470797449516075,0.1,1
NIFTY50,2016-03-15,BULL,0.9547409422390362,0.04524922226409162,9.835496872281216e-06,0.9049827960101253,0.042903838099291665,0.05211336589058309,0.9547409422390362,85.7474194015188,0.9321114133585541,BULL,0.9049827960101253,72.26713744195412,MODERATE,0.9466733920279161,0.2,2
NIFTY50,2016-03-16,BULL,0.9996645173437751,0.0003354103521868485,7.230403802744983e-08,0.9462946362772221,0.0003180254488462293,0.053387338273931766,0.9996645173437751,91.9441954415833,0.9994967760156626,BULL,0.9462946362772221,75.26225674347866,HIGH,0.946603667763981,0.3,3
NIFTY50,2016-03-17,BULL,0.9999984235816287,1.563954896835935e-06,1.2463474487341125e-08,0.9466016978459981,1.483442722591493e-06,0.05339681871127936,0.9999984235816287,91.99025467689972,0.9999976353724429,BULL,0.9466016978459981,78.26222043511535,HIGH,0.9466031490730764,0.4,4
NIFTY50,2016-03-18,BULL,0.9999999777147408,2.2090556136561732e-08,1.9470298522819945e-10,0.9466031265659529,2.1246657991293032e-08,0.053396852187389134,0.9999999777147408,91.99046898489294,0.9999999665721112,BULL,0.9466031265659529,81.26222029560395,HIGH,0.9466031470800564,0.5,5
NIFTY50,2016-03-21,BULL,0.9999999984926464,1.5069043157391429e-09,4.49257186775537e-13,0.9466031456659754,1.725925732883487e-09,0.05339685260809897,0.9999999984926464,91.99047184989631,0.9999999977389696,BULL,0.9466031456659754,84.262220293813,HIGH,0.9466031470544716,0.6,6
NIFTY50,2016-03-22,BULL,0.9999999999686044,2.879914562637319e-11,2.5964024137255e-12,0.9466031470233665,3.2448640967822154e-10,0.053396852652147136,0.9999999999686044,91.99047205350497,0.9999999999529067,BULL,0.9466031470233665,87.26222029364664,HIGH,0.946603147052095,0.7,7
NIFTY50,2016-03-23,BULL,0.999999999954838,1.5333832666400238e-12,4.362863663177622e-11,0.946603147012306,2.99495506208695e-10,0.053396852688198555,0.999999999954838,91.9904720518459,0.9999999999322569,BULL,0.946603147012306,90.26222029354723,HIGH,0.9466031470506748,0.8,8
NIFTY50,2016-03-28,BULL,0.9999857373157996,1.1000165719432824e-11,1.4262673200226472e-05,0.9465905868355753,2.9975501280339084e-07,0.05340911340941195,0.9999857373157996,91.9885880253363,0.9999786059736995,BULL,0.9465905868355753,93.26218678111658,HIGH,0.9466026683016655,0.9,9
NIFTY50,2016-03-29,BULL,0.9999476698653383,1.8942138464794054e-09,5.232824044771713e-05,0.9465570632403251,1.10073421866705e-06,0.05344183602545626,0.9999476698653383,91.98355948604876,0.9999215047980077,BULL,0.9465570632403251,96.26209733991054,HIGH,0.9466013905701505,1.0,10
NIFTY50,2016-03-30,BULL,0.9999999352728391,4.1679495553330024e-08,2.3047665322750216e-08,0.9466030884266317,4.029996467784055e-08,0.05339687127340371,0.9999999352728391,91.99046326399476,0.9999999029092586,BULL,0.9466030884266317,96.26222024404576,HIGH,0.9466031463435108,1.0,11
NIFTY50,2016-03-31,BULL,0.999998521868256,5.246904257515838e-10,1.4776070536017232e-06,0.946601845337425,3.1817250493921786e-08,0.05339812284532462,0.999998521868256,91.99027680061374,0.9999977828023838,BULL,0.946601845337425,96.26221682182216,HIGH,0.9466030974546024,1.0,12
NIFTY50,2016-04-01,BULL,0.9999989589652126,3.549156288209131e-11,1.0409992958407826e-06,0.9466022302792857,2.2186749820900907e-08,0.05339774753396454,0.9999989589652126,91.99033454189284,0.9999984384478188,BULL,0.9466022302792857,96.26221784765166,HIGH,0.9466031121093095,1.0,13
NIFTY50,2016-04-04,BULL,0.9999998560421578,1.7745197857904908e-11,1.4394009702761098e-07,0.9466030202771589,3.3359998687404352e-09,0.05339697638684127,0.9999998560421578,91.99045304157384,0.9999997840632365,BULL,0.9466030202771589,96.2622199554402,HIGH,0.9466031422205743,1.0,14
NIFTY50,2016-04-05,BULL,0.9022489658142676,3.580438299981704e-09,0.09775103060529405,0.860520183892293,0.0020523046278500827,0.1374275114798569,0.9022489658142676,79.07802758384393,0.8533734487214014,BULL,0.860520183892293,96.03253791177364,HIGH,0.9433219701681951,1.0,15
NIFTY50,2016-04-06,BULL,0.9957655216449811,1.386831436715363e-05,0.004220610040651708,0.9428735774914552,0.00010176220460637261,0.05702466030393842,0.9957655216449811,91.43103662371827,0.9936482824674715,BULL,0.9428735774914552,96.2523047791501,HIGH,0.9464614968450014,1.0,16
NIFTY50,2016-04-07,BULL,0.7457459380488805,1.8832023061908898e-05,0.25423522992805764,0.7226974365436145,0.005355571714917632,0.2719469917414679,0.7457459380488805,58.40461548154218,0.6186189070733207,BULL,0.7226974365436145,95.66485418996176,HIGH,0.9380693455708824,1.0,17
NIFTY50,2016-04-08,BEAR,0.4422258388895114,0.00024084152034143424,0.5575333195901472,0.4553984198027104,0.0119338722635208,0.5326677079337688,0.5575333195901472,29.900156190065324,0.33629997938522077,BEAR,0.5326677079337688,67.95222888077535,MODERATE,0.9278889840110766,0.1,1
NIFTY50,2016-04-11,BULL,0.9820180311600435,0.0008641653234454283,0.017117803516511078,0.9307339174028731,0.0011787611939137776,0.06808732140321312,0.9820180311600435,89.61008761043095,0.9730270467400652,BULL,0.9307339174028731,93.22209350219526,HIGH,0.9460299071742181,0.9,1
NIFTY50,2016-04-12,BULL,0.999240659385824,1.205212136854724e-05,0.0007472884928074877,0.9459339755300394,2.711713069015492e-05,0.05403890733927048,0.999240659385824,91.8900963295059,0.9988609890787358,BULL,0.9459339755300394,93.26046573028796,HIGH,0.9465780818612565,0.9,2
NIFTY50,2016-04-13,BULL,0.9999983851564052,1.391364555138183e-06,2.2347903975900451e-07,0.9466016707343503,1.3242292839869674e-06,0.05339700503636582,0.9999983851564052,91.99025061015254,0.9999975777346077,BULL,0.9466016707343503,93.26221992045583,HIGH,0.9466031417207976,0.9,3
NIFTY50,2016-04-18,BULL,0.9999999850930569,8.004472973368204e-09,6.90247023845529e-09,0.9466031336125789,8.031588120041152e-09,0.05339685835583311,0.9999999850930569,91.99047004188682,0.9999999776395851,BULL,0.9466031336125789,93.26222027830501,HIGH,0.9466031468329287,0.9,4
NIFTY50,2016-04-20,BULL,0.9999999976366574,1.659341085917876e-11,2.346749194855489e-09,0.9466031449702484,3.621293061707972e-10,0.05339685466762225,0.9999999976366574,91.99047174553725,0.999999996454986,BULL,0.9466031449702484,93.26222028813733,HIGH,0.9466031469733905,0.9,5
NIFTY50,2016-04-21,BULL,0.9999999953677763,6.3060119520396e-13,4.631593028003528e-09,0.946603142972815,3.949646812904271e-10,0.053396856632220296,0.9999999953677763,91.99047144592225,0.9999999930516644,BULL,0.946603142972815,93.26222028276696,HIGH,0.9466031468966709,0.9,6
NIFTY50,2016-04-22,BULL,0.9999998407559616,9.28018506462853e-13,1.5924311039471137e-07,0.946603006816258,3.6413440352506184e-09,0.05339698954239805,0.9999998407559616,91.99045102243868,0.9999997611339424,BULL,0.946603006816258,93.26221991948141,HIGH,0.9466031417068773,0.9,7
NIFTY50,2016-04-25,BULL,0.9999880308933412,1.93240757352908e-11,1.1969087334763541e-05,0.9465926066394641,2.516086465024166e-07,0.05340714175188948,0.9999880308933412,91.98889099591962,0.9999820463400116,BULL,0.9465926066394641,93.26219217028076,HIGH,0.9466027452897251,0.9,8
NIFTY50,2016-04-26,BULL,0.9999999927326125,1.964704345639181e-09,5.3026831199695945e-09,0.9466031405756457,2.2713160904852144e-09,0.05339685715303831,0.9999999927326125,91.99047108634684,0.9999999890989186,BULL,0.9466031405756457,93.26222028140454,HIGH,0.9466031468772078,0.9,9
NIFTY50,2016-04-27,BULL,0.9999999934843309,6.015017222169024e-12,6.509654099892534e-09,0.9466031413139775,4.395002234691939e-10,0.05339685824652228,0.9999999934843309,91.99047119709662,0.9999999902264963,BULL,0.9466031413139775,96.26222027835473,HIGH,0.9466031468336392,1.0,10
NIFTY50,2016-04-28,BULL,0.9998810860776477,6.028127555020747e-11,0.00011891386207098562,0.9464984273108535,2.4969727720054162e-06,0.053499075716374474,0.9998810860776477,91.97476409662801,0.9998216291164715,BULL,0.9464984273108535,96.26194088566467,HIGH,0.9465991555094954,1.0,11
NIFTY50,2016-04-29,BULL,0.9999900149088329,7.819820241007013e-09,9.97727134687236e-06,0.9465943535285267,2.1718624271077724e-07,0.0534054292852306,0.9999900149088329,91.989153029279,0.9999850223632492,BULL,0.9465943535285267,96.26219685123694,HIGH,0.9466028121605279,1.0,12
NIFTY50,2016-05-02,BULL,0.9998904804202136,1.2696960168065782e-09,0.00010951831009039695,0.9465067002487574,2.30085814554039e-06,0.05349099889309713,0.9998904804202136,91.97600503731358,0.9998357206303203,BULL,0.9465067002487574,96.26196296221627,HIGH,0.9465994708888039,1.0,13
NIFTY50,2016-05-03,BULL,0.9945414781073352,8.446363567729024e-08,0.005458437429029048,0.9417961793924032,0.00011468128405145572,0.05808913932354532,0.9945414781073352,91.26942690886048,0.9918122171610028,BULL,0.9417961793924032,96.24939479193402,HIGH,0.9464199255990575,1.0,14
NIFTY50,2016-05-04,BULL,0.7412119787009747,2.084175232435711e-05,0.258767179546701,0.7187045958012356,0.005452626384535272,0.2758427778142293,0.7412119787009747,57.805689370185334,0.6118179680514619,BULL,0.7187045958012356,95.65420583638682,HIGH,0.9379172262340976,1.0,15
NIFTY50,2016-05-05,BULL,0.652213301699207,0.00034240643909659547,0.3474442918616963,0.6403167297335727,0.0076193144187244825,0.35206395584770284,0.652213301699207,46.047509460035904,0.47831995254881066,BULL,0.6403167297335727,95.44587924961473,HIGH,0.9349411321373535,1.0,16
NIFTY50,2016-05-06,BEAR,0.04406218680360529,0.00022865908455199386,0.9557091541118428,0.10476212414375219,0.020282096493794775,0.874955779362453,0.9557091541118428,81.24336690436795,0.9335637311677641,BEAR,0.874955779362453,67.01664688554855,MODERATE,0.914523526936408,0.1,1
NIFTY50,2016-05-09,BULL,0.5697131050401043,0.014605916740098016,0.4156809782197977,0.5671082454987827,0.022576086750683767,0.41031566775053346,0.5697131050401043,35.0662368248174,0.35456965756015646,BULL,0.5671082454987827,92.28710302528268,HIGH,0.9326729003611811,0.9,1
NIFTY50,2016-05-10,BULL,0.9749708907967193,0.00039707237983216615,0.02463203682344862,0.9245461658943455,0.0008936437354151936,0.07456019037023943,0.9749708907967193,88.68192488415183,0.9624563361950788,BULL,0.9245461658943455,93.20438655860993,HIGH,0.9457769508372846,0.9,2
NIFTY50,2016-05-11,BULL,0.9264651081789674,5.406646507108559e-05,0.07348082535596154,0.8818436545502956,0.0015940076059827123,0.11656233784372179,0.9264651081789674,82.27654818254432,0.8896976622684512,BULL,0.8818436545502956,93.08957071749512,HIGH,0.9441367245356446,0.9,3
NIFTY50,2016-05-12,BULL,0.9941641198960728,1.7795795703594487e-05,0.0058180843082236144,0.9414631742941937,0.0001390253636814026,0.05839780034212498,0.9941641198960728,91.21947614412905,0.991246179844109,BULL,0.9414631742941937,93.24855167519122,HIGH,0.9464078810741604,0.9,4
NIFTY50,2016-05-13,BULL,0.5756729942854041,3.129540820475194e-05,0.42429571030639124,0.5729247969400814,0.00893784021840484,0.4181373628415139,0.5756729942854041,35.938719541012205,0.3635094914281061,BULL,0.5729247969400814,92.26527003205256,HIGH,0.9323610004578937,0.9,5
NIFTY50,2016-05-16,BEAR,0.439061557587522,0.0004158716847032236,0.5605225707277747,0.45260502151557386,0.012162589241633895,0.5352323892427923,0.5605225707277747,30.28485838641884,0.340783856091662,BEAR,0.5352323892427923,70.94522424526635,MODERATE,0.9277889177895193,0.2,1
NIFTY50,2016-05-17,BULL,0.6147508011183119,0.00043756723343417307,0.3848116316482539,0.6073222387842396,0.008494076546353974,0.3841836846694065,0.6147508011183119,41.09833581763594,0.4221262016774679,BULL,0.6073222387842396,89.35808882961517,HIGH,0.9336869832802168,0.8,1
NIFTY50,2016-05-18,BULL,0.7998709577451033,0.0001617424650423008,0.19996729978985436,0.7703562426328237,0.004351708873080874,0.2252920484940955,0.7998709577451033,65.55343639492355,0.699806436617655,BULL,0.7703562426328237,89.7923813637145,HIGH,0.9398911623387786,0.8,2
NIFTY50,2016-05-19,BEAR,0.029226636321749457,0.00021314167583467647,0.9705602220024159,0.09169802683613765,0.02057918437580197,0.8877227887880603,0.9705602220024159,83.15841831820904,0.9558403330036238,BEAR,0.8877227887880603,72.98175012550064,MODERATE,0.9140250017928663,0.3,1
NIFTY50,2016-05-20,BEAR,0.0006714373988954009,0.00013485757789194057,0.9991937050232127,0.06655437600256646,0.021106123565583015,0.9123395004318504,0.9991937050232127,86.85092506477756,0.998790557534819,BEAR,0.9123395004318504,72.91446242503284,MODERATE,0.9130637489290406,0.3,2
NIFTY50,2016-05-23,BEAR,0.0006564894846359215,0.0001569261818939743,0.9991865843334701,0.06654035219537462,0.021126898695737095,0.9123327491088883,0.9991865843334701,86.84991236633323,0.9987798765002049,BEAR,0.9123327491088883,75.91448156570837,HIGH,0.9130640223672625,0.4,3
NIFTY50,2016-05-24,BEAR,0.005178060655306174,0.00022889959514493937,0.9945930397495489,0.07051939988489085,0.021098698895318978,0.9083819012197901,0.9945930397495489,86.2572851829685,0.9918895596243232,BEAR,0.9083819012197901,78.92528272434284,HIGH,0.9132183246334692,0.5,4
NIFTY50,2016-05-25,BULL,0.9368229756268832,0.043527478640159545,0.019649545732957203,0.8892707182407867,0.0416836841095129,0.06904559764970038,0.9368229756268832,83.390607736118,0.9052344634403247,BULL,0.8892707182407867,81.22080268262089,HIGH,0.9460114668945842,0.5,1
NIFTY50,2016-05-26,BULL,0.9990607902159435,0.0009389653645702042,2.444194863181017e-07,0.9457394487841637,0.0008902974999389937,0.053370253715897355,0.9990607902159435,91.86091731762455,0.9985911853239151,BULL,0.9457394487841637,81.26232223451213,HIGH,0.9466046033501733,0.5,2
NIFTY50,2016-05-27,BULL,0.9999881731766036,1.1821089401075805e-05,5.733995310502832e-09,0.9465922711969005,1.1208735266331794e-05,0.05339652006783318,0.9999881731766036,91.98884067953506,0.9999822597649054,BULL,0.9465922711969005,81.26222157078965,HIGH,0.946603165296995,0.5,3
NIFTY50,2016-05-30,BULL,0.999999945734185,5.162201798390697e-08,2.6437969984824877e-09,0.9466030972517337,4.929871204673553e-08,0.053396853449554256,0.999999945734185,91.99046458776004,0.9999999186012776,BULL,0.9466030972517337,84.26222029307355,HIGH,0.946603147043908,0.6,4
NIFTY50,2016-05-31,BULL,0.9969950214873409,9.102139147722845e-08,0.003004887491267675,0.943956854835115,6.317476791569523e-05,0.055979970396969295,0.9969950214873409,91.59352822526724,0.9954925322310113,BULL,0.943956854835115,84.25515981825859,HIGH,0.94650228311798,0.6,5
NIFTY50,2016-06-01,BULL,0.9999999110623161,8.174077415093487e-08,7.196909746993151e-09,0.9466030655445601,7.795179101685031e-08,0.053396856503649,0.9999999110623161,91.990459831684,0.9999998665934742,BULL,0.9466030655445601,84.26222028566362,HIGH,0.9466031469380516,0.6,6
NIFTY50,2016-06-02,BULL,0.9999999997624793,8.392284068652034e-11,1.5359781330406287e-10,0.946603146839697,3.79922951700799e-10,0.053396852780380054,0.9999999997624793,91.99047202595455,0.999999999643719,BULL,0.946603146839697,87.26222029329784,HIGH,0.9466031470471121,0.7,7
NIFTY50,2016-06-03,BULL,0.9999999257830182,4.295545689986889e-12,7.42126863235896e-08,0.946603081693912,1.8593075463815308e-09,0.053396916446780344,0.9999999257830182,91.9904622540868,0.9999998886745272,BULL,0.946603081693912,90.26222011927496,HIGH,0.9466031445610709,0.8,8
NIFTY50,2016-06-06,BULL,0.9999999855946432,1.3933404619527845e-12,1.440396344579806e-08,0.9466031343662241,6.00860603573209e-10,0.05339686503291533,0.9999999855946432,91.9904701549336,0.9999999783919646,BULL,0.9466031343662241,93.26222025980522,HIGH,0.946603146568646,0.9,9
NIFTY50,2016-06-07,BULL,0.9999999997890818,6.864380998539132e-13,2.1023168604684157e-10,0.9466031468663684,3.021903260533543e-10,0.05339685283144131,0.9999999997890818,91.99047202995524,0.9999999996836227,BULL,0.9466031468663684,96.26222029315565,HIGH,0.946603147045081,1.0,10
NIFTY50,2016-06-08,BULL,0.9999999999861673,2.002059407609023e-13,1.3632565789976027e-11,0.9466031470399476,2.976016639571811e-10,0.05339685266245081,0.9999999999861673,91.99047205599214,0.9999999999792509,BULL,0.9466031470399476,96.26222029361759,HIGH,0.94660314705168,1.0,11
NIFTY50,2016-06-09,BULL,0.9999999925876184,3.8033308504777513e-13,7.412001247235205e-09,0.946603140524521,4.5310257029247834e-10,0.053396859022376515,0.9999999925876184,91.99047107867815,0.9999999888814276,BULL,0.946603140524521,96.26222027623388,HIGH,0.9466031468033411,1.0,12
NIFTY50,2016-06-10,BULL,0.9999999335382249,2.96606159710963e-13,6.646147851751503e-08,0.946603088523573,1.6927778614625308e-09,0.05339690978364919,0.9999999335382249,91.99046327853596,0.9999999003073372,BULL,0.946603088523573,96.26222013748726,HIGH,0.9466031448212467,1.0,13
NIFTY50,2016-06-13,BULL,0.9999811417824862,4.6143933402675605e-12,1.8858212899331226e-05,0.9465865398492366,3.962331625345756e-07,0.05341306391760088,0.9999811417824862,91.98798097738549,0.9999717126737293,BULL,0.9465865398492366,96.26217598312736,HIGH,0.9466025140446768,1.0,14
NIFTY50,2016-06-14,BULL,0.99967230578023,1.1271026654845055e-09,0.00032769309266723667,0.9463145680725729,6.881342786872283e-06,0.05367855058464026,0.99967230578023,91.94718521088593,0.9995084586703452,BULL,0.9463145680725729,96.26145032408833,HIGH,0.9465921474869763,1.0,15
NIFTY50,2016-06-15,BULL,0.9999882841346108,2.0946132301804344e-08,1.169491925690233e-05,0.9465928288368897,2.656944591054233e-07,0.05340690546865111,0.9999882841346108,91.98892432553345,0.9999824262019162,BULL,0.9465928288368897,96.26219281676927,HIGH,0.9466027545252752,1.0,16
NIFTY50,2016-06-16,BULL,0.9772946463170313,9.601727891487871e-09,0.022705344081240687,0.9266080219435651,0.00047671229232948317,0.0729152657641054,0.9772946463170313,88.99120329153476,0.965941969475547,BULL,0.9266080219435651,96.2088702943299,HIGH,0.945841004204713,1.0,17
NIFTY50,2016-06-17,BULL,0.9913784621623735,5.521035736226016e-06,0.008616016801890333,0.9390105055618029,0.00018613000165496315,0.06080336443654219,0.9913784621623735,90.85157583427042,0.98706769324356,BULL,0.9390105055618029,96.24197612507098,HIGH,0.9463139446438711,1.0,18
NIFTY50,2016-06-20,BULL,0.9998525438803711,6.506605033323981e-07,0.00014680545912545257,0.9464732667004724,3.6994369592803184e-06,0.053523033862568355,0.9998525438803711,91.97099000507085,0.9997788158205567,BULL,0.9464732667004724,96.26187542072806,HIGH,0.9465982202961152,1.0,19
NIFTY50,2016-06-21,BULL,0.9962406334786864,3.3165390085693593e-08,0.0037593333559234918,0.9432925167525282,7.895964123090284e-05,0.05662852360624094,0.9962406334786864,91.49387751287922,0.9943609502180296,BULL,0.9432925167525282,96.25338711530225,HIGH,0.9464769587900322,1.0,20
NIFTY50,2016-06-22,BULL,0.9692208957620424,1.6395006894933046e-06,0.030777464737268022,0.9194979326628776,0.0006477333655403101,0.07985433397158215,0.9692208957620424,87.92468989943164,0.9538313436430638,BULL,0.9194979326628776,96.18990367581041,HIGH,0.9455700525115776,1.0,21
NIFTY50,2016-06-23,BULL,0.999493715913002,3.229450885747115e-06,0.0005030546361123032,0.9461571697912287,1.3624067431400131e-05,0.05382920614134002,0.999493715913002,91.92357546868428,0.9992405738695029,BULL,0.9461571697912287,96.26103863530079,HIGH,0.9465862662185829,1.0,22
NIFTY50,2016-06-24,BEAR,0.0019471413350262202,9.868012817115925e-06,0.9980429906521566,0.06768267692774481,0.020963453643315887,0.9113538694289394,0.9980429906521566,86.7030804143409,0.9970644859782349,BEAR,0.9113538694289394,66.9171525745335,MODERATE,0.9131021796361929,0.1,1
NIFTY50,2016-06-27,BEAR,0.00033842785294516163,0.00014282728026717952,0.9995187448667877,0.0662608055757896,0.021120504412788645,0.9126186900114217,0.9995187448667877,86.89280350171326,0.9992781173001816,BEAR,0.9126186900114217,69.91369955972367,MODERATE,0.9130528508531952,0.2,2
NIFTY50,2016-06-28,BEAR,0.0022427204346146565,0.00023938946222039104,0.997517890103165,0.06793402826255963,0.021170052770732056,0.9108959189667083,0.997517890103165,86.63438784500624,0.9962768351547474,BEAR,0.9108959189667083,72.9184114449165,MODERATE,0.9131201634988072,0.3,3
NIFTY50,2016-06-29,BEAR,0.18870559344759824,0.0013741053661716007,0.8099203011862303,0.2320954971693395,0.018307302213672685,0.7495972006169879,0.8099203011862303,62.43958009254818,0.7148804517793453,BEAR,0.7495972006169879,76.3593272178118,HIGH,0.9194189602544544,0.4,4
NIFTY50,2016-06-30,BULL,0.9696306988083377,0.0007161067240323973,0.0296531944676299,0.9198309721649435,0.0013015603786055657,0.07886746745645086,0.9696306988083377,87.97464582474154,0.9544460482125064,BULL,0.9198309721649435,84.19262334140971,HIGH,0.9456089048772817,0.6,1
NIFTY50,2016-07-01,BULL,0.9999919949117363,1.2639622853789524e-06,6.741125978321669e-06,0.9465960482281518,1.3402703863312859e-06,0.0534026115014619,0.9999919949117363,91.98940723422275,0.9999879923676043,BULL,0.9465960482281518,84.26220459224551,HIGH,0.9466029227463646,0.6,2
NIFTY50,2016-07-04,BULL,0.9999993434917073,1.018797684907326e-09,6.554894950804401e-07,0.946602568868375,1.5025234704981825e-08,0.05339741610639036,0.9999993434917073,91.99038533025626,0.9999990152375607,BULL,0.946602568868375,84.2622187535787,HIGH,0.9466031250511242,0.6,3
NIFTY50,2016-07-05,BULL,0.9999465200057915,3.515520234940877e-11,5.347995905321642e-05,0.9465560507064454,1.1231520731053e-06,0.0534428261414814,0.9999465200057915,91.98340760596682,0.9999197800086873,BULL,0.9465560507064454,84.26209463355221,HIGH,0.9466013519078887,0.6,4
NIFTY50,2016-07-07,BULL,0.9999922780805177,1.0490458637641048e-09,7.720870436428424e-06,0.9465963468201842,1.6339289228929194e-07,0.05340348978692349,0.9999922780805177,91.98945202302762,0.9999884171207766,BULL,0.9465963468201842,84.26220215228875,HIGH,0.9466028878898393,0.6,5
NIFTY50,2016-07-08,BULL,0.9999418050993389,2.586430549551694e-10,5.819464201795821e-05,0.9465518985870058,1.2223496153268277e-06,0.05344687906337881,0.9999418050993389,91.98278478805088,0.9999127076490084,BULL,0.9465518985870058,84.26208355564108,HIGH,0.9466011936520156,0.6,6
NIFTY50,2016-07-11,BULL,0.9999999300287261,1.0053606829388785e-08,5.991766715507882e-08,0.9466030850411449,1.1087564553975429e-08,0.05339690387129068,0.9999999300287261,91.99046275617174,0.9999998950430892,BULL,0.9466030850411449,87.26222015396068,HIGH,0.9466031450565813,0.7,7
NIFTY50,2016-07-12,BULL,0.9999999971818878,1.2447682419552585e-11,2.805664582251199e-09,0.9466031445699241,3.6783349379049735e-10,0.05339685506224247,0.9999999971818878,91.99047168548861,0.9999999957728317,BULL,0.9466031445699241,90.26222028705858,HIGH,0.9466031469579799,0.8,8
NIFTY50,2016-07-13,BULL,0.999999993090938,3.067421711301198e-13,6.908755280616285e-09,0.9466031409677645,4.4246705213586716e-10,0.05339685858976845,0.999999993090938,91.99047114516466,0.999999989636407,BULL,0.9466031409677645,93.26222027741636,HIGH,0.9466031468202337,0.9,9
NIFTY50,2016-07-14,BULL,0.9999999981955694,4.221442785332237e-13,1.8040083957001729e-09,0.9466031454630761,3.354013687590984e-10,0.053396854201522466,0.9999999981955694,91.99047181946142,0.9999999972933541,BULL,0.9466031454630761,96.26222028941083,HIGH,0.9466031469915832,1.0,10
NIFTY50,2016-07-15,BULL,0.9999999999329725,2.726471222712108e-13,6.675480408636113e-11,0.9466031469930997,2.987856611952111e-10,0.05339685270811472,0.9999999999329725,91.99047204896493,0.9999999998994588,BULL,0.9466031469930997,96.26222029349276,HIGH,0.9466031470498968,1.0,11
NIFTY50,2016-07-18,BULL,0.9999999979835372,1.498738584704532e-13,2.016312956720082e-09,0.9466031452763638,3.3960058552068317e-10,0.05339685438403566,0.9999999979835372,91.99047179145455,0.9999999969753058,BULL,0.9466031452763638,96.26222028891196,HIGH,0.9466031469844566,1.0,12
NIFTY50,2016-07-19,BULL,0.9999999988148922,1.1830479853764253e-13,1.1849894047924877e-09,0.9466031460084853,3.221168614463046e-10,0.0533968536693979,0.9999999988148922,91.99047190127277,0.9999999982223383,BULL,0.9466031460084853,96.26222029086529,HIGH,0.9466031470123611,1.0,13
NIFTY50,2016-07-20,BULL,0.9999999993142248,1.2084715720146143e-13,6.856544084037469e-10,0.9466031464482147,3.116356415720907e-10,0.05339685324014968,0.9999999993142248,91.99047196723221,0.9999999989713372,BULL,0.9466031464482147,96.26222029203855,HIGH,0.9466031470291223,1.0,14
NIFTY50,2016-07-21,BULL,0.9999987041813274,3.472751861193586e-13,1.2958183253554898e-06,0.9466020059090982,2.7503399886448212e-08,0.053397966587502003,0.9999987041813274,91.99030088636471,0.9999980562719911,BULL,0.9466020059090982,96.26221724890792,HIGH,0.9466031035558274,1.0,15
NIFTY50,2016-07-22,BULL,0.9999996215806483,1.49198187712033e-11,3.7840443198553494e-07,0.946602813802303,8.255942952191051e-09,0.05339717794175406,0.9999996215806483,91.99042207034546,0.9999994323709722,BULL,0.946602813802303,96.26221940452677,HIGH,0.9466031343503825,1.0,16
NIFTY50,2016-07-25,BULL,0.9999999957335621,7.828990351871875e-12,4.258608971973785e-09,0.946603143294658,3.939590573082346e-10,0.0533968563113829,0.9999999957335621,91.9904714941987,0.9999999936003432,BULL,0.946603143294658,96.26222028364413,HIGH,0.9466031469092019,1.0,17
NIFTY50,2016-07-26,BULL,0.9999997826794285,2.8480860825104535e-13,2.1732028678420803e-07,0.9466029556720665,4.860075208940054e-09,0.053397039467858336,0.9999997826794285,91.99044335080998,0.9999996740191427,BULL,0.9466029556720665,96.26221978301928,HIGH,0.9466031397574183,1.0,18
NIFTY50,2016-07-27,BULL,0.9999999198203903,2.1841014106700713e-12,8.017742562516959e-08,0.9466030764430968,1.982536356307502e-09,0.053396921574366873,0.9999999198203903,91.99046146646452,0.9999998797305852,BULL,0.9466030764430968,96.26222010525957,HIGH,0.9466031443608512,1.0,19
NIFTY50,2016-07-28,BULL,0.9999999850938932,1.4954929649326863e-12,1.4904611342571105e-08,0.9466031339252422,6.114686558112451e-10,0.053396865463289186,0.9999999850938932,91.99047008878631,0.9999999776408398,BULL,0.9466031339252422,96.26222025862887,HIGH,0.9466031465518411,1.0,20
NIFTY50,2016-07-29,BULL,0.9999985833832201,5.340456743110544e-13,1.416616245800633e-06,0.9466018995300731,3.003975161863726e-08,0.05339807043017525,0.9999985833832201,91.99028492951096,0.9999978750748302,BULL,0.9466018995300731,96.26221696507302,HIGH,0.9466030995010432,1.0,21
NIFTY50,2016-08-01,BULL,0.9999913940217217,3.618861756742457e-11,8.605942089642957e-06,0.9465955683267154,1.8101478145646818e-07,0.053404250658503065,0.9999913940217217,91.9893352490073,0.9999870910325827,BULL,0.9465955683267154,96.26220007255439,HIGH,0.9466028581793486,1.0,22
NIFTY50,2016-08-02,BULL,0.9999611999771367,2.9921601204003696e-10,3.8799723647257716e-05,0.9465689783898701,8.151881929104883e-07,0.053430206421937035,0.9999611999771367,91.98534675848052,0.9999417999657051,BULL,0.9465689783898701,96.26212912724745,HIGH,0.9466018446749636,1.0,23
NIFTY50,2016-08-03,BULL,0.9441297358759487,5.200574696874421e-08,0.05587021211830436,0.8974018458206111,0.0011730550261008674,0.10142509915328811,0.9441297358759487,84.61027687309165,0.9161946038139229,BULL,0.8974018458206111,96.13094389909294,HIGH,0.9447277699870421,1.0,24
NIFTY50,2016-08-04,BULL,0.9700994867016555,1.8519120199160534e-05,0.02988199417814548,0.920270992518535,0.0006449374238680962,0.0790840700575969,0.9700994867016555,88.04064887778023,0.9551492300524832,BULL,0.920270992518535,96.19200957643503,HIGH,0.9456001368062147,1.0,25
NIFTY50,2016-08-05,BULL,0.9999866249451543,2.6593086494865857e-06,1.0715746196167393e-05,0.9465912648631657,2.7467338496484657e-06,0.053405988402984696,0.9999866249451543,91.98868972947484,0.9999799374177315,BULL,0.9465912648631657,96.26219540555338,HIGH,0.9466027915079057,1.0,26
NIFTY50,2016-08-08,BULL,0.999997839345461,2.1046474527152123e-09,2.1585498914576337e-06,0.9466012442225149,4.761182765029805e-08,0.05339870816565744,0.999997839345461,91.99018663337723,0.9999967590181914,BULL,0.9466012442225149,96.2622152220057,HIGH,0.9466030746000812,1.0,27
NIFTY50,2016-08-09,BULL,0.9998968054393119,1.3168689255251302e-10,0.00010319442900125308,0.946512270325079,2.1670080764911553e-06,0.053485562666844594,0.9998968054393119,91.97684054876186,0.9998452081589677,BULL,0.946512270325079,96.26197782110748,HIGH,0.9465996831586785,1.0,28
NIFTY50,2016-08-10,BULL,0.9571851968438457,1.6038283089128182e-07,0.04281464277332342,0.9088989349323499,0.0008990536963032991,0.09020201137134695,0.9571851968438457,86.33484023985247,0.9357777952657684,BULL,0.9088989349323499,96.16162015290912,HIGH,0.945166002184416,1.0,29
NIFTY50,2016-08-11,BULL,0.9829584119231156,1.048469055527173e-05,0.01703110338632914,0.9315953227882303,0.0003675126512939906,0.0680371645604758,0.9829584119231156,89.73929841823455,0.9744376178846734,BULL,0.9315953227882303,96.22220401476295,HIGH,0.946031485925185,1.0,30
NIFTY50,2016-08-16,BULL,0.9908806086275506,5.141269051435789e-06,0.009114250103397909,0.9385720932126981,0.0001962304211515705,0.06123167636615031,0.9908806086275506,90.7858139819047,0.9863209129413258,BULL,0.9385720932126981,96.24080540120336,HIGH,0.946297220017191,1.0,31
NIFTY50,2016-08-17,BULL,0.9913300187749838,2.0049172371100523e-06,0.008667976307779013,0.938967981674213,0.00018388704815611764,0.06084813127763087,0.9913300187749838,90.84519725113194,0.9869950281624758,BULL,0.938967981674213,96.24185365364275,HIGH,0.9463121950520395,1.0,32
NIFTY50,2016-08-18,BULL,0.9991610524609088,7.515280234610855e-07,0.0008381960110677006,0.9458643113570393,1.8310948087497584e-05,0.054117377694873174,0.9991610524609088,91.87964670355589,0.998741578691363,BULL,0.9458643113570393,96.26025089409573,HIGH,0.9465750127727963,1.0,33
NIFTY50,2016-08-19,BULL,0.9949204054747992,1.7083286085094367e-07,0.005079423692339888,0.942129872654757,0.00010680571276044721,0.05776332163248256,0.9949204054747992,91.31948089821353,0.9923806082121986,BULL,0.942129872654757,96.25028535747771,HIGH,0.9464326479639672,1.0,34
NIFTY50,2016-08-22,BULL,0.956818494711045,2.886796355743112e-06,0.04317861849259928,0.9085758980051482,0.0009092805177360545,0.09051482147711579,0.956818494711045,86.28638470077222,0.9352277420665674,BULL,0.9085758980051482,96.16076522879683,HIGH,0.9451537889828122,1.0,35
NIFTY50,2016-08-23,BULL,0.9545648214876482,1.7514228184514153e-05,0.04541766428416734,0.9065906647995239,0.0009701588849117375,0.09243917631556427,0.9545648214876482,85.98859971992859,0.9318472322314721,BULL,0.9065906647995239,96.15550581353327,HIGH,0.9450786544790468,1.0,36
NIFTY50,2016-08-24,BULL,0.9860457034203782,1.0425091039767399e-05,0.013943871488581946,0.9343141014597646,0.00030263913754146997,0.06538325940269395,0.9860457034203782,90.14711521896467,0.9790685551305673,BULL,0.9343141014597646,96.22945797552865,HIGH,0.9461351139361236,1.0,37
NIFTY50,2016-08-25,BULL,0.88428703312136,1.8285724176544132e-05,0.11569468115446344,0.8447015682098005,0.0024463693335827264,0.1528520624566169,0.88428703312136,76.70523523147007,0.8264305496820399,BULL,0.8447015682098005,95.99037830214286,HIGH,0.9427196900306123,1.0,38
NIFTY50,2016-08-26,BULL,0.5694657637386784,0.00011732913947849725,0.43041690712184316,0.5674551403913953,0.009147929863124493,0.4233969297454801,0.5694657637386784,35.1182710587093,0.3541986456080176,BULL,0.5674551403913953,95.25089665024318,HIGH,0.9321556664320454,1.0,39
NIFTY50,2016-08-29,BEAR,0.12307386916990742,0.0002808958159634147,0.8766452350141292,0.17434052571406375,0.01867166384217288,0.8069878104437634,0.8766452350141292,71.0481715665645,0.8149678525211937,BEAR,0.8069878104437634,67.20242647954086,MODERATE,0.9171775211362981,0.1,1
NIFTY50,2016-08-30,BULL,0.9613558522711874,0.0017553151855590134,0.03688883254325359,0.9125033497385207,0.0024388127871168715,0.0850578374743625,0.9613558522711874,86.8755024607781,0.942033778406781,BULL,0.9125033497385207,93.1757354601467,HIGH,0.9453676494306672,0.9,1
NIFTY50,2016-08-31,BULL,0.9543650071713524,0.00016381565286276476,0.04547117717578491,0.9064089990624339,0.0011099999729637577,0.09248100096460232,0.9543650071713524,85.96134985936507,0.9315475107570285,BULL,0.9064089990624339,93.1553960490741,HIGH,0.9450770864153444,0.9,2
NIFTY50,2016-09-01,BULL,0.9999889308721469,1.1682255821402078e-06,9.900902270962114e-06,0.9465933536597099,1.3158364881140434e-06,0.053405330503802126,0.9999889308721469,91.98900304895646,0.9999833963082202,BULL,0.9465933536597099,93.26219715737062,HIGH,0.946602816533866,0.9,3
NIFTY50,2016-09-02,BULL,0.9999993934871741,6.736927732800613e-10,6.058391329915422e-07,0.9466026129095743,1.3655600530955691e-08,0.053397373434825215,0.9999993934871741,91.99039193643613,0.9999990902307614,BULL,0.9466026129095743,93.26221887020286,HIGH,0.9466031267171838,0.9,4
NIFTY50,2016-09-06,BULL,0.9999999980821023,2.971784257880588e-11,1.888179832526119e-09,0.9466031453620112,3.649456562552757e-10,0.05339685427304313,0.9999999980821023,91.99047180430168,0.9999999971231532,BULL,0.9466031453620112,93.26222028921623,HIGH,0.9466031469888033,0.9,5
NIFTY50,2016-09-07,BULL,0.9999999171320907,5.203508826450423e-13,8.286738904869289e-08,0.9466030740757513,2.037435128614006e-09,0.053396923886813503,0.9999999171320907,91.9904611113627,0.9999998756981359,BULL,0.9466030740757513,93.26222009893888,HIGH,0.9466031442705556,0.9,6
NIFTY50,2016-09-08,BULL,0.9999999946419018,9.843932357715177e-13,5.357113684412102e-09,0.9466031423335709,4.1053257389635306e-10,0.0533968572558965,0.9999999946419018,91.99047135003562,0.9999999919628527,BULL,0.9466031423335709,93.26222028106227,HIGH,0.9466031468723182,0.9,7
NIFTY50,2016-09-09,BULL,0.9999873529416032,1.0764290650324453e-12,1.264705732033247e-05,0.9465920096122782,2.658254497863072e-07,0.05340772456227212,0.9999873529416032,91.98880144184173,0.9999810294124049,BULL,0.9465920096122782,93.262190577275,HIGH,0.9466027225325001,0.9,8
NIFTY50,2016-09-12,BULL,0.823754222050655,9.693616982755988e-08,0.17624568101317517,0.7913949768122854,0.003700402822512475,0.20490462036520213,0.823754222050655,68.70924652184281,0.7356313330759824,BULL,0.7913949768122854,92.84810162304183,HIGH,0.9406871660434548,0.9,9
NIFTY50,2016-09-14,BULL,0.9175205793296649,5.232857134110391e-05,0.08242709209899397,0.8739668588596454,0.0017801883217898272,0.12425295281856474,0.9175205793296649,81.09502882894681,0.8762808689944972,BULL,0.8739668588596454,96.06854977896776,HIGH,0.9438364254138255,1.0,10
NIFTY50,2016-09-15,BULL,0.9526544991910797,2.2143604312452467e-05,0.047323357204607806,0.9049081880584272,0.001014558662074116,0.09407725327949863,0.9526544991910797,85.73622820876406,0.9289817487866195,BULL,0.9049081880584272,96.151028574973,HIGH,0.9450146939281858,1.0,11
NIFTY50,2016-09-16,BULL,0.9960014210942875,6.546919266873163e-06,0.003992031986445649,0.9430816041184688,9.002129134892136e-05,0.05682837459018235,0.9960014210942875,91.46224061777029,0.994002131641431,BULL,0.9430816041184688,96.25284106214613,HIGH,0.9464691580306592,1.0,12
NIFTY50,2016-09-19,BULL,0.999635100402319,2.2030571996964952e-07,0.0003646792919610676,0.946281795179034,7.865691891307034e-06,0.05371033912907477,0.999635100402319,91.94226927685509,0.9994526506034784,BULL,0.946281795179034,96.26136344276173,HIGH,0.9465909063251675,1.0,13
NIFTY50,2016-09-20,BULL,0.9937660599479375,6.694218696120344e-08,0.006233873109875453,0.9411133198550041,0.00013094508615725962,0.058755735058838604,0.9937660599479375,91.16699797825062,0.9906490899219061,BULL,0.9411133198550041,96.24757277430041,HIGH,0.9463938967757201,1.0,14
NIFTY50,2016-09-21,BULL,0.9587940116283141,2.1272943134901457e-06,0.041203861077372325,0.9103156365648296,0.0008670999895757248,0.08881726344559461,0.9587940116283141,86.54734548472443,0.9381910174424714,BULL,0.9103156365648296,96.16540516843797,HIGH,0.9452200738348281,1.0,15
NIFTY50,2016-09-22,BULL,0.9989011245389592,5.1526669038289155e-06,0.0010937227941370776,0.945635238241609,2.7848776438295445e-05,0.05433691298195263,0.9989011245389592,91.84528573624137,0.9983516868084388,BULL,0.945635238241609,96.25965097172737,HIGH,0.9465664424532484,1.0,16
NIFTY50,2016-09-23,BULL,0.9913737270870193,2.838547253296324e-07,0.008625989058255353,0.9390065398158339,0.00018137367057288284,0.06081208651359327,0.9913737270870193,90.85098097237507,0.987060590630529,BULL,0.9390065398158339,96.24195212179869,HIGH,0.9463136017399815,1.0,17
NIFTY50,2016-09-26,BEAR,0.06792514301856256,3.0171366572293248e-05,0.9320446856148651,0.12578441028582707,0.01959705792907042,0.8546185317851026,0.9320446856148651,78.19277976776537,0.8980670284222978,BEAR,0.8546185317851026,67.07222883835482,MODERATE,0.9153175548336403,0.1,1
NIFTY50,2016-09-27,BEAR,9.891696602856796e-05,0.00012474560567772653,0.9997763374282936,0.06605058871003525,0.02110876824416188,0.9128406430458029,0.9997763374282936,86.92609645687044,0.9996645061424403,BEAR,0.9128406430458029,69.91309232881574,MODERATE,0.9130441761259391,0.2,2
NIFTY50,2016-09-28,BEAR,0.0005427840018162278,0.00016938090025964386,0.9992878350979242,0.06643973375012394,0.021140833575427315,0.9124194326744488,0.9992878350979242,86.86291490116731,0.9989317526468863,BEAR,0.9124194326744488,72.91424501990849,MODERATE,0.91306064314155,0.3,3
NIFTY50,2016-09-29,BEAR,6.372231031728236e-10,0.00014207893741564223,0.9998579204253611,0.06596280395802082,0.02112691591537786,0.9129102801266014,0.9998579204253611,86.93654201899021,0.9997868806380419,BEAR,0.9129102801266014,75.91290252836359,HIGH,0.9130414646909085,0.4,4
NIFTY50,2016-09-30,BEAR,4.831513872078169e-06,0.00018754158778321053,0.9998076268983447,0.06596528622799898,0.021168965989393995,0.9128657477826071,0.9998076268983447,86.92986216739105,0.999711440347517,BEAR,0.9128657477826071,78.91302566497048,HIGH,0.9130432237852927,0.5,5
NIFTY50,2016-10-03,BEAR,0.006414052426216278,0.0010525157229984222,0.9925334318507852,0.07157575570829443,0.02183637925796481,0.9065878650337409,0.9925334318507852,85.98817975506114,0.9888001477761779,BEAR,0.9065878650337409,81.93021203876538,HIGH,0.9132887434109342,0.6,6
NIFTY50,2016-10-04,BEAR,0.04672747546323774,0.0005889429412562687,0.9526835815955061,0.10709522755583742,0.02056018180667148,0.872344590637491,0.9526835815955061,80.85168859562364,0.9290253723932592,BEAR,0.872344590637491,85.02379530918061,HIGH,0.9146256472740089,0.7,7
NIFTY50,2016-10-05,BEAR,0.012120145217157527,0.0002283635984789753,0.9876514911843635,0.07663286206700823,0.020952451589411822,0.9024146863435799,0.9876514911843635,85.36220295153697,0.9814772367765452,BEAR,0.9024146863435799,87.94159299422805,HIGH,0.9134513284889721,0.8,8
NIFTY50,2016-10-06,BEAR,0.0011357080040774014,0.00014309547550745325,0.998721196520415,0.06696290777368796,0.02110401403076264,0.9119330781955494,0.998721196520415,86.78996172933239,0.9980817947806225,BEAR,0.9119330781955494,90.91557356212864,HIGH,0.9130796223161234,0.9,9
NIFTY50,2016-10-07,BEAR,0.0005351556901317199,0.00011415658951913782,0.9993506877203491,0.06643516843537085,0.02108979153826956,0.9124750400263596,0.9993506877203491,86.87125600395392,0.9990260315805236,BEAR,0.9124750400263596,93.91409130784115,HIGH,0.9130584472548735,1.0,10
NIFTY50,2016-10-10,BEAR,0.000861278873341599,9.107434618023609e-05,0.9990476467804782,0.06672326352310809,0.02106154341227766,0.9122151930646142,0.9990476467804782,86.83227895969215,0.9985714701707171,BEAR,0.9122151930646142,93.91480083307968,HIGH,0.9130685833297097,1.0,11
NIFTY50,2016-10-13,BEAR,9.174630000355005e-07,0.00035013546762013777,0.9996489470693798,0.06595550206270968,0.02131979995273005,0.9127246979845602,0.9996489470693798,86.90870469768403,0.9994734206040699,BEAR,0.9127246979845602,93.91341626156103,HIGH,0.913048803736586,1.0,12
NIFTY50,2016-10-14,BEAR,4.359068125622196e-06,0.00016777226961654714,0.9998278686622579,0.06596564071168157,0.021150646436013273,0.9128837128523052,0.9998278686622579,86.93255692784577,0.9997418029933869,BEAR,0.9128837128523052,93.91297594517182,HIGH,0.9130425135024548,1.0,13
NIFTY50,2016-10-17,BEAR,3.2801621373755364e-07,0.00035397728108093295,0.9996456947027055,0.06595483323548992,0.021323374333471163,0.9127217924310389,0.9996456947027055,86.90826886465584,0.9994685420540582,BEAR,0.9127217924310389,93.91342432298484,HIGH,0.9130489188997835,1.0,14
NIFTY50,2016-10-18,BEAR,0.0011495398477346847,0.0016800563147406288,0.9971704038375246,0.06691518345406913,0.022528744013631592,0.9105560725322993,0.9971704038375246,86.58341087984488,0.995755605756287,BEAR,0.9105560725322993,93.91938521233133,HIGH,0.9131340744618763,1.0,15
NIFTY50,2016-10-19,BEAR,0.001169279417676124,0.00019901874023121,0.9986317018420927,0.06699029224428607,0.02115515943523485,0.9118545483204792,0.9986317018420927,86.77818224807187,0.9979475527631391,BEAR,0.9118545483204792,93.91578995046966,HIGH,0.913082713578138,1.0,16
NIFTY50,2016-10-20,BEAR,0.006401794125978276,0.0003241434450737921,0.993274062428948,0.07159334991478859,0.02116131340263501,0.9072453366825763,0.993274062428948,86.08680050238645,0.989911093643422,BEAR,0.9072453366825763,93.92839228059597,HIGH,0.9132627468656569,1.0,17
NIFTY50,2016-10-21,BEAR,0.048068784889119046,0.0006851512807374546,0.9512460638301435,0.10827268147195195,0.020621222028620607,0.8711060964994274,0.9512460638301435,80.66591447491412,0.9268690957452151,BEAR,0.8711060964994274,94.0271835013207,HIGH,0.9146740500188674,1.0,18
NIFTY50,2016-10-24,BEAR,0.15171614475742834,0.0007440852262322368,0.8475397700163394,0.19954585708541392,0.018499768219529936,0.781954374695056,0.8475397700163394,67.29315620425842,0.7713096550245091,BEAR,0.781954374695056,94.27086520406259,HIGH,0.918155217200894,1.0,19
NIFTY50,2016-10-25,BEAR,0.013659979984369219,0.0002467888610079478,0.9860932311546229,0.07798817600893791,0.02093720578171153,0.9010746182093505,0.9860932311546229,85.16119273140258,0.9791398467319343,BEAR,0.9010746182093505,93.94525639822882,HIGH,0.9135036628318401,1.0,20
NIFTY50,2016-10-26,BEAR,3.159581273883072e-05,0.00014388529165742565,0.9998245188956038,0.06599055736418569,0.021127927362069976,0.9128815152737443,0.9998245188956038,86.93222729106162,0.9997367783434055,BEAR,0.9128815152737443,93.9129812080554,HIGH,0.9130425886865059,1.0,21
NIFTY50,2016-10-27,BEAR,5.957793463520555e-05,9.437265941942073e-05,0.9998460494059452,0.06601712921632188,0.02108143336087665,0.9129014374228015,0.9998460494059452,86.93521561342023,0.999769074108918,BEAR,0.9129014374228015,93.91292521279058,HIGH,0.9130417887541511,1.0,22
NIFTY50,2016-10-28,BEAR,0.0008399749064908422,0.0001621957462046606,0.9989978293473045,0.06670173045586271,0.021127932155038998,0.9121703373890981,0.9989978293473045,86.82555060836472,0.9984967440209568,BEAR,0.9121703373890981,93.91492565241752,HIGH,0.9130703664631076,1.0,23
NIFTY50,2016-11-01,BEAR,0.0005117860997840218,0.00012759988113862351,0.9993606140190774,0.06641406439027989,0.021102746372368683,0.9124831892373514,0.9993606140190774,86.87247838560272,0.9990409210286161,BEAR,0.9124831892373514,93.91406945206666,HIGH,0.9130581350295238,1.0,24
NIFTY50,2016-11-02,BEAR,9.06929783764166e-07,0.0003204473718762342,0.99967864569834,0.06595664992038343,0.021292274331613115,0.9127510757480035,0.99967864569834,86.91266136220052,0.99951796854751,BEAR,0.9127510757480035,93.91334323835672,HIGH,0.9130477605479532,1.0,25
NIFTY50,2016-11-03,BEAR,6.935591416347959e-06,0.0002133788902481814,0.9997796855183355,0.06596613210819226,0.021192877325167263,0.9128409905666404,0.9997796855183355,86.92614858499606,0.9996695282775031,BEAR,0.9128409905666404,93.91309413879951,HIGH,0.9130442019828502,1.0,26
NIFTY50,2016-11-04,BEAR,4.50594177101894e-07,0.0003332667029354482,0.9996662827028875,0.06595574840463948,0.021304169581645677,0.9127400820137147,0.9996662827028875,86.91101230205722,0.9994994240543312,BEAR,0.9127400820137147,93.9133736868805,HIGH,0.9130481955268643,1.0,27
NIFTY50,2016-11-07,BEAR,9.770448293267689e-05,0.00031954788341920947,0.9995827476336481,0.0660419282735922,0.02128940807250448,0.9126686636539034,0.9995827476336481,86.90029954808551,0.9993741214504721,BEAR,0.9126686636539034,93.91356846868078,HIGH,0.913050978124011,1.0,28
NIFTY50,2016-11-08,BEAR,4.4718198347921625e-05,0.00016842215452545682,0.9997868596471267,0.06600115703635143,0.021150401640892852,0.9128484413227557,0.9997868596471267,86.92726619841334,0.99968028947069,BEAR,0.9128484413227557,93.91307237365989,HIGH,0.9130438910522843,1.0,29
NIFTY50,2016-11-09,BEAR,5.847307402878044e-09,0.00016447303152545954,0.9998355211211671,0.06596193570616747,0.02114767888582708,0.9128903854080055,0.9998355211211671,86.93355781120083,0.9997532816817507,BEAR,0.9128903854080055,93.91295760423371,HIGH,0.9130422514890529,1.0,30
NIFTY50,2016-11-10,BEAR,1.6467657775171852e-05,0.00025335111402785554,0.999730181228197,0.0659729684062429,0.02122973815086498,0.9127972934428923,0.999730181228197,86.91959401643385,0.9995952718422954,BEAR,0.9127972934428923,93.91321482152397,HIGH,0.9130459260217711,1.0,31
NIFTY50,2016-11-11,BEAR,6.619819297376665e-11,0.2050479363911339,0.794952063542668,0.057976321175645544,0.2111090003239457,0.7309146785004088,0.794952063542668,59.63720177506132,0.692428095314002,BEAR,0.7309146785004088,94.41673447003996,HIGH,0.9202390638577136,1.0,32
NIFTY50,2016-11-15,SIDE,1.3643359287284875e-16,0.9991043681081194,0.000895631891880387,0.027026900248442547,0.9473324441093985,0.025640655642158883,0.9991043681081194,92.09986661640977,0.9986565521621793,SIDE,0.9473324441093985,69.36919693157031,MODERATE,0.9481313847367188,0.1,1
NIFTY50,2016-11-16,SIDE,1.2447858698704647e-13,0.9999488662006217,5.113379925384376e-05,0.02699398479589168,0.9481154354297819,0.024890579774326405,0.9999488662006217,92.21731531446727,0.9999232993009326,SIDE,0.9481154354297819,72.37127342230694,MODERATE,0.948161048890099,0.2,2
NIFTY50,2016-11-17,SIDE,2.0252061043335579e-13,0.99992724146383,7.275853596740962e-05,0.026994827649255728,0.9480953856731689,0.02490978667757539,0.99992724146383,92.21430785097533,0.9998908621957451,SIDE,0.9480953856731689,75.37122025041,HIGH,0.9481602892915715,0.3,3
NIFTY50,2016-11-18,SIDE,7.358665771704715e-13,0.9998054388473001,0.000194561151964054,0.026999575071056377,0.9479824542261953,0.025017970702748374,0.9998054388473001,92.19736813392927,0.9997081582709502,SIDE,0.9479824542261953,78.37092075653779,HIGH,0.9481560108076827,0.4,4
NIFTY50,2016-11-21,SIDE,9.733931436325603e-19,0.999999973869243,2.6130757047385415e-08,0.026991992805436526,0.9481628208073134,0.02484518638725008,0.999999973869243,92.224423121097,0.9999999608038643,SIDE,0.9481628208073134,81.3713990881919,HIGH,0.948162844117027,0.5,5
NIFTY50,2016-11-22,SIDE,1.647663420591601e-13,0.9999744042912726,2.5595708562647037e-05,0.026992989414384775,0.9481391135215333,0.024867897064081875,0.9999744042912726,92.22086702823,0.9999616064369089,SIDE,0.9481391135215333,84.37133621653838,HIGH,0.9481619459505483,0.6,6
NIFTY50,2016-11-23,SIDE,3.4423362741745216e-11,0.9990203973272966,0.000979602638280058,0.027030173153243554,0.9472545891163033,0.02571523773045311,0.9990203973272966,92.0881883674455,0.998530595990945,SIDE,0.9472545891163033,87.3689904604346,HIGH,0.9481284351490659,0.7,7
NIFTY50,2016-11-24,SIDE,6.453969905775268e-13,0.9998588895315327,0.00014111046782194932,0.026997491758436222,0.9480320119720279,0.02497049626953585,0.9998588895315327,92.20480179580417,0.9997883342972989,SIDE,0.9480320119720279,90.37105218353744,HIGH,0.9481578883362493,0.8,8
NIFTY50,2016-11-25,SIDE,1.3635278798938748e-08,0.9957199840808929,0.0042800022838283555,0.027158823190249495,0.9441945524037128,0.028646624406037772,0.9957199840808929,91.62918286055691,0.9935799761213389,SIDE,0.9441945524037128,93.36087528456274,HIGH,0.948012504065182,0.9,9
NIFTY50,2016-11-28,SIDE,4.128743885117537e-07,0.9360343059818274,0.06396528114378415,0.029485504613585182,0.888855913516896,0.08165858186951883,0.9360343059818274,83.32838702753438,0.9040514589727409,SIDE,0.888855913516896,96.2141183332349,HIGH,0.9459159761890701,1.0,10
NIFTY50,2016-11-29,SIDE,1.2053453197333235e-06,0.7652162859473098,0.23478250870737033,0.03614406531148705,0.7304789529401448,0.2333769817483682,0.7652162859473098,59.571842941021714,0.6478244289209647,SIDE,0.7304789529401448,95.79410499412171,HIGH,0.9399157856303102,1.0,11
NIFTY50,2016-11-30,SIDE,9.718467635376702e-05,0.5769626420749802,0.4229401732486661,0.043566027836921,0.5559342473415658,0.40049972482151325,0.5769626420749802,33.39013710123487,0.36544396311247024,SIDE,0.5559342473415658,95.33144379893446,HIGH,0.933306339984778,1.0,12
NIFTY50,2016-12-01,BEAR,9.514204032678792e-06,0.1564538923767243,0.843536593419243,0.05987871809134672,0.16605397448912645,0.7740673074195269,0.843536593419243,66.11009611292903,0.7653048901288644,BEAR,0.7740673074195269,67.29727155552403,MODERATE,0.9185324507932007,0.1,1
NIFTY50,2016-12-02,BEAR,4.677653533485165e-07,0.13888567083081593,0.8611138614038307,0.06055549662262449,0.14976547755790157,0.7896790258194738,0.8611138614038307,68.45185387292109,0.7916707921057461,BEAR,0.7896790258194738,70.25405274855443,MODERATE,0.9179150392650632,0.2,2
NIFTY50,2016-12-05,BEAR,8.367882585718388e-05,0.06049851141042107,0.9394178097637217,0.06368402048715785,0.07708569134446455,0.8592302881683777,0.9394178097637217,78.88454322525664,0.9091267146455827,BEAR,0.8592302881683777,73.06150631535178,MODERATE,0.9151643759335969,0.3,3
NIFTY50,2016-12-06,BEAR,0.00016877842885006106,0.017283223941853144,0.9825479976292969,0.06544333630021835,0.03701608769971541,0.8975405760000661,0.9825479976292969,84.63108640000992,0.9738219964439452,BEAR,0.8975405760000661,75.95544653540544,HIGH,0.9136492362200779,0.4,4
NIFTY50,2016-12-07,BEAR,0.00014281748785235516,0.014222317088071569,0.9856348654240761,0.06553977716677499,0.034178658909053826,0.9002815639241712,0.9856348654240761,85.04223458862569,0.9784522981361141,BEAR,0.9002815639241712,78.9478592373363,HIGH,0.9135408462476615,0.5,5
NIFTY50,2016-12-08,SIDE,0.08190687999814777,0.48792652184531493,0.43016659815653735,0.11908079592529171,0.47166522642538794,0.40925397764932026,0.48792652184531493,20.74978396380819,0.2318897827679724,SIDE,0.47166522642538794,80.30474324395679,HIGH,0.932924903485097,0.5,1
NIFTY50,2016-12-09,BULL,0.5332464870454925,0.4591115367079687,0.007641976246538708,0.5176692661157032,0.4354729456963648,0.04685778818793199,0.5332464870454925,27.65038991735548,0.29986973056823873,BULL,0.5176692661157032,69.294389466991,MODERATE,0.9470627066713,0.1,1
NIFTY50,2016-12-12,SIDE,0.13333036932025882,0.680079436161603,0.1865901945181383,0.15687669135224766,0.6487435487208922,0.19437975992686013,0.680079436161603,47.311532308133835,0.5201191542424044,SIDE,0.6487435487208922,77.89804574596373,HIGH,0.9414006535137676,0.4,1
NIFTY50,2016-12-13,BULL,0.604940921588105,0.26198106145110966,0.13307801696078542,0.588489306832744,0.2511947063270746,0.16031598684018147,0.604940921588105,38.273396024911605,0.40741138238215746,BULL,0.588489306832744,71.97813404651518,MODERATE,0.9425447720930742,0.2,1
NIFTY50,2016-12-14,BULL,0.7365639411115629,0.08672053612158775,0.17671552276684938,0.7112321345463113,0.08593536555183598,0.20283249990185273,0.7365639411115629,56.68482018194669,0.6048459116673442,BULL,0.7112321345463113,74.85646568990742,MODERATE,0.9408066527129634,0.3,2
NIFTY50,2016-12-15,BEAR,0.11493565109216225,0.019001424669537564,0.8660629242383001,0.1664440697442902,0.0361995961663628,0.797356334089347,0.8660629242383001,69.60345011340206,0.79909438635745,BEAR,0.797356334089347,79.22933527316901,HIGH,0.917561932473843,0.5,1
NIFTY50,2016-12-16,BEAR,0.0031179781767585804,0.0015042733570461444,0.9953777484661952,0.06865551013791305,0.022324436013898368,0.9090200538481886,0.9953777484661952,86.35300807722828,0.9930666226992928,BEAR,0.9090200538481886,78.92357816392675,HIGH,0.913193973770382,0.5,2
NIFTY50,2016-12-19,BEAR,6.111474878600172e-05,0.00022238874273162874,0.9997164965084824,0.06601349298877053,0.021200093467599823,0.9127864135436295,0.9997164965084824,86.91796203154442,0.9995747447627236,BEAR,0.9127864135436295,78.9132435956235,HIGH,0.9130463370803358,0.5,3
NIFTY50,2016-12-20,BEAR,1.1925790487594997e-05,0.00020031350947213628,0.9997877607000403,0.06597103589202818,0.021180658756493925,0.9128483053514779,0.9997877607000403,86.92724580272167,0.9996816410500604,BEAR,0.9128483053514779,78.91307373834724,HIGH,0.9130439105478177,0.5,4
NIFTY50,2016-12-21,BEAR,7.262169941956306e-06,0.00019931676678901938,0.9997934210632691,0.06596696779484502,0.021179832522487122,0.9128531996826678,0.9997934210632691,86.92797995240018,0.9996901315949036,BEAR,0.9128531996826678,78.91306032955465,HIGH,0.9130437189936379,0.5,5
NIFTY50,2016-12-22,BEAR,4.4035834455765884e-07,0.0008107249057397801,0.9991888347359157,0.06593712981290696,0.02174685360123952,0.9123160165858536,0.9991888347359157,86.84740248787803,0.9987832521038735,BEAR,0.9123160165858536,81.91454765901027,HIGH,0.9130649665572895,0.6,6
NIFTY50,2016-12-23,BEAR,1.2547507375362125e-06,0.00041418570784374235,0.9995845595414187,0.06595330264549343,0.021379178182668827,0.9126675191718377,0.9995845595414187,86.90012787577565,0.9993768393121278,BEAR,0.9126675191718377,84.9135745437503,HIGH,0.9130510649107187,0.7,7
NIFTY50,2016-12-26,BEAR,1.9149317872789512e-08,0.0022896919604962224,0.9977102888901859,0.0658791141450064,0.023118112868127434,0.9110027729868662,0.9977102888901859,86.65041594802993,0.9965654333352788,BEAR,0.9110027729868662,87.91818322150023,HIGH,0.913116903164289,0.8,8
NIFTY50,2016-12-27,BEAR,3.19175807032006e-05,0.0012378647368074887,0.9987302176824893,0.06594820139924251,0.02214222296885173,0.9119095756319057,0.9987302176824893,86.78643634478587,0.9980953265237339,BEAR,0.9119095756319057,90.91567189105933,HIGH,0.9130810270151334,0.9,9
NIFTY50,2016-12-28,BEAR,5.0553099635252125e-06,0.00023891225500821385,0.9997560324350283,0.06596348106955553,0.021216590512082623,0.9128199284183618,0.9997560324350283,86.92298926275427,0.9996340486525425,BEAR,0.9128199284183618,93.9131525033752,HIGH,0.913045035762503,1.0,10
NIFTY50,2016-12-29,BEAR,0.00011499227557571372,0.0002838155728755773,0.9996011921515486,0.06605854522052952,0.021255915269349217,0.9126855395101213,0.9996011921515486,86.90283092651818,0.999401788227323,BEAR,0.9126855395101213,93.91352122899067,HIGH,0.9130503032712954,1.0,11
NIFTY50,2016-12-30,BEAR,0.05115612325301912,0.001467901723766731,0.9473759750232141,0.11096099033820259,0.021282143686345057,0.8677568659754524,0.9473759750232141,80.16352989631787,0.921063962534821,BEAR,0.8677568659754524,94.0363623815303,HIGH,0.9148051768790043,1.0,12
NIFTY50,2017-01-02,BEAR,0.01927378266605693,0.00041878940245033584,0.9803074279314928,0.08292518209090657,0.020978816297446672,0.8960960016116468,0.9803074279314928,84.41440024174702,0.9704611418972391,BEAR,0.8960960016116468,93.95886988863052,HIGH,0.9136981412661503,1.0,13
NIFTY50,2017-01-03,BEAR,0.07302398416216589,0.0007020144885784442,0.9262740013492557,0.13024844127461063,0.020112918033218616,0.8496386406921709,0.9262740013492557,77.44579610382561,0.8894110020238835,BEAR,0.8496386406921709,94.08586137648167,HIGH,0.9155123053783097,1.0,14
NIFTY50,2017-01-04,BEAR,0.17371516258035963,0.0007225652527531653,0.8255622721668873,0.21891979664671904,0.018017942155077887,0.763062261198203,0.8255622721668873,64.45933917973046,0.7383434082503308,BEAR,0.763062261198203,94.32250265854738,HIGH,0.9188928951221055,1.0,15
NIFTY50,2017-01-05,BULL,0.9875472098362773,0.0004778243446866625,0.011974965819036034,0.935618162754357,0.000704472205445277,0.06367736504019768,0.9875472098362773,90.34272441315355,0.9813208147544158,BULL,0.935618162754357,69.23413527855398,MODERATE,0.9462019325507711,0.1,1
NIFTY50,2017-01-06,BULL,0.9991791222362205,3.7174996774754243e-06,0.0008171602641019139,0.945880108627367,2.0681522816883357e-05,0.05409920984981606,0.9991791222362205,91.88201629410504,0.9987686833543308,BULL,0.945880108627367,72.26030064492008,MODERATE,0.9465757234988583,0.2,2
NIFTY50,2017-01-09,BULL,0.9992509635133723,9.365040968100779e-08,0.0007489428362181047,0.9459435158009446,1.5813286092438892e-05,0.05404067091296286,0.9992509635133723,91.89152737014169,0.9988764452700583,BULL,0.9459435158009446,75.26046053751946,HIGH,0.9465780076788495,0.3,3
NIFTY50,2017-01-10,BULL,0.999990036460017,2.436357557917106e-08,9.939176407336514e-06,0.9465943718624344,2.3207260654561666e-07,0.05340539606495903,0.999990036460017,91.98915577936515,0.9999850546900254,BULL,0.9465943718624344,78.26219694255357,HIGH,0.9466028134650512,0.4,4
NIFTY50,2017-01-11,BULL,0.9999999893731385,5.023175736869991e-10,1.0124543943660528e-08,0.9466031376741744,9.859711469650642e-10,0.05339686133985454,0.9999999893731385,91.99047065112616,0.9999999840597076,BULL,0.9466031376741744,81.26222026991515,HIGH,0.9466031467130737,0.5,5
NIFTY50,2017-01-12,BULL,0.999999997550943,7.794951357535028e-13,2.448277492410221e-09,0.9466031448953818,3.4926674420493845e-10,0.05339685475535151,0.999999997550943,91.99047173430726,0.9999999963264146,BULL,0.9466031448953818,84.26222028789702,HIGH,0.9466031469699577,0.6,6
NIFTY50,2017-01-13,BULL,0.999999999736093,4.254348413136225e-13,2.6348158363775537e-10,0.9466031468197147,3.030608438930031e-10,0.053396852877224496,0.999999999736093,91.9904720229572,0.9999999996041393,BULL,0.9466031468197147,87.26222029303054,HIGH,0.9466031470432934,0.7,7
NIFTY50,2017-01-16,BULL,0.999999999829148,1.594395048828376e-13,1.7069259324805994e-10,0.9466031469016726,3.0086051501273615e-10,0.053396852797467,0.999999999829148,91.99047203525087,0.999999999743722,BULL,0.9466031469016726,90.26222029324855,HIGH,0.9466031470464079,0.8,8
NIFTY50,2017-01-17,BULL,0.9999999983212137,1.5843968765356002e-13,1.678627890389397e-09,0.9466031455737332,3.3251894700532523e-10,0.053396854093747954,0.9999999983212137,91.99047183605997,0.9999999974818203,BULL,0.9466031455737332,93.26222028970538,HIGH,0.9466031469957912,0.9,9
NIFTY50,2017-01-18,BULL,0.9999999980052547,1.654191095871777e-13,1.994579820283098e-09,0.9466031452954884,3.391590337379973e-10,0.05339685436535255,0.9999999980052547,91.99047179432326,0.9999999970078821,BULL,0.9466031452954884,96.26222028896301,HIGH,0.9466031469851859,1.0,10
NIFTY50,2017-01-19,BULL,0.999999996374104,1.639857224606349e-13,3.62573210287383e-09,0.9466031438590403,3.7340401799548086e-10,0.05339685576755572,0.999999996374104,91.99047157885605,0.999999994561156,BULL,0.9466031438590403,96.26222028513034,HIGH,0.9466031469304336,1.0,11
NIFTY50,2017-01-20,BULL,0.9998111483550592,3.1732153834883544e-12,0.0001888516417675506,0.9464368377203201,3.965275222003344e-06,0.05355919700445802,0.9998111483550592,91.96552565804801,0.9997167225325887,BULL,0.9464368377203201,96.26177655515731,HIGH,0.9465968079308188,1.0,12
NIFTY50,2017-01-23,BULL,0.9999940213221437,4.794726354892423e-09,5.973883130083638e-06,0.9465978818334421,1.3026608630634546e-07,0.05340198790047153,0.9999940213221437,91.98968227501632,0.9999910319832155,BULL,0.9465978818334421,96.26220625753632,HIGH,0.9466029465362333,1.0,13
NIFTY50,2017-01-24,BULL,0.9999999552352131,1.2200286251872504e-10,4.464278401606235e-08,0.9466031076259523,1.3500876921468409e-09,0.05339689102395999,0.9999999552352131,91.99046614389283,0.9999999328528195,BULL,0.9466031076259523,96.26222018876722,HIGH,0.9466031455538175,1.0,14
NIFTY50,2017-01-25,BULL,0.999999960189587,5.214865208977597e-11,3.9758264290164684e-08,0.9466031119916691,1.181303131767787e-09,0.053396886827027756,0.999999960189587,91.99046679875038,0.9999999402843806,BULL,0.9466031119916691,96.26222020023654,HIGH,0.9466031457176649,1.0,15
NIFTY50,2017-01-27,BULL,0.9999999994940886,4.67617612114657e-12,5.012352642505861e-10,0.9466031466064315,3.1208292125941206e-10,0.05339685308148561,0.9999999994940886,91.99047199096472,0.9999999992411327,BULL,0.9466031466064315,96.26222029247234,HIGH,0.9466031470353191,1.0,16
NIFTY50,2017-01-30,BULL,0.9999999947065006,1.6060668860867693e-12,5.291893370997558e-09,0.9466031423904345,4.097527092309995e-10,0.05339685719981279,0.9999999947065006,91.99047135856516,0.9999999920597509,BULL,0.9466031423904345,96.2622202812156,HIGH,0.9466031468745087,1.0,17
NIFTY50,2017-01-31,BEAR,0.004076544556237535,1.0626777656106012e-10,0.9959234553374946,0.0695582881351906,0.020909597225697293,0.9095321146391121,0.9959234553374946,86.4298171958668,0.9938851830062421,BEAR,0.9095321146391121,66.92213169959903,MODERATE,0.9131733099942718,0.1,1
NIFTY50,2017-02-01,BULL,0.9898119428138339,0.010187208271188611,8.489149775179601e-07,0.9372341291008658,0.009659150494598753,0.053106720404535554,0.9898119428138339,90.58511936512986,0.9847179142207508,BULL,0.9372341291008658,93.26333052675537,HIGH,0.9466190075250767,0.9,1
NIFTY50,2017-02-02,BULL,0.9999884401508777,1.1559206688835876e-05,6.42433461412765e-10,0.9465925165109706,1.0960320910625632e-05,0.05339652316811876,0.9999884401508777,91.98887747664558,0.9999826602263164,BULL,0.9465925165109706,93.26222155416104,HIGH,0.9466031650594435,0.9,2
NIFTY50,2017-02-03,BULL,0.9999999933502728,6.242851070651984e-09,4.068760552848815e-10,0.9466031409528323,6.224907486215265e-09,0.05339685282226027,0.9999999933502728,91.99047114292482,0.9999999900254092,BULL,0.9466031409528323,93.26222029337517,HIGH,0.9466031470482167,0.9,3
NIFTY50,2017-02-06,BULL,0.9999999999587161,6.029532054007837e-12,3.5254352803502754e-11,0.9466031470155459,3.0358276779812383e-10,0.05339685268087132,0.9999999999587161,91.99047205233187,0.9999999999380742,BULL,0.9466031470155459,93.26222029356744,HIGH,0.9466031470509635,0.9,4
NIFTY50,2017-02-07,BULL,0.9999999987401587,2.00999563883748e-13,1.2596404171314413e-09,0.9466031459426688,3.2376258133755657e-10,0.05339685373356849,0.9999999987401587,91.99047189140033,0.999999998110238,BULL,0.9466031459426688,93.2622202906899,HIGH,0.9466031470098556,0.9,5
NIFTY50,2017-02-08,BULL,0.9999999972488518,1.4375368297558077e-13,2.75100440429773e-09,0.9466031446293746,3.550197651898215e-10,0.05339685501560571,0.9999999972488518,91.99047169440618,0.9999999958732777,BULL,0.9466031446293746,93.26222028718564,HIGH,0.9466031469597951,0.9,6
NIFTY50,2017-02-09,BULL,0.9999999954814346,1.5730806394444436e-13,4.518408136400568e-09,0.9466031430729249,3.92139584631524e-10,0.0533968565349356,0.9999999954814346,91.99047146093874,0.9999999932221517,BULL,0.9466031430729249,93.26222028303285,HIGH,0.9466031469004693,0.9,7
NIFTY50,2017-02-10,BULL,0.9999999998638145,1.389817112594053e-13,1.3604646863076098e-10,0.9466031469322019,3.0011371590968626e-10,0.053396852767684404,0.9999999998638145,91.99047203983028,0.9999999997957217,BULL,0.9466031469322019,93.26222029332996,HIGH,0.9466031470475708,0.9,8
NIFTY50,2017-02-13,BULL,0.9999999997344569,1.0511105809627392e-13,2.65437987372743e-10,0.9466031468182864,3.0279819984110856e-10,0.053396852878915435,0.9999999997344569,91.99047202274294,0.9999999996016853,BULL,0.9466031468182864,93.2622202930259,HIGH,0.9466031470432273,0.9,9
NIFTY50,2017-02-14,BULL,0.9999999936751685,1.256851606312144e-13,6.3247057817186526e-09,0.9466031414822653,4.3003315354000213e-10,0.05339685808770152,0.9999999936751685,91.99047122233979,0.9999999905127527,BULL,0.9466031414822653,96.26222027878866,HIGH,0.9466031468398379,1.0,10
NIFTY50,2017-02-15,BULL,0.9999608409824802,1.2435527091400637e-12,3.91590162762012e-05,0.9465686622582943,8.22449081578702e-07,0.053430515292624124,0.9999608409824802,91.98529933874414,0.9999412614737204,BULL,0.9465686622582943,96.26212828299685,HIGH,0.9466018326142408,1.0,11
NIFTY50,2017-02-16,BULL,0.9999964297871717,8.847134866612466e-10,3.5693281147365837e-06,0.946600002963973,7.607468086838654e-08,0.053399920961346214,0.9999964297871717,91.99000044459595,0.9999946446807576,BULL,0.946600002963973,96.26221190701327,HIGH,0.9466030272430467,1.0,12
NIFTY50,2017-02-17,BULL,0.9999995804924423,6.139825141756256e-11,4.1944615935799827e-07,0.9466027776167872,9.161690719059979e-09,0.05339721322152199,0.9999995804924423,91.99041664251807,0.9999993707386636,BULL,0.9466027776167872,96.26221930809744,HIGH,0.9466031329728207,1.0,13
NIFTY50,2017-02-20,BULL,0.9999999979702476,4.95517322805891e-12,2.024797177767542e-09,0.9466031452644733,3.4433491962815014e-10,0.05339685439119183,0.9999999979702476,91.99047178967098,0.9999999969553715,BULL,0.9466031452644733,96.26222028889254,HIGH,0.946603146984179,1.0,14
NIFTY50,2017-02-21,BULL,0.9999999885751282,1.8148523421444335e-13,1.1424690406067014e-08,0.94660313699099,5.37161179923817e-10,0.05339686247184877,0.9999999885751282,91.99047054864849,0.9999999828626921,BULL,0.94660313699099,96.2622202668054,HIGH,0.9466031466686488,1.0,15
NIFTY50,2017-02-22,BULL,0.9999999929950191,2.441454408826211e-13,7.004736828606717e-09,0.9466031408832974,4.444228505637217e-10,0.05339685867227978,0.9999999929950191,91.9904711324946,0.9999999894925284,BULL,0.9466031408832974,96.2622202771908,HIGH,0.9466031468170115,1.0,16
NIFTY50,2017-02-23,BULL,0.9999999568254221,6.852715279492118e-13,4.31738925895356e-08,0.9466031090310743,1.2042192132465997e-09,0.05339688976470654,0.9999999568254221,91.99046635466114,0.9999999352381331,BULL,0.9466031090310743,96.26222019220538,HIGH,0.9466031456029342,1.0,17
NIFTY50,2017-02-27,BULL,0.9999952330400292,2.3441671249224583e-12,4.7669576266064685e-06,0.9465989491011769,1.0038250379111008e-07,0.0534009505163194,0.9999952330400292,91.98984236517653,0.9999928495600439,BULL,0.9465989491011769,96.26220909288625,HIGH,0.9466029870412324,1.0,18
NIFTY50,2017-02-28,BULL,0.999993581621545,1.559783260430898e-10,6.418222476732598e-06,0.9465974947985923,1.351967844030811e-07,0.05340237000462331,0.999993581621545,91.98962421978884,0.9999903724323173,BULL,0.9465974947985923,96.2622052129803,HIGH,0.9466029316140043,1.0,19
NIFTY50,2017-03-01,BULL,0.9999998989944608,1.113392480945265e-10,1.0089419994511564e-07,0.9466030580988039,2.520985712607964e-09,0.053396939380210326,0.9999998989944608,91.99045871482058,0.9999998484916911,BULL,0.9466030580988039,96.26222005659395,HIGH,0.946603143665628,1.0,20
NIFTY50,2017-03-02,BULL,0.9999907961948893,9.198295033048765e-12,9.203795912356155e-06,0.9465950418606509,1.9354124162848272e-07,0.05340476459810743,0.9999907961948893,91.98925627909762,0.9999861942923339,BULL,0.9465950418606509,96.262198667794,HIGH,0.9466028381113429,1.0,21
NIFTY50,2017-03-03,BULL,0.9999833665213955,5.684800504354378e-10,1.663291012442772e-05,0.9465884990097768,3.500471563706725e-07,0.053411150943066865,0.9999833665213955,91.98827485146653,0.9999750497820933,BULL,0.9465884990097768,96.26218121190968,HIGH,0.946602588741567,1.0,22
NIFTY50,2017-03-06,BULL,0.9999992087368699,5.840689213019782e-10,7.906790612129656e-07,0.946602450215519,1.7451370945561935e-08,0.05339753233311003,0.9999992087368699,91.99036753232785,0.9999988131053048,BULL,0.946602450215519,96.26221843588077,HIGH,0.9466031205125823,1.0,23
NIFTY50,2017-03-07,BULL,0.999996149643298,3.36834207430712e-11,3.850323018646104e-06,0.9465997562926969,8.116730566939298e-08,0.05340016253999734,0.999996149643298,91.98996344390453,0.9999942244649468,BULL,0.9465997562926969,96.26221124667589,HIGH,0.9466030178096555,1.0,24
NIFTY50,2017-03-08,BULL,0.9999974296090605,1.476342460413445e-10,2.5702433053404965e-06,0.9466008834706565,5.439983967883181e-08,0.053399062129503884,0.9999974296090605,91.99013252059848,0.9999961444135905,BULL,0.9466008834706565,96.26221425444952,HIGH,0.9466030607778503,1.0,25
NIFTY50,2017-03-09,BULL,0.9999911421285049,1.1198811929201024e-10,8.857759506951685e-06,0.9465953464978271,1.8637360489852923e-07,0.05340446712856811,0.9999911421285049,91.98930197467405,0.9999867131927572,BULL,0.9465953464978271,96.26219948087558,HIGH,0.9466028497267939,1.0,26
NIFTY50,2017-03-10,BULL,0.9999689723177927,5.372942036952575e-10,3.102714491314907e-05,0.9465758229742959,6.522272041880075e-07,0.053423524798499974,0.9999689723177927,91.98637344614437,0.999953458476689,BULL,0.9465758229742959,96.26214739024607,HIGH,0.9466021055749441,1.0,27
NIFTY50,2017-03-14,BULL,0.9999999587873434,3.511517409994107e-09,3.7701139242381194e-08,0.946603110621971,4.418158334062469e-09,0.05339688495987074,0.9999999587873434,91.99046659329565,0.9999999381810151,BULL,0.946603110621971,96.26222020544786,HIGH,0.9466031457921122,1.0,28
NIFTY50,2017-03-15,BULL,0.9999999061281742,2.7851715309641604e-12,9.38690406389453e-08,0.9466030643852313,2.270564253837481e-09,0.05339693334420446,0.9999999061281742,91.99045965778468,0.9999998591922612,BULL,0.9466030643852313,96.26222007308888,HIGH,0.9466031439012699,1.0,29
NIFTY50,2017-03-16,BULL,0.9999999965621391,1.4932206511114736e-12,3.436367669792663e-09,0.9466031440245788,3.706886079307858e-10,0.0533968556047326,0.9999999965621391,91.99047160368681,0.9999999948432087,BULL,0.9466031440245788,96.26222028557545,HIGH,0.9466031469367922,1.0,30
NIFTY50,2017-03-17,BULL,0.9999999847317201,3.217072804025897e-13,1.526795825243257e-08,0.9466031336063457,6.17984251296833e-10,0.0533968657756701,0.9999999847317201,91.99047004095185,0.99999997709758,BULL,0.9466031336063457,96.262220257775,HIGH,0.946603146539643,1.0,31
NIFTY50,2017-03-20,BULL,0.999999719452273,1.0343551407370383e-12,2.8054669273632767e-07,0.9466028999920035,6.1882359679276025e-09,0.0533970938197606,0.999999719452273,91.99043499880052,0.9999995791784094,BULL,0.9466028999920035,96.26221963445836,HIGH,0.9466031376351195,1.0,32
NIFTY50,2017-03-21,BULL,0.9999999326400033,3.416668482608429e-12,6.735657997062083e-08,0.9466030877324462,1.7145290089059877e-09,0.05339691055302478,0.9999999326400033,91.9904631598669,0.999999898960005,BULL,0.9466030877324462,96.26222013538441,HIGH,0.946603144791206,1.0,33
NIFTY50,2017-03-22,BULL,0.998993092951461,2.1263658246206265e-11,0.0010069070272753096,0.9457164296580215,2.1140516235634766e-05,0.054262429825742885,0.998993092951461,91.85746444870321,0.9984896394271915,BULL,0.9457164296580215,96.25985439732001,HIGH,0.9465693485331432,1.0,34
NIFTY50,2017-03-23,BULL,0.9999946941532407,2.0903162304101773e-08,5.284943597046387e-06,0.9465984737240768,1.310750940612897e-07,0.0534013952008292,0.9999946941532407,91.9897710586115,0.9999920412298611,BULL,0.9465984737240768,96.2622078780736,HIGH,0.9466029696867658,1.0,35
NIFTY50,2017-03-24,BULL,0.9999977147083559,8.976296588774368e-11,2.2852018810752243e-06,0.9466011345412748,4.83604709499469e-08,0.053398817098254184,0.9999977147083559,91.99017018119122,0.9999965720625338,BULL,0.9466011345412748,96.26221492419569,HIGH,0.9466030703456526,1.0,36
NIFTY50,2017-03-27,BULL,0.9982329150833863,3.9539360036624913e-10,0.0017670845212200616,0.9450469905541097,3.71009378130016e-05,0.05491590850807728,0.9982329150833863,91.75704858311646,0.9973493726250793,BULL,0.9450469905541097,96.25806823330025,HIGH,0.9465438319042895,1.0,37
NIFTY50,2017-03-28,BULL,0.99995989704511,5.659857011563418e-08,4.004635631992721e-05,0.9465678287882343,8.947424317898157e-07,0.053431276469333995,0.99995989704511,91.98517431823512,0.999939845567665,BULL,0.9465678287882343,96.26212620422237,HIGH,0.9466018029174623,1.0,38
NIFTY50,2017-03-29,BULL,0.9999967778147275,7.25394713168462e-10,3.2214598777585705e-06,0.9466003094553617,6.862006286265053e-08,0.05339962192457554,0.9999967778147275,91.99004641830425,0.9999951667220911,BULL,0.9466003094553617,96.26221272437043,HIGH,0.9466030389195778,1.0,39
NIFTY50,2017-03-30,BULL,0.9999951477767175,1.0208631434217307e-10,4.852121196172618e-06,0.9465988740114493,1.0226510045643051e-07,0.05340102372345028,0.9999951477767175,91.98983110171739,0.9999927216650762,BULL,0.9465988740114493,96.26220889279111,HIGH,0.9466029841827301,1.0,40
NIFTY50,2017-03-31,BULL,0.9999976728403088,7.195182046997598e-11,2.327087739431747e-06,0.9466010976715094,4.9222984413458565e-08,0.053398853105506135,0.9999976728403088,91.9901646507264,0.9999965092604632,BULL,0.9466010976715094,96.26221482577593,HIGH,0.9466030689396561,1.0,41
NIFTY50,2017-04-03,BULL,0.9999970720043976,6.156597690098207e-11,2.927934036449583e-06,0.9466005685548983,6.182801588602773e-08,0.053399369617085905,0.9999970720043976,91.99008528323472,0.9999956080065964,BULL,0.9466005685548983,96.262213413986,HIGH,0.9466030487712286,1.0,42
NIFTY50,2017-04-05,BULL,0.9999994501989248,3.980766177031558e-11,5.497612676414602e-07,0.9466026628766221,1.1877209083390051e-08,0.05339732524616877,0.9999994501989248,91.9903994314933,0.999999175298387,BULL,0.9466026628766221,96.26221900189798,HIGH,0.9466031285985425,1.0,43
NIFTY50,2017-04-06,BULL,0.9999940587419972,1.3200217508677307e-11,5.941244802579977e-06,0.9465979149730341,1.2504717316959658e-07,0.05340195997979269,0.9999940587419972,91.98968724595512,0.9999910881129956,BULL,0.9465979149730341,96.26220633370346,HIGH,0.9466029476243353,1.0,44
NIFTY50,2017-04-07,BULL,0.9985935716544461,1.0757400189693542e-09,0.001406427269813941,0.9453645972570575,2.952951730872984e-05,0.05460587322563392,0.9985935716544461,91.80468958855862,0.9978903574816691,BULL,0.9453645972570575,96.25891565785867,HIGH,0.9465559379694097,1.0,45
NIFTY50,2017-04-10,BULL,0.9958617009694595,2.2763867993857393e-07,0.004138071391860689,0.942958808015943,8.709570857169054e-05,0.056954096275485415,0.9958617009694595,91.44382120239145,0.9937925514541892,BULL,0.942958808015943,96.25249722822564,HIGH,0.9464642461175092,1.0,46
NIFTY50,2017-04-11,BULL,0.9999129972489286,1.6772371855705803e-07,8.68350273528319e-05,0.946526522864073,1.982443955851749e-06,0.053471494691971176,0.9999129972489286,91.97897842961093,0.9998694958733927,BULL,0.946526522864073,96.2620162785531,HIGH,0.9466002325507586,1.0,47
NIFTY50,2017-04-12,BULL,0.9999033860950403,6.074996892258031e-09,9.660782996289322e-05,0.9465180652479107,2.0343564392760942e-06,0.05347990039565005,0.9999033860950403,91.97770978718658,0.9998550791425602,BULL,0.9465180652479107,96.26199329807154,HIGH,0.9465999042581649,1.0,48
NIFTY50,2017-04-13,BULL,0.9863217815094187,4.7409694569983545e-08,0.013678171080886743,0.9345576299182635,0.0002872209765580898,0.06515514910517847,0.9863217815094187,90.18364448773951,0.9794826722641281,BULL,0.9345576299182635,96.23008115001616,HIGH,0.9461440164288024,1.0,49
NIFTY50,2017-04-17,BEAR,0.03288145149938599,6.897488787635122e-06,0.9671116510118263,0.09492462293631238,0.020311227916024147,0.8847641491476635,0.9671116510118263,82.71462237214952,0.9506674765177394,BEAR,0.8847641491476635,66.98983060185296,MODERATE,0.914140437169328,0.1,1
NIFTY50,2017-04-18,BEAR,0.11582186899510587,0.00115793825997635,0.8830201927449178,0.16791997803479888,0.019637086315446504,0.8124429356497546,0.8830201927449178,71.8664403474632,0.8245302891173766,BEAR,0.8124429356497546,70.18754320548165,MODERATE,0.9169649029354521,0.2,2
NIFTY50,2017-04-19,BEAR,0.07060201238438395,0.0006746048212505316,0.9287233827943656,0.1281166369568675,0.02013835442075495,0.8517450086223775,0.9287233827943656,77.76175129335662,0.8930850741915483,BEAR,0.8517450086223775,73.08010315288688,MODERATE,0.9154300450412413,0.3,3
NIFTY50,2017-04-20,BEAR,0.11480732608548373,0.0008602121080329002,0.8843324618064833,0.16703814051497134,0.019382344771506223,0.8135795147135223,0.8843324618064833,72.03692720702836,0.8264986927097251,BEAR,0.8135795147135223,76.18442730461753,HIGH,0.9169203900659648,0.4,4
NIFTY50,2017-04-21,BEAR,0.021072736631471793,0.0006764939401287267,0.9782507694283995,0.08449935918504524,0.02117998223998867,0.8943206585749661,0.9782507694283995,84.14809878624492,0.9673761541425993,BEAR,0.8943206585749661,78.96373048737344,HIGH,0.9137675783910492,0.5,5
NIFTY50,2017-04-24,BULL,0.7620179182996387,0.002787955496786587,0.23519412620357466,0.7369191783901066,0.0075813802168319825,0.25549944139306147,0.7620179182996387,60.537876758515985,0.6430268774494581,BULL,0.7369191783901066,80.70989677499544,HIGH,0.9387128110713635,0.5,1
NIFTY50,2017-04-25,BULL,0.9995598778364398,3.7801220941274403e-05,0.0004023209426188732,0.9462140868024492,4.428881278094101e-05,0.0537416243847699,0.9995598778364398,91.93211302036737,0.9993398167546598,BULL,0.9462140868024492,81.2612791004544,HIGH,0.946589701435063,0.5,2
NIFTY50,2017-04-26,BULL,0.99998607973737,9.051136231782442e-08,1.382975126775565e-05,0.9465908848565547,3.7647481772627086e-07,0.05340873866862763,0.99998607973737,91.98863272848321,0.9999791196060548,BULL,0.9465908848565547,81.26218780821971,HIGH,0.9466026829745673,0.5,3
NIFTY50,2017-04-27,BULL,0.9999399338021248,1.1659083513490049e-09,6.0065031966839645e-05,0.9465502506221849,1.2624790328886694e-06,0.0534484868987822,0.9999399338021248,91.98253759332772,0.999909900703187,BULL,0.9465502506221849,81.2620791609464,HIGH,0.9466011308706629,0.5,4
NIFTY50,2017-04-28,BULL,0.9998397467276015,4.479758465611051e-09,0.00016024879264013074,0.9464620222680927,3.368997655272305e-06,0.0535346087342519,0.9998397467276015,91.96930334021393,0.9997596200914022,BULL,0.9464620222680927,81.26184376282008,HIGH,0.9465977680402867,0.5,5
NIFTY50,2017-05-02,BULL,0.999949804737687,6.558059916508299e-09,5.0188704253048444e-05,0.9465589431014418,1.060236346782444e-06,0.053439996662211435,0.999949804737687,91.98384146521627,0.9999247071065304,BULL,0.9465589431014418,84.26210236761757,HIGH,0.9466014623945368,0.6,6
NIFTY50,2017-05-03,BULL,0.9997215083002042,3.777156199009916e-09,0.00027848792263956724,0.9463578974209125,5.8507838394085175e-06,0.053636251795248106,0.9997215083002042,91.95368461313686,0.9995822624503063,BULL,0.9463578974209125,87.26156594014768,HIGH,0.9465937991449669,0.7,7
NIFTY50,2017-05-04,BULL,0.9999194100900576,3.4556652620391095e-08,8.055535328978893e-05,0.9465321754255422,1.724336975382394e-06,0.05346610023748244,0.9999194100900576,91.97982631383134,0.9998791151350862,BULL,0.9465321754255422,90.26203101915772,HIGH,0.9466004431308246,0.8,8
NIFTY50,2017-05-05,BULL,0.9984751002909331,2.5676568306529666e-08,0.0015248740324984894,0.9452602662919907,3.2039654552122237e-05,0.05470769405345721,0.9984751002909331,91.7890399437986,0.9977126504363997,BULL,0.9452602662919907,93.25863735008122,HIGH,0.9465519621440174,0.9,9
NIFTY50,2017-05-08,BULL,0.9999584969533946,5.655510608346238e-08,4.1446491499423296e-05,0.9465665958204322,9.240973174178557e-07,0.05343248008225044,0.9999584969533946,91.98498937306482,0.9999377454300918,BULL,0.9465665958204322,96.26212291436602,HIGH,0.9466017559195147,1.0,10
NIFTY50,2017-05-09,BULL,0.99998529557437,1.5551229643897576e-09,1.4702870507086813e-05,0.9465901977625129,3.104611164024633e-07,0.0534094917763708,0.99998529557437,91.98852966437693,0.999977943361555,BULL,0.9465901977625129,96.26218574696803,HIGH,0.9466026535281149,1.0,11
NIFTY50,2017-05-10,BULL,0.999999859833212,2.8460640479139883e-10,1.3988218157866295e-07,0.9466030236052919,3.503831065770023e-09,0.05339697289087704,0.999999859833212,91.99045354079377,0.9999997897498181,BULL,0.9466030236052919,96.2622199650041,HIGH,0.9466031423572014,1.0,12
NIFTY50,2017-05-11,BULL,0.999999843346597,2.0092913547682412e-12,1.5665139367947756e-07,0.9466030090976195,3.587955687030701e-09,0.0533969873144248,0.999999843346597,91.99045136464291,0.9999997650198956,BULL,0.9466030090976195,96.26221992557117,HIGH,0.9466031417938742,1.0,13
NIFTY50,2017-05-12,BULL,0.9999992351372348,3.0824977414564777e-12,7.648596827516078e-07,0.946602473487244,1.6358418587470124e-08,0.05339751015433745,0.9999992351372348,91.99037102308661,0.999998852705852,BULL,0.946602473487244,96.26221849648428,HIGH,0.9466031213783469,1.0,14
NIFTY50,2017-05-15,BULL,0.9999995836600435,1.2303097287617641e-11,4.1632765344040587e-07,0.9466027804082007,9.049666910529984e-09,0.0533972105421325,0.9999995836600435,91.9904170612301,0.9999993754900652,BULL,0.9466027804082007,96.26221931541951,HIGH,0.9466031330774218,1.0,15
NIFTY50,2017-05-16,BULL,0.9999999183686041,6.745064828237154e-12,8.162465073226088e-08,0.9466030751644257,2.017245650689017e-09,0.05339692281832869,0.9999999183686041,91.99046127466384,0.9999998775529062,BULL,0.9466030751644257,96.26222010185957,HIGH,0.9466031443122797,1.0,16
NIFTY50,2017-05-17,BULL,0.999999744934453,1.7371798033951347e-12,2.550638097503613e-07,0.9466029224324708,5.653884526819374e-09,0.05339707191364465,0.999999744934453,91.99043836487061,0.9999996174016796,BULL,0.9466029224324708,96.26221969433473,HIGH,0.9466031384904963,1.0,17
NIFTY50,2017-05-18,BULL,0.9990303339250187,7.05412089844886e-11,0.0009696660044401648,0.9457492253536227,2.0358680808332114e-05,0.05423041596556906,0.9990303339250187,91.86238380304339,0.9985455008875279,BULL,0.9457492253536227,96.2599419013322,HIGH,0.94657059859046,1.0,18
NIFTY50,2017-05-19,BULL,0.9993683472582932,1.0014478298171114e-07,0.0006315525969238524,0.9460468877592464,1.3354814067493303e-05,0.053939757426686157,0.9993683472582932,91.90703316388694,0.9990525208874396,BULL,0.9460468877592464,96.26073636621359,HIGH,0.9465819480887657,1.0,19
NIFTY50,2017-05-22,BULL,0.9998000058127922,3.377687022610192e-08,0.00019996041033764855,0.9464270238933976,4.230528833842554e-06,0.05356874557776863,0.9998000058127922,91.96405358400965,0.9997000087191881,BULL,0.9464270238933976,96.26175045693645,HIGH,0.9465964350990922,1.0,20
NIFTY50,2017-05-23,BULL,0.9860657924926842,1.0304544319891746e-07,0.013934104461872529,0.9343321949117112,0.0002926470968960086,0.06537515799139283,0.9860657924926842,90.14982923675667,0.9790986887390262,BULL,0.9343321949117112,96.22947979784098,HIGH,0.9461354256834427,1.0,21
NIFTY50,2017-05-24,BULL,0.8886611419068818,1.892637265691619e-05,0.11131993172046127,0.8485535356811467,0.0023551281005666524,0.1490913362182867,0.8886611419068818,77.283030352172,0.8329917128603226,BULL,0.8485535356811467,96.00065757697833,HIGH,0.9428665368139764,1.0,22
NIFTY50,2017-05-25,BULL,0.9998090786390773,3.72342604026522e-05,0.0001536871005200743,0.9464335638009712,3.853112844224477e-05,0.05352790507058665,0.9998090786390773,91.96503457014566,0.9997136179586158,BULL,0.9464335638009712,96.26186324531724,HIGH,0.946598046361675,1.0,23
NIFTY50,2017-05-26,BULL,0.9999997506806184,3.0491488927702415e-08,2.1882789260631406e-07,0.9466029263043648,3.3802354508573644e-08,0.05339703989328064,0.9999997506806184,91.9904389456547,0.9999996260209276,BULL,0.9466029263043648,96.26221978280591,HIGH,0.9466031397543702,1.0,24
NIFTY50,2017-05-29,BULL,0.9999996891350186,1.972561841793215e-11,3.108452558394589e-07,0.9466028732928455,6.842082255834214e-09,0.05339711986507224,0.9999996891350186,91.99043099392684,0.9999995337025277,BULL,0.9466028732928455,96.26221956326886,HIGH,0.9466031366181267,1.0,25
NIFTY50,2017-05-30,BULL,0.9999995241880517,3.736845930525923e-12,4.7580821143448845e-07,0.9466027280354286,1.0290350006593386e-08,0.05339726167422143,0.9999995241880517,91.99040920531428,0.9999992862820776,BULL,0.9466027280354286,96.26221917565907,HIGH,0.9466031310808439,1.0,26
NIFTY50,2017-05-31,BULL,0.998694272518908,2.8118819197626884e-10,0.0013057271999038407,0.9454532779742593,2.7414547383621088e-05,0.05451930747835718,0.998694272518908,91.81799169613889,0.9980414087783618,BULL,0.9454532779742593,96.25915226941493,HIGH,0.9465593181344989,1.0,27
NIFTY50,2017-06-01,BULL,0.9999981956016951,1.787112177441135e-08,1.7865271830835473e-06,0.9466015573396348,5.475032734366391e-08,0.05339838791003782,0.9999981956016951,91.9902336009452,0.9999972934025425,BULL,0.9466015573396348,96.26221609785657,HIGH,0.9466030871122368,1.0,28
NIFTY50,2017-06-02,BULL,0.9999992752017284,3.581871897981093e-11,7.247624529431085e-07,0.9466025087681557,1.5547609112916816e-08,0.05339747568423533,0.9999992752017284,91.99037631522333,0.9999989128025926,BULL,0.9466025087681557,96.26221859070299,HIGH,0.9466031227243283,1.0,29
NIFTY50,2017-06-05,BULL,0.999997358085732,1.5388601528423188e-11,2.6418988793946084e-06,0.9466008204898785,5.577887127976779e-08,0.05339912373125026,0.999997358085732,91.99012307348175,0.999996037128598,BULL,0.9466008204898785,96.26221408606834,HIGH,0.9466030583724049,1.0,30
NIFTY50,2017-06-06,BULL,0.9999163834115431,1.3329601111539686e-10,8.361645516085091e-05,0.9465295113687927,1.7559664266258838e-06,0.05346873266478063,0.9999163834115431,91.97942670531889,0.9998745751173145,BULL,0.9465295113687927,96.26202382282902,HIGH,0.9466003403261288,1.0,31
NIFTY50,2017-06-07,BULL,0.99999963665839,1.0156911297803092e-09,3.6232591886432577e-07,0.9466028270412808,8.867265773722453e-09,0.05339716409145341,0.99999963665839,91.99042405619211,0.9999994549875848,BULL,0.9466028270412808,96.2622194424152,HIGH,0.9466031348916456,1.0,32
NIFTY50,2017-06-08,BULL,0.9999971713262225,8.08406810565549e-12,2.82866569344001e-06,0.9466006560232387,5.96931491372786e-08,0.05339928428361211,0.9999971713262225,91.9900984034858,0.9999957569893335,BULL,0.9466006560232387,96.2622136472277,HIGH,0.9466030521032529,1.0,33
NIFTY50,2017-06-09,BULL,0.9999986877681031,4.274938951799084e-11,1.3121891475846954e-06,0.9466019914533889,2.788731243113604e-08,0.05339798065929877,0.9999986877681031,91.99029871800832,0.9999980316521546,BULL,0.9466019914533889,96.26221721044656,HIGH,0.9466031030063795,1.0,34
NIFTY50,2017-06-12,BULL,0.9999740559242641,6.971108600826678e-11,2.594400602479803e-05,0.946580299793319,5.45062419759268e-07,0.05341915514426126,0.9999740559242641,91.98704496899785,0.999961083886396,BULL,0.946580299793319,96.26215933387934,HIGH,0.9466022761982762,1.0,35
NIFTY50,2017-06-13,BULL,0.999982992846251,1.1469261710379663e-09,1.7006006822768177e-05,0.9465881699158928,3.584288515585301e-07,0.05341147165525572,0.999982992846251,91.9882254873839,0.9999744892693764,BULL,0.9465881699158928,96.26218033531977,HIGH,0.946602576218854,1.0,36
NIFTY50,2017-06-14,BULL,0.9998840072144094,7.931687114791622e-10,0.0001159919924219146,0.9465009997369935,2.4363224758779113e-06,0.053496563940530685,0.9998840072144094,91.97514996054903,0.9998260108216139,BULL,0.9465009997369935,96.26194775116575,HIGH,0.9465992535880823,1.0,37
NIFTY50,2017-06-15,BULL,0.9352134562998077,1.434740555911377e-07,0.06478640022613674,0.8895498561212956,0.0013603387685229462,0.10908980511018157,0.9352134562998077,83.43247841819434,0.9028201844497113,BULL,0.8895498561212956,96.10999383507331,HIGH,0.9444284833581901,1.0,38
NIFTY50,2017-06-16,BULL,0.9148110742611886,5.848319552935e-05,0.0851304425432821,0.8715805345047002,0.0018427812494812164,0.12657668424581867,0.9148110742611886,80.73708017570502,0.8722166113917829,BULL,0.8715805345047002,96.06219847727793,HIGH,0.9437456925325419,1.0,39
NIFTY50,2017-06-19,BULL,0.996390110685574,1.67048151946622e-05,0.0035931844992313443,0.943423501783561,9.127875421282382e-05,0.05648521946222624,0.996390110685574,91.51352526753416,0.9945851660283609,BULL,0.943423501783561,96.25377932999906,HIGH,0.9464825618571293,1.0,40
NIFTY50,2017-06-20,BULL,0.9976802878738966,7.743360307141968e-07,0.002318937790072703,0.9445602976333445,4.942102084050893e-05,0.055390281345814904,0.9976802878738966,91.68404464500168,0.9965204318108449,BULL,0.9445602976333445,96.25677164631897,HIGH,0.9465253092331282,1.0,41
NIFTY50,2017-06-21,BULL,0.9857796184058021,1.0627628318164106e-06,0.014219318831366094,0.9340801426439653,0.00029954519361361024,0.0656203121624211,0.9857796184058021,90.1120213965948,0.9786694276087031,BULL,0.9340801426439653,96.22880974379653,HIGH,0.9461258534828075,1.0,42
NIFTY50,2017-06-22,BULL,0.9662811995938556,2.9517456030960182e-05,0.03368928295011352,0.9169080473173665,0.0007353003679865673,0.08235665231464682,0.9662811995938556,87.53620709760497,0.9494217993907834,BULL,0.9169080473173665,96.18306491598834,HIGH,0.9454723559426905,1.0,43
NIFTY50,2017-06-23,BEAR,0.2987301634933156,0.0007798215976244909,0.7004900149090599,0.3290101260716125,0.015446315359981344,0.6555435585684062,0.7004900149090599,48.33153378526093,0.5507350223635898,BEAR,0.6555435585684062,67.61638707985831,MODERATE,0.9230912439979758,0.1,1
NIFTY50,2017-06-27,BEAR,0.0012127028065504278,0.001496504253915589,0.997290792939534,0.06697796114329087,0.022357234360907047,0.9106648044958021,0.997290792939534,86.59972067437032,0.9959361894093011,BEAR,0.9106648044958021,69.91908229801255,MODERATE,0.913129747114465,0.2,2
NIFTY50,2017-06-28,BEAR,7.205486165321636e-05,0.002150678179991552,0.9977772669583552,0.06594796955022975,0.02298771138345413,0.9110643190663161,0.9977772669583552,86.65964785994743,0.9966659004375327,BEAR,0.9110643190663161,72.91801066796995,MODERATE,0.9131144381138565,0.3,3
NIFTY50,2017-06-29,BEAR,2.5397606646532807e-05,0.0006719266728608838,0.9993026757204926,0.0659645178828329,0.021617640386398785,0.9124178417307682,0.9993026757204926,86.86267625961523,0.9989540135807389,BEAR,0.9124178417307682,75.91426501675957,HIGH,0.9130609288108511,0.4,4
NIFTY50,2017-06-30,BEAR,0.00031221405801250355,0.001674114743980247,0.9980136711980073,0.06617803680046863,0.022540814990927787,0.9112811482086037,0.9980136711980073,86.69217223129054,0.9970205067970108,BEAR,0.9112811482086037,78.91740316604967,HIGH,0.9131057595149952,0.5,5
NIFTY50,2017-07-03,BEAR,0.1476773153521409,0.004110650097016943,0.8482120345508423,0.19585790692743626,0.021705934262433335,0.7824361588101303,0.8482120345508423,67.36542382151957,0.7723180518262632,BEAR,0.7824361588101303,82.26965316390256,HIGH,0.9181379023414652,0.6,6
NIFTY50,2017-07-04,BEAR,0.3326791551168397,0.0016964812026519147,0.6656243636805084,0.3588710616767702,0.015583447153753783,0.625545491169476,0.6656243636805084,43.8318236754214,0.49843654552076255,BEAR,0.625545491169476,85.69840983391262,HIGH,0.9242629976273231,0.7,7
NIFTY50,2017-07-05,BULL,0.7549519946997524,0.000899078182495351,0.24414892711775238,0.7307703016739949,0.0059784246277218385,0.2632512736982832,0.7549519946997524,59.615545251099235,0.6324279920496285,BULL,0.7307703016739949,74.68864974827848,MODERATE,0.9384092821182641,0.3,1
NIFTY50,2017-07-06,BULL,0.9982414712673756,4.48520393022161e-05,0.0017136766933221028,0.9450527772741958,7.850629288485252e-05,0.05486871643291934,0.9982414712673756,91.75791659112934,0.9973622069010636,BULL,0.9450527772741958,75.2581986207686,HIGH,0.9465456945824086,0.3,2
NIFTY50,2017-07-07,BULL,0.9990450062441303,7.276463281040914e-07,0.0009542661095415006,0.9457621179502682,2.0725217499429426e-05,0.05421715683223234,0.9990450062441303,91.86431769254023,0.9985675093661954,BULL,0.9457621179502682,75.25997816539474,HIGH,0.9465711166484964,0.3,3
NIFTY50,2017-07-10,BULL,0.9992960800160734,4.397838912667364e-07,0.0007034802000353718,0.9459832334725259,1.5186980558317104e-05,0.054001579546915694,0.9992960800160734,91.8974850208789,0.9989441200241099,BULL,0.9459832334725259,78.26056739737119,HIGH,0.94657953424816,0.4,4
NIFTY50,2017-07-11,BULL,0.9999930873042907,2.4898195705061813e-08,6.8877975136798466e-06,0.9465970585212515,1.6851525021930454e-07,0.05340277296349813,0.9999930873042907,91.98955877818773,0.9999896309564359,BULL,0.9465970585212515,81.26220411233662,HIGH,0.9466029158905233,0.5,5
NIFTY50,2017-07-12,BULL,0.9999992264504315,1.678043250679244e-10,7.733817642091346e-07,0.9466024658309224,1.6693524377539447e-08,0.05339751747555324,0.9999992264504315,91.99036987463836,0.9999988396756471,BULL,0.9466024658309224,84.26221847647821,HIGH,0.9466031210925459,0.6,6
NIFTY50,2017-07-13,BULL,0.9999999809182527,1.523213969452415e-11,1.906651515364824e-08,0.9466031302474924,7.118731728010264e-10,0.05339686904063439,0.9999999809182527,91.99046953712386,0.9999999713773791,BULL,0.9466031302474924,87.26222024885126,HIGH,0.946603146412161,0.7,7
NIFTY50,2017-07-14,BULL,0.9999999959361177,4.3603742386954956e-13,4.063446289012255e-09,0.9466031434733237,3.8285185746623596e-10,0.05339685614382441,0.9999999959361177,91.99047152099857,0.9999999939041765,BULL,0.9466031434733237,90.2622202841019,HIGH,0.9466031469157415,0.8,8
NIFTY50,2017-07-17,BULL,0.9999999999753393,2.8215041777333416e-13,2.437856148108986e-11,0.9466031470304089,2.9790497482924486e-10,0.05339685267168615,0.9999999999753393,91.99047205456132,0.9999999999630089,BULL,0.9466031470304089,93.26222029359236,HIGH,0.9466031470513196,0.9,9
NIFTY50,2017-07-18,BULL,0.9999900311508453,6.049821330474797e-12,9.968843104853867e-06,0.9465943681363604,2.096005634241964e-07,0.053405422263076166,0.9999900311508453,91.98915522045407,0.9999850467262678,BULL,0.9465943681363604,96.26219687018738,HIGH,0.9466028124312484,1.0,10
NIFTY50,2017-07-19,BULL,0.9999999944830621,1.5272155278011234e-10,5.364216408692835e-09,0.9466031421877767,5.54553233750036e-10,0.053396857257669926,0.9999999944830621,91.9904713281665,0.999999991724593,BULL,0.9466031421877767,96.26222028106213,HIGH,0.9466031468723163,1.0,11
NIFTY50,2017-07-20,BULL,0.999999897623537,3.910128099063504e-13,1.0237607205389428e-07,0.9466030568958451,2.446900896752131e-09,0.05339694065725408,0.999999897623537,91.99045853437676,0.9999998464353054,BULL,0.9466030568958451,96.26222005309995,HIGH,0.9466031436157136,1.0,12
NIFTY50,2017-07-21,BULL,0.9999999472031865,1.3901993346304082e-12,5.279542327751723e-08,0.9466031005573712,1.4068934128731279e-09,0.05339689803573541,0.9999999472031865,91.99046508360567,0.9999999208047796,BULL,0.9466031005573712,96.26222016959807,HIGH,0.9466031452799725,1.0,13
NIFTY50,2017-07-24,BULL,0.9999999937367454,7.45597152438594e-13,6.262509004769786e-09,0.946603141536468,4.293150982418558e-10,0.05339685803421702,0.9999999937367454,91.99047123047019,0.9999999906051181,BULL,0.946603141536468,96.26222027893488,HIGH,0.9466031468419267,1.0,14
NIFTY50,2017-07-25,BULL,0.9999999781175001,2.7829341480857745e-13,2.1882221615893238e-08,0.946603127781635,7.568107684273836e-10,0.05339687146155419,0.9999999781175001,91.99046916724524,0.99999996717625,BULL,0.946603127781635,96.26222024223368,HIGH,0.946603146317624,1.0,15
NIFTY50,2017-07-26,BULL,0.9999999957773509,5.322995737130379e-13,4.222116902438246e-09,0.9466031433335043,3.8627444848520697e-10,0.0533968562802212,0.9999999957773509,91.99047150002563,0.9999999936660263,BULL,0.9466031433335043,96.26222028372908,HIGH,0.9466031469104157,1.0,16
NIFTY50,2017-07-27,BULL,0.999999842290379,1.3242776579529047e-12,1.5770829679716421e-07,0.9466030081675039,3.6094960585930984e-09,0.05339698822300016,0.999999842290379,91.99045122512558,0.9999997634355683,BULL,0.9466030081675039,96.2622199230877,HIGH,0.9466031417583959,1.0,17
NIFTY50,2017-07-28,BULL,0.9999998901754686,2.6182202421221454e-12,1.0982191319239312e-07,0.9466030503367301,2.605339461557587e-09,0.05339694705793055,0.9999998901754686,91.99045755050949,0.9999998352632028,BULL,0.9466030503367301,96.26222003560494,HIGH,0.9466031433657848,1.0,18
NIFTY50,2017-07-31,BULL,0.9999999820147429,3.0876925818012236e-12,1.7982169406834093e-08,0.9466031312135733,6.775922201155849e-10,0.05339686810883457,0.9999999820147429,91.99046968203598,0.9999999730221144,BULL,0.9466031312135733,96.26222025139776,HIGH,0.9466031464485397,1.0,19
NIFTY50,2017-08-01,BULL,0.9999999961549821,4.099767864653458e-13,3.844607913081273e-09,0.9466031436660645,3.782325956300964e-10,0.05339685595570302,0.9999999961549821,91.99047154990967,0.9999999942324732,BULL,0.9466031436660645,96.2622202846161,HIGH,0.9466031469230872,1.0,20
NIFTY50,2017-08-02,BULL,0.9999993783118672,4.117795310211113e-13,6.216877209561172e-07,0.9466025995719128,1.3349964539145746e-08,0.053397387078122686,0.9999993783118672,91.99038993578691,0.9999990674678009,BULL,0.9466025995719128,96.26221883289044,HIGH,0.946603126184149,1.0,21
NIFTY50,2017-08-03,BULL,0.9998516752188226,6.429923679086719e-11,0.0001483247168782364,0.9464725270847428,3.1144629086583057e-06,0.053524358452348396,0.9998516752188226,91.97087906271145,0.9997775128282337,BULL,0.9464725270847428,96.26187177994672,HIGH,0.9465981682849531,1.0,22
NIFTY50,2017-08-04,BULL,0.9999869044044213,4.7814708357979825e-09,1.3090814107920878e-05,0.9465916144285016,2.7967479783471735e-07,0.05340810589670062,0.9999869044044213,91.98874216427524,0.9999803566066318,BULL,0.9465916144285016,96.26218953511618,HIGH,0.9466027076445168,1.0,23
NIFTY50,2017-08-07,BULL,0.999997198877123,3.826925145710612e-10,2.800740184480355e-06,0.9466006802709198,5.946203773088883e-08,0.05339926026704246,0.999997198877123,91.99010204063795,0.9999957983156845,BULL,0.9466006802709198,96.26221371288426,HIGH,0.9466030530412036,1.0,24
NIFTY50,2017-08-08,BULL,0.995177846734059,1.2929268191012605e-09,0.004822151973014247,0.9423565909961931,0.00010124349404551891,0.05754216550976148,0.995177846734059,91.35348864942895,0.9927667701010883,BULL,0.9423565909961931,96.25088984186651,HIGH,0.9464412834552359,1.0,25
NIFTY50,2017-08-09,BULL,0.8539512852409006,1.0135730919625098e-05,0.14603857902817982,0.817987170419123,0.0030757175512164674,0.17893711202966053,0.8539512852409006,72.69807556286845,0.7809269278613509,BULL,0.817987170419123,95.91907935330025,HIGH,0.9417011336185749,1.0,26
NIFTY50,2017-08-10,BEAR,0.007063890348393431,0.00022481154061440825,0.9927112981109922,0.0721802864881344,0.021055315240767727,0.9067643982710978,0.9927112981109922,86.01465974066467,0.9890669471664884,BEAR,0.9067643982710978,66.92970374446452,MODERATE,0.9132814820637788,0.1,1
NIFTY50,2017-08-11,BEAR,2.2772299051898127e-07,0.0004049428168491252,0.9995948294601604,0.06595275846326096,0.021370630035689946,0.9126766115010491,0.9995948294601604,86.90149172515734,0.9993922441902406,BEAR,0.9126766115010491,69.91354940373166,MODERATE,0.9130507057675953,0.2,2
NIFTY50,2017-08-14,BEAR,0.00010789552802977614,0.00029078093452688126,0.9996013235374434,0.0660520240932627,0.02126252232493826,0.912685453581799,0.9996013235374434,86.90281803726985,0.9994019853061649,BEAR,0.912685453581799,72.91352168074779,MODERATE,0.9130503097249686,0.3,3
NIFTY50,2017-08-16,BEAR,0.0031878474570850557,0.000490104194722218,0.9963220483481928,0.06875656806958294,0.021382664246277966,0.909860767684139,0.9963220483481928,86.47911515262085,0.9944830725222891,BEAR,0.909860767684139,75.92124864771368,HIGH,0.9131606949673383,0.4,4
NIFTY50,2017-08-17,BEAR,0.004140010971395287,0.0002561777758908367,0.9956038112527138,0.06960419399904527,0.02114578438710771,0.909250021613847,0.9956038112527138,86.38750324207706,0.9934057168790709,BEAR,0.909250021613847,78.9229107259797,HIGH,0.9131844389425672,0.5,5
NIFTY50,2017-08-18,BEAR,0.00011955747351597558,0.00015687083223855537,0.9997235716942454,0.06606751333528818,0.021138120364036866,0.912794366300675,0.9997235716942454,86.91915494510125,0.9995853575413681,BEAR,0.912794366300675,81.91321981812152,HIGH,0.9130459974017361,0.6,6
NIFTY50,2017-08-21,BEAR,3.6117097170470756e-06,0.0002686684624760244,0.9997277198278071,0.06596104999659567,0.021244209813987773,0.9127947401894164,0.9997277198278071,86.91921102841248,0.9995915797417104,BEAR,0.9127947401894164,84.91322227732617,HIGH,0.9130460325332311,0.7,7
NIFTY50,2017-08-22,BEAR,9.27183021058572e-06,0.00022808450838933126,0.9997626436614001,0.0659676163100797,0.02120646284896471,0.9128259208409555,0.9997626436614001,86.92388812614332,0.9996439654921,BEAR,0.9128259208409555,87.91313578703296,HIGH,0.9130447969576138,0.8,8
NIFTY50,2017-08-23,BEAR,0.00039240270693556,0.0002356370434123294,0.9993719602496521,0.06630472032510948,0.02120542141169335,0.9124898582631971,0.9993719602496521,86.87347873947957,0.999057940374478,BEAR,0.9124898582631971,90.91405458757585,HIGH,0.9130579226796551,0.9,9
NIFTY50,2017-08-24,BEAR,0.0008938437919388454,0.0001495951778713564,0.9989565610301898,0.06674966039549836,0.021115118328385345,0.9121352212761162,0.9989565610301898,86.82028319141743,0.9984348415452847,BEAR,0.9121352212761162,93.91502124350959,HIGH,0.9130717320501369,1.0,10
NIFTY50,2017-08-28,BEAR,0.005032213439267492,0.00027494090609752036,0.9946928456546351,0.07038916722787898,0.02114444899909225,0.9084663837730288,0.9946928456546351,86.2699575659543,0.9920392684819527,BEAR,0.9084663837730288,93.92505324042737,HIGH,0.9132150462918196,1.0,11
NIFTY50,2017-08-29,BEAR,2.1784123612615437e-05,0.00018632307161225403,0.9997918928047751,0.06598026277949989,0.021167480297435416,0.9128522569230647,0.9997918928047751,86.9278385384597,0.9996878392071626,BEAR,0.9128522569230647,93.91306250181657,HIGH,0.913043750025951,1.0,12
NIFTY50,2017-08-30,BEAR,0.006047841646987122,0.00032410926805502376,0.9936280490849579,0.07128164837423673,0.021168713012457166,0.9075496386133061,0.9936280490849579,86.13244579199589,0.9904420736274367,BEAR,0.9075496386133061,93.92756052605908,HIGH,0.913250864657987,1.0,13
NIFTY50,2017-08-31,BEAR,0.0033762918626412653,0.00013487446461839407,0.9964888336727404,0.06893636433015211,0.02104935030353069,0.9100142853663172,0.9964888336727404,86.50214280494757,0.9947332505091107,BEAR,0.9100142853663172,93.9208179741444,HIGH,0.9131545424877773,1.0,14
NIFTY50,2017-09-01,BULL,0.7280743812036723,0.00098637392744333,0.27093924486888443,0.7070975372593754,0.006623662877218703,0.286278799863406,0.7280743812036723,56.064630588906304,0.5921115718055084,BULL,0.7070975372593754,68.62571095045425,MODERATE,0.9375101564350606,0.1,1
NIFTY50,2017-09-04,BULL,0.9318000140158074,0.0001230167726571097,0.0680769692115356,0.8865390708853382,0.001545928768272159,0.11191500034638949,0.9318000140158074,82.98086063280074,0.897700021023711,BULL,0.8865390708853382,72.1022755084986,MODERATE,0.9443182215499799,0.2,2
NIFTY50,2017-09-05,BULL,0.9936446004990329,9.162913174542559e-06,0.006346236587792487,0.9410060039090461,0.00014192863984967207,0.05885206745110421,0.9936446004990329,91.1509005863569,0.9904669007485494,BULL,0.9410060039090461,75.24730975061891,HIGH,0.9463901392945558,0.3,3
NIFTY50,2017-09-06,BULL,0.9088059623087493,4.17815903751618e-06,0.09118985953221313,0.8662943405179067,0.0019185098100646977,0.13178714967202873,0.9088059623087493,79.944151077686,0.8632089434631238,BULL,0.8662943405179067,78.04795493546891,HIGH,0.9435422133638416,0.4,4
NIFTY50,2017-09-07,BULL,0.9321932322593734,3.1759446784104226e-05,0.06777500829384248,0.8868889094343642,0.0014530622373495224,0.11165802832828643,0.9321932322593734,83.03333641515462,0.89828984838906,BULL,0.8868889094343642,81.10297505276685,HIGH,0.9443282150395266,0.5,5
NIFTY50,2017-09-08,BULL,0.9820517296978282,1.3296781726860264e-05,0.017934973520445013,0.9307967572576697,0.00038915589201134307,0.06881408685031881,0.9820517296978282,89.61951358865048,0.9730775945467423,BULL,0.9307967572576697,84.22008052785166,HIGH,0.946001150397881,0.6,6
NIFTY50,2017-09-11,BULL,0.9999560158819878,6.900866099711831e-07,4.329403140224799e-05,0.9465643862098503,1.5635777917566274e-06,0.05343405021235807,0.9999560158819878,91.98465793147754,0.9999340238229817,BULL,0.9465643862098503,87.2621186424305,HIGH,0.9466016948918644,0.7,7
NIFTY50,2017-09-12,BULL,0.9999989522816917,1.5636022689100217e-09,1.0461547060674565e-06,0.9466022243339843,2.3743886404584282e-08,0.05339775192212929,0.9999989522816917,91.99033365009764,0.9999984284225375,BULL,0.9466022243339843,90.26221783570496,HIGH,0.9466031119386424,0.8,8
NIFTY50,2017-09-13,BULL,0.9999806845991435,3.2953659652644714e-11,1.9315367902881276e-05,0.9465861372365677,4.058580864805972e-07,0.05341345690534588,0.9999806845991435,91.98792058548514,0.9999710268987152,BULL,0.9465861372365677,93.26217490896836,HIGH,0.946602498699548,0.9,9
NIFTY50,2017-09-14,BULL,0.999981464482803,5.894995609849873e-10,1.8534927697483234e-05,0.9465868240075705,3.900002964161936e-07,0.05341278599213292,0.999981464482803,91.98802360113558,0.9999721967242043,BULL,0.9465868240075705,96.26217674280382,HIGH,0.9466025248971974,1.0,10
NIFTY50,2017-09-15,BULL,0.999840030667282,1.3087060088743885e-09,0.00015996802401202487,0.9464622724388544,3.360096191967125e-06,0.05353436746495368,0.999840030667282,91.96934086582814,0.9997600460009228,BULL,0.9464622724388544,96.26184442218668,HIGH,0.9465977774598099,1.0,11
NIFTY50,2017-09-18,BULL,0.9999999661192288,2.2273881532608803e-09,3.165338293598536e-08,0.9466031171287352,3.0736209247029184e-09,0.053396879797643855,0.9999999661192288,91.99046756931028,0.9999999491788434,BULL,0.9466031171287352,96.26222021951787,HIGH,0.9466031459931123,1.0,12
NIFTY50,2017-09-19,BULL,0.999999718567482,2.2782978933579203e-12,2.814302396606275e-07,0.9466028992127774,6.207965659036578e-09,0.05339709457925702,0.999999718567482,91.9904348819166,0.9999995778512231,BULL,0.9466028992127774,96.26221963238247,HIGH,0.9466031376054637,1.0,13
NIFTY50,2017-09-20,BULL,0.9999985035312756,5.845373015880879e-12,1.496462879080449e-06,0.9466018292094645,3.172118243012574e-08,0.0533981390693532,0.9999985035312756,91.99027438141967,0.9999977552969133,BULL,0.9466018292094645,96.26221677746061,HIGH,0.946603096820866,1.0,14
NIFTY50,2017-09-21,BULL,0.9999687116630268,6.034225812894031e-11,3.1288276630966604e-05,0.9465755934512265,6.572574847043068e-07,0.05342374929128877,0.9999687116630268,91.98633901768399,0.99995306749454,BULL,0.9465755934512265,96.26214677662142,HIGH,0.9466020968088775,1.0,15
NIFTY50,2017-09-22,BEAR,0.4213366441920084,3.3342116046428015e-07,0.5786630223868312,0.437012042011785,0.012149453431532266,0.5508385045566828,0.5786630223868312,32.625775683502425,0.3679945335802468,BEAR,0.5508385045566828,67.90255485452204,MODERATE,0.9271793550646006,0.1,1
NIFTY50,2017-09-25,BEAR,0.0005195265570320404,0.00015094438840413757,0.9993295290545638,0.06641997102267631,0.021124228132217204,0.9124558008451066,0.9993295290545638,86.86837012676597,0.9989942935818458,BEAR,0.9124558008451066,69.91414504011226,MODERATE,0.9130592148587466,0.2,2
NIFTY50,2017-09-26,BEAR,0.0002596434796138627,0.0001702288570254731,0.9995701276633607,0.06619035730104225,0.021147564361059235,0.9126620783378985,0.9995701276633607,86.89931175068477,0.9993551914950409,BEAR,0.9126620783378985,72.91358181892906,MODERATE,0.9130511688418439,0.3,3
NIFTY50,2017-09-27,BEAR,2.3722592500036206e-07,0.0008455346025283412,0.9991542281715466,0.06593559417252605,0.021779132291162486,0.9122852735363115,0.9991542281715466,86.8427910304467,0.99873134225732,BEAR,0.9122852735363115,75.91463277339957,HIGH,0.913066182477137,0.4,4
NIFTY50,2017-09-28,BEAR,7.70471748829767e-09,1.354171077669385e-05,0.9999864505845057,0.0659678200937495,0.02100774020733566,0.9130244396989149,0.9999864505845057,86.95366595483723,0.9999796758767586,BEAR,0.9130244396989149,78.91258649172737,HIGH,0.9130369498818196,0.5,5
NIFTY50,2017-09-29,BEAR,4.309834930509849e-06,0.0002257691680179848,0.9997699209970515,0.06596333684784429,0.021204420318257332,0.9128322428338983,0.9997699209970515,86.92483642508476,0.9996548814955771,BEAR,0.9128322428338983,81.91311843493045,HIGH,0.9130445490704351,0.6,6
NIFTY50,2017-10-03,BEAR,1.9832597300059513e-05,0.0002162259736143328,0.9997639414290856,0.06597737869155,0.021195246273770195,0.9128273750346798,0.9997639414290856,86.92410625520198,0.9996459121436283,BEAR,0.9128273750346798,84.91313144300962,HIGH,0.9130447349001375,0.7,7
NIFTY50,2017-10-04,BEAR,0.0002460394611673699,0.00014574823692523376,0.9996082123019073,0.06617933129409845,0.021125152340682123,0.9126955163652195,0.9996082123019073,86.90432745478293,0.9994123184528608,BEAR,0.9126955163652195,87.91348965994007,HIGH,0.9130498522848581,0.8,8
NIFTY50,2017-10-05,BEAR,4.951190958847408e-05,9.814614473980851e-05,0.9998523419456717,0.06600811764762626,0.02108514335248599,0.9129067389998876,0.9998523419456717,86.93601084998316,0.9997785129185076,BEAR,0.9129067389998876,90.91291083940169,HIGH,0.9130415834200243,0.9,9
NIFTY50,2017-10-06,BEAR,0.005995616234133265,0.00039959634955786605,0.9936047874163089,0.07123271464706477,0.02123979867536763,0.9075274866775676,0.9936047874163089,86.12912300163514,0.9904071811244631,BEAR,0.9075274866775676,93.92762342483039,HIGH,0.9132517632118627,1.0,10
NIFTY50,2017-10-09,BEAR,0.0016536152624595857,0.00016401944345018182,0.9981823652940902,0.06741817939178285,0.021112540498646262,0.911469280109571,0.9981823652940902,86.72039201643564,0.9972735479411353,BEAR,0.911469280109571,93.91684192059766,HIGH,0.9130977417228238,1.0,11
NIFTY50,2017-10-10,BEAR,0.007443777166934046,0.00027384123187517123,0.9922823816011909,0.0725129170444839,0.021092798190993578,0.9063942847645224,0.9922823816011909,85.95914271467838,0.9884235724017861,BEAR,0.9063942847645224,93.93071690848926,HIGH,0.9132959558355611,1.0,12
NIFTY50,2017-10-11,BEAR,0.0028995086191368866,0.0002427021759562978,0.9968577892049068,0.06851228968049028,0.021159334822574594,0.9103283754969351,0.9968577892049068,86.54925632454027,0.99528668380736,BEAR,0.9103283754969351,93.91996282396934,HIGH,0.9131423260567052,1.0,13
NIFTY50,2017-10-12,BEAR,0.42066198809810645,0.0027428930330393704,0.5765951188688542,0.4363110214119714,0.014706430538825617,0.5489825480492031,0.5765951188688542,32.34738220738046,0.36489267830328126,BEAR,0.5489825480492031,94.90771316894795,HIGH,0.9272530452706851,1.0,14
NIFTY50,2017-10-13,BULL,0.9995272214378375,5.113258739783799e-05,0.00042164597476468255,0.9461848088332073,5.733485174262983e-05,0.05375785631505005,0.9995272214378375,91.92772132498108,0.9992908321567562,BULL,0.9461848088332073,69.26123514856519,MODERATE,0.9465890735509314,0.1,1
NIFTY50,2017-10-16,BULL,0.9999998819191062,3.281960147487527e-08,8.526129240325799e-08,0.9466030417868035,3.320552889174791e-08,0.05339692500766746,0.9999998819191062,91.99045626802055,0.9999998228786591,BULL,0.9466030417868035,72.26222009689715,MODERATE,0.9466031442413879,0.2,2
NIFTY50,2017-10-17,BULL,0.9999999051061655,1.6299463064451582e-11,9.487753502828945e-08,0.946603063484688,2.3045515288508123e-09,0.053396934210760326,0.9999999051061655,91.9904595227032,0.9999998576592481,BULL,0.946603063484688,75.26222007072074,HIGH,0.9466031438674393,0.3,3
NIFTY50,2017-10-18,BULL,0.9999999946371974,1.849754031946264e-12,5.360952961906658e-09,0.946603142329394,4.114336831904444e-10,0.05339685725917218,0.9999999946371974,91.99047134940912,0.999999991955796,BULL,0.946603142329394,78.26222028105335,HIGH,0.9466031468721906,0.4,4
NIFTY50,2017-10-19,BULL,0.9998624692826217,4.971806564612578e-12,0.00013753071240651566,0.9464820327153344,2.887784539751188e-06,0.05351507950012591,0.9998624692826217,91.97230490730014,0.9997937039239325,BULL,0.9464820327153344,81.26189714225755,HIGH,0.9465985306036794,0.5,5
NIFTY50,2017-10-23,BULL,0.9999998481522719,1.6938495362611756e-09,1.5015387848335185e-07,0.9466030132637224,5.055679215267244e-09,0.0533969816805984,0.9999998481522719,91.99045198955837,0.9999997722284077,BULL,0.9466030132637224,84.26221994102288,HIGH,0.9466031420146126,0.6,6
NIFTY50,2017-10-24,BULL,0.9999998601001976,2.7953185506543203e-12,1.398970070694732e-07,0.9466030238513927,3.23693952847823e-09,0.0533969729116678,0.9999998601001976,91.9904535777089,0.9999997901502964,BULL,0.9466030238513927,87.2622199649385,HIGH,0.9466031423562643,0.7,7
NIFTY50,2017-10-25,BEAR,0.012158025125596038,5.700844570026584e-09,0.9878419691735594,0.07667512099001493,0.020739930236124648,0.9025849487738605,0.9878419691735594,85.38774231607906,0.9817629537603391,BEAR,0.9025849487738605,72.94112050250575,MODERATE,0.913444578607225,0.3,1
NIFTY50,2017-10-26,BULL,0.9965224056914684,0.0034305508798402355,4.704342869129937e-05,0.943406946113635,0.003253708863843901,0.05333934502252118,0.9965224056914684,91.51104191704525,0.9947836085372025,BULL,0.943406946113635,90.26248430088218,HIGH,0.9466069185840311,0.8,1
NIFTY50,2017-10-27,BULL,0.9999958297618997,4.134915019513773e-06,3.532308080504213e-08,0.9465993134314246,3.921611527872445e-06,0.05339676495704761,0.9999958297618997,91.98989701471369,0.9999937446428494,BULL,0.9465993134314246,93.2622206620974,HIGH,0.9466031523156773,0.9,2
NIFTY50,2017-10-30,BULL,0.9999999939476361,2.311800876899787e-09,3.740563012878273e-09,0.9466031416321091,2.5676231248924004e-09,0.053396855800267776,0.9999999939476361,91.99047124481635,0.9999999909214541,BULL,0.9466031416321091,93.26222028511289,HIGH,0.9466031469301843,0.9,3
NIFTY50,2017-10-31,BULL,0.9999998680618635,1.9722445642951042e-12,1.3193616425136622e-07,0.9466030308627449,3.069019755484132e-09,0.053396966068235394,0.9999998680618635,91.99045462941173,0.999999802092795,BULL,0.9466030308627449,93.26221998364373,HIGH,0.9466031426234819,0.9,4
NIFTY50,2017-11-01,BULL,0.9999999994123425,2.899180687916551e-12,5.847582070515826e-10,0.9466031465345124,3.1215161981977666e-10,0.05339685315333597,0.9999999994123425,91.99047198017686,0.9999999991185138,BULL,0.9466031465345124,93.26222029227594,HIGH,0.9466031470325135,0.9,5
NIFTY50,2017-11-02,BULL,0.999999980826819,1.7062807516242394e-13,1.9173010452635076e-08,0.9466031301675598,6.998282955630215e-10,0.053396869132612004,0.999999980826819,91.99046952513396,0.9999999712402284,BULL,0.9466031301675598,93.26222024859942,HIGH,0.9466031464085631,0.9,6
NIFTY50,2017-11-03,BULL,0.9999999785078149,3.6917571909262297e-13,2.1491815992993577e-08,0.9466031281253563,7.487003015159648e-10,0.053396871125943456,0.9999999785078149,91.99046921880343,0.9999999677617223,BULL,0.9466031281253563,93.26222024315102,HIGH,0.9466031463307288,0.9,7
NIFTY50,2017-11-06,BULL,0.9999998640316435,5.260355337285949e-13,1.3596783041132278e-07,0.9466030273136493,3.152294089233325e-09,0.053396969534056656,0.9999998640316435,91.99045409704738,0.9999997960474651,BULL,0.9466030273136493,93.26221997417049,HIGH,0.9466031424881499,0.9,8
NIFTY50,2017-11-07,BULL,0.9992908577363594,3.600870066118971e-11,0.0007091422276318594,0.9459786516910107,1.4888903269816403e-05,0.054006459405719534,0.9992908577363594,91.89679775365161,0.9989362866045389,BULL,0.9459786516910107,93.26055404547996,HIGH,0.9465793435068566,0.9,9
NIFTY50,2017-11-08,BULL,0.996116586941787,1.5407272675387038e-07,0.0038832589854863077,0.943183272342052,8.167612254895168e-05,0.056735051535399116,0.996116586941787,91.47749085130779,0.9941748804126804,BULL,0.943183272342052,96.25309594452602,HIGH,0.9464727992075148,1.0,10
NIFTY50,2017-11-09,BULL,0.9994721257564793,3.1799613898464677e-07,0.0005275562473818334,0.9461382702258062,1.1377950068859894e-05,0.05385035182412486,0.9994721257564793,91.92074053387095,0.9992081886347187,BULL,0.9461382702258062,96.26098074680121,HIGH,0.9465854392400173,1.0,11
NIFTY50,2017-11-10,BULL,0.9993464420735735,6.014755727772515e-08,0.0006534977788692361,0.9460275988500976,1.3777633330995057e-05,0.05395862351657144,0.9993464420735735,91.90413982751463,0.9990196631103601,BULL,0.9460275988500976,96.26068479797436,HIGH,0.9465812113996339,1.0,12
NIFTY50,2017-11-13,BULL,0.6112946212531997,2.9151272361843393e-06,0.3887024636195641,0.6042955476517706,0.008163644304494077,0.38754080804373536,0.6112946212531997,40.644332147765596,0.4169419318797995,BULL,0.6042955476517706,95.34889921485346,HIGH,0.9335557030693351,1.0,13
NIFTY50,2017-11-14,BEAR,0.008438849526605953,0.0002405161665629608,0.9913206343068311,0.07339051128822383,0.02104100854024813,0.905568480171528,0.9913206343068311,85.83527202572921,0.9869809514602466,BEAR,0.905568480171528,66.9329730560891,MODERATE,0.9133281865155585,0.1,1
NIFTY50,2017-11-15,BEAR,1.022304870470805e-05,0.00031106502213146264,0.9996787119291638,0.06596521970870262,0.021283379726717164,0.9127514005645803,0.9996787119291638,86.91271008468703,0.9995180678937455,BEAR,0.9127514005645803,69.91334205838204,MODERATE,0.9130477436911723,0.2,2
NIFTY50,2017-11-16,BEAR,0.0011951276190934877,0.000323805014853064,0.9984810673660534,0.06700819135669403,0.021270314545727594,0.9117214940975784,0.9984810673660534,86.75822411463676,0.99772160104908,BEAR,0.9117214940975784,72.91615751536776,MODERATE,0.9130879645052538,0.3,3
NIFTY50,2017-11-17,BEAR,0.013915535000633597,0.00048114217581474367,0.9856033228235517,0.078204092414428,0.021149125171487076,0.900646782414085,0.9856033228235517,85.09701736211274,0.9784049842353275,BEAR,0.900646782414085,75.94643310615214,HIGH,0.9135204729450307,0.4,4
NIFTY50,2017-11-20,BEAR,0.013931973716480025,0.00027223782125629066,0.9857957884622637,0.07822671124886671,0.020955090676011603,0.9008181980751218,0.9857957884622637,85.12272971126826,0.9786936826933955,BEAR,0.9008181980751218,78.94595806803069,HIGH,0.9135136866861528,0.5,5
NIFTY50,2017-11-21,BEAR,0.01534845583205089,0.00044576906906569576,0.9842057750988835,0.07946735108729168,0.0210862439334481,0.8994464049792602,0.9842057750988835,84.91696074688902,0.9763086626483253,BEAR,0.8994464049792602,81.94971301608982,HIGH,0.9135673288012833,0.6,6
NIFTY50,2017-11-22,BEAR,0.03009849326627162,0.0005387043838235821,0.9693628023499048,0.09245312516144692,0.02086273079245841,0.8866841440460947,0.9693628023499048,83.00262160691419,0.9540442035248572,BEAR,0.8866841440460947,84.98459920764833,HIGH,0.9140657029664048,0.7,7
NIFTY50,2017-11-23,BEAR,0.028874794388250514,0.0005976540541531406,0.9705275515575964,0.09137319569453195,0.02094307880424418,0.8876837255012238,0.9705275515575964,83.15255882518356,0.9557913273363946,BEAR,0.8876837255012238,87.98186887079315,HIGH,0.914026698154188,0.8,8
NIFTY50,2017-11-24,BEAR,0.12996666938772777,0.0010227309567389163,0.8690105996555334,0.18038165147065552,0.019214753780597234,0.8004035947487472,0.8690105996555334,70.06053921231208,0.8035158994832999,BEAR,0.8004035947487472,91.22044632390734,HIGH,0.9174349474843907,0.9,9
NIFTY50,2017-11-27,BULL,0.8147404375841635,0.0006057425033770266,0.18465381991245958,0.7834335186246824,0.004451183875051377,0.21211529750026636,0.8147404375841635,67.51502779370236,0.7221106563762452,BULL,0.7834335186246824,68.82841141924683,MODERATE,0.9404058774178118,0.1,1
NIFTY50,2017-11-28,BULL,0.9842257273003604,4.557263474838429e-05,0.015728700064891223,0.9327099972195612,0.0003734375380724241,0.06691656524236651,0.9842257273003604,89.90649958293417,0.9763385909505404,BULL,0.9327099972195612,72.22526805988213,MODERATE,0.946075257998316,0.2,2
NIFTY50,2017-11-29,BULL,0.9921401656873398,4.964532078983173e-06,0.007854869780581334,0.9396813098881739,0.00016962192331692645,0.06014906818850911,0.9921401656873398,90.9521964832261,0.9882102485310095,BULL,0.9396813098881739,75.24376450643975,HIGH,0.9463394929491393,0.3,3
NIFTY50,2017-11-30,BEAR,0.002920046921007246,1.4164858037494636e-05,0.9970657882209553,0.06853928397430988,0.02094701120683393,0.9105137048188561,0.9970657882209553,86.5770557228284,0.9955986823314329,BEAR,0.9105137048188561,84.91944914407738,HIGH,0.913134987772534,0.7,1
NIFTY50,2017-12-01,BEAR,1.6041601457507437e-05,0.00017933721061055345,0.999804621187932,0.065975477997975,0.021161123798349588,0.9128633982036753,0.999804621187932,86.9295097305513,0.9997069317818978,BEAR,0.9128633982036753,84.91303183164489,HIGH,0.9130433118806413,0.7,2
NIFTY50,2017-12-04,BEAR,0.0001436490338500635,0.00013763524221698447,0.999718715723933,0.06608947893492392,0.02111977994028851,0.9127907411247876,0.999718715723933,86.91861116871813,0.9995780735858993,BEAR,0.9127907411247876,84.9132291279155,HIGH,0.913046130398793,0.7,3
NIFTY50,2017-12-05,BEAR,0.000453362465660757,0.00023716795962275814,0.9993094695747164,0.06635834394087942,0.021205560966304205,0.9124360950928164,0.9993094695747164,86.86541426392245,0.9989642043620747,BEAR,0.9124360950928164,84.91420158700356,HIGH,0.9130600226714796,0.7,4
NIFTY50,2017-12-06,BEAR,2.3658024096935904e-06,0.0003046070922342935,0.9996930271053559,0.06595855205066802,0.02127755710730199,0.91276389084203,0.9996930271053559,86.91458362630449,0.9995395406580339,BEAR,0.91276389084203,84.91330771741389,HIGH,0.9130472531059127,0.7,5
NIFTY50,2017-12-07,BEAR,0.00033694581022570603,0.00034990350395823575,0.9993131506858159,0.0662514293621548,0.021312529906331593,0.9124360407315136,0.9993131506858159,86.86540610972703,0.9989697260287239,BEAR,0.9124360407315136,84.91420524595596,HIGH,0.9130600749422281,0.7,6
NIFTY50,2017-12-08,BEAR,0.022760015750787378,0.0006221731877886719,0.9766178110614239,0.0859873531294642,0.021094193058504598,0.8929184538120312,0.9766178110614239,83.93776807180467,0.9649267165921358,BEAR,0.8929184538120312,84.96756146527404,HIGH,0.9138223066467722,0.7,7
NIFTY50,2017-12-11,BEAR,0.16423659563211276,0.0007581687747949617,0.8350052355930923,0.21057125298637655,0.018249956852460843,0.7711787901611624,0.8350052355930923,65.67681852417438,0.7525078533896382,BEAR,0.7711787901611624,88.3003187250496,HIGH,0.9185759817864231,0.8,8
NIFTY50,2017-12-12,BEAR,0.0051606656798484675,0.00022203576487441737,0.994617298555277,0.07050434879110073,0.02109270018458919,0.9084029510243101,0.994617298555277,86.26044265364652,0.9919259478329155,BEAR,0.9084029510243101,90.92522497483955,HIGH,0.9132174996405652,0.9,9
NIFTY50,2017-12-13,BEAR,0.0002731971729622905,0.00012998910631766686,0.99959681372072,0.06620386155373433,0.021109970803258046,0.9126861676430077,0.99959681372072,86.90292514645114,0.9993952205810801,BEAR,0.9126861676430077,93.91351472224756,HIGH,0.9130502103178223,1.0,10
NIFTY50,2017-12-14,BEAR,0.002847055038186149,0.0002454880380336351,0.9969074569237802,0.06846598864867552,0.02116301905641507,0.9103709922949095,0.9969074569237802,86.55564884423642,0.9953611853856702,BEAR,0.9103709922949095,93.91984642552077,HIGH,0.9131406632217254,1.0,11
NIFTY50,2017-12-15,BEAR,0.015002107160444143,0.0004902917761675098,0.9845076010633883,0.07916060905949972,0.021134795601921812,0.8997045953385786,0.9845076010633883,84.95568930078677,0.9767614015950823,BEAR,0.8997045953385786,93.9490086864843,HIGH,0.9135572669497758,1.0,12
NIFTY50,2017-12-18,BEAR,0.3638924571022355,0.001324119232458739,0.6347834236653057,0.3863730951235584,0.014582876138866227,0.5990440287375755,0.6347834236653057,39.85660431063632,0.45217513549795857,BEAR,0.5990440287375755,94.77083512246894,HIGH,0.9252976446066992,1.0,13
NIFTY50,2017-12-19,BULL,0.9942875407869178,0.00012991707005701914,0.005582542143025215,0.9415674929484951,0.00024038933888014322,0.058192117712624725,0.9942875407869178,91.23512394227427,0.9914313111803768,BULL,0.9415674929484951,69.24911736214428,MODERATE,0.9464159623163467,0.1,1
NIFTY50,2017-12-20,BULL,0.9998897243492156,4.6408358777786027e-07,0.00010981156719655593,0.9465060163875249,2.745838068826246e-06,0.05349123777440629,0.9998897243492156,91.97590245812872,0.9998345865238233,BULL,0.9465060163875249,72.26196232368918,MODERATE,0.9465994617669883,0.2,2
NIFTY50,2017-12-21,BULL,0.9999859509354543,3.0984642551978816e-09,1.4045966081392911e-05,0.9465907748361404,2.9813262556572015e-07,0.05340892703123406,0.9999859509354543,91.98861622542105,0.9999789264031814,BULL,0.9465907748361404,75.26218729064324,HIGH,0.946602675580618,0.3,3
NIFTY50,2017-12-22,BULL,0.9999982019999817,2.486474761239771e-10,1.7977513707948296e-06,0.9466015636610484,3.827700587506521e-08,0.053398398061945705,0.9999982019999817,91.99023454915725,0.9999973029999724,BULL,0.9466015636610484,78.26221606955946,HIGH,0.9466030867079922,0.4,4
NIFTY50,2017-12-26,BULL,0.9999997195926134,2.265518345873419e-11,2.803847313808836e-07,0.9466029001147495,6.205335625449789e-09,0.05339709367991489,0.9999997195926134,91.9904350172124,0.99999957938892,BULL,0.9466029001147495,81.26221963484129,HIGH,0.9466031376405898,0.5,5
NIFTY50,2017-12-27,BULL,0.9999992775299215,5.595611195045596e-12,7.224644829753777e-07,0.9466025108196213,1.5470706381303044e-08,0.053397473709672204,0.9999992775299215,91.99037662294322,0.999998916294882,BULL,0.9466025108196213,84.26221859609917,HIGH,0.9466031228014167,0.6,6
NIFTY50,2017-12-28,BULL,0.9999672275501397,4.1934447491605e-11,3.277240792582816e-05,0.9465742864904797,6.883996416614128e-07,0.05342502510987862,0.9999672275501397,91.98614297357194,0.9999508413252095,BULL,0.9465742864904797,87.2621432894049,HIGH,0.9466020469914987,0.7,7
NIFTY50,2017-12-29,BULL,0.9999980260592687,5.731634174718176e-10,1.9733675678735555e-06,0.9466014087088843,4.2271794315859695e-08,0.05339854901932138,0.9999980260592687,91.99021130633265,0.999997039088903,BULL,0.9466014087088843,90.26221565695528,HIGH,0.9466030808136469,0.8,8
NIFTY50,2018-01-02,BULL,0.9971134387665597,5.221531835066146e-10,0.0028865607112870495,0.9440611407401495,6.060466730742964e-05,0.055878254592543086,0.9971134387665597,91.6091711110224,0.9956701581498395,BULL,0.9440611407401495,93.25543783692206,HIGH,0.9465062548131722,0.9,9
NIFTY50,2018-01-03,BULL,0.9997851471573337,1.5413607627709188e-07,0.00021469870659005896,0.946413934153069,4.65408221207691e-06,0.053581411764719006,0.9997851471573337,91.96209012296033,0.9996777207360004,BULL,0.946413934153069,96.26171583998703,HIGH,0.9465959405712435,1.0,10
NIFTY50,2018-01-04,BULL,0.9999967657779197,4.890362760392474e-09,3.2293317174654763e-06,0.9466002986929944,7.273440154261736e-08,0.05339962857260397,0.9999967657779197,91.99004480394916,0.9999951486668794,BULL,0.9466002986929944,96.26221270632895,HIGH,0.9466030386618424,1.0,11
NIFTY50,2018-01-05,BULL,0.9999989614658206,5.703878239554304e-11,1.038477140701914e-06,0.9466022324805681,2.2154226981030592e-08,0.05339774536520483,0.9999989614658206,91.99033487208521,0.9999984421987307,BULL,0.9466022324805681,96.26221785358022,HIGH,0.9466031121940034,1.0,12
NIFTY50,2018-01-08,BULL,0.9999997600217368,1.518337446536659e-11,2.3996307984832646e-07,0.946602935718334,5.349591096574251e-09,0.05339705893207501,0.9999997600217368,91.99044035775007,0.9999996400326051,BULL,0.946602935718334,96.26221972981787,HIGH,0.9466031389973985,1.0,13
NIFTY50,2018-01-09,BULL,0.999999420210224,4.350360443549289e-12,5.797854255892196e-07,0.9466026364689106,1.2473952527341293e-08,0.05339735105713691,0.999999420210224,91.9903954703366,0.999999130315336,BULL,0.9466026364689106,96.26221893134729,HIGH,0.9466031275906759,1.0,14
NIFTY50,2018-01-10,BULL,0.9999960818244009,1.3448537514799815e-11,3.918162150512175e-06,0.9465996965698045,8.257241480400056e-08,0.05340022085778071,0.9999960818244009,91.98995448547068,0.9999941227366014,BULL,0.9465996965698045,96.26221108727428,HIGH,0.9466030155324898,1.0,15
NIFTY50,2018-01-11,BULL,0.9999990815370284,8.040159529676728e-11,9.183825699714811e-07,0.9466023382185426,1.965497104594424e-08,0.05339764212648649,0.9999990815370284,91.99035073278137,0.9999986223055425,BULL,0.9466023382185426,96.26221813576504,HIGH,0.9466031162252149,1.0,16
NIFTY50,2018-01-12,BULL,0.9999997639294547,1.7703465623342654e-11,2.3605284184205065e-07,0.9466029391595081,5.269884384464392e-09,0.05339705557060753,0.9999997639294547,91.99044087392622,0.999999645894182,BULL,0.9466029391595081,96.2622197390059,HIGH,0.9466031391286559,1.0,17
NIFTY50,2018-01-15,BULL,0.9999999519979855,4.463850122242226e-12,4.7997550640640955e-08,0.9466031047797183,1.3090755124779585e-09,0.053396893911206236,0.9999999519979855,91.99046571695774,0.9999999279969781,BULL,0.9466031047797183,96.26222018087181,HIGH,0.9466031454410258,1.0,18
NIFTY50,2018-01-16,BULL,0.9999938138201646,3.219983704423753e-12,6.186176615459326e-06,0.9465976992867327,1.301800989172747e-07,0.053402170533168515,0.9999938138201646,91.9896548930099,0.9999907207302468,BULL,0.9465976992867327,96.26220575819416,HIGH,0.9466029394027737,1.0,19
NIFTY50,2018-01-17,BULL,0.9999999484940041,2.479912062509334e-10,5.1258004679392464e-08,0.9466031016844985,1.608432937776137e-09,0.05339689670706859,0.9999999484940041,91.99046525267477,0.9999999227410061,BULL,0.9466031016844985,96.26222017323738,HIGH,0.9466031453319627,1.0,20
NIFTY50,2018-01-18,BULL,0.9999998869373226,6.967755484732036e-12,1.1305570975356477e-07,0.9466030474849364,2.677357685142525e-09,0.053396949837706015,0.9999998869373226,91.99045712274044,0.9999998304059838,BULL,0.9466030474849364,96.26222002800708,HIGH,0.9466031432572442,1.0,21
NIFTY50,2018-01-19,BULL,0.9999999996271007,2.3735687941131544e-12,3.705257490966869e-10,0.9466031467236564,3.07155404141602e-10,0.05339685296918828,0.9999999996271007,91.99047200854847,0.9999999994406511,BULL,0.9466031467236564,96.26222029277925,HIGH,0.9466031470397036,1.0,22
NIFTY50,2018-01-22,BULL,0.9999999999989773,4.761979574236692e-13,5.465993306338075e-13,0.9466031470512177,2.975886070508748e-10,0.05339685265119372,0.9999999999989773,91.99047205768267,0.9999999999984659,BULL,0.9466031470512177,96.2622202936484,HIGH,0.9466031470521199,1.0,23
NIFTY50,2018-01-23,BULL,0.9999999999968641,3.0965258161472073e-12,3.9470864762389633e-14,0.9466031470492545,3.0006245731177276e-10,0.05339685265068294,0.9999999999968641,91.99047205738819,0.9999999999952961,BULL,0.9466031470492545,96.26222029364988,HIGH,0.9466031470521412,1.0,24
NIFTY50,2018-01-24,BULL,0.9999999999988856,1.0105044942820302e-12,1.0388245804097041e-13,0.9466031470511161,2.9808592173434295e-10,0.053396852650797876,0.9999999999988856,91.9904720576674,0.9999999999983283,BULL,0.9466031470511161,96.26222029364948,HIGH,0.9466031470521357,1.0,25
NIFTY50,2018-01-25,BULL,0.9999999999936446,1.2405453338049058e-12,5.114832876258417e-12,0.9466031470464918,2.9840924374038157e-10,0.05339685265509893,0.9999999999936446,91.99047205697376,0.999999999990467,BULL,0.9466031470464918,96.26222029363767,HIGH,0.9466031470519669,1.0,26
NIFTY50,2018-01-29,BULL,0.999999999999351,5.041198954445845e-13,1.449527497393914e-13,0.9466031470515458,2.9760664895093515e-10,0.05339685265084765,0.999999999999351,91.99047205773185,0.9999999999990264,BULL,0.9466031470515458,96.26222029364928,HIGH,0.9466031470521327,1.0,27
NIFTY50,2018-01-30,BULL,0.9999999992955503,3.298519570026291e-13,7.041198324807866e-10,0.9466031464317612,3.1222149714550755e-10,0.05339685325601732,0.9999999992955503,91.99047196476418,0.9999999989433253,BULL,0.9466031464317612,96.26222029199516,HIGH,0.9466031470285023,1.0,28
NIFTY50,2018-01-31,BULL,0.9999999965077631,2.1959071362099337e-13,3.4920173253445452e-09,0.9466031439767431,3.706493741393352e-10,0.053396855652607614,0.9999999965077631,91.99047159651145,0.9999999947616446,BULL,0.9466031439767431,96.26222028544456,HIGH,0.9466031469349222,1.0,29
NIFTY50,2018-02-01,BULL,0.9999999569686768,4.195082534812784e-13,4.303090368694388e-08,0.9466031091572397,1.2009651479734873e-09,0.0533968896417952,0.9999999569686768,91.99046637358593,0.9999999354530152,BULL,0.9466031091572397,96.26222019254132,HIGH,0.9466031456077332,1.0,30
NIFTY50,2018-02-02,BEAR,0.26328315332138424,5.5109730990819215e-09,0.7367168411676426,0.2978246495320126,0.015467511626953223,0.6867078388410341,0.7367168411676426,53.00617582615512,0.6050752617514639,BEAR,0.6867078388410341,67.53118095801455,MODERATE,0.9218740136859221,0.1,1
NIFTY50,2018-02-05,BEAR,0.0017309594886353123,0.0002693502477637732,0.9979996902636009,0.0674821859991675,0.021208575957709298,0.9113092380431231,0.9979996902636009,86.69638570646848,0.9969995353954012,BEAR,0.9113092380431231,69.91728264600692,MODERATE,0.9131040378000987,0.2,2
NIFTY50,2018-02-06,BEAR,4.899443021813186e-07,0.001554281662656022,0.9984452283930418,0.06590819235212422,0.02243625433863632,0.9116555533092394,0.9984452283930418,86.74833299638591,0.9976678425895628,BEAR,0.9116555533092394,72.91637606706027,MODERATE,0.9130910866722898,0.3,3
NIFTY50,2018-02-07,BEAR,6.805348929176877e-07,0.0007593279871514188,0.9992399914779557,0.06593934458498832,0.02169919499794451,0.9123614604170671,0.9992399914779557,86.85421906256006,0.9988599872169336,BEAR,0.9123614604170671,75.91442184623878,HIGH,0.9130631692319826,0.4,4
NIFTY50,2018-02-08,BEAR,2.211124151620514e-05,0.00047556125098279737,0.999502327507501,0.06596927740259324,0.021435645715513808,0.9125950768818929,0.999502327507501,86.88926153228394,0.9992534912612515,BEAR,0.9125950768818929,78.91377446256816,HIGH,0.9130539208938309,0.5,5
NIFTY50,2018-02-09,BEAR,6.064594369253408e-08,0.0017483370257168071,0.9982516023283394,0.06590025072742793,0.022616185208733954,0.9114835640638381,0.9982516023283394,86.72253460957572,0.9973774034925091,BEAR,0.9114835640638381,81.91685221060064,HIGH,0.9130978887228662,0.6,6
NIFTY50,2018-02-12,BEAR,2.7167769838974386e-06,0.0007056396654111792,0.9992916435576049,0.06594323034542993,0.02164937417102314,0.9124073954835468,0.9992916435576049,86.86110932253204,0.9989374653364074,BEAR,0.9124073954835468,84.91429461941598,HIGH,0.9130613517059428,0.7,7
NIFTY50,2018-02-14,BEAR,2.2575007346751403e-07,0.0012755752135557331,0.9987241990363709,0.06591882265341104,0.02217785227917525,0.9119033250674137,0.9987241990363709,86.78549876011203,0.9980862985545563,BEAR,0.9119033250674137,87.91569015006104,HIGH,0.9130812878580149,0.8,8
NIFTY50,2018-02-15,BEAR,1.3974591504687362e-06,0.0006218185665252843,0.9993767839743242,0.06594533554865697,0.021571685658223424,0.9124829787931197,0.9993767839743242,86.87244681896796,0.9990651759614863,BEAR,0.9124829787931197,90.91408541628661,HIGH,0.9130583630898088,0.9,9
NIFTY50,2018-02-16,BEAR,4.2524801386104575e-08,0.0015213669394650686,0.9984785905357336,0.0659090812346881,0.02240574626540749,0.9116851724999043,0.9984785905357336,86.75277587498567,0.9977178858036004,BEAR,0.9116851724999043,93.91629408353874,HIGH,0.9130899154791251,1.0,10
NIFTY50,2018-02-19,BEAR,7.722073178128636e-09,0.008489811892828962,0.9915101803850979,0.06563744604141765,0.028866663798057902,0.9054958901605245,0.9915101803850979,85.82438352407866,0.9872652705776468,BEAR,0.9054958901605245,93.93342833459504,HIGH,0.913334690494215,1.0,11
NIFTY50,2018-02-20,BEAR,1.3561230122940902e-08,0.006972719795941307,0.9930272666428287,0.06569658189511383,0.027460064945832998,0.9068433531590532,0.9930272666428287,86.02650297385797,0.9895408999642429,BEAR,0.9068433531590532,93.92969805251785,HIGH,0.9132814007502552,1.0,12
NIFTY50,2018-02-21,BEAR,1.1281896296241602e-07,0.002165343876456523,0.9978345433045804,0.06588404326811798,0.023002819379398676,0.9111131373524834,0.9978345433045804,86.66697060287251,0.9967518149568708,BEAR,0.9111131373524834,93.91787768880668,HIGH,0.9131125384115242,1.0,13
NIFTY50,2018-02-22,BEAR,5.386944262070057e-08,0.0009326005884417682,0.9990673455421155,0.0659320391881442,0.021859860907199522,0.9122080999046563,0.9990673455421155,86.83121498569844,0.9986010183131733,BEAR,0.9122080999046563,93.91484642442202,HIGH,0.9130692346346003,1.0,14
NIFTY50,2018-02-23,BEAR,2.185467739401042e-05,0.00027879136997079783,0.9996993539526352,0.06597672083491689,0.021253212431968465,0.9127700667331148,0.9996993539526352,86.9155100099672,0.9995490309289526,BEAR,0.9127700667331148,93.91329003289776,HIGH,0.9130470004699681,1.0,15
NIFTY50,2018-02-26,BEAR,0.0014596097757164595,0.00027224217867128394,0.9982681480456123,0.06724311328048085,0.02121695429984556,0.9115399324196735,0.9982681480456123,86.73098986295103,0.9974022220684182,BEAR,0.9115399324196735,93.91665217532194,HIGH,0.9130950310760279,1.0,16
NIFTY50,2018-02-27,BEAR,0.004791000610208011,0.00028604253477564957,0.9949229568550164,0.07017631411401319,0.02115980637805967,0.9086638795079272,0.9949229568550164,86.29958192618908,0.9923844352825246,BEAR,0.9086638795079272,93.92451376776974,HIGH,0.9132073395395676,1.0,17
NIFTY50,2018-02-28,BEAR,0.0005239117662580048,0.00021845354355652847,0.9992576346901855,0.06642120153013793,0.021186728369357942,0.912392070100504,0.9992576346901855,86.85881051507559,0.998886452035278,BEAR,0.912392070100504,93.91432133850867,HIGH,0.9130617334072668,1.0,18
NIFTY50,2018-03-01,BEAR,8.480033944090908e-05,0.0001227375558744102,0.9997924621046846,0.06603823538377034,0.02110720282650601,0.9128545617897236,0.9997924621046846,86.92818426845855,0.9996886931570268,BEAR,0.9128545617897236,93.91305422195724,HIGH,0.9130436317422462,1.0,19
NIFTY50,2018-03-05,BEAR,1.0081779729832429e-05,0.00027913765783520503,0.999710780562435,0.06596633971443028,0.021253780673037577,0.912779879612532,0.999710780562435,86.91698194187978,0.9995661708436525,BEAR,0.912779879612532,93.91326322197577,HIGH,0.9130466174567969,1.0,20
NIFTY50,2018-03-06,BEAR,1.5459288402318228e-07,0.0007787006230160755,0.9992211447840998,0.06593812634752652,0.02171716772165874,0.9123447059308147,0.9992211447840998,86.85170588962221,0.9988317171761496,BEAR,0.9123447059308147,93.91446824477785,HIGH,0.9130638320682551,1.0,21
NIFTY50,2018-03-07,BEAR,2.1803674735567898e-08,0.0029746360232910927,0.9970253421730343,0.06585241986346368,0.023753170796401067,0.9103944093401353,0.9970253421730343,86.55916140102029,0.9955380132595513,BEAR,0.9103944093401353,93.91986739968956,HIGH,0.9131409628527081,1.0,22
NIFTY50,2018-03-08,BEAR,1.1799595621704431e-06,0.000794254363067101,0.9992045656773707,0.06593842309310656,0.02173156711866496,0.9123300097882285,0.9992045656773707,86.84950146823428,0.9988068485160561,BEAR,0.9123300097882285,93.91450889829936,HIGH,0.913064412832848,1.0,23
NIFTY50,2018-03-09,BEAR,1.1636904326649209e-06,0.0003619446604078884,0.9996368916491595,0.06595525861993365,0.02133074388478436,0.9127139974952819,0.9996368916491595,86.90709962429227,0.999455337473739,BEAR,0.9127139974952819,93.91344587709965,HIGH,0.9130492268157093,1.0,24
NIFTY50,2018-03-12,BEAR,0.0034590187659812493,0.004198605492851415,0.9923423757411673,0.06885082712048843,0.02481537342565185,0.9063337994538596,0.9923423757411673,85.95006991807894,0.988513563611751,BEAR,0.9063337994538596,93.93100444351441,HIGH,0.9133000634787772,1.0,25
NIFTY50,2018-03-13,BEAR,0.005192796702978878,0.0004620559791027855,0.9943451473179183,0.07052328937670416,0.021314564568229354,0.9081621460550666,0.9943451473179183,86.22432190826,0.9915177209768775,BEAR,0.9081621460550666,93.9258906447859,HIGH,0.9132270092112272,1.0,26
NIFTY50,2018-03-14,BEAR,0.002462884370422904,0.0002839535125986306,0.9972531621169785,0.06812617534344942,0.021206748734563508,0.910667075921987,0.9972531621169785,86.60006138829806,0.9958797431754677,BEAR,0.910667075921987,93.91903833301276,HIGH,0.9131291190430395,1.0,27
NIFTY50,2018-03-15,BEAR,0.00034209743353731475,0.0002187953543902263,0.9994391072120725,0.06626107617798742,0.021190862510793704,0.9125480613112189,0.9994391072120725,86.88220919668284,0.9991586608181088,BEAR,0.9125480613112189,93.91389497580988,HIGH,0.9130556425115698,1.0,28
NIFTY50,2018-03-16,BEAR,2.311501531187367e-08,0.0006470390580676042,0.9993529378269171,0.06594314225068765,0.021595098136962216,0.9124617596123502,0.9993529378269171,86.86926394185251,0.9990294067403755,BEAR,0.9124617596123502,93.91414420033952,HIGH,0.9130592028619932,1.0,29
NIFTY50,2018-03-19,BEAR,1.3924384788696333e-08,0.005286798596872067,0.994713187478743,0.06576229326851522,0.025896933324950945,0.9083407734065339,0.994713187478743,86.25111601098008,0.9920697812181147,BEAR,0.9083407734065339,93.92555263281528,HIGH,0.9132221804687898,1.0,30
NIFTY50,2018-03-20,BEAR,1.5205181157151665e-07,0.0018202555553790743,0.9981795923928093,0.06589752810088137,0.022682863824515828,0.9114196080746029,0.9981795923928093,86.71294121119043,0.9972693885892138,BEAR,0.9114196080746029,93.91702926196119,HIGH,0.9131004180280172,1.0,31
NIFTY50,2018-03-21,BEAR,7.013381643665832e-07,0.0007084101498255755,0.9992908885120101,0.06594134749648788,0.02165198518908512,0.9124066673144269,0.9992908885120101,86.86100009716407,0.998936332768015,BEAR,0.9124066673144269,93.91429669600014,HIGH,0.9130613813714306,1.0,32
NIFTY50,2018-03-22,BEAR,2.33710171288103e-07,0.000949529625611699,0.999050236664217,0.06593153773008287,0.021875553187190845,0.9121929090827264,0.999050236664217,86.82893636240895,0.9985753549963253,BEAR,0.9121929090827264,93.91488847288274,HIGH,0.9130698353268962,1.0,33
NIFTY50,2018-03-23,BEAR,5.159652314690935e-09,0.009775275237799596,0.9902247196025481,0.06558734111647847,0.030058503893559844,0.9043541549899617,0.9902247196025481,85.65312324849424,0.985337079403822,BEAR,0.9043541549899617,93.93658908494709,HIGH,0.9133798440706726,1.0,34
NIFTY50,2018-03-26,BEAR,6.630354328380027e-06,0.0025500703942878847,0.9974432992513838,0.06587478760145483,0.02335938852785724,0.9107658238706878,0.9974432992513838,86.61487358060319,0.9961649488770756,BEAR,0.9107658238706878,93.91883898609534,HIGH,0.9131262712299336,1.0,35
NIFTY50,2018-03-27,BEAR,0.0002375526648862277,0.0007619778036384826,0.9990004695314753,0.06614783914704381,0.021696678647992265,0.912155482204964,0.9990004695314753,86.8233223307446,0.9985007042972127,BEAR,0.912155482204964,93.91498493238419,HIGH,0.9130712133197743,1.0,36
NIFTY50,2018-03-28,BEAR,9.832881604120966e-07,0.00028415253693428016,0.9997148641749053,0.06595813180439314,0.021258621331267973,0.9127832468643389,0.9997148641749053,86.91748702965083,0.9995722962623578,BEAR,0.9127832468643389,93.91325417436462,HIGH,0.9130464882052088,1.0,37
NIFTY50,2018-04-02,BEAR,0.000664313517981546,0.0010051237346964624,0.9983305627473221,0.06651418266734425,0.021913155769048624,0.9115726615636071,0.9983305627473221,86.73589923454105,0.997495844120983,BEAR,0.9115726615636071,93.91658553672167,HIGH,0.9130940790960237,1.0,38
NIFTY50,2018-04-03,BEAR,0.0002945633166990579,0.0004367379796284678,0.9992686987036724,0.06621072137233538,0.02139392985223187,0.9123953487754328,0.9992686987036724,86.85930231631492,0.9989030480555084,BEAR,0.9123953487754328,93.91431917380561,HIGH,0.9130617024829374,1.0,39
NIFTY50,2018-04-04,BEAR,2.2707571204920616e-06,0.0007198237006924143,0.9992779055421871,0.06594228472290009,0.02166253451409503,0.912395180763005,0.9992779055421871,86.85927711445073,0.9989168583132805,BEAR,0.912395180763005,93.91432844777587,HIGH,0.9130618349682269,1.0,40
NIFTY50,2018-04-05,BEAR,0.009126777696179866,0.018860381030617497,0.9720128412732026,0.07327059042094983,0.038290301898734655,0.8884391076803156,0.9720128412732026,83.26586615204732,0.9580192619098038,BEAR,0.8884391076803156,93.980372838079,HIGH,0.9140053262582716,1.0,41
NIFTY50,2018-04-06,BEAR,0.02248949090410804,0.002552123426705147,0.9749583856691868,0.08567389711890958,0.022889260224738854,0.8914368426563516,0.9749583856691868,83.71552639845272,0.9624375785037802,BEAR,0.8914368426563516,93.97167127231592,HIGH,0.9138810181759418,1.0,42
NIFTY50,2018-04-09,BULL,0.5939928321737749,0.004411278414776299,0.40159588941144886,0.588887168075988,0.012614190434932733,0.3984986414890793,0.5939928321737749,38.333075211398196,0.3909892482606623,BULL,0.588887168075988,68.31908525631756,MODERATE,0.9331297893759651,0.1,1
NIFTY50,2018-04-10,BULL,0.9957861249042042,0.0002232570070566496,0.003990618088739256,0.942883560231811,0.00029546805962764826,0.0568209717085613,0.9957861249042042,91.43253403477166,0.9936791873563062,BULL,0.942883560231811,72.25286804449516,MODERATE,0.946469543492788,0.2,2
NIFTY50,2018-04-11,BULL,0.9997627482955983,1.7110463045610588e-06,0.00023554065809713878,0.9463941482531345,6.56786726318696e-06,0.053599283879602354,0.9997627482955983,91.95912223797016,0.9996441224433973,BULL,0.9463941482531345,75.26166703832061,HIGH,0.9465952434045802,0.3,3
NIFTY50,2018-04-12,BULL,0.9999560878268657,2.4200238159310633e-08,4.388797289611872e-05,0.9465644755208337,9.446789865139686e-07,0.05343457980017985,0.9999560878268657,91.98467132812503,0.9999341317402984,BULL,0.9465644755208337,78.26211717416498,HIGH,0.9466016739166428,0.4,4
NIFTY50,2018-04-13,BULL,0.9999917727512329,2.1273172669569006e-09,8.225121449970464e-06,0.9465959017676004,1.750021123023852e-07,0.053403923230287344,0.9999917727512329,91.98938526514007,0.9999876591268493,BULL,0.9465959017676004,81.26220096758445,HIGH,0.9466028709654921,0.5,5
NIFTY50,2018-04-16,BULL,0.9999999331490248,2.2924333872041086e-10,6.662173184232742e-08,0.9466030881719063,1.9132211948436213e-09,0.053396909914872476,0.9999999331490248,91.99046322578594,0.9999998997235372,BULL,0.9466030881719063,84.26222013713573,HIGH,0.9466031448162249,0.6,6
NIFTY50,2018-04-17,BULL,0.9999998904254863,1.6156627748470449e-12,1.0957289804185018e-07,0.9466030505569434,2.599160754754672e-09,0.05339694684389588,0.9999998904254863,91.99045758354151,0.9999998356382295,BULL,0.9466030505569434,87.26222003618992,HIGH,0.9466031433741419,0.7,7
NIFTY50,2018-04-18,BULL,0.999998543742667,2.7200673340777016e-12,1.4562546129590654e-06,0.946601864621137,3.0874039160300904e-08,0.05339810450482377,0.999998543742667,91.99027969317054,0.9999978156140003,BULL,0.946601864621137,90.2622168719363,HIGH,0.9466030981705187,0.8,8
NIFTY50,2018-04-19,BULL,0.999999970529841,2.087513440656924e-11,2.944928388837554e-08,0.9466031210988755,9.352117973351773e-10,0.05339687796591265,0.999999970529841,91.99046816483131,0.9999999557947615,BULL,0.9466031210988755,93.26222022445585,HIGH,0.9466031460636549,0.9,9
NIFTY50,2018-04-20,BULL,0.9999998516012302,6.031698772741264e-13,1.4839816667254768e-07,0.9466030163669916,3.413344430039901e-09,0.05339698021966401,0.9999998516012302,91.99045245504874,0.9999997774018451,BULL,0.9466030163669916,96.26221994496336,HIGH,0.9466031420709052,1.0,10
NIFTY50,2018-04-23,BULL,0.9999998451497305,1.9678852097089166e-12,1.548483016731036e-07,0.9466030106855232,3.550060177673476e-09,0.053396985764416656,0.9999998451497305,91.99045160282849,0.9999997677245958,BULL,0.9466030106855232,96.26221992980784,HIGH,0.9466031418543979,1.0,11
NIFTY50,2018-04-24,BULL,0.999999999898459,2.5720918537507245e-12,9.896892781266086e-11,0.9466031469626162,3.016422507286383e-10,0.05339685273574161,0.999999999898459,91.99047204439242,0.9999999998476885,BULL,0.9466031469626162,96.26222029341733,HIGH,0.946603147048819,1.0,12
NIFTY50,2018-04-25,BULL,0.9999998253730008,2.895570901289925e-13,1.7462670969050176e-07,0.9466029932695121,3.963720177434248e-09,0.05339700276676775,0.9999998253730008,91.99044899042683,0.999999738059501,BULL,0.9466029932695121,96.26221988333496,HIGH,0.9466031411904997,1.0,13
NIFTY50,2018-04-26,BULL,0.9999999253677821,5.009159115785735e-12,7.462720880002933e-08,0.946603081328213,1.8686871440458696e-09,0.05339691680309993,0.9999999253677821,91.99046219923194,0.9999998880516731,BULL,0.946603081328213,96.26222011830106,HIGH,0.946603144547158,1.0,14
NIFTY50,2018-04-27,BULL,0.9999981702429417,2.4661912963024446e-11,1.8297323964263905e-06,0.9466015357034238,3.8736078624291276e-08,0.05339842556049764,0.9999981702429417,91.99023035551355,0.9999972553644125,BULL,0.9466015357034238,96.26221599439025,HIGH,0.9466030856341465,1.0,15
NIFTY50,2018-04-30,BULL,0.9999999993386527,1.7866895569187277e-11,6.434804272232481e-10,0.9466031464690351,3.275763347955474e-10,0.05339685320338857,0.9999999993386527,91.99047197035524,0.9999999990079789,BULL,0.9466031464690351,96.26222029213956,HIGH,0.9466031470305653,1.0,16
NIFTY50,2018-05-02,BULL,0.9999999870223469,1.650444682324963e-13,1.2977488085356854e-08,0.9466031356235576,5.697468653789156e-10,0.053396863806695664,0.9999999870223469,91.99047034353363,0.9999999805335202,BULL,0.9466031356235576,96.26222026315683,HIGH,0.9466031466165262,1.0,17
NIFTY50,2018-05-03,BULL,0.9999987982093723,6.161274757310465e-13,1.2017900115859407e-06,0.9466020887134567,2.5529512993626853e-08,0.053397885757030285,0.9999987982093723,91.99031330701851,0.9999981973140585,BULL,0.9466020887134567,96.26221746984318,HIGH,0.9466031067120454,1.0,18
NIFTY50,2018-05-04,BULL,0.9998623916248789,2.7228573240782676e-10,0.00013760810283534915,0.9464819643168042,2.889662823225947e-06,0.053515146020372585,0.9998623916248789,91.97229464752061,0.9997935874373182,BULL,0.9464819643168042,96.26189696044507,HIGH,0.9465985280063582,1.0,19
NIFTY50,2018-05-07,BULL,0.9999970328786173,8.19216331600985e-09,2.958929219336163e-06,0.9466005337824733,7.018789577601496e-08,0.05339939602963089,0.9999970328786173,91.99008006737098,0.9999955493179258,BULL,0.9466005337824733,96.26221334204534,HIGH,0.9466030477435049,1.0,20
NIFTY50,2018-05-08,BULL,0.999989400590036,2.217081144301221e-10,1.0599188255754592e-05,0.946593812834159,2.2303925543223772e-07,0.05340596412658556,0.999989400590036,91.98907192512384,0.9999841008850541,BULL,0.946593812834159,96.26219538910969,HIGH,0.9466027912729958,1.0,21
NIFTY50,2018-05-09,BULL,0.9999989261926404,3.297677867992423e-10,1.073477591737082e-06,0.9466022014071481,2.314765942150385e-08,0.05339777544519243,0.9999989261926404,91.9903302110722,0.9999983892889608,BULL,0.9466022014071481,96.2622177713706,HIGH,0.9466031110195801,1.0,22
NIFTY50,2018-05-10,BULL,0.9999761035365551,7.44107022201616e-11,2.3896389034260108e-05,0.9465821029917884,5.020767789812508e-07,0.053417394931432764,0.9999761035365551,91.98731544876824,0.9999641553048326,BULL,0.9465821029917884,96.26216414509815,HIGH,0.9466023449299739,1.0,23
NIFTY50,2018-05-11,BULL,0.9999996824280195,6.961755924409834e-10,3.1687580488229005e-07,0.9466028673600632,7.610079478135456e-09,0.05339712502985735,0.9999996824280195,91.99043010400946,0.9999995236420293,BULL,0.9466028673600632,96.26221954917294,HIGH,0.9466031364167562,1.0,24
NIFTY50,2018-05-14,BULL,0.9999990573252735,8.926325531608463e-12,9.426658002844438e-07,0.946602316899614,2.0097031754806638e-08,0.053397663003354134,0.9999990573252735,91.9903475349421,0.9999985859879102,BULL,0.946602316899614,96.26221807869972,HIGH,0.9466031154099962,1.0,25
NIFTY50,2018-05-15,BULL,0.9999957753313033,4.1099605269479e-11,4.224627597128433e-06,0.9465994266602372,8.903293115522657e-08,0.053400484306831704,0.9999957753313033,91.98991399903556,0.999993662996955,BULL,0.9465994266602372,96.26221036718555,HIGH,0.9466030052455077,1.0,26
NIFTY50,2018-05-16,BULL,0.9999211314531686,4.47517166074839e-10,7.886809931416317e-05,0.9465336926472611,1.6565717517329394e-06,0.053464650780987236,0.9999211314531686,91.98005389708914,0.999881697179753,BULL,0.9465336926472611,96.26203497991888,HIGH,0.9466004997131269,1.0,27
NIFTY50,2018-05-17,BULL,0.9940249064211253,3.958450929841913e-08,0.00597505399436532,0.9413412701349897,0.00012548519150640348,0.05853324467350385,0.9940249064211253,91.20119052024846,0.9910373596316879,BULL,0.9413412701349897,96.2481809100785,HIGH,0.9464025844296927,1.0,28
NIFTY50,2018-05-18,BEAR,0.26851193169153686,4.153630845455187e-05,0.7314465320000085,0.30242767503842893,0.01539623847197589,0.6821760864895952,0.7314465320000085,52.326412973439275,0.5971697980000128,BEAR,0.6821760864895952,67.54356896444729,MODERATE,0.9220509852063898,0.1,1
NIFTY50,2018-05-21,BEAR,2.1285511646572527e-07,1.0548471267791734e-05,0.9999892386736158,0.06596811742188002,0.021004960665293556,0.9130269219128263,0.9999892386736158,86.95403828692396,0.9999838580104237,BEAR,0.9130269219128263,69.9125796138476,MODERATE,0.9130368516263945,0.2,2
NIFTY50,2018-05-22,BEAR,0.00013437698532818107,0.0002818213648738449,0.9995838016497979,0.06607569379758826,0.02125365931862213,0.9126706468837896,0.9995838016497979,86.90059703256843,0.999375702474697,BEAR,0.9126706468837896,72.91356187315546,MODERATE,0.9130508839022209,0.3,3
NIFTY50,2018-05-23,BEAR,5.024103798368297e-07,0.00027177393654258556,0.9997277236530776,0.06595819079933521,0.021247154389425253,0.9127946548112396,0.9997277236530776,86.91919822168593,0.9995915854796162,BEAR,0.9127946548112396,75.91322260739013,HIGH,0.9130460372484305,0.4,4
NIFTY50,2018-05-24,BEAR,9.278578367016977e-05,0.00017142606528196624,0.9997357881510479,0.06604336994354855,0.021152177581971285,0.9128044524744802,0.9997357881510479,86.92066787117201,0.9996036822265717,BEAR,0.9128044524744802,78.9131927026384,HIGH,0.9130456100376915,0.5,5
NIFTY50,2018-05-25,BEAR,0.002183466656844577,0.00034622240111727447,0.9974703109420382,0.06787768336552584,0.021270348860715556,0.9108519677737585,0.9974703109420382,86.62779516606378,0.9962054664130573,BEAR,0.9108519677737585,81.9185349040052,HIGH,0.9131219272000742,0.6,6
NIFTY50,2018-05-28,BEAR,0.1275178561648189,0.0011606060246301421,0.8713215378105509,0.17821976744651352,0.019394000370433626,0.8023862321830529,0.8713215378105509,70.35793482745794,0.8069823067158262,BEAR,0.8023862321830529,85.21503144155764,HIGH,0.9173575920222521,0.7,7
NIFTY50,2018-05-29,BEAR,0.018327082645459385,0.0003452971162075346,0.9813276202383331,0.08209434956300864,0.02093055276810242,0.8969750976688889,0.9813276202383331,84.54626465033333,0.9719914303574995,BEAR,0.8969750976688889,87.95646475251016,HIGH,0.9136637821787166,0.8,8
NIFTY50,2018-05-30,BEAR,0.00595823652620987,0.00025597651526445913,0.9937857869585257,0.07120539455206354,0.02110742380353104,0.9076871816444053,0.9937857869585257,86.15307724666081,0.9906786804377884,BEAR,0.9076871816444053,90.92718245590824,HIGH,0.913245463655832,0.9,9
NIFTY50,2018-05-31,BEAR,3.5640152218698447e-09,6.015925399254065e-07,0.9999993948434449,0.06596832080587171,0.020995742635123438,0.913035936559005,0.9999993948434449,86.95539048385072,0.9999990922651674,BEAR,0.913035936559005,93.9125546642404,HIGH,0.9130364952034344,1.0,10
NIFTY50,2018-06-01,BEAR,0.02794651153641019,0.0004892168223235983,0.9715642716412661,0.0905599439928749,0.020862028779609354,0.8885780272275158,0.9715642716412661,83.28670408412735,0.9573464074618994,BEAR,0.8885780272275158,93.97942108464986,HIGH,0.9139917297807121,1.0,11
NIFTY50,2018-06-04,BEAR,0.0023438552202185822,0.00022482069466263862,0.9974313240851187,0.06802365891222704,0.021154421737108117,0.9108219193506649,0.9974313240851187,86.62328790259973,0.996146986127678,BEAR,0.9108219193506649,93.9186132556411,HIGH,0.9131230465091587,1.0,12
NIFTY50,2018-06-05,BEAR,0.000734341864275552,0.00012143882641893766,0.9991442193093056,0.06661029487817405,0.02109236144231324,0.9122973436795129,0.9991442193093056,86.84460155192691,0.9987163289639585,BEAR,0.9122973436795129,93.91457723494358,HIGH,0.9130653890706227,1.0,13
NIFTY50,2018-06-06,BEAR,0.08925084130364648,0.0008086267136245521,0.9099405319827288,0.14453422110903943,0.019871079578710746,0.8355946993122498,0.9099405319827288,75.33920489683747,0.8649107979740934,BEAR,0.8355946993122498,94.1242512321599,HIGH,0.9160607318879987,1.0,14
NIFTY50,2018-06-07,BULL,0.9582333604393944,0.00042282586308685745,0.04134381369751867,0.9098055103194986,0.0012689290724212127,0.08892556060808016,0.9582333604393944,86.4708265479248,0.9373500406590917,BULL,0.9098055103194986,69.1651222577581,MODERATE,0.945216032253687,0.1,1
NIFTY50,2018-06-08,BULL,0.9997474615098226,2.3010588136326356e-06,0.0002502374313636804,0.9463806631809759,7.435856670498869e-06,0.05361190096235361,0.9997474615098226,91.95709947714639,0.9996211922647338,BULL,0.9463806631809759,72.26163257021265,MODERATE,0.9465947510030379,0.2,2
NIFTY50,2018-06-11,BULL,0.9999165457423617,1.0933478143767368e-08,8.344332416020972e-05,0.9465296539020099,1.7625718407158438e-06,0.05346858352614936,0.9999165457423617,91.97944808530147,0.9998748186135423,BULL,0.9465296539020099,75.26202423080836,HIGH,0.9466003461544054,0.3,3
NIFTY50,2018-06-12,BULL,0.9999992658398013,1.119804886491138e-09,7.330403938578196e-07,0.946602500481467,1.6749201419068344e-08,0.053397482769331685,0.9999992658398013,91.99037507222003,0.9999988987597017,BULL,0.946602500481467,78.26221857137092,HIGH,0.9466031224481561,0.4,4
NIFTY50,2018-06-13,BULL,0.9999987156223547,1.0326883305779786e-11,1.2843673185064401e-06,0.946602015984076,2.7272446177012116e-08,0.05339795674347787,0.9999987156223547,91.9903023976114,0.999998073433532,BULL,0.946602015984076,81.26221727581506,HIGH,0.9466031039402152,0.5,5
NIFTY50,2018-06-14,BULL,0.9998310195432176,6.959903578956297e-11,0.0001689803871832931,0.9464543369776586,3.548137545559146e-06,0.05354211488479585,0.9998310195432176,91.96815054664879,0.9997465293148264,BULL,0.9464543369776586,84.26182324599797,HIGH,0.9465974749428284,0.6,6
NIFTY50,2018-06-15,BULL,0.9994894792138836,1.2913104370845152e-08,0.0005105078730120494,0.946153564175423,1.073074790324747e-05,0.0538357050766739,0.9994894792138836,91.92303462631342,0.9992342188208253,BULL,0.946153564175423,87.26102077149723,HIGH,0.9465860110213892,0.7,7
NIFTY50,2018-06-18,BULL,0.999664355708907,3.061077857908087e-08,0.00033561368031434095,0.9463075658138901,7.075592312973865e-06,0.05368535859379694,0.999664355708907,91.94613487208349,0.9994965335633607,BULL,0.9463075658138901,90.261431716563,HIGH,0.9465918816651856,0.8,8
NIFTY50,2018-06-19,BULL,0.9487988552665101,3.045518372905719e-07,0.05120084018165259,0.9015136250256901,0.00107526015497764,0.0974111148193323,0.9487988552665101,85.22704375385352,0.9231982828997651,BULL,0.9015136250256901,93.14191539636225,HIGH,0.9448845056623179,0.9,9
NIFTY50,2018-06-20,BULL,0.9713788869956514,1.759426578093268e-05,0.02860351873856751,0.9213977129956029,0.0006172186833658229,0.07798506832103125,0.9713788869956514,88.20965694934043,0.9570683304934772,BULL,0.9213977129956029,96.19501346716078,HIGH,0.9456430495308682,1.0,10
NIFTY50,2018-06-21,BULL,0.9322304182662092,1.7325089131578858e-05,0.06775225664465906,0.8869222193248438,0.0014388984406603694,0.11163888223449586,0.9322304182662092,83.03833289872658,0.898345627399314,BULL,0.8869222193248438,96.1030269356421,HIGH,0.9443289562234587,1.0,11
NIFTY50,2018-06-22,BULL,0.9995925098997587,5.10297463696535e-06,0.00040238712560439313,0.9462440981914677,1.3286940071111442e-05,0.05374261486846129,0.9995925098997587,91.93661472872016,0.999388764849638,BULL,0.9462440981914677,96.26127537498918,HIGH,0.9465896482141313,1.0,12
NIFTY50,2018-06-25,BULL,0.9956897500605667,1.797242146764714e-07,0.004310070215218659,0.9428073839281905,9.066142490952337e-05,0.05710195464690006,0.9956897500605667,91.42110758922858,0.9935346250908499,BULL,0.9428073839281905,96.25209308301498,HIGH,0.9464584726144999,1.0,13
NIFTY50,2018-06-26,BULL,0.9883311920419432,1.263967206656321e-06,0.01166754399085006,0.9363271393556504,0.00024616098420072183,0.06342669966014888,0.9883311920419432,90.44907090334753,0.982496788062915,BULL,0.9363271393556504,96.23480558719658,HIGH,0.9462115083885225,1.0,14
NIFTY50,2018-06-27,BEAR,0.048290827315952495,3.5576900107155036e-05,0.9516735957839404,0.10849353779939028,0.02001429584832102,0.8714921663522887,0.9516735957839404,80.72382495284329,0.9275103936759106,BEAR,0.8714921663522887,67.02610802375783,MODERATE,0.9146586860536832,0.1,1
NIFTY50,2018-06-28,BEAR,2.255756700467701e-06,7.818929421447378e-05,0.9999195549490851,0.06596728007977598,0.021067632157736466,0.9129650877624875,0.9999195549490851,86.94476316437313,0.9998793324236277,BEAR,0.9129650877624875,69.9127507323516,MODERATE,0.9130392961764515,0.2,2
NIFTY50,2018-06-29,BEAR,0.004348867967912992,0.0005770941290802275,0.9950740379030067,0.06977561259175519,0.02143894266017848,0.9087854447480664,0.9950740379030067,86.31781671220995,0.9926110568545101,BEAR,0.9087854447480664,72.9241905542802,MODERATE,0.9132027222040029,0.3,3
NIFTY50,2018-07-02,BEAR,6.853454274992468e-05,0.00012268937913313972,0.9998087760781169,0.06602391303481146,0.021107499661994315,0.9128685873031943,0.9998087760781169,86.93028809547914,0.9997131641171754,BEAR,0.9128685873031943,75.91301588429045,HIGH,0.9130430840612922,0.4,4
NIFTY50,2018-07-03,BEAR,0.0009233199482305604,0.0001879534713270526,0.9988887265804425,0.06677412305842872,0.021150064040230482,0.9120758129013409,0.9988887265804425,86.81137193520114,0.9983330898706637,BEAR,0.9120758129013409,78.91518481980027,HIGH,0.9130740688542897,0.5,5
NIFTY50,2018-07-04,BEAR,0.02139939205856111,0.00045319333625903094,0.9781474146051798,0.08479572676602992,0.02096608695059543,0.8942381862833747,0.9781474146051798,84.1357279425062,0.9672211219077698,BEAR,0.8942381862833747,81.96394895709784,HIGH,0.9137706993871122,0.6,6
NIFTY50,2018-07-05,BEAR,0.011505372196639472,0.00032825866391924375,0.9881663691394412,0.07608757800242226,0.02105797833656663,0.9028544436610112,0.9881663691394412,85.42816654915167,0.9822495537091617,BEAR,0.9028544436610112,84.94039410885699,HIGH,0.9134342015551,0.7,7
NIFTY50,2018-07-06,BEAR,4.0239580228948695e-05,1.3049815608250113e-05,0.9999467106041627,0.06600326885591093,0.021006439462388712,0.9129902916817004,0.9999467106041627,86.94854375225505,0.9999200659062443,BEAR,0.9129902916817004,87.91267981374787,HIGH,0.9130382830535412,0.8,8
NIFTY50,2018-07-09,BULL,0.7756310803208767,0.0013232987801782936,0.22304562089894506,0.7489644896567006,0.005937587025930161,0.24509792331736938,0.7756310803208767,62.344673448505084,0.663446620481315,BULL,0.7489644896567006,71.73828180888164,MODERATE,0.9391183115554521,0.2,1
NIFTY50,2018-07-10,BULL,0.999694016058021,1.769348737288201e-05,0.00028829045460604185,0.9463329973152278,2.282931576957892e-05,0.05364417336900259,0.999694016058021,91.94994959728416,0.9995410240870315,BULL,0.9463329973152278,72.26154483880303,MODERATE,0.9465934976971861,0.2,2
NIFTY50,2018-07-11,BULL,0.9999630294172916,3.210863476572145e-08,3.693847407349827e-05,0.946570588218731,8.062714234312789e-07,0.053428605509845656,0.9999630294172916,91.98558823280965,0.9999445441259375,BULL,0.946570588218731,75.2621335040373,HIGH,0.9466019072005328,0.3,3
NIFTY50,2018-07-12,BULL,0.9999953756903375,1.127627296160138e-09,4.623182035237434e-06,0.9465990746801439,9.843086035697495e-08,0.053400826888995744,0.9999953756903375,91.98986120202157,0.9999930635355062,BULL,0.9465990746801439,78.26220943083389,HIGH,0.9466029918690557,0.4,4
NIFTY50,2018-07-13,BULL,0.9976666861239378,1.9663747178169765e-09,0.0023333119096874163,0.9445483495630588,4.899047592557649e-05,0.05540265996101562,0.9976666861239378,91.6822524344588,0.9965000291859067,BULL,0.9445483495630588,81.25673778759639,HIGH,0.9465248255370913,0.5,5
NIFTY50,2018-07-16,BULL,0.9995103332023172,2.5115589390943276e-07,0.0004894156417888905,0.9461719196376459,1.0513805575406021e-05,0.053817566556778676,0.9995103332023172,91.92578794564689,0.9992654998034758,BULL,0.9461719196376459,84.26107035723042,HIGH,0.9465867193890063,0.6,6
NIFTY50,2018-07-17,BULL,0.9999985546776521,8.144201940920903e-09,1.4371781459294687e-06,0.9466018739335403,3.819297582645927e-08,0.05339808787348381,0.9999985546776521,91.99028109003103,0.999997832016478,BULL,0.9466018739335403,87.26221691764852,HIGH,0.9466030988235503,0.7,7
NIFTY50,2018-07-18,BULL,0.9999985617152279,3.266820319981333e-11,1.4382521038521787e-06,0.9466018804472326,3.05244688673934e-08,0.05339808902829859,0.9999985617152279,91.99028206708488,0.9999978425728417,BULL,0.9466018804472326,90.26221691423947,HIGH,0.9466030987748496,0.8,8
NIFTY50,2018-07-19,BULL,0.999966467556832,4.3958308803150035e-11,3.353239920967605e-05,0.9465736172138418,7.043577179374032e-07,0.05342567842844028,0.999966467556832,91.98604258207625,0.9999497013352481,BULL,0.9465736172138418,93.2621415036786,HIGH,0.946602021481123,0.9,9
NIFTY50,2018-07-20,BULL,0.9999995853334469,4.3005249630631596e-10,4.1423650056354366e-07,0.9466027818655756,9.401857228339902e-09,0.053397208732567175,0.9999995853334469,91.99041727983634,0.9999993780001704,BULL,0.9466027818655756,96.26221932037866,HIGH,0.9466031331482667,1.0,10
NIFTY50,2018-07-23,BULL,0.9999999561598588,5.346002910731325e-12,4.3834795240497925e-08,0.9466031084447744,1.2225141187562197e-09,0.053396890332711576,0.9999999561598588,91.99046626671615,0.9999999342397881,BULL,0.9466031084447744,96.26222019065298,HIGH,0.9466031455807571,1.0,11
NIFTY50,2018-07-24,BULL,0.9999999836682721,5.123115802094597e-13,1.633121560394258e-08,0.946603132669829,6.404882596221511e-10,0.053396866689682805,0.9999999836682721,91.99046990047435,0.999999975502408,BULL,0.946603132669829,96.26222025527673,HIGH,0.9466031465039533,1.0,12
NIFTY50,2018-07-25,BULL,0.9999999835333452,2.893794583715258e-13,1.6466365385819127e-08,0.9466031325510164,6.431143782912953e-10,0.05339686680586927,0.9999999835333452,91.99046988265243,0.9999999753000176,BULL,0.9466031325510164,96.26222025495916,HIGH,0.9466031464994166,1.0,13
NIFTY50,2018-07-26,BULL,0.999999129778045,4.4651398827679174e-12,8.702174899569518e-07,0.9466023807042204,1.8571736172462384e-08,0.05339760072404346,0.999999129778045,91.99035710563305,0.9999986946670673,BULL,0.9466023807042204,96.26221824892869,HIGH,0.9466031178418384,1.0,14
NIFTY50,2018-07-27,BULL,0.9999999979378404,6.014106887003964e-11,2.0020185262355763e-09,0.9466031452337834,3.961818934347875e-10,0.05339685437003475,0.9999999979378404,91.9904717850675,0.9999999969067607,BULL,0.9466031452337834,96.26222028895208,HIGH,0.9466031469850299,1.0,15
NIFTY50,2018-07-30,BULL,0.9999999993381152,4.967665719081132e-13,6.613879701934528e-10,0.9466031464692388,3.114825960430557e-10,0.05339685321927855,0.9999999993381152,91.99047197038583,0.9999999990071728,BULL,0.9466031464692388,96.26222029209559,HIGH,0.9466031470299372,1.0,16
NIFTY50,2018-07-31,BULL,0.999999999810453,2.8385129914259977e-13,1.8926321998152523e-10,0.9466031468852042,3.0136837139056975e-10,0.053396852813427494,0.999999999810453,91.99047203278062,0.9999999997156794,BULL,0.9466031468852042,96.2622202932049,HIGH,0.9466031470457845,1.0,17
NIFTY50,2018-08-01,BULL,0.9999999967920474,2.930725209244687e-13,3.2076594447478302e-09,0.9466031442270909,3.647489006530466e-10,0.053396855408160214,0.9999999967920474,91.99047163406362,0.9999999951880711,BULL,0.9466031442270909,96.26222028611271,HIGH,0.9466031469444673,1.0,18
NIFTY50,2018-08-02,BULL,0.9999936995181906,1.0350276495989213e-12,6.300480774356875e-06,0.9465975986285211,1.32577864143806e-07,0.05340226879361476,0.9999936995181906,91.98963979427816,0.9999905492772859,BULL,0.9465975986285211,96.26220548961722,HIGH,0.9466029355659603,1.0,19
NIFTY50,2018-08-03,BULL,0.9999999972543541,9.504282554623373e-11,2.650603100288112e-09,0.9466031446305212,4.4289159521531866e-10,0.053396854926587245,0.9999999972543541,91.99047169457818,0.9999999958815311,BULL,0.9466031446305212,96.26222028743192,HIGH,0.9466031469633133,1.0,20
NIFTY50,2018-08-06,BULL,0.9999999958807264,1.8329922316194076e-13,4.119090226000947e-09,0.9466031434245542,3.8378047522581275e-10,0.053396856191665364,0.9999999958807264,91.99047151368312,0.9999999938210896,BULL,0.9466031434245542,96.26222028397113,HIGH,0.9466031469138734,1.0,21
NIFTY50,2018-08-07,BULL,0.9999999974973097,1.6603723239844603e-13,2.502524292659585e-09,0.9466031448481743,3.4982400780129656e-10,0.05339685480200173,0.9999999974973097,91.99047172722614,0.9999999962459646,BULL,0.9466031448481743,96.26222028776952,HIGH,0.9466031469681361,1.0,22
NIFTY50,2018-08-08,BULL,0.9999999998656622,1.6170183109497808e-13,1.3417607331605904e-10,0.9466031469338282,3.0009598898816843e-10,0.053396852766075885,0.9999999998656622,91.99047204007421,0.9999999997984932,BULL,0.9466031469338282,96.26222029333434,HIGH,0.9466031470476334,1.0,23
NIFTY50,2018-08-09,BULL,0.999999999570464,2.2400481441466418e-13,4.293120496897065e-10,0.9466031466738639,3.063514966786641e-10,0.05339685301978469,0.999999999570464,91.99047200107957,0.9999999993556961,BULL,0.9466031466738639,96.2622202926409,HIGH,0.9466031470377273,1.0,24
NIFTY50,2018-08-10,BULL,0.9999774438036756,4.691385847364003e-12,2.2556191632982004e-05,0.9465832832803813,4.738729818278168e-07,0.05341624284663686,0.9999774438036756,91.9874924920572,0.9999661657055132,BULL,0.9465832832803813,96.26216729410831,HIGH,0.946602389915833,1.0,25
NIFTY50,2018-08-13,BULL,0.9999878540177778,1.1190556658154885e-09,1.214486316659731e-05,0.9465924508338229,2.563418171791548e-07,0.05340729282435978,0.9999878540177778,91.98886762507345,0.9999817810266667,BULL,0.9465924508338229,96.26219175738613,HIGH,0.9466027393912304,1.0,26
NIFTY50,2018-08-14,BULL,0.9999997182857628,2.0308270207535787e-10,2.8151115456625544e-07,0.9466028989568588,6.400059757525094e-09,0.05339709464308137,0.9999997182857628,91.99043484352883,0.9999995774286441,BULL,0.9466028989568588,96.26221963221427,HIGH,0.9466031376030609,1.0,27
NIFTY50,2018-08-16,BULL,0.9999614320398467,1.7965242340443633e-11,3.85679421880929e-05,0.9465691827633318,8.100552268503132e-07,0.05343000718144143,0.9999614320398467,91.98537741449977,0.99994214805977,BULL,0.9465691827633318,96.26212967182602,HIGH,0.9466018524546573,1.0,28
NIFTY50,2018-08-17,BULL,0.9999972435276611,1.0861958865813175e-09,2.7553861430249487e-06,0.9466007195643178,5.917685701504627e-08,0.05339922125882523,0.9999972435276611,91.99010793464767,0.9999958652914914,BULL,0.9466007195643178,96.26221381952796,HIGH,0.9466030545646852,1.0,29
NIFTY50,2018-08-20,BULL,0.9999997282388408,5.56352020692293e-11,2.7170552413831514e-07,0.9466029077276328,6.054384495165988e-09,0.05339708621798283,0.9999997282388408,91.99043615914492,0.999999592358261,BULL,0.9466029077276328,96.26221965523814,HIGH,0.9466031379319734,1.0,30
NIFTY50,2018-08-21,BULL,0.9999995818829889,5.057372142633491e-12,4.181119537184096e-07,0.9466027788435469,9.080258496946508e-09,0.05339721207619459,0.9999995818829889,91.99041682653204,0.9999993728244831,BULL,0.9466027788435469,96.2622193112262,HIGH,0.9466031330175174,1.0,31
NIFTY50,2018-08-23,BULL,0.9999996248921027,7.266754148365087e-12,3.7510063058247054e-07,0.9466028167187834,8.17932268021035e-09,0.05339717510189398,0.9999996248921027,91.99042250781751,0.9999994373381539,BULL,0.9466028167187834,96.26221941228876,HIGH,0.946603134461268,1.0,32
NIFTY50,2018-08-24,BULL,0.9999997809719829,5.539557467199062e-12,2.1902247748494004e-07,0.9466029541682258,4.900795374613538e-09,0.05339704093097887,0.9999997809719829,91.99044312523385,0.9999996714579744,BULL,0.9466029541682258,96.26221977902027,HIGH,0.9466031397002898,1.0,33
NIFTY50,2018-08-27,BULL,0.9999999954724852,5.124593877210246e-12,4.522390275633673e-09,0.9466031430648499,3.969329862272996e-10,0.05339685653821697,0.9999999954724852,91.9904714597275,0.9999999932087278,BULL,0.9466031430648499,96.26222028302406,HIGH,0.9466031469003439,1.0,34
NIFTY50,2018-08-28,BULL,0.9999999986046513,2.146598654452818e-13,1.3951340936537256e-09,0.9466031458233359,3.266202482834973e-10,0.05339685385004385,0.9999999986046513,91.9904718735004,0.9999999979069769,BULL,0.9466031458233359,96.2622202903715,HIGH,0.9466031470053073,1.0,35
NIFTY50,2018-08-29,BULL,0.9999999129130763,2.7284073814045484e-13,8.708665081327584e-08,0.9466030703603502,2.1257846284649648e-09,0.05339692751386516,0.9999999129130763,91.9904605540525,0.9999998693696145,BULL,0.9466030703603502,96.26222008902499,HIGH,0.9466031441289283,1.0,36
NIFTY50,2018-08-30,BULL,0.9999983141150564,3.2362808943786786e-12,1.6858817073167908e-06,0.9466016624030507,3.5695591858213295e-08,0.05339830190135746,0.9999983141150564,91.9902493604576,0.9999974711725845,BULL,0.9466016624030507,96.26221633238912,HIGH,0.9466030904627019,1.0,37
NIFTY50,2018-08-31,BULL,0.9999937031451488,8.37523497430469e-11,6.296771098876507e-06,0.9465976018193227,1.325784083135824e-07,0.05340226560226902,0.9999937031451488,91.98964027289841,0.999990554717723,BULL,0.9465976018193227,96.26220549834272,HIGH,0.9466029356906103,1.0,38
NIFTY50,2018-09-03,BULL,0.9997416172794262,9.156940104027865e-10,0.0002583818048797703,0.9463756061994566,5.4259390526060485e-06,0.05361896786149081,0.9997416172794262,91.9563409299185,0.9996124259191393,BULL,0.9463756061994566,96.26161318251899,HIGH,0.9465944740359854,1.0,39
NIFTY50,2018-09-04,BULL,0.9988879572136982,5.127010478154546e-08,0.001111991516197083,0.9456238414705069,2.3395376729882176e-05,0.054352763152763245,0.9988879572136982,91.84357622057604,0.9983319358205472,BULL,0.9456238414705069,96.25960748934719,HIGH,0.9465658212763884,1.0,40
NIFTY50,2018-09-05,BULL,0.9710400398238366,8.55629534226622e-07,0.028959104546629075,0.921099964793143,0.0006088133200991942,0.07829122188675772,0.9710400398238366,88.16499471897146,0.9565600597357549,BULL,0.921099964793143,96.19417613137509,HIGH,0.9456310875910727,1.0,41
NIFTY50,2018-09-06,BULL,0.9989077427858405,3.587610525370248e-06,0.0010886696036341652,0.9456411275003512,2.6258755462713178e-05,0.054332613744186076,0.9989077427858405,91.84616912505267,0.9983616141787606,BULL,0.9456411275003512,96.25966267417185,HIGH,0.9465666096310265,1.0,42
NIFTY50,2018-09-07,BULL,0.9994285200800926,1.3432216105634212e-07,0.0005713455977463185,0.946099876708385,1.2123162723421823e-05,0.05388800012889161,0.9994285200800926,91.91498150625776,0.9991427801201388,BULL,0.946099876708385,96.26087783635124,HIGH,0.9465839690907322,1.0,43
NIFTY50,2018-09-10,BEAR,0.10279392566035571,4.259853207771366e-06,0.8972018144864365,0.15649208385703786,0.01884095708226878,0.8246669590606934,0.8972018144864365,73.70004385910401,0.8458027217296546,BEAR,0.8246669590606934,67.15409515791792,MODERATE,0.9164870736845419,0.1,1
NIFTY50,2018-09-11,BEAR,7.409774483356631e-09,1.0690065820469913e-05,0.9999893025244051,0.0659679309807224,0.021005096260546537,0.913026972758731,0.9999893025244051,86.95404591380965,0.9999839537866076,BEAR,0.913026972758731,69.91257947927865,MODERATE,0.9130368497039807,0.2,2
NIFTY50,2018-09-12,BEAR,0.00019734052844611456,0.00022853007639772984,0.9995741293951561,0.0661332187850388,0.021202927428168827,0.9126638537867924,0.9995741293951561,86.89957806801885,0.9993611940927342,BEAR,0.9126638537867924,72.91357878145205,MODERATE,0.9130511254493151,0.3,3
NIFTY50,2018-09-14,BEAR,0.03247882772582431,0.0012100414435225288,0.9663111308306532,0.0945231642685444,0.021435197241766332,0.8840416384896893,0.9663111308306532,82.60624577345338,0.9494666962459797,BEAR,0.8840416384896893,75.99184291568307,HIGH,0.9141691845097583,0.4,4
NIFTY50,2018-09-17,BEAR,2.5608280066999905e-05,0.00023214030533136063,0.9997422514146017,0.06598184467627027,0.021209880265944274,0.9128082750577854,0.9997422514146017,86.92124125866779,0.9996133771219026,BEAR,0.9128082750577854,78.91318414483203,HIGH,0.9130454877833146,0.5,5
NIFTY50,2018-09-18,BEAR,1.2779622255038596e-06,0.00032328393829129216,0.9996754380994832,0.06595686610546225,0.021294896514364267,0.9127482373801735,0.9996754380994832,86.912235607026,0.9995131571492248,BEAR,0.9127482373801735,81.91335108483938,HIGH,0.9130478726405625,0.6,6
NIFTY50,2018-09-19,BEAR,9.256618597305418e-07,0.00031627581946517034,0.999682798518675,0.06595682900838552,0.021288406209841758,0.9127547647817728,0.999682798518675,86.9132147172659,0.9995241977780127,BEAR,0.9127547647817728,84.913333025166,HIGH,0.9130476146452287,0.7,7
NIFTY50,2018-09-21,BEAR,7.084439693332788e-17,5.993815613053379e-08,0.9999999400618438,0.0659683387789864,0.02099524050552299,0.9130364207154906,0.9999999400618438,86.9554631073236,0.9999999100927657,BEAR,0.9130364207154906,87.91255332402153,HIGH,0.9130364760574506,0.8,8
NIFTY50,2018-09-24,BEAR,6.803054653270704e-13,0.0022831892660805683,0.997716810733239,0.0658793507333388,0.023112084182190892,0.9110085650844704,0.997716810733239,86.65128476267056,0.9965752160998586,BEAR,0.9110085650844704,90.91816718738329,HIGH,0.9131166741054757,0.9,9
NIFTY50,2018-09-25,BEAR,1.6144685680795593e-08,0.0010931707025480957,0.9989068131527662,0.06592574752955113,0.02200873711621605,0.9120655153542329,0.9989068131527662,86.80982730313491,0.9983602197291491,BEAR,0.9120655153542329,93.91524115296023,HIGH,0.9130748736137179,1.0,10
NIFTY50,2018-09-26,BEAR,8.685324494402183e-08,0.0007791543099975587,0.9992207588367575,0.0659380490105803,0.021717589787762007,0.9123443612016576,0.9992207588367575,86.85165418024863,0.9988311382551361,BEAR,0.9123443612016576,93.91446920115874,HIGH,0.913063845730839,1.0,11
NIFTY50,2018-09-27,BEAR,5.9019094202139844e-09,0.0014600305902131296,0.9985399635078774,0.06591143965026972,0.02234887795489674,0.9117396823948336,0.9985399635078774,86.76095235922504,0.997809945261816,BEAR,0.9117396823948336,93.91614318085162,HIGH,0.9130877597264518,1.0,12
NIFTY50,2018-09-28,BEAR,5.661619877188554e-10,0.0014495610494995124,0.9985504383843385,0.06591184301590094,0.022339171047355954,0.911748985936743,0.9985504383843385,86.76234789051148,0.9978256575765077,BEAR,0.911748985936743,93.91611742532638,HIGH,0.9130873917903767,1.0,13
NIFTY50,2018-10-01,BEAR,8.91358277931208e-08,0.0009196104893666599,0.9990803003748057,0.06593257655158982,0.021847816167011293,0.9122196072813988,0.9990803003748057,86.83294109220982,0.9986204505622085,BEAR,0.9122196072813988,93.91481456663344,HIGH,0.9130687795233349,1.0,14
NIFTY50,2018-10-03,BEAR,1.4220685536422162e-09,0.014442381625826369,0.9855576169521051,0.06540543105610049,0.03438569408126546,0.900208874862634,0.9855576169521051,85.03133122939511,0.9783364254281575,BEAR,0.900208874862634,93.94806477192579,HIGH,0.9135437824560827,1.0,15
NIFTY50,2018-10-04,SIDE,5.73898629223506e-15,0.9972014778119204,0.0027985221880738485,0.027101067965365377,0.9455681457660405,0.027330786268594046,0.9972014778119204,91.83522186490607,0.9958022167178804,SIDE,0.9455681457660405,69.36451801742305,MODERATE,0.9480645431060436,0.1,1
NIFTY50,2018-10-05,SIDE,2.9013841324514115e-26,0.9999999999901663,9.83363877691513e-12,0.02699199178733829,0.9481628450257888,0.02484516318687288,0.9999999999901663,92.22442675386833,0.9999999999852495,SIDE,0.9481628450257888,72.37139915241923,MODERATE,0.9481628450345606,0.2,2
NIFTY50,2018-10-08,SIDE,1.6158534294689084e-20,0.9999999995688537,4.311463081645403e-10,0.02699199180375952,0.9481628446351613,0.02484516356107913,0.9999999995688537,92.2244266952742,0.9999999993532803,SIDE,0.9481628446351613,75.37139915138329,HIGH,0.9481628450197613,0.3,3
NIFTY50,2018-10-09,SIDE,1.892272923311667e-20,0.9999999995301271,4.698729700164875e-10,0.026991991805268945,0.9481628445992553,0.024845163595475818,0.9999999995301271,92.22442668988828,0.9999999992951905,SIDE,0.9481628445992553,78.37139915128807,HIGH,0.9481628450184012,0.4,4
NIFTY50,2018-10-10,SIDE,3.9256949823083144e-16,0.9999276166070502,7.23833929493116e-05,0.026994813027364527,0.9480957334938348,0.02490945347880065,0.9999276166070502,92.2143600240752,0.9998914249105751,SIDE,0.9480957334938348,81.371221172829,HIGH,0.9481603024689856,0.5,5
NIFTY50,2018-10-11,SIDE,7.982424951311867e-22,0.9999999998109981,1.8900195676650742e-10,0.02699199179432162,0.9481628448596697,0.02484516334600862,0.9999999998109981,92.22442672895046,0.9999999997164971,SIDE,0.9481628448596697,84.37139915197866,HIGH,0.9481628450282666,0.6,6
NIFTY50,2018-10-12,SIDE,7.481075826930442e-14,0.9999990497533127,9.502466124919964e-07,0.026992028824167725,0.9481619639969071,0.02484600717892517,0.9999990497533127,92.22429459953605,0.999998574629969,SIDE,0.9481619639969071,87.37139681593331,HIGH,0.9481628116561902,0.7,7
NIFTY50,2018-10-15,SIDE,3.202183844063988e-10,0.9996582685585049,0.0003417311212767924,0.027005311512990616,0.9478460026871889,0.02514868579982057,0.9996582685585049,92.17690040307833,0.9994874028377574,SIDE,0.9478460026871889,90.37055888821611,HIGH,0.9481508412602303,0.8,8
NIFTY50,2018-10-16,SIDE,2.230260379458507e-08,0.9967011347777173,0.00329884291967892,0.027120589150694527,0.945104243417523,0.02777516743178257,0.9967011347777173,91.76563651262845,0.9950517021665759,SIDE,0.945104243417523,93.36328780337057,HIGH,0.9480469686195795,0.9,9
NIFTY50,2018-10-17,SIDE,4.7170170629131813e-11,0.9997055887574615,0.0002944111953683571,0.02700346690393004,0.9478898764510637,0.025106656645006248,0.9997055887574615,92.18348146765956,0.9995583831361923,SIDE,0.9478898764510637,96.37067524065527,HIGH,0.9481525034379328,1.0,10
NIFTY50,2018-10-19,SIDE,9.205451756249287e-14,0.9999955796808054,4.420319102502622e-06,0.02699216407494115,0.9481587466578999,0.02484908926715905,0.9999955796808054,92.22381199868497,0.999993369521208,SIDE,0.9481587466578999,96.37138828355954,HIGH,0.9481626897651362,1.0,11
NIFTY50,2018-10-22,SIDE,1.9892326208878e-13,0.9999951187448152,4.881254985875782e-06,0.026992182040637434,0.948158319292954,0.024849498666408537,0.9999951187448152,92.22374789394308,0.9999926781172226,SIDE,0.948158319292954,96.37138715018918,HIGH,0.9481626735741311,1.0,12
NIFTY50,2018-10-23,SIDE,1.4328402847981001e-15,0.9999997702885377,2.2971146083951925e-07,0.026992000740270472,0.9481626320538672,0.02484536720586227,0.9999997702885377,92.22439480808008,0.9999996554328066,SIDE,0.9481626320538672,96.37139858761832,HIGH,0.9481628369659759,1.0,13
NIFTY50,2018-10-24,SIDE,3.572138104737113e-12,0.999988465449296,1.1534547131917275e-05,0.02699244136477835,0.9481521505724447,0.024855408062777,0.999988465449296,92.2228225858667,0.9999826981739438,SIDE,0.9481521505724447,96.37137079076822,HIGH,0.9481624398681178,1.0,14
NIFTY50,2018-10-25,SIDE,5.587019325364504e-15,0.9998963459733367,0.00010365402665781024,0.026996031842512442,0.9480667403735445,0.024937227783943083,0.9998963459733367,92.21001105603168,0.9998445189600048,SIDE,0.9480667403735445,96.37114428315716,HIGH,0.9481592040451025,1.0,15
NIFTY50,2018-10-26,SIDE,1.816954091435492e-14,0.9999996839697314,3.1603025036799903e-07,0.026992004104677156,0.9481625520218613,0.024845443873461565,0.9999996839697314,92.2243828032792,0.9999995259545971,SIDE,0.9481625520218613,96.37139837537374,HIGH,0.9481628339339105,1.0,16
NIFTY50,2018-10-29,SIDE,1.4164600305802542e-10,0.9999973077714889,2.692086865067e-06,0.026992096844932333,0.9481603488847233,0.024847554270344362,0.9999973077714889,92.22405233270848,0.9999959616572331,SIDE,0.9481603488847233,96.37139253300103,HIGH,0.9481627504714432,1.0,17
NIFTY50,2018-10-30,SIDE,1.286694457352014e-09,0.9999645839968203,3.541471648523069e-05,0.026993373306574676,0.9481300084350935,0.02487661825833173,0.9999645839968203,92.21950126526401,0.9999468759952305,SIDE,0.9481300084350935,96.37131207296983,HIGH,0.9481616010424261,1.0,18
NIFTY50,2018-10-31,SIDE,8.762275963813236e-08,0.9999899789837686,9.933393471772684e-06,0.0269924595332362,0.948153552033079,0.02485398843368468,0.9999899789837686,92.22303280496186,0.9999849684756528,SIDE,0.948153552033079,96.37137471819229,HIGH,0.9481624959741757,1.0,19
NIFTY50,2018-11-01,SIDE,5.179660813268501e-06,0.9999281966005734,6.662373861336298e-05,0.02699935181092913,0.9480961624971374,0.0249044856919335,0.9999281966005734,92.2144243745706,0.99989229490086,SIDE,0.9480961624971374,96.37123476942241,HIGH,0.9481604967060345,1.0,20
NIFTY50,2018-11-02,SIDE,2.4735975411208817e-05,0.9999653616582601,9.902366328716806e-06,0.02701512522396873,0.9481302101482745,0.024854664627756737,0.9999653616582601,92.21953152224117,0.99994804248739,SIDE,0.9481302101482745,96.37137210340423,HIGH,0.9481624586200605,1.0,21
NIFTY50,2018-11-05,SIDE,0.000748643223843871,0.99782079681673,0.0014305599594260914,0.02773621045162905,0.9461266404158759,0.026137149132495,0.99782079681673,91.91899606238138,0.9967311952250951,SIDE,0.9461266404158759,96.36779988983126,HIGH,0.9481114269975894,1.0,22
NIFTY50,2018-11-06,SIDE,3.385757449780882e-05,0.917010683539741,0.08295545888576115,0.03025642853436613,0.8712171238329471,0.09852644763268678,0.917010683539741,80.68256857494207,0.8755160253096114,SIDE,0.8712171238329471,96.16742075966019,HIGH,0.9452488679951456,1.0,23
NIFTY50,2018-11-07,SIDE,0.0006406509127637537,0.970410095820365,0.028949253266871307,0.028709477721083548,0.9207145922298281,0.05057593004908837,0.970410095820365,88.10718883447421,0.9556151437305475,SIDE,0.9207145922298281,96.30014745201025,HIGH,0.9471449636001464,1.0,24
NIFTY50,2018-11-09,SIDE,0.0238623788762634,0.9749993254597155,0.0011382956640211422,0.048980468202170745,0.9244820330700628,0.02653749872776649,0.9749993254597155,88.67230496050941,0.962498988189573,SIDE,0.9244820330700628,96.36599499143685,HIGH,0.9480856427348123,1.0,25
NIFTY50,2018-11-12,SIDE,0.006271335975958903,0.9841686615412625,0.00956000248277869,0.03313179630520994,0.9333528721431065,0.0335153315516836,0.9841686615412625,90.00293082146595,0.9762529923118936,SIDE,0.9333528721431065,96.34720788150504,HIGH,0.9478172554500719,1.0,26
NIFTY50,2018-11-13,SIDE,0.19707142692696486,0.8016952233006577,0.001233349772377472,0.2082691458445911,0.7601635182407589,0.03156733591464999,0.8016952233006577,64.02452773611384,0.7025428349509865,SIDE,0.7601635182407589,96.34685050182608,HIGH,0.9478121500260868,1.0,27
NIFTY50,2018-11-14,BULL,0.585636931323547,0.40921341457367655,0.005149654102776416,0.5657509614845874,0.3881090735028612,0.04613996501255144,0.585636931323547,34.862644222688104,0.3784553969853205,BULL,0.5657509614845874,69.29479777434668,MODERATE,0.9470685396335239,0.1,1
NIFTY50,2018-11-15,BULL,0.6469270291769429,0.32863728573019035,0.02443568509286686,0.622865718258889,0.31211469574218975,0.0650195859989213,0.6469270291769429,43.429857738833356,0.47039054376541434,BULL,0.622865718258889,72.24068481171848,MODERATE,0.9462954973102641,0.2,2
NIFTY50,2018-11-16,BULL,0.9918882476764309,0.008110844018292977,9.083052761361139e-07,0.9391435245290584,0.0076904203047716765,0.05316605516617005,0.9918882476764309,90.87152867935873,0.9878323715146462,BULL,0.9391435245290584,75.26310369212831,HIGH,0.9466157670304045,0.3,3
NIFTY50,2018-11-19,BULL,0.9999524811528261,4.743573242213198e-05,8.311475178284352e-08,0.9465594514297001,4.4978841130766345e-05,0.05339556972916916,0.9999524811528261,91.983917714455,0.999928721729239,BULL,0.9465594514297001,78.2622252773367,HIGH,0.9466032182476671,0.4,4
NIFTY50,2018-11-20,BULL,0.9999487845357449,1.6037802636256589e-06,4.961168399146155e-05,0.9465579824222119,2.562548448199115e-06,0.0534394550293399,0.9999487845357449,91.98369736333179,0.9999231768036173,BULL,0.9465579824222119,81.262103897806,HIGH,0.9466014842543715,0.5,5
NIFTY50,2018-11-21,BULL,0.9946149914956994,1.1960576030418896e-07,0.0053848888985401746,0.9418609164711874,0.00011317043953101541,0.05802591308928157,0.9946149914956994,91.2791374706781,0.9919224872435491,BULL,0.9418609164711874,84.2495676103344,HIGH,0.9464223944333485,0.6,6
NIFTY50,2018-11-22,BULL,0.8465642874638534,2.5314014443719548e-05,0.153410398521703,0.8114813314711954,0.003244881747068314,0.18527378678173642,0.8465642874638534,71.7221997206793,0.7698464311957799,BULL,0.8114813314711954,86.90175968859144,HIGH,0.9414537098370207,0.7,7
NIFTY50,2018-11-26,BEAR,0.017405840739970355,9.033706550437819e-05,0.9825038221945251,0.08129300928834823,0.02071350369837233,0.8979934870132794,0.9825038221945251,84.6990230519919,0.9737557332917879,BEAR,0.8979934870132794,66.9536732332034,MODERATE,0.9136239033314772,0.1,1
NIFTY50,2018-11-27,BEAR,0.003819817045813224,0.00021159668385587336,0.9959685862703309,0.0693239576917447,0.02111117277090768,0.9095648695373477,0.9959685862703309,86.43473043060216,0.9939528794054964,BEAR,0.9095648695373477,69.92204875880294,MODERATE,0.9131721251257563,0.2,2
NIFTY50,2018-11-28,BEAR,0.1583945954117555,0.0016614974284925618,0.839943907159752,0.2053913758028738,0.019210147839880905,0.7753984763572453,0.839943907159752,66.30977145358679,0.7599158607396278,BEAR,0.7753984763572453,73.28881311525929,MODERATE,0.9184116159322756,0.3,3
NIFTY50,2018-11-29,BEAR,9.01334977700309e-06,8.313300866244522e-05,0.9999078536415605,0.06597303836350224,0.021072073932979073,0.9129548877035187,0.9999078536415605,86.9432331555278,0.9998617804623406,BEAR,0.9129548877035187,75.91277876627815,HIGH,0.9130396966611166,0.4,4
NIFTY50,2018-11-30,BULL,0.971316096263038,0.0021376582091097046,0.026546245527852223,0.9212597849381199,0.0025841917119934273,0.07615602334988666,0.971316096263038,88.18896774071798,0.9569741443945571,BULL,0.9212597849381199,84.20007884053655,HIGH,0.9457154120076651,0.6,1
NIFTY50,2018-12-03,BULL,0.9999914980790787,4.697700131690565e-06,3.804220789697668e-06,0.946595476865455,4.534352164081245e-06,0.053399988782381044,0.9999914980790787,91.98932152981824,0.9999872471186181,BULL,0.946595476865455,84.26221186788663,HIGH,0.9466030266840948,0.6,2
NIFTY50,2018-12-04,BULL,0.9999960238904224,4.543038370098967e-09,3.9715665392467e-06,0.9465996453745797,8.798843858699575e-08,0.05340026663698178,0.9999960238904224,91.98994680618696,0.9999940358356336,BULL,0.9465996453745797,84.2622109622863,HIGH,0.9466030137469471,0.6,3
NIFTY50,2018-12-05,BULL,0.9992644633139176,5.68822486092301e-10,0.0007355361172598661,0.9459554078231587,1.54435530500446e-05,0.05402914862379129,0.9992644633139176,91.8933111734738,0.9988966949708764,BULL,0.9459554078231587,84.2604920286836,HIGH,0.946578457552623,0.6,4
NIFTY50,2018-12-06,BEAR,0.07311510623649509,6.841881105621552e-06,0.9268780518823992,0.13035578183524635,0.019466463348606033,0.8501777548161477,0.9268780518823992,77.52666322242213,0.8903170778235987,BEAR,0.8501777548161477,79.08436616065497,HIGH,0.9154909451522137,0.5,1
NIFTY50,2018-12-07,BEAR,0.11130713473701664,0.0006838165311091414,0.8880090487318741,0.1639626254416979,0.01929228366081873,0.8167450908974834,0.8880090487318741,72.51176363462251,0.8320135730978112,BEAR,0.8167450908974834,82.17576929054835,HIGH,0.9167967041506909,0.6,2
NIFTY50,2018-12-10,BEAR,2.2351966963666535e-06,0.0007239272933098788,0.9992738375099938,0.0659420934640935,0.02166633997905785,0.9123915665568486,0.9992738375099938,86.85873498352727,0.9989107562649905,BEAR,0.9123915665568486,81.91433845432292,HIGH,0.9130619779188989,0.6,3
NIFTY50,2018-12-11,BEAR,0.0001441444759603602,0.00014024189527047092,0.999715613628769,0.06608981364067058,0.021122186342802225,0.9127880000165272,0.999715613628769,86.91820000247907,0.9995734204431536,BEAR,0.9127880000165272,81.91323670139789,HIGH,0.9130462385913987,0.6,4
NIFTY50,2018-12-12,BEAR,0.3187128027479041,0.012941903000448387,0.6683452942516475,0.3461335001803712,0.02630306471555066,0.6275634351040781,0.6683452942516475,44.13451526561171,0.5025179413774712,BEAR,0.6275634351040781,82.69324431514042,HIGH,0.9241892045020063,0.6,5
NIFTY50,2018-12-13,BULL,0.9860388947775045,0.0003857717840334404,0.013575333438461974,0.9342934758880435,0.0006507914013257279,0.06505573271063078,0.9860388947775045,90.14402138320652,0.9790583421662568,BULL,0.9342934758880435,81.23036489718999,HIGH,0.946148069959857,0.5,1
NIFTY50,2018-12-14,BULL,0.9992708920874646,3.3356115542827625e-06,0.0007257723009810547,0.9459609392371131,1.8400723528424514e-05,0.05402066003935845,0.9992708920874646,91.89414088556697,0.998906338131197,BULL,0.9459609392371131,81.2605153345178,HIGH,0.9465787904931116,0.5,2
NIFTY50,2018-12-17,BULL,0.9999627664023519,6.360284160006852e-08,3.716999480648137e-05,0.9465703553710912,8.409938807120608e-07,0.05342880363502806,0.9999627664023519,91.98555330566367,0.9999441496035277,BULL,0.9465703553710912,81.26213296347913,HIGH,0.9466018994782732,0.5,3
NIFTY50,2018-12-18,BULL,0.9999641443978341,2.1711677150594217e-09,3.5853430998239496e-05,0.9465715712762577,7.551051498055583e-07,0.05342767361859261,0.9999641443978341,91.98573569143865,0.999946216596751,BULL,0.9465715712762577,81.26213605025877,HIGH,0.9466019435751254,0.5,4
NIFTY50,2018-12-19,BULL,0.9999856198735585,2.257003246732825e-09,1.4377869438275955e-05,0.9465904833243091,3.043031557611587e-07,0.053409212372535216,0.9999856198735585,91.98857249864636,0.9999784298103376,BULL,0.9465904833243091,81.26218651068899,HIGH,0.9466026644384142,0.5,5
NIFTY50,2018-12-20,BULL,0.9999202529798399,1.1638326702484524e-09,7.974585632749431e-05,0.9465329190051522,1.6756796060392545e-06,0.05346540531524176,0.9999202529798399,91.97993785077281,0.9998803794697598,BULL,0.9465329190051522,84.26203291756032,HIGH,0.9466004702508618,0.6,6
NIFTY50,2018-12-21,BEAR,0.23315104799130082,2.8867869337387423e-06,0.7668460652217655,0.2712891565005636,0.016102812167710544,0.7126080313317259,0.7668460652217655,56.89120469975888,0.6502690978326482,BEAR,0.7126080313317259,76.46038762556803,HIGH,0.9208626803652575,0.4,1
NIFTY50,2018-12-24,BEAR,0.0006867408057011805,0.00021906677527984506,0.999094192419019,0.06656457054815501,0.0211838783122328,0.9122515511396123,0.999094192419019,86.83773267094185,0.9986412886285283,BEAR,0.9122515511396123,75.91470544039069,HIGH,0.9130672205770098,0.4,2
NIFTY50,2018-12-26,BEAR,0.009082380017609895,0.0005893937392897413,0.9903282262431004,0.07394362866313625,0.021350965501538012,0.9047054058353258,0.9903282262431004,85.70581087529885,0.9854923393646505,BEAR,0.9047054058353258,75.93534297473835,HIGH,0.9133620424962623,0.4,3
NIFTY50,2018-12-27,BEAR,0.2479443912100816,0.002090928428512019,0.7499646803614064,0.28423530519475976,0.01772818787847118,0.6980365069267691,0.7499646803614064,54.705476039015366,0.6249470205421096,BEAR,0.6980365069267691,76.50028123046754,HIGH,0.9214325890066791,0.4,4
NIFTY50,2018-12-28,BULL,0.9388326792010974,0.0005782491726568753,0.06058907162624584,0.8927145373289581,0.0018203534233365432,0.10546510924770543,0.9388326792010974,83.9071805993437,0.9082490188016459,BULL,0.8927145373289581,84.1199192769842,HIGH,0.9445702753854889,0.6,1
NIFTY50,2018-12-31,BULL,0.9996962060917985,8.290781985404924e-06,0.00029550312621605607,0.9463352924183283,1.4065451253326145e-05,0.05365064213041842,0.9996962060917985,91.95029386274922,0.9995443091376977,BULL,0.9463352924183283,84.26152686484907,HIGH,0.9465932409264154,0.6,2
NIFTY50,2019-01-02,BULL,0.9963169465058608,2.8044241169574926e-07,0.0036827730517274984,0.9433597110224488,7.75867023927924e-05,0.056562702275158444,0.9963169465058608,91.50395665336731,0.9944754197587912,BULL,0.9433597110224488,84.25356703352888,HIGH,0.9464795290504129,0.6,3
NIFTY50,2019-01-03,BEAR,0.09695912825693154,2.9110501294808307e-05,0.9030117612417735,0.15135278959045093,0.01898650044830432,0.8296607099612447,0.9030117612417735,74.44910649418671,0.8545176418626604,BEAR,0.8296607099612447,79.14044643024076,HIGH,0.9162920918605822,0.5,1
NIFTY50,2019-01-04,BEAR,0.019724238109271958,0.0005860665944422058,0.9796896952962859,0.08331534897845577,0.021124452904933776,0.8955601981166104,0.9796896952962859,84.33402971749156,0.9695345429444289,BEAR,0.8955601981166104,81.96033961782348,HIGH,0.9137191373974783,0.6,2
NIFTY50,2019-01-07,BEAR,0.03243951053299115,0.0005323681717539814,0.967028121295255,0.09451495341023461,0.020807705971789842,0.8846773406179755,0.967028121295255,82.70160109269634,0.9505421819428824,BEAR,0.8846773406179755,84.99008423917073,HIGH,0.9141440605595819,0.7,3
NIFTY50,2019-01-08,BEAR,0.037081692248745586,0.0005271833487284469,0.9623911244025259,0.0986032222900857,0.02070543530932258,0.8806913424005918,0.9623911244025259,82.10370136008876,0.9435866866037887,BEAR,0.8806913424005918,85.00097907221816,HIGH,0.9142997010316882,0.7,4
NIFTY50,2019-01-09,BEAR,0.17008840942195771,0.0007777604787233023,0.829133830099319,0.21572380027447977,0.018145261735778094,0.766130937989742,0.829133830099319,64.91964069846131,0.7437007451489784,BEAR,0.766130937989742,85.31411671246883,HIGH,0.918773095892412,0.7,5
NIFTY50,2019-01-10,BEAR,0.025261952110633375,0.00026239229008288807,0.9744756555992838,0.08820466831613448,0.020708087229607614,0.891087244454258,0.9744756555992838,83.66308666813869,0.9617134833989256,BEAR,0.891087244454258,84.97255553705513,HIGH,0.913893650529359,0.7,6
NIFTY50,2019-01-11,BEAR,0.004373836329566659,0.0001987500327583168,0.9954274136376751,0.06981234707173911,0.021087630034315272,0.9091000228939455,0.9954274136376751,86.36500343409185,0.9931411204565126,BEAR,0.9091000228939455,84.9233189317598,HIGH,0.9131902704537115,0.7,7
NIFTY50,2019-01-14,BEAR,0.0027477411488464627,0.00020397249854159244,0.997048286352612,0.0683801475051798,0.021126612304249923,0.9104932401905702,0.997048286352612,86.57398602858551,0.995572429528918,BEAR,0.9104932401905702,87.9195109906235,HIGH,0.9131358712946215,0.8,8
NIFTY50,2019-01-15,BULL,0.8891952242795849,0.002575038786451303,0.10822973693396376,0.8489242392774242,0.004713859708196771,0.146361901014379,0.8891952242795849,77.33863589161362,0.8337928364193773,BULL,0.8489242392774242,72.00819757948962,MODERATE,0.9429742511355661,0.2,1
NIFTY50,2019-01-16,BULL,0.9963032928562222,1.868575032890268e-05,0.003678021393448897,0.9433469697716381,9.493816956296124e-05,0.05655809205879898,0.9963032928562222,91.50204546574572,0.9944549392843332,BULL,0.9433469697716381,72.25358020781468,MODERATE,0.9464797172544953,0.2,2
NIFTY50,2019-01-17,BULL,0.9986061383213727,3.4737156412735466e-07,0.0013935143070632047,0.9453756504040006,2.958675210529193e-05,0.05459476284389416,0.9986061383213727,91.80634756060007,0.997909207482059,BULL,0.9453756504040006,75.25894603683085,HIGH,0.9465563719547264,0.3,3
NIFTY50,2019-01-18,BULL,0.994805056202372,2.1581048608180323e-07,0.005194727987141993,0.9420282903175543,0.00010926919383219239,0.05786244048861346,0.994805056202372,91.30424354763315,0.992207584303558,BULL,0.9420282903175543,78.25001443567835,HIGH,0.946428777652548,0.4,4
NIFTY50,2019-01-21,BULL,0.9996232308405665,3.1489458578375693e-07,0.00037645426484777953,0.9462713387430947,8.20259526923447e-06,0.053720458661635995,0.9996232308405665,91.94070081146421,0.9994348462608496,BULL,0.9462713387430947,81.26133578582225,HIGH,0.9465905112260322,0.5,5
NIFTY50,2019-01-22,BULL,0.9991095736196168,3.704194696310684e-08,0.0008903893384362006,0.9458190051456872,1.8729307481531735e-05,0.054162265546831276,0.9991095736196168,91.87285077185308,0.9986643604294251,BULL,0.9458190051456872,84.26012817914392,HIGH,0.946573259702056,0.6,6
NIFTY50,2019-01-23,BULL,0.988175357059438,5.236865373210107e-07,0.011824119254024669,0.9361899344995117,0.0002487464041351111,0.06356131909635325,0.988175357059438,90.42849017492675,0.9822630355891571,BULL,0.9361899344995117,87.23443760662633,HIGH,0.9462062515232335,0.7,7
NIFTY50,2019-01-24,BULL,0.9886145533083327,3.353941592279502e-06,0.011382092750075047,0.9365765956899156,0.00024214951875506876,0.0631812547913294,0.9886145533083327,90.48648935348731,0.9829218299624989,BULL,0.9365765956899156,90.23547653077152,HIGH,0.946221093296736,0.8,8
NIFTY50,2019-01-25,BEAR,0.07850367873358374,1.7637174295439732e-05,0.9214786840921209,0.1351007255693789,0.019363338320833843,0.8455359361097874,0.9214786840921209,76.8303904164681,0.8822180261381811,BEAR,0.8455359361097874,70.09705405622225,MODERATE,0.9156722008031748,0.2,1
NIFTY50,2019-01-28,BEAR,1.120101027881585e-05,0.0001449484110638126,0.9998438505786574,0.06597255555476583,0.021129341244645657,0.9128981032005884,0.9998438505786574,86.93471548008827,0.999765775867986,BEAR,0.9128981032005884,69.91293590110561,MODERATE,0.9130419414443658,0.2,2
NIFTY50,2019-01-29,BEAR,1.3811656838968799e-05,0.00014934514094307365,0.9998368432022179,0.06597468321251304,0.021133362939393368,0.9128919538480936,0.9998368432022179,86.93379307721403,0.9997552648033267,BEAR,0.9128919538480936,72.91295284613753,MODERATE,0.9130421835162507,0.3,3
NIFTY50,2019-01-30,BEAR,1.4084413685350405e-05,0.00012138124155115212,0.9998645343447635,0.06597601334239678,0.021107429989646476,0.9129165566679567,0.9998645343447635,86.93748350019351,0.9997968015171451,BEAR,0.9129165566679567,75.91288472810382,HIGH,0.9130412104014832,0.4,4
NIFTY50,2019-01-31,BEAR,0.0003785340559698626,0.00034023567830770757,0.9992812302657225,0.06628843023542477,0.021302693058146846,0.9124088767064283,0.9992812302657225,86.86133150596427,0.9989218453985835,BEAR,0.9124088767064283,78.91427919279525,HIGH,0.9130611313256464,0.5,5
NIFTY50,2019-02-01,BEAR,0.3682353915257106,0.0013437497692872708,0.6304208587050021,0.3901968692101115,0.014509896227682588,0.595293234562206,0.6304208587050021,39.29398518433089,0.4456312880575031,BEAR,0.595293234562206,82.78108784114157,HIGH,0.9254441120163082,0.6,6
NIFTY50,2019-02-04,BULL,0.7638445247283565,0.0002869578568023892,0.235868517414841,0.7386252313456687,0.005224186147819305,0.2561505825065119,0.7638445247283565,60.793784701850306,0.6457667870925349,BULL,0.7386252313456687,77.70803912407415,HIGH,0.9386862732010594,0.4,1
NIFTY50,2019-02-05,BULL,0.9583214140776717,5.3435036766622765e-05,0.0416251508855617,0.9098974509240403,0.0009245931419252254,0.08917795593403456,0.9583214140776717,86.48461763860604,0.9374821211165075,BULL,0.9098974509240403,78.16442087934968,HIGH,0.9452060125621384,0.4,2
NIFTY50,2019-02-06,BULL,0.9999445002276713,3.2158655890486803e-06,5.228390673964543e-05,0.946554146678202,4.147171666298015e-06,0.05344170615013156,0.9999445002276713,91.98312200173032,0.9999167503415068,BULL,0.946554146678202,78.26209779497769,HIGH,0.9466013970711099,0.4,3
NIFTY50,2019-02-07,BULL,0.9999531443016232,6.6371036530131775e-09,4.684906127319396e-05,0.9465618840345998,9.901948721372186e-07,0.05343712577052812,0.9999531443016232,91.98428260518996,0.9999297164524348,BULL,0.9465618840345998,78.2621102146755,HIGH,0.9466015744953643,0.4,4
NIFTY50,2019-02-08,BULL,0.9106153704710432,8.745023646476518e-08,0.0893845420787203,0.8678879277646643,0.0018767281787088058,0.13023534405662693,0.9106153704710432,80.18318916469964,0.8659230557065647,BULL,0.8678879277646643,81.05219638390622,HIGH,0.9436028054843745,0.5,5
NIFTY50,2019-02-11,BULL,0.5123428516547389,8.395284552771231e-05,0.4875731954997334,0.5171520166798924,0.01031629052888914,0.47253169279121837,0.5123428516547389,27.572802501983862,0.2685142774821084,BULL,0.5171520166798924,83.11659475492583,HIGH,0.930237067927512,0.6,6
NIFTY50,2019-02-12,BEAR,0.06181475880890101,0.00018919339653956186,0.9379960477945595,0.12039719517496049,0.01987278665717663,0.8597300181678628,0.9379960477945595,78.95950272517943,0.9069940716918392,BEAR,0.8597300181678628,76.05826248018352,HIGH,0.9151180354311932,0.4,1
NIFTY50,2019-02-14,BEAR,5.397574942511312e-06,2.5728788189096437e-05,0.9999688736368684,0.06597209159328263,0.02101892651006306,0.9130089818966544,0.9999688736368684,86.95134728449814,0.9999533104553026,BEAR,0.9130089818966544,75.91262912227447,HIGH,0.9130375588896352,0.4,2
NIFTY50,2019-02-15,BEAR,8.715841321068962e-05,8.244159439837724e-05,0.9998303999923909,0.06604188257507795,0.02106979220599853,0.9128883252189234,0.9998303999923909,86.93324878283852,0.9997455999885861,BEAR,0.9128883252189234,75.91296068108294,HIGH,0.9130422954440421,0.4,3
NIFTY50,2019-02-18,BEAR,3.785812656410938e-05,0.00022890985101934992,0.9997332320224165,0.06599275822877877,0.021206627905389772,0.9128006138658314,0.9997332320224165,86.9200920798747,0.9995998480336249,BEAR,0.9128006138658314,75.91320498470392,HIGH,0.9130457854957704,0.4,4
NIFTY50,2019-02-19,BEAR,1.8052945478304968e-05,0.00017651717824755555,0.9998054298762742,0.06597735917209291,0.021158466927003093,0.912864173900904,0.9998054298762742,86.92962608513561,0.9997081448144113,BEAR,0.912864173900904,78.91302962360857,HIGH,0.9130432803372652,0.5,5
NIFTY50,2019-02-20,BEAR,0.003439950204840745,0.0006052140482067581,0.9959548357469525,0.06897409196206841,0.021484097436051626,0.9095418106018799,0.9959548357469525,86.431271590282,0.9939322536204288,BEAR,0.9095418106018799,81.9221240426502,HIGH,0.9131732006092887,0.6,6
NIFTY50,2019-02-21,BEAR,0.003211360320181504,0.00018117528992874594,0.9966074643898898,0.0687893152361237,0.021095741699580676,0.9101149430642956,0.9966074643898898,86.51724145964434,0.9949111965848345,BEAR,0.9101149430642956,84.92054428652058,HIGH,0.9131506326645799,0.7,7
NIFTY50,2019-02-22,BEAR,0.0017985147666005465,0.00015682175397567367,0.9980446634794237,0.0675460634781517,0.021102824841894977,0.9113511116799534,0.9980446634794237,86.702666751993,0.9970669952191357,BEAR,0.9113511116799534,87.91716468818804,HIGH,0.9131023526884006,0.8,8
NIFTY50,2019-02-25,BEAR,0.054933595436760886,0.0007679892691420693,0.944298415294097,0.11431484385399493,0.02055389876756059,0.8651312573784443,0.944298415294097,79.76968860676666,0.9164476229411455,BEAR,0.8651312573784443,91.04351720678339,HIGH,0.9149073886683343,0.9,9
NIFTY50,2019-02-26,BEAR,0.006369745858709924,0.00021483265383128667,0.9934154214874588,0.07156938763074693,0.02106063683138334,0.9073699755378698,0.9934154214874588,86.10549633068045,0.990123132231188,BEAR,0.9073699755378698,93.92804819943706,HIGH,0.9132578314205294,1.0,10
NIFTY50,2019-02-27,BEAR,0.00027582746347018267,0.00015994046602932956,0.9995642320705006,0.06620501048444632,0.021137685511923923,0.9126573040036298,0.9995642320705006,86.89859560054445,0.9993463481057507,BEAR,0.9126573040036298,93.91359454833497,HIGH,0.9130513506904997,1.0,11
NIFTY50,2019-02-28,BEAR,5.238324393787998e-06,3.5059686156006265e-05,0.9999597019894503,0.06597158766736785,0.02102758116039237,0.9130008311722397,0.9999597019894503,86.95012467583597,0.9999395529841753,BEAR,0.9130008311722397,93.91265169132961,HIGH,0.9130378813047088,1.0,12
NIFTY50,2019-03-01,BEAR,0.011432321261035314,0.00036236274265733913,0.9882053159963073,0.07602191755343655,0.021091132253330983,0.9028869501932324,0.9882053159963073,85.43304252898486,0.982307973994461,BEAR,0.9028869501932324,93.94030632015247,HIGH,0.9134329474307495,1.0,13
NIFTY50,2019-03-05,BULL,0.8534454916487438,0.001846189139854471,0.14470831921140168,0.8174701883181981,0.004788666124055951,0.177741145557746,0.8534454916487438,72.62052824772971,0.7801682374731156,BULL,0.8174701883181981,68.92240547926464,MODERATE,0.9417486497037806,0.1,1
NIFTY50,2019-03-06,BULL,0.9999198676442311,7.459115476424363e-06,7.267324029245972e-05,0.9465322889814747,8.598541372985157e-06,0.053459112477152355,0.9999198676442311,91.9798433472212,0.9998798014663467,BULL,0.9465322889814747,72.26205035010429,MODERATE,0.9466007192872044,0.2,2
NIFTY50,2019-03-07,BULL,0.9999968644156038,6.4397965616534195e-09,3.1291445996263435e-06,0.9466003854963809,7.210007006620484e-08,0.05339954240354897,0.9999968644156038,91.99005782445714,0.9999952966234055,BULL,0.9466003854963809,75.26221294190451,HIGH,0.9466030420272072,0.3,3
NIFTY50,2019-03-08,BULL,0.999992860639551,7.349828300156764e-11,7.139286950773815e-06,0.9465968598799688,1.5025746165755972e-07,0.05340298986256965,0.999992860639551,91.98952898199532,0.9999892909593264,BULL,0.9465968598799688,78.26220351870982,HIGH,0.9466029074101404,0.4,4
NIFTY50,2019-03-11,BULL,0.9999999979121017,1.6337842668056093e-10,1.9245198206445535e-09,0.9466031452070932,4.92440620666714e-10,0.05339685430046619,0.9999999979121017,91.99047178106396,0.9999999968681526,BULL,0.9466031452070932,81.26222028914547,HIGH,0.9466031469877925,0.5,5
NIFTY50,2019-03-12,BULL,0.9999999999948759,1.0298805386472189e-12,4.094157849132581e-12,0.9466031470475844,2.981880699482712e-10,0.05339685265422752,0.9999999999948759,91.99047205713767,0.9999999999923138,BULL,0.9466031470475844,84.26222029364008,HIGH,0.9466031470520012,0.6,6
NIFTY50,2019-03-13,BULL,0.9999999999966784,2.9439334996330616e-13,3.0272020404756266e-12,0.9466031470492005,2.974683073889796e-10,0.05339685265333133,0.9999999999966784,91.99047205738007,0.9999999999950177,BULL,0.9466031470492005,87.26222029364249,HIGH,0.9466031470520357,0.7,7
NIFTY50,2019-03-14,BULL,0.9999999999866211,2.612419194240395e-13,1.3117598828542021e-11,0.946603147040345,2.9764872417790506e-10,0.05339685266200638,0.9999999999866211,91.99047205605173,0.9999999999799317,BULL,0.946603147040345,90.26222029361881,HIGH,0.9466031470516973,0.8,8
NIFTY50,2019-03-15,BULL,0.9999999999984588,6.713772081832883e-13,8.697425612203934e-13,0.9466031470507537,2.977804532162988e-10,0.05339685265146593,0.9999999999984588,91.99047205761305,0.9999999999976882,BULL,0.9466031470507537,93.26222029364763,HIGH,0.9466031470521089,0.9,9
NIFTY50,2019-03-18,BULL,0.9999999999988526,3.926417713854003e-13,7.547432865255709e-13,0.9466031470511113,2.9751375220061005e-10,0.053396852651375025,0.9999999999988526,91.99047205766668,0.9999999999982787,BULL,0.9466031470511113,96.26222029364784,HIGH,0.9466031470521121,1.0,10
NIFTY50,2019-03-19,BULL,0.9999999999991267,8.553248563413842e-13,1.803856420017225e-14,0.9466031470513344,2.979369838589867e-10,0.05339685265072851,0.9999999999991267,91.99047205770017,0.99999999999869,BULL,0.9466031470513344,96.26222029364966,HIGH,0.946603147052138,1.0,11
NIFTY50,2019-03-20,BULL,0.9999999999994669,4.78523381259306e-13,5.458180297880877e-14,0.9466031470516488,2.975804819325169e-10,0.05339685265077069,0.9999999999994669,91.99047205774731,0.9999999999992003,BULL,0.9466031470516488,96.26222029364952,HIGH,0.9466031470521361,1.0,12
NIFTY50,2019-03-22,BULL,0.9999999999825298,2.8068919869483994e-13,1.7189578684941532e-11,0.946603147036741,2.977526553344587e-10,0.05339685266550625,0.9999999999825298,91.99047205551116,0.9999999999737946,BULL,0.946603147036741,96.26222029360922,HIGH,0.9466031470515603,1.0,13
NIFTY50,2019-03-25,BULL,0.9999998779603606,3.909663812279697e-13,1.2203924852246273e-07,0.9466030395797674,2.8597328732116836e-09,0.05339695756049964,0.9999998779603606,91.9904559369651,0.9999998169405407,BULL,0.9466030395797674,96.26222000689803,HIGH,0.9466031429556861,1.0,14
NIFTY50,2019-03-26,BULL,0.9999999981998339,2.527868677233371e-12,1.7976382983333457e-09,0.9466031454667495,3.372641970248399e-10,0.05339685419598637,0.9999999981998339,91.9904718200124,0.9999999972997506,BULL,0.9466031454667495,96.26222028942601,HIGH,0.9466031469918001,1.0,15
NIFTY50,2019-03-27,BULL,0.9999999218224167,1.7490686119319488e-13,7.817740829472462e-08,0.9466030782062294,1.938640579560592e-09,0.0533969198551301,0.9999999218224167,91.9904617309344,0.9999998827336251,BULL,0.9466030782062294,96.26222010995873,HIGH,0.9466031444279819,1.0,16
NIFTY50,2019-03-28,BULL,0.9999999971031179,3.6044760585110747e-12,2.8932775896656896e-09,0.9466031445009013,3.6128814535776317e-10,0.05339685513781057,0.9999999971031179,91.9904716751352,0.9999999956546769,BULL,0.9466031445009013,96.26222028685176,HIGH,0.9466031469550251,1.0,17
NIFTY50,2019-04-01,BULL,0.9999999999777973,3.1347595865715887e-13,2.1889291248958077e-11,0.9466031470325723,2.9788241385507053e-10,0.053396852669545386,0.9999999999777973,91.99047205488583,0.999999999966696,BULL,0.9466031470325723,96.26222029359819,HIGH,0.9466031470514029,1.0,18
NIFTY50,2019-04-02,BULL,0.999999999966074,2.0568119759176318e-13,3.37203980089588e-11,0.9466031470222523,2.980286031386415e-10,0.05339685267971894,0.999999999966074,91.99047205333787,0.999999999949111,BULL,0.9466031470222523,96.26222029357041,HIGH,0.9466031470510058,1.0,19
NIFTY50,2019-04-03,BULL,0.9999999637864858,2.8064140704504477e-13,3.621323362974544e-08,0.9466031151612448,1.0576952379533197e-09,0.053396883781059855,0.9999999637864858,91.99046727418673,0.9999999456797287,BULL,0.9466031151612448,96.26222020856056,HIGH,0.9466031458365797,1.0,20
NIFTY50,2019-04-04,BULL,0.9999988379605338,1.0491932322598792e-12,1.162038416992196e-06,0.9466021237196963,2.4695331542428263e-08,0.05339785158497219,0.9999988379605338,91.99031855795442,0.9999982569408007,BULL,0.9466021237196963,96.26221756324622,HIGH,0.9466031080463748,1.0,21
NIFTY50,2019-04-05,BULL,0.9999998710546478,1.85828850223508e-11,1.2892676927689323e-07,0.9466030334976475,3.0215865444630183e-09,0.053396963480765974,0.9999998710546478,91.9904550246471,0.9999998065819717,BULL,0.9466030334976475,96.26221999071663,HIGH,0.9466031427245232,1.0,22
NIFTY50,2019-04-08,BULL,0.9999724623230734,7.478709586783768e-12,2.753766944801551e-05,0.9465788964150692,5.784626711497821e-07,0.05342052512225972,0.9999724623230734,91.98683446226038,0.9999586934846099,BULL,0.9465788964150692,96.26215558929403,HIGH,0.9466022227042005,1.0,23
NIFTY50,2019-04-09,BULL,0.9999979227722459,6.724579748808174e-10,2.076555296190428e-06,0.9466013177468668,4.4532387134028444e-08,0.05339863772074605,0.9999979227722459,91.99019766203003,0.9999968841583686,BULL,0.9466013177468668,96.2622154145093,HIGH,0.946603077350133,1.0,24
NIFTY50,2019-04-10,BULL,0.9991256378732116,4.737401267022065e-10,0.000874361653048217,0.9458331533118294,1.8358130652507506e-05,0.054148488557518096,0.9991256378732116,91.8749729967744,0.9986884568098174,BULL,0.9458331533118294,96.26016583487677,HIGH,0.9465737976410967,1.0,25
NIFTY50,2019-04-11,BULL,0.9996004045631063,7.799514434114994e-08,0.00039951744174942773,0.9462512463621486,8.46219167825485e-06,0.053740291446173025,0.9996004045631063,91.93768695432229,0.9994006068446593,BULL,0.9462512463621486,96.26128156916944,HIGH,0.9465897367024206,1.0,26
NIFTY50,2019-04-12,BULL,0.9999545825833193,1.692517013740656e-08,4.540049151065037e-05,0.9465631502345309,9.695366448996504e-07,0.05343588022882434,0.9999545825833193,91.98447253517963,0.9999318738749787,BULL,0.9465631502345309,96.26211361945545,HIGH,0.946601623135078,1.0,27
NIFTY50,2019-04-15,BULL,0.999998755155817,6.968353975115728e-10,1.244147347648845e-06,0.9466020507718612,2.7078942328581407e-08,0.05339792214919637,0.999998755155817,91.9903076157792,0.9999981327337254,BULL,0.9466020507718612,96.26221737039356,HIGH,0.9466031052913366,1.0,28
NIFTY50,2019-04-16,BULL,0.9999998541133486,2.3208559431523157e-11,1.4586344291225645e-07,0.9466030185783693,3.3815610271583094e-09,0.053396978040069605,0.9999998541133486,91.99045278675541,0.9999997811700229,BULL,0.9466030185783693,96.26221995092156,HIGH,0.9466031421560225,1.0,29
NIFTY50,2019-04-18,BULL,0.9999990023774745,2.739794310274798e-12,9.976197857030982e-07,0.9466022685109111,2.1244934986095734e-08,0.05339771024415399,0.9999990023774745,91.99034027663664,0.9999985035662118,BULL,0.9466022685109111,96.2622179495755,HIGH,0.9466031135653643,1.0,30
NIFTY50,2019-04-22,BULL,0.956606675938218,2.514990057236919e-09,0.043393321546791874,0.908389475440004,0.0009110534795759589,0.09069947108042004,0.956606675938218,86.2584213160006,0.9349100139073269,BULL,0.908389475440004,96.16026043318797,HIGH,0.9451465776169712,1.0,31
NIFTY50,2019-04-23,BULL,0.8609667063686914,4.337481627338042e-05,0.13898991881503522,0.8241638989043593,0.0029592456943328418,0.17287685540130796,0.8609667063686914,73.62458483565388,0.7914500595530372,BULL,0.8241638989043593,95.93564498742737,HIGH,0.9419377855346768,1.0,32
NIFTY50,2019-04-24,BULL,0.9986241045997312,4.5128910655525305e-05,0.0013307664896133249,0.9453897267131451,7.072954158908194e-05,0.054539543745265824,0.9986241045997312,91.80845900697176,0.9979361568995966,BULL,0.9453897267131451,96.25909836251148,HIGH,0.9465585480358781,1.0,33
NIFTY50,2019-04-25,BEAR,0.4266144877170767,1.0015266088071925e-05,0.5733754970168352,0.44165951735727926,0.012047620825752243,0.5462928618169686,0.5733754970168352,31.943929272545287,0.3600632455252528,BEAR,0.5462928618169686,67.91497983606705,MODERATE,0.9273568548009578,0.1,1
NIFTY50,2019-04-26,BULL,0.9986781831560438,7.93075141709982e-05,0.001242509329785242,0.9454360180148987,0.00010128344816146632,0.0544626985369399,0.9986781831560438,91.81540270223479,0.9980172747340658,BULL,0.9454360180148987,93.25930946903871,HIGH,0.9465615638434102,0.9,1
NIFTY50,2019-04-30,BULL,0.9975591721486784,1.094580319960125e-06,0.002439733271001688,0.9444536264282177,5.226078800207087e-05,0.0554941127837801,0.9975591721486784,91.66804396423267,0.9963387582230174,BULL,0.9444536264282177,93.25648785211347,HIGH,0.9465212550301924,0.9,2
NIFTY50,2019-05-02,BULL,0.9993865638567924,2.112591620766733e-07,0.0006132248840455503,0.9460629255990977,1.307537487743762e-05,0.05392399902602489,0.9993865638567924,91.90943883986463,0.9990798457851884,BULL,0.9460629255990977,93.26077944236924,HIGH,0.9465825634624178,0.9,3
NIFTY50,2019-05-03,BULL,0.9975059199264388,9.039377542867463e-08,0.0024939896797858017,0.9444067698073457,5.24477789514518e-05,0.05554078241370285,0.9975059199264388,91.66101547110186,0.996258879889658,BULL,0.9444067698073457,93.25636025797792,HIGH,0.9465194322568274,0.9,4
NIFTY50,2019-05-06,BULL,0.8132614732882438,5.732982657102592e-06,0.18673279372909915,0.7821544773696373,0.003925925580148908,0.21391959705021393,0.8132614732882438,67.32317160544558,0.7198922099323657,BULL,0.7821544773696373,92.82346101447803,HIGH,0.9403351573496861,0.9,5
NIFTY50,2019-05-07,BEAR,0.023151094969590478,0.00019232226392153304,0.9766565827664879,0.08634850512118855,0.020687438402824027,0.8929640564759874,0.9766565827664879,83.9446084713981,0.9649848741497319,BEAR,0.8929640564759874,69.96742343404027,MODERATE,0.913820334772004,0.2,1
NIFTY50,2019-05-08,BEAR,2.7509782239159762e-06,0.0003760335580834336,0.9996212154636926,0.06595610730701222,0.021343773329675367,0.9127001193633124,0.9996212154636926,86.90501790449686,0.9994318231955388,BEAR,0.9127001193633124,72.91348424912694,MODERATE,0.9130497749875277,0.3,2
NIFTY50,2019-05-09,BEAR,7.485573830900121e-07,0.0003918725820115674,0.9996073788606054,0.06595372655819402,0.021358500801624387,0.9126877726401816,0.9996073788606054,86.90316589602725,0.9994110682909079,BEAR,0.9126877726401816,75.91351848982481,HIGH,0.9130502641403544,0.4,3
NIFTY50,2019-05-10,BEAR,2.3023520289392656e-07,0.0007618997898189658,0.9992378699749781,0.065938847795929,0.021701588944331163,0.9123595632597399,0.9992378699749781,86.85393448896099,0.998856804962467,BEAR,0.9123595632597399,78.91442711185107,HIGH,0.9130632444550153,0.5,4
NIFTY50,2019-05-13,BEAR,5.996082037619971e-09,0.010238705550302556,0.9897612884536153,0.0655692790313182,0.030488181474462604,0.9039425394942192,0.9897612884536153,85.59138092413286,0.984641932680423,BEAR,0.9039425394942192,78.93772859067131,HIGH,0.913396122723876,0.5,5
NIFTY50,2019-05-14,BEAR,4.0997020004220966e-07,0.0011181927962197308,0.9988813972335803,0.06592511907614265,0.022031928523817048,0.9120429524000403,0.9988813972335803,86.80644286000603,0.9983220958503702,BEAR,0.9120429524000403,81.91530360379345,HIGH,0.9130757657684777,0.6,6
NIFTY50,2019-05-15,BEAR,5.2027217220438114e-08,0.0014037842253489092,0.9985961637474339,0.06591367254778657,0.022296727175986974,0.9117896002762264,0.9985961637474339,86.76844004143398,0.9978942456211508,BEAR,0.9117896002762264,84.91600498808282,HIGH,0.9130857855440403,0.7,7
NIFTY50,2019-05-16,BEAR,7.323459176354245e-07,0.0007321837013400062,0.9992670839527424,0.06594044819674606,0.021674026606201574,0.9123855251970523,0.9992670839527424,86.85782877955785,0.9989006259291137,BEAR,0.9123855251970523,87.91435522435954,HIGH,0.9130622174908506,0.8,8
NIFTY50,2019-05-17,BEAR,0.00014291006417027212,0.0004058855508174744,0.9994512043850122,0.06607837275476794,0.021368508466040156,0.9125531187791918,0.9994512043850122,86.8829678168788,0.9991768065775185,BEAR,0.9125531187791918,90.91388697777457,HIGH,0.9130555282539223,0.9,9
NIFTY50,2019-05-20,SIDE,0.0013332995369664757,0.9985400314001791,0.00012666906285456944,0.02822304601210218,0.9467812164944343,0.02499573749346345,0.9985400314001791,92.01718247416517,0.9978100471002687,SIDE,0.9467812164944343,69.37094212460613,MODERATE,0.9481563160658019,0.1,1
NIFTY50,2019-05-21,SIDE,0.08301018380685249,0.9119419104937507,0.005047905699396766,0.10352583175226523,0.8647754180986692,0.031698750149065584,0.9119419104937507,79.71631271480037,0.8679128657406261,SIDE,0.8647754180986692,72.34992417269194,MODERATE,0.9478560596098852,0.2,2
NIFTY50,2019-05-22,BULL,0.7518299961132746,0.245894568109251,0.002275435777474418,0.7184719312554375,0.23319586669543568,0.04833220204912687,0.7518299961132746,57.770789688315624,0.6277449941699119,BULL,0.7184719312554375,69.2837202653562,MODERATE,0.9469102895050885,0.1,1
NIFTY50,2019-05-23,BULL,0.7712204755112589,0.14535021563144546,0.08342930885729562,0.7394667141222593,0.13956728797697265,0.12096599790076819,0.7712204755112589,60.920007118338894,0.6568307132668884,BULL,0.7394667141222593,72.08205836070111,MODERATE,0.944029405152873,0.2,2
NIFTY50,2019-05-24,BULL,0.9801723453315965,0.019806616970872652,2.10376975308966e-05,0.9283702346089754,0.018780340279203805,0.052849425111820884,0.9801723453315965,89.2555351913463,0.9702585179973947,BULL,0.9283702346089754,75.2643333259009,HIGH,0.9466333332271558,0.3,3
NIFTY50,2019-05-27,BULL,0.9997142764574706,0.00028553873045519124,1.8481207425194662e-07,0.946340399698405,0.0002707413922404482,0.053388858909354596,0.9997142764574706,91.95105995476075,0.9995714146862057,BULL,0.946340399698405,78.26225103419546,HIGH,0.9466035862027922,0.4,4
NIFTY50,2019-05-28,BULL,0.9999939235467588,5.737116431621691e-06,3.3933680954535066e-07,0.9465975723040619,5.447142200986261e-06,0.05339698055373705,0.9999939235467588,91.98963584560927,0.9999908853201381,BULL,0.9465975723040619,81.26222012269288,HIGH,0.9466031446098984,0.5,5
NIFTY50,2019-05-29,BULL,0.9999987542061457,7.068677580785927e-08,1.1751070784106302e-06,0.9466020472075954,9.199129013113123e-08,0.05339786080111443,0.9999987542061457,91.9903070811393,0.9999981313092186,BULL,0.9466020472075954,84.26221754025663,HIGH,0.946603107717952,0.6,6
NIFTY50,2019-05-30,BULL,0.9999999757363361,8.686263496790467e-10,2.3395037532992925e-08,0.946603125650854,1.611907981176705e-09,0.05339687273723787,0.9999999757363361,91.99046884762811,0.999999963604504,BULL,0.946603125650854,87.26222023877388,HIGH,0.9466031462681984,0.7,7
NIFTY50,2019-05-31,BULL,0.9999999803184009,1.1198660904696308e-11,1.9670400441020514e-08,0.9466031297193993,7.207274611846237e-10,0.05339686955987327,0.9999999803184009,91.9904694579099,0.9999999704776011,BULL,0.9466031297193993,90.2622202474319,HIGH,0.9466031463918844,0.8,8
NIFTY50,2019-06-03,BULL,0.9999999998541629,3.270719894701654e-11,1.1312993775748876e-10,0.946603146922433,3.305125526150862e-10,0.053396852747054566,0.9999999998541629,91.99047203836494,0.9999999997812443,BULL,0.946603146922433,93.26222029338733,HIGH,0.9466031470483905,0.9,9
NIFTY50,2019-06-04,BULL,0.9999999955103871,3.638405892208113e-12,4.485974486655849e-09,0.9466031430982857,3.947592817863817e-10,0.05339685650695496,0.9999999955103871,91.99047146474287,0.9999999932655806,BULL,0.9466031430982857,96.26222028310943,HIGH,0.9466031469015632,1.0,10
NIFTY50,2019-06-06,BULL,0.9999242020633923,6.602257369344169e-11,7.579787058513617e-05,0.9465363967483688,1.591750013695292e-06,0.053462011501617626,0.9999242020633923,91.9804595122553,0.9998863030950884,BULL,0.9465363967483688,96.26204219389271,HIGH,0.946600602769896,1.0,11
NIFTY50,2019-06-07,BULL,0.9999685022937252,1.9764681919965074e-08,3.147794159283727e-05,0.9465754083053292,6.799224583451462e-07,0.05342391177221258,0.9999685022937252,91.98631124579936,0.9999527534405879,BULL,0.9465754083053292,96.2621463331232,HIGH,0.9466020904731886,1.0,12
NIFTY50,2019-06-10,BULL,0.9997499803705086,2.12207708147966e-08,0.00024999840872066585,0.9463829702371311,5.269180621757096e-06,0.053611760582247134,0.9997499803705086,91.95744553556968,0.9996249705557628,BULL,0.9463829702371311,96.2616328829262,HIGH,0.9465947554703742,1.0,13
NIFTY50,2019-06-11,BULL,0.999977336637258,3.798949481163898e-08,2.2625373247245195e-05,0.9465831874253949,5.113412418656706e-07,0.05341630123336324,0.999977336637258,91.98747811380925,0.999966004955887,BULL,0.9465831874253949,96.26216713570173,HIGH,0.9466023876528818,1.0,14
NIFTY50,2019-06-12,BULL,0.9982136246263137,1.9593528653863337e-08,0.0017863557801576233,0.945030001957916,3.752374441090364e-05,0.05493247429767317,0.9982136246263137,91.75450029368739,0.9973204369394704,BULL,0.945030001957916,96.25802295435287,HIGH,0.9465431850621838,1.0,15
NIFTY50,2019-06-13,BULL,0.9995088437437767,6.070554157697743e-07,0.0004905492008075821,0.9461705940969489,1.0875055559386807e-05,0.05381853084749158,0.9995088437437767,91.92558911454233,0.999263265615665,BULL,0.9461705940969489,96.2610677326008,HIGH,0.9465866818942971,1.0,16
NIFTY50,2019-06-14,BULL,0.7120904807523449,6.469384540991452e-06,0.28790304986311405,0.6930597512890773,0.006050712016226424,0.3008895366946964,0.7120904807523449,53.95896269336159,0.5681357211285174,BULL,0.6930597512890773,95.58574467082026,HIGH,0.9369392095831467,1.0,17
NIFTY50,2019-06-17,BEAR,0.000257493515639871,0.0015023067992283397,0.9982401996851318,0.06613654443272754,0.022382669088695687,0.9114807864785767,0.9982401996851318,86.72211797178652,0.9973602995276977,BEAR,0.9114807864785767,66.91685214171709,MODERATE,0.9130978877388155,0.1,1
NIFTY50,2019-06-18,BEAR,8.195241751350282e-05,0.00013720986962910934,0.9997808377128574,0.06603516332663999,0.021120680880432913,0.912844155792927,0.9997808377128574,86.92662336893905,0.9996712565692861,BEAR,0.912844155792927,69.91308311547917,MODERATE,0.9130440445068452,0.2,2
NIFTY50,2019-06-19,BEAR,0.00010037274253944213,0.00011102114654029256,0.9997886061109204,0.06605240564681406,0.02109601280520063,0.9128515815479853,0.9997886061109204,86.92773723219777,0.9996829091663804,BEAR,0.9128515815479853,72.91306200307481,MODERATE,0.9130437429010689,0.3,3
NIFTY50,2019-06-20,BEAR,0.006302404775715985,0.0006435529461101014,0.9930540422781738,0.071493374777317,0.0214595462600848,0.9070470789625982,0.9930540422781738,86.05706184438972,0.9895810634172609,BEAR,0.9070470789625982,75.92894412747414,HIGH,0.9132706303924878,0.4,4
NIFTY50,2019-06-21,BEAR,6.37779299223122e-05,0.00015361769158967292,0.999782604378488,0.06601851872328665,0.021136275259050097,0.9128452060176632,0.999782604378488,86.92678090264945,0.9996739065677318,BEAR,0.9128452060176632,78.91308075579033,HIGH,0.9130440107970048,0.5,5
NIFTY50,2019-06-24,BEAR,1.1827779482824889e-05,0.00012989171088909483,0.9998582805096281,0.06597369436474791,0.021115368000040644,0.9129109376352114,0.9998582805096281,86.9366406452817,0.9997874207644422,BEAR,0.9129109376352114,81.91290035169791,HIGH,0.9130414335956847,0.6,6
NIFTY50,2019-06-25,BEAR,0.0010421830188529352,0.0002359883422154816,0.9987218286389316,0.06687692579165165,0.021192104866961332,0.9119309693413871,0.9987218286389316,86.78964540120806,0.9980827429583972,BEAR,0.9119309693413871,84.91558221879771,HIGH,0.9130797459828245,0.7,7
NIFTY50,2019-06-26,BEAR,0.04722236775258461,0.0004451232083791349,0.9523325090390363,0.10753665249917502,0.02041644644647367,0.8720469010543512,0.9523325090390363,80.80703515815269,0.9284987635585543,BEAR,0.8720469010543512,88.02460451074789,HIGH,0.9146372072963985,0.8,8
NIFTY50,2019-06-27,BEAR,0.017448852285960794,0.00023700358091483472,0.9823141441331243,0.08132517022746519,0.020848585112931237,0.8978262446596036,0.9823141441331243,84.67393669894052,0.9734712161996864,BEAR,0.8978262446596036,90.95413492638981,HIGH,0.9136304989484259,0.9,9
NIFTY50,2019-06-28,BEAR,0.001419109627429575,0.00014523023210795372,0.9984356601404625,0.06721239790225195,0.021100043238636484,0.9116875588591116,0.9984356601404625,86.75313382886674,0.9976534902106937,BEAR,0.9116875588591116,93.91624471064159,HIGH,0.9130892101520227,1.0,10
NIFTY50,2019-07-01,BEAR,0.019450812619110656,0.0004056684098193656,0.98014351897107,0.08308159223765141,0.02096293416086039,0.8959554736014883,0.98014351897107,84.39332104022324,0.9702152784566048,BEAR,0.8959554736014883,93.95925358758997,HIGH,0.9137036226798568,1.0,11
NIFTY50,2019-07-02,BEAR,0.3175410732520639,0.0008600653842312921,0.6815988613637048,0.34557254032664764,0.015125776280297319,0.639301683393055,0.6815988613637048,45.89525250895826,0.5223982920455572,BEAR,0.639301683393055,94.66078376307114,HIGH,0.923725482329588,1.0,12
NIFTY50,2019-07-03,BULL,0.7487282345804576,0.0003186013074859311,0.2509531641120566,0.7253120667585988,0.005570894234608735,0.26911703900679257,0.7487282345804576,58.79681001378982,0.6230923518706863,BULL,0.7253120667585988,68.67259868055385,MODERATE,0.9381799811507694,0.1,1
NIFTY50,2019-07-04,BULL,0.9959109238154912,2.3339777481954795e-05,0.004065736407026896,0.9430012545406101,0.00010749109348398027,0.056891254365905926,0.9959109238154912,91.45018818109152,0.9938663857232366,BULL,0.9430012545406101,72.25266971471784,MODERATE,0.9464667102102549,0.2,2
NIFTY50,2019-07-05,BULL,0.7445704456187064,1.7488597439242734e-05,0.2554120657838543,0.7216623093573141,0.005379005814735887,0.27295868482795,0.7445704456187064,58.249346403597116,0.6168556684280596,BULL,0.7216623093573141,74.66208887077556,MODERATE,0.9380298410110797,0.3,3
NIFTY50,2019-07-08,BEAR,1.7609718335862625e-05,0.001050890400271771,0.9989314998813925,0.0659428889746995,0.021969166806958915,0.9120879442183415,0.9989314998813925,86.81319163275124,0.9983972498220888,BEAR,0.9120879442183415,84.91517853125066,HIGH,0.9130739790178667,0.7,1
NIFTY50,2019-07-09,BEAR,1.5154904146477239e-05,0.00015311349497970333,0.9998317316008739,0.06597571924616168,0.021136828633662712,0.9128874521201755,0.9998317316008739,86.93311781802633,0.9997475974013107,BEAR,0.9128874521201755,84.91296526812371,HIGH,0.913042360973196,0.7,2
NIFTY50,2019-07-10,BEAR,6.60606552224097e-07,0.00025789089902577173,0.9997414484944221,0.06595887122251076,0.021234279164657834,0.9128068496128314,0.9997414484944221,86.9210274419247,0.999612172741633,BEAR,0.9128068496128314,84.91318884284757,HIGH,0.9130455548978227,0.7,3
NIFTY50,2019-07-11,BEAR,5.5824908909919164e-05,0.00016583562507814582,0.999778339466012,0.06601103880572708,0.021147770306998458,0.9128411908872744,0.999778339466012,86.92617863309117,0.999667509199018,BEAR,0.9128411908872744,84.91309211085493,HIGH,0.9130441730122135,0.7,4
NIFTY50,2019-07-12,BEAR,2.541553693461126e-05,0.0001233286381026806,0.9998512558249627,0.06598591602151219,0.021108997653725703,0.912905086324762,0.9998512558249627,86.93576294871431,0.9997768837374439,BEAR,0.912905086324762,84.91291614081969,HIGH,0.9130416591545671,0.7,5
NIFTY50,2019-07-15,BEAR,4.1862266224086816e-05,0.00011998600223769355,0.9998381517315382,0.06600052986751148,0.021105553167734107,0.9128939169647545,0.9998381517315382,86.93408754471318,0.9997572275973073,BEAR,0.9128939169647545,84.91294656613194,HIGH,0.9130420938018851,0.7,6
NIFTY50,2019-07-16,BEAR,0.00020719787279972518,0.0001347144946667937,0.9996580876325334,0.06614555609445669,0.021115737698009517,0.9127387062075338,0.9996580876325334,86.91080593113007,0.9994871314488001,BEAR,0.9127387062075338,84.91337126486434,HIGH,0.9130481609266334,0.7,7
NIFTY50,2019-07-17,BEAR,0.0005532844873488515,0.00012218991831006534,0.999324525594341,0.06645082017536082,0.02109685916348268,0.9124523206611566,0.999324525594341,86.86784809917349,0.9989867883915116,BEAR,0.9124523206611566,87.91415365719801,HIGH,0.9130593379599717,0.8,8
NIFTY50,2019-07-18,BEAR,1.9021612505463906e-05,9.987543695793269e-05,0.9998811029505367,0.06598119942927404,0.02108738684572236,0.9129314137250037,0.9998811029505367,86.93971205875056,0.9998216544258048,BEAR,0.9129314137250037,90.91284344941647,HIGH,0.9130406207059496,0.9,9
NIFTY50,2019-07-19,BEAR,3.4663610924376254e-08,0.0013530244655089005,0.9986469408708801,0.06591563568692185,0.02224966473278089,0.9118346995802972,0.9986469408708801,86.77520493704459,0.9979704113063204,BEAR,0.9118346995802972,93.91588013685295,HIGH,0.9130840019550422,1.0,10
NIFTY50,2019-07-22,BEAR,1.0883047095202371e-08,0.0020474054336044357,0.9979525836833484,0.06588855030975029,0.02289347280946679,0.911217976880783,0.9979525836833484,86.68269653211743,0.9969288755250224,BEAR,0.911217976880783,93.91758745682559,HIGH,0.9131083922403657,1.0,11
NIFTY50,2019-07-23,BEAR,2.751682741312335e-08,0.0026236262926238986,0.9973763461905487,0.06586610597254484,0.0234277258057966,0.9107061682216585,0.9973763461905487,86.6059252332488,0.9960645192858231,BEAR,0.9107061682216585,93.91900433424982,HIGH,0.9131286333464261,1.0,12
NIFTY50,2019-07-24,BEAR,7.128276653836399e-09,0.010559511061754925,0.9894404818099685,0.06555677620068741,0.03078562194609312,0.9036576018532194,0.9894404818099685,85.54864027798291,0.9841607227149527,BEAR,0.9036576018532194,93.93851740467247,HIGH,0.9134073914953211,1.0,13
NIFTY50,2019-07-25,BEAR,5.2572692280444785e-09,0.006638698389754669,0.9933612963529762,0.06570959351736747,0.027150371274578113,0.9071400352080544,0.9933612963529762,86.07100528120814,0.9900419445294641,BEAR,0.9071400352080544,93.92887672581583,HIGH,0.9132696675116548,1.0,14
NIFTY50,2019-07-26,BEAR,1.2154672194943282e-07,0.0011830431913052118,0.9988168352619728,0.06592233744873609,0.022092061768389328,0.9119856007828747,0.9988168352619728,86.79784011743119,0.9982252528929593,BEAR,0.9119856007828747,93.91546238322728,HIGH,0.9130780340461039,1.0,15
NIFTY50,2019-07-29,BEAR,1.0443949504761618e-08,0.006254411952808642,0.9937455776032418,0.06572457616734714,0.026794073209130582,0.9074813506235223,0.9937455776032418,86.12220259352833,0.9906183664048627,BEAR,0.9074813506235223,93.92793183684378,HIGH,0.9132561690977684,1.0,16
NIFTY50,2019-07-30,BEAR,2.1088278806203128e-09,0.05153739643152966,0.9484626014596425,0.06395960340548276,0.06877899214570363,0.8672614044488137,0.9484626014596425,80.08921066732204,0.9226939021894637,BEAR,0.8672614044488137,94.03927570141674,HIGH,0.914846795734525,1.0,17
NIFTY50,2019-07-31,BEAR,8.211940790975948e-09,0.042953106106510465,0.9570468856815488,0.06429419307853906,0.06081991564328246,0.8748858912781784,0.9570468856815488,81.23288369172674,0.9355703285223232,BEAR,0.8748858912781784,94.01816826803633,HIGH,0.9145452609719475,1.0,18
NIFTY50,2019-08-01,SIDE,1.2551941666859196e-10,0.5894779827184112,0.41052201715606934,0.042992641449977095,0.5675401068489051,0.3894672517011179,0.5894779827184112,35.13101602733577,0.38421697407761685,SIDE,0.5675401068489051,68.36198874256796,MODERATE,0.9337426963223995,0.1,1
NIFTY50,2019-08-02,SIDE,4.2689463739702174e-10,0.8575706803389643,0.142429319234141,0.03254336708057994,0.8161069859858866,0.15134964693353345,0.8575706803389643,72.41604789788299,0.7863560205084463,SIDE,0.8161069859858866,72.02118739396188,MODERATE,0.9431598199137413,0.2,2
NIFTY50,2019-08-05,SIDE,2.5790258305466185e-14,0.9998463818661145,0.00015361813385970122,0.02699797926102719,0.9480204152691618,0.02498160546981095,0.9998463818661145,92.20306229037428,0.9997695727991718,SIDE,0.9480204152691618,75.37102142911316,HIGH,0.9481574489873309,0.3,3
NIFTY50,2019-08-06,SIDE,7.235065673392265e-11,0.998006510478619,0.0019934894490303725,0.027069690794636975,0.9463145460184104,0.02661576318695269,0.998006510478619,91.94718190276156,0.9970097657179283,SIDE,0.9463145460184104,78.36649746892599,HIGH,0.948092820984657,0.4,4
NIFTY50,2019-08-07,SIDE,1.7177445015438438e-12,0.9995277875152749,0.0004722124830072318,0.027010396907229495,0.9477250248903367,0.025264578202433764,0.9995277875152749,92.1587537335505,0.9992916812729126,SIDE,0.9477250248903367,81.37023805467973,HIGH,0.9481462579239962,0.5,5
NIFTY50,2019-08-08,SIDE,1.9004283753281368e-07,0.9371111511656842,0.06288865879147822,0.029443336886307132,0.8898543342246944,0.0807023288889985,0.9371111511656842,83.47815013370415,0.9056667267485263,SIDE,0.8898543342246944,84.2167656061018,HIGH,0.945953794372883,0.6,6
NIFTY50,2019-08-09,BEAR,2.3974350851573503e-05,0.23963732037078236,0.7603387052783661,0.05664926585212067,0.24317865518819673,0.7001720789596827,0.7603387052783661,55.0258118439524,0.6405080579175492,BEAR,0.7001720789596827,76.50184076923198,HIGH,0.9214548681318855,0.4,1
NIFTY50,2019-08-13,BEAR,6.594389071696165e-09,0.17101763945762183,0.8289823539479891,0.05930270366562064,0.17955720940646092,0.7611400869279183,0.8289823539479891,64.17101303918777,0.7434735309219836,BEAR,0.7611400869279183,76.33305922670877,HIGH,0.9190437032386968,0.4,2
NIFTY50,2019-08-14,BEAR,5.691255412331304e-06,0.014867795462295372,0.9851265132822924,0.06539386064308375,0.03478000457349789,0.8998261347834182,0.9851265132822924,84.97392021751277,0.9776897699234386,BEAR,0.8998261347834182,75.94912416824002,HIGH,0.913558916689143,0.4,3
NIFTY50,2019-08-16,BEAR,1.7014605353427863e-05,0.0009982135003349876,0.9989847718943115,0.06594441805074715,0.021920338983410035,0.9121352429658427,0.9989847718943115,86.8202864448764,0.9984771578414672,BEAR,0.9121352429658427,75.91504760854981,HIGH,0.9130721086935688,0.4,4
NIFTY50,2019-08-19,BEAR,1.6537153970488734e-05,0.00042251934998548596,0.999560943496044,0.06596643604675145,0.021386584009275962,0.9126469799439727,0.999560943496044,86.8970469915959,0.999341415244066,BEAR,0.9126469799439727,78.91363094345314,HIGH,0.9130518706207592,0.5,5
NIFTY50,2019-08-20,BEAR,1.849547250853452e-05,0.00049756466091887,0.9994839398665727,0.06596523561796276,0.02145612247935642,0.9125786419026807,0.9994839398665727,86.8867962854021,0.999225909799859,BEAR,0.9125786419026807,81.91382006971057,HIGH,0.913054572424437,0.6,6
NIFTY50,2019-08-21,BEAR,1.8348916566612469e-06,0.0012725581363274572,0.9987256069720158,0.06592035731415288,0.02217502115851652,0.9119046215273305,0.9987256069720158,86.78569322909958,0.9980884104580238,BEAR,0.9119046215273305,84.9156865124799,HIGH,0.91308123589257,0.7,7
NIFTY50,2019-08-22,BEAR,3.936585878386002e-09,0.03503079023959283,0.9649692058238214,0.06460297226423005,0.05347460066812454,0.8819224270676453,0.9649692058238214,82.2883640601468,0.9474538087357316,BEAR,0.8819224270676453,87.99868850350218,HIGH,0.9142669786214597,0.8,8
NIFTY50,2019-08-23,BEAR,1.7863559125296816e-06,0.008430060016402487,0.991568153627685,0.0656413412782922,0.028811226447858995,0.9055474322738488,0.991568153627685,85.83211484107733,0.9873522304415275,BEAR,0.9055474322738488,90.93328559313163,HIGH,0.9133326513304518,0.9,9
NIFTY50,2019-08-26,BEAR,0.0012159302027943727,0.05568753719383427,0.9430965326033712,0.06486863467043345,0.07260133981054741,0.8625300255190191,0.9430965326033712,79.37950382785287,0.914644798905057,BEAR,0.8625300255190191,94.05233728458826,HIGH,0.9150333897798323,1.0,10
NIFTY50,2019-08-27,BEAR,0.05312494230133375,0.035953576576187904,0.9109214811224783,0.11135067520887341,0.05321481042687273,0.835434514364254,0.9109214811224783,75.31517715463808,0.8663822216837173,BEAR,0.835434514364254,94.12578341374113,HIGH,0.9160826201963022,1.0,11
NIFTY50,2019-08-28,BEAR,0.007330518935885252,0.009847087790822776,0.9828223932732919,0.07204004770207693,0.02997118068010592,0.8979887716178172,0.9828223932732919,84.69831574267258,0.974233589909938,BEAR,0.8979887716178172,93.9539899281249,HIGH,0.9136284275446415,1.0,12
NIFTY50,2019-08-29,BEAR,0.0002532139776583625,0.0045756905271655745,0.9951710954951761,0.06601298644482799,0.025232300938013204,0.9087547126171588,0.9951710954951761,86.3132068925738,0.992756643242764,BEAR,0.9087547126171588,93.92439906343893,HIGH,0.9132057009062704,1.0,13
NIFTY50,2019-08-30,BEAR,0.002311393887642495,0.0037312491065486565,0.9939573570058089,0.06785840455423744,0.024406150294742964,0.9077354451510194,0.9939573570058089,86.16031677265293,0.9909360355087133,BEAR,0.9077354451510194,93.92715874970537,HIGH,0.9132451249957911,1.0,14
NIFTY50,2019-09-03,BEAR,1.0310887981377224e-07,0.03551342174165744,0.9644864751494626,0.06458424838478263,0.05392207890644473,0.8814936727087727,0.9644864751494626,82.22405090631588,0.9467297127241943,BEAR,0.8814936727087727,93.99987545305078,HIGH,0.9142839350435825,1.0,15
NIFTY50,2019-09-04,BEAR,3.641426370352928e-05,0.010992710333961767,0.9889708754023347,0.06557195306516651,0.031186505927132728,0.9032415410077006,0.9889708754023347,85.48623115115512,0.9834563131035021,BEAR,0.9032415410077006,93.93966811960861,HIGH,0.913423830280123,1.0,16
NIFTY50,2019-09-05,BEAR,1.353003965638351e-05,0.0028222255402262186,0.9971642444201173,0.06587025609046514,0.02361157711753424,0.9105181667920007,0.9971642444201173,86.5777250188001,0.9957463666301758,BEAR,0.9105181667920007,93.91952438564451,HIGH,0.9131360626520643,1.0,17
NIFTY50,2019-09-06,BEAR,0.00039028440249465633,0.003057352354203387,0.996552363243302,0.06619287471083113,0.023821669068066622,0.9099854562211023,0.996552363243302,86.49781843316534,0.994828544864953,BEAR,0.9099854562211023,93.92098777360238,HIGH,0.9131569681943199,1.0,18
NIFTY50,2019-09-09,BEAR,0.001696415255123297,0.0018615610856020912,0.9964420236592746,0.06738970657897267,0.022685547617177743,0.9099247458038495,0.9964420236592746,86.48871187057743,0.9946630354889119,BEAR,0.9099247458038495,93.92111647976864,HIGH,0.9131588068538377,1.0,19
NIFTY50,2019-09-11,BEAR,0.006930750738254965,0.0015710481344355088,0.9914982011273095,0.07201056772563841,0.02230629756410184,0.9056831347102597,0.9914982011273095,85.85247020653894,0.9872473016909642,BEAR,0.9056831347102597,93.93270109913179,HIGH,0.9133243014161686,1.0,20
NIFTY50,2019-09-12,BEAR,0.00328757276045,0.001328037881196571,0.9953843893583534,0.06881173004668084,0.022157475510530128,0.909030794442789,0.9953843893583534,86.35461916641833,0.9930765840375301,BEAR,0.909030794442789,93.92354331885267,HIGH,0.9131934759836097,1.0,21
NIFTY50,2019-09-13,BULL,0.5207137619493888,0.008336937938429927,0.47094930011218133,0.524202060412756,0.01779244259912796,0.4580054969881162,0.5207137619493888,28.630309061913394,0.2810706429240832,BULL,0.524202060412756,68.15655642676857,MODERATE,0.9308079489538368,0.1,1
NIFTY50,2019-09-16,BEAR,0.15475709113981326,0.0018749771585318841,0.8433679317016549,0.20217974227372446,0.01948444941546318,0.7783358083108123,0.8433679317016549,66.75037124662185,0.7650518975524824,BEAR,0.7783358083108123,91.28079110485866,HIGH,0.9182970157836952,0.9,1
NIFTY50,2019-09-17,BEAR,3.212505874864228e-06,0.002009893928132891,0.9979868935659922,0.065892831831789,0.02285862613604943,0.9112485420321617,0.9979868935659922,86.68728130482425,0.9969803403489882,BEAR,0.9112485420321617,90.91750274455919,HIGH,0.9131071820651312,0.9,2
NIFTY50,2019-09-18,BEAR,1.5906289678438737e-05,0.0005286944868311793,0.9994553992234905,0.06596174216647438,0.021485039407578496,0.912553218425947,0.9994553992234905,86.88298276389206,0.9991830988352357,BEAR,0.912553218425947,90.91389052944,HIGH,0.913055578992,0.9,3
NIFTY50,2019-09-19,BEAR,1.5545059475309344e-07,0.003178650472792538,0.9968211940766127,0.06584458581914138,0.023942323590230574,0.9102130905906279,0.9968211940766127,86.53196358859418,0.9952317911149191,BEAR,0.9102130905906279,90.92036935382346,HIGH,0.9131481336260495,0.9,4
NIFTY50,2019-09-20,SIDE,7.931310681277715e-14,0.9999999975412859,2.4586347900002236e-09,0.02699199188285656,0.9481628427552643,0.024845165361879046,0.9999999975412859,92.22442641328963,0.9999999963119288,SIDE,0.9481628427552643,69.37139914639813,MODERATE,0.9481628449485447,0.1,1
NIFTY50,2019-09-23,SIDE,2.9419120079353734e-07,0.9999997058087982,9.71391448711162e-16,0.02699226232846508,0.9481625660937395,0.0248451715777954,0.9999997058087982,92.2243849140609,0.9999995587131972,SIDE,0.9481625660937395,72.37139912032393,MODERATE,0.9481628445760563,0.2,2
NIFTY50,2019-09-24,SIDE,0.0015340243033557317,0.99846597569651,1.3428379276555902e-13,0.028402697648774074,0.946708340187415,0.024888962163810827,0.99846597569651,92.00625102811225,0.997698963544765,SIDE,0.946708340187415,75.37123166942034,HIGH,0.9481604524202906,0.3,3
NIFTY50,2019-09-25,SIDE,0.0011399438881930107,0.9988600553645832,7.472237495362302e-10,0.028040296932037728,0.9470819919022341,0.024877711165728244,0.9988600553645832,92.06229878533509,0.9982900830468748,SIDE,0.9470819919022341,78.37127469283338,HIGH,0.9481610670404769,0.4,4
NIFTY50,2019-09-26,SIDE,0.0009188298368289997,0.9990811701602235,2.947688847919183e-12,0.027836957954808336,0.9472916447202554,0.024871397324936137,0.9990811701602235,92.09374670803832,0.998621755240335,SIDE,0.9472916447202554,81.37129883564319,HIGH,0.9481614119377599,0.5,5
NIFTY50,2019-09-27,SIDE,0.003675152273913688,0.9963248473774008,3.486854369438255e-10,0.030371702828934723,0.9446782018767379,0.0249500952943274,0.9963248473774008,91.70173028151069,0.9944872710661014,SIDE,0.9446782018767379,84.37099790265495,HIGH,0.9481571128950708,0.6,6
NIFTY50,2019-09-30,SIDE,0.0066038499314142905,0.9933961416841646,8.384421179944627e-09,0.033064966178374934,0.941901312123951,0.02503372169767415,0.9933961416841646,91.28519681859265,0.9900942125262469,SIDE,0.941901312123951,87.37067813102823,HIGH,0.9481525447289748,0.7,7
NIFTY50,2019-10-01,SIDE,4.244172446324337e-05,0.999950659138872,6.89913666472537e-06,0.02703129057338081,0.9481162067123055,0.02485250271431373,0.999950659138872,92.21743100684581,0.9999259887083081,SIDE,0.9481162067123055,90.37137755478996,HIGH,0.9481625364969994,0.8,8
NIFTY50,2019-10-03,SIDE,0.0035988556843336655,0.996375490421289,2.565389437737832e-05,0.030302539515606644,0.9447267583302255,0.02497070215416802,0.996375490421289,91.70901374953382,0.9945632356319334,SIDE,0.9447267583302255,93.37094315451196,HIGH,0.9481563307787424,0.9,9
NIFTY50,2019-10-04,SIDE,6.297316354159599e-05,0.9998286506624017,0.00010837617405667944,0.027054126718249086,0.9480026533373095,0.024943219944441333,0.9998286506624017,92.20039800059641,0.9997429759936025,SIDE,0.9480026533373095,96.37112579678582,HIGH,0.9481589399540833,1.0,10
NIFTY50,2019-10-07,SIDE,0.00013994105350987124,0.9996667558213024,0.00019330312518774169,0.027128217390975803,0.947850933721244,0.025020848887780202,0.9996667558213024,92.1776400581866,0.9995001337319536,SIDE,0.947850933721244,96.3709085712274,HIGH,0.9481558367318201,1.0,11
NIFTY50,2019-10-09,SIDE,0.0007165180231543416,0.9992830319125284,4.500643171178401e-07,0.027650927295860342,0.9474830519826866,0.0248660207214531,0.9992830319125284,92.12245779740297,0.9989245478687928,SIDE,0.9474830519826866,96.37131981718457,HIGH,0.9481617116740652,1.0,12
NIFTY50,2019-10-10,SIDE,0.0004681048953255947,0.999514940460856,1.695464381841152e-05,0.027423127100650868,0.9477032855682817,0.024873587331067447,0.999514940460856,92.15549283524224,0.9992724106912838,SIDE,0.9477032855682817,96.37130635642738,HIGH,0.9481615193775343,1.0,13
NIFTY50,2019-10-11,SIDE,0.003442044279337273,0.9965565663457896,1.3893748731908793e-06,0.030157388255910682,0.9448979383558463,0.024944673388243077,0.9965565663457896,91.7346907533769,0.9948348495186844,SIDE,0.9448979383558463,96.37101993771824,HIGH,0.9481574276816892,1.0,14
NIFTY50,2019-10-14,SIDE,0.0014803977034104614,0.9985071131172638,1.2489179325705698e-05,0.02835386881185645,0.9467476073739254,0.02489852381421824,0.9985071131172638,92.0121411060888,0.9977606696758957,SIDE,0.9467476073739254,96.37120681534326,HIGH,0.9481600973620466,1.0,15
NIFTY50,2019-10-15,SIDE,0.000405812207036623,0.9995901176291847,4.070163778584106e-06,0.02736533985961393,0.9477742952540262,0.024860364886359794,0.9995901176291847,92.16614428810394,0.9993851764437772,SIDE,0.9477742952540262,96.37134483842395,HIGH,0.9481620691203424,1.0,16
NIFTY50,2019-10-16,SIDE,0.0009895045569051277,0.9990060438016737,4.451641421207748e-06,0.027902124724401813,0.94722050616139,0.024877369114208202,0.9990060438016737,92.08307592420849,0.9985090657025105,SIDE,0.94722050616139,96.37128017356451,HIGH,0.948161145336636,1.0,17
NIFTY50,2019-10-17,SIDE,0.009539122463660234,0.9904607506399994,1.2689634042513136e-07,0.03576428016193374,0.939118085889277,0.02511763394878918,0.9904607506399994,90.86771288339153,0.9856911259599991,SIDE,0.939118085889277,96.37035736992046,HIGH,0.948147962427435,1.0,18
NIFTY50,2019-10-18,SIDE,0.013820053530561418,0.9861798844540763,6.201536216891067e-08,0.03970106959715368,0.9350591262663025,0.025239804136543822,0.9861798844540763,90.25886893994536,0.9792698266811145,SIDE,0.9350591262663025,96.36989014228432,HIGH,0.9481412877469191,1.0,19
NIFTY50,2019-10-22,SIDE,0.012553397257072938,0.9874422894548247,4.313288102321787e-06,0.03853640405725846,0.9362561810392793,0.025207414903462195,0.9874422894548247,90.4384271558919,0.9811634341822371,SIDE,0.9362561810392793,96.37001798114582,HIGH,0.948143114016369,1.0,20
NIFTY50,2019-10-23,BULL,0.8889497191013714,0.11059494443897006,0.0004553364596585524,0.8444978172953397,0.10487157730303814,0.05063060540162221,0.8889497191013714,76.67467259430096,0.833424578652057,BULL,0.8444978172953397,69.27322503436534,MODERATE,0.9467603576337905,0.1,1
NIFTY50,2019-10-24,BULL,0.9997926635416976,0.0001757235473656635,3.1612910936743295e-05,0.9464137102880489,0.00016727855458524766,0.053419011157365914,0.9997926635416976,91.96205654320731,0.9996889953125464,BULL,0.9464137102880489,72.26216519912865,MODERATE,0.9466023599875522,0.2,2
NIFTY50,2019-10-25,BULL,0.9999860203850891,1.8425133616609414e-07,1.3795363574750663e-05,0.9465908289352284,4.646336020320568e-07,0.05340870643116961,0.9999860203850891,91.98862434028425,0.9999790305776335,BULL,0.9465908289352284,75.26218789925377,HIGH,0.946602684275054,0.3,3
NIFTY50,2019-10-29,BULL,0.9999999966773592,2.7989953756099904e-09,5.236455159203459e-10,0.9466031440170092,2.9620230699236904e-09,0.05339685302096782,0.9999999966773592,91.99047160255137,0.9999999950160388,BULL,0.9466031440170092,78.26222029272478,HIGH,0.9466031470389256,0.4,4
NIFTY50,2019-10-30,BULL,0.9999999999862795,2.004411129078113e-12,1.1716061351647411e-11,0.9466031470399762,2.992721069164888e-10,0.053396852660751795,0.9999999999862795,91.9904720559964,0.9999999999794191,BULL,0.9466031470399762,81.26222029362226,HIGH,0.9466031470517468,0.5,5
NIFTY50,2019-10-31,BULL,0.9999999987343268,2.103251957361879e-12,1.2635699381788076e-09,0.9466031459374591,3.256487273982853e-10,0.05339685373689216,0.9999999987343268,91.99047189061886,0.99999999810149,BULL,0.9466031459374591,84.2622202906808,HIGH,0.9466031470097259,0.6,6
NIFTY50,2019-11-01,BULL,0.9999999999981324,2.415533500136792e-13,1.626087070050715e-12,0.9466031470504829,2.9738878979681154e-10,0.05339685265212839,0.9999999999981324,91.99047205757242,0.9999999999971986,BULL,0.9466031470504829,87.26222029364578,HIGH,0.9466031470520826,0.7,7
NIFTY50,2019-11-04,BULL,0.9999999999991132,2.528601694706478e-13,6.340368234799495e-13,0.946603147051346,2.9737868222481814e-10,0.053396852651275244,0.9999999999991132,91.99047205770191,0.9999999999986697,BULL,0.946603147051346,90.26222029364816,HIGH,0.9466031470521166,0.8,8
NIFTY50,2019-11-05,BULL,0.9999999999818466,1.7945694987123087e-13,1.7973886548917094e-11,0.9466031470361436,2.9767313736585037e-10,0.053396852666183374,0.9999999999818466,91.99047205542153,0.9999999999727698,BULL,0.9466031470361436,93.26222029360737,HIGH,0.9466031470515338,0.9,9
NIFTY50,2019-11-06,BULL,0.999999999991072,1.7075744807369728e-13,8.757313967393879e-12,0.9466031470442678,2.9747138517842097e-10,0.053396852658260684,0.999999999991072,91.99047205664019,0.999999999986608,BULL,0.9466031470442678,96.26222029362903,HIGH,0.9466031470518435,1.0,10
NIFTY50,2019-11-07,BULL,0.9999999999933068,1.9360097956542915e-13,6.499547154273952e-12,0.9466031470462352,2.9744564233511826e-10,0.05339685265631917,0.9999999999933068,91.99047205693526,0.99999999998996,BULL,0.9466031470462352,96.26222029363431,HIGH,0.946603147051919,1.0,11
NIFTY50,2019-11-08,BULL,0.9999999094831747,4.0574128609913034e-13,9.051641941039246e-08,0.9466030673398544,2.1979192647806964e-09,0.05339693046222635,0.9999999094831747,91.99046010097817,0.9999998642247623,BULL,0.9466030673398544,96.26222008096619,HIGH,0.9466031440138027,1.0,12
NIFTY50,2019-11-11,BULL,0.9999997207281733,1.509913792768352e-12,2.7927031675228794e-07,0.9466029011155873,6.161889125522494e-09,0.05339709272252365,0.9999997207281733,91.99043516733808,0.9999995810922598,BULL,0.9466029011155873,96.26221963745746,HIGH,0.9466031376779639,1.0,13
NIFTY50,2019-11-13,BULL,0.9999938084666528,9.489127352882084e-12,6.191523858154069e-06,0.9465976945719993,1.302983094340184e-07,0.05340217512969119,0.9999938084666528,91.9896541857999,0.999990712699979,BULL,0.9465976945719993,96.26220574563061,HIGH,0.9466029392232943,1.0,14
NIFTY50,2019-11-14,BULL,0.9999972470158476,1.0986205481061462e-10,2.75287429041487e-06,0.9466007226741902,5.819839674237461e-08,0.05339921912741319,0.9999972470158476,91.99010840112852,0.9999958705237714,BULL,0.9466007226741902,96.26221382532336,HIGH,0.9466030546474767,1.0,15
NIFTY50,2019-11-15,BULL,0.9999990853918677,4.123365393228712e-11,9.145668986998848e-07,0.9466023416147747,1.953772273638136e-08,0.05339763884750259,0.9999990853918677,91.99035124221619,0.9999986280878015,BULL,0.9466023416147747,96.2622181447263,HIGH,0.9466031163532331,1.0,16
NIFTY50,2019-11-18,BULL,0.9999947491013207,2.276254491920349e-11,5.250875916790364e-06,0.9465985229271103,1.1056181758927664e-07,0.053401366511072135,0.9999947491013207,91.98977843906655,0.9999921236519809,BULL,0.9465985229271103,96.26220795584159,HIGH,0.9466029707977371,1.0,17
NIFTY50,2019-11-19,BULL,0.9999928186307717,1.4060215155348474e-10,7.181228626126116e-06,0.9465968228829601,1.5120166027041e-07,0.05340302591537964,0.9999928186307717,91.989523432444,0.9999892279461574,BULL,0.9465968228829601,96.26220342016818,HIGH,0.9466029060024027,1.0,18
NIFTY50,2019-11-20,BULL,0.999998044644654,1.5540595066535856e-10,1.9551999399690627e-06,0.9466014250921042,4.1494259505474926e-08,0.05339853341363629,0.999998044644654,91.99021376381563,0.9999970669669809,BULL,0.9466014250921042,96.26221569959756,HIGH,0.9466030814228223,1.0,19
NIFTY50,2019-11-21,BULL,0.999933245634522,1.2372596218852134e-10,6.675424175203234e-05,0.9465443608296265,1.4019320687767277e-06,0.05345423723830482,0.999933245634522,91.98165412444396,0.999899868451783,BULL,0.9465443608296265,96.26206344341632,HIGH,0.9466009063345191,1.0,20
NIFTY50,2019-11-22,BULL,0.9960718141223839,2.0822790479098564e-08,0.0039281650548256206,0.9431438490325218,8.249259112735369e-05,0.05677365837635089,0.9960718141223839,91.47157735487825,0.9941077211835758,BULL,0.9431438490325218,96.2529904156635,HIGH,0.9464712916523359,1.0,21
NIFTY50,2019-11-25,BULL,0.9999917099078811,3.542404122378583e-07,7.935851706655424e-06,0.9465958327014746,5.027893944290052e-07,0.053403664509131,0.9999917099078811,91.98937490522118,0.9999875648618215,BULL,0.9465958327014746,96.26220168571533,HIGH,0.9466028812245048,1.0,22
NIFTY50,2019-11-26,BULL,0.99812823807088,8.128687947842799e-09,0.0018717538004320697,0.9449548080320996,3.930582107810867e-05,0.05500588614682236,0.99812823807088,91.74322120481493,0.99719235710632,BULL,0.9449548080320996,96.25782229618108,HIGH,0.9465403185168725,1.0,23
NIFTY50,2019-11-27,BULL,0.9999933025025172,7.373344999732366e-08,6.623764032879124e-06,0.9465972461288802,2.0927559217313671e-07,0.05340254459552768,0.9999933025025172,91.98958691933201,0.9999899537537758,BULL,0.9465972461288802,96.26220473805918,HIGH,0.9466029248294169,1.0,24
NIFTY50,2019-11-28,BULL,0.9999978076390417,3.221309948568725e-10,2.1920388273792614e-06,0.9466012163702144,4.662481816775012e-08,0.05339873700496749,0.9999978076390417,91.99018245553216,0.9999967114585625,BULL,0.9466012163702144,96.26221514312321,HIGH,0.9466030734731887,1.0,25
NIFTY50,2019-11-29,BULL,0.9998307206367185,3.1425443837441205e-10,0.0001692790490270287,0.9464540737406559,3.5546399792745023e-06,0.05354237161936477,0.9998307206367185,91.96811106109838,0.9997460809550778,BULL,0.9464540737406559,96.26182254426878,HIGH,0.9465974649181256,1.0,26
NIFTY50,2019-12-02,BULL,0.9998493938500013,1.0728420407264803e-08,0.00015059542157836058,0.9464705176163053,3.172248096556139e-06,0.053526310135598235,0.9998493938500013,91.97057764244579,0.9997740907750019,BULL,0.9464705176163053,96.26186644571084,HIGH,0.9465980920815834,1.0,27
NIFTY50,2019-12-03,BULL,0.9992629287589263,1.9316443621994403e-08,0.0007370519246301653,0.9459540557099076,1.5493153503444435e-05,0.054030451136588796,0.9992629287589263,91.89310835648617,0.9988943931383895,BULL,0.9459540557099076,96.26048846908772,HIGH,0.9465784067012534,1.0,28
NIFTY50,2019-12-04,BULL,0.9998385476696297,4.5175652189119814e-08,0.00016140715471823323,0.9464609647497312,3.431904015339063e-06,0.05353560334625355,0.9998385476696297,91.96914471245967,0.9997578215044445,BULL,0.9464609647497312,96.26184104549793,HIGH,0.9465977292213991,1.0,29
NIFTY50,2019-12-05,BULL,0.9987652358281909,1.9872265756892216e-08,0.001234744299543465,0.9455157699707694,2.594282381641453e-05,0.054458287205414145,0.9987652358281909,91.82736549561542,0.9981478537422863,BULL,0.9455157699707694,96.25931905774068,HIGH,0.9465617008248668,1.0,30
NIFTY50,2019-12-06,BULL,0.8825530565251314,2.2391138990207396e-06,0.11744470436096964,0.8431751935047691,0.002467896594270909,0.1543569099009601,0.8825530565251314,76.47627902571537,0.8238295847876971,BULL,0.8431751935047691,95.98626457820995,HIGH,0.9426609225458565,1.0,31
NIFTY50,2019-12-09,BULL,0.8230325999493474,0.00010366001065512151,0.17686374003999752,0.7907554547625719,0.003811573745210125,0.205432971492218,0.8230325999493474,68.61331821438579,0.7345488999240211,BULL,0.7907554547625719,95.84666069696843,HIGH,0.9406665813852633,1.0,32
NIFTY50,2019-12-10,BEAR,0.03359235464514812,0.00024200687312492784,0.966165638481727,0.09554150528462635,0.020514288190964847,0.883944206524409,0.966165638481727,82.59163097866134,0.9492484577225905,BEAR,0.883944206524409,66.99207908536144,MODERATE,0.9141725583623063,0.1,1
NIFTY50,2019-12-11,BEAR,0.0028098491226600116,0.00023697810411769615,0.9969531727732223,0.06843355551063351,0.02115591006596461,0.9104105344234018,0.9969531727732223,86.56158016351026,0.9954297591598332,BEAR,0.9104105344234018,69.91973807938771,MODERATE,0.9131391154198247,0.2,2
NIFTY50,2019-12-12,BEAR,0.1961406016486211,0.001270219010499722,0.802589179340879,0.23864707328447626,0.0180548827744196,0.7432980439411041,0.802589179340879,61.49470659116562,0.7038837690113187,BEAR,0.7432980439411041,73.37654157154884,MODERATE,0.9196648795935551,0.3,3
NIFTY50,2019-12-13,BULL,0.8981248516067244,0.0007363590641311005,0.10113878932914447,0.8568596449289091,0.00282161615791488,0.14031873891317603,0.8981248516067244,78.52894673933635,0.8471872774100866,BULL,0.8568596449289091,87.02465820095131,HIGH,0.9432094028707332,0.7,1
NIFTY50,2019-12-16,BULL,0.9476071793518435,5.093555455750675e-05,0.05234188509359894,0.9004622203261891,0.0011472230391526804,0.0983905566346583,0.9476071793518435,85.06933304892834,0.9214107690277652,BULL,0.9004622203261891,87.13923984848874,HIGH,0.9448462835498392,0.7,2
NIFTY50,2019-12-17,BULL,0.9993763601038905,6.17827207979597e-06,0.0006174616240296343,0.9460537072467612,1.8822025958308633e-05,0.05392747072728045,0.9993763601038905,91.90805608701417,0.9990645401558358,BULL,0.9460537072467612,87.26077013891226,HIGH,0.9465824305558895,0.7,3
NIFTY50,2019-12-18,BULL,0.9999179354377833,4.791227435393126e-08,8.201664994230364e-05,0.9465308762748694,1.7676804727055525e-06,0.053467356044657854,0.9999179354377833,91.97963144123041,0.9998769031566748,BULL,0.9465308762748694,87.26202758705519,HIGH,0.9466003941007884,0.7,4
NIFTY50,2019-12-19,BULL,0.9999962377398927,1.4800716231530252e-09,3.7607800356570635e-06,0.9465998338172497,8.065874576130097e-08,0.053400085524004534,0.9999962377398927,91.98997507258746,0.9999943566098392,BULL,0.9465998338172497,87.26221145723,HIGH,0.9466030208175715,0.7,5
NIFTY50,2019-12-20,BULL,0.9999949783658816,8.241263800468837e-11,5.021551705765077e-06,0.9465987248231374,1.058036714393185e-07,0.0534011693731911,0.9999949783658816,91.9898087234706,0.9999924675488222,BULL,0.9465987248231374,87.26220849468366,HIGH,0.9466029784954809,0.7,6
NIFTY50,2019-12-23,BULL,0.9999979005824192,8.844025698067095e-11,2.0993291404848364e-06,0.946601298228496,4.445678429907225e-08,0.05339865731471962,0.9999979005824192,91.99019473427438,0.9999968508736287,BULL,0.946601298228496,87.26221536093458,HIGH,0.9466030765847798,0.7,7
NIFTY50,2019-12-24,BULL,0.9998609876612297,1.3278780908482686e-10,0.00013901220598255771,0.9464807279429855,2.9190099613013133e-06,0.05351635304705322,0.9998609876612297,91.97210919144781,0.9997914814918445,BULL,0.9464807279429855,90.26189366125483,HIGH,0.946598480875069,0.8,8
NIFTY50,2019-12-26,BULL,0.992896407823506,4.9438114831098146e-08,0.007103542738379209,0.9403474746074175,0.00014918736386891157,0.05950333802871365,0.992896407823506,91.0521211911126,0.9893446117352588,BULL,0.9403474746074175,93.2455293382606,HIGH,0.9463647048322942,0.9,9
NIFTY50,2019-12-27,BULL,0.9999870159815313,3.048173513755052e-07,1.2679201117294087e-05,0.9465917009928849,5.555157811139982e-07,0.05340774349133394,0.9999870159815313,91.98875514893273,0.9999805239722968,BULL,0.9465917009928849,96.26219053502724,HIGH,0.9466027219289609,1.0,10
NIFTY50,2019-12-30,BULL,0.999989803375903,6.477198738000041e-10,1.0195976377090145e-05,0.9465941675248084,2.149776761140352e-07,0.05340561749751553,0.999989803375903,91.98912512872126,0.9999847050638544,BULL,0.9465941675248084,96.26219633656987,HIGH,0.9466028048081412,1.0,11
NIFTY50,2019-12-31,BULL,0.9997143723320112,1.184023650532715e-09,0.00028562648396504456,0.9463516133400186,5.998200540536075e-06,0.053642388459440894,0.9997143723320112,91.95274200100278,0.9995715584980168,BULL,0.9463516133400186,96.26154916662175,HIGH,0.9465935595231678,1.0,12
NIFTY50,2020-01-01,BULL,0.9994558189038074,2.5339294127421354e-08,0.0005441557568984016,0.9461239212504637,1.1448973489470121e-05,0.05386462977604684,0.9994558189038074,91.91858818756955,0.9991837283557111,BULL,0.9461239212504637,96.26094171152761,HIGH,0.9465848815932516,1.0,13
NIFTY50,2020-01-02,BULL,0.9999891811015088,1.675480068498014e-08,1.0802143690506312e-05,0.9465936189005227,2.4297640634167e-07,0.05340613812307091,0.9999891811015088,91.9890428350784,0.999983771652263,BULL,0.9465936189005227,96.26219491403702,HIGH,0.9466027844862434,1.0,14
NIFTY50,2020-01-03,BULL,0.9984903833760244,1.3804571440101653e-09,0.0015096152435184788,0.9452737260556378,3.169625679029416e-05,0.054694577687571945,0.9984903833760244,91.79105890834565,0.9977355750640365,BULL,0.9452737260556378,96.25867320050328,HIGH,0.9465524742929039,1.0,15
NIFTY50,2020-01-06,BEAR,0.007118299090863976,1.3101544537237662e-05,0.9928685993645988,0.07223645240326461,0.020857882257490665,0.9069056653392447,0.9928685993645988,86.0358498008867,0.989302899046898,BEAR,0.9069056653392447,66.92931102462573,MODERATE,0.9132758717803676,0.1,1
NIFTY50,2020-01-07,BEAR,0.001232521504893888,0.0001487865367936748,0.9986186919583125,0.06704794329539882,0.021107257981414013,0.9118447987231871,0.9986186919583125,86.77671980847805,0.9979280379374686,BEAR,0.9118447987231871,69.91581503507112,MODERATE,0.9130830719295874,0.2,2
NIFTY50,2020-01-08,BEAR,0.00013767223782777134,0.00010138621033606062,0.9997609415518361,0.0660856284152481,0.02108629649415452,0.9128280750905975,0.9997609415518361,86.92421126358963,0.999641412327754,BEAR,0.9128280750905975,72.91312595364823,MODERATE,0.9130446564806892,0.3,3
NIFTY50,2020-01-09,BEAR,0.06926344250003473,0.0027576374149844746,0.9279789200849808,0.12685665672049518,0.022097778398473336,0.8510455648810316,0.9279789200849808,77.65683473215473,0.8919683801274713,BEAR,0.8510455648810316,76.0820798155564,HIGH,0.9154582830793773,0.4,4
NIFTY50,2020-01-10,BEAR,0.17353198455630242,0.0006930679397907168,0.8257749475039068,0.21875963340062582,0.017994439056875474,0.7632459275424986,0.8257749475039068,64.4868891313748,0.7386624212558601,BEAR,0.7632459275424986,79.32199972181839,HIGH,0.9188857103116913,0.5,5
NIFTY50,2020-01-13,BULL,0.9269841979654484,0.00037867842474451974,0.07263712360980713,0.8822881308945406,0.0018840789311646258,0.11582779017429466,0.9269841979654484,82.34321963418111,0.8904762969481724,BULL,0.8822881308945406,81.09158857650793,HIGH,0.9441655510929705,0.5,1
NIFTY50,2020-01-14,BULL,0.9987760298903552,6.868105624121577e-06,0.0012171020040207597,0.9455250086784732,3.206566098701338e-05,0.054442925660539855,0.9987760298903552,91.82875130177098,0.9981640448355328,BULL,0.9455250086784732,81.25936125894462,HIGH,0.946562303699209,0.5,2
NIFTY50,2020-01-15,BULL,0.9991345063866599,1.3376825530531833e-07,0.0008653598450848559,0.9458409580381153,1.829552093896153e-05,0.054140746440945846,0.9991345063866599,91.8761437057173,0.9987017595799899,BULL,0.9458409580381153,81.26018700068188,HIGH,0.9465741000097412,0.5,3
NIFTY50,2020-01-16,BULL,0.9989708445759161,6.344776563155139e-08,0.0010290919763182747,0.9456968344920076,2.166643198946769e-05,0.05428149907600298,0.9989708445759161,91.85452517380114,0.998456266863874,BULL,0.9456968344920076,81.25980227699962,HIGH,0.9465686039571374,0.5,4
NIFTY50,2020-01-17,BULL,0.9987259537936151,8.515531515939859e-08,0.0012739610510698403,0.945481174299379,2.6828085717356903e-05,0.054491997614903594,0.9987259537936151,91.82217614490685,0.9980889306904226,BULL,0.945481174299379,81.25922691855672,HIGH,0.9465603845508103,0.5,5
NIFTY50,2020-01-20,BULL,0.8511575271182694,2.2695457842309517e-06,0.1488402033359463,0.8155271963721447,0.0031270797463626167,0.18134572388149273,0.8511575271182694,72.3290794558217,0.7767362906774041,BULL,0.8155271963721447,83.91249560996894,HIGH,0.9416070801424135,0.6,6
NIFTY50,2020-01-21,BEAR,0.00035427519104433793,4.275974882053369e-06,0.9996414488340736,0.06628016151737973,0.020991711405381246,0.9127281270772389,0.9996414488340736,86.90921906158584,0.9994621732511102,BEAR,0.9127281270772389,75.91339611937323,HIGH,0.9130485159910463,0.4,1
NIFTY50,2020-01-22,BEAR,2.228090973044489e-07,3.0072140103216726e-06,0.9999967699768924,0.06596842011837924,0.020997968446462255,0.9130336114351585,0.9999967699768924,86.95504171527378,0.9999951549653385,BEAR,0.9130336114351585,75.91256109444608,HIGH,0.9130365870635154,0.4,2
NIFTY50,2020-01-23,BEAR,9.121948455186493e-06,1.2821459320844173e-05,0.999978056592224,0.06597587448678706,0.021006881058248564,0.9130172444549643,0.999978056592224,86.95258666824463,0.9999670848883361,BEAR,0.9130172444549643,75.91260613617877,HIGH,0.9130372305168397,0.4,3
NIFTY50,2020-01-24,BULL,0.6277699226212787,0.0015710923382833938,0.370658985040438,0.6187431496520158,0.009271705505734914,0.3719851448422493,0.6277699226212787,42.81147244780237,0.4416548839319181,BULL,0.6187431496520158,86.39146659494553,HIGH,0.9341638084992219,0.7,1
NIFTY50,2020-01-27,BEAR,0.047082082977735404,0.0003982038244202511,0.9525197131978443,0.10741494158999922,0.02037588961578461,0.8722091687942161,0.9525197131978443,80.83137531913242,0.9287795697967663,BEAR,0.8722091687942161,76.02415952068698,HIGH,0.9146308502955284,0.4,1
NIFTY50,2020-01-28,BEAR,0.0010483278041008518,0.00020169353174733908,0.9987499786641518,0.06688367378992892,0.021160178816885113,0.9119561473931859,0.9987499786641518,86.79342210897788,0.9981249679962277,BEAR,0.9119561473931859,78.91551233134084,HIGH,0.9130787475905834,0.5,2
NIFTY50,2020-01-29,BEAR,0.0013050473085804,0.00018456586731262383,0.998510386824107,0.06711041749476869,0.021138908726932037,0.9117506737782993,0.998510386824107,86.76260106674488,0.9977655802361605,BEAR,0.9117506737782993,81.91607342243003,HIGH,0.9130867631775719,0.6,3
NIFTY50,2020-01-30,BEAR,1.6704737682212303e-05,0.00012504721083617717,0.9998582480514816,0.06597817800481179,0.021110773943624362,0.9129110480515639,0.9998582480514816,86.93665720773458,0.9997873720772222,BEAR,0.9129110480515639,84.91289989904678,HIGH,0.9130414271292397,0.7,4
NIFTY50,2020-01-31,BEAR,1.2072201165331572e-07,7.943425573766807e-05,0.9999204450222507,0.0659653513698619,0.02106883127124633,0.9129658173588916,0.9999204450222507,86.94487260383376,0.9998806675333761,BEAR,0.9129658173588916,87.9127487768994,HIGH,0.9130392682414202,0.8,5
NIFTY50,2020-02-03,BEAR,1.2330108973470208e-10,0.08565761312667819,0.9143423867500208,0.06262972017189472,0.1004141536628077,0.8369561261652977,0.9143423867500208,75.54341892479464,0.871513580125031,BEAR,0.8369561261652977,91.1231720542658,HIGH,0.9160453150609399,0.9,6
NIFTY50,2020-02-04,BEAR,7.013624440593315e-06,0.03207931811496858,0.9679136682605909,0.06472418284789548,0.050737943994789335,0.8845378731573151,0.9679136682605909,82.68068097359725,0.9518705023908863,BEAR,0.8845378731573151,90.99144775857894,HIGH,0.9141635394082706,0.9,7
NIFTY50,2020-02-05,BEAR,0.00010260417182806193,0.0006121209758066203,0.9992852748523653,0.06603483967911881,0.021560569512109138,0.9124045908087721,0.9992852748523653,86.86068862131582,0.9989279122785479,BEAR,0.9124045908087721,90.91429937348953,HIGH,0.913061419621279,0.9,8
NIFTY50,2020-02-06,BEAR,0.002003007822476681,0.00028030858812090587,0.9977166835894024,0.06772133411474358,0.021213024471498,0.9110656414137585,0.9977166835894024,86.65984621206375,0.9965750253841037,BEAR,0.9110656414137585,90.91794881390229,HIGH,0.9131135544843184,0.9,9
NIFTY50,2020-02-07,BEAR,0.0010614857624734065,0.0002016627456230823,0.9987368514919035,0.0668952623459776,0.021159874019220863,0.9119448636348015,0.9987368514919035,86.79172954522024,0.9981052772378552,BEAR,0.9119448636348015,93.9155431724646,HIGH,0.9130791881780659,1.0,10
NIFTY50,2020-02-10,BEAR,0.00021792511957908022,0.000181687650409564,0.9996003872300112,0.06615317203921517,0.021159064468380385,0.9126877634924044,0.9996003872300112,86.90316452386067,0.9994005808450168,BEAR,0.9126877634924044,93.91351197007833,HIGH,0.9130501710011191,1.0,11
NIFTY50,2020-02-11,BEAR,0.008735138401929013,0.0004749280154678949,0.9907899335826031,0.07364229706633564,0.021252126986054623,0.9051055759476098,0.9907899335826031,85.76583639214145,0.9861849003739047,BEAR,0.9051055759476098,93.93424561894794,HIGH,0.9133463659849708,1.0,12
NIFTY50,2020-02-12,BEAR,0.09710704731669395,0.0013855884271105222,0.9015073642561955,0.15143018170544661,0.020241077324792186,0.8283287409697613,0.9015073642561955,74.24931114546419,0.8522610463842932,BEAR,0.8283287409697613,94.14412936108056,HIGH,0.9163447051582939,1.0,13
NIFTY50,2020-02-13,BEAR,0.0518709207043711,0.0006471314388941069,0.9474819478567349,0.11162245648239957,0.02050614471737012,0.8678713988002303,0.9474819478567349,80.18070982003454,0.9212229217851023,BEAR,0.8678713988002303,94.03602376988506,HIGH,0.9148003395697867,1.0,14
NIFTY50,2020-02-14,BEAR,0.009243520748032148,0.00044651808260598436,0.9903099611693619,0.07409110357050558,0.021215112633857433,0.9046937837956369,0.9903099611693619,85.70406756934553,0.9854649417540426,BEAR,0.9046937837956369,93.93537029258034,HIGH,0.9133624327511479,1.0,15
NIFTY50,2020-02-17,BEAR,1.7589148612988104e-06,7.955090855087328e-06,0.9999902859942836,0.06596958001640428,0.02100252370703476,0.9130278962765609,0.9999902859942836,86.95418444148414,0.9999854289914253,BEAR,0.9130278962765609,93.91257686985033,HIGH,0.9130368124264333,1.0,16
NIFTY50,2020-02-18,BEAR,0.00010239738828020804,0.00015256817331970105,0.9997450344384001,0.06605256926889376,0.02113449135699274,0.9128129393741135,0.9997450344384001,86.921940906117,0.9996175516576,BEAR,0.9128129393741135,93.91316891805792,HIGH,0.9130452702579704,1.0,17
NIFTY50,2020-02-19,BEAR,0.049757569783827504,0.0020439333279918927,0.9481984968881806,0.10970692386623816,0.021845584449287907,0.868447491684474,0.9481984968881806,80.2671237526711,0.9222977453322707,BEAR,0.868447491684474,94.03449261942438,HIGH,0.9147784659917768,1.0,18
NIFTY50,2020-02-20,BEAR,0.025911592118547374,0.0007374319581310084,0.9733509759233216,0.0887582486063861,0.02113488933517459,0.8901068620584393,0.9733509759233216,83.51602930876587,0.9600264638849825,BEAR,0.8901068620584393,93.97525002419572,HIGH,0.9139321432027958,1.0,19
NIFTY50,2020-02-24,BEAR,8.716704666376066e-06,0.011588566705590402,0.9884027165897432,0.06552433732454889,0.031739546200338524,0.9027361164751126,0.9884027165897432,85.4104174712669,0.9826040748846147,BEAR,0.9027361164751126,93.94106815860648,HIGH,0.9134438308372353,1.0,20
NIFTY50,2020-02-25,BEAR,3.4260781042057344e-06,0.0009419299892007019,0.9990546439326952,0.06593464524648146,0.021868440025727853,0.9121969147277906,0.9990546439326952,86.82953720916859,0.9985819658990426,BEAR,0.9121969147277906,93.9148772875493,HIGH,0.9130696755364187,1.0,21
NIFTY50,2020-02-26,BEAR,3.329066400216099e-08,0.005860337380043284,0.9941396293292927,0.0657399558751686,0.026428699529922998,0.9078313445949083,0.9941396293292927,86.17470168923627,0.9912094439939388,BEAR,0.9078313445949083,93.92696292184857,HIGH,0.9132423274549797,1.0,22
NIFTY50,2020-02-27,BEAR,1.92486229812895e-08,0.009739460259377452,0.9902605204919996,0.06558874946082659,0.030025297108019045,0.9043859534311545,0.9902605204919996,85.65789301467316,0.9853907807379995,BEAR,0.9043859534311545,93.93650105453592,HIGH,0.9133785864933704,1.0,23
NIFTY50,2020-02-28,SIDE,6.60696533243936e-23,0.9999999872837835,1.27162165674617e-08,0.02699199228258671,0.9481628332448415,0.02484517447257179,0.9999999872837835,92.22442498672623,0.9999999809256752,SIDE,0.9481628332448415,69.37139912117617,MODERATE,0.948162844588231,0.1,1
NIFTY50,2020-03-02,SIDE,1.7995213424988645e-19,0.9999999989337459,1.0662540628773453e-09,0.026991991828513702,0.9481628440463099,0.02484516412517632,0.9999999989337459,92.22442660694648,0.9999999984006187,SIDE,0.9481628440463099,72.37139914982163,MODERATE,0.948162844997452,0.2,2
NIFTY50,2020-03-03,SIDE,7.367751639735948e-15,0.9999987277872078,1.272212784946482e-06,0.026992041373171714,0.9481616654803483,0.024846293146479983,0.9999987277872078,92.22424982205223,0.9999980916808117,SIDE,0.9481616654803483,75.37139602426811,HIGH,0.9481628003466874,0.3,3
NIFTY50,2020-03-04,SIDE,4.416232432558532e-15,0.9999901373779023,9.862622093353684e-06,0.026992376195963078,0.9481537007306533,0.02485392307338362,0.9999901373779023,92.223055109598,0.9999852060668535,SIDE,0.9481537007306533,78.3713749017748,HIGH,0.948162498596783,0.4,4
NIFTY50,2020-03-05,SIDE,4.1960089944623896e-16,0.983932548444904,0.01606745155509562,0.027618242391580766,0.933265623572764,0.03911613403565528,0.983932548444904,89.98984353591459,0.975898822667356,SIDE,0.933265623572764,81.33189176384579,HIGH,0.9475984537692256,0.5,5
NIFTY50,2020-03-06,SIDE,1.1563266140551567e-27,0.9999955479643194,4.452035680642049e-06,0.026992165311052925,0.9481587172514016,0.024849117437545528,0.9999955479643194,92.22380758771021,0.9999933219464792,SIDE,0.9481587172514016,84.37138820557341,HIGH,0.9481626886510489,0.6,6
NIFTY50,2020-03-09,SIDE,3.1424358025895905e-50,1.0,1.6604288453045104e-29,0.026991991786955015,0.9481628450349063,0.02484516317813873,1.0,92.22442675523594,1.0,SIDE,0.9481628450349063,87.37139915244343,HIGH,0.9481628450349062,0.7,7
NIFTY50,2020-03-11,SIDE,1.768778324320974e-35,1.0,1.4229145311543692e-23,0.026991991786955015,0.9481628450349063,0.02484516317813873,1.0,92.22442675523594,1.0,SIDE,0.9481628450349063,90.37139915244343,HIGH,0.9481628450349062,0.8,8
NIFTY50,2020-03-12,SIDE,2.809625374572207e-109,1.0,8.898211677556424e-87,0.026991991786955015,0.9481628450349063,0.02484516317813873,1.0,92.22442675523594,1.0,SIDE,0.9481628450349063,93.37139915244343,HIGH,0.9481628450349062,0.9,9
NIFTY50,2020-03-13,SIDE,1.4907572372649787e-64,1.0,2.735304556313838e-55,0.026991991786955015,0.9481628450349063,0.02484516317813873,1.0,92.22442675523594,1.0,SIDE,0.9481628450349063,96.37139915244344,HIGH,0.9481628450349062,1.0,10
NIFTY50,2020-03-16,SIDE,4.917949308026216e-125,1.0,1.2039932260135757e-111,0.026991991786955015,0.9481628450349063,0.02484516317813873,1.0,92.22442675523594,1.0,SIDE,0.9481628450349063,96.37139915244344,HIGH,0.9481628450349062,1.0,11
NIFTY50,2020-03-17,SIDE,2.4180441438211434e-111,1.0,1.8695118511140075e-108,0.026991991786955015,0.9481628450349063,0.02484516317813873,1.0,92.22442675523594,1.0,SIDE,0.9481628450349063,96.37139915244344,HIGH,0.9481628450349062,1.0,12
NIFTY50,2020-03-18,SIDE,5.922457945257972e-152,1.0,5.120652504279617e-147,0.026991991786955015,0.9481628450349063,0.02484516317813873,1.0,92.22442675523594,1.0,SIDE,0.9481628450349063,96.37139915244344,HIGH,0.9481628450349062,1.0,13
NIFTY50,2020-03-19,SIDE,4.1443541546098937e-147,1.0,3.9353749588242785e-149,0.026991991786955015,0.9481628450349063,0.02484516317813873,1.0,92.22442675523594,1.0,SIDE,0.9481628450349063,96.37139915244344,HIGH,0.9481628450349062,1.0,14
NIFTY50,2020-03-20,SIDE,3.3158046476724852e-121,1.0,1.65090315547059e-120,0.026991991786955015,0.9481628450349063,0.02484516317813873,1.0,92.22442675523594,1.0,SIDE,0.9481628450349063,96.37139915244344,HIGH,0.9481628450349062,1.0,15
NIFTY50,2020-03-23,SIDE,1.0168922327553943e-280,1.0,1.3057615171832005e-272,0.026991991786955015,0.9481628450349063,0.02484516317813873,1.0,92.22442675523594,1.0,SIDE,0.9481628450349063,96.37139915244344,HIGH,0.9481628450349062,1.0,16
NIFTY50,2020-03-24,SIDE,2.244319369622056e-188,1.0,4.362326843887401e-209,0.026991991786955015,0.9481628450349063,0.02484516317813873,1.0,92.22442675523594,1.0,SIDE,0.9481628450349063,96.37139915244344,HIGH,0.9481628450349062,1.0,17
NIFTY50,2020-03-25,SIDE,3.746723968764367e-166,1.0,1.0911116909205854e-182,0.026991991786955015,0.9481628450349063,0.02484516317813873,1.0,92.22442675523594,1.0,SIDE,0.9481628450349063,96.37139915244344,HIGH,0.9481628450349062,1.0,18
NIFTY50,2020-03-26,SIDE,2.438956772736792e-134,1.0,2.4657934986992317e-156,0.026991991786955015,0.9481628450349063,0.02484516317813873,1.0,92.22442675523594,1.0,SIDE,0.9481628450349063,96.37139915244344,HIGH,0.9481628450349062,1.0,19
NIFTY50,2020-03-27,SIDE,9.011300514779542e-123,1.0,1.5585628258965434e-146,0.026991991786955015,0.9481628450349063,0.02484516317813873,1.0,92.22442675523594,1.0,SIDE,0.9481628450349063,96.37139915244344,HIGH,0.9481628450349062,1.0,20
NIFTY50,2020-03-30,SIDE,9.424379291342609e-147,1.0,8.541733403499073e-167,0.026991991786955015,0.9481628450349063,0.02484516317813873,1.0,92.22442675523594,1.0,SIDE,0.9481628450349063,96.37139915244344,HIGH,0.9481628450349062,1.0,21
NIFTY50,2020-03-31,SIDE,1.3989975636011852e-126,1.0,5.747589732108219e-152,0.026991991786955015,0.9481628450349063,0.02484516317813873,1.0,92.22442675523594,1.0,SIDE,0.9481628450349063,96.37139915244344,HIGH,0.9481628450349062,1.0,22
NIFTY50,2020-04-01,SIDE,1.1270399433982892e-139,1.0,1.152270027454485e-162,0.026991991786955015,0.9481628450349063,0.02484516317813873,1.0,92.22442675523594,1.0,SIDE,0.9481628450349063,96.37139915244344,HIGH,0.9481628450349062,1.0,23
NIFTY50,2020-04-03,SIDE,7.775580797797225e-138,1.0,1.4385606172736066e-163,0.026991991786955015,0.9481628450349063,0.02484516317813873,1.0,92.22442675523594,1.0,SIDE,0.9481628450349063,96.37139915244344,HIGH,0.9481628450349062,1.0,24
NIFTY50,2020-04-07,SIDE,5.96407342322229e-149,1.0,3.271254087879984e-177,0.026991991786955015,0.9481628450349063,0.02484516317813873,1.0,92.22442675523594,1.0,SIDE,0.9481628450349063,96.37139915244344,HIGH,0.9481628450349062,1.0,25
NIFTY50,2020-04-08,SIDE,1.0381267254871553e-118,1.0,9.508693525855817e-158,0.026991991786955015,0.9481628450349063,0.02484516317813873,1.0,92.22442675523594,1.0,SIDE,0.9481628450349063,96.37139915244344,HIGH,0.9481628450349062,1.0,26
NIFTY50,2020-04-09,SIDE,2.180738089838767e-119,1.0,1.2950403317570942e-162,0.026991991786955015,0.9481628450349063,0.02484516317813873,1.0,92.22442675523594,1.0,SIDE,0.9481628450349063,96.37139915244344,HIGH,0.9481628450349062,1.0,27
NIFTY50,2020-04-13,SIDE,1.0898304053685505e-114,1.0,1.6326060768013246e-158,0.026991991786955015,0.9481628450349063,0.02484516317813873,1.0,92.22442675523594,1.0,SIDE,0.9481628450349063,96.37139915244344,HIGH,0.9481628450349062,1.0,28
NIFTY50,2020-04-15,SIDE,2.360020877935217e-102,1.0,3.296711152747202e-140,0.026991991786955015,0.9481628450349063,0.02484516317813873,1.0,92.22442675523594,1.0,SIDE,0.9481628450349063,96.37139915244344,HIGH,0.9481628450349062,1.0,29
NIFTY50,2020-04-16,SIDE,1.755410263572213e-97,1.0,7.653919419963804e-138,0.026991991786955015,0.9481628450349063,0.02484516317813873,1.0,92.22442675523594,1.0,SIDE,0.9481628450349063,96.37139915244344,HIGH,0.9481628450349062,1.0,30
NIFTY50,2020-04-17,SIDE,3.332980539775725e-91,1.0,9.028171713008211e-131,0.026991991786955015,0.9481628450349063,0.02484516317813873,1.0,92.22442675523594,1.0,SIDE,0.9481628450349063,96.37139915244344,HIGH,0.9481628450349062,1.0,31
NIFTY50,2020-04-20,SIDE,4.390983597701483e-86,1.0,6.72192265292995e-125,0.026991991786955015,0.9481628450349063,0.02484516317813873,1.0,92.22442675523594,1.0,SIDE,0.9481628450349063,96.37139915244344,HIGH,0.9481628450349062,1.0,32
NIFTY50,2020-04-21,SIDE,1.5414360153918192e-85,1.0,1.5590099569581069e-114,0.026991991786955015,0.9481628450349063,0.02484516317813873,1.0,92.22442675523594,1.0,SIDE,0.9481628450349063,96.37139915244344,HIGH,0.9481628450349062,1.0,33
NIFTY50,2020-04-22,SIDE,2.005891799413245e-80,1.0,1.2969778601556483e-113,0.026991991786955015,0.9481628450349063,0.02484516317813873,1.0,92.22442675523594,1.0,SIDE,0.9481628450349063,96.37139915244344,HIGH,0.9481628450349062,1.0,34
NIFTY50,2020-04-23,SIDE,1.4588696656453037e-73,1.0,1.4710146670328318e-107,0.026991991786955015,0.9481628450349063,0.02484516317813873,1.0,92.22442675523594,1.0,SIDE,0.9481628450349063,96.37139915244344,HIGH,0.9481628450349062,1.0,35
NIFTY50,2020-04-24,SIDE,1.6270307850746112e-37,1.0,2.6827935168497556e-50,0.026991991786955015,0.9481628450349063,0.02484516317813873,1.0,92.22442675523594,1.0,SIDE,0.9481628450349063,96.37139915244344,HIGH,0.9481628450349062,1.0,36
NIFTY50,2020-04-27,SIDE,1.4025319334747386e-34,1.0,4.704905043112317e-50,0.026991991786955015,0.9481628450349063,0.02484516317813873,1.0,92.22442675523594,1.0,SIDE,0.9481628450349063,96.37139915244344,HIGH,0.9481628450349062,1.0,37
NIFTY50,2020-04-28,SIDE,6.228260683501901e-28,1.0,5.93184095705821e-43,0.026991991786955015,0.9481628450349063,0.02484516317813873,1.0,92.22442675523594,1.0,SIDE,0.9481628450349063,96.37139915244344,HIGH,0.9481628450349062,1.0,38
NIFTY50,2020-04-29,SIDE,3.415327151553554e-27,1.0,7.1303953619723185e-43,0.026991991786955015,0.9481628450349063,0.02484516317813873,1.0,92.22442675523594,1.0,SIDE,0.9481628450349063,96.37139915244344,HIGH,0.9481628450349062,1.0,39
NIFTY50,2020-04-30,SIDE,2.8228918637049883e-33,1.0,5.998305901934259e-54,0.026991991786955015,0.9481628450349063,0.02484516317813873,1.0,92.22442675523594,1.0,SIDE,0.9481628450349063,96.37139915244344,HIGH,0.9481628450349062,1.0,40
NIFTY50,2020-05-04,SIDE,3.176591515274359e-43,1.0,7.748872810277653e-47,0.026991991786955015,0.9481628450349063,0.02484516317813873,1.0,92.22442675523594,1.0,SIDE,0.9481628450349063,96.37139915244344,HIGH,0.9481628450349062,1.0,41
NIFTY50,2020-05-05,SIDE,2.9026823608482713e-28,1.0,1.9527485866481494e-36,0.026991991786955015,0.9481628450349063,0.02484516317813873,1.0,92.22442675523594,1.0,SIDE,0.9481628450349063,96.37139915244344,HIGH,0.9481628450349062,1.0,42
NIFTY50,2020-05-06,SIDE,2.002607402287258e-23,1.0,2.1018314646648944e-31,0.026991991786955015,0.9481628450349063,0.02484516317813873,1.0,92.22442675523594,1.0,SIDE,0.9481628450349063,96.37139915244344,HIGH,0.9481628450349062,1.0,43
NIFTY50,2020-05-07,SIDE,1.3870829056003778e-23,1.0,3.481415414660861e-29,0.026991991786955015,0.9481628450349063,0.02484516317813873,1.0,92.22442675523594,1.0,SIDE,0.9481628450349063,96.37139915244344,HIGH,0.9481628450349062,1.0,44
NIFTY50,2020-05-08,SIDE,7.52806352294851e-13,0.9999999999992398,7.314581446094498e-15,0.02699199178764759,0.9481628450341857,0.024845163178166717,0.9999999999992398,92.22442675512785,0.9999999999988596,SIDE,0.9481628450341857,96.37139915244333,HIGH,0.9481628450349047,1.0,45
NIFTY50,2020-05-11,SIDE,1.007977401878211e-12,0.999999999998971,2.0837935568606607e-14,0.026991991787882773,0.9481628450339312,0.024845163178186015,0.999999999998971,92.22442675508968,0.9999999999984566,SIDE,0.9481628450339312,96.37139915244329,HIGH,0.9481628450349041,1.0,46
NIFTY50,2020-05-12,SIDE,1.1217182731323965e-10,0.9999999998703939,1.7434331993836795e-11,0.026991991890789005,0.9481628449123846,0.024845163196826444,0.9999999998703939,92.22442673685767,0.9999999998055908,SIDE,0.9481628449123846,96.37139915238835,HIGH,0.9481628450341193,1.0,47
NIFTY50,2020-05-13,SIDE,3.370706492841233e-10,0.9999999996627758,1.5351023519003986e-13,0.026991992096934925,0.9481628447151661,0.024845163187899012,0.9999999996627758,92.2244267072749,0.9999999994941636,SIDE,0.9481628447151661,96.37139915240628,HIGH,0.9481628450343755,1.0,48
NIFTY50,2020-05-14,SIDE,9.657558515720597e-16,0.9999999999999456,5.344942000597056e-14,0.02699199178695798,0.9481628450348558,0.024845163178186226,0.9999999999999456,92.22442675522838,0.9999999999999184,SIDE,0.9481628450348558,96.37139915244326,HIGH,0.9481628450349038,1.0,49
NIFTY50,2020-05-15,SIDE,2.901423891056867e-12,0.9999999999957347,1.3638049525443673e-12,0.026991991789676352,0.9481628450308908,0.02484516317943289,0.9999999999957347,92.22442675463361,0.9999999999936021,SIDE,0.9481628450308908,96.37139915243978,HIGH,0.9481628450348539,1.0,50
NIFTY50,2020-05-18,SIDE,2.1690646549278337e-24,1.0,3.778952432265165e-18,0.02699199178695501,0.9481628450349062,0.02484516317813873,1.0,92.22442675523594,1.0,SIDE,0.9481628450349062,96.37139915244344,HIGH,0.9481628450349062,1.0,51
NIFTY50,2020-05-19,SIDE,2.547996008701261e-17,0.9999999999999902,9.750150293925007e-15,0.026991991786955417,0.9481628450348972,0.02484516317814739,0.9999999999999902,92.22442675523456,0.9999999999999853,SIDE,0.9481628450348972,96.37139915244346,HIGH,0.9481628450349067,1.0,52
NIFTY50,2020-05-20,SIDE,2.926561239982134e-14,0.9999999999997693,2.013876639046809e-13,0.026991991786989775,0.9481628450346918,0.024845163178318433,0.9999999999997693,92.22442675520377,0.9999999999996539,SIDE,0.9481628450346918,96.37139915244293,HIGH,0.9481628450348989,1.0,53
NIFTY50,2020-05-21,SIDE,3.922289777032217e-12,0.9999999999734704,2.2607213826024272e-11,0.026991991791443144,0.9481628450102266,0.024845163198330245,0.9999999999734704,92.224426751534,0.9999999999602055,SIDE,0.9481628450102266,96.37139915238737,HIGH,0.9481628450341055,1.0,54
NIFTY50,2020-05-22,SIDE,6.662064768755587e-12,0.9999999999364828,5.685511689840262e-11,0.02699199179529753,0.9481628449758753,0.024845163228827162,0.9999999999364828,92.22442674638128,0.9999999999047242,SIDE,0.9481628449758753,96.3713991523029,HIGH,0.9481628450328987,1.0,55
NIFTY50,2020-05-26,SIDE,5.938917597429086e-11,0.9999999997416926,1.9891814221297365e-10,0.026991991849323063,0.9481628447941651,0.02484516335651175,0.9999999997416926,92.22442671912475,0.9999999996125389,SIDE,0.9481628447941651,96.37139915194786,HIGH,0.9481628450278266,1.0,56
NIFTY50,2020-05-27,SIDE,2.70348872743667e-12,0.9999999999972964,2.323074666619448e-16,0.026991991789441182,0.9481628450323427,0.024845163178216122,0.9999999999972964,92.22442675485141,0.9999999999959446,SIDE,0.9481628450323427,96.37139915244315,HIGH,0.9481628450349021,1.0,57
NIFTY50,2020-05-28,SIDE,7.485317158893687e-10,0.9999999992514683,1.5881210527594495e-18,0.02699199247531313,0.9481628443251763,0.02484516319951057,0.9999999992514683,92.22442664877643,0.9999999988772025,SIDE,0.9481628443251763,96.37139915236168,HIGH,0.9481628450337385,1.0,58
NIFTY50,2020-05-29,SIDE,3.797224582744432e-09,0.9999999962027755,2.234819577966463e-19,0.026991995278925096,0.948162841434519,0.024845163286555904,0.9999999962027755,92.22442621517783,0.9999999943041632,SIDE,0.948162841434519,96.3713991520289,HIGH,0.9481628450289844,1.0,59
NIFTY50,2020-06-01,SIDE,5.171213830329144e-13,0.9999999999994829,1.4399298565235356e-28,0.026991991787430565,0.948162845034416,0.024845163178153495,0.9999999999994829,92.2244267551624,0.9999999999992243,SIDE,0.948162845034416,96.37139915244339,HIGH,0.9481628450349056,1.0,60
NIFTY50,2020-06-02,SIDE,6.75196709413954e-09,0.9999999932480329,2.246641474495108e-26,0.026991997996139272,0.9481628386329419,0.024845163370918792,0.9999999932480329,92.22442579494128,0.9999999898720492,SIDE,0.9481628386329419,96.3713991517062,HIGH,0.9481628450243744,1.0,61
NIFTY50,2020-06-03,SIDE,4.40646089805133e-09,0.9999999955935391,2.1628352382370697e-27,0.026991995839185608,0.9481628408568638,0.024845163303950632,0.9999999955935391,92.22442612852954,0.9999999933903085,SIDE,0.9481628408568638,96.37139915196234,HIGH,0.9481628450280334,1.0,62
NIFTY50,2020-06-04,SIDE,1.880771291579358e-07,0.9999998119228709,4.774115110261854e-25,0.026992164744781038,0.9481626667071605,0.024845168548058516,0.9999998119228709,92.22440000607408,0.9999997178843062,SIDE,0.9481626667071605,96.3713991319094,HIGH,0.9481628447415628,1.0,63
NIFTY50,2020-06-05,SIDE,4.7932438507022865e-09,0.9999999952067562,3.2934225261771297e-28,0.026991996194875526,0.9481628404901306,0.024845163314993937,0.9999999952067562,92.22442607351958,0.9999999928101343,SIDE,0.9481628404901306,96.37139915192017,HIGH,0.948162845027431,1.0,64
NIFTY50,2020-06-08,SIDE,2.5516131577690953e-08,0.9999999744838685,9.817936597029817e-30,0.026992015251874252,0.9481628208414584,0.024845163906667394,0.9999999744838685,92.22442312621875,0.9999999617258025,SIDE,0.9481628208414584,96.37139914965765,HIGH,0.9481628449951092,1.0,65
NIFTY50,2020-06-09,SIDE,3.175198109290074e-06,0.9999968248018907,1.9053263022692169e-22,0.026994911734556495,0.9481598344300344,0.02484525383540916,0.9999968248018907,92.22397516450516,0.999995237202836,SIDE,0.9481598344300344,96.37139880577888,HIGH,0.9481628400825554,1.0,66
NIFTY50,2020-06-10,SIDE,9.953677223674557e-06,0.9999900463227763,9.8145422845948e-23,0.027001145299565817,0.9481534073279944,0.02484544737243993,0.9999900463227763,92.22301109919914,0.9999850694841643,SIDE,0.9481534073279944,96.37139806571231,HIGH,0.9481628295101758,1.0,67
NIFTY50,2020-06-11,SIDE,1.085679902911892e-05,0.9999891432009662,4.813061684194621e-15,0.027001975820452846,0.9481525510214495,0.024845473158097545,0.9999891432009662,92.22288265321743,0.9999837148014493,SIDE,0.9481525510214495,96.37139796711051,HIGH,0.9481628281015789,1.0,68
NIFTY50,2020-06-12,SIDE,0.009588378931499981,0.9904116210684735,2.6486261581104235e-14,0.035809572013273075,0.9390715003907669,0.025118927595960048,0.9904116210684735,90.86072505861502,0.9856174316027102,SIDE,0.9390715003907669,96.37035230417392,HIGH,0.9481478900596275,1.0,69
NIFTY50,2020-06-15,SIDE,0.0013386611555346328,0.9986613385408185,3.0364687889598327e-10,0.028223039530539885,0.946893575984003,0.0248833844854571,0.9986613385408185,92.03403639760043,0.9979920078112278,SIDE,0.946893575984003,96.37125299819948,HIGH,0.9481607571171355,1.0,70
NIFTY50,2020-06-16,SIDE,0.2806145925086202,0.7193853925472345,1.494414539791357e-08,0.28504830197054376,0.6820945008712715,0.03285719715818476,0.7193853925472345,52.314175130690735,0.5790780888208518,SIDE,0.6820945008712715,96.34076193472711,HIGH,0.9477251704961016,1.0,71
NIFTY50,2020-06-17,BULL,0.8499133791844885,0.15008602380063155,5.970148798861875e-07,0.8085818395635976,0.14230600411375233,0.049112156322649994,0.8499133791844885,71.28727593453964,0.7748700687767326,BULL,0.8085818395635976,69.27860511166284,MODERATE,0.9468372158808978,0.1,1
NIFTY50,2020-06-18,BULL,0.609264367198276,0.39073563257393973,2.277844231992595e-10,0.5872783003769498,0.3704810092236308,0.0422406903994194,0.609264367198276,38.09174505654248,0.4138965507974139,BULL,0.5872783003769498,72.30488036356893,MODERATE,0.9472125766224132,0.2,2
NIFTY50,2020-06-19,SIDE,0.2633089448804978,0.7366910551177035,1.7987282231118077e-12,0.2691338347802358,0.6985030868104423,0.03236307840932192,0.7366910551177035,54.77546302156634,0.6050365826765552,SIDE,0.6985030868104423,90.34265138232676,HIGH,0.9477521626046681,0.8,1
NIFTY50,2020-06-22,SIDE,0.273997135390735,0.7260028646065525,2.7125782434695382e-12,0.27896281400308504,0.6883689416903092,0.032668244306605865,0.7260028646065525,53.255341253546376,0.5890042969098287,SIDE,0.6883689416903092,90.34148445788203,HIGH,0.9477354922554577,0.8,2
NIFTY50,2020-06-23,SIDE,0.009831073088760885,0.9901689269112383,8.210765497550854e-16,0.03603275626760688,0.9388413868082409,0.025125856924152177,0.9901689269112383,90.82620802123613,0.9852533903668576,SIDE,0.9388413868082409,90.37032580710289,HIGH,0.9481475115300414,0.8,3
NIFTY50,2020-06-24,SIDE,0.010069537910800007,0.9899304610604442,1.0287557929174866e-09,0.036252051218189495,0.9386152823703782,0.025132666411432403,0.9899304610604442,90.79229235555673,0.9848956915906664,SIDE,0.9386152823703782,90.37029976925622,HIGH,0.9481471395608033,0.8,4
NIFTY50,2020-06-25,SIDE,0.17236901061596988,0.8276308889488597,1.0043517030611672e-07,0.1855044606860198,0.7847288604643897,0.02976667884959053,0.8276308889488597,67.70932906965845,0.7414463334232897,SIDE,0.7847288604643897,90.3525798536184,HIGH,0.9478939979088343,0.8,5
NIFTY50,2020-06-26,SIDE,0.4801532927952132,0.5198467052083601,1.99642683075304e-09,0.4685463161565556,0.49289933117696205,0.03855435266648238,0.5198467052083601,23.93489967654431,0.2797700578125401,SIDE,0.49289933117696205,90.31897655898108,HIGH,0.947413950842587,0.8,6
NIFTY50,2020-06-29,BULL,0.9363127495678198,0.06368703305769198,2.1737448820859427e-07,0.8880356495790008,0.060385683297833434,0.051578667123165806,0.9363127495678198,83.2053474368501,0.9044691243517298,BULL,0.8880356495790008,75.26917306048108,HIGH,0.9467024722925871,0.3,1
NIFTY50,2020-06-30,BULL,0.9981087384962628,0.0018906543343289665,6.071694082401483e-07,0.9448639455410236,0.001792661236812617,0.05334339322216381,0.9981087384962628,91.72959183115353,0.9971631077443942,BULL,0.9448639455410236,78.26242528648618,HIGH,0.9466060755212311,0.4,2
NIFTY50,2020-07-01,BULL,0.9999144086681253,8.559111019103508e-05,2.2168357157794968e-10,0.9465244363171915,8.115461230290208e-05,0.053394409070505626,0.9999144086681253,91.9786654475787,0.999871613002188,BULL,0.9465244363171915,78.26222963786844,HIGH,0.9466032805409779,0.4,3
NIFTY50,2020-07-02,BULL,0.9999885543804414,1.1445616325015056e-05,3.2335175350720427e-12,0.9465926215328381,1.0852605328009643e-05,0.05339652586183395,0.9999885543804414,91.9888932299257,0.9999828315706621,BULL,0.9465926215328381,78.26222154326138,HIGH,0.946603164903734,0.4,4
NIFTY50,2020-07-03,BULL,0.999999167942428,8.320575082308187e-07,6.366610786084029e-14,0.9466023818827145,7.89223140944131e-07,0.05339682889414456,0.999999167942428,91.99035728240717,0.9999987519136421,BULL,0.9466023818827145,81.26222038449255,HIGH,0.9466031483498937,0.5,5
NIFTY50,2020-07-06,BULL,0.9999946942157264,5.305784273379137e-06,1.757124797821233e-16,0.9465982677937316,5.031044635833718e-06,0.053396701161632594,0.9999946942157264,91.98974016905971,0.9999920413235894,BULL,0.9465982677937316,84.262220872929,HIGH,0.9466031553275573,0.6,6
NIFTY50,2020-07-07,BULL,0.9999956167490207,4.3832509792445666e-06,7.524775631663148e-17,0.9465991161656401,4.156332843299658e-06,0.05339672750151666,0.9999956167490207,91.989867424846,0.9999934251235311,BULL,0.9465991161656401,87.26222077220788,HIGH,0.946603153888684,0.7,7
NIFTY50,2020-07-08,BULL,0.999998993145619,1.006853591872449e-06,7.890279581037637e-13,0.9466022211376472,9.549583080879082e-07,0.053396823904044606,0.999998993145619,91.99033317064709,0.9999984897184285,BULL,0.9466022211376472,90.26222040357487,HIGH,0.9466031486224984,0.8,8
NIFTY50,2020-07-09,BULL,0.9999998227271218,1.7727285087066134e-07,2.7333042935086523e-14,0.9466029840300217,1.6838065676805194e-07,0.05339684758932154,0.9999998227271218,91.99044760450325,0.9999997340906828,BULL,0.9466029840300217,93.26222031300402,HIGH,0.9466031473286289,0.9,9
NIFTY50,2020-07-10,BULL,0.9999999927479299,7.247079161728721e-09,4.990960646883439e-12,0.946603140383247,7.168641598051923e-09,0.05339685244811151,0.9999999927479299,91.99047105748703,0.9999999891218949,BULL,0.946603140383247,96.26222029442908,HIGH,0.9466031470632728,1.0,10
NIFTY50,2020-07-13,BULL,0.9999999998430356,1.4503786705066976e-10,1.192648529890932e-11,0.9466031469082556,4.3489553326540554e-10,0.05339685265684883,0.9999999998430356,91.99047203623834,0.9999999997645533,BULL,0.9466031469082556,96.2622202936374,HIGH,0.946603147051963,1.0,11
NIFTY50,2020-07-14,BULL,0.9999986642045572,1.426901341760284e-10,1.3356527527352239e-06,0.9466019706986147,2.8474695254250188e-08,0.053398000826689926,0.9999986642045572,91.99029560479222,0.9999979963068356,BULL,0.9466019706986147,96.26221715532577,HIGH,0.9466031022189395,1.0,12
NIFTY50,2020-07-15,BULL,0.9999998224002102,1.8412750261135307e-10,1.7741566227447404e-07,0.946602990644404,4.196583061271049e-09,0.05339700515901301,0.9999998224002102,91.9904485966606,0.9999997336003154,BULL,0.946602990644404,96.26221987680196,HIGH,0.946603141097171,1.0,13
NIFTY50,2020-07-16,BULL,0.999999995147342,4.1857924739226726e-11,4.810800114378112e-09,0.9466031427770859,4.378173835293088e-10,0.0533968567850967,0.999999995147342,91.99047141656287,0.9999999927210129,BULL,0.9466031427770859,96.26222028235038,HIGH,0.9466031468907199,1.0,14
NIFTY50,2020-07-17,BULL,0.9999999999782295,1.802307081299658e-11,3.747440357863191e-12,0.9466031470322627,3.142931021822231e-10,0.05339685265344429,0.9999999999782295,91.9904720548394,0.9999999999673441,BULL,0.9466031470322627,96.26222029364271,HIGH,0.9466031470520389,1.0,15
NIFTY50,2020-07-20,BULL,0.9999999999779664,2.198504632850667e-11,4.850598956272142e-14,0.9466031470318765,3.179720403477728e-10,0.05339685265015141,0.9999999999779664,91.99047205478148,0.9999999999669494,BULL,0.9466031470318765,96.26222029365185,HIGH,0.9466031470521693,1.0,16
NIFTY50,2020-07-21,BULL,0.9999999996803728,3.1962634774083196e-10,8.078580698358901e-16,0.9466031467582042,6.001834619752609e-10,0.05339685264161225,0.9999999996803728,91.99047201373062,0.9999999995205592,BULL,0.9466031467582042,96.26222029368449,HIGH,0.9466031470526357,1.0,17
NIFTY50,2020-07-22,BULL,0.9999999999648703,3.504075431235344e-11,8.886040256709177e-14,0.9466031470198348,3.303518248181546e-10,0.053396852649813344,0.9999999999648703,91.99047205297522,0.9999999999473055,BULL,0.9466031470198348,96.26222029365323,HIGH,0.9466031470521891,1.0,18
NIFTY50,2020-07-23,BULL,0.9999999999635878,3.640460530846645e-11,7.531769661957565e-15,0.9466031470186522,3.3164327014876357e-10,0.053396852649704486,0.9999999999635878,91.99047205279783,0.9999999999453817,BULL,0.9466031470186522,96.26222029365357,HIGH,0.9466031470521938,1.0,19
NIFTY50,2020-07-24,BULL,0.9999999999877152,1.153517260521023e-11,7.497329499748501e-13,0.9466031470408689,3.080785807406469e-10,0.05339685265105259,0.9999999999877152,91.99047205613033,0.9999999999815727,BULL,0.9466031470408689,96.26222029364911,HIGH,0.9466031470521302,1.0,20
NIFTY50,2020-07-27,BULL,0.9999999997711315,3.892827021750021e-12,2.2497570147566052e-10,0.9466031468504357,3.055400582210744e-10,0.05339685284402431,0.9999999997711315,91.99047202756535,0.9999999996566973,BULL,0.9466031468504357,96.26222029312139,HIGH,0.9466031470445915,1.0,21
NIFTY50,2020-07-28,BULL,0.9999999999566878,4.3221177932349456e-11,9.109601106715713e-14,0.9466031470123101,3.3810824548586343e-10,0.0533968526495817,0.9999999999566878,91.9904720518465,0.9999999999350316,BULL,0.9466031470123101,96.26222029365405,HIGH,0.9466031470522008,1.0,22
NIFTY50,2020-07-29,BULL,0.9999999994480071,5.858254880672181e-12,5.461346553820491e-10,0.9466031465658045,3.1414639542558253e-10,0.05339685312004916,0.9999999994480071,91.99047198487067,0.9999999991720107,BULL,0.9466031465658045,96.26222029236698,HIGH,0.946603147033814,1.0,23
NIFTY50,2020-07-30,BULL,0.9999998316123268,3.454422477105894e-12,1.6838421886982748e-07,0.9466029987639564,3.835658737836199e-09,0.05339699740038495,0.9999998316123268,91.99044981459346,0.99999974741849,BULL,0.9466029987639564,96.26221989800308,HIGH,0.9466031414000441,1.0,24
NIFTY50,2020-07-31,BULL,0.9999987659802739,1.8424337435192796e-11,1.234001301742774e-06,0.9466020603306969,2.62226800608378e-08,0.0533979134466231,0.9999987659802739,91.99030904960452,0.9999981489704107,BULL,0.9466020603306969,96.26221739415932,HIGH,0.9466031056308474,1.0,25
NIFTY50,2020-08-03,BULL,0.9960495445663458,1.2953124466634004e-08,0.003950442480529875,0.9431242379930925,8.295284806830855e-05,0.056792809158839115,0.9960495445663458,91.46863569896387,0.9940743168495186,BULL,0.9431242379930925,96.2529380702697,HIGH,0.9464705438609959,1.0,26
NIFTY50,2020-08-04,BULL,0.999995191081615,4.213669053706423e-06,5.952493312211118e-07,0.9465987479177913,4.0080389319769715e-06,0.05339724404327674,0.999995191081615,91.98981218766869,0.9999927866224224,BULL,0.9465987479177913,96.2622193550554,HIGH,0.9466031336436486,1.0,27
NIFTY50,2020-08-05,BULL,0.9999979025575753,1.8122163786251396e-08,2.0793202610296985e-06,0.9466012992649984,6.113560078328657e-08,0.053398639599400784,0.9999979025575753,91.99019488974976,0.9999968538363627,BULL,0.9466012992649984,96.2622154099177,HIGH,0.9466030772845389,1.0,28
NIFTY50,2020-08-06,BULL,0.999999746263652,3.8212467459479913e-10,2.533542234206461e-07,0.9466029235881835,5.978660735340469e-09,0.05339707043315581,0.999999746263652,91.99043853822751,0.9999996193954778,BULL,0.9466029235881835,96.26221969839321,HIGH,0.9466031385484746,1.0,29
NIFTY50,2020-08-07,BULL,0.9999980191818455,3.902887475441185e-11,1.980779125585561e-06,0.9466014026732047,4.192095481096558e-08,0.05339855540584049,0.9999980191818455,91.99021040098069,0.9999970287727681,BULL,0.9466014026732047,96.26221563948229,HIGH,0.9466030805640329,1.0,30
NIFTY50,2020-08-10,BULL,0.9999988913028348,3.8846582871074253e-10,1.108308699336567e-06,0.9466021706796831,2.393460025901953e-08,0.05339780538571666,0.9999988913028348,91.99032560195245,0.9999983369542522,BULL,0.9466021706796831,96.26221768953549,HIGH,0.946603109850507,1.0,31
NIFTY50,2020-08-11,BULL,0.9999998033150557,7.338876564354105e-11,1.96611555596222e-07,0.9466029738416688,4.494606029941845e-09,0.05339702166372526,0.9999998033150557,91.99044607625032,0.9999997049725835,BULL,0.9466029738416688,96.2622198316859,HIGH,0.9466031404526558,1.0,32
NIFTY50,2020-08-12,BULL,0.9999968325249033,2.213934979319261e-11,3.167452957300432e-06,0.946600357662457,6.681937699011256e-08,0.053399575518166015,0.9999968325249033,91.99005364936853,0.999995248787355,BULL,0.946600357662457,96.26221285119196,HIGH,0.9466030407313137,1.0,33
NIFTY50,2020-08-13,BULL,0.9999911341535591,2.837616756531659e-10,8.865562679251466e-06,0.946595339468117,1.8670030324555727e-07,0.05340447383157977,0.9999911341535591,91.98930092021756,0.9999867012303385,BULL,0.946595339468117,96.26219946255945,HIGH,0.9466028494651352,1.0,34
NIFTY50,2020-08-14,BULL,0.9962198288455637,1.1800596979209123e-08,0.00378015935383925,0.9432741963011972,7.937662959935734e-05,0.0566464270692034,0.9962198288455637,91.49112944517958,0.9943297432683456,BULL,0.9432741963011972,96.25333817880724,HIGH,0.9464762596972461,1.0,35
NIFTY50,2020-08-17,BULL,0.9993903658594342,1.2853887400314582e-06,0.0006083487518257788,0.9460662319093067,1.399144933742614e-05,0.05391977664135591,0.9993903658594342,91.90993478639601,0.9990855487891511,BULL,0.9460662319093067,96.26079101692903,HIGH,0.9465827288132719,1.0,36
NIFTY50,2020-08-18,BULL,0.9999989698897692,7.41729868802896e-08,9.559372438333677e-07,0.9466022370102216,9.069527479540263e-08,0.053397672294503616,0.9999989698897692,91.99033555153324,0.999998454834654,BULL,0.9466022370102216,96.26221805561342,HIGH,0.9466031150801917,1.0,37
NIFTY50,2020-08-19,BULL,0.9999998605398972,9.963548127059814e-11,1.3936046732332645e-07,0.946603024234833,3.3174950216129115e-09,0.053396972447672025,0.9999998605398972,91.99045363522494,0.9999997908098458,BULL,0.946603024234833,96.26221996620974,HIGH,0.9466031423744249,1.0,38
NIFTY50,2020-08-20,BULL,0.9999328595542142,2.814852493772126e-11,6.714041763738466e-05,0.9465440208375946,1.4099492798167494e-06,0.053454569213125545,0.9999328595542142,91.98160312563918,0.9998992893313211,BULL,0.9465440208375946,96.26206253602115,HIGH,0.9466008933717306,1.0,39
NIFTY50,2020-08-21,BULL,0.9999999396827788,1.0957914622881343e-09,5.922142978972938e-08,0.9466030938919826,2.5794792208337014e-09,0.053396903528538216,0.9999999396827788,91.99046408379738,0.9999999095241682,BULL,0.9466030938919826,96.26222015461856,HIGH,0.9466031450659795,1.0,40
NIFTY50,2020-08-24,BULL,0.9999999831185699,2.608003292948585e-12,1.687882206464568e-08,0.9466031321856604,6.539724153883466e-10,0.05339686716036717,0.9999999831185699,91.99046982784904,0.999999974677855,BULL,0.9466031321856604,96.26222025399028,HIGH,0.9466031464855753,1.0,41
NIFTY50,2020-08-25,BULL,0.9999999717030625,3.762477152207754e-13,2.8296561211282175e-08,0.9466031221328542,8.915738891766438e-10,0.053396876975571855,0.9999999717030625,91.99046831992813,0.9999999575545938,BULL,0.9466031221328542,96.2622202271621,HIGH,0.946603146102316,1.0,42
NIFTY50,2020-08-26,BULL,0.9999999933538424,8.019434139703839e-13,6.645355688407992e-09,0.946603141199268,4.37406460483621e-10,0.05339685836332558,0.9999999933538424,91.99047117989019,0.9999999900307636,BULL,0.946603141199268,96.2622202780353,HIGH,0.946603146829076,1.0,43
NIFTY50,2020-08-27,BULL,0.9999999873983415,2.672726776409035e-13,1.260139122614028e-08,0.9466031359546675,5.619475713686103e-10,0.05339686348338498,0.9999999873983415,91.99047039320011,0.9999999810975121,BULL,0.9466031359546675,96.26222026404054,HIGH,0.9466031466291508,1.0,44
NIFTY50,2020-08-28,BULL,0.9999999984678212,7.137552835817945e-13,1.5314650528322283e-09,0.9466031457028191,3.2995576567446484e-10,0.053396853967225086,0.9999999984678212,91.99047185542285,0.9999999977017318,BULL,0.9466031457028191,96.26222029005123,HIGH,0.9466031470007319,1.0,45
NIFTY50,2020-08-31,BEAR,0.006140420051150626,3.377987537183604e-10,0.9938595796110505,0.07137580872210728,0.020866265993284575,0.9077579252846082,0.9938595796110505,86.16368879269123,0.9907893694165758,BEAR,0.9077579252846082,66.9269811205522,MODERATE,0.9132425874364599,0.1,1
NIFTY50,2020-09-01,BULL,0.9789573704173918,0.000844030403826332,0.02019859917878181,0.9280393778093899,0.0012243518850033365,0.07073627030560675,0.9789573704173918,89.20590667140847,0.9684360556260876,BULL,0.9280393778093899,93.21485245962587,HIGH,0.9459264637089411,0.9,1
NIFTY50,2020-09-02,BULL,0.9999831274578685,1.7846197154763574e-06,1.5087922415972051e-05,0.94658821894631,2.009180948711188e-06,0.053409771872741374,0.9999831274578685,91.9882328419465,0.9999746911868028,BULL,0.94658821894631,93.26218503689716,HIGH,0.9466026433842452,0.9,2
NIFTY50,2020-09-03,BULL,0.9999945597319786,1.7453721058985199e-09,5.438522649284293e-06,0.9465983560947355,1.1613480976597889e-07,0.053401527770454774,0.9999945597319786,91.98975341421033,0.9999918395979679,BULL,0.9465983560947355,93.2622075151223,HIGH,0.9466029645017472,0.9,3
NIFTY50,2020-09-04,BULL,0.6974916381553796,8.726675606667923e-08,0.3025082745778644,0.6802037511234463,0.006351300118803758,0.3134449487577499,0.6974916381553796,52.03056266851694,0.5462374572330694,BULL,0.6802037511234463,92.55142655777924,HIGH,0.9364489508254177,0.9,4
NIFTY50,2020-09-07,BEAR,0.4519154540574471,0.0002520146473398364,0.547832531295213,0.4639309966880285,0.011740796366036461,0.5243282069459351,0.547832531295213,28.64923104189026,0.32174879694281955,BEAR,0.5243282069459351,70.97502372391024,MODERATE,0.9282146246272893,0.2,1
NIFTY50,2020-09-08,BEAR,0.03928046842197444,0.0002510711448477671,0.9604684604331777,0.10055030296440817,0.020403269291595427,0.8790464277439964,0.9604684604331777,81.85696416159946,0.9407026906497665,BEAR,0.8790464277439964,73.00546654690872,MODERATE,0.9143638078129818,0.3,2
NIFTY50,2020-09-09,BEAR,0.003206344914620862,0.000267762618353395,0.9965258924670257,0.06878152363746104,0.021176127969636416,0.9100423483929027,0.9965258924670257,86.50635225893538,0.9947888387005386,BEAR,0.9100423483929027,75.92074540689109,HIGH,0.9131535058127299,0.4,3
NIFTY50,2020-09-10,BEAR,0.4015637477422558,0.007487143459163701,0.5909491087985805,0.41930753266055,0.01950611718784135,0.5611863501516088,0.5909491087985805,34.177952522741315,0.3864236631978708,BEAR,0.5611863501516088,79.87450404265962,HIGH,0.9267786291808517,0.5,4
NIFTY50,2020-09-11,BULL,0.7026847985478347,0.0006088310772667193,0.2967063703748985,0.6847533023064458,0.006806676331914275,0.30844002136163984,0.7026847985478347,52.712995345966874,0.554027197821752,BULL,0.6847533023064458,80.56512556325546,HIGH,0.9366446509036495,0.5,1
NIFTY50,2020-09-14,BULL,0.6569907181892305,0.0002545963738896771,0.3427546854368798,0.6445273114929206,0.007437597024743598,0.3480350914823358,0.6569907181892305,46.679096723938095,0.48548607728384574,BULL,0.6445273114929206,83.45688867662008,HIGH,0.9350984096660013,0.6,2
NIFTY50,2020-09-15,BULL,0.9238068171165279,0.00018726180607969784,0.07600592107739246,0.8794974794482601,0.001773313330313458,0.11872920722142653,0.9238068171165279,81.924621917239,0.8857102256747919,BULL,0.8794974794482601,84.08365212522651,HIGH,0.9440521732175216,0.6,3
NIFTY50,2020-09-16,BULL,0.9988413882117533,1.2853908529177526e-05,0.0011457578797174522,0.945582332186409,3.6243293835092236e-05,0.05438142451975589,0.9988413882117533,91.83734982796135,0.9982620823176299,BULL,0.945582332186409,84.25952954741062,HIGH,0.946564707820152,0.6,4
NIFTY50,2020-09-17,BEAR,0.011427981966305338,9.238661215410696e-07,0.9885710941675732,0.07603218378737676,0.0207561089201974,0.9032117072924257,0.9885710941675732,85.48175609386386,0.9828566412513597,BEAR,0.9032117072924257,78.93940740172724,HIGH,0.9134201057389605,0.5,1
NIFTY50,2020-09-18,BEAR,0.42028810537552797,0.0011660229234407185,0.5785458717010314,0.4360432279133672,0.013252257305816712,0.5507045147808161,0.5785458717010314,32.605677217122405,0.36781880755154717,BEAR,0.5507045147808161,82.90295738828577,HIGH,0.9271851055469397,0.6,2
NIFTY50,2020-09-21,BEAR,1.653418566917265e-05,0.0027157052459208983,0.9972677605684098,0.0658770534182075,0.023512751872909576,0.9106101947088829,0.9972677605684098,86.59152920633244,0.9959016408526149,BEAR,0.9106101947088829,81.9192695273906,HIGH,0.9131324218198655,0.6,3
NIFTY50,2020-09-22,BEAR,6.14989723484934e-07,0.0009099111653209952,0.9990894738449554,0.06593341768107545,0.021838812227031667,0.9122277700918929,0.9990894738449554,86.83416551378393,0.9986342107674331,BEAR,0.9122277700918929,81.91479195307114,HIGH,0.9130684564724451,0.6,4
NIFTY50,2020-09-23,BEAR,7.84082865860106e-07,0.000614613571883622,0.9993846023452505,0.06594507621253966,0.02156501829814881,0.9124899054893114,0.9993846023452505,86.8734858233967,0.9990769035178756,BEAR,0.9124899054893114,81.91406625908444,HIGH,0.913058089415492,0.6,5
NIFTY50,2020-09-24,SIDE,8.352149502972121e-14,0.993951180216933,0.006048819782983518,0.027227752699916726,0.942554574950259,0.03021767234982435,0.993951180216933,91.38318624253883,0.9909267703253994,SIDE,0.942554574950259,69.35652603626164,MODERATE,0.9479503719465948,0.1,1
NIFTY50,2020-09-25,SIDE,3.627048778873242e-08,0.9978013228807877,0.002198640848724465,0.02707772013546733,0.9461243019534606,0.02679797791107206,0.9978013228807877,91.9186452930191,0.9967019843211814,SIDE,0.9461243019534606,72.36599302928033,MODERATE,0.9480856147040048,0.2,2
NIFTY50,2020-09-28,SIDE,0.0002542842178375788,0.96358890140045,0.03615681438171249,0.02863509501822291,0.914398313200511,0.05696659178126608,0.96358890140045,87.15974698007663,0.9453833521006749,SIDE,0.914398313200511,75.28246735244254,HIGH,0.9468923907491792,0.3,3
NIFTY50,2020-09-29,SIDE,0.0016230064154637313,0.6764876559989461,0.3218893375855902,0.041030597858441875,0.6481785867139449,0.3107908154276133,0.6764876559989461,47.226788007091734,0.5147314839984192,SIDE,0.6481785867139449,77.57974565207971,HIGH,0.9368535093154243,0.4,4
NIFTY50,2020-09-30,BEAR,0.0009379800307637857,0.18316232933591572,0.8158996906333204,0.059655360045557465,0.19079768017810433,0.7495469597763382,0.8158996906333204,62.432043966450735,0.7238495359499807,BEAR,0.7495469597763382,82.3651250738834,HIGH,0.919501786769763,0.6,1
NIFTY50,2020-10-01,SIDE,0.06922374255185691,0.5584381595914792,0.37233809785666394,0.10516329741710723,0.5373076214169109,0.35752908116598203,0.5584381595914792,30.59614321253662,0.33765723938721887,SIDE,0.5373076214169109,80.44831934967809,HIGH,0.9349759907096871,0.5,1
NIFTY50,2020-10-05,BULL,0.6123364091006699,0.3553684984488427,0.032295092450487485,0.5913621291758919,0.3376252481453982,0.07101262267871003,0.6123364091006699,38.704319376383786,0.41850461365100483,BULL,0.5913621291758919,69.22513630398991,MODERATE,0.9460733757712845,0.1,1
NIFTY50,2020-10-06,BULL,0.8903719467063513,0.1096154275065151,1.262578713353967e-05,0.8457884584203816,0.10393354094958297,0.05027800063003536,0.8903719467063513,76.86826876305724,0.835557920059527,BULL,0.8457884584203816,72.27415831453408,MODERATE,0.9467736902076297,0.2,2
NIFTY50,2020-10-07,BULL,0.9895322535307576,0.010466743730197904,1.0027390445566151e-06,0.9369769297116413,0.009924198860182773,0.05309887142817608,0.9895322535307576,90.54653945674619,0.9842983802961364,BULL,0.9369769297116413,75.26336068468237,HIGH,0.9466194383526054,0.3,3
NIFTY50,2020-10-08,BULL,0.9990160061475176,0.0009839691976439669,2.465483837974278e-08,0.9456982562896374,0.0009329638483309569,0.053368779862031625,0.9990160061475176,91.85473844344561,0.9985240092212763,BULL,0.9456982562896374,78.26232766435298,HIGH,0.9466046809193284,0.4,4
NIFTY50,2020-10-09,BULL,0.9999157782253181,8.421962207802694e-05,2.152603927337204e-09,0.9465256958525239,7.98542587721776e-05,0.05339444988870399,0.9999157782253181,91.97885437787858,0.9998736673379771,BULL,0.9465256958525239,81.2622294835939,HIGH,0.9466032783370557,0.5,5
NIFTY50,2020-10-12,BULL,0.9999975774921797,2.422374288522464e-06,1.3353180808213576e-10,0.9466009192921263,2.2971052255679693e-06,0.05339678360264819,0.9999975774921797,91.99013789381894,0.9999963662382695,BULL,0.9466009192921263,84.26222055780788,HIGH,0.946603150825827,0.6,6
NIFTY50,2020-10-13,BULL,0.9999999525157254,4.741262078182402e-08,7.165384065802081e-11,0.9466031033878611,4.5253515400469386e-08,0.05339685135862349,0.9999999525157254,91.99046550817916,0.9999999287735879,BULL,0.9466031033878611,87.26222029865764,HIGH,0.9466031471236808,0.7,7
NIFTY50,2020-10-14,BULL,0.9999999990146788,9.654227992538238e-10,1.9898313068480453e-11,0.9466031461468002,1.2129214143590653e-09,0.05339685264027835,0.9999999990146788,91.99047192202,0.9999999985220183,BULL,0.9466031461468002,90.26222029370822,HIGH,0.9466031470529748,0.8,8
NIFTY50,2020-10-15,BULL,0.9999957759834105,3.3343709242667105e-08,4.190672880199183e-06,0.9465994259364914,1.1989634269503154e-07,0.05340045416716593,0.9999957759834105,91.9899138904737,0.9999936639751159,BULL,0.9465994259364914,93.26221045060382,HIGH,0.9466030064371973,0.9,9
NIFTY50,2020-10-16,BULL,0.9999999734310717,4.142848571558004e-09,2.242607976326071e-08,0.9466031234931407,4.696060390097411e-09,0.05339687181079881,0.9999999734310717,91.9904685239711,0.9999999601466074,BULL,0.9466031234931407,96.26222024140809,HIGH,0.94660314630583,1.0,10
NIFTY50,2020-10-19,BULL,0.9999999979488012,2.704395730198828e-10,1.7807590972497335e-09,0.9466031452352393,5.909337388096604e-10,0.053396854173826995,0.9999999979488012,91.99047178528589,0.9999999969232019,BULL,0.9466031452352393,96.26222028949493,HIGH,0.9466031469927849,1.0,11
NIFTY50,2020-10-20,BULL,0.9999999969012044,5.151406759171926e-12,3.093644178526998e-09,0.9466031443230289,3.66961621099478e-10,0.05339685531000946,0.9999999969012044,91.99047164845435,0.9999999953518065,BULL,0.9466031443230289,96.2622202863811,HIGH,0.9466031469483014,1.0,12
NIFTY50,2020-10-21,BULL,0.9999999980161287,2.482244012067696e-12,1.981389119457834e-09,0.9466031453049741,3.410788198289922e-10,0.05339685435394716,0.9999999980161287,91.99047179574612,0.9999999970241931,BULL,0.9466031453049741,96.2622202889943,HIGH,0.9466031469856327,1.0,13
NIFTY50,2020-10-22,BULL,0.999999830072646,3.020448328267585e-12,1.699243335670907e-07,0.9466029974080769,3.867582252101855e-09,0.05339699872434095,0.999999830072646,91.99044961121152,0.999999745108969,BULL,0.9466029974080769,96.2622198943843,HIGH,0.9466031413483473,1.0,14
NIFTY50,2020-10-23,BULL,0.9999996722015171,3.3519452763604235e-12,3.277951309635665e-07,0.9466028583812529,7.182423105111809e-09,0.053397134436323976,0.9999996722015171,91.99042875718794,0.9999995083022755,BULL,0.9466028583812529,96.26221952344049,HIGH,0.9466031360491501,1.0,15
NIFTY50,2020-10-26,BULL,0.9765616280172275,7.656946085611896e-10,0.023438371217077942,0.9259625008597654,0.0004920939543908943,0.07354540518584379,0.9765616280172275,88.89437512896481,0.964842442025841,BULL,0.9259625008597654,96.2071479236082,HIGH,0.9458163989086886,1.0,16
NIFTY50,2020-10-27,BULL,0.9996841789297211,3.3465256000023003e-06,0.00031247454467892737,0.9463248935898503,9.733809117987183e-06,0.053665372601031776,0.9996841789297211,91.94873403847754,0.9995262683945816,BULL,0.9463248935898503,96.26148644785688,HIGH,0.9465926635408127,1.0,17
NIFTY50,2020-10-28,BEAR,0.23595141414377907,5.364185371031752e-06,0.7640432216708499,0.2737551598438569,0.016046314927004007,0.7101985252291392,0.7640432216708499,56.529778784370876,0.6460648325062749,BEAR,0.7101985252291392,67.46697364537332,MODERATE,0.9209567663624759,0.1,1
NIFTY50,2020-10-29,BEAR,0.0017695344841436801,0.0003231165475332861,0.9979073489683231,0.06751406086876914,0.021257616442905934,0.911228322688325,0.9979073489683231,86.68424840324873,0.9968610234524845,BEAR,0.911228322688325,69.91750548745522,MODERATE,0.9131072212493603,0.2,2
NIFTY50,2020-10-30,BEAR,0.00012044075281158201,0.00022610571937795764,0.9996534535278104,0.06606559265863239,0.02120229416773144,0.9127321131736361,0.9996534535278104,86.90981697604542,0.9994801802917155,BEAR,0.9127321131736361,72.91339213145744,MODERATE,0.9130484590208207,0.3,3
NIFTY50,2020-11-02,BEAR,0.00030938565593874616,0.0002406335108502441,0.999449980833211,0.06623141787645517,0.021211796933030127,0.9125567851905146,0.999449980833211,86.88351777857721,0.9991749712498164,BEAR,0.9125567851905146,75.91387181068485,HIGH,0.9130553115812122,0.4,4
NIFTY50,2020-11-03,BEAR,0.0201844045773716,0.0016822016456351037,0.9781333937769933,0.08367786424412324,0.022131092595543293,0.8941910431603336,0.9781333937769933,84.12865647405002,0.9672000906654897,BEAR,0.8941910431603336,78.96411608310149,HIGH,0.9137730869014499,0.5,5
NIFTY50,2020-11-04,BULL,0.9348895853882891,0.001370050542957458,0.06374036406875339,0.8892112501475171,0.002637272029739477,0.10815147782274348,0.9348895853882891,83.38168752212756,0.9023343780824336,BULL,0.8892112501475171,81.11260123672596,HIGH,0.9444657319532281,0.5,1
NIFTY50,2020-11-05,BULL,0.9999557720912058,4.3308189239481086e-05,9.197195547430311e-07,0.9465625104211465,4.108282271723129e-05,0.05339640675613639,0.9999557720912058,91.98437656317195,0.9999336581368087,BULL,0.9465625104211465,81.26222286095344,HIGH,0.9466031837279064,0.5,2
NIFTY50,2020-11-06,BULL,0.9999997219330554,2.7416963085665165e-07,3.897313747399054e-09,0.9466028914905759,2.6033640757334686e-07,0.053396848173016584,0.9999997219330554,91.99043372358636,0.9999995828995831,BULL,0.9466028914905759,81.26222031442575,HIGH,0.9466031473489394,0.5,3
NIFTY50,2020-11-09,BULL,0.9999999602078026,3.978867719940885e-08,3.5201563528333474e-12,0.9466031104589255,3.802334488596438e-08,0.053396851517729535,0.9999999602078026,91.99046656883881,0.999999940311704,BULL,0.9466031104589255,81.26222029798541,HIGH,0.9466031471140773,0.5,4
NIFTY50,2020-11-10,BULL,0.9999998631142005,1.3688576106134438e-07,3.837900973239111e-14,0.9466030211704303,1.3008711903568185e-07,0.05339684874245068,0.9999998631142005,91.99045317556453,0.9999997946713006,BULL,0.9466030211704303,81.2622203085945,HIGH,0.9466031472656357,0.5,5
NIFTY50,2020-11-11,BULL,0.9999981594097791,1.840590220396277e-06,5.033977095247545e-16,0.9466014544248376,1.7454763849959286e-06,0.053396800098777446,0.9999981594097791,91.99021816372563,0.9999972391146686,BULL,0.9466014544248376,84.26222049460308,HIGH,0.9466031499229013,0.6,6
NIFTY50,2020-11-12,BULL,0.999999756852207,2.4314776542498115e-07,2.764407161653929e-14,0.9466029234507151,2.3084080315526407e-07,0.05339684570848169,0.999999756852207,91.99043851760727,0.9999996352783105,BULL,0.9466029234507151,87.26222032019616,HIGH,0.9466031474313737,0.7,7
NIFTY50,2020-11-13,BULL,0.9999999874620208,1.2537977089051605e-08,2.0975373466826054e-15,0.9466031355220715,1.2185169685937508e-08,0.053396852292758805,0.9999999874620208,91.99047032831072,0.999999981193031,BULL,0.9466031355220715,90.26222029501845,HIGH,0.9466031470716922,0.8,8
NIFTY50,2020-11-17,BULL,0.9999999733149706,2.6685029392696217e-08,3.13740044324007e-17,0.9466031225122863,2.5598878999435877e-08,0.053396851888834786,0.9999999733149706,91.99046837684293,0.9999999599724557,BULL,0.9466031225122863,93.26222029656306,HIGH,0.946603147093758,0.9,9
NIFTY50,2020-11-18,BULL,0.9999999567289477,4.3271052266882665e-08,5.208852582138175e-19,0.9466031072595946,4.132512963006263e-08,0.05339685141527578,0.9999999567289477,91.9904660889392,0.9999999350934216,BULL,0.9466031072595946,96.2622202983739,HIGH,0.9466031471196273,1.0,10
NIFTY50,2020-11-19,BULL,0.9999999931596943,6.840253323013358e-09,5.230941980337298e-14,0.9466031407617177,6.782800765608367e-09,0.053396852455481605,0.9999999931596943,91.99047111425766,0.9999999897395415,BULL,0.9466031407617177,96.26222029439624,HIGH,0.9466031470628036,1.0,11
NIFTY50,2020-11-20,BULL,0.9999999997185993,2.8139998302070224e-10,6.948945425184324e-16,0.9466031467933578,5.639386408865487e-10,0.053396852642703586,0.9999999997185993,91.99047201900366,0.999999999577899,BULL,0.9466031467933578,96.26222029368037,HIGH,0.9466031470525768,1.0,12
NIFTY50,2020-11-23,BULL,0.9999999999684352,3.156457555606447e-11,2.7228157591674618e-16,0.9466031470231097,3.2705398135581796e-10,0.05339685264983645,0.9999999999684352,91.99047205346643,0.9999999999526529,BULL,0.9466031470231097,96.26222029365307,HIGH,0.946603147052187,1.0,13
NIFTY50,2020-11-24,BULL,0.999999999904623,9.537707552104608e-11,2.0876789168396055e-17,0.9466031469644272,3.875586175741545e-10,0.053396852648014276,0.999999999904623,91.99047204466407,0.9999999998569344,BULL,0.9466031469644272,96.26222029366005,HIGH,0.9466031470522867,1.0,14
NIFTY50,2020-11-25,BULL,0.9999999999530169,2.5124196302920812e-11,2.1858984583507206e-11,0.9466031470097828,3.214063807426443e-10,0.053396852668810946,0.9999999999530169,91.99047205146739,0.9999999999295254,BULL,0.9466031470097828,96.26222029360099,HIGH,0.9466031470514428,1.0,15
NIFTY50,2020-11-26,BULL,0.9999999999951983,4.426598546256911e-12,3.7502088984825066e-13,0.946603147047736,3.0133062778999296e-10,0.05339685265093343,0.9999999999951983,91.99047205716037,0.9999999999927974,BULL,0.946603147047736,96.2622202936492,HIGH,0.9466031470521314,1.0,16
NIFTY50,2020-11-27,BULL,0.9999999994115158,9.392958089498796e-12,5.790912541783914e-10,0.9466031465335311,3.1818979955206045e-10,0.05339685314827902,0.9999999994115158,91.99047198002968,0.9999999991172738,BULL,0.9466031465335311,96.26222029228997,HIGH,0.9466031470327138,1.0,17
NIFTY50,2020-12-01,BULL,0.9999999999928015,6.246416837243589e-12,9.520207589567313e-13,0.9466031470455543,3.0306822609646737e-10,0.05339685265137748,0.9999999999928015,91.99047205683314,0.9999999999892023,BULL,0.9466031470455543,96.26222029364801,HIGH,0.9466031470521146,1.0,18
NIFTY50,2020-12-02,BULL,0.9999999999796036,1.9877636152308347e-12,1.8408628803815462e-11,0.9466031470340978,2.9939683405174655e-10,0.053396852666505464,0.9999999999796036,91.99047205511465,0.9999999999694055,BULL,0.9466031470340978,96.26222029360656,HIGH,0.9466031470515225,1.0,19
NIFTY50,2020-12-03,BULL,0.9999999998812157,1.5385792413817674e-12,1.17245811439374e-10,0.9466031469474714,3.010460390163298e-10,0.05339685275148265,0.9999999998812157,91.99047204212071,0.9999999998218235,BULL,0.9466031469474714,96.26222029337428,HIGH,0.9466031470482041,1.0,20
NIFTY50,2020-12-04,BULL,0.9999999999943936,3.6989560462121776e-12,1.907498661151441e-12,0.9466031470470556,3.00672878860957e-10,0.053396852652271586,0.9999999999943936,91.99047205705833,0.9999999999915904,BULL,0.9466031470470556,96.26222029364553,HIGH,0.9466031470520789,1.0,21
NIFTY50,2020-12-07,BULL,0.9999999999954583,4.198098908420549e-12,3.435045862503117e-13,0.9466031470479739,3.011133112327474e-10,0.05339685265091286,0.9999999999954583,91.99047205719609,0.9999999999931874,BULL,0.9466031470479739,96.26222029364926,HIGH,0.9466031470521323,1.0,22
NIFTY50,2020-12-08,BULL,0.9999999999952618,2.8545418998472846e-12,1.8836897644937657e-12,0.9466031470478531,2.9987173686962153e-10,0.05339685265227522,0.9999999999952618,91.99047205717797,0.9999999999928927,BULL,0.9466031470478531,96.26222029364546,HIGH,0.946603147052078,1.0,23
NIFTY50,2020-12-09,BULL,0.9999999999837591,1.6160954092294826e-11,7.998864021825359e-14,0.9466031470372046,3.1245051346913427e-10,0.05339685265034476,0.9999999999837591,91.99047205558071,0.9999999999756385,BULL,0.9466031470372046,96.26222029365114,HIGH,0.9466031470521592,1.0,24
NIFTY50,2020-12-10,BULL,0.9999999999975262,2.1923383644659177e-12,2.813905932809994e-13,0.946603147049873,2.992102195147777e-10,0.053396852650916725,0.9999999999975262,91.99047205748096,0.9999999999962893,BULL,0.946603147049873,96.26222029364916,HIGH,0.9466031470521311,1.0,25
NIFTY50,2020-12-11,BULL,0.9999999999980436,1.5758470486135973e-12,3.805806927755612e-13,0.9466031470503526,2.9862776786943594e-10,0.0533968526510196,0.9999999999980436,91.99047205755289,0.9999999999970653,BULL,0.9466031470503526,96.26222029364884,HIGH,0.9466031470521264,1.0,26
NIFTY50,2020-12-14,BULL,0.9999999999983742,1.2398592622040874e-12,3.8599361935038053e-13,0.946603147050657,2.9830931037946963e-10,0.053396852651033846,0.9999999999983742,91.99047205759852,0.9999999999975613,BULL,0.946603147050657,96.26222029364884,HIGH,0.9466031470521264,1.0,27
NIFTY50,2020-12-15,BULL,0.9999999999949855,9.836515685817302e-13,4.030884957269057e-12,0.9466031470476827,2.9814290893045754e-10,0.05339685265417445,0.9999999999949855,91.99047205715239,0.999999999992478,BULL,0.9466031470476827,96.26222029364023,HIGH,0.9466031470520031,1.0,28
NIFTY50,2020-12-16,BULL,0.999999999996071,3.92841756076998e-12,5.358756260596438e-16,0.9466031470485239,3.008504087075825e-10,0.05339685265062573,0.999999999996071,91.99047205727858,0.9999999999941064,BULL,0.9466031470485239,96.26222029364999,HIGH,0.9466031470521428,1.0,29
NIFTY50,2020-12-17,BULL,0.9999999999962159,3.783538144976223e-12,5.516720755607431e-16,0.9466031470486571,3.007130397602089e-10,0.05339685265062988,0.9999999999962159,91.99047205729856,0.9999999999943239,BULL,0.9466031470486571,96.26222029365003,HIGH,0.9466031470521433,1.0,30
NIFTY50,2020-12-18,BULL,0.999999999997786,2.2136779970689994e-12,2.9779675037680535e-16,0.946603147050101,2.992245513663694e-10,0.05339685265067448,0.999999999997786,91.99047205751512,0.999999999996679,BULL,0.946603147050101,96.26222029364988,HIGH,0.9466031470521411,1.0,31
NIFTY50,2020-12-21,BULL,0.9905008936975178,1.0634565461171496e-07,0.00949899995682754,0.9382378992719105,0.0001995343880719059,0.06156256634001764,0.9905008936975178,90.73568489078657,0.9857513405462766,BULL,0.9382378992719105,96.23990081741718,HIGH,0.9462842973916741,1.0,32
NIFTY50,2020-12-22,BULL,0.9999976695335769,1.7326132310251804e-06,5.978531920048144e-07,0.9466010272313522,1.6556486537282095e-06,0.05339731711999405,0.9999976695335769,91.99015408470281,0.9999965043003652,BULL,0.9466010272313522,96.26221907805834,HIGH,0.9466031296865477,1.0,33
NIFTY50,2020-12-23,BULL,0.9999999732312763,1.1057642639363895e-08,1.5711081073603904e-08,0.9466031230476807,1.11114285668865e-08,0.05339686584089084,0.9999999732312763,91.99046845715209,0.9999999598469145,BULL,0.9466031230476807,96.26222025794102,HIGH,0.9466031465420148,1.0,34
NIFTY50,2020-12-24,BULL,0.9999999993385807,8.857399835448051e-11,5.72845205481285e-10,0.9466031464662159,3.9313518299336313e-10,0.053396853140648924,0.9999999993385807,91.99047196993239,0.999999999007871,BULL,0.9466031464662159,96.26222029231324,HIGH,0.9466031470330465,1.0,35
NIFTY50,2020-12-28,BULL,0.9999999999351297,5.322870028545296e-12,5.954742720725668e-11,0.9466031469948024,3.034227747042681e-10,0.05339685270177478,0.9999999999351297,91.99047204922036,0.9999999999026945,BULL,0.9466031469948024,96.26222029351028,HIGH,0.9466031470501469,1.0,36
NIFTY50,2020-12-29,BULL,0.9999999999706464,2.4592789990566444e-12,2.6894374533458026e-11,0.9466031470261913,3.000220672177777e-10,0.05339685267378669,0.9999999999706464,91.9904720539287,0.9999999999559696,BULL,0.9466031470261913,96.2622202935867,HIGH,0.9466031470512384,1.0,37
NIFTY50,2020-12-30,BULL,0.9999999999346774,2.983922372055271e-12,6.23387197728735e-11,0.9466031469944953,3.0126367514338513e-10,0.05339685270424107,0.9999999999346774,91.9904720491743,0.999999999902016,BULL,0.9466031469944953,96.26222029350342,HIGH,0.9466031470500489,1.0,38
NIFTY50,2020-12-31,BULL,0.999999999909323,1.3902922018906277e-12,8.928665955387396e-11,0.9466031469722295,3.0031843119903504e-10,0.05339685272745208,0.999999999909323,91.99047204583441,0.9999999998639845,BULL,0.9466031469722295,96.26222029343995,HIGH,0.9466031470491423,1.0,39
NIFTY50,2021-01-01,BULL,0.9999999998344486,1.4904977653900252e-12,1.6406078614205126e-10,0.9466031469062887,3.019833389848715e-10,0.053396852791728025,0.9999999998344486,91.99047203594328,0.999999999751673,BULL,0.9466031469062887,96.26222029326428,HIGH,0.9466031470466325,1.0,40
NIFTY50,2021-01-04,BULL,0.9999999999909212,2.8377433933794184e-12,6.2410837170673836e-12,0.9466031470440313,2.9994729344050624e-10,0.05339685265602149,0.9999999999909212,91.99047205660469,0.9999999999863816,BULL,0.9466031470440313,96.26222029363522,HIGH,0.9466031470519318,1.0,41
NIFTY50,2021-01-05,BULL,0.999999999995054,2.494858622901877e-12,2.4512281128823303e-12,0.9466031470476841,2.995426141229606e-10,0.05339685265277337,0.999999999995054,91.99047205715262,0.9999999999925809,BULL,0.9466031470476841,96.26222029364409,HIGH,0.9466031470520584,1.0,42
NIFTY50,2021-01-06,BULL,0.9999999994984592,2.3586042755298598e-12,4.991821753550369e-10,0.9466031466103708,3.0984238076495243e-10,0.053396853079786866,0.9999999994984592,91.99047199155562,0.9999999992476888,BULL,0.9466031466103708,96.26222029247691,HIGH,0.9466031470353845,1.0,43
NIFTY50,2021-01-07,BULL,0.9999999980808192,1.102163759485887e-12,1.9180785797101405e-09,0.9466031453619966,3.3844106253935053e-10,0.0533968542995623,0.9999999980808192,91.99047180429947,0.9999999971212288,BULL,0.9466031453619966,96.26222028914289,HIGH,0.9466031469877555,1.0,44
NIFTY50,2021-01-08,BULL,0.9999999999734812,2.1669980964442875e-11,4.848844973838225e-12,0.946603147027939,3.1777409107919246e-10,0.05339685265428698,0.9999999999734812,91.99047205419085,0.9999999999602218,BULL,0.946603147027939,96.26222029364054,HIGH,0.9466031470520077,1.0,45
NIFTY50,2021-01-11,BULL,0.999999999964639,3.536093099361765e-11,4.36774133615667e-17,0.9466031470196186,3.3065353972753745e-10,0.05339685264972785,0.999999999964639,91.99047205294278,0.9999999999469584,BULL,0.9466031470196186,96.2622202936535,HIGH,0.946603147052193,1.0,46
NIFTY50,2021-01-12,BULL,0.9999999997793351,2.2066420333469567e-10,7.447566758176898e-16,0.9466031468492111,5.063512322889623e-10,0.053396852644437734,0.9999999997793351,91.99047202738167,0.9999999996690024,BULL,0.9466031468492111,96.2622202936736,HIGH,0.94660314705248,1.0,47
NIFTY50,2021-01-13,BULL,0.9999999999446421,5.5356587940694825e-11,1.4031689967836357e-15,0.9466031470012293,3.4961270724365576e-10,0.05339685264915812,0.9999999999446421,91.9904720501844,0.9999999999169631,BULL,0.9466031470012293,96.26222029365562,HIGH,0.9466031470522229,1.0,48
NIFTY50,2021-01-14,BULL,0.9999999999940056,5.994171121577206e-12,2.8586840104472635e-16,0.9466031470466243,3.0280907423137677e-10,0.05339685265056652,0.9999999999940056,91.99047205699364,0.9999999999910082,BULL,0.9466031470466243,96.26222029365019,HIGH,0.9466031470521455,1.0,49
NIFTY50,2021-01-15,BULL,0.999999999641821,5.917794074785903e-12,3.522612530263819e-10,0.9466031467364814,3.101324403988426e-10,0.0533968529533862,0.999999999641821,91.99047201047219,0.9999999994627314,BULL,0.9466031467364814,96.26222029282252,HIGH,0.9466031470403218,1.0,50
NIFTY50,2021-01-18,BULL,0.9999984560124422,5.849238144163202e-12,1.5439817086381945e-06,0.9466017873627255,3.2718852695132917e-08,0.053398179918421725,0.9999984560124422,91.99026810440883,0.9999976840186633,BULL,0.9466017873627255,96.26221666580722,HIGH,0.9466030952258173,1.0,51
NIFTY50,2021-01-19,BULL,0.9999999993626623,2.1924076502223279e-10,4.180969973578707e-10,0.94660314648233,5.137795889881556e-10,0.05339685300389048,0.9999999993626623,91.99047197234948,0.9999999990439934,BULL,0.94660314648233,96.26222029269115,HIGH,0.9466031470384453,1.0,52
NIFTY50,2021-01-20,BULL,0.9999999999769589,1.063617160547506e-12,2.1977598116427297e-11,0.9466031470318047,2.9859552388999703e-10,0.053396852669599884,0.9999999999769589,91.99047205477069,0.9999999999654383,BULL,0.9466031470318047,96.26222029359808,HIGH,0.946603147051401,1.0,53
NIFTY50,2021-01-21,BULL,0.9999999974806182,4.3388205292422744e-13,2.518947893630464e-09,0.9466031448334647,3.504227848430408e-10,0.053396854816112456,0.9999999974806182,91.9904717250197,0.9999999962209273,BULL,0.9466031448334647,96.26222028773093,HIGH,0.9466031469675847,1.0,54
NIFTY50,2021-01-22,BULL,0.9996343355495214,2.3642941061738082e-11,0.0003656644268356918,0.9462811302088302,7.677511699090641e-06,0.05371119227947078,0.9996343355495214,91.94216953132451,0.9994515033242821,BULL,0.9462811302088302,96.26136110397255,HIGH,0.9465908729138935,1.0,55
NIFTY50,2021-01-25,BULL,0.9831282850889004,5.985719199576441e-07,0.016871116339179676,0.9317453043354285,0.0003547800433310962,0.06789991562124048,0.9831282850889004,89.76179565031427,0.9746924276333504,BULL,0.9317453043354285,96.22257885171162,HIGH,0.9460368407387373,1.0,56
NIFTY50,2021-01-27,BEAR,0.005264354824653509,0.0010186558263839906,0.9937169893489626,0.07056461171921465,0.021829123570269518,0.9076062647105159,0.9937169893489626,86.14093970657738,0.9905754840234439,BEAR,0.9076062647105159,66.92742737584597,MODERATE,0.9132489625120852,0.1,1
NIFTY50,2021-01-28,BEAR,3.6865749463357642e-06,0.0027771475870114895,0.997219165838042,0.06586334456688195,0.02356998896248899,0.9105666664706291,0.997219165838042,86.58499997059437,0.9958287487570631,BEAR,0.9105666664706291,69.91939041703527,MODERATE,0.9131341488147898,0.2,2
NIFTY50,2021-01-29,BEAR,1.4325153127600215e-08,0.05120716722318547,0.9487928184516614,0.06397248529258678,0.06847281404682176,0.8675547006605916,0.9487928184516614,80.13320509908873,0.9231892276774921,BEAR,0.8675547006605916,73.03846374736106,MODERATE,0.9148351963908724,0.3,3
NIFTY50,2021-02-01,SIDE,4.672275303616433e-10,0.9999997159417392,2.83591033208238e-07,0.026992003269965835,0.9481625816554637,0.02484541507457037,0.9999997159417392,92.22438724831956,0.999999573912609,SIDE,0.9481625816554637,69.3713984550858,MODERATE,0.9481628350726543,0.1,1
NIFTY50,2021-02-02,SIDE,2.6070675237929027e-05,0.9999739288219996,5.02762348781198e-10,0.02701596669032495,0.9481381253231634,0.024845907986511612,0.9999739288219996,92.2207187984745,0.9999608932329993,SIDE,0.9481381253231634,72.37139630484057,MODERATE,0.9481628043548656,0.2,2
NIFTY50,2021-02-03,SIDE,0.0022608586889722856,0.9977391410340963,2.76931367784991e-10,0.029071102668605915,0.9460191825720584,0.024909714759335726,0.9977391410340963,91.90287738580875,0.9966087115511445,SIDE,0.9460191825720584,75.37115231379087,HIGH,0.9481593187684413,0.3,3
NIFTY50,2021-02-04,SIDE,0.0023425485229648115,0.9976574514447119,3.232337807362647e-11,0.02914622554168328,0.9459417275334665,0.024912046924850263,0.9976574514447119,91.89125913001998,0.9964861771670678,SIDE,0.9459417275334665,78.37114339558958,HIGH,0.9481591913655655,0.4,4
NIFTY50,2021-02-05,SIDE,0.004676411002320403,0.9953235889511008,4.6578763378031317e-11,0.031292471513109155,0.9437288458325968,0.024978682654294076,0.9953235889511008,91.5593268748895,0.9929853834266511,SIDE,0.9437288458325968,81.3708885871124,HIGH,0.9481555512444629,0.5,5
NIFTY50,2021-02-08,SIDE,0.0008798778191628087,0.9991201221808221,1.4987394433701703e-14,0.027801137244728113,0.9473285775788532,0.0248702851764186,0.9991201221808221,92.09928663682797,0.9986801832712332,SIDE,0.9473285775788532,84.37130308838725,HIGH,0.9481614726912464,0.6,6
NIFTY50,2021-02-09,SIDE,0.0031238220035742286,0.9968761779957602,6.656057673340286e-13,0.029864693348530646,0.9452009530769258,0.024934353574543638,0.9968761779957602,91.78014296153884,0.9953142669936403,SIDE,0.9452009530769258,87.37105809712034,HIGH,0.948157972816005,0.7,7
NIFTY50,2021-02-10,SIDE,0.0042492765013715725,0.9957507234937663,4.862119823768863e-12,0.030899673859612023,0.9441338389347804,0.024966487205607592,0.9957507234937663,91.62007584021707,0.9936260852406495,SIDE,0.9441338389347804,90.37093522127239,HIGH,0.9481562174467484,0.8,8
NIFTY50,2021-02-11,SIDE,0.003185228317848114,0.9968147716811293,1.022577478865383e-12,0.029921163280154546,0.9451427298909679,0.024936106828877497,0.9968147716811293,91.77140948364517,0.995222157521694,SIDE,0.9451427298909679,93.37105139284813,HIGH,0.9481578770406875,0.9,9
NIFTY50,2021-02-12,SIDE,0.008740415359653043,0.9912595846384648,1.882132803714796e-12,0.03502977525341645,0.9398755079415628,0.02509471680502077,0.9912595846384648,90.98132619123443,0.986889376957697,SIDE,0.9398755079415628,96.37044488386444,HIGH,0.948149212626635,1.0,10
NIFTY50,2021-02-15,SIDE,0.0026305595743571575,0.9973694404256372,5.68010892505975e-15,0.029411083716123707,0.9456686461856263,0.02492027009824999,0.9973694404256372,91.85029692784394,0.9960541606384559,SIDE,0.9456686461856263,96.37111195095112,HIGH,0.9481587421564445,1.0,11
NIFTY50,2021-02-16,SIDE,0.019108141602293748,0.9808918583977005,5.6314060985449094e-15,0.04456405196081127,0.9300452151356179,0.025390732903570863,0.9808918583977005,89.50678227034267,0.9713377875965507,SIDE,0.9300452151356179,96.36931294734958,HIGH,0.948133042104994,1.0,12
NIFTY50,2021-02-17,SIDE,0.060412094736682964,0.9395879052623539,9.631670511501354e-13,0.0825476280197832,0.8908823414319116,0.026570030548305187,0.9395879052623539,83.63235121478674,0.9093818578935309,SIDE,0.8908823414319116,96.36480342888036,HIGH,0.9480686204125766,1.0,13
NIFTY50,2021-02-18,SIDE,0.20798595538370376,0.7920140446106221,5.67423848125588e-12,0.21825819649651662,0.7509582899075277,0.03078351359595582,0.7920140446106221,62.643743486129146,0.6880210669159331,SIDE,0.7509582899075277,96.34869148317553,HIGH,0.9478384497596506,1.0,14
NIFTY50,2021-02-19,SIDE,0.30690896681182017,0.6930910002238955,3.296428438916086e-08,0.3092289026028438,0.6571631354236593,0.03360796197349688,0.6930910002238955,48.5744703135489,0.5396365003358432,SIDE,0.6571631354236593,96.33789110063917,HIGH,0.9476841585805598,1.0,15
NIFTY50,2021-02-22,SIDE,0.00012111632941357962,0.9998062103049546,7.267336563182423e-05,0.027106204257054234,0.9479806266371007,0.024913169105845085,0.9998062103049546,92.1970939955651,0.9997093154574318,SIDE,0.9479806266371007,96.37120723648816,HIGH,0.9481601033784024,1.0,16
NIFTY50,2021-02-23,SIDE,0.0006467297537762833,0.9989234883500611,0.00042978189616272146,0.027603483012289366,0.9471511600367698,0.0252453569509409,0.9989234883500611,92.07267400551545,0.9983852325250916,SIDE,0.9471511600367698,96.37027177574116,HIGH,0.9481467396534451,1.0,17
NIFTY50,2021-02-24,SIDE,0.0012858979535683313,0.9987081537279431,5.948318488572323e-06,0.028174749733328446,0.9469380892846738,0.024887160981997728,0.9987081537279431,92.04071339270105,0.9980622305919145,SIDE,0.9469380892846738,96.3712441335733,HIGH,0.9481606304796187,1.0,18
NIFTY50,2021-02-25,SIDE,0.046537853735373405,0.9534547887106131,7.357554013519895e-06,0.06978900799469925,0.9040305595630451,0.026180432442255683,0.9534547887106131,85.60458393445677,0.9301821830659196,SIDE,0.9040305595630451,96.36630011158987,HIGH,0.9480900015941409,1.0,19
NIFTY50,2021-02-26,SIDE,3.020905357534896e-15,0.9999999789015046,2.109849229152182e-08,0.0269919926093,0.9481628254730637,0.02484518191763634,0.9999999789015046,92.22442382095954,0.9999999683522569,SIDE,0.9481628254730637,96.3713991005655,HIGH,0.9481628442937928,1.0,20
NIFTY50,2021-03-01,SIDE,4.752043499091983e-05,0.9980769888453015,0.0018754907197075644,0.027108791890528842,0.9463788935819476,0.02651231452752354,0.9980769888453015,91.95683403729213,0.9971154832679521,SIDE,0.9463788935819476,96.36678242140772,HIGH,0.9480968917343963,1.0,21
NIFTY50,2021-03-02,SIDE,0.008314661093963184,0.9851749949140708,0.006510343991965963,0.034891996322890584,0.9342430119135328,0.03086499176357671,0.9851749949140708,90.13645178702991,0.9777624923711064,SIDE,0.9342430119135328,96.35448343410822,HIGH,0.9479211919158317,1.0,22
NIFTY50,2021-03-03,SIDE,0.004349558404562412,0.9956483795814327,2.062014004877139e-06,0.030991974586046207,0.9440368435319832,0.02497118188197055,0.9956483795814327,91.60552652979749,0.9934725693721489,SIDE,0.9440368435319832,96.37091920244568,HIGH,0.9481559886063667,1.0,23
NIFTY50,2021-03-04,SIDE,0.006247314600313282,0.993148363584953,0.0006043218147336782,0.032760646242011866,0.9416790658085861,0.025560287949402075,0.993148363584953,91.2518598712879,0.9897225453774294,SIDE,0.9416790658085861,96.36923114350262,HIGH,0.9481318734786088,1.0,24
NIFTY50,2021-03-05,SIDE,0.0006572288690178441,0.9959004772054119,0.00344229392557025,0.027730554836999516,0.9443481014364599,0.02792134372654063,0.9959004772054119,91.65221521546898,0.9938507158081178,SIDE,0.9443481014364599,96.36286332637911,HIGH,0.9480409046625589,1.0,25
NIFTY50,2021-03-08,SIDE,0.00012079280014728897,0.7523413073986764,0.24753789980117627,0.03675119784806625,0.7185391784446492,0.24470962370728452,0.7523413073986764,57.780876766697375,0.6285119610980147,SIDE,0.7185391784446492,95.76272839563909,HIGH,0.9394675485091297,1.0,26
NIFTY50,2021-03-09,SIDE,0.024798663201386198,0.9685359753810697,0.0066653614175442065,0.05005691055762284,0.9184697664389464,0.03147332300343064,0.9685359753810697,87.77046496584198,0.9528039630716041,SIDE,0.9184697664389464,96.35230256559666,HIGH,0.9478900366513808,1.0,27
NIFTY50,2021-03-10,SIDE,0.07780445121804258,0.9218190496644926,0.0003764991174648755,0.09855650761747668,0.8740424774289746,0.02740101495354857,0.9218190496644926,81.10637161434622,0.8827285744967387,SIDE,0.8740424774289746,96.36197879791052,HIGH,0.9480282685415792,1.0,28
NIFTY50,2021-03-12,SIDE,0.0173729899639992,0.9809074807047878,0.0017195293312129893,0.043035408134052176,0.9300961294625422,0.02686846240340564,0.9809074807047878,89.51441941938131,0.9713612210571816,SIDE,0.9300961294625422,96.36527433144902,HIGH,0.9480753475921289,1.0,29
NIFTY50,2021-03-15,SIDE,0.005856355836597084,0.991238061649733,0.0029055825136698925,0.03249081094254676,0.9399161038846487,0.02759308517280448,0.991238061649733,90.9874155826973,0.9868570924745994,SIDE,0.9399161038846487,96.36361538232536,HIGH,0.9480516483189338,1.0,30
NIFTY50,2021-03-16,SIDE,0.00030214444300303076,0.817364729717331,0.18233312583966607,0.03437652679407179,0.7788229852564411,0.18680048794948692,0.817364729717331,66.8234477884662,0.7260470945759961,SIDE,0.7788229852564411,95.92303709193189,HIGH,0.941757672741884,1.0,31
NIFTY50,2021-03-17,BEAR,2.2123361586755953e-07,0.3060568788680749,0.6939428998983092,0.05403955611611798,0.3047612205262283,0.6411992233576538,0.6939428998983092,46.179883503648064,0.5409143498474637,BEAR,0.6411992233576538,67.66510042143908,MODERATE,0.9237871488777012,0.1,1
NIFTY50,2021-03-18,SIDE,1.163281195841028e-06,0.7638470340160238,0.23615180270278033,0.03619739670994758,0.7292094277140679,0.23459317557598444,0.7638470340160238,59.38141415711019,0.6457705510240357,SIDE,0.7292094277140679,92.79073811568395,HIGH,0.9398676873669135,0.9,1
NIFTY50,2021-03-19,SIDE,4.206791545160938e-05,0.9556554641801066,0.04430246790444184,0.028757426376428034,0.9070471422968095,0.06419543132676235,0.9556554641801066,86.05707134452145,0.9334831962701597,SIDE,0.9070471422968095,93.26246161459154,HIGH,0.9466065944941648,0.9,2
NIFTY50,2021-03-22,SIDE,0.0003091628308680317,0.9846474428458736,0.015043394323258385,0.027862637967239822,0.9339219596110144,0.03821540242174567,0.9846474428458736,90.08829394165217,0.9769711642688104,SIDE,0.9339219596110144,93.33437600880424,HIGH,0.9476339429829178,0.9,3
NIFTY50,2021-03-23,SIDE,0.0017091347610747932,0.9757880309938697,0.022502834245055454,0.02944080950750079,0.9256784067851518,0.0448807837073474,0.9757880309938697,88.85176101777277,0.9636820464908044,SIDE,0.9256784067851518,93.31588154763311,HIGH,0.9473697363947589,0.9,4
NIFTY50,2021-03-24,SIDE,4.117164629135516e-09,0.9983329475502518,0.001667048332583448,0.0270569710313033,0.9466172078293652,0.026325821139331473,0.9983329475502518,91.99258117440476,0.9974994213253777,SIDE,0.9466172078293652,93.36730013690995,HIGH,0.9481042876701421,0.9,5
NIFTY50,2021-03-25,SIDE,3.861127872813524e-11,0.999729833618809,0.000270166342579826,0.02700252192020749,0.9479123555026084,0.025085122577184114,0.999729833618809,92.18685332539125,0.9995947504282134,SIDE,0.9479123555026084,93.37073485501493,HIGH,0.9481533550716418,0.9,6
NIFTY50,2021-03-26,SIDE,4.5556126847317847e-07,0.9976073156903448,0.00239222874838675,0.0270856510695495,0.9459444159575673,0.02696993297288324,0.9976073156903448,91.89166239363507,0.996410973535517,SIDE,0.9459444159575673,93.36551698067464,HIGH,0.9480788140096378,0.9,7
NIFTY50,2021-03-30,SIDE,0.0002462223132365655,0.9961032556708104,0.0036505220159530746,0.027360704594206635,0.9445447402302676,0.028094555175525834,0.9961032556708104,91.68171103454014,0.9941548835062154,SIDE,0.9445447402302676,93.3623961988038,HIGH,0.9480342314114827,0.9,8
NIFTY50,2021-03-31,SIDE,0.00015105216135423964,0.8252429416232342,0.17460600621541153,0.033936405732617345,0.7861305807653763,0.17993301350200627,0.8252429416232342,67.91958711480645,0.7378644124348512,SIDE,0.7861305807653763,92.94205338500744,HIGH,0.9420293340715349,0.9,9
NIFTY50,2021-04-01,SIDE,0.007465436734797836,0.7338184061476819,0.25871615711752016,0.043941102003863995,0.701211141277971,0.2548477567181649,0.7338184061476819,55.18167119169565,0.600727609221523,SIDE,0.701211141277971,95.73444090277732,HIGH,0.9390634414682475,1.0,10
NIFTY50,2021-04-05,BEAR,2.5246890661399947e-05,0.2567594444116784,0.7432153086976601,0.05598302860711036,0.259053708153964,0.6849632632389256,0.7432153086976601,52.74448948583884,0.6148229630464902,BEAR,0.6849632632389256,67.54394442507206,MODERATE,0.9220563489296008,0.1,1
NIFTY50,2021-04-06,BEAR,0.0006663979373784792,0.018768923865092827,0.9805646781975287,0.06582365020033666,0.038383133007699556,0.8957932167919637,0.9805646781975287,84.36898251879457,0.9708470172962929,BEAR,0.8957932167919637,69.96026888287892,MODERATE,0.9137181268982704,0.2,2
NIFTY50,2021-04-07,BEAR,2.1598101936257784e-05,0.00023549609922082998,0.999742905798843,0.06597818237723543,0.021213075843942834,0.9128087417788217,0.999742905798843,86.92131126682327,0.9996143586982644,BEAR,0.9128087417788217,72.91318297362858,MODERATE,0.9130454710518369,0.3,3
NIFTY50,2021-04-08,BEAR,0.14866188447570028,0.007036649261336125,0.8443014662629637,0.196610908000931,0.024398154850540147,0.7789909371485287,0.8443014662629637,66.84864057227931,0.7664521993944453,BEAR,0.7789909371485287,76.27916115486698,HIGH,0.9182737307838141,0.4,4
NIFTY50,2021-04-09,BEAR,0.3092554003213954,0.005797697650050144,0.6849469020285545,0.3380834374732444,0.01987774846765145,0.6420388140591042,0.6849469020285545,46.305822108865634,0.5274203530428316,BEAR,0.6420388140591042,79.65345606707051,HIGH,0.92362080095815,0.5,5
NIFTY50,2021-04-12,SIDE,5.831200078408539e-11,0.9798443216774768,0.02015567826421129,0.027777586597552126,0.9294751519256175,0.0427472614768305,0.9798443216774768,89.42127278884261,0.9697664825162152,SIDE,0.9294751519256175,81.32183944404761,HIGH,0.9474548492006802,0.5,1
NIFTY50,2021-04-13,SIDE,4.5444365653509965e-06,0.9927341333857652,0.007261322177669508,0.027279190731296372,0.9414260730762873,0.031294736192416246,0.9927341333857652,91.2139109614431,0.9891012000786477,SIDE,0.9414260730762873,81.35354418347153,HIGH,0.9479077740495933,0.5,2
NIFTY50,2021-04-15,SIDE,7.53167210873307e-05,0.9874421416508905,0.012482541628022216,0.02754777778684253,0.9365180236050034,0.03593419860815415,0.9874421416508905,90.47770354075048,0.9811632124763358,SIDE,0.9365180236050034,81.34069828219995,HIGH,0.947724261174285,0.5,3
NIFTY50,2021-04-16,SIDE,0.0004485176495719751,0.990427903615606,0.009123578734822217,0.0277600574127265,0.9392784901170504,0.032961452470222925,0.990427903615606,90.89177351755758,0.9856418554234088,SIDE,0.9392784901170504,81.3489167089413,HIGH,0.94784166727059,0.5,4
NIFTY50,2021-04-19,SIDE,5.289305910465118e-08,0.9993837457036565,0.0006162014032844288,0.027016057709153142,0.947591472870438,0.02539246942040884,0.9993837457036565,92.1387209305657,0.9990756185554848,SIDE,0.947591472870438,81.36988400232791,HIGH,0.9481412000332559,0.5,5
NIFTY50,2021-04-20,SIDE,1.972282847617651e-07,0.9977574480704613,0.002242354701253852,0.027079571960439613,0.9460836192688942,0.026836808770666142,0.9977574480704613,91.91254289033412,0.9966361721056918,SIDE,0.9460836192688942,84.36588552607675,HIGH,0.9480840789439536,0.6,6
NIFTY50,2021-04-22,SIDE,2.09188404130492e-06,0.9933820894123996,0.006615818703559085,0.02725177596773689,0.9420268884411442,0.030721335591118924,0.9933820894123996,91.30403326617163,0.9900731341185992,SIDE,0.9420268884411442,87.35513164485805,HIGH,0.9479304520694009,0.7,7
NIFTY50,2021-04-23,SIDE,8.30524080618311e-07,0.991865483733489,0.008133685742430287,0.027309776922987042,0.9406207671850164,0.03206945589199653,0.991865483733489,91.09311507775246,0.9877982256002336,SIDE,0.9406207671850164,90.35139958131158,HIGH,0.9478771368758798,0.8,8
NIFTY50,2021-04-26,SIDE,1.4727754747528283e-05,0.9937630609627952,0.0062222112824572556,0.027248054675051783,0.9423798476496514,0.030372097675296778,0.9937630609627952,91.35697714744772,0.9906445914441928,SIDE,0.9423798476496514,93.35609808531153,HIGH,0.9479442583615932,0.9,9
NIFTY50,2021-04-27,SIDE,0.001353370761133861,0.9955475267381007,0.0030991025007654494,0.02835735833777718,0.9440062415499934,0.027636400112229457,0.9955475267381007,91.60093623249898,0.993321290107151,SIDE,0.9440062415499934,96.36363117725561,HIGH,0.9480518739607946,1.0,10
NIFTY50,2021-04-28,SIDE,0.012201835387660226,0.9876059446324039,0.00019221997993588999,0.03822042775724265,0.9364152979336982,0.025364274309059156,0.9876059446324039,90.46229469005472,0.9814089169486059,SIDE,0.9364152979336982,96.36959433065645,HIGH,0.9481370618665209,1.0,11
NIFTY50,2021-04-29,SIDE,0.0695532821168488,0.9294662535982803,0.0009804642848710275,0.09099218082538642,0.8813059524253279,0.02770186674928564,0.9294662535982803,82.19589286379919,0.8941993803974204,SIDE,0.8813059524253279,96.36139459381528,HIGH,0.9480199227687898,1.0,12
NIFTY50,2021-04-30,SIDE,0.000135689078841374,0.982476518064945,0.017387792856213658,0.027794485665915393,0.9319127904750765,0.04029272385900812,0.982476518064945,89.78691857126145,0.9737147770974173,SIDE,0.9319127904750765,96.32863043357204,HIGH,0.9475518633367436,1.0,13
NIFTY50,2021-05-03,SIDE,0.0032665384372632927,0.9010570080635901,0.09567645349914666,0.03372505584703103,0.8563575211401139,0.10991742301285508,0.9010570080635901,78.45362817101706,0.851585512095385,SIDE,0.8563575211401139,96.1357888528394,HIGH,0.9447969836119915,1.0,14
NIFTY50,2021-05-04,SIDE,0.0008548123402636312,0.8572104915226056,0.14193469613713078,0.03331018304915278,0.8157550836298784,0.15093473332096888,0.8572104915226056,72.36326254448176,0.7858157372839083,SIDE,0.8157550836298784,96.02231026858436,HIGH,0.9431758609797767,1.0,15
NIFTY50,2021-05-05,SIDE,0.017024758188583372,0.7805670640154871,0.20240817779592943,0.05053728117752747,0.7443542852872639,0.20510843353520875,0.7805670640154871,61.653142793089565,0.6708505960232307,SIDE,0.7443542852872639,95.87184987533051,HIGH,0.9410264267904359,1.0,16
NIFTY50,2021-05-06,SIDE,0.11929438094174186,0.7691708008813208,0.11153481817693714,0.14104365529695675,0.7316408690509274,0.12731547565211584,0.7691708008813208,59.7461303576391,0.6537562013219815,SIDE,0.7316408690509274,96.08412778923568,HIGH,0.9440589684176527,1.0,17
NIFTY50,2021-05-07,BULL,0.5870731416564278,0.4027519206666375,0.010174937676934623,0.5672675837360713,0.3820880318151934,0.050644384448735334,0.5870731416564278,35.0901375604107,0.3806097124846418,BULL,0.5672675837360713,69.28228457224787,MODERATE,0.9468897796035411,0.1,1
NIFTY50,2021-05-10,BULL,0.9782827232161317,0.02171278578571466,4.490998153688797e-06,0.926631872102423,0.02058735132422631,0.05278077657335076,0.9782827232161317,88.99478081536344,0.9674240848241976,BULL,0.926631872102423,72.26458031847223,MODERATE,0.9466368616924604,0.2,2
NIFTY50,2021-05-11,BULL,0.997459576429011,0.0024291632176307813,0.0001112603533582647,0.9442712817195558,0.0023055785355481874,0.053423139744896125,0.997459576429011,91.64069225793337,0.9961893646435163,BULL,0.9442712817195558,75.26222408212378,HIGH,0.9466032011731969,0.3,3
NIFTY50,2021-05-12,BULL,0.911372471649401,0.0004606655109347927,0.088166862839664,0.8685367057625555,0.002287865782513325,0.12917542845493118,0.911372471649401,80.28050586438333,0.8670587074741017,BULL,0.8685367057625555,78.05510781016037,HIGH,0.9436443972880053,0.4,4
NIFTY50,2021-05-14,BULL,0.9196685830597998,0.00010260057419241479,0.08022881636600783,0.8758565062885402,0.0017817011621298188,0.12236179254933012,0.9196685830597998,81.37847594328103,0.8795028745896996,BULL,0.8758565062885402,81.07372048381161,HIGH,0.9439102926258801,0.5,5
NIFTY50,2021-05-17,BULL,0.9997069416686868,6.603160986979225e-05,0.0002270267214433934,0.9463424960143197,6.737548411631195e-05,0.05359012850156392,0.9997069416686868,91.95137440214795,0.9995604125030302,BULL,0.9463424960143197,84.26169406568336,HIGH,0.9465956295097622,0.6,6
NIFTY50,2021-05-18,BULL,0.999997708636129,7.591860308485877e-07,1.532177840142796e-06,0.9466010996070592,7.522974689609598e-07,0.053398148095471894,0.999997708636129,91.99016494105886,0.9999965629541934,BULL,0.9466010996070592,87.26221677642873,HIGH,0.946603096806125,0.7,7
NIFTY50,2021-05-19,BULL,0.9997716243087802,7.0227403341759615e-09,0.00022836866847937042,0.9464020311958982,4.801598186799177e-06,0.05359316720591501,0.9997716243087802,91.9603046793847,0.9996574364631703,BULL,0.9464020311958982,90.26168370406545,HIGH,0.9465954814866493,0.8,8
NIFTY50,2021-05-20,BULL,0.9775044275809038,2.7112827827774196e-07,0.02249530129081788,0.9267927524328144,0.0004725503749211521,0.07273469719226441,0.9775044275809038,89.01891286492216,0.9662566413713556,BULL,0.9267927524328144,93.20936385352086,HIGH,0.9458480550502979,0.9,9
NIFTY50,2021-05-21,BULL,0.9999872245775554,1.1472157209918296e-05,1.303265234637079e-06,0.9465914494276648,1.0905132635283524e-05,0.05339764543969995,0.9999872245775554,91.98871741414972,0.9999808368663331,BULL,0.9465914494276648,96.26221848392713,HIGH,0.9466031211989592,1.0,10
NIFTY50,2021-05-24,BULL,0.9999991443554278,2.1430288883321265e-08,8.342142832576264e-07,0.9466023927064707,3.813101219176252e-08,0.05339756916251702,0.9999991443554278,91.9903589059706,0.9999987165331415,BULL,0.9466023927064707,96.26221833586345,HIGH,0.9466031190837637,1.0,11
NIFTY50,2021-05-25,BULL,0.9999997595491508,4.640595525060125e-11,2.404044432453808e-07,0.9466029353009413,5.388461693604221e-09,0.05339705931059701,0.9999997595491508,91.9904402951412,0.9999996393237262,BULL,0.9466029353009413,96.26221972878423,HIGH,0.9466031389826322,1.0,12
NIFTY50,2021-05-26,BULL,0.999999940911562,7.689303743860952e-12,5.908074869140018e-08,0.9466030950165021,1.5448275571888722e-09,0.05339690343867032,0.999999940911562,91.9904642524753,0.9999999113673428,BULL,0.9466030950165021,96.26222015483033,HIGH,0.9466031450690047,1.0,13
NIFTY50,2021-05-27,BULL,0.9999608614256101,3.593463903267897e-11,3.913853845528567e-05,0.9465686802598737,8.220520387467395e-07,0.053430497688087414,0.9999608614256101,91.98530203898108,0.9999412921384152,BULL,0.9465686802598737,96.26212833111674,HIGH,0.9466018333016676,1.0,14
NIFTY50,2021-05-28,BULL,0.999999993611671,1.1547593871667073e-09,5.23356960468849e-09,0.9466031413813438,1.5019053235647827e-09,0.05339685711675089,0.999999993611671,91.99047120720158,0.9999999904175065,BULL,0.9466031413813438,96.26222028147853,HIGH,0.9466031468782646,1.0,15
NIFTY50,2021-05-31,BULL,0.9999999997393645,3.78731957305206e-12,2.568482990473152e-10,0.9466031468224645,3.061091910492114e-10,0.053396852871426266,0.9999999997393645,91.99047202336968,0.9999999996090467,BULL,0.9466031468224645,96.26222029304652,HIGH,0.9466031470435219,1.0,16
NIFTY50,2021-06-01,BULL,0.9999999996685737,2.9869914940522366e-13,3.311276318430176e-10,0.9466031467602598,3.043609190907768e-10,0.05339685293537933,0.9999999996685737,91.99047201403897,0.9999999995028603,BULL,0.9466031467602598,96.26222029287158,HIGH,0.9466031470410226,1.0,17
NIFTY50,2021-06-02,BULL,0.9999999999576389,1.6595713723603328e-13,4.219521210635352e-11,0.9466031470148258,2.9816886854729796e-10,0.05339685268700537,0.9999999999576389,91.99047205222386,0.9999999999364582,BULL,0.9466031470148258,96.26222029355046,HIGH,0.9466031470507209,1.0,18
NIFTY50,2021-06-03,BULL,0.9999999999972939,3.0989509476506306e-13,2.3961851885307003e-12,0.9466031470497419,2.9746975725211446e-10,0.05339685265278844,0.9999999999972939,91.99047205746128,0.9999999999959409,BULL,0.9466031470497419,96.26222029364398,HIGH,0.946603147052057,1.0,19
NIFTY50,2021-06-04,BULL,0.9999999999308715,1.7777992119540828e-13,6.895070828927245e-11,0.9466031469912531,2.9874181505414917e-10,0.05339685271000512,0.9999999999308715,91.99047204868795,0.9999999998963073,BULL,0.9466031469912531,96.26222029348762,HIGH,0.9466031470498231,1.0,20
NIFTY50,2021-06-07,BULL,0.9999999999662115,2.2740855547237875e-13,3.356114829630716e-11,0.9466031470223728,2.98045860734978e-10,0.053396852679581434,0.9999999999662115,91.99047205335592,0.9999999999493172,BULL,0.9466031470223728,96.26222029357079,HIGH,0.9466031470510113,1.0,21
NIFTY50,2021-06-08,BULL,0.9999999999761418,1.741595326737643e-13,2.36841181471509e-11,0.9466031470311198,2.97788001918408e-10,0.05339685267109227,0.9999999999761418,91.99047205466798,0.9999999999642126,BULL,0.9466031470311198,96.26222029359394,HIGH,0.9466031470513423,1.0,22
NIFTY50,2021-06-09,BULL,0.9999999994712385,2.1876266689989123e-13,5.285426602737426e-10,0.9466031465864827,3.0842989125988677e-10,0.05339685310508739,0.9999999994712385,91.99047198797238,0.9999999992068578,BULL,0.9466031465864827,96.26222029240775,HIGH,0.9466031470343963,1.0,23
NIFTY50,2021-06-10,BULL,0.999999999709796,1.6662962193320463e-13,2.900373469842728e-10,0.9466031467965668,3.0337299755456385e-10,0.05339685290006027,0.999999999709796,91.99047201948501,0.9999999995646939,BULL,0.9466031467965668,96.2622202929681,HIGH,0.9466031470424014,1.0,24
NIFTY50,2021-06-11,BULL,0.9999999999095497,1.1773676964721365e-13,9.033255147527433e-11,0.9466031469724787,2.991338001143114e-10,0.05339685272838751,0.9999999999095497,91.99047204587181,0.9999999998643245,BULL,0.9466031469724787,96.26222029343737,HIGH,0.9466031470491051,1.0,25
NIFTY50,2021-06-14,BULL,0.9999999998636995,1.0840119369946722e-13,1.361921134175499e-10,0.9466031469321018,3.000877784383529e-10,0.05339685276781047,0.9999999998636995,91.99047203981524,0.9999999997955492,BULL,0.9466031469321018,96.2622202933296,HIGH,0.9466031470475658,1.0,26
NIFTY50,2021-06-15,BULL,0.9999999999010066,1.3130851265431505e-13,9.886208766366734e-11,0.9466031469649548,2.993257475239011e-10,0.05339685273571945,0.9999999999010066,91.99047204474321,0.9999999998515098,BULL,0.9466031469649548,96.26222029341729,HIGH,0.9466031470488184,1.0,27
NIFTY50,2021-06-16,BULL,0.9999998875755914,2.72178720782149e-13,1.1242413629594498e-07,0.9466030480472792,2.657749186677138e-09,0.053396949294971616,0.9999998875755914,91.99045720709186,0.9999998313633873,BULL,0.9466030480472792,96.26222002949032,HIGH,0.9466031432784333,1.0,28
NIFTY50,2021-06-17,BULL,0.9999852902179619,5.072374965600481e-12,1.4709776965753048e-05,0.9465901931058888,3.091364184009837e-07,0.053409497757692874,0.9999852902179619,91.9885289658833,0.9999779353269427,BULL,0.9465901931058888,96.2621857305709,HIGH,0.94660265329387,1.0,29
NIFTY50,2021-06-18,BULL,0.9982201712290754,7.65517888953079e-09,0.0017798211157457903,0.9450357675894818,3.737522842537099e-05,0.05492685718209291,0.9982201712290754,91.75536513842228,0.9973302568436129,BULL,0.9450357675894818,96.25803830733555,HIGH,0.9465434043905079,1.0,30
NIFTY50,2021-06-21,BULL,0.999986604557676,9.199579717083947e-08,1.3303446526838394e-05,0.9465913469737252,3.6683243848914343e-07,0.05340828619383633,0.999986604557676,91.98870204605876,0.9999799068365139,BULL,0.9465913469737252,96.26218904502275,HIGH,0.9466027006431822,1.0,31
NIFTY50,2021-06-22,BULL,0.99998917985411,8.189914408848949e-10,1.0819326898498855e-05,0.9465936184231396,2.2822742874002676e-07,0.0534061533494316,0.99998917985411,91.98904276347093,0.9999837697811651,BULL,0.9465936184231396,96.26219487192238,HIGH,0.9466027838846054,1.0,32
NIFTY50,2021-06-23,BULL,0.99547007209584,7.29463337677339e-09,0.004529920609526491,0.9426139345870305,9.511373320792072e-05,0.05729095167976164,0.99547007209584,91.39209018805455,0.9932051081437601,BULL,0.9426139345870305,96.25157648894715,HIGH,0.9464510926992451,1.0,33
NIFTY50,2021-06-24,BULL,0.9999155642234873,4.4400028850690733e-07,8.399177622425836e-05,0.9465287726629632,2.184704551939795e-06,0.05346904263248491,0.9999155642234873,91.97931589944449,0.9998733463352307,BULL,0.9465287726629632,96.26202298941028,HIGH,0.9466003284201472,1.0,34
NIFTY50,2021-06-25,BULL,0.999967422112411,7.575580131414584e-09,3.257031200894203e-05,0.9465744575351537,6.912997234951869e-07,0.053424851165122855,0.999967422112411,91.98616863027304,0.9999511331686163,BULL,0.9465744575351537,96.26214376508555,HIGH,0.9466020537869366,1.0,35
NIFTY50,2021-06-28,BULL,0.999556606922016,7.054711416954594e-09,0.00044338602327260497,0.9462126793999859,9.31595756435089e-06,0.053778004642449855,0.999556606922016,91.93190190999788,0.9993349103830238,BULL,0.9462126793999859,96.26117848486078,HIGH,0.9465882640694399,1.0,36
NIFTY50,2021-06-29,BULL,0.9991539489695913,1.0797046002790031e-07,0.000845943059948711,0.9458580808588657,1.7863401439038686e-05,0.05412405573969515,0.9991539489695913,91.87871212882985,0.998730923454387,BULL,0.9458580808588657,96.26023262084684,HIGH,0.9465747517263835,1.0,37
NIFTY50,2021-06-30,BULL,0.9840255696087349,7.147617173665195e-07,0.015973715629547695,0.9325354797857691,0.0003360491165890256,0.06712847109764192,0.9840255696087349,89.88032196786536,0.9760383544131022,BULL,0.9325354797857691,96.2246874573353,HIGH,0.9460669636762187,1.0,38
NIFTY50,2021-07-01,BULL,0.7473706155653548,7.063111060998231e-05,0.25255875332403516,0.7241261651737139,0.0053694877492831885,0.27050434707700294,0.7473706155653548,58.61892477605708,0.6210559233480322,BULL,0.7241261651737139,95.66879900727594,HIGH,0.9381257001039421,1.0,39
NIFTY50,2021-07-02,BULL,0.7688911324584657,0.00046755845811482664,0.23064130908341943,0.7430624106125879,0.005285678723673712,0.25165191066373843,0.7688911324584657,61.45936159188818,0.6533366986876986,BULL,0.7430624106125879,95.72034104137175,HIGH,0.9388620148767394,1.0,40
NIFTY50,2021-07-05,BULL,0.9725443369503484,0.0001953201598181116,0.027260342889833623,0.9224171216837558,0.0007575315476973289,0.0768253467685468,0.9725443369503484,88.36256825256336,0.9588165054255225,BULL,0.9224171216837558,96.19818888719519,HIGH,0.9456884126742168,1.0,41
NIFTY50,2021-07-06,BULL,0.9975543255714192,9.437635374283956e-06,0.0024362367932064064,0.9444490331817655,6.0097953619295994e-05,0.05549086886461512,0.9975543255714192,91.66735497726481,0.9963314883571288,BULL,0.9444490331817655,96.25649697855762,HIGH,0.9465213854079662,1.0,42
NIFTY50,2021-07-07,BULL,0.9999628350163883,1.7149815318131232e-07,3.6993485458446516e-05,0.9465704115896345,9.395903599228874e-07,0.053428648820005524,0.9999628350163883,91.98556173844517,0.9999442525245824,BULL,0.9465704115896345,96.26213338999725,HIGH,0.9466019055713892,1.0,43
NIFTY50,2021-07-08,BULL,0.9619860044131602,9.167031068761183e-08,0.03801390391652914,0.913126695852657,0.000798196146958607,0.0860751080003844,0.9619860044131602,86.96900437789854,0.9429790066197401,BULL,0.913126695852657,96.1729002836363,HIGH,0.94532714690909,1.0,44
NIFTY50,2021-07-09,BULL,0.7387852221449814,8.851244092496471e-05,0.2611262654140937,0.716564871956094,0.005566318660501516,0.27786880938340464,0.7387852221449814,57.484730793414094,0.6081778332174721,BULL,0.716564871956094,95.64867015810661,HIGH,0.9378381451158088,1.0,45
NIFTY50,2021-07-12,BEAR,0.3143095053543009,0.00039318445234902107,0.68529731019335,0.3427449064724246,0.014760746743814,0.6424943467837614,0.68529731019335,46.37415201756421,0.527945965290025,BEAR,0.6424943467837614,67.6520426659449,MODERATE,0.9236006095134985,0.1,1
NIFTY50,2021-07-13,BULL,0.9561675571102856,0.0003749229248223072,0.04345751996489222,0.9079881590873203,0.0012678869395540944,0.0907439539731255,0.9561675571102856,86.19822386309806,0.9342513356654282,BULL,0.9079881590873203,93.16015052165851,HIGH,0.9451450074522644,0.9,1
NIFTY50,2021-07-14,BEAR,0.293151107704602,8.16049330056315e-05,0.7067672873623922,0.3241242292964341,0.014916084755179165,0.6609596859483867,0.7067672873623922,49.14395289225801,0.5601509310435884,BEAR,0.6609596859483867,70.60156134869153,MODERATE,0.9228794478384506,0.2,1
NIFTY50,2021-07-15,BULL,0.985184855229103,0.0002619436726415295,0.01455320109825547,0.9335462053038007,0.0005539126990364891,0.0658998819971629,0.985184855229103,90.03193079557009,0.9777772828436544,BULL,0.9335462053038007,90.22805371429308,HIGH,0.9461150530613297,0.8,1
NIFTY50,2021-07-16,BULL,0.9995796528584873,2.7008278911293357e-06,0.00041764631362156636,0.9462328694603334,1.1329683248913033e-05,0.05375580085641769,0.9995796528584873,91.93493041904999,0.9993694792877309,BULL,0.9462328694603334,90.26123925871323,HIGH,0.946589132267332,0.8,2
NIFTY50,2021-07-19,BULL,0.8143777615808199,1.971364917296172e-06,0.1856202670542628,0.7831376663076668,0.0038990012510216115,0.21296333244131166,0.8143777615808199,67.47064994615002,0.7215666423712298,BULL,0.7831376663076668,89.82607467113355,HIGH,0.9403724953019081,0.8,3
NIFTY50,2021-07-20,BEAR,0.04491544475899503,0.00024269646940143283,0.9548418587716035,0.10551298567169548,0.020277197194744318,0.8742098171335603,0.9548418587716035,81.13147257003402,0.9322627881574052,BEAR,0.8742098171335603,73.0186862734759,MODERATE,0.9145526610496558,0.3,1
NIFTY50,2021-07-22,BULL,0.5384525870030662,0.002182073392795209,0.45936533960413856,0.5400633813220496,0.011713421332884486,0.44822319734506594,0.5384525870030662,31.009507198307436,0.3076788805045993,BULL,0.5400633813220496,86.18310289677194,HIGH,0.9311871842395991,0.7,1
NIFTY50,2021-07-23,BULL,0.9330353440186323,0.00016094201591471217,0.066803713965453,0.8876254672951147,0.001555155845826811,0.11081937685905852,0.9330353440186323,83.14382009426721,0.8995530160279485,BULL,0.8876254672951147,87.10527137511666,HIGH,0.9443610196445238,0.7,2
NIFTY50,2021-07-26,BULL,0.8938690759055876,4.6596096869327974e-05,0.10608432799754305,0.8531387451625929,0.0022714410381470948,0.1445898137992601,0.8938690759055876,77.97081177438893,0.8408036138583814,BULL,0.8531387451625929,87.01296252383267,HIGH,0.9430423217690382,0.7,3
NIFTY50,2021-07-27,BEAR,0.28993474683845544,0.00014587011613565454,0.7099193830454088,0.3212892851470245,0.015043197444887578,0.6636675174080879,0.7099193830454088,49.55012761121319,0.5648790745681134,BEAR,0.6636675174080879,73.59416198951489,MODERATE,0.9227737427073556,0.3,1
NIFTY50,2021-07-28,BEAR,0.0068172498911765415,0.00018459192510024593,0.9929981581837233,0.07196465393074114,0.021023203175899157,0.9070121428933599,0.9929981581837233,86.05182143400395,0.9894972372755849,BEAR,0.9070121428933599,75.92902532765271,HIGH,0.9132717903950388,0.4,2
NIFTY50,2021-07-29,BEAR,0.010749531105721187,0.0003143997506148899,0.988936069143664,0.07542249819984849,0.021060997823605737,0.9035165039765458,0.988936069143664,85.52747559648188,0.9834041037154959,BEAR,0.9035165039765458,75.93858405696677,HIGH,0.9134083436709539,0.4,3
NIFTY50,2021-07-30,BEAR,0.010973423585071649,0.00030542858355566755,0.9887211478313727,0.07562001537329321,0.02104797938369255,0.9033320052430144,0.9887211478313727,85.49980078645214,0.983081721747059,BEAR,0.9033320052430144,78.9390880710452,HIGH,0.9134155438720744,0.5,4
NIFTY50,2021-08-02,BULL,0.6506896980235881,0.0013870241616488418,0.34792327781476307,0.6389342759211005,0.008619838528725653,0.3524458855501739,0.6506896980235881,45.84014138816508,0.47603454703538217,BULL,0.6389342759211005,80.44486784224209,HIGH,0.9349266834606014,0.5,1
NIFTY50,2021-08-03,BULL,0.9997836941289675,8.100884045461815e-05,0.0001352970305778604,0.946409503144513,7.965045587761872e-05,0.053510846399609374,0.9997836941289675,91.96142547167695,0.9996755411934513,BULL,0.946409503144513,81.26191123511855,HIGH,0.9465987319302649,0.5,2
NIFTY50,2021-08-04,BULL,0.9999970821684553,2.412432678473783e-07,2.6765882767952277e-06,0.946600568105339,2.8523049379890105e-07,0.0533991466641672,0.9999970821684553,91.99008521580083,0.9999956232526831,BULL,0.946600568105339,84.2622140308968,HIGH,0.9466030575842401,0.6,3
NIFTY50,2021-08-05,BULL,0.9999980738140909,5.623193566072221e-10,1.925623589652751e-06,0.9466014507638656,4.1259118742274265e-08,0.05339850797701563,0.9999980738140909,91.99021761457983,0.9999971107211365,BULL,0.9466014507638656,84.26221576913655,HIGH,0.9466030824162366,0.6,4
NIFTY50,2021-08-06,BULL,0.9999923189287225,6.106905703384972e-11,7.681010208368356e-06,0.946596382831043,1.616192565419463e-07,0.05340345554970054,0.9999923189287225,91.98945742465642,0.9999884783930838,BULL,0.946596382831043,84.26220224583913,HIGH,0.9466028892262733,0.6,5
NIFTY50,2021-08-09,BULL,0.9999996127700524,8.756838328900366e-11,3.871423791316611e-07,0.9466028060405541,8.508280435460074e-09,0.05339718545116539,0.9999996127700524,91.9904209060831,0.9999994191550785,BULL,0.9466028060405541,84.2622193840034,HIGH,0.9466031340571917,0.6,6
NIFTY50,2021-08-10,BULL,0.9999999788273859,3.4195195014384603e-12,2.1169194607540428e-08,0.9466031284066628,7.448190285990552e-10,0.053396870848518234,0.9999999788273859,91.9904692609994,0.9999999682410788,BULL,0.9466031284066628,87.2622202439094,HIGH,0.946603146341563,0.7,7
NIFTY50,2021-08-11,BULL,0.9999998610650273,3.458881682780111e-13,1.3893462684539453e-07,0.9466030247011508,3.214411719104633e-09,0.05339697208443756,0.9999998610650273,91.99045370517261,0.9999997915975407,BULL,0.9466030247011508,90.26221996719951,HIGH,0.9466031423885646,0.8,8
NIFTY50,2021-08-12,BULL,0.999999978947445,1.3639314479972613e-12,2.105119112397275e-08,0.9466031285124711,7.403924914575389e-10,0.053396870747136456,0.999999978947445,91.99046927687064,0.9999999684211675,BULL,0.9466031285124711,93.26222024418645,HIGH,0.9466031463455208,0.9,9
NIFTY50,2021-08-13,BULL,0.9999999998716336,5.958451964416685e-13,1.2777055413003554e-10,0.9466031469390698,3.0037314253848164e-10,0.05339685276055705,0.9999999998716336,91.99047204086045,0.9999999998074504,BULL,0.9466031469390698,96.26222029334942,HIGH,0.9466031470478489,1.0,10
NIFTY50,2021-08-16,BULL,0.9999999999878608,1.5991939507555647e-13,1.1979266746250979e-11,0.9466031470414406,2.975287544327384e-10,0.05339685266103072,0.9999999999878608,91.99047205621606,0.9999999999817912,BULL,0.9466031470414406,96.26222029362148,HIGH,0.9466031470517355,1.0,11
NIFTY50,2021-08-17,BULL,0.9999999999985247,1.9681234587084352e-13,1.278467679535217e-12,0.9466031470508302,2.9733906970576025e-10,0.053396852651830834,0.9999999999985247,91.9904720576245,0.9999999999977871,BULL,0.9466031470508302,96.26222029364662,HIGH,0.9466031470520945,1.0,12
NIFTY50,2021-08-18,BULL,0.9999999999207387,1.8008820624996177e-13,7.908112195670821e-11,0.9466031469823297,2.989566935896565e-10,0.05339685271871355,0.9999999999207387,91.99047204734946,0.9999999998811081,BULL,0.9466031469823297,96.26222029346381,HIGH,0.9466031470494829,1.0,13
NIFTY50,2021-08-20,BULL,0.9999999507259614,3.30365849415668e-13,4.927370825974495e-08,0.9466031036596907,1.3319494611084715e-09,0.05339689500835991,0.9999999507259614,91.99046554895361,0.9999999260889421,BULL,0.9466031036596907,96.2622201778728,HIGH,0.9466031453981829,1.0,14
NIFTY50,2021-08-23,BULL,0.9999999761563964,5.775991979601536e-13,2.3843026031833042e-08,0.9466031260546072,7.982620097972909e-10,0.053396873147130805,0.9999999761563964,91.99046890819106,0.9999999642345944,BULL,0.9466031260546072,96.26222023762648,HIGH,0.9466031462518067,1.0,15
NIFTY50,2021-08-24,BULL,0.9999999934349472,4.3221848295255326e-13,6.564620589247868e-09,0.9466031412707061,4.3536085272781015e-10,0.05339685829393304,0.9999999934349472,91.99047119060592,0.9999999901524206,BULL,0.9466031412707061,96.26222027822496,HIGH,0.946603146831785,1.0,16
NIFTY50,2021-08-25,BULL,0.9999999596423712,2.1742163695952777e-13,4.0357411386484846e-08,0.9466031115117959,1.1446430724820831e-09,0.053396887343561066,0.9999999596423712,91.99046672676938,0.9999999394635568,BULL,0.9466031115117959,96.26222019882313,HIGH,0.9466031456974733,1.0,17
NIFTY50,2021-08-26,BULL,0.9999998723052289,6.599696211163309e-13,1.2769411113729203e-07,0.9466030345996513,2.978712816776592e-09,0.05339696242163593,0.9999998723052289,91.99045518994768,0.9999998084578432,BULL,0.9466030345996513,96.262219993611,HIGH,0.9466031427658715,1.0,18
NIFTY50,2021-08-27,BULL,0.9999999939010503,1.5053822761095375e-12,6.097444344727605e-09,0.9466031416811309,4.265699352516942e-10,0.0533968578922992,0.9999999939010503,91.99047125216964,0.9999999908515753,BULL,0.9466031416811309,96.26222027932279,HIGH,0.9466031468474684,1.0,19
NIFTY50,2021-08-30,BULL,0.9999999999807847,6.948169414838041e-13,1.852053436996115e-11,0.9466031470351882,2.9817325953349527e-10,0.05339685266663858,0.9999999999807847,91.99047205527822,0.9999999999711771,BULL,0.9466031470351882,96.26222029360618,HIGH,0.9466031470515169,1.0,20
NIFTY50,2021-08-31,BULL,0.9999999999953986,2.9036901683330687e-12,1.697690580067317e-12,0.9466031470479717,2.999144323444638e-10,0.05339685265211393,0.9999999999953986,91.99047205719575,0.9999999999930979,BULL,0.9466031470479717,96.26222029364595,HIGH,0.9466031470520851,1.0,21
NIFTY50,2021-09-01,BULL,0.999999999987933,2.6766456362929404e-13,1.1799443238683331e-11,0.9466031470414997,2.976271389705178e-10,0.053396852660873045,0.999999999987933,91.99047205622496,0.9999999999818995,BULL,0.9466031470414997,96.26222029362191,HIGH,0.9466031470517416,1.0,22
NIFTY50,2021-09-02,BULL,0.9999999999988783,7.238755298144702e-13,3.9782630876029143e-13,0.946603147051121,2.9782032220542754e-10,0.05339685265105875,0.9999999999988783,91.99047205766814,0.9999999999983173,BULL,0.946603147051121,96.26222029364872,HIGH,0.9466031470521248,1.0,23
NIFTY50,2021-09-03,BULL,0.9999999999991368,6.862508878845938e-13,1.769072827803286e-13,0.9466031470513501,2.977800096821631e-10,0.05339685265086991,0.9999999999991368,91.9904720577025,0.999999999998705,BULL,0.9466031470513501,96.26222029364924,HIGH,0.946603147052132,1.0,24
NIFTY50,2021-09-06,BULL,0.9999999999990901,7.427192950298994e-13,1.6722883701905182e-13,0.9466031470513068,2.9783334772696406e-10,0.05339685265085998,0.9999999999990901,91.99047205769601,0.9999999999986351,BULL,0.9466031470513068,96.2622202936493,HIGH,0.9466031470521329,1.0,25
NIFTY50,2021-09-07,BULL,0.9999999999979095,4.327390771546191e-13,1.657826860660017e-12,0.9466031470502791,2.975707313824949e-10,0.05339685265215021,0.9999999999979095,91.99047205754187,0.9999999999968642,BULL,0.9466031470502791,96.26222029364573,HIGH,0.9466031470520819,1.0,26
NIFTY50,2021-09-08,BULL,0.999999999997349,2.7757960847417183e-13,2.373382602803506e-12,0.9466031470497916,2.9743863816420627e-10,0.053396852652769757,0.999999999997349,91.99047205746874,0.9999999999960235,BULL,0.9466031470497916,96.26222029364402,HIGH,0.9466031470520575,1.0,27
NIFTY50,2021-09-09,BULL,0.9999999999995672,2.9034056508488537e-13,1.4239334766036493e-13,0.9466031470517445,2.9740389759779593e-10,0.05339685265085155,0.9999999999995672,91.99047205776166,0.9999999999993509,BULL,0.9466031470517445,96.2622202936493,HIGH,0.9466031470521329,1.0,28
NIFTY50,2021-09-13,BULL,0.9999999999986515,2.2075448487008023e-13,1.1276842906393269e-12,0.9466031470509408,2.97358605027293e-10,0.05339685265170053,0.9999999999986515,91.99047205764113,0.9999999999979773,BULL,0.9466031470509408,96.26222029364698,HIGH,0.9466031470520996,1.0,29
NIFTY50,2021-09-14,BULL,0.9999999999978135,2.045516817465383e-13,1.9819422667948494e-12,0.9466031470502035,2.9736117743532654e-10,0.05339685265243535,0.9999999999978135,91.99047205753051,0.9999999999967203,BULL,0.9466031470502035,96.26222029364493,HIGH,0.9466031470520706,1.0,30
NIFTY50,2021-09-15,BULL,0.999999999998767,8.584234617591229e-13,3.7461719521002944e-13,0.9466031470510177,2.979474082757096e-10,0.05339685265103496,0.999999999998767,91.99047205765265,0.9999999999981505,BULL,0.9466031470510177,96.26222029364881,HIGH,0.946603147052126,1.0,31
NIFTY50,2021-09-16,BULL,0.9999999999933242,5.482194183364671e-12,1.1934967210279767e-12,0.9466031470460444,3.0234868840336125e-10,0.05339685265160688,0.9999999999933242,91.99047205690664,0.9999999999899863,BULL,0.9466031470460444,96.26222029364739,HIGH,0.9466031470521057,1.0,32
NIFTY50,2021-09-17,BULL,0.9999999999602884,2.150801546997171e-12,3.756080430515612e-11,0.9466031470170816,2.9995352402175576e-10,0.05339685268296476,0.9999999999602884,91.99047205256225,0.9999999999404326,BULL,0.9466031470170816,96.26222029356153,HIGH,0.946603147050879,1.0,33
NIFTY50,2021-09-20,BULL,0.9999997907500955,9.258973249279355e-13,2.0924897860269676e-07,0.9466029627793519,4.691224459919105e-09,0.05339703252942372,0.9999997907500955,91.99044441690276,0.9999996861251432,BULL,0.9466029627793519,96.26221980198422,HIGH,0.9466031400283461,1.0,34
NIFTY50,2021-09-21,BULL,0.9999999923417804,5.929371391864731e-12,7.65229015950058e-09,0.9466031403078112,4.634088723179465e-10,0.05339685922877995,0.9999999923417804,91.99047104617168,0.9999999885126706,BULL,0.9466031403078112,96.2622202756699,HIGH,0.9466031467952845,1.0,35
NIFTY50,2021-09-22,BULL,0.9999999884988297,2.661186592133158e-13,1.1500904169758508e-08,0.9466031369237957,5.388415482333067e-10,0.053396862537362734,0.9999999884988297,91.99047053856935,0.9999999827482446,BULL,0.9466031369237957,96.26222026662631,HIGH,0.9466031466660905,1.0,36
NIFTY50,2021-09-23,BULL,0.9999999999592766,2.5999909250863118e-12,3.812332645086752e-11,0.9466031470161732,3.0039123895662165e-10,0.05339685268343551,0.9999999999592766,91.99047205242596,0.9999999999389149,BULL,0.9466031470161732,96.2622202935603,HIGH,0.9466031470508617,1.0,37
NIFTY50,2021-09-24,BULL,0.9999999998877183,2.79353490175065e-13,1.1200239353196999e-10,0.9466031469532469,2.997420014188106e-10,0.05339685274701115,0.9999999998877183,91.99047204298701,0.9999999998315774,BULL,0.9466031469532469,96.26222029338645,HIGH,0.9466031470483779,1.0,38
NIFTY50,2021-09-27,BULL,0.999999999507313,2.1424543987363666e-13,4.924727519388909e-10,0.9466031466182513,3.076683138077771e-10,0.0533968530740804,0.999999999507313,91.99047199273768,0.9999999992609695,BULL,0.9466031466182513,96.26222029249247,HIGH,0.9466031470356069,1.0,39
NIFTY50,2021-09-28,BULL,0.9999998294522792,5.566265025234554e-13,1.7054716418112996e-07,0.9466029968618562,3.878322591529137e-09,0.053396999259821165,0.9999998294522792,91.99044952927842,0.9999997441784187,BULL,0.9466029968618562,96.26221989292057,HIGH,0.9466031413274368,1.0,40
NIFTY50,2021-09-29,BULL,0.9999782038599344,3.416768360053716e-11,2.1796105897910093e-05,0.9465839526112284,4.579427898113674e-07,0.053415589445981806,0.9999782038599344,91.98759289168424,0.9999673057899015,BULL,0.9465839526112284,96.26216908006,HIGH,0.9466024154294287,1.0,41
NIFTY50,2021-09-30,BULL,0.9999552736553516,1.7911359083379545e-09,4.47245535125182e-05,0.9465637594064852,9.409956728796025e-07,0.05343529959784184,0.9999552736553516,91.9845639109728,0.9999329104830275,BULL,0.9465637594064852,96.26211520603243,HIGH,0.9466016458004634,1.0,42
NIFTY50,2021-10-01,BULL,0.9992613176105659,8.17683836381042e-09,0.0007386742125957668,0.9459526373107653,1.551665157900362e-05,0.05403184603765575,0.9992613176105659,91.89289559661478,0.9988919764158487,BULL,0.9459526373107653,96.26048465603483,HIGH,0.9465783522290689,1.0,43
NIFTY50,2021-10-04,BULL,0.9999879752985723,3.769758657881749e-08,1.1987003841125596e-05,0.9465925562122145,2.877099354212135e-07,0.05340715607785017,0.9999879752985723,91.98888343183216,0.9999819629478585,BULL,0.9465925562122145,96.26219213229659,HIGH,0.9466027447470943,1.0,44
NIFTY50,2021-10-05,BULL,0.9999975815746508,5.613890036769393e-10,2.4178639602457474e-06,0.946601017280718,5.1592914081927505e-08,0.053398931126367975,0.9999975815746508,91.9901525921077,0.999996372361976,BULL,0.946601017280718,96.26221461253543,HIGH,0.9466030658933635,1.0,45
NIFTY50,2021-10-06,BULL,0.9958107276848805,1.6991170324537482e-09,0.0041892706160023396,0.9429139279736692,8.795641823704405e-05,0.05699811560809369,0.9958107276848805,91.43708919605037,0.993716091527321,BULL,0.9429139279736692,96.25237690242446,HIGH,0.9464625271774922,1.0,46
NIFTY50,2021-10-07,BULL,0.9999591046163995,2.8753505202999994e-07,4.060784854847661e-05,0.9465671219468696,1.1254964564453684e-06,0.053431752556673984,0.9999591046163995,91.98506829203045,0.999938656924599,BULL,0.9465671219468696,96.2621249101159,HIGH,0.9466017844302272,1.0,47
NIFTY50,2021-10-08,BULL,0.9999994544207332,8.331372620155823e-10,5.447461295523751e-07,0.9466026665635726,1.2524120983819532e-08,0.05339732091230647,0.9999994544207332,91.99039998453587,0.9999991816310997,BULL,0.9466026665635726,96.2622190137685,HIGH,0.9466031287681215,1.0,48
NIFTY50,2021-10-11,BULL,0.9999991050491768,9.700988060948945e-12,8.949411222037582e-07,0.9466023589269144,1.909577783305191e-08,0.053397621977307824,0.9999991050491768,91.99035383903716,0.9999986575737652,BULL,0.9466023589269144,96.26221819083692,HIGH,0.9466031170119559,1.0,49
NIFTY50,2021-10-12,BULL,0.9999995447139897,1.2279632569216367e-11,4.552737306641248e-07,0.946602746110951,9.867324744303166e-09,0.053397244021724244,0.9999995447139897,91.99041191664264,0.9999993170709843,BULL,0.946602746110951,96.26221922390921,HIGH,0.9466031317701314,1.0,50
NIFTY50,2021-10-13,BULL,0.9999998741382962,2.24121641996429e-11,1.2583929166153574e-07,0.9466030362130663,2.9603951621081035e-09,0.05339696082653855,0.9999998741382962,91.99045543195993,0.9999998112074441,BULL,0.9466030362130663,96.26221999797156,HIGH,0.9466031428281652,1.0,51
NIFTY50,2021-10-14,BULL,0.9999999964939412,1.1199089281326574e-11,3.494859671111784e-09,0.9466031439641431,3.8111940230926694e-10,0.05339685565473752,0.9999999964939412,91.99047159462147,0.9999999947409118,BULL,0.9466031439641431,96.26222028543907,HIGH,0.9466031469348438,1.0,52
NIFTY50,2021-10-18,BULL,0.9999999999123137,1.0953898809440607e-12,8.659099748404956e-11,0.9466031469748745,2.9998221985261523e-10,0.0533968527251432,0.9999999999123137,91.99047204623119,0.9999999998684705,BULL,0.9466031469748745,96.26222029344625,HIGH,0.9466031470492322,1.0,53
NIFTY50,2021-10-19,BULL,0.9999999995035358,2.9023516984649033e-13,4.96174022035422e-10,0.9466031466149218,3.0781807329538216e-10,0.053396853077259984,0.9999999995035358,91.99047199223827,0.9999999992553037,BULL,0.9466031466149218,96.26222029248378,HIGH,0.9466031470354825,1.0,54
NIFTY50,2021-10-20,BULL,0.9999997776131945,4.886876748488886e-13,2.223863168545904e-07,0.9466029512105566,4.966630756193393e-09,0.053397043822812684,0.9999997776131945,91.99044268158347,0.9999996664197915,BULL,0.9466029512105566,96.26221977111582,HIGH,0.946603139587369,1.0,55
NIFTY50,2021-10-21,BULL,0.9999981742046818,4.971769816582455e-12,1.8257903463187193e-06,0.9466015391930376,3.863464509229861e-08,0.05339842217231736,0.9999981742046818,91.99023087895564,0.9999972613070229,BULL,0.9466015391930376,96.26221600365061,HIGH,0.9466030857664373,1.0,56
NIFTY50,2021-10-22,BULL,0.9999933493490475,4.218707906119168e-11,6.650608765384684e-06,0.9465972902557818,1.3996788480768684e-07,0.05340256977633341,0.9999933493490475,91.98959353836726,0.9999900240235711,BULL,0.9465972902557818,96.26220466693745,HIGH,0.9466029238133923,1.0,57
NIFTY50,2021-10-25,BULL,0.9999858316072001,1.5005210285006394e-10,1.4168242747831282e-05,0.9465906698664446,2.979042719003993e-07,0.05340903222928343,0.9999858316072001,91.98860047996669,0.9999787474108002,BULL,0.9465906698664446,96.26218700301187,HIGH,0.9466026714715983,1.0,58
NIFTY50,2021-10-26,BULL,0.9999987045037599,2.735005449072628e-10,1.2952227395520462e-06,0.946602006182397,2.7749889233806754e-08,0.05339796606771386,0.9999987045037599,91.99030092735954,0.9999980567556399,BULL,0.946602006182397,96.26221725033714,HIGH,0.9466031035762451,1.0,59
NIFTY50,2021-10-27,BULL,0.9999979025786805,2.1795929163490245e-11,2.097399523537996e-06,0.9466012999890708,4.435308195954843e-08,0.05339865565784725,0.9999979025786805,91.99019499836061,0.9999968538680207,BULL,0.9466012999890708,96.26221536546129,HIGH,0.946603076649447,1.0,60
NIFTY50,2021-10-28,BEAR,0.28554871104436585,6.294586650524695e-08,0.7144512260097677,0.31743247239786665,0.015000095383318623,0.6675674322188148,0.7144512260097677,50.13511483282221,0.5716768390146516,BEAR,0.6675674322188148,67.58349774806165,MODERATE,0.9226213964008807,0.1,1
NIFTY50,2021-10-29,BEAR,0.00029825268218404665,0.00025247810488922685,0.9994492692129268,0.0662211521332383,0.021223012596409636,0.912555835270352,0.9994492692129268,86.8833752905528,0.99917390381939,BEAR,0.912555835270352,69.91387477593491,MODERATE,0.9130553539419274,0.2,2
NIFTY50,2021-11-01,BEAR,0.015174677433420389,0.0015358081547319118,0.9832895144118478,0.07927183003675337,0.022100541431490026,0.8986276285317567,0.9832895144118478,84.7941442797635,0.9749342716177715,BEAR,0.8986276285317567,72.95198493292015,MODERATE,0.9135997847560023,0.3,3
NIFTY50,2021-11-02,BEAR,0.003889566990038032,0.00024207636817219524,0.9958683566417899,0.0693841939335179,0.021137968135538563,0.9094778379309435,0.9958683566417899,86.4216756896415,0.9938025349626848,BEAR,0.9094778379309435,75.92228759280242,HIGH,0.9131755370400346,0.4,4
NIFTY50,2021-11-03,BEAR,0.00032047260242367196,0.00015951444579321983,0.999520012951783,0.06624434315243821,0.02113635318680304,0.9126193036607588,0.999520012951783,86.89289554911383,0.9992800194276747,BEAR,0.9126193036607588,78.91369840203176,HIGH,0.9130528343147395,0.5,5
NIFTY50,2021-11-04,BEAR,5.209462339247165e-06,1.5453079943399254e-05,0.9999793374577173,0.06597232644437094,0.021009403155151846,0.9130182704004772,0.9999793374577173,86.95274056007159,0.9999690061865759,BEAR,0.9130182704004772,81.91260341388858,HIGH,0.9130371916269798,0.6,6
NIFTY50,2021-11-08,BEAR,0.009159856232097719,0.0007279031300013725,0.9901122406379009,0.07400645832384883,0.021477760301798234,0.9045157813743528,0.9901122406379009,85.67736720615291,0.9851683609568512,BEAR,0.9045157813743528,84.93586559130985,HIGH,0.9133695084472836,0.7,7
NIFTY50,2021-11-09,BEAR,0.003195031243395303,0.0002457761821063372,0.9965591925744984,0.06877241737581653,0.021155980389603535,0.9100716022345798,0.9965591925744984,86.51074033518698,0.9948387888617475,BEAR,0.9100716022345798,87.92066476226954,HIGH,0.9131523537467078,0.8,8
NIFTY50,2021-11-10,BEAR,0.002664092325767011,0.00018184747184881274,0.9971540602023842,0.06830734579286965,0.021107854917506597,0.9105847992896239,0.9971540602023842,86.58771989344358,0.9957310903035761,BEAR,0.9105847992896239,90.9192600417017,HIGH,0.9131322863100245,0.9,9
NIFTY50,2021-11-11,BEAR,7.451594072426997e-05,0.00011079931823714425,0.9998146847410386,0.06602964389322284,0.02109635000150005,0.9128740061052771,0.9998146847410386,86.93110091579157,0.9997220271115578,BEAR,0.9128740061052771,93.9130007027562,HIGH,0.9130428671822313,1.0,10
NIFTY50,2021-11-12,BEAR,0.05841317358879814,0.0014625803604721296,0.9401242460507298,0.11735200885964092,0.021124846778680564,0.8615231443616786,0.9401242460507298,79.22847165425179,0.9101863690760946,BEAR,0.8615231443616786,94.05340094965804,HIGH,0.915048584995115,1.0,11
NIFTY50,2021-11-15,BEAR,0.1333248671316528,0.0005302598758296579,0.8661448729925175,0.1833581920140585,0.018687644539165823,0.7979541634467756,0.8661448729925175,69.69312451701633,0.7992173094887761,BEAR,0.7979541634467756,94.22712606018315,HIGH,0.9175303722883308,1.0,12
NIFTY50,2021-11-16,BEAR,0.005792122373142934,0.0002030719732520062,0.994004805653605,0.07106117067302457,0.02106186002041882,0.9078769693065565,0.994004805653605,86.18154539598348,0.9910072084804076,BEAR,0.9078769693065565,93.92666205882489,HIGH,0.9132380294117842,1.0,13
NIFTY50,2021-11-17,BEAR,0.0004395290807917864,0.00014100486234564866,0.9994194660568626,0.06634990986715181,0.021116692086883077,0.9125333980459651,0.9994194660568626,86.88000970689477,0.9991291990852937,BEAR,0.9125333980459651,93.91393263290928,HIGH,0.9130561804701327,1.0,14
NIFTY50,2021-11-18,BEAR,0.0001688786076925014,0.00015791619937548674,0.999673205192932,0.06611090649811759,0.021138054088320684,0.9127510394135616,0.999673205192932,86.91265591203424,0.999509807789398,BEAR,0.9127510394135616,93.91333827676544,HIGH,0.9130476896680778,1.0,15
NIFTY50,2021-11-22,BEAR,6.480053319606335e-08,0.003927871583716683,0.9960720636157502,0.06581530408579858,0.02463697907776,0.9095477168364415,0.9960720636157502,86.43215752546621,0.9941080954236251,BEAR,0.9095477168364415,93.92221136013956,HIGH,0.9131744480019939,1.0,16
NIFTY50,2021-11-23,BEAR,1.8541051819141576e-06,0.000492629945170624,0.9995055159496474,0.06595077298788142,0.021451896559082466,0.9125973304530361,0.9995055159496474,86.88959956795543,0.999258273924471,BEAR,0.9125973304530361,93.91376883433102,HIGH,0.9130538404904431,1.0,17
NIFTY50,2021-11-24,BEAR,3.4974433081851503e-07,0.000607437787897592,0.9993922124677715,0.0659449734047715,0.021558374262318825,0.9124966523329098,0.9993922124677715,86.87449784993645,0.9990883187016572,BEAR,0.9124966523329098,93.91404759438589,HIGH,0.9130578227769411,1.0,18
NIFTY50,2021-11-25,BEAR,1.4103757604801361e-05,0.00029013660506599365,0.9996957596373293,0.06596945290932618,0.021263894099037055,0.9127666529916367,0.9996957596373293,86.91499794874551,0.9995436394559939,BEAR,0.9127666529916367,93.91329971700209,HIGH,0.9130471388143154,1.0,19
NIFTY50,2021-11-26,SIDE,1.3438109305447345e-12,0.9251555051744218,0.07484449482423451,0.029909156963752955,0.8787694498959226,0.09132139314032445,0.9251555051744218,81.81541748438839,0.8877332577616327,SIDE,0.8787694498959226,69.18736806753392,MODERATE,0.945533829536199,0.1,1
NIFTY50,2021-11-29,SIDE,3.5995732187078106e-10,0.9703993693856441,0.029600630254398616,0.02814571662310616,0.9207180976030898,0.05113618577380403,0.9703993693856441,88.10771464046347,0.9555990540784661,SIDE,0.9207180976030898,72.29861576182188,MODERATE,0.9471230823117414,0.2,2
NIFTY50,2021-11-30,SIDE,9.966784719000469e-12,0.965576124461393,0.03442387552864034,0.028333708793955404,0.9162461408999206,0.05542015030612399,0.965576124461393,87.43692113498808,0.9483641866920894,SIDE,0.9162461408999206,75.28675614462729,HIGH,0.9469536592089614,0.3,3
NIFTY50,2021-12-01,SIDE,9.305680016299217e-08,0.8405583392230309,0.15944156772016893,0.033206527603923966,0.8003336915357858,0.16645978086029023,0.8405583392230309,70.05005373036786,0.7608375088345464,SIDE,0.8003336915357858,77.9793568851195,HIGH,0.9425622412159929,0.4,4
NIFTY50,2021-12-02,BEAR,2.3460765997113384e-05,0.26933731031856833,0.7306392289154346,0.055491216388173024,0.27071553615595023,0.6737932474558767,0.7306392289154346,51.068987118381514,0.595958843373152,BEAR,0.6737932474558767,82.574867263243,HIGH,0.9224981037606141,0.6,1
NIFTY50,2021-12-03,BEAR,4.9334019710488794e-08,0.08674374444762757,0.9132562062183528,0.06258743007478472,0.10142117846502781,0.8359913914601874,0.9132562062183528,75.3987087190281,0.869884309327529,BEAR,0.8359913914601874,82.12584279952226,HIGH,0.9160834685646039,0.6,2
NIFTY50,2021-12-06,SIDE,1.4646506698689698e-10,0.7022514248248507,0.29774857502868435,0.038597144393938236,0.6720999952879528,0.2893028603181091,0.7022514248248507,50.81499929319292,0.5533771372372759,SIDE,0.6720999952879528,80.63928126691773,HIGH,0.9377040180988249,0.5,1
NIFTY50,2021-12-07,SIDE,5.083396111732964e-07,0.6394573662836636,0.36054212537672536,0.04104507508794771,0.6138793642923969,0.3450755606196555,0.6394573662836636,42.08190464385953,0.45918604942549535,SIDE,0.6138793642923969,83.48488154285438,HIGH,0.9354983077550628,0.6,2
NIFTY50,2021-12-08,SIDE,0.00022212553088524678,0.6513130063541758,0.34846486811493893,0.040778149331279934,0.6248668774617373,0.3343549732069829,0.6513130063541758,43.73003161926058,0.47696950953126366,SIDE,0.6248668774617373,86.51455346235917,HIGH,0.9359221923194169,0.7,3
NIFTY50,2021-12-09,BEAR,0.0026784553463657444,0.3021661816637805,0.6951553629898537,0.05654974746761811,0.3010976618834621,0.6423525906489198,0.6951553629898537,46.35288859733797,0.5427330444847805,BEAR,0.6423525906489198,73.66182675490158,MODERATE,0.9237403822128799,0.3,1
NIFTY50,2021-12-10,BEAR,0.007071439838008151,0.10937913203370733,0.8835494281282846,0.0679324979052349,0.12225951265945537,0.8098079894353096,0.8835494281282846,71.47119841529646,0.8253241421924268,BEAR,0.8098079894353096,76.19811514493774,HIGH,0.9171159306419678,0.4,2
NIFTY50,2021-12-13,BEAR,0.00029783182934905875,0.022581979623789612,0.9771201885468613,0.06535045906405834,0.04192621310681783,0.8927233278291238,0.9771201885468613,83.90849917436857,0.9656802828202918,BEAR,0.8927233278291238,78.96877859202219,HIGH,0.9138396941717457,0.5,3
NIFTY50,2021-12-14,BEAR,0.0004823466391124838,0.006691729515212112,0.9928259238456754,0.06613229316689129,0.027189413172711847,0.906678293660397,0.9928259238456754,86.00174404905955,0.989238885768513,BEAR,0.906678293660397,81.93014046286939,HIGH,0.9132877208981344,0.6,4
NIFTY50,2021-12-15,BEAR,2.8282482830180342e-05,0.0033239671323829836,0.9966477503847867,0.06586369154982821,0.02407646596524187,0.91005984248493,0.9966477503847867,86.5089763727395,0.9949716255771802,BEAR,0.91005984248493,84.92079275426987,HIGH,0.9131541822038554,0.7,5
NIFTY50,2021-12-16,BEAR,0.001981253153471095,0.008251827882039474,0.9897669189644893,0.06739147547534932,0.028604416105991706,0.904004108418659,0.9897669189644893,85.60061626279885,0.984650378446734,BEAR,0.904004108418659,84.93749843580875,HIGH,0.913392834797268,0.7,6
NIFTY50,2021-12-17,BEAR,1.8545536377349972e-06,0.04713696288115659,0.9528611825652057,0.06413274756811328,0.06469901357494862,0.871168238856938,0.9528611825652057,80.67523582854072,0.9292917738478084,BEAR,0.871168238856938,85.0284600657183,HIGH,0.9146922866531187,0.7,7
NIFTY50,2021-12-20,SIDE,8.787713743003364e-11,0.9697863597374463,0.03021364017467659,0.028169609261692596,0.9201497348876626,0.051680655850644776,0.9697863597374463,88.02246023314939,0.9546795396061695,SIDE,0.9201497348876626,75.29710846487599,HIGH,0.9471015494982287,0.3,1
NIFTY50,2021-12-21,SIDE,4.675743434881279e-08,0.9916464973077023,0.008353455934863405,0.027317622002228207,0.940417746508351,0.032264631489420825,0.9916464973077023,91.06266197625264,0.9874697459615532,SIDE,0.940417746508351,75.35085928582905,HIGH,0.9478694183689864,0.3,2
NIFTY50,2021-12-22,SIDE,1.6914185963841594e-06,0.9805199840732749,0.019478324508128725,0.02775274121472137,0.9301015687377271,0.042145690047551525,0.9805199840732749,89.51523531065905,0.9707799761099122,SIDE,0.9301015687377271,75.32350476794414,HIGH,0.9474786395420592,0.3,3
NIFTY50,2021-12-23,SIDE,9.832994285339832e-05,0.947057494789433,0.052844175267713615,0.029142090134494716,0.899074201903576,0.07178370796192927,0.947057494789433,84.8611302855364,0.9205862421841495,SIDE,0.899074201903576,78.24145272919101,HIGH,0.9463064675598716,0.4,4
NIFTY50,2021-12-24,SIDE,0.00020674349051851647,0.5453462688846176,0.45444698762486396,0.04489479994793002,0.5266182683822106,0.4284869316698594,0.5453462688846176,28.99274025733159,0.31801940332692635,SIDE,0.5266182683822106,80.25396143368897,HIGH,0.9321994490526996,0.5,5
NIFTY50,2021-12-27,BEAR,0.0001288900642734405,0.05542035121645882,0.9444507587192678,0.06392176322299115,0.07237643622150676,0.8637018005555019,0.9444507587192678,79.5552700833253,0.9166761380789015,BEAR,0.8637018005555019,79.04912613295461,HIGH,0.9149875161850659,0.5,1
NIFTY50,2021-12-28,BEAR,0.0008817863073340672,0.009421916474560107,0.9896962972181058,0.06637764092094026,0.029712367917866675,0.903909991161193,0.9896962972181058,85.58649867417894,0.9845444458271587,BEAR,0.903909991161193,78.9377921223412,HIGH,0.9133970303191599,0.5,2
NIFTY50,2021-12-29,BEAR,0.00027814823163334546,0.0012462533741692836,0.9984755983941974,0.06616471372227992,0.02214483098414667,0.9116904552935734,0.9984755983941974,86.75356829403601,0.997713397591296,BEAR,0.9116904552935734,78.91627107749024,HIGH,0.913089586821289,0.5,3
NIFTY50,2021-12-30,BEAR,0.0002043761372656406,0.0006172888054502622,0.999178335057284,0.06612426219101832,0.02156322423542254,0.9123125135735591,0.999178335057284,86.84687703603386,0.9987675025859261,BEAR,0.9123125135735591,78.91455121062722,HIGH,0.9130650172946747,0.5,4
NIFTY50,2021-12-31,BEAR,0.03070023884768456,0.0034596252470658105,0.9658401359052496,0.09286919643283216,0.02355828039498865,0.8835725231721792,0.9658401359052496,82.53587847582688,0.9487602038578743,BEAR,0.8835725231721792,78.99319520396402,HIGH,0.9141885029137717,0.5,5
NIFTY50,2022-01-03,BULL,0.9586904920948667,0.01581643102009646,0.02549307688503688,0.9096080898341831,0.015531784382872026,0.07486012578294496,0.9586904920948667,86.44121347512744,0.9380357381423,BULL,0.9096080898341831,69.20404686907048,MODERATE,0.9457720981295783,0.1,1
NIFTY50,2022-01-04,BULL,0.9998593893801277,0.0001393042644981268,1.3063553742291732e-06,0.9464738908745169,0.00013211085200854773,0.05339399827347445,0.9998593893801277,91.97108363117754,0.9997890840701916,BULL,0.9464738908745169,72.26223243322995,MODERATE,0.9466033204747137,0.2,2
NIFTY50,2022-01-05,BULL,0.9999993161293392,6.173138937860801e-07,6.65567669582174e-08,0.9466025207511884,5.870085948572944e-07,0.05339689224021677,0.9999993161293392,91.99037811267826,0.9999989741940088,BULL,0.9466025207511884,75.26222020466099,HIGH,0.9466031457808715,0.3,3
NIFTY50,2022-01-06,BULL,0.9999959364725172,5.94377084515258e-09,4.0575837120457145e-06,0.9465995683367342,9.112250750001345e-08,0.05340034054075835,0.9999959364725172,91.98993525051011,0.9999939047087756,BULL,0.9465995683367342,78.2622107603275,HIGH,0.9466030108618214,0.4,4
NIFTY50,2022-01-07,BULL,0.9999999976574498,1.507037597476655e-10,2.191846422564768e-09,0.9466031449833319,4.860355437768591e-10,0.053396854530632615,0.9999999976574498,91.99047174749978,0.9999999964861748,BULL,0.9466031449833319,81.26222028851593,HIGH,0.9466031469787991,0.5,5
NIFTY50,2022-01-10,BULL,0.9999999999410405,2.1463388527996126e-12,5.681312840831069e-11,0.9466031470001316,3.0035349876014186e-10,0.05339685269951496,0.9999999999410405,91.99047205001972,0.9999999999115607,BULL,0.9466031470001316,84.26222029351635,HIGH,0.9466031470502337,0.6,6
NIFTY50,2022-01-11,BULL,0.9999999999429583,6.702233994070262e-13,5.637143327962367e-11,0.946603147001878,2.989446274619123e-10,0.05339685269917741,0.9999999999429583,91.99047205028168,0.9999999999144374,BULL,0.946603147001878,87.26222029351722,HIGH,0.946603147050246,0.7,7
NIFTY50,2022-01-12,BULL,0.9999999999947393,1.9050859767592653e-12,3.355695196734928e-12,0.9466031470474298,2.9900240306646786e-10,0.053396852653567715,0.9999999999947393,91.99047205711449,0.999999999992109,BULL,0.9466031470474298,90.26222029364192,HIGH,0.9466031470520274,0.8,8
NIFTY50,2022-01-13,BULL,0.99999999999657,1.937196211851152e-12,1.492806289973241e-12,0.9466031470490409,2.9899373710176457e-10,0.05339685265196539,0.99999999999657,91.99047205735611,0.9999999999948548,BULL,0.9466031470490409,93.26222029364628,HIGH,0.9466031470520898,0.9,9
NIFTY50,2022-01-14,BULL,0.9999999999963021,5.109458372417045e-13,3.1869345942321183e-12,0.9466031470488605,2.97676988025811e-10,0.05339685265346245,0.9999999999963021,91.99047205732907,0.9999999999944531,BULL,0.9466031470488605,96.26222029364217,HIGH,0.9466031470520312,1.0,10
NIFTY50,2022-01-17,BULL,0.9999999999956715,3.7102194543238543e-13,3.9575176944926074e-12,0.9466031470483107,2.975604959249734e-10,0.05339685265412888,0.9999999999956715,91.9904720572466,0.9999999999935072,BULL,0.9466031470483107,96.26222029364035,HIGH,0.9466031470520052,1.0,11
NIFTY50,2022-01-18,BULL,0.9999999552243556,5.439155918670905e-13,4.477510058391411e-08,0.9466031076211247,1.237702842282223e-09,0.0533968911411724,0.9999999552243556,91.99046614316872,0.9999999328365332,BULL,0.9466031076211247,96.26222018844305,HIGH,0.9466031455491868,1.0,12
NIFTY50,2022-01-19,BULL,0.9999681199582621,4.68075182556385e-12,3.188003705723763e-05,0.9465750723775854,6.69628827941795e-07,0.05342425799358674,0.9999681199582621,91.98626085663781,0.9999521799373929,BULL,0.9465750723775854,96.26214538617535,HIGH,0.946602076945362,1.0,13
NIFTY50,2022-01-20,BULL,0.9849744469084712,2.1350779100049784e-08,0.015025531740749555,0.9333711211891074,0.000315484354287335,0.06631339445660527,0.9849744469084712,90.00566817836611,0.977461670362707,BULL,0.9333711211891074,96.22691529813387,HIGH,0.9460987899733413,1.0,14
NIFTY50,2022-01-21,BEAR,0.20755995496687904,3.703304705984555e-05,0.792403011986061,0.2487514183647238,0.016671761198889433,0.7345768204363867,0.792403011986061,60.18652306545801,0.6886045179790916,BEAR,0.7345768204363867,67.40034103619465,MODERATE,0.9200048719456377,0.1,1
NIFTY50,2022-01-24,BEAR,4.511375916821979e-09,0.059000335675040635,0.9409996598135835,0.06366872739427995,0.07569838801115192,0.8606328845945682,0.9409996598135835,79.09493268918521,0.9114994897203752,BEAR,0.8606328845945682,70.05762592518845,MODERATE,0.9151089417884066,0.2,2
NIFTY50,2022-01-25,BEAR,6.696611223585844e-07,0.003858103058643321,0.9961412272802342,0.0658185560694915,0.024572279258459204,0.9096091646720493,0.9961412272802342,86.44137470080739,0.9942118409203515,BEAR,0.9096091646720493,72.92204123130352,MODERATE,0.9131720175900504,0.3,3
NIFTY50,2022-01-27,BEAR,7.437264758597446e-09,0.0035526405562199817,0.9964473520065154,0.06582987870531429,0.024289078208350585,0.9098810430863351,0.9964473520065154,86.48215646295027,0.994671028009773,BEAR,0.9098810430863351,75.92128859005305,HIGH,0.9131612655721865,0.4,4
NIFTY50,2022-01-28,BEAR,3.5084231525370924e-08,0.004612863892055237,0.9953871010237132,0.06578857941709207,0.02527208241736943,0.9089393381655384,0.9953871010237132,86.34090072483076,0.9930806515355698,BEAR,0.9089393381655384,78.92389558089698,HIGH,0.9131985082985284,0.5,5
NIFTY50,2022-01-31,BEAR,2.829472768801768e-06,0.0034173469239839873,0.9965798236032473,0.06583763713987464,0.02416357907876716,0.9099987837813581,0.9965798236032473,86.49981756720372,0.9948697354048709,BEAR,0.9099987837813581,81.92096255469387,HIGH,0.9131566079241983,0.6,6
NIFTY50,2022-02-01,BEAR,0.00012976212645100143,0.001204935871476361,0.9986653020020726,0.06603565015875724,0.022109638125529282,0.9118547117157134,0.9986653020020726,86.77820675735701,0.9979979530031089,BEAR,0.9118547117157134,84.91582082616304,HIGH,0.913083154659472,0.7,7
NIFTY50,2022-02-02,BEAR,0.015852358902416326,0.0037017118655196042,0.9804459292320641,0.07978420090604676,0.02409446925946176,0.8961213298344914,0.9804459292320641,84.41819947517372,0.970668893848096,BEAR,0.8961213298344914,87.9589028824069,HIGH,0.913698612605813,0.8,8
NIFTY50,2022-02-03,BEAR,4.383124584319519e-05,0.0010501160392261876,0.9989060527149306,0.06596601074625393,0.021967898318628765,0.9120660909351174,0.9989060527149306,86.8099136402676,0.9983590790723957,BEAR,0.9120660909351174,90.91523823907703,HIGH,0.9130748319868147,0.9,9
NIFTY50,2022-02-04,BEAR,6.668705978350388e-05,0.00046467412329112264,0.9994686388169254,0.06600895676015463,0.021424615645271875,0.9125664275945734,0.9994686388169254,86.88496413918602,0.9992029582253881,BEAR,0.9125664275945734,93.91385243113241,HIGH,0.913055034730463,1.0,10
NIFTY50,2022-02-07,BEAR,6.102806478020742e-08,0.009611502209734198,0.9903884367622011,0.06559377359089945,0.029906657665372968,0.9044995687437274,0.9903884367622011,85.67493531155914,0.9855826551433017,BEAR,0.9044995687437274,93.93618652356825,HIGH,0.9133740931938323,1.0,11
NIFTY50,2022-02-08,BEAR,3.102038620196909e-06,0.0013750223766156638,0.998621875584764,0.0659174795258501,0.02226999608444422,0.9118125243897057,0.998621875584764,86.77187865845586,0.997932813377146,BEAR,0.9118125243897057,93.91594143363835,HIGH,0.9130848776234051,1.0,12
NIFTY50,2022-02-09,BEAR,0.0002766775881441176,0.0015737178364741541,0.9981496045753817,0.06615065525316083,0.022448476319860064,0.9114008684269792,0.9981496045753817,86.71013026404688,0.9972244068630726,BEAR,0.9114008684269792,93.91707280664292,HIGH,0.913101040094899,1.0,13
NIFTY50,2022-02-10,BEAR,0.016645312760956398,0.0025922700506591898,0.9807624171883844,0.08052574566511449,0.023049182475290583,0.8964250718595949,0.9807624171883844,84.46376077893925,0.9711436257825766,BEAR,0.8964250718595949,93.95803811347176,HIGH,0.9136862587638823,1.0,14
NIFTY50,2022-02-11,BEAR,9.960268558087892e-05,0.0018609859093533714,0.9980394114050658,0.06598352026994636,0.02271853970708719,0.9112979400229666,0.9980394114050658,86.69469100344499,0.9970591171075985,BEAR,0.9112979400229666,93.91736308751213,HIGH,0.913105186964459,1.0,15
NIFTY50,2022-02-14,SIDE,9.715099455750601e-11,0.9585186015518824,0.04148139835096664,0.02860878534904572,0.9097026338959623,0.06168858075499197,0.9585186015518824,86.45539508439433,0.9377779023278234,SIDE,0.9097026338959623,69.26940278302699,MODERATE,0.9467057540432428,0.1,1
NIFTY50,2022-02-15,SIDE,2.1086963172486464e-07,0.9999848587605202,1.493036984806029e-05,0.02699276763633145,0.9481488021400799,0.02485843022358866,0.9999848587605202,92.22232032101199,0.9999772881407804,SIDE,0.9481488021400799,72.37136241794107,MODERATE,0.9481623202563011,0.2,2
NIFTY50,2022-02-16,SIDE,0.0003478492643189651,0.9979256445807695,0.0017265061549116092,0.027379170757784645,0.9462322666151084,0.026388562627106985,0.9979256445807695,91.93483999226626,0.9968884668711541,SIDE,0.9462322666151084,75.36711596194652,HIGH,0.9481016565992363,0.3,3
NIFTY50,2022-02-17,SIDE,0.0004246986088869741,0.9972609784045555,0.0023143229865575593,0.027472753226495436,0.9456143961655807,0.026912850607923842,0.9972609784045555,91.8421594248371,0.9958914676068331,SIDE,0.9456143961655807,78.36566222057179,HIGH,0.9480808888653114,0.4,4
NIFTY50,2022-02-18,SIDE,0.00017816736643773973,0.9935474519651174,0.006274380668444891,0.027400388937386805,0.9421765105149533,0.030423100547659905,0.9935474519651174,91.326476577243,0.9903211779476759,SIDE,0.9421765105149533,81.35595196467642,HIGH,0.947942170923949,0.5,5
NIFTY50,2022-02-21,SIDE,3.079505125551305e-05,0.9909666362563642,0.009002568692380367,0.027371198521821898,0.9397867557620813,0.03284204571609688,0.9909666362563642,90.96801336431217,0.9864499543845461,SIDE,0.9397867557620813,84.34925986047372,HIGH,0.9478465694353391,0.6,6
NIFTY50,2022-02-22,SIDE,4.935380854941774e-06,0.9518997938827507,0.04809527073639444,0.028871108491500853,0.903565785859515,0.06756310564898418,0.9518997938827507,85.53486787892724,0.927849690824126,SIDE,0.903565785859515,87.25313975069898,HIGH,0.9464734250099855,0.7,7
NIFTY50,2022-02-23,SIDE,1.1043903432073239e-05,0.8357948094139461,0.16419414668262175,0.0334018363024967,0.7959168708338231,0.17068129286368017,0.8357948094139461,69.38753062507347,0.753692214120919,SIDE,0.7959168708338231,89.96766982986209,HIGH,0.9423952832837442,0.8,8
NIFTY50,2022-02-24,SIDE,3.499933748218659e-29,0.9999999999999885,1.156521857271654e-14,0.026991991786955463,0.9481628450348956,0.024845163178149,0.9999999999999885,92.22442675523433,0.9999999999999827,SIDE,0.9481628450348956,93.37139915244347,HIGH,0.9481628450349067,0.9,9
NIFTY50,2022-02-25,SIDE,1.5739490232731478e-14,0.99999999917075,8.292343984929093e-10,0.026991991819290018,0.9481628442660521,0.024845163914657964,0.99999999917075,92.22442663990782,0.999999998756125,SIDE,0.9481628442660521,96.37139915040451,HIGH,0.9481628450057787,1.0,10
NIFTY50,2022-02-28,SIDE,7.921679219428784e-11,0.9999994736758356,5.262449476479143e-07,0.02699201237091057,0.9481623570424991,0.024845630586590343,0.9999994736758356,92.22435355637487,0.9999992105137533,SIDE,0.9481623570424991,96.3713978584795,HIGH,0.9481628265497072,1.0,11
NIFTY50,2022-03-02,SIDE,3.517983471736082e-14,0.9999993188946389,6.811053258817709e-07,0.026992018333986473,0.9481622135360417,0.024845768129971902,0.9999993188946389,92.22433203040626,0.9999989783419582,SIDE,0.9481622135360417,96.37139747771033,HIGH,0.9481628211101475,1.0,12
NIFTY50,2022-03-03,SIDE,5.508293401558962e-14,0.9999998312794116,1.6872053319505847e-07,0.026991998363116113,0.9481626886026321,0.02484531303425184,0.9999998312794116,92.22440329039479,0.9999997469191174,SIDE,0.9481626886026321,96.37139873758566,HIGH,0.9481628391083666,1.0,13
NIFTY50,2022-03-04,SIDE,8.243167284064017e-18,0.9999999992497923,7.502075825667334e-10,0.02699199181619537,0.9481628443393381,0.024845163844466583,0.9999999992497923,92.2244266509007,0.9999999988746885,SIDE,0.9481628443393381,96.37139915059882,HIGH,0.9481628450085546,1.0,14
NIFTY50,2022-03-07,SIDE,1.2952335870438374e-25,0.9999999999999871,1.2844194660898084e-14,0.026991991786955515,0.9481628450348943,0.024845163178150137,0.9999999999999871,92.22442675523413,0.9999999999999807,SIDE,0.9481628450348943,96.37139915244344,HIGH,0.9481628450349062,1.0,15
NIFTY50,2022-03-08,SIDE,3.046383295021536e-20,0.9999999999938323,6.167739838153117e-12,0.02699199178719541,0.9481628450291878,0.02484516318361686,0.9999999999938323,92.22442675437816,0.9999999999907484,SIDE,0.9481628450291878,96.3713991524283,HIGH,0.9481628450346898,1.0,16
NIFTY50,2022-03-09,SIDE,1.2981508855972188e-15,0.9999999998053284,1.9467024539028834e-10,0.026991991794543747,0.9481628448544132,0.024845163351043188,0.9999999998053284,92.22442672816196,0.9999999997079926,SIDE,0.9481628448544132,96.3713991519648,HIGH,0.9481628450280687,1.0,17
NIFTY50,2022-03-10,SIDE,1.0324037618499522e-11,0.9999999909626534,9.027022595502852e-09,0.0269919921482895,0.948162836655554,0.024845171196156528,0.9999999909626534,92.22442549833309,0.99999998644398,SIDE,0.948162836655554,96.37139913024623,HIGH,0.9481628447178033,1.0,18
NIFTY50,2022-03-11,SIDE,5.416705450002981e-10,0.9999999465303302,5.2927999173890536e-08,0.026991994348021475,0.9481627954481853,0.0248452102037933,0.9999999465303302,92.22441931722778,0.9999999197954953,SIDE,0.9481627954481853,96.37139902224247,HIGH,0.9481628431748926,1.0,19
NIFTY50,2022-03-14,SIDE,9.557720977576163e-09,0.9999999852983488,5.143930261827538e-09,0.026992000776833464,0.9481628312033445,0.024845168019821968,0.9999999852983488,92.22442468050168,0.9999999779475232,SIDE,0.9481628312033445,96.37139913875178,HIGH,0.9481628448393115,1.0,20
NIFTY50,2022-03-15,SIDE,2.8171825013736645e-09,0.9999995714093417,4.25773475782783e-07,0.026992010972763197,0.9481624476003613,0.0248455414268756,0.9999995714093417,92.22436714005417,0.9999993571140126,SIDE,0.9481624476003613,96.37139810522444,HIGH,0.9481628300746349,1.0,21
NIFTY50,2022-03-16,SIDE,9.50529580086706e-07,0.9999988371871359,2.1228328404140302e-07,0.026992874178587704,0.9481617469558798,0.02484537886553244,0.9999988371871359,92.22426204338198,0.9999982557807037,SIDE,0.9481617469558798,96.37139852669382,HIGH,0.9481628360956261,1.0,22
NIFTY50,2022-03-17,SIDE,9.37489133309019e-06,0.9999906250751436,3.352340896180691e-11,0.027000613042910945,0.948153956080189,0.024845430876900113,0.9999906250751436,92.22309341202832,0.9999859376127154,SIDE,0.948153956080189,96.37139812882107,HIGH,0.9481628304117297,1.0,23
NIFTY50,2022-03-21,SIDE,7.865864435422755e-06,0.9999921208760394,1.3259525093966272e-08,0.026999225840443515,0.9481553746207041,0.024845399538852498,0.9999921208760394,92.22330619310561,0.9999881813140591,SIDE,0.9481553746207041,96.37139826105418,HIGH,0.948162832300774,1.0,24
NIFTY50,2022-03-22,SIDE,1.560514018457202e-05,0.9999843947773094,8.250597313660453e-11,0.027006342451164005,0.9481480487442995,0.024845608804536543,0.9999843947773094,92.22220731164492,0.9999765921659639,SIDE,0.9481480487442995,96.37139744848918,HIGH,0.9481628206927025,1.0,25
NIFTY50,2022-03-23,SIDE,2.907998197453343e-05,0.9999709192628293,7.551960926249268e-10,0.027018734092208493,0.948135271776279,0.024845994131512544,0.9999709192628293,92.22029076644185,0.9999563788942438,SIDE,0.948135271776279,96.37139597566724,HIGH,0.9481627996523891,1.0,26
NIFTY50,2022-03-24,SIDE,5.3485885990154574e-05,0.9999465129417555,1.1722543503438167e-09,0.027041178050050997,0.9481121306182162,0.024846691331732812,0.9999465129417555,92.2168195927324,0.9999197694126333,SIDE,0.9481121306182162,96.37139331003306,HIGH,0.9481627615719009,1.0,27
NIFTY50,2022-03-25,SIDE,3.9572666110708875e-05,0.9999604250400955,2.2937937278644468e-09,0.027028383341557712,0.9481253215765015,0.02484629508194078,0.9999604250400955,92.21879823647524,0.9999406375601433,SIDE,0.9481253215765015,96.37139482630485,HIGH,0.9481627832329266,1.0,28
NIFTY50,2022-03-28,SIDE,0.1424701812872548,0.8575292608002308,5.579125143464333e-07,0.15800918153676036,0.813077395376835,0.028913423086404683,0.8575292608002308,71.96160930652525,0.7862938912003461,SIDE,0.813077395376835,96.35584304881739,HIGH,0.9479406149831057,1.0,29
NIFTY50,2022-03-29,BULL,0.7985775188095406,0.20142226689133333,2.142991260170397e-07,0.7613727947807969,0.19098111436559442,0.047646090853608714,0.7985775188095406,64.20591921711953,0.6978662782143109,BULL,0.7613727947807969,69.28421084335284,MODERATE,0.9469172977621834,0.1,1
NIFTY50,2022-03-30,BULL,0.9753593079372687,0.02464068677839507,5.284336217844389e-09,0.9239432919637591,0.02336338408016692,0.05269332395607391,0.9753593079372687,88.59149379456387,0.963038961905903,BULL,0.9239432919637591,72.26491052329555,MODERATE,0.9466415789042224,0.2,2
NIFTY50,2022-03-31,BULL,0.9993435722456142,0.0006563575260296412,7.02283561689577e-08,0.9459994915038231,0.0006223355906282387,0.053378172905548735,0.9993435722456142,91.89992372557344,0.9990153583684211,BULL,0.9459994915038231,75.26229178900199,HIGH,0.9466041684143143,0.3,3
NIFTY50,2022-04-01,BULL,0.9999550640940738,4.493531473975132e-05,5.911864658771878e-10,0.9465618235148175,4.260630539051703e-05,0.053395570179791935,0.9999550640940738,91.98427352722261,0.9999325961411106,BULL,0.9465618235148175,78.26222519824687,HIGH,0.9466032171178125,0.4,4
NIFTY50,2022-04-04,BULL,0.9994332371820907,0.0005667628175908283,3.1860385214116214e-13,0.9460819456424102,0.0005373837425508266,0.05338067061503884,0.9994332371820907,91.91229184636155,0.999149855773136,BULL,0.9460819456424102,81.2622821721665,HIGH,0.9466040310309499,0.5,5
NIFTY50,2022-04-05,BULL,0.9999918869436379,8.113048083240345e-06,8.278779753289965e-12,0.9465956861953259,7.69278804953196e-06,0.053396621016624644,0.9999918869436379,91.98935292929886,0.9999878304154569,BULL,0.9465956861953259,84.26222117940345,HIGH,0.9466031597057636,0.6,6
NIFTY50,2022-04-06,BULL,0.9999999118764697,6.844065689146097e-08,1.968287336877142e-08,0.9466030667799221,6.560325911235508e-08,0.05339686761681886,0.9999999118764697,91.99046001698832,0.9999998678147046,BULL,0.9466030667799221,87.26222025487364,HIGH,0.9466031464981951,0.7,7
NIFTY50,2022-04-07,BULL,0.9999514996266279,1.1606291033906943e-09,4.8499212742961706e-05,0.9465604358900075,1.0196475172337227e-06,0.05343854446247528,0.9999514996266279,91.98406538350112,0.9999272494399418,BULL,0.9465604358900075,90.2621063367709,HIGH,0.9466015190967272,0.8,8
NIFTY50,2022-04-08,BULL,0.9999997963445709,2.6544761359764217e-09,2.0100095294969914e-07,0.946602967602616,7.0340533813890326e-09,0.05339702536333073,0.9999997963445709,91.9904451403924,0.9999996945168562,BULL,0.946602967602616,93.26221982165407,HIGH,0.9466031403093439,0.9,9
NIFTY50,2022-04-11,BULL,0.999918543435701,6.746157290247076e-11,8.145649683750134e-05,0.9465314135638137,1.7105552810535734e-06,0.0534668758809052,0.999918543435701,91.97971203457205,0.9998778151535515,BULL,0.9465314135638137,96.26202889800484,HIGH,0.9466004128286406,1.0,10
NIFTY50,2022-04-12,BULL,0.995679436813352,6.709643705587871e-08,0.004320496090210973,0.9427983061135504,9.077352860595025e-05,0.05711092035784351,0.995679436813352,91.41974591703259,0.9935191552200279,BULL,0.9427983061135504,96.25206857338276,HIGH,0.9464581224768965,1.0,11
NIFTY50,2022-04-13,BULL,0.9823729219583196,2.9252512915474863e-06,0.017624152790388942,0.9310800145860494,0.00037279625359338923,0.06854718916035717,0.9823729219583196,89.6620021879074,0.9735593829374792,BULL,0.9310800145860494,96.22080972074852,HIGH,0.9460115674392645,1.0,12
NIFTY50,2022-04-18,BEAR,0.007409019920210812,0.00043470122788749545,0.9921562788519016,0.07247603886786338,0.021242672111912737,0.9062812890202239,0.9921562788519016,85.94219335303357,0.9882344182778524,BEAR,0.9062812890202239,66.93103077048349,MODERATE,0.9133004395783356,0.1,1
NIFTY50,2022-04-19,BEAR,8.651356961179424e-07,0.000998997775713415,0.9990001370885905,0.06593016569747841,0.02192140519927475,0.9121484291032468,0.9990001370885905,86.822264365487,0.9985002056328856,BEAR,0.9121484291032468,69.91501159108438,MODERATE,0.9130715941583484,0.2,2
NIFTY50,2022-04-20,BEAR,0.00017158918630515987,0.0007627740051747576,0.9990656368085201,0.0660897183788554,0.021698801775719645,0.9122114798454248,0.9990656368085201,86.83172197681375,0.99859845521278,BEAR,0.9122114798454248,72.91483189790455,MODERATE,0.9130690271129223,0.3,3
NIFTY50,2022-04-21,BEAR,0.014174574804131262,0.0032010333315548004,0.9826243918643139,0.07832620045369029,0.023665481701584567,0.8980083178447252,0.9826243918643139,84.70124767670877,0.9739365877964707,BEAR,0.8980083178447252,75.95372955688335,HIGH,0.9136247079554765,0.4,4
NIFTY50,2022-04-22,BEAR,5.271543310720999e-05,0.0009151472416476462,0.9990321373252452,0.0659790950617839,0.021842573089239124,0.9121783318489769,0.9990321373252452,86.82674977734654,0.9985482059878676,BEAR,0.9121783318489769,78.91492724647495,HIGH,0.9130703892353563,0.5,5
NIFTY50,2022-04-25,BEAR,4.594824608395775e-07,0.0027046843446402566,0.9972948561728989,0.06586332702956536,0.023502871141018813,0.9106338018294159,0.9972948561728989,86.59507027441236,0.9959422842593484,BEAR,0.9106338018294159,81.91920465849026,HIGH,0.9131314951212893,0.6,6
NIFTY50,2022-04-26,BEAR,4.57047259632929e-05,0.004634822067280806,0.9953194732067558,0.06582794184366754,0.02529148248475303,0.9088805756715794,0.9953194732067558,86.33208635073692,0.9929792098101338,BEAR,0.9088805756715794,84.92405688112315,HIGH,0.9132008125874738,0.7,7
NIFTY50,2022-04-27,BEAR,1.4856524616416472e-06,0.0028375978160909364,0.9971609165314473,0.0658590502286912,0.023626082668711152,0.9105148671025977,0.9971609165314473,86.57723006538963,0.9957413747971712,BEAR,0.9105148671025977,87.91953388340261,HIGH,0.913136198334323,0.8,8
NIFTY50,2022-04-28,BEAR,0.00046546534927194245,0.004698583318463411,0.9948359513322647,0.06619511247791524,0.025341786903028032,0.9084631006190567,0.9948359513322647,86.2694650928585,0.992253926998397,BEAR,0.9084631006190567,90.92519995795266,HIGH,0.9132171422564666,0.9,9
NIFTY50,2022-04-29,BEAR,2.042368437243725e-05,0.00178328378939774,0.9981962925262298,0.0659168210305538,0.02264815919209259,0.9114350197773535,0.9981962925262298,86.71525296660303,0.9972944387893447,BEAR,0.9114350197773535,93.91698598567169,HIGH,0.9130997997953099,1.0,10
NIFTY50,2022-05-02,BEAR,1.5465640808545724e-05,0.001398757497438575,0.9985857768617529,0.06592744223590337,0.02229174294476913,0.9117808148193276,0.9985857768617529,86.76712222289915,0.9978786652926291,BEAR,0.9117808148193276,93.91602884499414,HIGH,0.9130861263570592,1.0,11
NIFTY50,2022-05-04,BEAR,1.482696113548897e-09,0.41152627743587095,0.5884737210814329,0.04992855047379564,0.40254904062241886,0.5475224089037855,0.5884737210814329,32.12836133556782,0.38271058162214955,BEAR,0.5475224089037855,94.92443291133613,HIGH,0.9274918987333731,1.0,12
NIFTY50,2022-05-05,BEAR,1.592591640328338e-07,0.1387424555229775,0.8612573852178586,0.060560806951203784,0.14963269943318663,0.7898064936156096,0.8612573852178586,68.47097404234144,0.7918860778267877,BEAR,0.7898064936156096,94.25369987928423,HIGH,0.917909998275489,1.0,13
NIFTY50,2022-05-06,SIDE,1.476618206770118e-10,0.8561403130320152,0.1438596868203231,0.03259911733050109,0.8147807956826784,0.15262008698682042,0.8561403130320152,72.21711935240177,0.7842104695480223,SIDE,0.8147807956826784,69.01767034040921,MODERATE,0.9431095762915602,0.1,1
NIFTY50,2022-05-09,SIDE,6.231275060130463e-11,0.9930260124735706,0.0069739874641167425,0.027263812415870427,0.9416967893371372,0.031039398246992467,0.9930260124735706,91.25451840057056,0.9895390187103559,SIDE,0.9416967893371372,72.3542511914252,MODERATE,0.9479178741632172,0.2,2
NIFTY50,2022-05-10,SIDE,8.066082099222635e-11,0.9986642922492919,0.001335707670047276,0.027044052869879723,0.9469244200034085,0.026031527126711772,0.9986642922492919,92.03866300051125,0.9979964383739378,SIDE,0.9469244200034085,75.36811485300522,HIGH,0.9481159264715034,0.3,3
NIFTY50,2022-05-11,SIDE,1.6932278162279717e-11,0.9991748268336202,0.0008251731494475045,0.027024154039455243,0.9473977711606993,0.02557807479984538,0.9991748268336202,92.1096656741049,0.9987622402504304,SIDE,0.9473977711606993,78.3693701787637,HIGH,0.9481338596966244,0.4,4
NIFTY50,2022-05-12,SIDE,5.532126121951234e-20,0.9999999963658008,3.6341991871581073e-09,0.02699199192860283,0.9481628416653943,0.024845166406002865,0.9999999963658008,92.22442624980913,0.9999999945487013,SIDE,0.9481628416653943,81.37139914350753,HIGH,0.9481628449072504,0.5,5
NIFTY50,2022-05-13,SIDE,6.252760483300294e-17,0.999999839407751,1.6059224898322633e-07,0.026991998046254666,0.9481626961389665,0.024845305814778857,0.999999839407751,92.22440442084496,0.9999997591116264,SIDE,0.9481626961389665,84.37139875757187,HIGH,0.948162839393884,0.6,6
NIFTY50,2022-05-16,SIDE,2.0074180594396823e-14,0.9999928645113357,7.135488644156931e-06,0.026992269902271493,0.9481562292405773,0.024851500857151165,0.9999928645113357,92.22343438608658,0.9999892967670034,SIDE,0.9481562292405773,87.37138160737584,HIGH,0.9481625943910835,0.7,7
NIFTY50,2022-05-17,SIDE,8.733590917694961e-11,0.9999049802126716,9.50196999924464e-05,0.026995695388290056,0.948074745759192,0.024929558852517953,0.9999049802126716,92.2112118638788,0.9998574703190074,SIDE,0.948074745759192,90.37116551362689,HIGH,0.9481595073375272,0.8,8
NIFTY50,2022-05-18,SIDE,3.753516463755107e-08,0.9886851574227572,0.011314805042078166,0.027433036098611665,0.9376720881300826,0.03489487577130565,0.9886851574227572,90.6508132195124,0.9830277361341356,SIDE,0.9376720881300826,93.34357778550073,HIGH,0.9477653969357248,0.9,9
NIFTY50,2022-05-19,SIDE,4.681721593220702e-18,0.9999999484743101,5.1525689970368076e-08,0.026991993795238308,0.9481627972619528,0.02484520894280884,0.9999999484743101,92.22441958929292,0.9999999227114651,SIDE,0.9481627972619528,96.37139902574962,HIGH,0.9481628432249949,1.0,10
NIFTY50,2022-05-20,SIDE,7.565581074782961e-11,0.9999949524660307,5.047458313561803e-06,0.026992188588027387,0.9481581651230582,0.024849646288914427,0.9999949524660307,92.22372476845872,0.9999924286990458,SIDE,0.9481581651230582,96.37138674151264,HIGH,0.9481626677358949,1.0,11
NIFTY50,2022-05-23,SIDE,2.902933919736573e-08,0.9991930230012865,0.0008069479693742595,0.02702347036860318,0.9474146414497765,0.02556188818162027,0.9991930230012865,92.11219621746646,0.9987895345019296,SIDE,0.9474146414497765,96.36941498850685,HIGH,0.9481344998358121,1.0,12
NIFTY50,2022-05-24,SIDE,1.561223928150031e-08,0.9992983781692264,0.0007016062185342844,0.027019352193208848,0.9475123236360096,0.025468324170781625,0.9992983781692264,92.12684854540142,0.9989475672538396,SIDE,0.9475123236360096,96.36967400911185,HIGH,0.9481382001301695,1.0,13
NIFTY50,2022-05-25,SIDE,4.862695475063128e-09,0.9991380801770756,0.0008619149602289535,0.0270255905573251,0.9473637007473966,0.025610708695278286,0.9991380801770756,92.10455511210948,0.9987071202656133,SIDE,0.9473637007473966,96.36927983578107,HIGH,0.9481325690825868,1.0,14
NIFTY50,2022-05-26,SIDE,9.481289578193252e-07,0.9988635834719165,0.0011354683991257036,0.02703712010989671,0.9471091764755192,0.025853703414584112,0.9988635834719165,92.06637647132786,0.9982953752078746,SIDE,0.9471091764755192,96.36860710702393,HIGH,0.9481229586717704,1.0,15
NIFTY50,2022-05-27,SIDE,6.801780899508949e-05,0.9992495716205889,0.000682410570415959,0.027081139595641384,0.9474656440638352,0.02545321634052348,0.9992495716205889,92.11984660957528,0.9988743574308834,SIDE,0.9474656440638352,96.36971378385175,HIGH,0.9481387683407393,1.0,16
NIFTY50,2022-05-30,SIDE,0.000182873415627024,0.9998159796359744,1.1469483985568697e-06,0.02716020892382852,0.9479883878434555,0.02485140323271601,0.9998159796359744,92.19825817651831,0.9997239694539614,SIDE,0.9479883878434555,96.37137636636311,HIGH,0.948162519519473,1.0,17
NIFTY50,2022-05-31,SIDE,5.2486726119556904e-06,0.9982921508829737,0.0017026004444142726,0.027063179674527146,0.9465792723684151,0.02635754795705783,0.9982921508829737,91.98689085526225,0.9974382263244604,SIDE,0.9465792723684151,96.36721214714818,HIGH,0.9481030306735456,1.0,18
NIFTY50,2022-06-01,SIDE,0.005104428486883438,0.9948292739299696,6.629758314693506e-05,0.03168866520250675,0.9432615466249855,0.02504978817250773,0.9948292739299696,91.48923199374781,0.9922439108949543,SIDE,0.9432615466249855,96.37067884122092,HIGH,0.9481525548745848,1.0,19
NIFTY50,2022-06-02,SIDE,0.014851485508914884,0.9851416920871534,6.822403931714385e-06,0.04064984944561124,0.934074892773902,0.025275257780486803,0.9851416920871534,90.1112339160853,0.9777125381307301,SIDE,0.934074892773902,96.36976090896371,HIGH,0.9481394415566246,1.0,20
NIFTY50,2022-06-03,SIDE,0.026950966278672512,0.9729782426181537,7.079110317383622e-05,0.05177916020076463,0.9225433049582024,0.025677534841032964,0.9729782426181537,88.38149574373035,0.9594673639272305,SIDE,0.9225433049582024,96.36828261228254,HIGH,0.9481183230326077,1.0,21
NIFTY50,2022-06-06,SIDE,0.021379454154243575,0.9781095980616796,0.0005109477840768042,0.04667269119999859,0.9274179067036808,0.025909402096320547,0.9781095980616796,89.1126860055521,0.9671643970925194,SIDE,0.9274179067036808,96.3678086261345,HIGH,0.9481115518019215,1.0,22
NIFTY50,2022-06-07,SIDE,0.0009560850634323002,0.9968716504578445,0.002172264478723065,0.02795588521582573,0.9452422673274904,0.02680184745668386,0.9968716504578445,91.78634009912355,0.9953074756867668,SIDE,0.9452422673274904,96.36595350439548,HIGH,0.9480850500627926,1.0,23
NIFTY50,2022-06-08,SIDE,0.002279254326617104,0.9969749569009746,0.0007457887724082851,0.029117087615116968,0.9453102695376558,0.02557264284722715,0.9969749569009746,91.79654043064838,0.9954624353514617,SIDE,0.9453102695376558,96.36931652633531,HIGH,0.9481330932333618,1.0,24
NIFTY50,2022-06-09,SIDE,0.013960988742983587,0.9787841808640063,0.007254830393010058,0.040113439577249166,0.928199110113082,0.03168745030966878,0.9787841808640063,89.2298665169623,0.9681762712960095,SIDE,0.928199110113082,96.35203639710794,HIGH,0.9478862342443991,1.0,25
NIFTY50,2022-06-10,SIDE,3.101639070877917e-06,0.9905767588077904,0.009420139553138735,0.027362006738787744,0.9394258554286625,0.0332121378325497,0.9905767588077904,90.91387831429938,0.9858651382116854,SIDE,0.9394258554286625,96.34823614157835,HIGH,0.9478319448796908,1.0,26
NIFTY50,2022-06-13,SIDE,8.073153589523289e-14,0.9999977965769486,2.203422970618476e-06,0.026992077668412676,0.9481608020923098,0.024847120239277494,0.9999977965769486,92.22412031384647,0.999996694865423,SIDE,0.9481608020923098,96.37139373456567,HIGH,0.9481627676366526,1.0,27
NIFTY50,2022-06-14,SIDE,5.939243826478529e-10,0.9996359799071752,0.0003640194989002832,0.027006180484285915,0.9478253373647423,0.025168482150971776,0.9996359799071752,92.17380060471135,0.9994539698607628,SIDE,0.9478253373647423,96.3705040844986,HIGH,0.9481500583499802,1.0,28
NIFTY50,2022-06-15,SIDE,1.3834348483643708e-10,0.9995834172187198,0.0004165826429367624,0.027008228784792393,0.9477766029494433,0.025215168265764327,0.9995834172187198,92.16649044241649,0.9993751258280795,SIDE,0.9477766029494433,96.37037483987316,HIGH,0.9481482119981882,1.0,29
NIFTY50,2022-06-16,SIDE,5.081724403466958e-18,0.999999972582667,2.7417332927339297e-08,0.026991992855582563,0.9481628196144419,0.0248451875299756,0.999999972582667,92.22442294216627,0.9999999588740004,SIDE,0.9481628196144419,96.37139908502836,HIGH,0.9481628440718339,1.0,30
NIFTY50,2022-06-17,SIDE,2.3358099269666173e-17,0.9999998496978552,1.503021448274629e-07,0.026991997645183938,0.9481627056796184,0.024845296675197755,0.9999998496978552,92.22440585194273,0.9999997745467826,SIDE,0.9481627056796184,96.37139878287357,HIGH,0.9481628397553369,1.0,31
NIFTY50,2022-06-20,SIDE,5.8915246631431365e-15,0.9999966951060585,3.3048939356298287e-06,0.026992120599660958,0.9481597808441236,0.024848098556215555,0.9999966951060585,92.22396712661853,0.9999950426590876,SIDE,0.9481597808441236,96.37139102621826,HIGH,0.9481627289459751,1.0,32
NIFTY50,2022-06-21,SIDE,1.9849806722495155e-10,0.9992879570103768,0.0007120427911251961,0.02701974479805957,0.9475026617981577,0.025477593403782774,0.9992879570103768,92.12539926972366,0.9989319355155651,SIDE,0.9475026617981577,96.36964834887023,HIGH,0.9481378335552891,1.0,33
NIFTY50,2022-06-22,SIDE,7.048184927497544e-14,0.9999693930963119,3.060690361752541e-05,0.02699318473238708,0.9481344673036294,0.02487234796398352,0.9999693930963119,92.2201700955444,0.9999540896444677,SIDE,0.9481344673036294,96.3713238947816,HIGH,0.9481617699254516,1.0,34
NIFTY50,2022-06-23,SIDE,6.100728846753052e-10,0.9981126416618672,0.0018873577280599698,0.027065554662100987,0.9464129474079569,0.026521497929942177,0.9981126416618672,91.96194211119352,0.9971689624928006,SIDE,0.9464129474079569,96.36675843042227,HIGH,0.9480965490060325,1.0,35
NIFTY50,2022-06-24,SIDE,1.9750530694629747e-07,0.965475793026947,0.034524009467746065,0.02833779326826352,0.9161531126921596,0.055509094039576885,0.965475793026947,87.42296690382393,0.9482136895404203,SIDE,0.9161531126921596,96.28650990913175,HIGH,0.946950141559025,1.0,36
NIFTY50,2022-06-27,SIDE,3.612767402678271e-05,0.583547529663031,0.41641634266294225,0.043255604036606866,0.5620408240616516,0.3947035719017417,0.583547529663031,34.306123609247734,0.37532129449454654,SIDE,0.5620408240616516,95.34749155965085,HIGH,0.9335355937092978,1.0,37
NIFTY50,2022-06-28,BEAR,5.161885622657302e-05,0.0711919554356879,0.9287564257080855,0.06323899595217349,0.08700097992478581,0.8497600241230406,0.9287564257080855,77.46400361845608,0.893134638562128,BEAR,0.8497600241230406,67.08772451690433,MODERATE,0.9155389216700619,0.1,1
NIFTY50,2022-06-29,BEAR,9.061114691493817e-08,0.0007730072516306439,0.9992269021372224,0.06593829190981383,0.021711890355141598,0.9123498177350444,0.9992269021372224,86.85247266025667,0.9988403532058336,BEAR,0.9123498177350444,69.91445409531873,MODERATE,0.913063629933125,0.2,2
NIFTY50,2022-06-30,BEAR,2.3044796044664233e-05,0.0009855883756378558,0.9989913668283175,0.06595022052782683,0.021908506771119156,0.912141272701054,0.9989913668283175,86.8211909051581,0.9984870502424762,BEAR,0.912141272701054,72.9150307342535,MODERATE,0.9130718676321931,0.3,3
NIFTY50,2022-07-01,BEAR,8.131405581565838e-05,0.0009880727311872397,0.9989306132129971,0.0660014376349876,0.02190958681137326,0.9120889755536391,0.9989306132129971,86.81334633304589,0.9983959198194957,BEAR,0.9120889755536391,75.91517375626479,HIGH,0.9130739108037829,0.4,4
NIFTY50,2022-07-04,BEAR,0.006304169135072056,0.0041893937828950375,0.9895064370820329,0.07135672460245941,0.024747098168770725,0.9038961772287698,0.9895064370820329,85.58442658431545,0.9842596556230492,BEAR,0.9038961772287698,78.93766694960365,HIGH,0.9133952421371951,0.5,5
NIFTY50,2022-07-05,BEAR,0.007527964078755239,0.0038051159036498984,0.9886669200175949,0.07244941877405707,0.024365114345843177,0.9031854668800997,0.9886669200175949,85.47782003201493,0.9830003800263922,BEAR,0.9031854668800997,81.93959758022378,HIGH,0.9134228225746255,0.6,6
NIFTY50,2022-07-06,BULL,0.9534246711697167,0.03069559871005576,0.01587973012022742,0.9043908890080681,0.02943782435682034,0.06617128663511161,0.9534246711697167,85.65863335121021,0.9301370067545751,BULL,0.9043908890080681,69.22825952439631,MODERATE,0.9461179932056616,0.1,1
NIFTY50,2022-07-07,BULL,0.9992658204021774,0.0007336632661710327,5.163316516458758e-07,0.9459280074287338,0.0006956433871363151,0.053376349184129736,0.9992658204021774,91.8892011143101,0.9988987306032661,BULL,0.9459280074287338,72.26229918096021,MODERATE,0.9466042740137175,0.2,2
NIFTY50,2022-07-08,BULL,0.9999938924205131,6.053203153782942e-06,5.437633313721402e-08,0.9465975325733001,5.740861088838454e-06,0.05339672656561109,0.9999938924205131,91.989629885995,0.9999908386307694,BULL,0.9465975325733001,75.2622208267651,HIGH,0.946603154668073,0.3,3
NIFTY50,2022-07-11,BULL,0.9999993785054354,1.477790890205898e-08,6.06716655632672e-07,0.9466025991664028,2.7047117968287707e-08,0.05339737378647925,0.9999993785054354,91.9903898749604,0.999999067758153,BULL,0.9466025991664028,78.26221886968084,HIGH,0.9466031267097262,0.4,4
NIFTY50,2022-07-12,BULL,0.9999829750976974,4.2222591212547174e-10,1.7024480076720566e-05,0.9465881543141448,3.581295670770096e-07,0.053411487556288176,0.9999829750976974,91.98822314712172,0.9999744626465461,BULL,0.9465881543141448,81.26218029183467,HIGH,0.946602575597638,0.5,5
NIFTY50,2022-07-13,BULL,0.9990324992616444,7.135972660358093e-09,0.0009674936023829812,0.9457511319490371,2.0319770005622848e-05,0.054228548280957294,0.9990324992616444,91.86266979235556,0.9985487488924666,BULL,0.9457511319490371,84.25994700652521,HIGH,0.946570671521789,0.6,6
NIFTY50,2022-07-14,BULL,0.9911603274931137,3.4269937205155277e-07,0.00883932980751424,0.9388186104123183,0.0001859085933015204,0.060995480994380236,0.9911603274931137,90.82279156184772,0.9867404912396703,BULL,0.9388186104123183,87.24145084848,HIGH,0.9463064406925714,0.7,7
NIFTY50,2022-07-15,BULL,0.998035241966516,1.5851479733687208e-06,0.0019631728855105585,0.9448728509593256,4.2720452740427245e-05,0.05508442858793401,0.998035241966516,91.73092764389884,0.9970528629497739,BULL,0.9448728509593256,90.25760766394015,HIGH,0.9465372523420021,0.8,8
NIFTY50,2022-07-18,BULL,0.9999952510971988,2.252568622740589e-07,4.523645938926547e-06,0.9465989562233501,3.0885209466256033e-07,0.053400734924555285,0.9999952510971988,91.98984343350251,0.9999928766457982,BULL,0.9465989562233501,93.26220968918078,HIGH,0.9466029955597254,0.9,9
NIFTY50,2022-07-19,BULL,0.9999995618521365,2.5230255896600984e-10,4.378955609955807e-07,0.9466027611940444,9.730047684176624e-09,0.05339722907590799,0.9999995618521365,91.99041417910666,0.9999993427782047,BULL,0.9466027611940444,96.26221926476832,HIGH,0.9466031323538332,1.0,10
NIFTY50,2022-07-20,BULL,0.9999999966196931,1.3555989386659014e-11,3.3667508356288602e-09,0.9466031440747927,3.8066445876347606e-10,0.05339685554454279,0.9999999966196931,91.9904716112189,0.9999999949295396,BULL,0.9466031440747927,96.26222028574031,HIGH,0.9466031469391476,1.0,11
NIFTY50,2022-07-21,BULL,0.9999999995416395,2.662057086842054e-13,4.5809423380317255e-10,0.9466031466484784,3.069957972683055e-10,0.05339685304452578,0.9999999995416395,91.99047199727175,0.9999999993124593,BULL,0.9466031466484784,96.26222029257323,HIGH,0.9466031470367606,1.0,12
NIFTY50,2022-07-22,BULL,0.9999999998914434,3.826216743485035e-13,1.081740309826259e-10,0.9466031469565234,2.997595392955116e-10,0.053396852743717194,0.9999999998914434,91.99047204347849,0.9999999998371649,BULL,0.9466031469565234,96.26222029339544,HIGH,0.9466031470485065,1.0,13
NIFTY50,2022-07-25,BULL,0.9999999916190712,2.7711422782643514e-13,8.38065183552374e-09,0.9466031396715884,4.733416999557601e-10,0.05339685985506988,0.9999999916190712,91.99047095073826,0.9999999874286067,BULL,0.9466031396715884,96.26222027395788,HIGH,0.9466031467708269,1.0,14
NIFTY50,2022-07-26,BULL,0.999986318916305,1.2604381257317828e-12,1.3681082434569589e-05,0.946591099013603,2.875351724481973e-07,0.05340861345122449,0.999986318916305,91.98866485204046,0.9999794783744574,BULL,0.946591099013603,96.26218814766021,HIGH,0.9466026878237175,1.0,15
NIFTY50,2022-07-27,BULL,0.9999996697182844,3.6458313601318774e-10,3.2991713245905597e-07,0.9466028561803523,7.56948091172384e-09,0.053397136250166774,0.9999996697182844,91.99042842705285,0.9999995045774264,BULL,0.9466028561803523,96.26221951849394,HIGH,0.9466031359784849,1.0,16
NIFTY50,2022-07-28,BULL,0.9999999971383471,2.724501890163629e-10,2.5892027414178028e-09,0.9466031445214467,6.098135537694068e-10,0.05339685486873978,0.9999999971383471,91.990471678217,0.9999999957075206,BULL,0.9466031445214467,96.26222028759561,HIGH,0.9466031469656516,1.0,17
NIFTY50,2022-07-29,BULL,0.9999999998328647,1.0740947390754389e-10,5.972582719607179e-11,0.9466031469007654,4.0022124498850255e-10,0.0533968526990134,0.9999999998328647,91.9904720351148,0.9999999997492969,BULL,0.9466031469007654,96.26222029352095,HIGH,0.9466031470502995,1.0,18
NIFTY50,2022-08-01,BULL,0.9999999999408753,5.910603603155645e-11,1.8654080211540254e-14,0.9466031469977659,3.531681567977498e-10,0.053396852649065886,0.9999999999408753,91.99047204966487,0.9999999999113129,BULL,0.9466031469977659,96.26222029365601,HIGH,0.9466031470522289,1.0,19
NIFTY50,2022-08-02,BULL,0.9999999999939553,6.037393268199795e-12,7.328672037629575e-15,0.9466031470465784,3.0285020372983685e-10,0.053396852650571355,0.9999999999939553,91.99047205698675,0.9999999999909329,BULL,0.9466031470465784,96.26222029365022,HIGH,0.9466031470521459,1.0,20
NIFTY50,2022-08-03,BULL,0.9999999999971907,2.8060463327652812e-12,3.170221605796979e-15,0.9466031470495537,2.9978627331976597e-10,0.05339685265066004,0.9999999999971907,91.99047205743305,0.999999999995786,BULL,0.9466031470495537,96.26222029364995,HIGH,0.9466031470521421,1.0,21
NIFTY50,2022-08-04,BULL,0.999999999998332,1.6362820485501727e-12,3.1760393291561066e-14,0.9466031470506043,2.986777465443052e-10,0.053396852650718016,0.999999999998332,91.99047205759064,0.999999999997498,BULL,0.9466031470506043,96.2622202936497,HIGH,0.9466031470521385,1.0,22
NIFTY50,2022-08-05,BULL,0.999999999998541,1.276346915319967e-12,1.8265286877475814e-13,0.9466031470508024,2.9833963743984346e-10,0.053396852650858,0.999999999998541,91.99047205762034,0.9999999999978114,BULL,0.9466031470508024,96.26222029364928,HIGH,0.9466031470521326,1.0,23
NIFTY50,2022-08-08,BULL,0.9999999999977587,2.233572729811842e-12,7.819066027100439e-15,0.946603147050076,2.9924357272319927e-10,0.05339685265068037,0.9999999999977587,91.9904720575114,0.999999999996638,BULL,0.946603147050076,96.26222029364986,HIGH,0.9466031470521408,1.0,24
NIFTY50,2022-08-10,BULL,0.9999999999988956,1.0462944915656242e-12,5.80564614259549e-14,0.9466031470511237,2.9811889435472053e-10,0.05339685265075746,0.9999999999988956,91.99047205766854,0.9999999999983433,BULL,0.9466031470511237,96.26222029364959,HIGH,0.946603147052137,1.0,25
NIFTY50,2022-08-11,BULL,0.9999999999976369,2.355379716092757e-12,7.773049401192117e-15,0.9466031470499642,2.993590646156928e-10,0.05339685265067687,0.9999999999976369,91.99047205749461,0.9999999999964552,BULL,0.9466031470499642,96.26222029364982,HIGH,0.9466031470521402,1.0,26
NIFTY50,2022-08-12,BULL,0.99999999999868,1.299996476524151e-12,2.0078575308589022e-14,0.9466031470509239,2.983586477977633e-10,0.05339685265071757,0.99999999999868,91.99047205763856,0.9999999999980199,BULL,0.9466031470509239,96.2622202936497,HIGH,0.9466031470521385,1.0,27
NIFTY50,2022-08-16,BULL,0.9999999999093849,9.02643085580123e-11,3.5078449911632404e-13,0.9466031469688201,3.8271824625301726e-10,0.05339685264846178,0.9999999999093849,91.99047204532302,0.9999999998640774,BULL,0.9466031469688201,96.26222029365859,HIGH,0.9466031470522656,1.0,28
NIFTY50,2022-08-17,BULL,0.9999999999838981,1.610191097127117e-11,1.5371265318605426e-18,0.9466031470373295,3.1239285163154445e-10,0.053396852650277694,0.9999999999838981,91.99047205559943,0.999999999975847,BULL,0.9466031470373295,96.2622202936513,HIGH,0.9466031470521614,1.0,29
NIFTY50,2022-08-18,BULL,0.9999999999942755,5.724560909022402e-12,7.125365701609694e-18,0.9466031470468727,3.02553433993009e-10,0.05339685265057399,0.9999999999942755,91.99047205703089,0.9999999999914132,BULL,0.9466031470468727,96.26222029365017,HIGH,0.9466031470521453,1.0,30
NIFTY50,2022-08-19,BULL,0.9999999999925073,1.6134231459682238e-12,5.879346822032534e-12,0.9466031470454758,2.9877884373895e-10,0.05339685265574549,0.9999999999925073,91.99047205682135,0.999999999988761,BULL,0.9466031470454758,96.26222029363596,HIGH,0.9466031470519423,1.0,31
NIFTY50,2022-08-22,BULL,0.9999929278774079,8.050384275433327e-12,7.0721145416741575e-06,0.9465969190945167,1.4878510926025086e-07,0.05340293212037398,0.9999929278774079,91.9895378641775,0.9999893918161117,BULL,0.9465969190945167,96.26220367653544,HIGH,0.9466029096647922,1.0,32
NIFTY50,2022-08-23,BULL,0.9999992204112808,3.32398081632123e-10,7.792563211122524e-07,0.9466024605062209,1.697292346882319e-08,0.05339752252085568,0.9999992204112808,91.99036907593313,0.999998830616921,BULL,0.9466024605062209,96.26221846269291,HIGH,0.9466031208956132,1.0,33
NIFTY50,2022-08-24,BULL,0.9999989503063856,3.2884082230063975e-11,1.0496607302921156e-06,0.946602222654123,2.2366125920143832e-08,0.053397754979751216,0.9999989503063856,91.99033339811842,0.9999984254595783,BULL,0.946602222654123,96.26221782729986,HIGH,0.9466031118185696,1.0,34
NIFTY50,2022-08-25,BULL,0.9998886286437332,1.9232422360627746e-10,0.00011137116394260732,0.9465050695519279,2.338737630366192e-06,0.05349259171044176,0.9998886286437332,91.97576043278919,0.9998329429655998,BULL,0.9465050695519279,96.26195860850886,HIGH,0.9465994086929836,1.0,35
NIFTY50,2022-08-26,BULL,0.999957219706101,1.0402503986954983e-08,4.2769891395066806e-05,0.9465654728308697,9.08122160077852e-07,0.05343361904697032,0.999957219706101,91.98482092463045,0.9999358295591513,BULL,0.9465654728308697,96.2621197997779,HIGH,0.9466017114253986,1.0,36
NIFTY50,2022-08-29,BULL,0.6833549245174634,1.1024781484421387e-06,0.31664397300438824,0.6677544294830995,0.006649044302944687,0.32559652621395596,0.6833549245174634,50.163164422464924,0.525032386776195,BULL,0.6677544294830995,95.51821248285015,HIGH,0.9359744640407165,1.0,37
NIFTY50,2022-08-30,BULL,0.9924990612067398,0.007387095092047107,0.00011384370121312825,0.9397096372747609,0.007006559563476078,0.053283803161763135,0.9924990612067398,90.95644559121413,0.9887485918101095,BULL,0.9397096372747609,96.26275931346038,HIGH,0.9466108473351482,1.0,38
NIFTY50,2022-09-01,BULL,0.9890532061763512,0.0013626025133917636,0.009584191310257076,0.9369099101260584,0.0014931912386125046,0.06159689863532912,0.9890532061763512,90.53648651890875,0.9835798092645266,BULL,0.9369099101260584,96.23984940187214,HIGH,0.9462835628838878,1.0,39
NIFTY50,2022-09-02,BULL,0.9904359357736985,7.340347949356579e-05,0.009490660746807919,0.9381778382085805,0.00026885692374969684,0.06155330486766982,0.9904359357736985,90.72667573128706,0.9856539036605477,BULL,0.9381778382085805,96.23992841428229,HIGH,0.946284691632604,1.0,40
NIFTY50,2022-09-05,BULL,0.9992484439386196,5.69614773670634e-06,0.0007458599136438052,0.9459410786108284,2.106063936700213e-05,0.05403786074980465,0.9992484439386196,91.89116179162427,0.9988726659079293,BULL,0.9459410786108284,96.26046839303552,HIGH,0.9465781199005077,1.0,41
NIFTY50,2022-09-06,BULL,0.9964864415798728,7.418479502531841e-07,0.003512816572176935,0.9435089563001552,7.445592231261497e-05,0.05641658777753224,0.9964864415798728,91.52634344502326,0.994729662369809,BULL,0.9435089563001552,96.25396642505599,HIGH,0.946485234643657,1.0,42
NIFTY50,2022-09-07,BULL,0.9376111419284445,1.3396694947536612e-05,0.062375461376608037,0.8916608249774006,0.0013222868738546082,0.10701688814874467,0.9376111419284445,83.74912374661011,0.9064167128926668,BULL,0.8916608249774006,96.11566018578071,HIGH,0.9445094312254388,1.0,43
NIFTY50,2022-09-08,BULL,0.9991327430800749,4.51950628791456e-05,0.0008220618570459049,0.9458376488842026,6.011191698383806e-05,0.0541022391988136,0.9991327430800749,91.8756473326304,0.9986991146201124,BULL,0.9458376488842026,96.26029365628132,HIGH,0.9465756236611618,1.0,44
NIFTY50,2022-09-09,BULL,0.9999084879181795,4.096262837027077e-07,9.110245553666535e-05,0.9465225423619851,2.301402422808692e-06,0.05347515623559214,0.9999084879181795,91.97838135429774,0.9998627318772695,BULL,0.9465225423619851,96.26200627792807,HIGH,0.9466000896846868,1.0,45
NIFTY50,2022-09-12,BULL,0.9999991090128754,3.899500438770997e-09,8.870876242805251e-07,0.9466023622658749,2.2619055506762412e-08,0.05339761511506949,0.9999991090128754,91.99035433988125,0.9999986635193129,BULL,0.9466023622658749,96.26221820971472,HIGH,0.9466031172816388,1.0,46
NIFTY50,2022-09-13,BULL,0.9999999292787448,4.160038731595678e-11,7.067965483890594e-08,0.9466030847709167,1.820501962795508e-09,0.05339691340858139,0.9999999292787448,91.99046271563749,0.999999893918117,BULL,0.9466030847709167,96.26222012758048,HIGH,0.9466031446797211,1.0,47
NIFTY50,2022-09-14,BULL,0.999995794283743,7.014739898250793e-12,4.205709242314756e-06,0.9465994433517437,8.860341879999728e-08,0.053400468044837515,0.999995794283743,91.98991650276156,0.9999936914256145,BULL,0.9465994433517437,96.26221041163367,HIGH,0.9466030058804812,1.0,48
NIFTY50,2022-09-15,BULL,0.9999329007508225,5.177231311904241e-10,6.709873145426582e-05,0.9465440570976802,1.4095382671567892e-06,0.0534545333640527,0.9999329007508225,91.98160856465203,0.999899351126234,BULL,0.9465440570976802,96.26206263402324,HIGH,0.9466008947717605,1.0,49
NIFTY50,2022-09-16,BEAR,0.01399777688235012,1.9739011568711037e-06,0.986000249216493,0.07829519370803337,0.02070312915998595,0.9010016771319808,0.986000249216493,85.15025156979709,0.9790003738247395,BEAR,0.9010016771319808,66.94544814621335,MODERATE,0.9135064020887621,0.1,1
NIFTY50,2022-09-19,BEAR,0.4214556846907398,0.0030677627847872616,0.5754765525244729,0.4369973160198677,0.014990975459884618,0.5480117085202477,0.5754765525244729,32.20175627803716,0.3632148287867094,BEAR,0.5480117085202477,70.91037689641433,MODERATE,0.9272910985202047,0.2,2
NIFTY50,2022-09-20,BULL,0.967259091864381,0.0007772535225227008,0.031963654613096366,0.9177400692651152,0.0014080460383561824,0.08085188469652868,0.967259091864381,87.66101038976728,0.9508886377965713,BULL,0.9177400692651152,90.1872012051184,HIGH,0.9455314457874058,0.8,1
NIFTY50,2022-09-21,BULL,0.9856420611777968,4.1866692502907274e-05,0.014316072129700274,0.9339574145729589,0.000340265317009669,0.06570232011003152,0.9856420611777968,90.09361218594381,0.9784630917666951,BULL,0.9339574145729589,90.22858686067943,HIGH,0.9461226694382776,0.8,2
NIFTY50,2022-09-22,BULL,0.8929068840399448,3.170527036361517e-05,0.10706141068969163,0.852291985905774,0.002277836141252926,0.14543017795297314,0.8929068840399448,77.84379788586611,0.8393603260599172,BULL,0.852291985905774,90.0106650789969,HIGH,0.943009501128527,0.8,3
NIFTY50,2022-09-23,BEAR,0.00013209777547399347,0.0010124678501696462,0.9988554343743564,0.06604520871341432,0.02193113896318738,0.9120236523233984,0.9988554343743564,86.80354784850977,0.9982831515615345,BEAR,0.9120236523233984,72.91535306494113,MODERATE,0.9130764723563018,0.3,1
NIFTY50,2022-09-26,BEAR,1.0233580457140971e-09,0.012998485802296502,0.9870015131743455,0.06546170849299358,0.03304696057750309,0.9014913309295034,0.9870015131743455,85.2236996394255,0.9805022697615182,BEAR,0.9014913309295034,75.94451445355381,HIGH,0.9134930636221974,0.4,2
NIFTY50,2022-09-27,BEAR,1.308186776424251e-07,0.010483744420082436,0.9895161247612398,0.06555983823385292,0.03071537096931703,0.9037247907968299,0.9895161247612398,85.5587186195245,0.9842741871418598,BEAR,0.9037247907968299,78.93833139680179,HIGH,0.9134047342400256,0.5,3
NIFTY50,2022-09-28,BEAR,3.618448030320825e-09,0.03686831135311939,0.9631316850284325,0.06453135211924804,0.05517829082602054,0.8802903570547315,0.9631316850284325,82.04355355820971,0.9446975275426489,BEAR,0.8802903570547315,82.00320668415017,HIGH,0.9143315240592884,0.6,4
NIFTY50,2022-09-29,BEAR,3.870307643986346e-09,0.07012737341447774,0.9298726227152145,0.06323503551981254,0.08601501756935295,0.8507499469108345,0.9298726227152145,77.61249203662516,0.8948089340728218,BEAR,0.8507499469108345,85.08498559565034,HIGH,0.9154997942235764,0.7,5
NIFTY50,2022-09-30,BEAR,3.6105796980589443e-07,0.01725231385646832,0.9827473250855618,0.06529622686378253,0.0369909648219731,0.8977128083142445,0.9827473250855618,84.65692124713668,0.9741209876283428,BEAR,0.8977128083142445,84.95497480750805,HIGH,0.9136424972501151,0.7,6
NIFTY50,2022-10-03,BEAR,4.023096594981906e-09,0.029340105602352153,0.9706598903745512,0.06482477445275214,0.04819838190681881,0.8869768436404292,0.9706598903745512,83.04652654606436,0.9559898355618267,BEAR,0.8869768436404292,84.98469598668561,HIGH,0.9140670855240802,0.7,7
NIFTY50,2022-10-04,BEAR,9.472347827204481e-06,0.03433416449597473,0.9656563631561981,0.06463846240506038,0.05282851301640505,0.8825330245785347,0.9656563631561981,82.37995368678018,0.9484845447342971,BEAR,0.8825330245785347,87.99699785571043,HIGH,0.9142428265101492,0.8,8
NIFTY50,2022-10-06,BEAR,0.00015114561818042912,0.0020178291683128156,0.9978310252135068,0.0660227975927426,0.022862877551112815,0.9111143248561446,0.9978310252135068,86.6671487284217,0.9967465378202601,BEAR,0.9111143248561446,90.91786984966208,HIGH,0.913112426423744,0.9,9
NIFTY50,2022-10-07,BEAR,0.0002138133541620449,0.0004903205158436232,0.9992958661299942,0.06613752169309778,0.021445305207329603,0.9124171730995727,0.9992958661299942,86.8625759649359,0.9989437991949913,BEAR,0.9124171730995727,93.91426118947751,HIGH,0.9130608741353933,1.0,10
NIFTY50,2022-10-10,BEAR,3.81145672390029e-05,0.0004898364905278603,0.9994720489422332,0.06598281409151223,0.021448545263181868,0.9125686406453059,0.9994720489422332,86.8852960967959,0.9992080734133496,BEAR,0.9125686406453059,93.91384716567168,HIGH,0.9130549595095956,1.0,11
NIFTY50,2022-10-11,BEAR,8.481513192247303e-08,0.00688840908904661,0.9931115060958214,0.06569993076734386,0.02738189328901107,0.9069181759436451,0.9931115060958214,86.03772639154677,0.989667259143732,BEAR,0.9069181759436451,93.92949091289839,HIGH,0.9132784416128343,1.0,12
NIFTY50,2022-10-12,BEAR,1.6006569359080243e-05,0.0019045728021081449,0.9980794206285328,0.06590820376240214,0.022760707180348654,0.9113310890572492,0.9980794206285328,86.69966335858739,0.9971191309427992,BEAR,0.9113310890572492,93.91727383792256,HIGH,0.9131039119703224,1.0,13
NIFTY50,2022-10-13,BEAR,2.5523013368518215e-06,0.0015802559610944207,0.9984171917375686,0.06590899615218174,0.022460293568575523,0.9116307102792428,0.9984171917375686,86.7446065418864,0.9976257876063529,BEAR,0.9116307102792428,93.91644477971201,HIGH,0.9130920682816003,1.0,14
NIFTY50,2022-10-14,BEAR,0.000613742563086547,0.003159587410445916,0.9962266700264676,0.06638567499545331,0.02391176656060344,0.9097025584439432,0.9962266700264676,86.45538376659147,0.9943400050397012,BEAR,0.9097025584439432,93.921764206151,HIGH,0.9131680600878713,1.0,15
NIFTY50,2022-10-17,BEAR,0.0548185959655522,0.006020066753396036,0.9391613372810518,0.11400886451025916,0.02542586959444231,0.8605652658952985,0.9391613372810518,79.08478988429476,0.9087420059215775,BEAR,0.8605652658952985,94.0561610458942,HIGH,0.9150880149413458,1.0,16
NIFTY50,2022-10-18,BULL,0.8856152398557846,0.012790589464079653,0.10159417068013564,0.8453734155173223,0.014260550360598439,0.14036603412207924,0.8856152398557846,76.80601232759834,0.8284228597836769,BULL,0.8453734155173223,69.0249042734839,MODERATE,0.9432129181926271,0.1,1
NIFTY50,2022-10-19,BULL,0.9991621167403621,0.0003044573785049766,0.0005334258811328204,0.9458534112532478,0.0002998748460941362,0.053846713900658046,0.9991621167403621,91.87801168798715,0.9987431751105432,BULL,0.9458534112532478,72.26100016070647,MODERATE,0.9465857165815211,0.2,2
NIFTY50,2022-10-20,BULL,0.9999740289818343,3.3177582834223033e-06,2.2653259882388458e-05,0.9465801467554886,3.6216816316106425e-06,0.0534162315628797,0.9999740289818343,91.9870220133233,0.9999610434727513,BULL,0.9465801467554886,75.26216742825882,HIGH,0.946602391832269,0.3,3
NIFTY50,2022-10-21,BULL,0.9999315094661324,5.190305515645253e-08,6.843863081241779e-05,0.9465428298811444,1.486391364165283e-06,0.05345568372749148,0.9999315094661324,91.98142448217163,0.9998972641991984,BULL,0.9465428298811444,78.26205949131592,HIGH,0.9466008498759418,0.4,4
NIFTY50,2022-10-24,BULL,0.9999809511832666,6.764738036775366e-08,1.89811693529924e-05,0.9465863693644617,4.6295101339357187e-07,0.05341316768452489,0.9999809511832666,91.98795540466924,0.9999714267749,BULL,0.9465863693644617,81.26217570160583,HIGH,0.9466025100229404,0.5,5
NIFTY50,2022-10-25,BULL,0.999949018269251,2.783364266214314e-09,5.097894738479209e-05,0.9465582506570871,1.073248621074676e-06,0.05344067609429188,0.999949018269251,91.98373759856307,0.9999235274038765,BULL,0.9465582506570871,84.26210051039713,HIGH,0.9466014358628161,0.6,6
NIFTY50,2022-10-27,BULL,0.9999837129527912,5.209863395741588e-09,1.628183734545498e-05,0.9465888039084175,3.470771057917835e-07,0.05341084901447677,0.9999837129527912,91.9883205862626,0.9999755694291866,BULL,0.9465888039084175,87.26218203732057,HIGH,0.946602600533151,0.7,7
NIFTY50,2022-10-28,BULL,0.9999961497218148,6.94738206744604e-10,3.8495834469273146e-06,0.9465997563360762,8.177856581102843e-08,0.05340016188535796,0.9999961497218148,91.98996345041142,0.9999942245827222,BULL,0.9465997563360762,90.26221124848578,HIGH,0.9466030178355114,0.8,8
NIFTY50,2022-10-31,BULL,0.9999999905420942,3.196183330860145e-10,9.138287516693e-09,0.9466031387107182,7.920358794830956e-10,0.0533968604972458,0.9999999905420942,91.99047080660775,0.9999999858131413,BULL,0.9466031387107182,93.26222027221257,HIGH,0.9466031467458939,0.9,9
NIFTY50,2022-11-01,BULL,0.9999999999694289,3.441810265426279e-12,2.71293752721092e-11,0.9466031470250809,3.0095860074224005e-10,0.05339685267396065,0.9999999999694289,91.99047205376213,0.9999999999541433,BULL,0.9466031470250809,96.26222029358622,HIGH,0.9466031470512317,1.0,10
NIFTY50,2022-11-02,BULL,0.9999999993399038,2.8413041546366167e-13,6.598121369302991e-10,0.9466031464708222,3.112478974297523e-10,0.05339685321792998,0.9999999993399038,91.99047197062333,0.9999999990098557,BULL,0.9466031464708222,96.2622202920993,HIGH,0.94660314702999,1.0,11
NIFTY50,2022-11-03,BULL,0.9999999997258792,1.7927163568087185e-13,2.7394157860043056e-10,0.9466031468107297,3.030470506132102e-10,0.053396852886223346,0.9999999997258792,91.99047202160945,0.9999999995888186,BULL,0.9466031468107297,96.26222029300591,HIGH,0.9466031470429417,1.0,12
NIFTY50,2022-11-04,BULL,0.9999999998460335,1.604442449547862e-13,1.5380609201837099e-10,0.9466031469165425,3.0050693245877307e-10,0.053396852782950664,0.9999999998460335,91.99047203748135,0.9999999997690501,BULL,0.9466031469165425,96.2622202932882,HIGH,0.9466031470469743,1.0,13
NIFTY50,2022-11-07,BULL,0.9999999999032128,2.3324727398912146e-13,9.655399888752477e-11,0.9466031469668937,2.9937394331982667e-10,0.05339685273373242,0.9999999999032128,91.99047204503404,0.9999999998548191,BULL,0.9466031469668937,96.26222029342273,HIGH,0.9466031470488963,1.0,14
NIFTY50,2022-11-09,BULL,0.9999999951020532,1.8846519529448793e-13,4.897758351804208e-09,0.9466031427388272,4.001336544798021e-10,0.053396856861039184,0.9999999951020532,91.99047141082406,0.9999999926530796,BULL,0.9466031427388272,96.26222028214148,HIGH,0.9466031468877357,1.0,15
NIFTY50,2022-11-10,BULL,0.9999978253311645,5.694432915565304e-13,2.1746682660021163e-06,0.9466012319630469,4.595522730892112e-08,0.053398722081725816,0.9999978253311645,91.99018479445702,0.9999967379967468,BULL,0.9466012319630469,96.26221518390312,HIGH,0.946603074055759,1.0,16
NIFTY50,2022-11-11,BULL,0.999999992508486,5.505697090614248e-10,6.9409442886731135e-09,0.9466031404333899,9.648817663438126e-10,0.05339685860172846,0.999999992508486,91.99047106500848,0.9999999887627289,BULL,0.9466031404333899,96.26222027740079,HIGH,0.9466031468200112,1.0,17
NIFTY50,2022-11-14,BULL,0.9999999913524096,4.947337774637649e-13,8.647095705934877e-09,0.9466031394367486,4.791420769813412e-10,0.053396860084109384,0.9999999913524096,91.99047091551226,0.9999999870286144,BULL,0.9466031394367486,96.26222027333186,HIGH,0.9466031467618837,1.0,18
NIFTY50,2022-11-15,BULL,0.9999999954861187,2.0701771037353834e-13,4.513674257456217e-09,0.946603143077048,3.920873288088135e-10,0.05339685653086475,0.9999999954861187,91.99047146155718,0.9999999932291781,BULL,0.946603143077048,96.26222028304399,HIGH,0.9466031469006283,1.0,19
NIFTY50,2022-11-16,BULL,0.9999999969253023,1.4676600282137547e-13,3.0745509729001025e-09,0.9466031443444455,3.618155413056224e-10,0.053396855293739075,0.9999999969253023,91.99047165166681,0.9999999953879533,BULL,0.9466031443444455,96.26222028642543,HIGH,0.9466031469489348,1.0,20
NIFTY50,2022-11-17,BULL,0.9999998104317802,2.2526083545385586e-13,1.8956799442689973e-07,0.9466029801117558,4.277354245849413e-09,0.053397015610889935,0.9999998104317802,91.99044701676335,0.9999997156476703,BULL,0.9466029801117558,96.26221984822794,HIGH,0.9466031406889706,1.0,21
NIFTY50,2022-11-18,BULL,0.9999983610784653,3.0625197570230966e-12,1.6389184722280297e-06,0.94660170376067,3.470942531258173e-08,0.0533982615299048,0.9999983610784653,91.9902555641005,0.9999975416176979,BULL,0.94660170376067,96.26221644273707,HIGH,0.9466030920391011,1.0,22
NIFTY50,2022-11-21,BULL,0.9966685819450032,3.946171835116398e-10,0.003331417660379597,0.9436693843443992,6.994440016519526e-05,0.05626067125543563,0.9966685819450032,91.55040765165985,0.9950028729175048,BULL,0.9436693843443992,96.25439257116304,HIGH,0.9464913224451863,1.0,23
NIFTY50,2022-11-22,BULL,0.9988946797938726,3.2404343816128557e-07,0.001104996162689292,0.9456297509768855,2.350714153114021e-05,0.05434674188158343,0.9988946797938726,91.8444626465328,0.9983420196908087,BULL,0.9456297509768855,96.25962395588037,HIGH,0.9465660565125767,1.0,24
NIFTY50,2022-11-23,BULL,0.9995730457701016,6.83623884020914e-08,0.00042688586750999337,0.94622715363223,9.027663409011914e-06,0.0537638187043609,0.9995730457701016,91.93407304483449,0.9993595686551523,BULL,0.94622715363223,96.26121726142769,HIGH,0.9465888180203957,1.0,25
NIFTY50,2022-11-24,BULL,0.9999991411939817,1.3179078791044341e-08,8.456269394828707e-07,0.9466023902439934,3.054713218277267e-08,0.05339757920887448,0.9999991411939817,91.99035853659899,0.9999987117909725,BULL,0.9466023902439934,96.26221830814663,HIGH,0.9466031186878091,1.0,26
NIFTY50,2022-11-25,BULL,0.9999988820439277,2.006567462843578e-11,1.1179360066302693e-06,0.9466021625403261,2.3787424015098696e-08,0.053397813672249904,0.9999988820439277,91.99032438104891,0.9999983230658914,BULL,0.9466021625403261,96.26221766687434,HIGH,0.9466031095267761,1.0,27
NIFTY50,2022-11-28,BULL,0.999999089436195,1.651520034825446e-11,9.105472899209471e-07,0.9466023451773133,1.9429893188636615e-08,0.05339763539279337,0.999999089436195,91.990351776597,0.9999986341542925,BULL,0.9466023451773133,96.26221815416835,HIGH,0.9466031164881196,1.0,28
NIFTY50,2022-11-29,BULL,0.9999998466405636,1.0978649726864076e-11,1.533484577387616e-07,0.9466030119980516,3.527114349465113e-09,0.05339698447483411,0.9999998466405636,91.99045179970773,0.9999997699608453,BULL,0.9466030119980516,96.26221993333294,HIGH,0.9466031419047565,1.0,29
NIFTY50,2022-11-30,BULL,0.9999999985031882,3.7996995601756926e-12,1.4930119751591099e-09,0.9466031457338444,3.3207441391290527e-10,0.053396853934081195,0.9999999985031882,91.99047186007667,0.9999999977547823,BULL,0.9466031457338444,96.26222029014193,HIGH,0.9466031470020276,1.0,30
NIFTY50,2022-12-01,BULL,0.9999999960996424,2.5678335689348534e-13,3.900100851522813e-09,0.9466031436173363,3.7925242780067485e-10,0.05339685600341132,0.9999999960996424,91.99047154260045,0.9999999941494636,BULL,0.9466031436173363,96.2622202844857,HIGH,0.9466031469212243,1.0,31
NIFTY50,2022-12-02,BULL,0.9999995223659779,4.3519225586600086e-13,4.77633586883746e-07,0.9466027264309756,1.0325543595839476e-08,0.05339726324348075,0.9999995223659779,91.99040896464633,0.9999992835489668,BULL,0.9466027264309756,96.26221917136968,HIGH,0.9466031310195671,1.0,32
NIFTY50,2022-12-05,BULL,0.9999990215855455,8.865958212109469e-12,9.78405588536377e-07,0.946602285425968,2.0847337969946603e-08,0.05339769372669389,0.9999990215855455,91.99034281389523,0.9999985323783182,BULL,0.946602285425968,96.26221799472312,HIGH,0.9466031142103303,1.0,33
NIFTY50,2022-12-06,BULL,0.9999855985021111,3.222987242166639e-11,1.4401465659030365e-05,0.9465904645905822,3.0268911532111796e-07,0.05340923272030253,0.9999855985021111,91.9885696885873,0.9999783977531667,BULL,0.9465904645905822,96.26218645500282,HIGH,0.9466026636428975,1.0,34
NIFTY50,2022-12-07,BULL,0.9998385531912136,9.40572403873505e-10,0.00016144586821403492,0.946460971336352,3.3907747532449293e-06,0.05353563788889466,0.9998385531912136,91.96914570045281,0.9997578297868203,BULL,0.946460971336352,96.26184094970458,HIGH,0.9465977278529225,1.0,35
NIFTY50,2022-12-08,BULL,0.9999768355422687,4.623967622762563e-09,2.315983376363973e-05,0.9465827474441728,4.909263859122725e-07,0.05341676162944132,0.9999768355422687,91.98741211662592,0.999965253313403,BULL,0.9465827474441728,96.26216587625458,HIGH,0.9466023696607798,1.0,36
NIFTY50,2022-12-09,BULL,0.9998497468486713,3.0119712241751478e-09,0.00015025013935745504,0.9464708287799796,3.157682382168098e-06,0.05352601353763828,0.9998497468486713,91.97062431699692,0.999774620273007,BULL,0.9464708287799796,96.26186725616668,HIGH,0.9465981036595241,1.0,37
NIFTY50,2022-12-12,BULL,0.9996920671404594,1.5380162553922137e-08,0.0003079174793780257,0.9463319700586713,6.4796643563915815e-06,0.053661550276972385,0.9996920671404594,91.94979550880068,0.9995381007106892,BULL,0.9463319700586713,96.26149679175275,HIGH,0.9465928113107538,1.0,38
NIFTY50,2022-12-13,BULL,0.9999772430157329,1.3478512161719674e-08,2.2743505754966606e-05,0.94658310593437,4.905810526400914e-07,0.0534164034845774,0.9999772430157329,91.98746589015549,0.9999658645235991,BULL,0.94658310593437,96.26216685545354,HIGH,0.9466023836493366,1.0,39
NIFTY50,2022-12-14,BULL,0.9999309957234541,1.197872121684751e-09,6.900307867380556e-05,0.9465423794377633,1.4501652806431368e-06,0.053456170396955924,0.9999309957234541,91.98135691566452,0.9998964935851812,BULL,0.9465423794377633,96.26205815951543,HIGH,0.9466008308502206,1.0,40
NIFTY50,2022-12-15,BEAR,0.4364534172774152,5.761820488956659e-07,0.5635460065405359,0.4503243890823124,0.0118322990695534,0.5378433118481343,0.5635460065405359,30.67649677722014,0.3453190098108038,BEAR,0.5378433118481343,67.93807483606768,MODERATE,0.9276867833723955,0.1,1
NIFTY50,2022-12-16,BEAR,0.0010049946437584543,0.00021488131983473608,0.9987801240364069,0.06684499908884481,0.021173315895210265,0.9119816850159449,0.9987801240364069,86.79725275239176,0.9981701860546104,BEAR,0.9119816850159449,69.91544293957858,MODERATE,0.913077756279694,0.2,2
NIFTY50,2022-12-19,BEAR,0.004153269754266457,0.00040413095108336966,0.9954425992946501,0.06961010347008545,0.021282683415761224,0.9091072131141533,0.9954425992946501,86.366081967123,0.9931638989419751,BEAR,0.9091072131141533,72.92330567377526,MODERATE,0.9131900810539324,0.3,3
NIFTY50,2022-12-20,BEAR,0.00041459541745019206,0.0002342091674085034,0.9993511954151414,0.06632431965182069,0.021203631591185147,0.9124720487569942,0.9993511954151414,86.87080731354912,0.9990267931227119,BEAR,0.9124720487569942,75.91410322213082,HIGH,0.9130586174590117,0.4,4
NIFTY50,2022-12-21,BEAR,3.019016198742463e-06,0.00044078797443799215,0.9995561930093633,0.0659538194598298,0.02140380590286133,0.912642374637309,0.9995561930093633,86.89635619559634,0.9993342895140449,BEAR,0.912642374637309,78.91364410006304,HIGH,0.9130520585723292,0.5,5
NIFTY50,2022-12-22,BEAR,3.186224705323086e-06,0.00040998693744334673,0.9995868268378514,0.0659551672214381,0.021375244666888813,0.9126695881116731,0.9995868268378514,86.90043821675097,0.9993802402567771,BEAR,0.9126695881116731,81.91356875794149,HIGH,0.913050982256307,0.6,6
NIFTY50,2022-12-23,BEAR,2.9290972372904217e-09,0.022061285306705054,0.9779387117641978,0.06510847533187857,0.04144969514796871,0.8934418295201527,0.9779387117641978,84.01627442802291,0.9669080676462967,BEAR,0.8934418295201527,84.96679848612254,HIGH,0.9138114069446078,0.7,7
NIFTY50,2022-12-26,BEAR,1.7028516371909674e-06,0.0011398542919893939,0.9988584428563735,0.06592541334651009,0.022051985217879634,0.9120226014356103,0.9988584428563735,86.80339021534155,0.9982876642845601,BEAR,0.9120226014356103,87.91535990391614,HIGH,0.913076570055945,0.8,8
NIFTY50,2022-12-27,BEAR,3.5964650277032684e-05,0.00017778314351757008,0.9997862522062054,0.06599308350006775,0.02115926462951087,0.9128476518704213,0.9997862522062054,86.9271477805632,0.999679378309308,BEAR,0.9128476518704213,90.91307482296594,HIGH,0.9130439260423707,0.9,9
NIFTY50,2022-12-28,BEAR,2.097419411230375e-05,0.00011378462368794769,0.9998652411821998,0.06598237681127758,0.021100241999025396,0.912917381189697,0.9998652411821998,86.93760717845453,0.9997978617732997,BEAR,0.912917381189697,93.91288223788108,HIGH,0.9130411748268726,1.0,10
NIFTY50,2022-12-29,BEAR,9.759843013010152e-05,8.98009328435487e-05,0.9998126006370264,0.06605078957720571,0.021076396356521823,0.9128728140662725,0.9998126006370264,86.93092210994088,0.9997189009555394,BEAR,0.9128728140662725,93.91300330712711,HIGH,0.9130429043875301,1.0,11
NIFTY50,2022-12-30,BEAR,3.170530773308859e-05,0.00010741226746792179,0.999860882424799,0.0659920753746206,0.021094108454707723,0.9129138161706718,0.999860882424799,86.93707242560077,0.9997913236371985,BEAR,0.9129138161706718,93.91289178378344,HIGH,0.9130413111969063,1.0,12
NIFTY50,2023-01-02,BEAR,0.00014970820547695131,0.00012065047615487901,0.9997296413183683,0.06609547685652899,0.021103905001054274,0.9128006181424168,0.9997296413183683,86.9200927213625,0.9995944619775524,BEAR,0.9128006181424168,93.91320160202814,HIGH,0.9130457371718307,1.0,13
NIFTY50,2023-01-03,BEAR,0.0003802483653839538,0.00013586627440421032,0.9994838853602118,0.0662979054892415,0.02111317236389051,0.912588922146868,0.9994838853602118,86.8883383220302,0.9992258280403176,BEAR,0.912588922146868,93.9137807079653,HIGH,0.9130540101137902,1.0,14
NIFTY50,2023-01-04,BEAR,9.258994775788609e-06,0.00016099921500857482,0.9998297417902156,0.06597021974657866,0.021144263803955933,0.9128855164494655,0.9998297417902156,86.9328274674198,0.9997446126853233,BEAR,0.9128855164494655,93.91297080447032,HIGH,0.9130424400638617,1.0,15
NIFTY50,2023-01-05,BEAR,1.3096257191914382e-05,9.779158437007521e-05,0.999889112158438,0.0659760625761138,0.02108557916892332,0.912938358254963,0.999889112158438,86.94075373824442,0.9998336682376568,BEAR,0.912938358254963,93.91282440293138,HIGH,0.9130403486133055,1.0,16
NIFTY50,2023-01-06,BEAR,5.604050221428877e-07,0.0002812136561549894,0.9997182259388229,0.0659578739456266,0.021255905374562085,0.9127862206798112,0.9997182259388229,86.91793310197168,0.9995773389082343,BEAR,0.9127862206798112,93.91324595447483,HIGH,0.9130463707782119,1.0,17
NIFTY50,2023-01-09,BEAR,0.0002090036116594814,0.00043839485533985086,0.9993526015330008,0.06613530993912532,0.021397262395612956,0.9124674276652618,0.9993526015330008,86.87011414978927,0.9990289022995011,BEAR,0.9124674276652618,93.91412221098233,HIGH,0.913058888728319,1.0,18
NIFTY50,2023-01-10,BEAR,4.2897758729314336e-06,0.0001904427149113271,0.9998052675092157,0.06596469607931682,0.02117166719453434,0.9128636367261488,0.9998052675092157,86.9295455089223,0.9997079012638236,BEAR,0.9128636367261488,93.91303152549129,HIGH,0.9130433075070186,1.0,19
NIFTY50,2023-01-11,BEAR,2.5011913985108377e-05,0.0001533677655844336,0.9998216203204305,0.06598438976156813,0.021136857435402816,0.9128787528030291,0.9998216203204305,86.93181292045436,0.9997324304806456,BEAR,0.9128787528030291,93.91298905402788,HIGH,0.9130427007718268,1.0,20
NIFTY50,2023-01-12,BEAR,0.0001504195715201723,0.00028523083186949655,0.9995643495966104,0.06608968856878951,0.02125648364909954,0.9126538277821108,0.9995643495966104,86.89807416731665,0.9993465243949157,BEAR,0.9126538277821108,93.9136079512469,HIGH,0.91305154216067,1.0,21
NIFTY50,2023-01-13,BEAR,0.00036290856555517225,0.00022342872060892511,0.9994136627138359,0.06627922259349299,0.0211947214845499,0.912526055921957,0.9994136627138359,86.87890838829355,0.9991204940707539,BEAR,0.912526055921957,93.91395526777633,HIGH,0.9130565038253761,1.0,22
NIFTY50,2023-01-16,BEAR,3.4438552456327496e-05,0.0001357201452497781,0.9998298413022939,0.06599337902732384,0.021120297218535564,0.9128863237541406,0.9998298413022939,86.93294856312107,0.9997447619534409,BEAR,0.9128863237541406,93.91296781071006,HIGH,0.9130423972958581,1.0,23
NIFTY50,2023-01-17,BEAR,0.002985104182410265,0.00042924832805040495,0.9965856474895395,0.06858039722475275,0.021330497287257815,0.9100891054879895,0.9965856474895395,86.51336582319841,0.9948784712343091,BEAR,0.9100891054879895,93.92062263330511,HIGH,0.9131517519043588,1.0,24
NIFTY50,2023-01-18,BEAR,0.024326397568982663,0.0006598795356536481,0.9750137228953637,0.08736529382216754,0.021096266689342585,0.8915384394884898,0.9750137228953637,83.73076592327347,0.9625205843430455,BEAR,0.8915384394884898,93.97133465522664,HIGH,0.9138762093603807,1.0,25
NIFTY50,2023-01-19,BEAR,0.010891996646418094,0.0003735813132143046,0.9887344220403675,0.07554565163237516,0.021112877964191066,0.9033414704034338,0.9887344220403675,85.50122056051505,0.9831016330605513,BEAR,0.9033414704034338,93.93906432191008,HIGH,0.9134152045987156,1.0,26
NIFTY50,2023-01-20,BEAR,0.0007091153976922495,0.00019103215438518231,0.9990998524479225,0.06658536707980826,0.021157415759686042,0.9122572171605058,0.9990998524479225,86.83858257407586,0.9986497786718836,BEAR,0.9122572171605058,93.91468908041898,HIGH,0.9130669868631285,1.0,27
NIFTY50,2023-01-23,BEAR,0.0065515846685702366,0.0003671340542810768,0.9930812812771487,0.07172358506319296,0.021198028025081698,0.9070783869117254,0.9930812812771487,86.0617580367588,0.9896219219157228,BEAR,0.9070783869117254,93.92884994579478,HIGH,0.9132692849399255,1.0,28
NIFTY50,2023-01-24,BEAR,0.029820913148478508,0.0005508246561800893,0.9696282621953414,0.0922082060443129,0.020879796162843252,0.8869119977928439,0.9696282621953414,83.03679966892659,0.9544423932930121,BEAR,0.8869119977928439,93.98397678865614,HIGH,0.9140568112665164,1.0,29
NIFTY50,2023-01-25,BEAR,7.90421395278477e-05,0.0003329113311584918,0.9995880465293137,0.06602497270602226,0.021302190048421328,0.9126728372455565,0.9995880465293137,86.90092558683345,0.9993820697939705,BEAR,0.9126728372455565,93.9135574770458,HIGH,0.9130508211006544,1.0,30
NIFTY50,2023-01-27,BEAR,6.541304127897439e-10,9.379390004740901e-05,0.9999062054458223,0.06596468594739376,0.02108214758990824,0.9129531664626981,0.9999062054458223,86.9429749694047,0.9998593081687335,BEAR,0.9129531664626981,93.9127838029335,HIGH,0.9130397686133358,1.0,31
NIFTY50,2023-01-30,BEAR,5.153553129746219e-08,8.804658083345265e-05,0.9999119018836352,0.06596495476484773,0.021076817793136363,0.9129582274420159,0.9999119018836352,86.94373411630238,0.9998678528254527,BEAR,0.9129582274420159,93.9127697907151,HIGH,0.9130395684387873,1.0,32
NIFTY50,2023-01-31,BEAR,9.017001082529748e-07,0.00011796431109789043,0.9998811339887939,0.06596453736545907,0.021104538695738945,0.9129309239388019,0.9998811339887939,86.9396385908203,0.9998217009831908,BEAR,0.9129309239388019,93.91284535140953,HIGH,0.9130406478772791,1.0,33
NIFTY50,2023-02-01,BEAR,2.1780704791795404e-08,3.246944365777995e-05,0.9999675087756374,0.06596709475562508,0.0210252890936141,0.9130076161507608,0.9999675087756374,86.95114242261411,0.9999512631634562,BEAR,0.9130076161507608,93.91263306518107,HIGH,0.9130376152168725,1.0,34
NIFTY50,2023-02-02,BEAR,1.9973439607338862e-07,6.753907546367325e-05,0.9999322611901403,0.06596588458161942,0.02105780078590561,0.9129763146324751,0.9999322611901403,86.94644719487124,0.9998983917852103,BEAR,0.9129763146324751,93.91271971413609,HIGH,0.9130388530590869,1.0,35
NIFTY50,2023-02-03,BEAR,0.00020016409490026166,0.0004396064850787088,0.999360229420021,0.06612747832809551,0.02139857136680929,0.912473950305095,0.999360229420021,86.87109254576427,0.9990403441300315,BEAR,0.912473950305095,93.91410442027137,HIGH,0.9130586345753055,1.0,36
NIFTY50,2023-02-06,BEAR,9.523041146149809e-05,0.00017513240435470926,0.9997296371841837,0.06604537830830272,0.02115556265428506,0.9127990590374121,0.9997296371841837,86.91985885561184,0.9995944557762756,BEAR,0.9127990590374121,93.91320756001684,HIGH,0.9130458222859551,1.0,37
NIFTY50,2023-02-07,BEAR,1.671796525281209e-05,0.00015254388927711364,0.9998307381454701,0.06597711793332657,0.021136267696919737,0.9128866143697536,0.9998307381454701,86.93299215546304,0.9997461072182051,BEAR,0.9128866143697536,93.91296754022432,HIGH,0.913042393431776,1.0,38
NIFTY50,2023-02-08,BEAR,0.00043383834111949195,0.0003004978028566887,0.9992656638560238,0.06633868195116012,0.021264688261469634,0.9123966297873701,0.9992656638560238,86.85949446810554,0.9988984957840357,BEAR,0.9123966297873701,93.9143114301403,HIGH,0.9130615918591474,1.0,39
NIFTY50,2023-02-09,BEAR,0.0008250348783015275,0.00017678045528642745,0.9989981846664121,0.0666880052883215,0.021141768294281906,0.9121702264173965,0.9989981846664121,86.82553396260948,0.998497276999618,BEAR,0.9121702264173965,93.91492640987782,HIGH,0.913070377283969,1.0,40
NIFTY50,2023-02-10,BEAR,0.00042296240928776403,0.00012907798567995352,0.9994479596050323,0.06633578554571817,0.021105981692879645,0.9125582327614022,0.9994479596050323,86.88373491421032,0.9991719394075484,BEAR,0.9125582327614022,93.9138643803933,HIGH,0.91305520543419,1.0,41
NIFTY50,2023-02-13,BEAR,2.8995847021428622e-05,0.00011567936412039403,0.9998553247888582,0.06598936710796553,0.02110183032499474,0.9129088025670399,0.9998553247888582,86.93632038505596,0.9997829871832873,BEAR,0.9129088025670399,93.91290574497006,HIGH,0.9130415106424294,1.0,42
NIFTY50,2023-02-14,BEAR,0.0027920634925382563,0.00035109653327355033,0.9968568399741882,0.06841344494594322,0.02126209039548784,0.910324464658569,0.9968568399741882,86.54866969878533,0.9952852599612823,BEAR,0.910324464658569,93.9199768887178,HIGH,0.9131425269816829,1.0,43
NIFTY50,2023-02-15,BEAR,0.12571843587560658,0.0008717437300261806,0.8734098203943673,0.17664639410702618,0.019163955753863142,0.8041896501391108,0.8734098203943673,70.62844752086662,0.8101147305915508,BEAR,0.8041896501391108,94.21009313498374,HIGH,0.9172870447854821,1.0,44
NIFTY50,2023-02-16,BULL,0.980879835779303,0.00043867799062390815,0.018681486230073048,0.9297481668775552,0.0008081597213086847,0.06944367340113618,0.980879835779303,89.46222503163327,0.9713197536689544,BULL,0.9297481668775552,69.21837291412037,MODERATE,0.9459767559160053,0.1,1
NIFTY50,2023-02-17,BULL,0.9788750802568961,2.1261750236173233e-05,0.021103657992867713,0.9279989787483298,0.0004632350947620989,0.07153778615690806,0.9788750802568961,89.19984681224948,0.9683126203853439,BULL,0.9279989787483298,72.21263604374879,MODERATE,0.9458948006249829,0.2,2
NIFTY50,2023-02-20,BULL,0.5492320655957491,4.292811140926661e-05,0.4507250062928417,0.5496395414343698,0.009503757864393718,0.44085670070123645,0.5492320655957491,32.44593121515547,0.32384809839362366,BULL,0.5496395414343698,74.20317125439286,MODERATE,0.9314738750627551,0.3,3
NIFTY50,2023-02-21,BEAR,0.2669919352721945,0.0003388125737412938,0.7326692521540643,0.30107752654309367,0.015703776016735352,0.683218697440171,0.7326692521540643,52.48280461602566,0.5990038782310965,BEAR,0.683218697440171,85.54072843539137,HIGH,0.922010406219877,0.7,1
NIFTY50,2023-02-22,BEAR,3.475366742780322e-05,0.0003538578037196298,0.9996113885288526,0.06598515431895745,0.0213225407850222,0.9126923048960204,0.9996113885288526,86.90384573440303,0.9994170827932787,BEAR,0.9126923048960204,84.91350491802902,HIGH,0.9130500702575576,0.7,2
NIFTY50,2023-02-23,BEAR,3.121931711398329e-06,0.0001511043798724609,0.9998457736884162,0.06596520089978875,0.021135218481587843,0.9128995806186234,0.9998457736884162,86.93493709279349,0.9997686605326241,BEAR,0.9128995806186234,84.91293205453944,HIGH,0.9130418864934207,0.7,3
NIFTY50,2023-02-24,BEAR,2.3261950107483313e-06,0.00018342119999427967,0.999814252604995,0.06596324055468353,0.021165198298721082,0.9128715611465953,0.999814252604995,86.93073417198931,0.9997213789074924,BEAR,0.9128715611465953,84.91300964690622,HIGH,0.9130429949558032,0.7,4
NIFTY50,2023-02-27,BEAR,1.1525054057158377e-06,0.00035513385964527043,0.9996437136349491,0.06595551423015934,0.021324429365409566,0.9127200564044311,0.9996437136349491,86.90800846066466,0.9994655704524235,BEAR,0.9127200564044311,84.9134291041085,HIGH,0.9130489872015503,0.7,5
NIFTY50,2023-02-28,BEAR,1.3196732321721743e-08,0.0007703818393689335,0.9992296049638988,0.06593832606497131,0.021709457783128033,0.9123522161519007,0.9992296049638988,86.8528324227851,0.998844407445848,BEAR,0.9123522161519007,84.91444745793632,HIGH,0.913063535113376,0.7,6
NIFTY50,2023-03-01,BEAR,3.5510259061867743e-06,0.00042045362149420505,0.9995759953525996,0.06595508052493897,0.02138494137878071,0.9126599780962804,0.9995759953525996,86.89899671444205,0.9993639930288993,BEAR,0.9126599780962804,84.91359535106682,HIGH,0.9130513621580975,0.7,7
NIFTY50,2023-03-02,BEAR,1.5555216932019835e-07,0.0005785163488161492,0.9994213280990145,0.06594592964450775,0.021531563316419183,0.9125225070390731,0.9994213280990145,86.87837605586095,0.9991319921485218,BEAR,0.9125225070390731,87.91397602473484,HIGH,0.9130568003533549,0.8,8
NIFTY50,2023-03-03,BEAR,0.00010018115179836185,0.0004825261100208322,0.9994172927381807,0.06603775701810519,0.02144046421539018,0.9125217787665046,0.9994172927381807,86.87826681497567,0.9991259391072712,BEAR,0.9125217787665046,90.91397502638482,HIGH,0.9130567860912118,0.9,9
NIFTY50,2023-03-06,BEAR,0.0005746304216985248,0.0001675161699348345,0.9992578534083667,0.0664678514962973,0.021138436036309927,0.9123937124673926,0.9992578534083667,86.8590568701089,0.99888678011255,BEAR,0.9123937124673926,93.91431526330942,HIGH,0.9130616466187061,1.0,10
NIFTY50,2023-03-08,BEAR,0.002216778456062391,0.0002276223041683873,0.9975555992397691,0.06791164149417447,0.021159687298964447,0.910928671206861,0.9975555992397691,86.63930068102914,0.9963333988596537,BEAR,0.910928671206861,93.91832155627331,HIGH,0.9131188793753332,1.0,11
NIFTY50,2023-03-09,BEAR,2.9229602400349375e-05,0.00017938194478740212,0.9997913884528122,0.06598709006705109,0.021160888389916893,0.9128520215430319,0.9997913884528122,86.9278032314548,0.9996870826792184,BEAR,0.9128520215430319,93.91306292905148,HIGH,0.913043756129307,1.0,12
NIFTY50,2023-03-10,BEAR,1.6886727654614945e-06,0.00023977011878578504,0.9997585412084488,0.06596048285526168,0.021217456578803535,0.9128220605659346,0.9997585412084488,86.9233090848902,0.999637811812673,BEAR,0.9128220605659346,93.91314670225339,HIGH,0.9130449528893342,1.0,13
NIFTY50,2023-03-13,BEAR,2.0824966077586976e-08,0.002797738491599229,0.9972022406834347,0.06585931382156929,0.023589157146412656,0.9105515290320181,0.9972022406834347,86.58272935480271,0.995803361025152,BEAR,0.9105515290320181,93.91943243360596,HIGH,0.9131347490515138,1.0,14
NIFTY50,2023-03-14,BEAR,1.7131740413043948e-08,0.003979992779610235,0.9960199900886494,0.06581323061306193,0.024685305165813447,0.9095014642211245,0.9960199900886494,86.42521963316868,0.9940299851329739,BEAR,0.9095014642211245,93.92233940612655,HIGH,0.9131762772303795,1.0,15
NIFTY50,2023-03-15,BEAR,2.996286305944894e-08,0.004644156610326695,0.9953558134268102,0.06578735523111799,0.025301096121271495,0.9089115486476106,0.9953558134268102,86.33673229714157,0.9930337201402152,BEAR,0.9089115486476106,93.92397251283784,HIGH,0.9131996073262549,1.0,16
NIFTY50,2023-03-16,BEAR,5.2190468626476536e-08,0.0016892765951029589,0.9983106712144284,0.06590254524121736,0.02256142646500135,0.9115360282937813,0.9983106712144284,86.73040424406719,0.9974660068216424,BEAR,0.9115360282937813,93.91670697023093,HIGH,0.913095813860442,1.0,17
NIFTY50,2023-03-17,BEAR,4.1478975784636796e-07,0.0002822626304727233,0.9997173225797694,0.06595770482656715,0.021256881006845123,0.9127854141665876,0.9997173225797694,86.91781212498815,0.999575983869654,BEAR,0.9127854141665876,93.91324819159372,HIGH,0.9130464027370533,1.0,18
NIFTY50,2023-03-20,BEAR,3.181756704387016e-07,0.0007801242811853515,0.9992195575431443,0.06593821491522375,0.021718484257021525,0.9123433008277547,0.9992195575431443,86.8514951241632,0.9988293363147163,BEAR,0.9123433008277547,93.91447212969915,HIGH,0.9130638875671309,1.0,19
NIFTY50,2023-03-21,BEAR,1.6680883289722458e-05,0.00040948161588183235,0.9995738375008284,0.06596707078307146,0.02137449282623045,0.912658436390698,0.9995738375008284,86.8987654586047,0.9993607562512424,BEAR,0.912658436390698,93.91359922338913,HIGH,0.9130514174769878,1.0,20
NIFTY50,2023-03-22,BEAR,2.3885114933312542e-08,5.5759776712582295e-06,0.9999944001372139,0.06596814481796684,0.021000354297500856,0.9130315008845321,0.9999944001372139,86.95472513267984,0.9999916002058208,BEAR,0.9130315008845321,93.9125669432351,HIGH,0.9130366706176445,1.0,21
NIFTY50,2023-03-23,BEAR,7.797628801141322e-06,0.00021435240947990648,0.999777849961719,0.06596685330409169,0.021193761842081354,0.9128393848538271,0.999777849961719,86.92590772807405,0.9996667749425784,BEAR,0.9128393848538271,93.91309855803425,HIGH,0.9130442651147751,1.0,22
NIFTY50,2023-03-24,BEAR,1.167049733518654e-07,0.0008264713122722861,0.9991734119827543,0.06593623105504155,0.021761459955301564,0.9123023089896569,0.9991734119827543,86.84534634844854,0.9987601179741313,BEAR,0.9123023089896569,93.91458561652092,HIGH,0.913065508807442,1.0,23
NIFTY50,2023-03-27,BEAR,3.351826278313184e-07,0.0007007625554868014,0.9992989022618853,0.06594132312248648,0.021644902274439725,0.9124137746030737,0.9992989022618853,86.86206619046108,0.9989483533928278,BEAR,0.9124137746030737,93.91427703139999,HIGH,0.9130611004485711,1.0,24
NIFTY50,2023-03-28,BEAR,1.7600272307652767e-07,0.0010990393889874972,0.9989007846082895,0.0659256595661301,0.022014175016240933,0.9120601654176289,0.9989007846082895,86.80902481264435,0.998351176912434,BEAR,0.9120601654176289,93.91525595876948,HIGH,0.9130750851252784,1.0,25
NIFTY50,2023-03-29,BEAR,4.251769181408424e-06,0.00031015583238035583,0.9996855923984382,0.06595999662901578,0.02128266212349914,0.912757341247485,0.9996855923984382,86.91360118712275,0.9995283885976574,BEAR,0.912757341247485,93.91332579230533,HIGH,0.9130475113186478,1.0,26
NIFTY50,2023-03-31,BEAR,0.013185201952465243,0.003487099998060301,0.9833276980494745,0.0774437744501392,0.02395148552909593,0.8986047400207648,0.9833276980494745,84.79071100311472,0.9749915470742118,BEAR,0.8986047400207648,93.95210825389908,HIGH,0.9136015464842727,1.0,27
NIFTY50,2023-04-03,BEAR,0.3344965546349172,0.0020757474802816215,0.6634276978848013,0.360456744533757,0.015896933942500524,0.6236463215237424,0.6634276978848013,43.54694822856137,0.4951415468272019,BEAR,0.6236463215237424,94.7036126751592,HIGH,0.9243373239308459,1.0,28
NIFTY50,2023-04-05,BULL,0.9990408106915943,0.00017499843748542478,0.0007841908709201625,0.9457516307614411,0.0001823915455610464,0.05406597769299791,0.9990408106915943,91.86274461421617,0.9985612160373917,BULL,0.9457516307614411,69.26039681227645,MODERATE,0.9465770973182349,0.1,1
NIFTY50,2023-04-06,BULL,0.9999970198398498,3.0960722253335305e-07,2.67055292760452e-06,0.9466005105520222,3.499239422808799e-07,0.0533991395240355,0.9999970198398498,91.99007658280331,0.9999955297597747,BULL,0.9466005105520222,72.26221405254176,MODERATE,0.9466030578934538,0.2,2
NIFTY50,2023-04-10,BULL,0.9999986207510956,5.347502461999675e-10,1.3787141541902774e-06,0.9466019324167031,2.97505141595949e-08,0.053398037832782796,0.9999986207510956,91.99028986250545,0.9999979311266434,BULL,0.9466019324167031,75.26221705418865,HIGH,0.9466031007741237,0.3,3
NIFTY50,2023-04-11,BULL,0.9999997254748406,5.017674919954399e-11,2.7447498268193327e-07,0.9466029052937708,6.107354286429317e-09,0.05339708859887497,0.9999997254748406,91.99043579406562,0.9999995882122608,BULL,0.9466029052937708,78.26221964873021,HIGH,0.9466031378390031,0.4,4
NIFTY50,2023-04-12,BULL,0.9999999972987708,6.307420504884809e-12,2.694921795069399e-09,0.9466031446730947,3.5968646032209945e-10,0.053396854967218896,0.9999999972987708,91.9904717009642,0.9999999959481561,BULL,0.9466031446730947,81.26222028731812,HIGH,0.9466031469616875,0.5,5
NIFTY50,2023-04-13,BULL,0.999999994238702,3.703560565825103e-13,5.760927647032528e-09,0.946603141978523,4.1842851536143887e-10,0.05339685760304852,0.999999994238702,91.99047129677845,0.9999999913580528,BULL,0.946603141978523,84.26222028011334,HIGH,0.9466031468587622,0.6,6
NIFTY50,2023-04-17,BULL,0.9999919147278314,2.0496089956532434e-12,8.08527011888402e-06,0.94659602687997,1.7005080795627834e-07,0.053403803069222024,0.9999919147278314,91.9894040319955,0.9999878720917473,BULL,0.94659602687997,87.2622012959565,HIGH,0.9466028756565216,0.7,7
NIFTY50,2023-04-18,BULL,0.9999961041227493,2.716626744749626e-10,3.8956055880807154e-06,0.9465997161964418,8.234366466165755e-08,0.05340020145989347,0.9999961041227493,91.98995742946629,0.9999941561841238,BULL,0.9465997161964418,90.2622111403029,HIGH,0.9466030162900414,0.8,8
NIFTY50,2023-04-19,BULL,0.9999979016906041,1.5380322633907944e-10,2.0981555926512078e-06,0.9466012992018547,4.44941201845938e-08,0.05339865630402518,0.9999979016906041,91.9901948802782,0.999996852535906,BULL,0.9466012992018547,93.26221536369917,HIGH,0.9466030766242739,0.9,9
NIFTY50,2023-04-20,BULL,0.9999973824845503,6.933158899344474e-11,2.6174461181256145e-06,0.9466008419742246,5.531662777852161e-08,0.05339910270914766,0.9999973824845503,91.99012629613367,0.9999960737268254,BULL,0.9466008419742246,96.26221414353009,HIGH,0.9466030591932869,1.0,10
NIFTY50,2023-04-21,BULL,0.9999985535836518,9.514440429204305e-11,1.4463212039312824e-06,0.9466018732838483,3.0753118725953964e-08,0.05339809596303292,0.9999985535836518,91.99028099257725,0.9999978303754776,BULL,0.9466018732838483,96.26221689528664,HIGH,0.9466030985040949,1.0,11
NIFTY50,2023-04-24,BULL,0.9999997982665064,3.414809689583869e-11,2.016993455629232e-07,0.9466029693972698,4.5642185755710484e-09,0.05339702603851147,0.9999997982665064,91.99044540959049,0.9999996973997595,BULL,0.9466029693972698,96.26221981972701,HIGH,0.9466031402818144,1.0,12
NIFTY50,2023-04-25,BULL,0.9999981520780251,4.895788987085895e-12,1.8479170790932557e-06,0.9466015197075365,3.909912789008485e-08,0.05339844119333571,0.9999981520780251,91.99022795613045,0.9999972281170375,BULL,0.9466015197075365,96.26221595166014,HIGH,0.9466030850237164,1.0,13
NIFTY50,2023-04-26,BULL,0.999999046601558,3.29656837132297e-11,9.533654763301877e-07,0.9466023074550002,2.0344466655168123e-08,0.05339767220053324,0.999999046601558,91.99034611825002,0.999998569902337,BULL,0.9466023074550002,96.26221805356168,HIGH,0.946603115050881,1.0,14
NIFTY50,2023-04-27,BULL,0.9999996520184832,1.7264253622188978e-11,3.47964252661065e-07,0.9466028406068285,7.619068672948288e-09,0.0533971517741029,0.9999996520184832,91.99042609102428,0.9999994780277246,BULL,0.9466028406068285,96.26221947605131,HIGH,0.9466031353721617,1.0,15
NIFTY50,2023-04-28,BULL,0.9999999856404818,6.115480857494732e-12,1.435340279612815e-08,0.9466031344064071,6.042764314687777e-10,0.05339686498931657,0.9999999856404818,91.99047016096105,0.9999999784607226,BULL,0.9466031344064071,96.26222025992452,HIGH,0.9466031465703505,1.0,16
NIFTY50,2023-05-02,BULL,0.9999999964188416,3.213125943270133e-13,3.5808370922847265e-09,0.9466031438984316,3.7261061045332434e-10,0.053396855728957686,0.9999999964188416,91.99047158476475,0.9999999946282623,BULL,0.9466031438984316,96.26222028523583,HIGH,0.9466031469319406,1.0,17
NIFTY50,2023-05-03,BULL,0.9999995687685911,3.1186181738119247e-13,4.312310970689452e-07,0.9466027672947367,9.351197817283198e-09,0.05339722335406551,0.9999995687685911,91.99041509421049,0.9999993531528865,BULL,0.9466027672947367,96.26221928040009,HIGH,0.946603132577144,1.0,18
NIFTY50,2023-05-04,BULL,0.9999999936591792,1.0864924488028286e-11,6.329955786742584e-09,0.946603141467766,4.403259260758025e-10,0.053396858091908014,0.9999999936591792,91.9904712201649,0.9999999904887689,BULL,0.946603141467766,96.2622202787775,HIGH,0.9466031468396787,1.0,19
NIFTY50,2023-05-05,BULL,0.999934465846211,2.771289925908809e-12,6.553415101768002e-05,0.9465454353952248,1.3762013538105849e-06,0.05345318840342145,0.999934465846211,91.9818153092837,0.9999016987693166,BULL,0.9465454353952248,96.26206631021019,HIGH,0.9466009472887172,1.0,20
NIFTY50,2023-05-08,BULL,0.9999999785839826,1.2923711668812239e-09,2.012364619353806e-08,0.9466031281420747,1.9450036073106017e-09,0.05339686991292164,0.9999999785839826,91.99046922131119,0.9999999678759739,BULL,0.9466031281420747,96.26222024650684,HIGH,0.946603146378669,1.0,21
NIFTY50,2023-05-09,BULL,0.9999999855278275,8.454746914510427e-13,1.447132693000366e-08,0.9466031343074053,6.017554463943146e-10,0.05339686509083929,0.9999999855278275,91.9904701461108,0.9999999782917415,BULL,0.9466031343074053,96.26222025964688,HIGH,0.9466031465663841,1.0,22
NIFTY50,2023-05-10,BULL,0.9999999974025338,2.3869201752376444e-13,2.597227532509414e-09,0.9466031447647085,3.5188120837528875e-10,0.05339685488341031,0.9999999974025338,91.99047171470627,0.9999999961038006,BULL,0.9466031447647085,96.26222028754698,HIGH,0.9466031469649571,1.0,23
NIFTY50,2023-05-11,BULL,0.9999999898605021,1.555300178789588e-13,1.0139342282379053e-08,0.9466031381229362,5.101504489741104e-10,0.053396861366913344,0.9999999898605021,91.9904707184404,0.9999999847907531,BULL,0.9466031381229362,96.26222026982553,HIGH,0.9466031467117934,1.0,24
NIFTY50,2023-05-12,BULL,0.9999999913617482,2.102928365054544e-13,8.638041542075865e-09,0.9466031394449834,4.786822868076605e-10,0.05339686007633417,0.9999999913617482,91.99047091674751,0.9999999870426222,BULL,0.9466031394449834,96.26222027335307,HIGH,0.9466031467621869,1.0,25
NIFTY50,2023-05-15,BULL,0.9999999967554408,2.0663507754621018e-13,3.2443525613833373e-09,0.9466031441948572,3.6543732263946213e-10,0.053396855439705536,0.9999999967554408,91.9904716292286,0.9999999951331611,BULL,0.9466031441948572,96.26222028602645,HIGH,0.9466031469432351,1.0,26
NIFTY50,2023-05-16,BULL,0.9999990184903048,4.3423382913141127e-13,9.81509260876294e-07,0.9466022827005202,2.09045054959948e-08,0.05339769639497435,0.9999990184903048,91.99034240507801,0.9999985277354574,BULL,0.9466022827005202,96.2622179874296,HIGH,0.9466031141061373,1.0,27
NIFTY50,2023-05-17,BULL,0.9999261299226085,5.987434954449648e-11,7.387001751716438e-05,0.9465380944885351,1.5512685530650678e-06,0.053460354242911894,0.9999261299226085,91.98071417328026,0.9998891948839128,BULL,0.9465380944885351,96.26204672370504,HIGH,0.9466006674815005,1.0,28
NIFTY50,2023-05-18,BULL,0.9989190675241224,9.622988295831532e-09,0.0010809228528893243,0.9456512399159426,2.2703596158909865e-05,0.05432605648789856,0.9989190675241224,91.84768598739137,0.9983786012861836,BULL,0.9456512399159426,96.25968048581677,HIGH,0.9465668640830966,1.0,29
NIFTY50,2023-05-19,BULL,0.999428851284288,1.0419167047832244e-07,0.0005710445240414476,0.9461001695527039,1.208827301373931e-05,0.05388774217428238,0.999428851284288,91.91502543290557,0.9991432769264319,BULL,0.9461001695527039,96.26087854048464,HIGH,0.9465839791497807,1.0,30
NIFTY50,2023-05-22,BULL,0.9999083134903632,3.472005963061093e-08,9.165178957717985e-05,0.9465224033672548,1.957463640489857e-06,0.053475639169104784,0.9999083134903632,91.97836050508822,0.9998624702355449,BULL,0.9465224033672548,96.2620049462441,HIGH,0.94660007066063,1.0,31
NIFTY50,2023-05-23,BULL,0.9999693763762235,3.338053302104614e-09,3.0620285723135894e-05,0.9465761786930503,6.463406960871317e-07,0.05342317496625354,0.9999693763762235,91.98642680395753,0.9999540645643351,BULL,0.9465761786930503,96.26214834653555,HIGH,0.9466021192362221,1.0,32
NIFTY50,2023-05-24,BULL,0.9979649645741445,6.240328244847769e-09,0.0020350291855272414,0.9448110237815887,4.273202746213525e-05,0.05514624419094925,0.9979649645741445,91.72165356723828,0.9969474468612166,BULL,0.9448110237815887,96.25743865317149,HIGH,0.9465348379024499,1.0,33
NIFTY50,2023-05-25,BULL,0.9999474403520258,7.617301701857554e-08,5.248347495728226e-05,0.9465568582277968,1.174421797176571e-06,0.05344196735040595,0.9999474403520258,91.98352873416951,0.9999211605280385,BULL,0.9465568582277968,96.26209698327077,HIGH,0.9466013854752969,1.0,34
NIFTY50,2023-05-26,BULL,0.9999958644917881,1.9701779253209987e-09,4.133538033989597e-06,0.946599505102875,8.894956934640553e-08,0.0534004059475557,0.9999958644917881,91.98992576543125,0.9999937967376822,BULL,0.946599505102875,96.26221058142627,HIGH,0.9466030083060899,1.0,35
NIFTY50,2023-05-29,BULL,0.999999661611856,6.908492727448063e-11,3.3831905899905657e-07,0.9466028490530668,7.46570048851394e-09,0.053397143481232694,0.999999661611856,91.99042735796,0.9999994924177841,BULL,0.9466028490530668,96.26221949871993,HIGH,0.9466031356959993,1.0,36
NIFTY50,2023-05-30,BULL,0.9999996650423989,5.020742410818521e-12,3.3495258046237645e-07,0.9466028520766191,7.334277370298157e-09,0.0533971405891035,0.9999996650423989,91.99042781149285,0.9999994975635982,BULL,0.9466028520766191,96.26221950662308,HIGH,0.9466031358089012,1.0,37
NIFTY50,2023-05-31,BEAR,8.010562895390145e-05,5.2013579685829496e-11,0.9999198943190324,0.06603888491813782,0.020993503148558083,0.9129676119333041,0.9999198943190324,86.94514178999562,0.9998798414785486,BEAR,0.9129676119333041,66.91274139833297,MODERATE,0.9130391628333283,0.1,1
NIFTY50,2023-06-01,BULL,0.9649915431547569,0.0008869989133424912,0.034121457931900676,0.915738909472573,0.0015574060193985085,0.08270368450802858,0.9649915431547569,87.36083642088595,0.9474873147321353,BULL,0.915738909472573,93.1821430674918,HIGH,0.9454591866784543,0.9,1
NIFTY50,2023-06-02,BULL,0.9998590105979145,5.241656416636955e-06,0.0001357477456689312,0.9464787825767607,7.820289968950611e-06,0.05351339713327045,0.9998590105979145,91.9718173865141,0.9997885158968716,BULL,0.9464787825767607,93.26190190391344,HIGH,0.946598598627335,0.9,2
NIFTY50,2023-06-05,BULL,0.9999967255877836,1.1584280996352444e-08,3.2628279353796462e-06,0.9466002630392573,7.978458537937215e-08,0.05339965717615738,0.9999967255877836,91.99003945588858,0.9999950883816753,BULL,0.9466002630392573,93.26221262835486,HIGH,0.9466030375479265,0.9,3
NIFTY50,2023-06-06,BULL,0.9999993562059205,8.575711735944885e-11,6.437083224246458e-07,0.9466025801013203,1.3893212411066683e-08,0.05339740600546744,0.9999993562059205,91.99038701519804,0.9999990343088806,BULL,0.9466025801013203,93.26221878115868,HIGH,0.946603125445124,0.9,4
NIFTY50,2023-06-07,BULL,0.9999999934657289,9.488197929280649e-12,6.524782901959628e-09,0.9466031412974606,4.431109963614525e-10,0.05339685825942843,0.9999999934657289,91.99047119461908,0.9999999901985933,BULL,0.9466031412974606,93.26222027831957,HIGH,0.9466031468331367,0.9,5
NIFTY50,2023-06-08,BULL,0.9999980895485993,6.929599115090136e-13,1.910450707815437e-06,0.9466014646421115,4.0408048004673705e-08,0.05339849494984063,0.9999980895485993,91.99021969631673,0.9999971343228987,BULL,0.9466014646421115,93.26221580472645,HIGH,0.9466030829246636,0.9,6
NIFTY50,2023-06-09,BULL,0.999873404357017,1.4815529110301326e-10,0.00012659549482771707,0.9464916625168717,2.6583333889130253e-06,0.0535056791497395,0.999873404357017,91.97374937753074,0.9998101065355255,BULL,0.9464916625168717,93.26192283639439,HIGH,0.946598897662777,0.9,7
NIFTY50,2023-06-12,BULL,0.9999059849332664,7.731363753984255e-09,9.400733536976105e-05,0.9465203538107486,1.9813290806647472e-06,0.053477664860170734,0.9999059849332664,91.97805307161228,0.9998589773998995,BULL,0.9465203538107486,93.26199940854903,HIGH,0.9465999915507005,0.9,8
NIFTY50,2023-06-13,BULL,0.9999991069759082,2.1036487555439757e-09,8.909204430230244e-07,0.9466023605420467,2.099676640324061e-08,0.05339761846118696,0.9999991069759082,91.99035408130699,0.9999986604638623,BULL,0.9466023605420467,93.26221820051276,HIGH,0.9466031171501825,0.9,9
NIFTY50,2023-06-14,BULL,0.9999993365578224,2.0873026933494166e-11,6.634213046225522e-07,0.94660256280105,1.4245569428275054e-08,0.05339742295338054,0.9999993365578224,91.99038442015748,0.9999990048367335,BULL,0.94660256280105,96.26221873483264,HIGH,0.9466031247833236,1.0,10
NIFTY50,2023-06-15,BULL,0.9998792005936882,6.479465400905128e-11,0.00012079934151725995,0.9464967668878767,2.5365630405244787e-06,0.053500696549082766,0.9998792005936882,91.97451503318152,0.9998188008905321,BULL,0.9464967668878767,96.26193645541615,HIGH,0.9465990922202308,1.0,11
NIFTY50,2023-06-16,BULL,0.9999926306118477,5.483483965539103e-09,7.36390466825066e-06,0.9465966570987054,1.6010289952317593e-07,0.05340318279839501,0.9999926306118477,91.98949856480581,0.9999889459177714,BULL,0.9465966570987054,96.26220299152362,HIGH,0.9466028998789088,1.0,12
NIFTY50,2023-06-19,BULL,0.999640261621078,1.025141604568608e-09,0.0003597373537804122,0.9462863488746707,7.554021289767689e-06,0.05370609710403963,0.999640261621078,91.9429523312006,0.999460392431617,BULL,0.9462863488746707,96.26137503073056,HIGH,0.9465910718675794,1.0,13
NIFTY50,2023-06-20,BULL,0.999986799121324,1.2980840791805732e-08,1.3187897835130489e-05,0.9465915213929602,2.894874265551487e-07,0.053408189119613245,0.999986799121324,91.98872820894401,0.9999801986819861,BULL,0.9465915213929602,96.26218930789692,HIGH,0.9466027043985275,1.0,14
NIFTY50,2023-06-21,BULL,0.9999974621851446,3.534685206633356e-10,2.537461386932461e-06,0.9466009121502672,5.390674166051351e-08,0.053399033942991024,0.9999974621851446,91.99013682254008,0.9999961932777169,BULL,0.9466009121502672,96.2622143314986,HIGH,0.9466030618785515,1.0,15
NIFTY50,2023-06-22,BULL,0.9997954926364845,2.66314481081873e-10,0.0002045070972009816,0.9464230507393748,4.294213900154898e-06,0.05357265504672498,0.9997954926364845,91.9634576109062,0.9996932389547267,BULL,0.9464230507393748,96.26173977007714,HIGH,0.9465962824296735,1.0,16
NIFTY50,2023-06-23,BULL,0.9830695110057964,1.7699520023414676e-07,0.01693031199900331,0.9316935622636816,0.0003556231437568759,0.06795081459256154,0.9830695110057964,89.75403433955222,0.9746042665086945,BULL,0.9316935622636816,96.22243971558898,HIGH,0.9460348530798426,1.0,17
NIFTY50,2023-06-26,BULL,0.987774814598336,8.671175916892909e-06,0.012216514225747136,0.9358368853076174,0.00026470995572414144,0.06389840473665853,0.987774814598336,90.3755327961426,0.9816622218975041,BULL,0.9358368853076174,96.233516498598,HIGH,0.9461930928371144,1.0,18
NIFTY50,2023-06-27,BULL,0.9991404983303763,2.3589370758436905e-06,0.0008571427325479355,0.9458461480233498,2.023282354298022e-05,0.05413361915310722,0.9991404983303763,91.87692220350246,0.9987107474955643,BULL,0.9458461480233498,96.26020655110241,HIGH,0.9465743793014632,1.0,19
NIFTY50,2023-06-28,BULL,0.9999247464548465,1.9452427640082454e-07,7.505902087700497e-05,0.9465368685791585,1.7606158187865352e-06,0.05346137080502265,0.9999247464548465,91.98053028687376,0.99988711968227,BULL,0.9465368685791585,96.26204395117435,HIGH,0.9466006278739194,1.0,20
NIFTY50,2023-06-30,BULL,0.9999999897043886,1.936674137500738e-09,8.3589371721424e-09,0.9466031379099787,2.3089055067169815e-09,0.0533968597811157,0.9999999897043886,91.99047068649679,0.9999999845565828,BULL,0.9466031379099787,96.26222027422031,HIGH,0.9466031467745758,1.0,21
NIFTY50,2023-07-03,BULL,0.9999999992607492,1.4824737660749726e-12,7.377683266311212e-10,0.9466031464010692,3.1402082666630315e-10,0.05339685328490999,0.9999999992607492,91.99047196016036,0.9999999988911237,BULL,0.9466031464010692,96.26222029191622,HIGH,0.9466031470273748,1.0,22
NIFTY50,2023-07-04,BULL,0.9999999993865436,1.833434941398184e-13,6.13273016348617e-10,0.9466031465118988,3.10175237586323e-10,0.05339685317792598,0.9999999993865436,91.9904719767848,0.9999999990798154,BULL,0.9466031465118988,96.26222029220861,HIGH,0.9466031470315518,1.0,23
NIFTY50,2023-07-05,BULL,0.9999999984766579,1.7141808632628528e-13,1.5231706940066592e-09,0.9466031457106222,3.2926740009973057e-10,0.053396853960110416,0.9999999984766579,91.99047185659332,0.9999999977149868,BULL,0.9466031457106222,96.26222029007067,HIGH,0.9466031470010098,1.0,24
NIFTY50,2023-07-06,BULL,0.9999999999384896,2.34083917694072e-13,6.127619751287129e-11,0.9466031469979598,2.986340726409004e-10,0.053396852703406196,0.9999999999384896,91.99047204969395,0.9999999999077345,BULL,0.9466031469979598,96.26222029350566,HIGH,0.946603147050081,1.0,25
NIFTY50,2023-07-07,BULL,0.9999996353414637,4.967630328973025e-13,3.6465803949191684e-07,0.9466028259211183,7.953659498154406e-09,0.05339716612522222,0.9999996353414637,91.99042388816775,0.9999994530121956,BULL,0.9466028259211183,96.26221943682462,HIGH,0.9466031348117804,1.0,26
NIFTY50,2023-07-10,BULL,0.9999999437726133,4.3087051341914045e-12,5.622307793486357e-08,0.9466030975361753,1.4816248740327494e-09,0.05339690098219983,0.9999999437726133,91.99046463042629,0.9999999156589199,BULL,0.9466030975361753,96.26222016154455,HIGH,0.9466031451649222,1.0,27
NIFTY50,2023-07-11,BULL,0.9999999835993655,7.366586080488813e-13,1.6399897969504347e-08,0.9466031326091386,6.421429760844602e-10,0.053396866748718484,0.9999999835993655,91.9904698913708,0.9999999753990481,BULL,0.9466031326091386,96.26222025511537,HIGH,0.9466031465016482,1.0,28
NIFTY50,2023-07-12,BULL,0.9999991273488271,7.859026839747262e-13,8.726503869503287e-07,0.9466023785651101,1.861932677802904e-08,0.053397602815563154,0.9999991273488271,91.99035678476652,0.9999986910232407,BULL,0.9466023785651101,96.26221824321175,HIGH,0.9466031177601679,1.0,29
NIFTY50,2023-07-13,BULL,0.9999999090801664,1.1785560615422732e-11,9.090804794164917e-08,0.9466030669845077,2.216931499970923e-09,0.05339693079856084,0.9999999090801664,91.99046004767614,0.9999998636202495,BULL,0.9466030669845077,96.26222008004719,HIGH,0.9466031440006744,1.0,30
NIFTY50,2023-07-14,BULL,0.9999999996279252,1.3565657040321419e-12,3.707182216979503e-10,0.9466031467244221,3.061951605964045e-10,0.05339685296938277,0.9999999996279252,91.9904720086633,0.9999999994418878,BULL,0.9466031467244221,96.26222029277866,HIGH,0.9466031470396954,1.0,31
NIFTY50,2023-07-17,BULL,0.9999999999746916,1.9919244980862702e-13,2.5109221395385018e-11,0.9466031470298417,2.978416575061523e-10,0.05339685267231663,0.9999999999746916,91.99047205447626,0.9999999999620374,BULL,0.9466031470298417,96.26222029359059,HIGH,0.9466031470512942,1.0,32
NIFTY50,2023-07-18,BULL,0.9999999999532118,1.6264364329414875e-13,4.662560461143338e-11,0.9466031470109273,2.982587437241087e-10,0.053396852690814005,0.9999999999532118,91.99047205163909,0.9999999999298175,BULL,0.9466031470109273,96.26222029354004,HIGH,0.946603147050572,1.0,33
NIFTY50,2023-07-19,BULL,0.99999999997577,1.6939362966365916e-13,2.4060577948414677e-11,0.9466031470307926,2.9779138690928767e-10,0.05339685267141602,0.99999999997577,91.99047205461888,0.9999999999636551,BULL,0.9466031470307926,96.2622202935931,HIGH,0.94660314705133,1.0,34
NIFTY50,2023-07-20,BULL,0.9999999999947036,3.0916369530910447e-13,4.987264927045057e-12,0.9466031470474607,2.975234639638415e-10,0.053396852655015856,0.9999999999947036,91.9904720571191,0.9999999999920554,BULL,0.9466031470474607,96.26222029363791,HIGH,0.9466031470519702,1.0,35
NIFTY50,2023-07-21,BULL,0.9999985772311072,1.3297766891309878e-12,1.4227675631264001e-06,0.9466018941122771,3.0169654144227033e-08,0.05339807571806862,0.9999985772311072,91.99028411684156,0.9999978658466606,BULL,0.9466018941122771,96.2622169506196,HIGH,0.9466030992945659,1.0,36
NIFTY50,2023-07-24,BULL,0.9999856297940201,4.91177802882679e-11,1.4370156862182309e-05,0.9465904921466681,3.0204779383733656e-07,0.05340920580553808,0.9999856297940201,91.98857382200022,0.9999784446910299,BULL,0.9465904921466681,96.2621865285699,HIGH,0.9466026646938558,1.0,37
NIFTY50,2023-07-25,BULL,0.9999530236740083,7.144646523618659e-10,4.697561152704512e-05,0.9465617780365664,9.87236191839303e-07,0.05343723472724176,0.9999530236740083,91.98426670548494,0.9999295355110123,BULL,0.9465617780365664,96.2621099166779,HIGH,0.9466015702382558,1.0,38
NIFTY50,2023-07-26,BULL,0.9999935854975586,1.2379731964658648e-09,6.413264468190094e-06,0.9465974981697727,1.361185974326377e-07,0.05340236571162994,0.9999935854975586,91.9896247254659,0.9999903782463379,BULL,0.9465974981697727,96.26220522474812,HIGH,0.9466029317821159,1.0,39
NIFTY50,2023-07-27,BULL,0.999857423365807,5.560829155292869e-10,0.00014257607811001525,0.9464775890838792,2.9942354673275193e-06,0.053519416680653444,0.999857423365807,91.97163836258188,0.9997861350487106,BULL,0.9464775890838792,96.26188528738791,HIGH,0.9465983612483986,1.0,40
NIFTY50,2023-07-28,BULL,0.99984318591096,8.353510633738025e-09,0.00015680573552939833,0.9464650507816778,3.300382983396837e-06,0.05353164883533895,0.99984318591096,91.96975761725164,0.99976477886644,BULL,0.9464650507816778,96.26185185328109,HIGH,0.9465978836183014,1.0,41
NIFTY50,2023-07-31,BULL,0.9999753701073489,5.97238174684448e-09,2.462392026935161e-05,0.9465814568786202,5.229436685940712e-07,0.05341802017771113,0.9999753701073489,91.98721853179302,0.9999630551610232,BULL,0.9465814568786202,96.26216243628588,HIGH,0.9466023205183698,1.0,42
NIFTY50,2023-08-01,BULL,0.9999586319635689,9.921521860765438e-10,4.13670442789253e-05,0.946566716880732,8.697465799253293e-07,0.0534324133726881,0.9999586319635689,91.98500753210979,0.9999379479453534,BULL,0.946566716880732,96.26212309497424,HIGH,0.9466017584996321,1.0,43
NIFTY50,2023-08-02,BULL,0.9401485345559247,7.678080226341679e-08,0.05985138866327303,0.8938958604031145,0.0012566640535166197,0.10484747554336891,0.9401485345559247,84.08437906046716,0.9102228018338869,BULL,0.8938958604031145,96.1215894621831,HIGH,0.9445941351740444,1.0,44
NIFTY50,2023-08-03,BEAR,0.09028322958577903,0.00014496621886163442,0.9095718041953593,0.14546924522680604,0.019234079848080128,0.835296674925114,0.9095718041953593,75.29450123876707,0.864357706293039,BEAR,0.835296674925114,67.12504516202156,MODERATE,0.9160720737431652,0.1,1
NIFTY50,2023-08-04,BEAR,0.0305192792451112,0.0006147254524211083,0.9688659953024676,0.09282072091653734,0.020924380589430594,0.8862548984940322,0.9688659953024676,82.93823477410483,0.9532989929537015,BEAR,0.8862548984940322,69.9857748387247,MODERATE,0.9140824976960672,0.2,2
NIFTY50,2023-08-07,BEAR,0.04464866502747645,0.0005906331328672505,0.9547607018396563,0.10526448885366232,0.020605393906593942,0.8741301172397437,0.9547607018396563,81.11951758596153,0.9321410527594843,BEAR,0.8741301172397437,73.01891495257806,MODERATE,0.9145559278939724,0.3,3
NIFTY50,2023-08-08,BEAR,0.01364572903024232,0.00043671815294028034,0.9859175528168173,0.07796822337228594,0.02111360128031041,0.9009181753474037,0.9859175528168173,85.13772630211054,0.978876329225226,BEAR,0.9009181753474037,75.9456899201057,HIGH,0.9135098560015101,0.4,4
NIFTY50,2023-08-09,BEAR,0.01320830579210083,0.0007110447480514135,0.9860806494598477,0.07757232099465183,0.021377131809252093,0.9010505471960961,0.9860806494598477,85.15758207941442,0.9791209741897716,BEAR,0.9010505471960961,78.94533664795127,HIGH,0.9135048092564466,0.5,5
NIFTY50,2023-08-10,BEAR,0.003507091496223547,0.00033367987272957294,0.9961592286310469,0.06904380233105363,0.021230930086127437,0.909725267582819,0.9961592286310469,86.45879013742284,0.9942388429465702,BEAR,0.909725267582819,81.92161414162007,HIGH,0.9131659163088582,0.6,6
NIFTY50,2023-08-11,BEAR,0.0003401198519554412,0.00020819175686158131,0.999451688391183,0.06625974794033627,0.021181072717774856,0.912559179341889,0.999451688391183,86.88387690128336,0.9991775325867746,BEAR,0.912559179341889,84.91386425653837,HIGH,0.9130552036648341,0.7,7
NIFTY50,2023-08-14,BEAR,0.0006894038760459358,0.00022415136988155203,0.9990864447540725,0.06656671756165586,0.021188536672258642,0.9122447457660855,0.9990864447540725,86.83671186491281,0.9986296671311086,BEAR,0.9122447457660855,87.91472419995449,HIGH,0.9130674885707786,0.8,8
NIFTY50,2023-08-16,BEAR,6.878703968327948e-07,6.975122782485432e-06,0.9999923370068208,0.0659686750129481,0.021001637599106195,0.9130296873879458,0.9999923370068208,86.95445310819187,0.999988505510231,BEAR,0.9130296873879458,90.91257194366186,HIGH,0.9130367420523122,0.9,9
NIFTY50,2023-08-17,BEAR,0.00012588866643369469,0.00022370271862933512,0.9996504086149369,0.0660704839411844,0.021199951803197743,0.9127295642556179,0.9996504086149369,86.90943463834269,0.9994756129224054,BEAR,0.9127295642556179,93.91339902363221,HIGH,0.9130485574804601,1.0,10
NIFTY50,2023-08-18,BEAR,8.053824582426382e-05,0.0002536921295000111,0.9996657696246757,0.06602937790457761,0.02122870915555655,0.912741912939866,0.9996657696246757,86.91128694097989,0.9994986544370137,BEAR,0.912741912939866,93.91336620458242,HIGH,0.9130480886368917,1.0,11
NIFTY50,2023-08-21,BEAR,0.0003963486136659379,0.00047395432579227695,0.9991296970605418,0.06629890649026825,0.021426298643719106,0.9122747948660127,0.9991296970605418,86.8412192299019,0.9986945455908128,BEAR,0.9122747948660127,93.91464984463394,HIGH,0.9130664263519134,1.0,12
NIFTY50,2023-08-22,BEAR,0.0003303236729277514,0.0003345791420446846,0.9993350971850274,0.0662461949652437,0.021298460686548903,0.9124553443482074,0.9993350971850274,86.8683016522311,0.9990026457775412,BEAR,0.9124553443482074,93.91415200589208,HIGH,0.913059314369887,1.0,13
NIFTY50,2023-08-23,BEAR,0.006983885041091945,0.0004775189370057437,0.9925385960219023,0.07209998141810547,0.021291297092369006,0.9066087214895256,0.9925385960219023,85.99130822342883,0.9888078940328533,BEAR,0.9066087214895256,93.93013712718943,HIGH,0.9132876732455635,1.0,14
NIFTY50,2023-08-24,BEAR,0.007891773107147834,0.0006094324778909087,0.9914987944149612,0.07289435774071844,0.021394541783831916,0.9057111004754497,0.9914987944149612,85.85666507131745,0.9872481916224417,BEAR,0.9057111004754497,93.93259471700337,HIGH,0.9133227816714767,1.0,15
NIFTY50,2023-08-25,BEAR,6.368182468317167e-07,5.112309914096997e-05,0.9999482400826122,0.06596690932769922,0.02104257124689405,0.9129905194254069,0.9999482400826122,86.94857791381104,0.9999223601239181,BEAR,0.9129905194254069,93.91268037678032,HIGH,0.9130382910968617,1.0,16
NIFTY50,2023-08-28,BEAR,0.00011812303203059737,0.00041508079337947926,0.99946679617459,0.06605618603454362,0.021377554405886786,0.9125662595595695,0.99946679617459,86.88493893393544,0.999200194261885,BEAR,0.9125662595595695,93.9138513461854,HIGH,0.9130550192312199,1.0,17
NIFTY50,2023-08-29,BEAR,0.00037726986920834333,0.000420367627218737,0.9992023625035729,0.06628419369772827,0.02137701535155258,0.9123387909507191,0.9992023625035729,86.85081864260785,0.9988035437553593,BEAR,0.9123387909507191,93.91447325449727,HIGH,0.9130639036356752,1.0,18
NIFTY50,2023-08-30,BEAR,0.00024062472347259107,0.0005288800322755332,0.9992304952442518,0.06615962980892509,0.02148049343430543,0.9123598767567694,0.9992304952442518,86.8539815135154,0.9988457428663775,BEAR,0.9123598767567694,93.91441899918213,HIGH,0.9130631285597448,1.0,19
NIFTY50,2023-08-31,BEAR,1.258454604144414e-08,1.6319853938441227e-05,0.9999836675615155,0.06596771610921803,0.021010315909377464,0.9130219679814046,0.9999836675615155,86.95329519721066,0.9999755013422732,BEAR,0.9130219679814046,93.91259333421948,HIGH,0.913037047631707,1.0,20
NIFTY50,2023-09-01,BEAR,0.03116130638274811,0.0019335828857645501,0.9669051107314874,0.09333470811226043,0.0221337030716161,0.8845315888161235,0.9669051107314874,82.6797383224185,0.9503576660972312,BEAR,0.8845315888161235,93.9905262560709,HIGH,0.9141503750867271,1.0,21
NIFTY50,2023-09-04,BEAR,0.4408359632397033,0.002895946229221556,0.5562680905310752,0.4540709606409289,0.014424780179667614,0.5315042591794036,0.5562680905310752,29.725638876910537,0.33440213579661276,BEAR,0.5315042591794036,94.95549162919299,HIGH,0.927935594702757,1.0,22
NIFTY50,2023-09-05,BULL,0.9360647508372104,0.0005066969364489767,0.0634285522263406,0.8902797921163328,0.001812125670974726,0.10790808221269256,0.9360647508372104,83.54196881744991,0.9040971262558156,BULL,0.8902797921163328,69.1132396307973,MODERATE,0.9444748518685329,0.1,1
NIFTY50,2023-09-06,BULL,0.9994432807348701,1.329873522014348e-05,0.0005434205299097147,0.9461123623539783,2.401887810363576e-05,0.05386361876791799,0.9994432807348701,91.91685435309674,0.9991649211023051,BULL,0.9461123623539783,72.26094488824046,MODERATE,0.9465849269748638,0.2,2
NIFTY50,2023-09-07,BULL,0.9999958668904513,6.036152075752981e-08,4.072748028009328e-06,0.9465995049393398,1.4303777367469193e-07,0.053400352022886476,0.9999958668904513,91.98992574090099,0.9999938003356768,BULL,0.9465995049393398,75.26221073063766,HIGH,0.9466030104376811,0.3,3
NIFTY50,2023-09-08,BULL,0.9999990632242041,2.385858575859233e-10,9.365372100858025e-07,0.9466023220854666,2.0186115507263528e-08,0.053397657728418015,0.9999990632242041,91.99034831281998,0.9999985948363059,BULL,0.9466023220854666,78.26221809312494,HIGH,0.9466031156160707,0.4,4
NIFTY50,2023-09-11,BULL,0.9999999827279769,2.9653332987135345e-11,1.724236985436058e-08,0.9466031318406365,6.872485450970146e-10,0.05339686747211507,0.9999999827279769,91.99046977609548,0.9999999740919653,BULL,0.9466031318406365,81.26222025313896,HIGH,0.9466031464734138,0.5,5
NIFTY50,2023-09-12,BULL,0.9999999362799152,8.417450914486438e-13,6.371924301802347e-08,0.9466030909379797,1.63572100131649e-09,0.053396907426299337,0.9999999362799152,91.99046364069694,0.9999999044198729,BULL,0.9466030909379797,84.26222014393068,HIGH,0.9466031449132956,0.6,6
NIFTY50,2023-09-13,BULL,0.9999999970271392,1.4413562555343321e-12,2.971419542665947e-09,0.9466031444340759,3.608777602628968e-10,0.05339685520504624,0.9999999970271392,91.99047166511139,0.9999999955407087,BULL,0.9466031444340759,87.26222028666788,HIGH,0.9466031469523984,0.7,7
NIFTY50,2023-09-14,BULL,0.9999999999391622,3.948236791525741e-13,6.044302575260932e-11,0.9466031469985455,2.9876898751544737e-10,0.05339685270268537,0.9999999999391622,91.99047204978184,0.9999999999087433,BULL,0.9466031469985455,90.26222029350762,HIGH,0.946603147050109,0.8,8
NIFTY50,2023-09-15,BULL,0.9999999999288564,8.820552763327143e-13,7.026161202948572e-11,0.946603146989451,2.9943710544442024e-10,0.053396852711111914,0.9999999999288564,91.99047204841764,0.9999999998932844,BULL,0.946603146989451,93.26222029348457,HIGH,0.9466031470497797,0.9,9
NIFTY50,2023-09-18,BULL,0.999999999012076,3.421803108107778e-13,9.8758168271125e-10,0.9466031461821235,3.1818452031528455e-10,0.053396853499692004,0.999999999012076,91.99047192731851,0.999999998518114,BULL,0.9466031461821235,96.26222029132916,HIGH,0.9466031470189881,1.0,10
NIFTY50,2023-09-20,BULL,0.9999372490209806,3.673320682811908e-12,6.275097534613657e-05,0.9465478863557627,1.3177689219850533e-06,0.05345079587531539,0.9999372490209806,91.98218295336439,0.9999058735314709,BULL,0.9465478863557627,96.26207284974664,HIGH,0.9466010407106664,1.0,11
NIFTY50,2023-09-21,BULL,0.998574580396231,2.005378179480411e-08,0.0014253995499872029,0.9453478721543698,2.9945838108004996e-05,0.05462218200752211,0.998574580396231,91.80218082315547,0.9978618705943464,BULL,0.9453478721543698,96.25887108138784,HIGH,0.9465553011626834,1.0,12
NIFTY50,2023-09-22,BULL,0.9637264809607415,1.0238082233669452e-06,0.03627249523103507,0.9146593837480413,0.0007625187686154607,0.08457809748334326,0.9637264809607415,87.19890756220619,0.9455897214411123,BULL,0.9146593837480413,96.17699211613164,HIGH,0.9453856016590236,1.0,13
NIFTY50,2023-09-25,BULL,0.8131475597392347,4.086079968954233e-05,0.1868115794610758,0.7820527919794442,0.0039608865920653215,0.21398632142849053,0.8131475597392347,67.30791879691664,0.719721339608852,BULL,0.7820527919794442,95.82327972944928,HIGH,0.9403325675635614,1.0,14
NIFTY50,2023-09-26,BEAR,0.4364158533146609,0.00020042680180139218,0.5633837198835376,0.4502835195016931,0.012018382763372951,0.537698097734934,0.5633837198835376,30.654714660240106,0.34507557982530646,BEAR,0.537698097734934,67.93847797515178,MODERATE,0.9276925425021685,0.1,1
NIFTY50,2023-09-27,BEAR,0.30985082870691427,0.0004172121690240883,0.6897319591240616,0.33881750411563893,0.014876635205103886,0.6463058606792572,0.6897319591240616,46.94587910188858,0.5345979386860924,BEAR,0.6463058606792572,70.64162534049561,MODERATE,0.9234517905785087,0.2,2
NIFTY50,2023-09-28,BEAR,0.0003849134938079386,0.00021568638079072356,0.9993994001254013,0.0662989026673559,0.021187081039925382,0.9125140162927188,0.9993994001254013,86.87710244390782,0.9990991001881018,BEAR,0.9125140162927188,72.91398793481156,MODERATE,0.913056970497308,0.3,3
NIFTY50,2023-09-29,BEAR,0.0010738865305916186,0.00023704161418284682,0.9986890718552256,0.066904803954863,0.021192415805584213,0.9119027802395527,0.9986890718552256,86.78541703593291,0.9980336077828382,BEAR,0.9119027802395527,75.91565930133025,HIGH,0.9130808471618608,0.4,4
NIFTY50,2023-10-03,BEAR,1.1991132613872226e-05,0.00023872843427850927,0.9997492804331075,0.06596959616105022,0.02121627446056964,0.9128141293783801,0.9997492804331075,86.922119406757,0.9996239206496614,BEAR,0.9128141293783801,78.91316834826277,HIGH,0.9130452621180397,0.5,5
NIFTY50,2023-10-04,BEAR,3.628575459737481e-06,0.0003824417131060863,0.9996139297114341,0.06595663038319496,0.021349696338457288,0.9126936732783478,0.9996139297114341,86.90405099175216,0.9994208945671512,BEAR,0.9126936732783478,81.91350206785448,HIGH,0.9130500295407784,0.6,6
NIFTY50,2023-10-05,BEAR,3.3165314183977024e-05,0.00030789745356522635,0.9996589372322509,0.06598554692646967,0.021279961182481693,0.9127344918910487,0.9996589372322509,86.91017378365731,0.9994884058483763,BEAR,0.9127344918910487,84.91338817650562,HIGH,0.913048402521509,0.7,7
NIFTY50,2023-10-06,BEAR,9.96567216184799e-05,0.00014923773294488063,0.9997511055454367,0.06605028555084747,0.0211314610211859,0.9128182534279667,0.9997511055454367,86.922738014195,0.999626658318155,BEAR,0.9128182534279667,87.91315428936369,HIGH,0.9130450612766241,0.8,8
NIFTY50,2023-10-09,BEAR,2.555442576975703e-06,0.00022376311283903866,0.999773681444584,0.06596187005758192,0.021202597202562422,0.9128355327398556,0.999773681444584,86.92532991097835,0.9996605221668758,BEAR,0.9128355327398556,90.91310938011176,HIGH,0.9130444197158823,0.9,9
NIFTY50,2023-10-10,BEAR,0.0006854434992395731,0.00034062208138079886,0.9989739344193796,0.06655869031285766,0.0212966076981521,0.9121447019889901,0.9989739344193796,86.82170529834852,0.9984609016290693,BEAR,0.9121447019889901,93.91500127792764,HIGH,0.9130714468275379,1.0,10
NIFTY50,2023-10-11,BEAR,0.04127308525661201,0.0006068085718587326,0.9581201061715292,0.10229120535766169,0.020691262171056556,0.8770175324712818,0.9581201061715292,81.55262987069224,0.9371801592572938,BEAR,0.8770175324712818,94.01102323670271,HIGH,0.9144431890957532,1.0,11
NIFTY50,2023-10-12,BEAR,0.1289410709325208,0.0005793232076400785,0.8704796058598391,0.17949575618940874,0.01882517308432326,0.8016790707262679,0.8704796058598391,70.25186060894019,0.8057194087897585,BEAR,0.8016790707262679,94.21694623758236,HIGH,0.9173849462511766,1.0,12
NIFTY50,2023-10-13,BEAR,0.18323192017651718,0.0005517806481028706,0.8162162991753799,0.2273072411859713,0.017659790109938497,0.7550329687040902,0.8162162991753799,63.25494530561353,0.7243244487630698,BEAR,0.7550329687040902,94.34444393789367,HIGH,0.9192063419699097,1.0,13
NIFTY50,2023-10-16,BEAR,0.13391489351042182,0.0003861705024226775,0.8656989359871555,0.18388340585737584,0.01854166181921632,0.7975749323234077,0.8656989359871555,69.63623984851117,0.7985484039807331,BEAR,0.7975749323234077,94.22815813218757,HIGH,0.9175451161741083,1.0,14
NIFTY50,2023-10-17,BULL,0.6117468123545741,0.0006339261109385185,0.3876192615344874,0.6046691683700451,0.008739203446088131,0.3865916281838667,0.6117468123545741,40.70037525550677,0.4176202185318611,BULL,0.6046691683700451,68.35151327223289,MODERATE,0.9335930467461842,0.1,1
NIFTY50,2023-10-18,BEAR,0.13136504581590172,0.00030351330282668294,0.8683314408812717,0.18164114290362923,0.018518559260015614,0.7998402978363551,0.8683314408812717,69.97604467545327,0.8024971613219075,BEAR,0.7998402978363551,91.22196359758378,HIGH,0.9174566228226254,0.9,1
NIFTY50,2023-10-19,BEAR,0.08209924236207715,0.0005638767245521773,0.9173368809133707,0.13824581362406355,0.01979430444425106,0.8419598819316853,0.9173368809133707,76.2939822897528,0.8760053213700559,BEAR,0.8419598819316853,91.10684555276714,HIGH,0.9158120793252449,0.9,2
NIFTY50,2023-10-20,BEAR,0.0033584209185865055,0.00028321433370885916,0.9963583647477047,0.06891484480824558,0.02118726143662519,0.9098978937551292,0.9963583647477047,86.48468406326938,0.9945375471215568,BEAR,0.9098978937551292,90.92114072826503,HIGH,0.913159153260929,0.9,3
NIFTY50,2023-10-23,BEAR,4.186603882880222e-06,0.00035958559380224944,0.999636227802315,0.06595801265053736,0.02132849316789356,0.912713494181569,0.999636227802315,86.90702412723536,0.9994543417034725,BEAR,0.912713494181569,90.91344717935858,HIGH,0.9130492454194085,0.9,4
NIFTY50,2023-10-25,BEAR,1.1272065791960668e-06,0.0004951771569156195,0.9995036956365052,0.06595003357465667,0.021454273512806234,0.9125956929125372,0.9995036956365052,86.88935393688058,0.9992555434547576,BEAR,0.9125956929125372,90.91377338956265,HIGH,0.9130539055651806,0.9,5
NIFTY50,2023-10-26,BEAR,1.9391609826291315e-09,0.00870973876612321,0.9912902592947158,0.06562886900214371,0.02907057300397701,0.9053005579938794,0.9912902592947158,85.7950836990819,0.9869353889420736,BEAR,0.9053005579938794,90.93396908731455,HIGH,0.913342415533065,0.9,6
NIFTY50,2023-10-27,BEAR,5.365982891878428e-07,0.0012562430406342952,0.9987432203610765,0.06591984989469424,0.02215992158732731,0.9119202285179784,0.9987432203610765,86.78803427769675,0.9981148305416147,BEAR,0.9119202285179784,90.91564334561525,HIGH,0.913080619223075,0.9,7
NIFTY50,2023-10-30,BEAR,5.732840746061251e-06,0.00021602501900571937,0.9997782421402481,0.06596496978765033,0.021195355982148112,0.9128396742302016,0.9997782421402481,86.92595113453024,0.9996673632103722,BEAR,0.9128396742302016,90.91309781915886,HIGH,0.9130442545594123,0.9,8
NIFTY50,2023-10-31,BEAR,6.241718909821937e-07,0.0003329482824937636,0.9996664275456153,0.06595591367408224,0.021303870708213674,0.912740215617704,0.9996664275456153,86.9110323426556,0.999499641318423,BEAR,0.912740215617704,90.91337331178352,HIGH,0.9130481901683359,0.9,9
NIFTY50,2023-11-01,BEAR,7.927031724873255e-08,0.0011955752443769748,0.9988043454853058,0.0659218117649843,0.02210368197031307,0.9119745062647026,0.9988043454853058,86.79617593970536,0.9982065182279586,BEAR,0.9119745062647026,93.91549309828007,HIGH,0.9130784728325725,1.0,10
NIFTY50,2023-11-02,BEAR,2.093049619643822e-06,0.00034809597203921895,0.9996498109783412,0.06595661681729652,0.021317884316726373,0.9127254988659772,0.9996498109783412,86.90882482989657,0.9994747164675117,BEAR,0.9127254988659772,93.91341400899276,HIGH,0.9130487715570393,1.0,11
NIFTY50,2023-11-03,BEAR,2.353686718629229e-05,0.00016519047822603566,0.9998112726545876,0.06598262997783878,0.02114785004109868,0.9128695199810626,0.9998112726545876,86.93042799715938,0.9997169089818814,BEAR,0.9128695199810626,93.91301465838833,HIGH,0.9130430665484046,1.0,12
NIFTY50,2023-11-06,BEAR,0.0010959121017692227,0.00028785177611881813,0.998616236122112,0.06692222004484161,0.02123906291360222,0.9118387170415562,0.998616236122112,86.7758075562334,0.997924354183168,BEAR,0.9118387170415562,93.91583598845284,HIGH,0.9130833712636118,1.0,13
NIFTY50,2023-11-07,BEAR,0.0005674560005099609,0.00015877443276592114,0.9992737695667241,0.06646187417228784,0.021130481608611307,0.9124076442191009,0.9992737695667241,86.86114663286514,0.998910654350086,BEAR,0.9124076442191009,93.91427691122263,HIGH,0.9130610987317519,1.0,14
NIFTY50,2023-11-08,BEAR,0.0031067146624429937,0.00022714098079110935,0.9966661443567659,0.06869536905280485,0.021140556656528052,0.9101640742906671,0.9966661443567659,86.52461114360007,0.9949992165351489,BEAR,0.9101640742906671,93.92041142661363,HIGH,0.913148734665909,1.0,15
NIFTY50,2023-11-09,BEAR,0.0015360186342806663,0.0002006996772868091,0.9982632816884325,0.06731319004634019,0.02114901818814571,0.911537791765514,0.9982632816884325,86.73066876482712,0.9973949225326487,BEAR,0.911537791765514,93.91665579871274,HIGH,0.9130950828387535,1.0,16
NIFTY50,2023-11-10,BEAR,0.004641637645168634,0.00022916121508320585,0.9951292011397481,0.07004699691446815,0.021110203761005645,0.9088427993245262,0.9951292011397481,86.3264198986789,0.9926938017096222,BEAR,0.9088427993245262,93.92402295211824,HIGH,0.9132003278874034,1.0,17
NIFTY50,2023-11-13,BEAR,0.08605098333374954,0.0007692345138562003,0.9131797821523941,0.14171785017083233,0.01990173801391118,0.8383804118152565,0.9131797821523941,75.75706177228847,0.8697696732285912,BEAR,0.8383804118152565,94.11663577175709,HIGH,0.9159519395965298,1.0,18
NIFTY50,2023-11-15,BULL,0.9867600036338564,0.001375531250190533,0.011864465115953063,0.9348899322351125,0.0015533245560449777,0.06355674320884254,0.9867600036338564,90.23348983526688,0.9801400054507846,BULL,0.9348899322351125,69.23449292903788,MODERATE,0.9462070418433983,0.1,1
NIFTY50,2023-11-16,BULL,0.9999970292282879,2.867578633417008e-06,1.0319307868275166e-07,0.9466004191194203,2.7213951979279027e-06,0.05339685948538183,0.9999970292282879,91.99006286791303,0.9999955438424317,BULL,0.9466004191194203,72.26222036425918,MODERATE,0.9466031480608456,0.2,2
NIFTY50,2023-11-17,BULL,0.9999994244443583,3.8586792374514264e-09,5.716969624600472e-07,0.9466026400474089,1.595866518310421e-08,0.05339734399392593,0.9999994244443583,91.99039600711131,0.9999991366665373,BULL,0.9466026400474089,75.2622189507733,HIGH,0.9466031278681901,0.3,3
NIFTY50,2023-11-20,BULL,0.9999944405458285,2.857831264546826e-11,5.559425593215636e-06,0.9465982512021777,1.170453893099754e-07,0.05340163175243308,0.9999944405458285,91.98973768032663,0.9999916608187428,BULL,0.9465982512021777,78.26220723085322,HIGH,0.9466029604407603,0.4,4
NIFTY50,2023-11-21,BULL,0.9999998838594336,1.1754683938506148e-10,1.1602301958054087e-07,0.9466030447701301,2.8445038815905812e-09,0.053396952385365876,0.9999998838594336,91.99045671551951,0.9999998257891503,BULL,0.9466030447701301,81.26222002104694,HIGH,0.9466031431578136,0.5,5
NIFTY50,2023-11-22,BULL,0.9999999931488337,2.847492340297136e-12,6.848318705258373e-09,0.9466031410186505,4.4360721998564516e-10,0.053396858537742224,0.9999999931488337,91.99047115279755,0.9999999897232505,BULL,0.9466031410186505,84.26222027755865,HIGH,0.9466031468222665,0.6,6
NIFTY50,2023-11-23,BULL,0.9999999627166585,5.007620256450268e-13,3.7282840787073105e-08,0.9466031142191093,1.0803605479009735e-09,0.05339688470053027,0.9999999627166585,91.99046713286637,0.9999999440749877,BULL,0.9466031142191093,87.2622202060474,HIGH,0.9466031458006773,0.7,7
NIFTY50,2023-11-24,BULL,0.999999857924969,1.9550719717005777e-12,1.4207307587895062e-07,0.9466030219358434,3.2818298043265657e-09,0.05339697478232676,0.999999857924969,91.99045329037652,0.9999997868874534,BULL,0.9466030219358434,90.2622199598254,HIGH,0.94660314228322,0.8,8
NIFTY50,2023-11-28,BULL,0.9999999539499281,4.666504670243568e-12,4.60454053164642e-08,0.946603106498659,1.2682820104739252e-09,0.05339689223305898,0.9999999539499281,91.99046597479882,0.999999930924892,BULL,0.946603106498659,93.26222018545872,HIGH,0.9466031455065531,0.9,9
NIFTY50,2023-11-29,BULL,0.9999999994760262,2.0938566070262e-12,5.218798639889976e-10,0.9466031465906258,3.100678990261194e-10,0.05339685309930625,0.9999999994760262,91.99047198859385,0.9999999992140394,BULL,0.9466031465906258,96.26222029242358,HIGH,0.9466031470346224,1.0,10
NIFTY50,2023-11-30,BULL,0.9999755312947047,8.39957905654768e-11,2.446862129955234e-05,0.9465815990553239,5.140999892701858e-07,0.05341788684468692,0.9999755312947047,91.98723985829858,0.9999632969420571,BULL,0.9465815990553239,96.262162800544,HIGH,0.9466023257220574,1.0,11
NIFTY50,2023-12-01,BULL,0.9999999992164696,7.734420513709758e-10,1.0088314843664418e-11,0.9466031463319869,1.0306864395875718e-09,0.05339685263732667,0.9999999992164696,91.99047194979802,0.9999999988247045,BULL,0.9466031463319869,96.26222029371033,HIGH,0.9466031470530045,1.0,12
NIFTY50,2023-12-04,BULL,0.9999999993914847,6.083030590279971e-10,2.1229677540313468e-13,0.9466031464925477,8.739004340077142e-10,0.05339685263355185,0.9999999993914847,91.99047197388217,0.9999999990872268,BULL,0.9466031464925477,96.26222029371544,HIGH,0.946603147053078,1.0,13
NIFTY50,2023-12-05,BULL,0.9999999998804785,1.1949628444178634e-10,2.5208227436710833e-14,0.9466031469422247,4.1042808413034573e-10,0.05339685264734728,0.9999999998804785,91.9904720413337,0.9999999998207177,BULL,0.9466031469422247,96.26222029366251,HIGH,0.9466031470523218,1.0,14
NIFTY50,2023-12-06,BULL,0.9999999999889755,1.102302906712682e-11,1.3837712237257052e-15,0.9466031470419989,3.075772735374838e-10,0.0533968526504239,0.9999999999889755,91.99047205629984,0.9999999999834632,BULL,0.9466031470419989,96.26222029365081,HIGH,0.9466031470521544,1.0,15
NIFTY50,2023-12-07,BULL,0.9999999999987108,1.2785906028411902e-12,1.0691650333317582e-14,0.9466031470509518,2.9833815446345496e-10,0.05339685265071012,0.9999999999987108,91.99047205764276,0.9999999999980662,BULL,0.9466031470509518,96.26222029364972,HIGH,0.9466031470521391,1.0,16
NIFTY50,2023-12-08,BULL,0.9999999999987178,1.279427154594429e-12,2.7429605236242e-15,0.9466031470509579,2.983387807665349e-10,0.05339685265070326,0.9999999999987178,91.99047205764369,0.9999999999980765,BULL,0.9466031470509579,96.2622202936497,HIGH,0.9466031470521385,1.0,17
NIFTY50,2023-12-11,BULL,0.9999999999989988,9.991599535241064e-13,2.0861739706217133e-15,0.9466031470512162,2.980730280305264e-10,0.05339685265071069,0.9999999999989988,91.99047205768242,0.9999999999984982,BULL,0.9466031470512162,96.26222029364963,HIGH,0.9466031470521379,1.0,18
NIFTY50,2023-12-12,BULL,0.9999999999989662,3.4676055793644567e-13,6.871838519795806e-13,0.9466031470512128,2.974688309159441e-10,0.05339685265131825,0.9999999999989662,91.99047205768193,0.9999999999984492,BULL,0.9466031470512128,96.26222029364801,HIGH,0.9466031470521146,1.0,19
NIFTY50,2023-12-13,BULL,0.9999999999988156,1.928304601098866e-13,9.916256262860802e-13,0.9466031470510863,2.9732927192776045e-10,0.05339685265158436,0.9999999999988156,91.99047205766294,0.9999999999982234,BULL,0.9466031470510863,96.2622202936473,HIGH,0.9466031470521045,1.0,20
NIFTY50,2023-12-14,BULL,0.9999999999977691,2.217314260597848e-12,1.3561438215969048e-14,0.946603147050086,2.992282776089426e-10,0.05339685265068578,0.9999999999977691,91.99047205751289,0.9999999999966537,BULL,0.946603147050086,96.26222029364978,HIGH,0.9466031470521398,1.0,21
NIFTY50,2023-12-15,BULL,0.9999999998113931,1.8859614880792535e-10,1.0845481449343744e-14,0.9466031468786922,4.759457065502349e-10,0.05339685264536201,0.9999999998113931,91.99047203180383,0.9999999997170896,BULL,0.9466031468786922,96.26222029367017,HIGH,0.9466031470524312,1.0,22
NIFTY50,2023-12-18,BULL,0.999999999997714,2.2833446703206107e-12,2.553239395877204e-15,0.9466031470500349,2.992906540708978e-10,0.05339685265067443,0.999999999997714,91.99047205750523,0.9999999999965711,BULL,0.9466031470500349,96.26222029364982,HIGH,0.9466031470521402,1.0,23
NIFTY50,2023-12-19,BULL,0.99999999999913,8.637145932391887e-13,6.185177684834636e-15,0.9466031470513372,2.9794468983175194e-10,0.053396852650718085,0.99999999999913,91.99047205770057,0.999999999998695,BULL,0.9466031470513372,96.26222029364968,HIGH,0.9466031470521384,1.0,24
NIFTY50,2023-12-20,BULL,0.9999999898494294,2.0448872119773424e-12,1.0148525774137925e-08,0.9466031381131115,5.121346763710703e-10,0.053396861374753905,0.9999999898494294,91.99047071696673,0.9999999847741441,BULL,0.9466031381131115,96.26222026980413,HIGH,0.9466031467114876,1.0,25
NIFTY50,2023-12-21,BULL,0.9999999994788584,2.6484548800563843e-13,5.208767688194488e-10,0.9466031465931912,3.0831263847216005e-10,0.05339685309849618,0.9999999994788584,91.99047198897868,0.9999999992182876,BULL,0.9466031465931912,96.26222029242575,HIGH,0.9466031470346535,1.0,26
NIFTY50,2023-12-22,BULL,0.9999999986273613,2.1165199837622217e-13,1.3724270783312198e-09,0.9466031458433352,3.261406583564793e-10,0.053396853830524074,0.9999999986273613,91.9904718765003,0.999999997941042,BULL,0.9466031458433352,96.26222029042488,HIGH,0.9466031470060698,1.0,27
NIFTY50,2023-12-26,BULL,0.9999999978834482,3.2953525179316637e-13,2.1162222450495133e-09,0.946603145188215,3.418685477337611e-10,0.05339685446991651,0.9999999978834482,91.99047177823223,0.9999999968251723,BULL,0.946603145188215,96.26222028867724,HIGH,0.9466031469811034,1.0,28
NIFTY50,2023-12-27,BULL,0.9999999999537108,8.692416898394008e-13,4.541994283338295e-11,0.9466031470113392,2.989034006463688e-10,0.05339685268975739,0.9999999999537108,91.99047205170088,0.9999999999305662,BULL,0.9466031470113392,96.26222029354297,HIGH,0.9466031470506138,1.0,29
NIFTY50,2023-12-28,BULL,0.9999999999924577,7.923667868827109e-13,6.749936173631743e-12,0.9466031470454641,2.9801862679000814e-10,0.05339685265651732,0.9999999999924577,91.99047205681961,0.9999999999886864,BULL,0.9466031470454641,96.2622202936338,HIGH,0.9466031470519116,1.0,30
NIFTY50,2023-12-29,BULL,0.9999999998434107,3.9423556314116384e-13,1.5619502844482468e-10,0.9466031469142236,3.0077876086145596e-10,0.05339685278499761,0.9999999998434107,91.99047203713353,0.9999999997651159,BULL,0.9466031469142236,96.26222029328262,HIGH,0.9466031470468945,1.0,31
NIFTY50,2024-01-01,BULL,0.9999999983093859,5.75757665754616e-13,1.690038291443663e-09,0.9466031455633009,3.331541958835032e-10,0.05339685410354487,0.9999999983093859,91.99047183449512,0.9999999974640789,BULL,0.9466031455633009,96.26222028967864,HIGH,0.946603146995409,1.0,32
NIFTY50,2024-01-02,BULL,0.9999999969975806,3.192328478460807e-13,3.002100122256171e-09,0.9466031444080896,3.604579489737428e-10,0.05339685523145253,0.9999999969975806,91.99047166121343,0.9999999954963709,BULL,0.9466031444080896,96.2622202865957,HIGH,0.9466031469513672,1.0,33
NIFTY50,2024-01-03,BULL,0.9999992627611306,8.39298171914942e-13,7.372380300734355e-07,0.9466024978138956,1.577636997106417e-08,0.05339748640973445,0.9999992627611306,91.99037467208434,0.9999988941416957,BULL,0.9466024978138956,96.26221856138571,HIGH,0.9466031223055102,1.0,34
NIFTY50,2024-01-04,BULL,0.9999998625700245,2.4628613228541784e-11,1.3740534689827658e-07,0.9466030260255572,3.2053281819263782e-09,0.053396970769114614,0.9999998625700245,91.99045390383357,0.9999997938550366,BULL,0.9466030260255572,96.26221997079543,HIGH,0.9466031424399348,1.0,35
NIFTY50,2024-01-05,BULL,0.9999995250356768,5.9438568045589085e-12,4.749583793971046e-07,0.9466027287817907,1.027460023176789e-08,0.05339726094360912,0.9999995250356768,91.9904093172686,0.9999992875535152,BULL,0.9466027287817907,96.26221917765614,HIGH,0.9466031311093734,1.0,36
NIFTY50,2024-01-08,BULL,0.9996311904399877,1.82344410018008e-10,0.00036880937766783716,0.9462783605097208,7.743690997317932e-06,0.05371389579928194,0.9996311904399877,91.94175407645811,0.9994467856599816,BULL,0.9462783605097208,96.26135371440236,HIGH,0.9465907673486051,1.0,37
NIFTY50,2024-01-09,BULL,0.9998266183058026,4.157123549383749e-08,0.00017334012296185222,0.9464504594772194,3.6790213128780992e-06,0.053545861501467666,0.9998266183058026,91.96756892158291,0.999739927458704,BULL,0.9464504594772194,96.2618130066013,HIGH,0.9465973286657331,1.0,38
NIFTY50,2024-01-10,BULL,0.999997392039055,4.471795183809727e-09,2.603489149757335e-06,0.9466008502166621,5.91978510565908e-08,0.05339909058548688,0.999997392039055,91.99012753249932,0.9999960880585825,BULL,0.9466008502166621,96.26221417680496,HIGH,0.9466030596686423,1.0,39
NIFTY50,2024-01-11,BULL,0.9999935262565673,8.470902678557276e-11,6.473658723630843e-06,0.9465974460450438,1.3629310374069227e-07,0.05340241766185246,0.9999935262565673,91.98961690675655,0.999990289384851,BULL,0.9465974460450438,96.26220508271581,HIGH,0.9466029297530831,1.0,40
NIFTY50,2024-01-12,BULL,0.9999999532813261,1.9941995093209568e-10,4.65192539257302e-08,0.946603105902274,1.462888531144948e-09,0.05339689263483748,0.9999999532813261,91.9904658853411,0.9999999299219889,BULL,0.946603105902274,96.26222018436658,HIGH,0.9466031454909513,1.0,41
NIFTY50,2024-01-15,BULL,0.9999999976477694,2.2398625746928506e-12,2.3499906671063803e-09,0.9466031449805936,3.485878603056969e-10,0.05339685467081857,0.9999999976477694,91.99047174708905,0.999999996471654,BULL,0.9466031449805936,96.26222028812815,HIGH,0.9466031469732593,1.0,42
NIFTY50,2024-01-16,BULL,0.9999998624208983,4.23212942255142e-13,1.3757867847727552e-07,0.946603025895175,3.186016649237192e-09,0.05339697091880841,0.9999998624208983,91.99045388427625,0.9999997936313475,BULL,0.946603025895175,96.26221997038553,HIGH,0.946603142434079,1.0,43
NIFTY50,2024-01-17,BEAR,0.09789977025547669,9.777151130844073e-09,0.9021002199673722,0.15218228591428584,0.018939770245557225,0.828877943840157,0.9021002199673722,74.33169157602354,0.8531503299510583,BEAR,0.828877943840157,67.14258507161519,MODERATE,0.916322643880217,0.1,1
NIFTY50,2024-01-18,BEAR,0.008042300050325033,0.00043482219628237226,0.9915228777533927,0.07303372267744385,0.021229488436638515,0.9057367888859177,0.9915228777533927,85.86051833288764,0.987284316630089,BEAR,0.9057367888859177,69.93251906542368,MODERATE,0.9133217009346241,0.2,2
NIFTY50,2024-01-19,BEAR,0.17944250399325223,0.001987606090058565,0.8185698899166892,0.22391418616680733,0.019070600517700702,0.757015213315492,0.8185698899166892,63.5522819973238,0.7278548348750338,BEAR,0.757015213315492,73.33907054490511,MODERATE,0.9191295792129304,0.3,3
NIFTY50,2024-01-23,BEAR,1.2432954585803157e-05,0.0005693198678229885,0.9994182471775913,0.06595709999765799,0.021522778870325002,0.912520121132017,0.9994182471775913,86.87801816980253,0.9991273707663868,BEAR,0.912520121132017,75.91398225981328,HIGH,0.9130568894259041,0.4,4
NIFTY50,2024-01-24,BEAR,0.008361847587957648,0.0009455493599253921,0.990692603052117,0.07329522108089304,0.02169630918635152,0.9050084697327554,0.990692603052117,85.75127045991331,0.9860389045781756,BEAR,0.9050084697327554,78.93452569519624,HIGH,0.9133503670742321,0.5,5
NIFTY50,2024-01-25,BEAR,0.0003912786719024901,0.00021059942268533832,0.9993981219054121,0.06630470633578808,0.02118223093879244,0.9125130627254195,0.9993981219054121,86.87695940881291,0.9990971828581183,BEAR,0.9125130627254195,81.91399038281475,HIGH,0.9130570054687822,0.6,6
NIFTY50,2024-01-29,BEAR,0.3903505448656332,0.021467589380000776,0.588181865754366,0.4088878891773889,0.03270375778419986,0.5584083530384113,0.588181865754366,33.7612529557617,0.38227279863154906,BEAR,0.5584083530384113,85.8825325117764,HIGH,0.9268933215968058,0.7,7
NIFTY50,2024-01-30,BEAR,0.09881133129750232,0.0028091584099932615,0.8983795102925044,0.1528755479372013,0.021525183617964464,0.8255992684448341,0.8983795102925044,73.83989026672512,0.8475692654387564,BEAR,0.8255992684448341,88.15163420043201,HIGH,0.9164519171490288,0.8,8
NIFTY50,2024-01-31,BULL,0.7092625293560209,0.0030274811559635783,0.28770998948801546,0.6904516108498486,0.00891106979318376,0.3006373193569677,0.7092625293560209,53.5677416274773,0.5638937940340314,BULL,0.6904516108498486,71.58652812905288,MODERATE,0.9369504018436128,0.2,1
NIFTY50,2024-02-01,BULL,0.9206372910687712,0.00029511552467853557,0.07906759340655031,0.8767020807480691,0.0019398565948002932,0.12135806265713055,0.9206372910687712,81.50531211221035,0.8809559366031569,BULL,0.8767020807480691,72.07646998977752,MODERATE,0.9439495712825361,0.2,2
NIFTY50,2024-02-02,BULL,0.9966698265424189,3.463359596153173e-05,0.0032955398616196356,0.9436691305044489,0.00010202905386494173,0.05622884044168627,0.9966698265424189,91.55036957566733,0.9950047398136281,BULL,0.9436691305044489,75.25448065326046,HIGH,0.9464925807608637,0.3,3
NIFTY50,2024-02-05,BULL,0.9635035121524335,6.126906507265355e-06,0.036490360941059306,0.9144628307546655,0.0007719314676090401,0.08476523777772549,0.9635035121524335,87.16942461319981,0.94525526822865,BULL,0.9144628307546655,78.17648076138734,HIGH,0.9453782965912477,0.4,4
NIFTY50,2024-02-06,BULL,0.9967834691505213,2.0891078190716106e-05,0.0031956397712880375,0.9437697437737546,8.690148827987291e-05,0.05614335473796561,0.9967834691505213,91.56546156606316,0.9951752037257819,BULL,0.9437697437737546,81.25471388482526,HIGH,0.9464959126403609,0.5,5
NIFTY50,2024-02-07,BULL,0.9969580089551187,1.4451123885168193e-06,0.003040545932492875,0.9439242075334606,6.520732224482563e-05,0.056010585144294654,0.9969580089551187,91.5886311300191,0.995437013432678,BULL,0.9439242075334606,84.25507618062996,HIGH,0.9465010882947138,0.6,6
NIFTY50,2024-02-08,BULL,0.8512386408894302,1.2416571875707179e-05,0.14874894253869395,0.8155982324882362,0.0031347847421988274,0.18126698276956504,0.8512386408894302,72.33973487323541,0.7768579613341455,BULL,0.8155982324882362,86.91271115030405,HIGH,0.9416101592900579,0.7,7
NIFTY50,2024-02-09,BULL,0.9801067771145096,5.732319985680646e-05,0.019835899685633696,0.9290822483278498,0.00047081040168597463,0.07044694127046433,0.9801067771145096,89.36233724917747,0.9701601656717643,BULL,0.9290822483278498,90.21561879090355,HIGH,0.9459374112986222,0.8,8
NIFTY50,2024-02-12,BEAR,0.4147456374126848,0.0001010631304301635,0.5851532994568851,0.4312038459594097,0.012381226164645515,0.5564149278759447,0.5851532994568851,33.46223918139171,0.37772994918532765,BEAR,0.5564149278759447,70.88731586146496,MODERATE,0.9269616551637851,0.2,1
NIFTY50,2024-02-13,BULL,0.9421872184007507,0.0003843206235169482,0.05742846097573235,0.8956762199329289,0.00157011997433914,0.10275366009273207,0.9421872184007507,84.35143298993934,0.913280827601126,BULL,0.8956762199329289,93.12732448700169,HIGH,0.944676064100024,0.9,1
NIFTY50,2024-02-14,BULL,0.9972736391517283,1.3646765885510497e-05,0.002712714082386175,0.9442016868944907,6.989358651259396e-05,0.05572841951899672,0.9972736391517283,91.6302530341736,0.9959104587275924,BULL,0.9442016868944907,93.2558478085107,HIGH,0.9465121115501528,0.9,2
NIFTY50,2024-02-15,BULL,0.9998357344770371,2.668293744481993e-07,0.00016399869358844685,0.9464584787151655,3.6964776762536195e-06,0.05353782480715827,0.9998357344770371,91.96877180727483,0.9997536017155555,BULL,0.9464584787151655,93.26183498044415,HIGH,0.9465976425777736,0.9,3
NIFTY50,2024-02-16,BULL,0.9998754573361484,9.77731195079368e-09,0.00012453288653973575,0.946493470066441,2.624158555646657e-06,0.05350390577500322,0.9998754573361484,91.97402050996617,0.9998131860042225,BULL,0.946493470066441,93.26192768388857,HIGH,0.946598966912694,0.9,4
NIFTY50,2024-02-19,BULL,0.9968406093854223,5.7099354981436715e-08,0.0031593335152227224,0.9438208754858648,6.638522709025456e-05,0.05611273928704495,0.9968406093854223,91.57313132287972,0.9952609140781334,BULL,0.9438208754858648,93.25479691781125,HIGH,0.946497098825875,0.9,5
NIFTY50,2024-02-20,BULL,0.9999955471185181,6.30195758010264e-08,4.389861906111629e-06,0.9465992232334444,1.5221590712749683e-07,0.05340062455064861,0.9999955471185181,91.98988348501665,0.999993320677777,BULL,0.9465992232334444,93.26220998581582,HIGH,0.9466029997973688,0.9,6
NIFTY50,2024-02-21,BULL,0.9996373796416199,5.669783057036309e-10,0.00036261979140185286,0.9462838109211074,7.614104186413853e-06,0.05370857497470629,0.9996373796416199,91.9425716381661,0.9994560694624297,BULL,0.9462838109211074,93.26136825791167,HIGH,0.9465909751130239,0.9,7
NIFTY50,2024-02-22,BULL,0.9999780746385889,1.104704286570575e-08,2.191431436823272e-05,0.9465838383851722,4.7086659753269894e-07,0.05341569074823028,0.9999780746385889,91.98757575777582,0.9999671119578833,BULL,0.9465838383851722,93.26216880351183,HIGH,0.9466024114787404,0.9,8
NIFTY50,2024-02-23,BULL,0.9999544052951297,6.420862230637662e-10,4.5594062784128554e-05,0.9465629947430356,9.581616943611606e-07,0.053436047095270126,0.9999544052951297,91.98444921145534,0.9999316079426945,BULL,0.9465629947430356,93.26211316284963,HIGH,0.9466016166121376,0.9,9
NIFTY50,2024-02-26,BULL,0.997228648274247,6.9248895958337646e-09,0.002771344800863442,0.9441625979930385,5.8191758831889156e-05,0.055779210248129714,0.997228648274247,91.62438969895575,0.9958429724113704,BULL,0.9441625979930385,96.25570855665715,HIGH,0.9465101222379593,1.0,10
NIFTY50,2024-02-27,BULL,0.9997632565585827,1.6004725242603342e-07,0.00023658339416487487,0.9463946562994899,5.119160025997412e-06,0.05360022454048405,0.9997632565585827,91.95919844492347,0.9996448848378738,BULL,0.9463946562994899,96.26166441890165,HIGH,0.9465952059843095,1.0,11
NIFTY50,2024-02-28,BULL,0.9162283956937407,4.416185054833175e-07,0.08377116268775385,0.8728309393381877,0.0017592100511588274,0.12540985061065354,0.9162283956937407,80.92464090072815,0.8743425935406111,BULL,0.8728309393381877,96.06538599554413,HIGH,0.9437912285077733,1.0,12
NIFTY50,2024-02-29,BULL,0.9677669956926211,2.5754686064470748e-05,0.03220724962131444,0.9182166377355017,0.0007006170859366825,0.08108274517856173,0.9677669956926211,87.73249566032526,0.9516504935389317,BULL,0.9182166377355017,96.18654679015238,HIGH,0.9455220970021769,1.0,13
NIFTY50,2024-03-01,BULL,0.9999940339840877,2.8135163382326304e-06,3.152499573986328e-06,0.9465977835102762,2.734156091212499e-06,0.05339948233363254,0.9999940339840877,91.98966752654142,0.9999910509761317,BULL,0.9465977835102762,96.26221319350152,HIGH,0.9466030456214503,1.0,14
NIFTY50,2024-03-04,BULL,0.9999988287202987,1.5279582527491997e-09,1.1697517431152039e-06,0.9466021155229103,2.630503268606347e-08,0.05339785817205711,0.9999988287202987,91.99031732843655,0.9999982430804478,BULL,0.9466021155229103,96.26221754528919,HIGH,0.9466031077898457,1.0,15
NIFTY50,2024-03-05,BULL,0.9999847108139296,2.7461067224994106e-11,1.5289158609429717e-05,0.9465896828616586,3.213218711106403e-07,0.0534099958164704,0.9999847108139296,91.98845242924877,0.9999770662208942,BULL,0.9465896828616586,96.26218436921936,HIGH,0.9466026338459909,1.0,16
NIFTY50,2024-03-06,BULL,0.9999979890498106,2.2900666053382753e-10,2.0107211827354644e-06,0.9466013761304813,4.272972370700141e-08,0.053398581139794975,0.9999979890498106,91.99020641957219,0.9999969835747158,BULL,0.9466013761304813,96.26221556914913,HIGH,0.9466030795592735,1.0,17
NIFTY50,2024-03-07,BULL,0.9999906595000985,5.27303036482816e-11,9.34044717127782e-06,0.9465949214807636,1.964515354733666e-07,0.053404882067701,0.9999906595000985,91.98923822211455,0.9999859892501477,BULL,0.9465949214807636,96.26219834671377,HIGH,0.9466028335244824,1.0,18
NIFTY50,2024-03-11,BULL,0.9983526662453198,1.4651920306273902e-09,0.0016473322894881598,0.9451524475536629,3.458773194037882e-05,0.054812964714396735,0.9983526662453198,91.77286713304942,0.9975289993679796,BULL,0.9451524475536629,96.25834961129816,HIGH,0.9465478515899737,1.0,19
NIFTY50,2024-03-12,BULL,0.9980520124615581,1.8315532176100667e-07,0.0019478043831202062,0.9448876742855277,4.1068470854318115e-05,0.055071257243618034,0.9980520124615581,91.73315114282914,0.9970780186923369,BULL,0.9448876742855277,96.2576436217369,HIGH,0.9465377660248129,1.0,20
NIFTY50,2024-03-13,BEAR,0.005864113866735439,4.133313119731926e-06,0.9941317528201448,0.07113232279072573,0.02087589905369996,0.9079917781555743,0.9941317528201448,86.19876672333613,0.9911976292302171,BEAR,0.9079917781555743,66.92634205534624,MODERATE,0.9132334579335177,0.1,1
NIFTY50,2024-03-14,BEAR,0.006791605678754415,0.000256278151437687,0.9929521161698078,0.0719392766773116,0.02109020673160862,0.9069705165910796,0.9929521161698078,86.04557748866196,0.9894281742547117,BEAR,0.9069705165910796,69.92914133767923,MODERATE,0.9132734476811317,0.2,2
NIFTY50,2024-03-15,BEAR,2.410597280759801e-07,3.4506853103093527e-06,0.9999963082549617,0.06596841890562763,0.020998379235534426,0.913033201858838,0.9999963082549617,86.95498027882567,0.9999944623824425,BEAR,0.913033201858838,72.91256222775662,MODERATE,0.9130366032536662,0.3,3
NIFTY50,2024-03-18,BEAR,0.004567811287388933,0.00019988530051427838,0.9952323034120968,0.06998312392248493,0.021084610077809984,0.908932265999705,0.9952323034120968,86.33983989995575,0.992848455118145,BEAR,0.908932265999705,75.92377749978827,HIGH,0.9131968214255468,0.4,4
NIFTY50,2024-03-19,BEAR,1.6721686055008852e-05,0.00018549614797897277,0.9997977821659659,0.06597583685124818,0.02116681988739649,0.9128573432613554,0.9997977821659659,86.9286014892033,0.9996966732489487,BEAR,0.9128573432613554,78.91304857349567,HIGH,0.9130435510499382,0.5,5
NIFTY50,2024-03-20,BEAR,0.0002780769323213537,0.0001379216712719071,0.9995840013964067,0.06620784965724781,0.021117223169496557,0.9126749271732556,0.9995840013964067,86.90123907598833,0.9993760020946099,BEAR,0.9126749271732556,81.91354569301306,HIGH,0.9130506527573296,0.6,6
NIFTY50,2024-03-21,BEAR,0.007061960847323643,0.0003504524463370541,0.9925875867063394,0.0721736902785029,0.02117184593557092,0.9066544637859263,0.9925875867063394,85.99816956788892,0.9888813800595091,BEAR,0.9066544637859263,84.93000814241476,HIGH,0.9132858306059253,0.7,7
NIFTY50,2024-03-22,BEAR,0.003119592246297509,0.00019886216453290063,0.9966815455891695,0.06870781170638457,0.021114067085376782,0.9101781212082387,0.9966815455891695,86.52671818123581,0.9950223183837543,BEAR,0.9101781212082387,87.92037215139538,HIGH,0.9131481735913628,0.8,8
NIFTY50,2024-03-26,BEAR,0.0002651964458532993,0.00013039694637490654,0.9996044066077718,0.06619679993885282,0.021110516916112484,0.9126926831450347,0.9996044066077718,86.90390247175519,0.9994066099116578,BEAR,0.9126926831450347,90.91349692601804,HIGH,0.9130499560859721,0.9,9
NIFTY50,2024-03-27,BEAR,0.004747277104020647,0.0002480376799848058,0.9950046852159946,0.0701392909631235,0.02112548748885605,0.9087352215480206,0.9950046852159946,86.31028323220306,0.9925070278239919,BEAR,0.9087352215480206,93.92431758400075,HIGH,0.9132045369142964,1.0,10
NIFTY50,2024-03-28,BEAR,0.1255181047604648,0.0013512815984028604,0.8731306136411324,0.1764512849188462,0.019612773745966972,0.803935941335187,0.8731306136411324,70.59039120027805,0.8096959204616985,BEAR,0.803935941335187,94.21080153330792,HIGH,0.9172971647615417,1.0,11
NIFTY50,2024-04-01,BEAR,0.005642460121166851,0.00011825741415590112,0.9942392824646772,0.07093267864668297,0.02098636489073232,0.9080809564625846,0.9942392824646772,86.2121434693877,0.9913589236970156,BEAR,0.9080809564625846,93.92610185641539,HIGH,0.91323002652022,1.0,12
NIFTY50,2024-04-02,BULL,0.7128586533262113,0.0009312855652898193,0.28621006110849884,0.693700184836065,0.00689204374553549,0.29940777141839964,0.7128586533262113,54.055027725409744,0.569287979989317,BULL,0.693700184836065,68.58982360120167,MODERATE,0.9369974800171668,0.1,1
NIFTY50,2024-04-03,BULL,0.9821393714072214,5.2650186465603685e-05,0.017807978406313013,0.9308724037453631,0.0004238030423295171,0.06870379321230749,0.9821393714072214,89.63086056180445,0.9732090571108319,BULL,0.9308724037453631,72.22038322065517,MODERATE,0.9460054745807882,0.2,2
NIFTY50,2024-04-04,BULL,0.9999799322594058,4.6050498428499207e-07,1.960723560997465e-05,0.94658545675249,8.485883733601184e-07,0.05341369465913663,0.9999799322594058,91.98781851287347,0.9999698983891088,BULL,0.94658545675249,75.26217427345023,HIGH,0.9466024896207177,0.3,3
NIFTY50,2024-04-05,BULL,0.9999041264204718,1.4261393785677324e-09,9.587215338879355e-05,0.946518717385449,2.0145028998057676e-06,0.05347926811165122,0.9999041264204718,91.97780760781735,0.9998561896307077,BULL,0.946518717385449,78.26199502615904,HIGH,0.9465999289451293,0.4,4
NIFTY50,2024-04-08,BULL,0.9999994158998892,1.5873419353830699e-09,5.825127688476249e-07,0.9466026326113804,1.4032147397506979e-08,0.05339735335647215,0.9999994158998892,91.99039489170706,0.9999991238498336,BULL,0.9466026326113804,81.2622189251118,HIGH,0.946603127501597,0.5,5
NIFTY50,2024-04-09,BULL,0.9999977521101042,1.126497889447335e-11,2.2478786308512735e-06,0.9466011674816156,4.750243354563773e-08,0.053398785015950745,0.9999977521101042,91.99017512224236,0.9999966281651563,BULL,0.9466011674816156,84.26221501188431,HIGH,0.9466030715983473,0.6,6
NIFTY50,2024-04-10,BULL,0.9999999990548282,2.3627976503133808e-11,9.215438732781753e-10,0.9466031462188649,3.3887677107299864e-10,0.05339685344225844,0.9999999990548282,91.99047193282973,0.9999999985822421,BULL,0.9466031462188649,87.26222029148684,HIGH,0.9466031470212406,0.7,7
NIFTY50,2024-04-12,BULL,0.9999802220271556,1.3810312137860046e-12,1.9777971463300707e-05,0.9465857298808056,4.1554059765152845e-07,0.05341385457859682,0.9999802220271556,91.98785948212084,0.9999703330407335,BULL,0.9465857298808056,90.26217382200055,HIGH,0.9466024831714365,0.8,8
NIFTY50,2024-04-15,BULL,0.9419986185772348,3.238049191432261e-08,0.058001349042273324,0.89552511051675,0.0012177800313658443,0.10325710945188421,0.9419986185772348,84.32876657751248,0.912997927865852,BULL,0.89552511051675,93.12593643459822,HIGH,0.9446562347799744,0.9,9
NIFTY50,2024-04-16,BEAR,0.34622126937047243,9.80016338855641e-05,0.6536807289956421,0.3708590217325607,0.013817069403147208,0.6153239088642921,0.6536807289956421,42.29858632964382,0.48052109349346317,BEAR,0.6153239088642921,67.72629887941405,MODERATE,0.9246614125630579,0.1,1
NIFTY50,2024-04-18,BEAR,0.0006941461225131246,0.00012215221592491685,0.9991837016615619,0.066574869303609,0.021093866791012106,0.912331263905379,0.9991837016615619,86.84968958580683,0.9987755524923428,BEAR,0.912331263905379,69.91448454244585,MODERATE,0.9130640648920836,0.2,2
NIFTY50,2024-04-19,BEAR,0.005138271812792325,0.000323383217496403,0.9945383449697114,0.07048067781861464,0.02118713642846757,0.9083321857529176,0.9945383449697114,86.24982786293765,0.9918075174545671,BEAR,0.9083321857529176,72.92542155448257,MODERATE,0.9132203079211796,0.3,3
NIFTY50,2024-04-22,BEAR,0.05190522159478417,0.0007304742706690021,0.9473643041345469,0.11164941464104672,0.020582697342165748,0.8677678880167876,0.9473643041345469,80.16518320251814,0.9210464562018201,BEAR,0.8677678880167876,76.03630929274588,HIGH,0.9148044184677985,0.4,4
NIFTY50,2024-04-23,BEAR,0.028997201045301745,0.00030129101561440834,0.9707015079390839,0.09149254240652771,0.020665730628896047,0.8878417269645762,0.9707015079390839,83.17625904468643,0.9560522619086259,BEAR,0.8878417269645762,78.98142777462546,HIGH,0.9140203967803637,0.5,5
NIFTY50,2024-04-24,BEAR,0.046954615679335024,0.00040746781324483476,0.9526379165074201,0.10730232837394452,0.020387155086091242,0.8723105165399643,0.9526379165074201,80.84657748099464,0.9289568747611302,BEAR,0.8723105165399643,82.02388279368911,HIGH,0.9146268970527015,0.6,6
NIFTY50,2024-04-25,BEAR,0.23245692002814375,0.001167991702492407,0.7663750882693638,0.2706324717202405,0.0171976331107898,0.7121698951689697,0.7663750882693638,56.82548427534545,0.6495626324040458,BEAR,0.7121698951689697,85.46162146945103,HIGH,0.9208803067064434,0.7,7
NIFTY50,2024-04-26,BEAR,0.0637130383177819,0.00040836202124574567,0.9358785996609724,0.1220603437889996,0.020036137989334176,0.8579035182216661,0.9358785996609724,78.68552773324996,0.9038178994914586,BEAR,0.8579035182216661,88.06326170701534,HIGH,0.915189452957362,0.8,8
NIFTY50,2024-04-29,BULL,0.7766517489092989,0.0011673436462363658,0.2221809074444647,0.7498694045027717,0.0057715613438465525,0.24435903415338173,0.7766517489092989,62.480410675415754,0.6649776233639483,BULL,0.7498694045027717,71.74029657064769,MODERATE,0.9391470938663957,0.2,1
NIFTY50,2024-04-30,BULL,0.8592556409593848,0.00013821357457149242,0.14060614546604377,0.8226533786811158,0.0030831012581432056,0.17426352006074114,0.8592556409593848,73.39800680216736,0.7888834614390772,BULL,0.8226533786811158,71.9318577471993,MODERATE,0.9418836821028471,0.2,2
NIFTY50,2024-05-02,BULL,0.9287974296197997,6.410738532775198e-05,0.07113846299487249,0.8838971866313101,0.0015543497032423326,0.11454846366544758,0.9287974296197997,82.58457799469652,0.8931961444296994,BULL,0.8838971866313101,75.09507558556729,HIGH,0.9442153655081041,0.3,3
NIFTY50,2024-05-03,BEAR,0.17903738825955706,0.00012295739956682872,0.8208396543408761,0.2236301043500176,0.017350264034052768,0.7590196316159294,0.8208396543408761,63.852944742389425,0.7312594815113141,BEAR,0.7590196316159294,85.33353377385816,HIGH,0.9190504824836881,0.7,1
NIFTY50,2024-05-06,BEAR,0.055375344016331325,0.000278274305190158,0.9443463816784786,0.11472295033014412,0.020090576297325684,0.8651864733725302,0.9443463816784786,79.77797100587951,0.9165195725177178,BEAR,0.8651864733725302,85.0433510352264,HIGH,0.9149050147889487,0.7,2
NIFTY50,2024-05-07,BEAR,0.005680374033347108,0.0002499478215847716,0.9940696781450682,0.07096093414605503,0.021107667968059556,0.9079313978858854,0.9940696781450682,86.1897096828828,0.9911045172176023,BEAR,0.9079313978858854,84.92651474791654,HIGH,0.9132359249702363,0.7,3
NIFTY50,2024-05-08,BEAR,0.014907517588681333,0.000337580424115463,0.9847549019872032,0.07908326232133067,0.020995192500492456,0.8999215451781769,0.9847549019872032,84.98823177672652,0.9771323529808046,BEAR,0.8999215451781769,84.94841093878446,HIGH,0.9135487276969211,0.7,4
NIFTY50,2024-05-09,BEAR,1.3171148870491421e-05,0.0006152515656767993,0.9993715772854528,0.06595595982733783,0.02156534975662333,0.9124786904160387,0.9993715772854528,86.87180356240583,0.9990573659281792,BEAR,0.9124786904160387,84.91409693329457,HIGH,0.9130585276184939,0.7,5
NIFTY50,2024-05-10,BEAR,0.00016836779391938208,0.00014592223271005136,0.9996857099733706,0.06611092413876421,0.02112694439494163,0.912762131466294,0.9996857099733706,86.91431971994412,0.9995285649600557,BEAR,0.912762131466294,84.91330758520643,HIGH,0.9130472512172346,0.7,6
NIFTY50,2024-05-13,BEAR,0.00014706405500879616,0.00010442778684251318,0.9997485081581488,0.06609378062680027,0.021088919362591253,0.9128173000106085,0.9997485081581488,86.92259500159125,0.9996227622372231,BEAR,0.9128173000106085,84.91315550006038,HIGH,0.9130450785722914,0.7,7
NIFTY50,2024-05-14,BEAR,0.0009525780695511947,0.00012914641368228636,0.9989182755167664,0.06680218086284172,0.021094925758537275,0.912102893378621,0.9989182755167664,86.81543400679315,0.9983774132751497,BEAR,0.912102893378621,87.91510896914882,HIGH,0.9130729852735545,0.8,8
NIFTY50,2024-05-15,BEAR,0.0005146913569992243,0.00010517099296661696,0.9993801376500342,0.06641749705708423,0.0210818900361919,0.9125006129067238,0.9993801376500342,86.87509193600859,0.9990702064750513,BEAR,0.9125006129067238,90.9140211292726,HIGH,0.9130574447038942,0.9,9
NIFTY50,2024-05-16,BEAR,0.014412532171658653,0.0005564831392317746,0.9850309846891095,0.07863882890597598,0.021208544328879197,0.9001526267651447,0.9850309846891095,85.02289401477171,0.9775464770336645,BEAR,0.9001526267651447,93.9477861358869,HIGH,0.9135398019412414,1.0,10
NIFTY50,2024-05-17,BEAR,0.10139336093044278,0.0005536456823723168,0.8980529933871849,0.1552372847539153,0.019379734971087265,0.8253829802749973,0.8980529933871849,73.80744704124962,0.8470794900807772,BEAR,0.8253829802749973,94.152155152162,HIGH,0.9164593593165999,1.0,11
NIFTY50,2024-05-21,BEAR,0.14623015930764788,0.0006131339940603078,0.8531567066982919,0.1947198113544435,0.018493533749436384,0.7867866548961201,0.8531567066982919,68.017998234418,0.7797350600474379,BEAR,0.7867866548961201,94.25765297553654,HIGH,0.9179664710790937,1.0,12
NIFTY50,2024-05-22,BULL,0.5873186500238682,0.0006729670171096339,0.41200838295902215,0.58315535670455,0.009288274690154539,0.40755636860529554,0.5873186500238682,37.473303505682495,0.3809779750358023,BULL,0.58315535670455,68.29421121805059,MODERATE,0.9327744459721514,0.1,1
NIFTY50,2024-05-23,BULL,0.9997330514520757,0.00014746107901210607,0.00011948746891228882,0.9463623153749124,0.00014232607476130226,0.05349535855032619,0.9997330514520757,91.95434730623688,0.9995995771781135,BULL,0.9463623153749124,72.26195563750532,MODERATE,0.946599366250076,0.2,2
NIFTY50,2024-05-24,BULL,0.9999968453676386,1.2479870041646974e-07,3.029833660975874e-06,0.9466003641088818,1.8223853355192394e-07,0.05339945365258461,0.9999968453676386,91.99005461633227,0.9999952680514577,BULL,0.9466003641088818,75.26221318817446,HIGH,0.9466030455453495,0.3,3
NIFTY50,2024-05-27,BULL,0.9999951492446947,1.6352064811912275e-10,4.850591784639572e-06,0.9465988753018066,1.022912399315888e-07,0.05340102240695347,0.9999951492446947,91.989831295271,0.9999927238670419,BULL,0.9465988753018066,78.26220889639141,HIGH,0.9466029842341632,0.4,4
NIFTY50,2024-05-28,BULL,0.99999475745327,9.705810332396844e-11,5.242449671849978e-06,0.9465985302792319,1.1045535130897624e-07,0.05340135926541686,0.99999475745327,91.98977954188479,0.9999921361799049,BULL,0.9465985302792319,81.2622079756486,HIGH,0.9466029710806942,0.5,5
NIFTY50,2024-05-29,BULL,0.9991106433649974,7.117279762187335e-10,0.0008893559232746347,0.945819948616722,1.8673163775624795e-05,0.05416137821950226,0.9991106433649974,91.8729922925083,0.9986659650474962,BULL,0.945819948616722,84.26013060335904,HIGH,0.9465732943337006,0.6,6
NIFTY50,2024-05-30,BULL,0.993078585692286,6.197691935266206e-07,0.006920794538520564,0.940507884550113,0.00014589129840905993,0.059346224151477805,0.993078585692286,91.07618268251697,0.9896178785384289,BULL,0.940507884550113,87.24595879796456,HIGH,0.9463708399709224,0.7,7
NIFTY50,2024-05-31,BULL,0.7932333999960622,1.1064593884696731e-05,0.20675553541005307,0.7645168511259437,0.004351361974321601,0.23113178689973482,0.7932333999960622,64.67752766889156,0.6898500999940933,BULL,0.7645168511259437,89.77641481885716,HIGH,0.9396630688408167,0.8,8
NIFTY50,2024-06-03,BULL,0.7047911138479495,0.2952035630551662,5.323096884396319e-06,0.6751259696881858,0.2799011621796427,0.04497286813217147,0.7047911138479495,51.26889545322787,0.5571866707719242,BULL,0.6751259696881858,93.29443777427001,HIGH,0.9470633967752858,0.9,9
NIFTY50,2024-06-04,SIDE,5.790202621566732e-28,0.9999999418173015,5.818269853199687e-08,0.026991994054704198,0.9481627910897898,0.024845214855506004,0.9999999418173015,92.22441866346848,0.999999912725952,SIDE,0.9481627910897898,69.37139900938118,MODERATE,0.9481628429911598,0.1,1
NIFTY50,2024-06-05,SIDE,7.277292611413136e-11,0.9999999997415011,1.8572597287954504e-10,0.026991991861116726,0.9481628447937065,0.024845163345176714,0.9999999997415011,92.22442671905597,0.9999999996122515,SIDE,0.9481628447937065,72.3713991519788,MODERATE,0.9481628450282688,0.2,2
NIFTY50,2024-06-06,SIDE,6.168000056375884e-06,0.9999938284284117,3.571531890779471e-09,0.026997664087817806,0.9481569934550176,0.024845342457164594,0.9999938284284117,92.22354901825264,0.9999907426426177,SIDE,0.9481569934550176,75.37139847024639,HIGH,0.9481628352892342,0.3,3
NIFTY50,2024-06-07,SIDE,1.1760589181620847e-06,0.9999988239404495,6.322482517311789e-13,0.02699307330388005,0.9481617299389506,0.02484519675716932,0.9999988239404495,92.2242594908426,0.9999982359106744,SIDE,0.9481617299389506,78.37139902404117,HIGH,0.9481628432005881,0.4,4
NIFTY50,2024-06-10,SIDE,2.762517592010407e-05,0.999972374777987,4.6092927331452973e-11,0.02701739620869384,0.9481366518267836,0.024845951964522564,0.999972374777987,92.22049777401753,0.9999585621669804,SIDE,0.9481366518267836,81.37139613624491,HIGH,0.9481628019463558,0.5,5
NIFTY50,2024-06-11,SIDE,2.871519747292478e-05,0.9999712847051068,9.742036765075472e-11,0.02701839860667385,0.9481356182612581,0.024845983132068043,0.9999712847051068,92.22034273918872,0.9999569270576601,SIDE,0.9481356182612581,84.37139601711145,HIGH,0.9481628002444494,0.6,6
NIFTY50,2024-06-12,SIDE,2.0584795837329148e-05,0.9999794150764312,1.2773148915652424e-10,0.02701092179981438,0.9481433271778983,0.02484575102228733,0.9999794150764312,92.22149907668474,0.9999691226146468,SIDE,0.9481433271778983,87.37139690470482,HIGH,0.9481628129243547,0.7,7
NIFTY50,2024-06-13,SIDE,2.154610437711688e-05,0.9999784538081645,8.745837140132353e-11,0.027011805828301524,0.9481424157381985,0.024845778433500013,0.9999784538081645,92.22136236072976,0.9999676807122466,SIDE,0.9481424157381985,90.37139679984924,HIGH,0.9481628114264178,0.8,8
NIFTY50,2024-06-14,SIDE,2.233773860575445e-05,0.9999776621747916,8.660273950903767e-11,0.02701253382393572,0.9481416651408296,0.02484580103523472,0.9999776621747916,92.22124977112445,0.9999664932621873,SIDE,0.9481416651408296,93.37139671342165,HIGH,0.9481628101917379,0.9,9
NIFTY50,2024-06-18,SIDE,3.316293217473144e-05,0.9999668370468419,2.0983369091054143e-11,0.027022488790142053,0.9481314011553406,0.024846110054517426,0.9999668370468419,92.21971017330108,0.999950255570263,SIDE,0.9481314011553406,96.3713955317008,HIGH,0.9481627933100115,1.0,10
NIFTY50,2024-06-19,SIDE,4.43191367169944e-05,0.9999556808117462,5.153673724938805e-11,0.027032748161480397,0.9481208232283772,0.024846428610142447,0.9999556808117462,92.21812348425657,0.9999335212176194,SIDE,0.9481208232283772,96.37139431360393,HIGH,0.9481627759086276,1.0,11
NIFTY50,2024-06-20,SIDE,6.361934638174976e-05,0.999936380628756,2.4862204698537213e-11,0.02705049684854739,0.9481025235114091,0.024846979640043464,0.999936380628756,92.21537852671136,0.999904570943134,SIDE,0.9481025235114091,96.3713922064946,HIGH,0.9481627458070657,1.0,12
NIFTY50,2024-06-21,SIDE,2.761316622260245e-05,0.9999723862890848,5.446925994069938e-10,0.02701738518387564,0.9481366627516471,0.024845952064477306,0.9999723862890848,92.22049941274705,0.9999585794336272,SIDE,0.9481366627516471,96.37139613633012,HIGH,0.9481628019475734,1.0,13
NIFTY50,2024-06-24,SIDE,3.27445719301709e-05,0.9999672542404104,1.1876594006889557e-09,0.027022104106867006,0.9481317967472759,0.024846099145857153,0.9999672542404104,92.21976951209136,0.9999508813606155,SIDE,0.9481317967472759,96.37139557450811,HIGH,0.9481627939215446,1.0,14
NIFTY50,2024-06-25,SIDE,0.000124993918163054,0.9998750060818363,6.228532904536136e-16,0.027106937588438084,0.9480443304458853,0.024848731965676635,0.9998750060818363,92.20664956688279,0.9998125091227543,SIDE,0.9480443304458853,96.37138550575011,HIGH,0.9481626500821445,1.0,15
NIFTY50,2024-06-26,SIDE,0.0001274574761206695,0.999872542523879,3.4587835271664493e-16,0.02710920310381754,0.9480419945917643,0.024848802304418195,0.999872542523879,92.20629918876463,0.9998088137858185,SIDE,0.9480419945917643,96.37138523678163,HIGH,0.9481626462397379,1.0,16
NIFTY50,2024-06-27,SIDE,9.350877298110602e-05,0.9999064912270188,3.74592921365095e-17,0.0270779834977036,0.9480741834907085,0.024847833011587883,0.9999064912270188,92.21112752360628,0.9998597368405282,SIDE,0.9480741834907085,96.37138894326232,HIGH,0.9481626991894617,1.0,17
NIFTY50,2024-06-28,SIDE,0.00035797787241114494,0.9996420221275777,1.1128694084043684e-14,0.02732119223176283,0.9478234237170373,0.024855384051199754,0.9996420221275777,92.1735135575556,0.9994630331913665,SIDE,0.9478234237170373,96.37136006882783,HIGH,0.9481622866975405,1.0,18
NIFTY50,2024-07-01,SIDE,1.1542149789025771e-05,0.9999884578501925,1.8484714181850962e-14,0.027002606076657464,0.9481519011973107,0.02484549272603177,0.9999884578501925,92.22278517959661,0.9999826867752888,SIDE,0.9481519011973107,96.37139789228455,HIGH,0.9481628270326365,1.0,19
NIFTY50,2024-07-02,SIDE,0.0001816836527369806,0.9998183163426679,4.595091467795557e-12,0.027159070100920366,0.9479905793416245,0.024850350557455242,0.9998183163426679,92.19858690124366,0.9997274745140019,SIDE,0.9479905793416245,96.37137931641824,HIGH,0.9481625616631179,1.0,20
NIFTY50,2024-07-03,BULL,0.5997744276722332,0.40022553917106546,3.315670132878941e-08,0.578551247409458,0.37947898675040614,0.04196976584013595,0.5997744276722332,36.782687111418696,0.3996616415083498,BULL,0.578551247409458,69.30591638336917,MODERATE,0.9472273769052739,0.1,1
NIFTY50,2024-07-04,BULL,0.9996477216425728,0.0003522783484769033,8.950313154699275e-12,0.9462791879452372,0.0003340175383449192,0.05338679451641784,0.9996477216425728,91.94187819178559,0.9994715824638591,BULL,0.9462791879452372,72.26225875497663,MODERATE,0.946603696499666,0.2,2
NIFTY50,2024-07-05,BULL,0.999999818157353,1.8182794776355e-07,1.4699398533674713e-11,0.946602979828183,1.726999384387934e-07,0.053396847471878506,0.999999818157353,91.99044697422745,0.9999997272360293,BULL,0.946602979828183,75.26222031346681,HIGH,0.9466031473352403,0.3,3
NIFTY50,2024-07-08,BULL,0.9999999997665208,2.0947519573745251e-10,2.400404649823758e-11,0.9466031468383624,4.962461847676976e-10,0.05339685266539139,0.9999999997665208,91.99047202575437,0.9999999996497811,BULL,0.9466031468383624,78.26222029361607,HIGH,0.9466031470516582,0.4,4
NIFTY50,2024-07-09,BULL,0.9999999999978679,7.782913955821772e-13,1.3538226588382042e-12,0.9466031470502291,2.9789198862739367e-10,0.05339685265187901,0.9999999999978679,91.99047205753435,0.9999999999968019,BULL,0.9466031470502291,81.26222029364652,HIGH,0.9466031470520933,0.5,5
NIFTY50,2024-07-10,BULL,0.9999999992400856,4.45473597839937e-13,7.594689178356139e-10,0.9466031463829124,3.134931895558375e-10,0.053396853303594276,0.9999999992400856,91.99047195743688,0.9999999988601285,BULL,0.9466031463829124,84.26222029186516,HIGH,0.9466031470266453,0.6,6
NIFTY50,2024-07-11,BULL,0.9999999996678746,3.6314605337109564e-13,3.3176233846826084e-10,0.9466031467596416,3.0443535103336215e-10,0.05339685293592312,0.9999999996678746,91.99047201394625,0.9999999995018118,BULL,0.9466031467596416,87.2622202928701,HIGH,0.9466031470410015,0.7,7
NIFTY50,2024-07-12,BULL,0.9999999999774024,4.5005004636659807e-13,2.2147545228726768e-11,0.9466031470322193,2.980173304205787e-10,0.05339685266976349,0.9999999999774024,91.99047205483288,0.9999999999661034,BULL,0.9466031470322193,90.26222029359758,HIGH,0.946603147051394,0.8,8
NIFTY50,2024-07-15,BULL,0.9999999999829887,3.0059493682529987e-13,1.671069017025546e-11,0.9466031470371445,2.977614748629654e-10,0.05339685266509402,0.9999999999829887,91.99047205557169,0.9999999999744831,BULL,0.9466031470371445,93.26222029361035,HIGH,0.9466031470515766,0.9,9
NIFTY50,2024-07-16,BULL,0.9999999999566878,2.665091723143484e-13,4.304572589073992e-11,0.9466031470139843,2.9828206494486037e-10,0.053396852687733636,0.9999999999566878,91.99047205209763,0.9999999999350316,BULL,0.9466031470139843,96.2622202935485,HIGH,0.9466031470506927,1.0,10
NIFTY50,2024-07-18,BULL,0.9999999999911338,6.125221589322178e-13,8.253708543004547e-12,0.9466031470443051,2.9787967677450477e-10,0.05339685265781516,0.9999999999911338,91.99047205664576,0.9999999999867006,BULL,0.9466031470443051,96.26222029363029,HIGH,0.9466031470518613,1.0,11
NIFTY50,2024-07-19,BULL,0.999999191382318,1.501310619383153e-12,8.086161807124605e-07,0.946602434955203,1.7275595118289136e-08,0.05339754776920193,0.999999191382318,91.99036524328044,0.9999987870734768,BULL,0.946602434955203,96.2622183936709,HIGH,0.9466031199095843,1.0,12
NIFTY50,2024-07-22,BULL,0.999997142847062,3.060793513698934e-11,2.857122330131334e-06,0.9466006309426209,6.031195777256228e-08,0.05339930874542141,0.999997142847062,91.99009464139314,0.999995714270593,BULL,0.9466006309426209,96.26221358036653,HIGH,0.9466030511480933,1.0,13
NIFTY50,2024-07-23,BULL,0.9998978631864438,4.782442694159315e-10,0.00010213633531192089,0.9465132018005117,2.1451217969500926e-06,0.05348465307769139,0.9998978631864438,91.97698027007674,0.9998467947796655,BULL,0.9465132018005117,96.26198030731325,HIGH,0.9465997186759036,1.0,14
NIFTY50,2024-07-24,BULL,0.9991866348687679,2.6143429150638787e-08,0.0008133389878029436,0.9458868683886631,1.710128757409033e-05,0.05409603032376287,0.9991866348687679,91.88303025829944,0.9987799523031519,BULL,0.9458868683886631,96.26030922062925,HIGH,0.9465758460089894,1.0,15
NIFTY50,2024-07-25,BULL,0.9978824426657782,3.032629422359607e-07,0.0021172540712796244,0.9447383405399717,4.473997992678728e-05,0.05521691948010154,0.9978824426657782,91.71075108099575,0.9968236639986673,BULL,0.9447383405399717,96.25724548448986,HIGH,0.9465320783498551,1.0,16
NIFTY50,2024-07-26,BULL,0.9999988762123988,5.153986491703723e-07,6.083889519321128e-07,0.9466021373173031,5.017522133653976e-07,0.05339736093048348,0.9999988762123988,91.99032059759546,0.9999983143185982,BULL,0.9466021373173031,96.26221892040871,HIGH,0.9466031274344104,1.0,17
NIFTY50,2024-07-29,BULL,0.9999994179415029,5.14294389375601e-10,5.815442027185265e-07,0.94660263445112,1.299438835903336e-08,0.053397352554491656,0.9999994179415029,91.990395167668,0.9999991269122542,BULL,0.94660263445112,96.26221892727045,HIGH,0.9466031275324349,1.0,18
NIFTY50,2024-07-30,BULL,0.9999985230481214,1.6209233632159023e-11,1.4769356693283264e-06,0.9466018463962742,3.1321031683524724e-08,0.0533981222826941,0.9999985230481214,91.99027695944113,0.9999977845721821,BULL,0.9466018463962742,96.26221682334418,HIGH,0.9466030974763455,1.0,19
NIFTY50,2024-07-31,BULL,0.9999999623006464,1.600590378180788e-11,3.768334774461214e-08,0.9466031138521501,1.1034706647379648e-09,0.05339688504437922,0.9999999623006464,91.9904670778225,0.9999999434509695,BULL,0.9466031138521501,96.26222020510802,HIGH,0.9466031457872573,1.0,20
NIFTY50,2024-08-01,BULL,0.9999999659395378,7.650279329709389e-13,3.405969723058745e-08,0.9466031170572786,1.0129406209397207e-09,0.05339688192978082,0.9999999659395378,91.99046755859179,0.9999999489093067,BULL,0.9466031170572786,96.26222021362072,HIGH,0.9466031459088674,1.0,21
NIFTY50,2024-08-02,BULL,0.9990123294162169,1.789693776392746e-11,0.0009876705658861812,0.9457333699585599,2.073663998483366e-05,0.05424589340145528,0.9990123294162169,91.86000549378399,0.9985184941243251,BULL,0.9457333699585599,96.25989959660043,HIGH,0.9465699942371492,1.0,22
NIFTY50,2024-08-05,BEAR,3.844338348437342e-05,8.05544380247526e-05,0.9998810021784909,0.06599905597879478,0.02106906527668299,0.9129318787445223,0.9998810021784909,86.93978181167833,0.9998215032677361,BEAR,0.9129318787445223,66.91284157675265,MODERATE,0.9130405939536094,0.1,1
NIFTY50,2024-08-06,BEAR,1.156130560675276e-05,0.0002586688942600333,0.9997297698001333,0.06596844043409321,0.021234771634489447,0.9127967879314173,0.9997297698001333,86.91951818971258,0.9995946547001999,BEAR,0.9127967879314173,69.91321636883214,MODERATE,0.9130459481261736,0.2,2
NIFTY50,2024-08-07,BEAR,0.0008997942410422821,0.0009088900356373453,0.9981913157233203,0.06672530602647041,0.021818987034210213,0.9114557069393194,0.9981913157233203,86.71835604089792,0.9972869735849806,BEAR,0.9114557069393194,72.91690221418963,MODERATE,0.913098603059852,0.3,3
NIFTY50,2024-08-08,BEAR,6.257600582463597e-05,0.000280487664191726,0.9996569363299836,0.06601251533872075,0.021253930229303112,0.9127335544319762,0.9996569363299836,86.91003316479642,0.9994854044949755,BEAR,0.9127335544319762,75.91338988539036,HIGH,0.913048426934148,0.4,4
NIFTY50,2024-08-09,BEAR,0.003663701326112687,0.0006279248392285477,0.9957083738346587,0.06917024980360353,0.02150045645091883,0.9093292937454778,0.9957083738346587,86.39939406182167,0.9935625607519879,BEAR,0.9093292937454778,78.92270562563934,HIGH,0.9131815089377048,0.5,5
NIFTY50,2024-08-12,BEAR,0.004459657593310116,0.00034634098362854883,0.9951940014230614,0.06988217170722232,0.021222669757607917,0.9088951585351699,0.9951940014230614,86.33427378027548,0.992791002134592,BEAR,0.9088951585351699,81.92388348657676,HIGH,0.9131983355225253,0.6,6
NIFTY50,2024-08-13,BEAR,7.7402525172895e-05,0.00022897280206709222,0.99969362467276,0.06602757994897147,0.02120585602961531,0.9127665640214131,0.99969362467276,86.91498460321196,0.9995404370091399,BEAR,0.9127665640214131,84.91329805566389,HIGH,0.9130471150809129,0.7,7
NIFTY50,2024-08-14,BEAR,0.0003279752199158808,0.00023415793220462244,0.9994378668478795,0.06624804088793602,0.02120540269460146,0.9125465564174624,0.9994378668478795,86.88198346261936,0.9991568002718191,BEAR,0.9125465564174624,87.91389956752154,HIGH,0.9130557081074505,0.8,8
NIFTY50,2024-08-16,BEAR,0.02464905005481605,0.006059251927689692,0.9692916980174942,0.08743898500690948,0.02609561600757331,0.8864653989855172,0.9692916980174942,82.96980984782756,0.9539375470262412,BEAR,0.8864653989855172,90.98536900624084,HIGH,0.914076700089155,0.9,9
NIFTY50,2024-08-19,BEAR,0.039987080063406205,0.0010527829899121893,0.9589601369466816,0.10114132196919945,0.02113175514518237,0.8777269228856183,0.9589601369466816,81.65903843284272,0.9384402054200224,BEAR,0.8777269228856183,94.00909813499105,HIGH,0.9144156876427293,1.0,10
NIFTY50,2024-08-20,BEAR,0.25726448914380307,0.0021285312461677254,0.7406069796100292,0.29244144220937957,0.017567374817989194,0.6899911829726312,0.7406069796100292,53.49867744589467,0.6109104694150438,BEAR,0.6899911829726312,94.52227281764655,HIGH,0.9217467545378082,1.0,11
NIFTY50,2024-08-21,BULL,0.7330188998759425,0.0012610742948079713,0.26572002582924964,0.7114411456833029,0.006774545091598499,0.2817843092250988,0.7330188998759425,56.71617185249542,0.5995283498139137,BULL,0.7114411456833029,68.63800436928078,MODERATE,0.9376857767040111,0.1,1
NIFTY50,2024-08-22,BULL,0.9279648782875466,0.00028545368787102324,0.07174966802458235,0.8831553856795884,0.0017770544055829632,0.11506755991482868,0.9279648782875466,82.47330785193826,0.8919473174313197,BULL,0.8831553856795884,72.09366362354395,MODERATE,0.9441951946220564,0.2,2
NIFTY50,2024-08-23,BULL,0.9908903698122932,2.9978015894437713e-05,0.00907965217181234,0.9385797212060085,0.00021905331173061173,0.061201225482260924,0.9908903698122932,90.78695818090128,0.9863355547184396,BULL,0.9385797212060085,75.24088940647317,HIGH,0.9462984200924739,0.3,3
NIFTY50,2024-08-26,BULL,0.9999992162474663,2.829299851003828e-07,5.008225485489674e-07,0.9466024458247987,2.7907568702877996e-07,0.05339727509951433,0.9999992162474663,91.9903668737198,0.9999988243711994,BULL,0.9466024458247987,78.26221914777327,HIGH,0.9466031306824754,0.4,4
NIFTY50,2024-08-27,BULL,0.9999997907697867,2.513498709359807e-10,2.0897886336275768e-07,0.946602962786932,4.9229960477932675e-09,0.05339703229007193,0.9999997907697867,91.99044441803979,0.9999996861546799,BULL,0.946602962786932,81.26221980264626,HIGH,0.9466031400378035,0.5,5
NIFTY50,2024-08-28,BULL,0.999999470776473,4.645441722493757e-12,5.292188815361342e-07,0.9466026809992979,1.1412578383663524e-08,0.0533973075881237,0.999999470776473,91.99040214989466,0.9999992061647095,BULL,0.9466026809992979,84.26221905016187,HIGH,0.9466031292880268,0.6,6
NIFTY50,2024-08-29,BULL,0.9999999953311172,1.1388316810432924e-11,4.657494528921377e-09,0.9466031429401124,4.0570855432515407e-10,0.053396856654179106,0.9999999953311172,91.99047144101684,0.9999999929966757,BULL,0.9466031429401124,87.26222028270726,HIGH,0.946603146895818,0.7,7
NIFTY50,2024-08-30,BULL,0.9999495414824704,6.378254539605276e-11,5.045845374704689e-05,0.9465587115228584,1.059742154707612e-06,0.05344022873498689,0.9999495414824704,91.98380672842876,0.9999243122237056,BULL,0.9465587115228584,90.26210173308698,HIGH,0.9466014533298142,0.8,8
NIFTY50,2024-09-02,BULL,0.9999999977950544,7.014156672772277e-10,1.5035299203128762e-09,0.9466031450830465,9.937487805984961e-10,0.05339685392320472,0.9999999977950544,91.99047176245698,0.9999999966925817,BULL,0.9466031450830465,93.26222029019337,HIGH,0.9466031470027625,0.9,9
NIFTY50,2024-09-03,BULL,0.9999999999939116,9.8086985265978e-13,5.107531906199321e-12,0.946603147046737,2.981628758122559e-10,0.05339685265510005,0.9999999999939116,91.99047205701056,0.9999999999908673,BULL,0.946603147046737,96.2622202936377,HIGH,0.946603147051967,1.0,10
NIFTY50,2024-09-04,BULL,0.9999999995233122,2.393932051803544e-13,4.764484371166077e-10,0.9466031466323398,3.073557245361151e-10,0.053396853060304554,0.9999999995233122,91.99047199485095,0.9999999992849683,BULL,0.9466031466323398,96.26222029253012,HIGH,0.9466031470361443,1.0,11
NIFTY50,2024-09-05,BULL,0.9999999568913136,2.388018855155713e-13,4.3108447643454155e-08,0.9466031090891178,1.2024218585938886e-09,0.05339688970846021,0.9999999568913136,91.99046636336767,0.9999999353369704,BULL,0.9466031090891178,96.26222019235911,HIGH,0.9466031456051301,1.0,12
NIFTY50,2024-09-06,BULL,0.9878007740882044,5.7701821528711045e-11,0.012199225854093781,0.9358600841064725,0.0002561253510553694,0.06388379054247219,0.9878007740882044,90.37901261597085,0.9817011611323067,BULL,0.9358600841064725,96.23355617381357,HIGH,0.9461936596259082,1.0,13
NIFTY50,2024-09-09,BULL,0.998061439184329,1.4678157224508604e-06,0.0019370929999484993,0.9448959257143332,4.2061650646964715e-05,0.05506201263501986,0.998061439184329,91.73438885714998,0.9970921587764935,BULL,0.9448959257143332,96.25766893017949,HIGH,0.9465381275739927,1.0,14
NIFTY50,2024-09-10,BULL,0.9995373103940921,1.4116087412463078e-07,0.000462548445033787,0.9461956809788937,9.845430628023406e-06,0.05379447359047834,0.9995373103940921,91.92935214683405,0.9993059655911382,BULL,0.9461956809788937,96.26113347419005,HIGH,0.9465876210598578,1.0,15
NIFTY50,2024-09-11,BULL,0.9651919996089626,3.243757050188095e-07,0.03480767601533227,0.9159499977397407,0.0007311014427975934,0.08331890081746171,0.9651919996089626,87.39249966096111,0.9477879994134439,BULL,0.9159499977397407,96.18043387731193,HIGH,0.9454347696758846,1.0,16
NIFTY50,2024-09-12,BULL,0.9999543698849832,1.3933899786329692e-05,3.169621523038703e-05,0.9465624204921087,1.3877371076329547e-05,0.05342370213681492,0.9999543698849832,91.98436307381628,0.999931554827475,BULL,0.9465624204921087,96.26214733938224,HIGH,0.9466021048483176,1.0,17
NIFTY50,2024-09-13,BULL,0.9999473858856265,2.1933428078279022e-08,5.259218094540681e-05,0.9465568123768512,1.1252761365212104e-06,0.05344206234701232,0.9999473858856265,91.98352185652766,0.9999210788284397,BULL,0.9465568123768512,96.26209672192604,HIGH,0.9466013817418009,1.0,18
NIFTY50,2024-09-16,BULL,0.9998952402293793,2.2477011447311916e-09,0.0001047575229195466,0.9465108918642592,2.2018318480014837e-06,0.05348690630389279,0.9998952402293793,91.97663377963886,0.9998428603440689,BULL,0.9465108918642592,96.26197414858811,HIGH,0.9465996306941158,1.0,19
NIFTY50,2024-09-17,BULL,0.9999511092261409,3.2500779861538814e-09,4.888752378101719e-05,0.9465600920083114,1.029781316970384e-06,0.05343887821037168,0.9999511092261409,91.98401380124669,0.9999266638392112,BULL,0.9465600920083114,96.26210542459737,HIGH,0.9466015060656766,1.0,20
NIFTY50,2024-09-18,BULL,0.9995446652451669,3.3613835494638134e-09,0.0004553313934494486,0.9462021632876638,9.563250940497846e-06,0.05378827346139573,0.9995446652451669,91.93032449314957,0.9993169978677504,BULL,0.9462021632876638,96.26115041681406,HIGH,0.9465878630973438,1.0,21
NIFTY50,2024-09-19,BULL,0.9995269780001206,3.4058268977863716e-08,0.0004729879416104919,0.9461865860876021,9.963059075380061e-06,0.05380345085332242,0.9995269780001206,91.92798791314033,0.9992904670001809,BULL,0.9461865860876021,96.26110893315489,HIGH,0.9465872704736413,1.0,22
NIFTY50,2024-09-20,BULL,0.999870461477875,5.699108707350047e-07,0.00012896861125438687,0.9464890487077988,3.2483852435537296e-06,0.0535077029069577,0.999870461477875,91.97335730616982,0.9998056922168123,BULL,0.9464890487077988,96.26191732256682,HIGH,0.9465988188938118,1.0,23
NIFTY50,2024-09-23,BULL,0.9999999281890529,2.420560500422803e-09,6.939038657563243e-08,0.9466030837185729,4.049075125924261e-09,0.053396912232351976,0.9999999281890529,91.99046255778592,0.9999998922835792,BULL,0.9466030837185729,96.26222013086957,HIGH,0.9466031447267079,1.0,24
NIFTY50,2024-09-24,BULL,0.9999999190595612,3.0237294508005664e-12,8.093741499836164e-08,0.9466030757730516,1.999288577629874e-09,0.053396922227659877,0.9999999190595612,91.99046136595771,0.9999998785893418,BULL,0.9466030757730516,96.26222010347394,HIGH,0.9466031443353421,1.0,25
NIFTY50,2024-09-25,BULL,0.9999999903376404,7.88233702499732e-13,9.661571308447074e-09,0.9466031385430961,5.007194652883271e-10,0.05339686095618443,0.9999999903376404,91.9904707814644,0.9999999855064606,BULL,0.9466031385430961,96.26222027094822,HIGH,0.9466031467278316,1.0,26
NIFTY50,2024-09-26,BULL,0.9999999999938904,4.842016821323011e-13,5.625355697989085e-12,0.9466031470467379,2.977028253129153e-10,0.053396852655559386,0.9999999999938904,91.99047205701066,0.9999999999908357,BULL,0.9466031470467379,96.2622202936364,HIGH,0.9466031470519488,1.0,27
NIFTY50,2024-09-27,BULL,0.9999999986586192,9.52830550870475e-13,1.3404278452873583e-09,0.9466031458708333,3.2617158651531496e-10,0.0533968538029951,0.9999999986586192,91.990471880625,0.9999999979879288,BULL,0.9466031458708333,96.26222029050015,HIGH,0.9466031470071451,1.0,28
NIFTY50,2024-09-30,BULL,0.9999804137357519,2.7763843766653977e-12,1.958626147172593e-05,0.9465858987060136,4.115169340039362e-07,0.05341368977705242,0.9999804137357519,91.98788480590204,0.9999706206036276,BULL,0.9465858987060136,96.26217427245535,HIGH,0.9466024896065052,1.0,29
NIFTY50,2024-10-01,BULL,0.9999980833662218,2.6882132875822094e-10,1.9163649569501646e-06,0.9466014591872439,4.07864481141993e-08,0.053398500026308,0.9999980833662218,91.99021887808657,0.9999971250493325,BULL,0.9466014591872439,96.2622157908592,HIGH,0.9466030827265601,1.0,30
NIFTY50,2024-10-03,BEAR,0.007169415163968219,3.8074719598170976e-08,0.9928305467613122,0.07228197616274606,0.020844697039354355,0.9068733267978996,0.9928305467613122,86.03099901968491,0.9892458201419682,BEAR,0.9068733267978996,66.92939900932164,MODERATE,0.9132771287045949,0.1,1
NIFTY50,2024-10-04,BEAR,1.7494573448160138e-05,0.0002490993047361356,0.9997334061218157,0.0659740384639315,0.021225774450508612,0.9128001870855598,0.9997334061218157,86.92002806283396,0.9996001091827236,BEAR,0.9128001870855598,69.91320677988979,MODERATE,0.9130458111412829,0.2,2
NIFTY50,2024-10-07,BEAR,7.884692597942528e-07,0.0004622673649463114,0.999536944165794,0.06595101797433127,0.021423767729844168,0.9126252142958247,0.999536944165794,86.8937821443737,0.999305416248691,BEAR,0.9126252142958247,72.91369167353314,MODERATE,0.9130527381933305,0.3,3
NIFTY50,2024-10-08,BEAR,6.0065386112889527e-05,0.00037514816164141527,0.9995647864522457,0.06600661487900193,0.02134174909215204,0.9126516360288461,0.9995647864522457,86.89774540432693,0.9993471796783685,BEAR,0.9126516360288461,75.91361674185302,HIGH,0.9130516677407574,0.4,4
NIFTY50,2024-10-09,BEAR,3.176538921703063e-05,0.00020035226581671081,0.9997678823449663,0.06598850582262433,0.02118027815408481,0.9128312160232908,0.9997678823449663,86.92468240349362,0.9996518235174494,BEAR,0.9128312160232908,78.91312045009587,HIGH,0.9130445778585125,0.5,5
NIFTY50,2024-10-10,BEAR,3.143446622931128e-05,0.00017296330003934262,0.9997956022337313,0.06598928192222114,0.021154890938561627,0.9128558271392173,0.9997956022337313,86.9283740708826,0.999693403350597,BEAR,0.9128558271392173,81.9130523272887,HIGH,0.9130436046755529,0.6,6
NIFTY50,2024-10-11,BEAR,2.113067670818822e-06,0.0001332667109685906,0.9998646202213606,0.06596500770621454,0.02111870115313537,0.91291629114065,0.9998646202213606,86.93744367109751,0.9997969303320409,BEAR,0.91291629114065,84.91288582396439,HIGH,0.9130412260566343,0.7,7
NIFTY50,2024-10-14,BEAR,1.829037081870412e-05,0.0001558369378293443,0.9998258726913519,0.06597837429738623,0.021139287892095335,0.9128823378105185,0.9998258726913519,86.93235067157777,0.9997388090370277,BEAR,0.9128823378105185,87.91297933195314,HIGH,0.9130425618850448,0.8,8
NIFTY50,2024-10-15,BEAR,8.723756912651176e-06,0.0001566421376030574,0.9998346341054843,0.06596991822045792,0.02114023530011074,0.9128898464794313,0.9998346341054843,86.93347697191469,0.9997519511582263,BEAR,0.9128898464794313,90.91295883345725,HIGH,0.9130422690493893,0.9,9
NIFTY50,2024-10-16,BEAR,1.6614672707511551e-06,0.00018758805084965587,0.9998107504818796,0.06596249276366467,0.021169075624160292,0.912868431612175,0.9998107504818796,86.93026474182624,0.9997161257228194,BEAR,0.912868431612175,93.91301833066174,HIGH,0.9130431190094536,1.0,10
NIFTY50,2024-10-17,BEAR,4.449874334225552e-08,0.0022064739766115378,0.9977934815246451,0.06588238000180305,0.023040955312514787,0.911076664685682,0.9977934815246451,86.66149970285231,0.9966902222869675,BEAR,0.911076664685682,93.91797866085814,HIGH,0.913113980869402,1.0,11
NIFTY50,2024-10-18,BEAR,7.853401263708295e-07,0.0008115863338890607,0.9991876283259845,0.06593740004054699,0.021747645046604827,0.9123149549128482,0.9991876283259845,86.84724323692723,0.9987814424889766,BEAR,0.9123149549128482,93.91455058772178,HIGH,0.9130650083960253,1.0,12
NIFTY50,2024-10-21,BEAR,4.415602337293003e-07,0.00036021427057430345,0.999639344169192,0.06595469013122468,0.021329154684548143,0.9127161551842271,0.999639344169192,86.90742327763407,0.999459016253788,BEAR,0.9127161551842271,93.91343992557198,HIGH,0.9130491417938855,1.0,13
NIFTY50,2024-10-22,BEAR,9.34428762137911e-09,0.004783443969913508,0.995216546685799,0.06578190816089853,0.025430239289432194,0.9087878525496692,0.995216546685799,86.31817788245037,0.9928248200286984,BEAR,0.9087878525496692,93.92431495055466,HIGH,0.9132044992936382,1.0,14
NIFTY50,2024-10-23,BEAR,8.261386032947334e-08,0.001281737232224518,0.9987181801539151,0.06591845642968756,0.02218356850877712,0.9118979750615354,0.9987181801539151,86.78469625923029,0.9980772702308727,BEAR,0.9118979750615354,93.91570496519338,HIGH,0.9130814995027627,1.0,15
NIFTY50,2024-10-24,BEAR,1.0092620544870031e-07,0.0005494017839694796,0.999450497289825,0.06594701631843268,0.021504570380337606,0.9125484133012297,0.999450497289825,86.88226199518444,0.9991757459347376,BEAR,0.9125484133012297,93.91390430815139,HIGH,0.9130557758307342,1.0,16
NIFTY50,2024-10-25,BEAR,1.2845037898631197e-08,0.0028577780787939584,0.9971422090761682,0.06585696667024277,0.023644824077525557,0.9104982092522318,0.9971422090761682,86.57473138783477,0.9957133136142522,BEAR,0.9104982092522318,93.91958004295316,HIGH,0.9131368577564738,1.0,17
NIFTY50,2024-10-28,BEAR,2.94955566330887e-07,0.000980682490661848,0.9990190225537718,0.06593037743995868,0.021904435830326488,0.9121651867297147,0.9990190225537718,86.8247780094572,0.9985285338306578,BEAR,0.9121651867297147,93.91496521688589,HIGH,0.9130709316697986,1.0,18
NIFTY50,2024-10-29,BEAR,3.522748811913412e-06,0.000249699264871786,0.9997467779863163,0.06596171100459855,0.021226624055181675,0.9128116649402197,0.9997467779863163,86.92174974103294,0.9996201669794744,BEAR,0.9128116649402197,93.91317542596242,HIGH,0.9130453632280349,1.0,19
NIFTY50,2024-10-30,BEAR,6.70718084804513e-07,0.000348754967709036,0.9996505743142061,0.06595533857739592,0.02131852517831276,0.9127261362442913,0.9996505743142061,86.9089204366437,0.9994758614713092,BEAR,0.9127261362442913,93.9134122873559,HIGH,0.9130487469622274,1.0,20
NIFTY50,2024-10-31,BEAR,2.605212637650247e-07,0.000947701708475287,0.9990520377702611,0.06593163258640092,0.021873857838632774,0.9121945095749662,0.9990520377702611,86.82917643624492,0.9985780566553915,BEAR,0.9121945095749662,93.9148840413132,HIGH,0.9130697720187603,1.0,21
NIFTY50,2024-11-01,BEAR,8.010128745418103e-09,5.455446210560647e-05,0.9999454375277658,0.06596622183538259,0.021045765897607472,0.9129880122670099,0.9999454375277658,86.9482018400515,0.9999181562916485,BEAR,0.9129880122670099,93.91268733648357,HIGH,0.9130383905211941,1.0,22
NIFTY50,2024-11-04,BEAR,9.958772265659159e-09,0.008278675357335993,0.9917213146838918,0.06564567734249602,0.028670904783522907,0.905683417873981,0.9917213146838918,85.85251268109715,0.9875819720258375,BEAR,0.905683417873981,93.93290918762993,HIGH,0.9133272741089989,1.0,23
NIFTY50,2024-11-05,BEAR,1.814190820698369e-06,0.0010980916909357741,0.9989000941182435,0.06592713914939785,0.022013261947194253,0.9120595989034078,0.9989000941182435,86.80893983551118,0.9983501411773653,BEAR,0.9120595989034078,93.91525747772262,HIGH,0.913075106824609,1.0,24
NIFTY50,2024-11-06,BEAR,0.00012344642504780358,0.00036097162990128974,0.9995155819450507,0.06606298297737784,0.021327274373775348,0.9126097426488469,0.9995155819450507,86.89146139732703,0.9992733729175761,BEAR,0.9126097426488469,93.91373080828802,HIGH,0.9130532972612575,1.0,25
NIFTY50,2024-11-07,BEAR,7.641229828563145e-07,0.0004139233173707032,0.9995853125596464,0.06595288080863863,0.021378945203528198,0.9126681739878331,0.9995853125596464,86.90022609817495,0.9993779688394695,BEAR,0.9126681739878331,93.91357274576069,HIGH,0.9130510392251526,1.0,26
NIFTY50,2024-11-08,BEAR,2.592073553620487e-06,0.00029304565499070856,0.9997043622714558,0.06595920193552969,0.021266832965980996,0.9127739650984893,0.9997043622714558,86.91609476477338,0.9995565434071835,BEAR,0.9127739650984893,93.9132798212823,HIGH,0.9130468545897472,1.0,27
NIFTY50,2024-11-11,BEAR,1.3299541440963507e-05,0.0002855413723044693,0.9997011590862545,0.06596892379397817,0.021259650432496772,0.912771425773525,0.9997011590862545,86.91571386602874,0.9995517386293818,BEAR,0.912771425773525,93.91328652839223,HIGH,0.9130469504056034,1.0,28
NIFTY50,2024-11-12,BEAR,2.5950897413939935e-07,0.0011893422805849725,0.9988103982104409,0.06592221342759305,0.022097899183714662,0.9119798873886924,0.9988103982104409,86.79698310830386,0.9982155973156612,BEAR,0.9119798873886924,93.91547819588297,HIGH,0.9130782599411853,1.0,29
NIFTY50,2024-11-13,BEAR,6.2629435222059636e-09,0.020379555593360105,0.9796204381436963,0.0651740259525626,0.039890449674727775,0.8949355243727097,0.9796204381436963,84.24032865590647,0.9694306572155446,BEAR,0.8949355243727097,93.96266337961798,HIGH,0.9137523339945427,1.0,30
NIFTY50,2024-11-14,BEAR,5.840885190560882e-08,0.012603318049796449,0.9873966235413517,0.06547716122502152,0.03268057261225076,0.9018422661627277,0.9873966235413517,85.27633992440914,0.9810949353120274,BEAR,0.9018422661627277,93.94354293175262,HIGH,0.9134791847393233,1.0,31
NIFTY50,2024-11-18,BEAR,1.6727736075396624e-08,0.01873963909017936,0.9812603441820846,0.0652379531267202,0.03836997190800061,0.8963920749652792,0.9812603441820846,84.45881124479187,0.971890516273127,BEAR,0.8963920749652792,93.95863110211229,HIGH,0.9136947300301755,1.0,32
NIFTY50,2024-11-19,BEAR,4.815622714394503e-08,0.01014683702931645,0.9898531148144565,0.06557289685857562,0.030403003067662842,0.9040241000737615,0.9898531148144565,85.60361501106422,0.9847796722216847,BEAR,0.9040241000737615,93.93750279919055,HIGH,0.9133928971312936,1.0,33
NIFTY50,2024-11-21,BEAR,1.4511157183395782e-09,0.015320293268310511,0.9846797052805738,0.06537121329082368,0.03519966536399403,0.8994291213451823,0.9846797052805738,84.91436820177732,0.9770195579208607,BEAR,0.8994291213451823,93.9502234215033,HIGH,0.91357462030719,1.0,34
NIFTY50,2024-11-22,BEAR,1.619458466028454e-05,0.025573849045165124,0.9744099563701747,0.06498582735602533,0.04470609070351812,0.8903080819404564,0.9744099563701747,83.54621229106847,0.961614934555262,BEAR,0.8903080819404564,93.97547338433634,HIGH,0.9139353340619477,1.0,35
NIFTY50,2024-11-25,BEAR,1.9091541196077594e-07,8.024948719072706e-05,0.9999195595973973,0.06596538140986745,0.02106958565376171,0.9129650329363708,0.9999195595973973,86.94475494045561,0.999879339396096,BEAR,0.9129650329363708,93.91275094635911,HIGH,0.9130392992337016,1.0,36
NIFTY50,2024-11-26,BEAR,0.009299565709352807,0.0013021741158091755,0.9893982601748381,0.07410710836568703,0.022007272561703862,0.9038856190726091,0.9893982601748381,85.58284286089135,0.9840973902622572,BEAR,0.9038856190726091,93.93760590597697,HIGH,0.9133943700853854,1.0,37
NIFTY50,2024-11-27,BEAR,0.02973514631250239,0.00202504729994788,0.9682398063875497,0.09207521696660621,0.022248448412491906,0.8856763346209019,0.9682398063875497,82.85145019313526,0.9523597095813245,BEAR,0.8856763346209019,93.98740015155698,HIGH,0.9141057164508141,1.0,38
NIFTY50,2024-11-28,BEAR,7.3945475676982935e-06,0.001511169460954996,0.9984814359914773,0.06591595314231481,0.022396137136042934,0.9116879097216422,0.9984814359914773,86.75318645824632,0.997722153987216,BEAR,0.9116879097216422,93.9162862843159,HIGH,0.9130898040616557,1.0,39
NIFTY50,2024-11-29,BEAR,0.004819061673978291,0.002519492198563477,0.9926614461274582,0.07011397394915816,0.02322999952957473,0.9066560265212672,0.9926614461274582,85.99840397819007,0.9889921691911872,BEAR,0.9066560265212672,93.93007141064649,HIGH,0.913286734437807,1.0,40
NIFTY50,2024-12-02,BEAR,0.04482748808047056,0.003756664340544926,0.9514158475789846,0.10529856631989842,0.023537081230211955,0.8711643524498895,0.9514158475789846,80.67465286748343,0.9271237713684767,BEAR,0.8711643524498895,94.02711991031968,HIGH,0.9146731415759957,1.0,41
NIFTY50,2024-12-03,BULL,0.7128855825895573,0.01014287859175481,0.27697153881868797,0.6933648654149969,0.015432169512839837,0.29120296507216337,0.7128855825895573,54.00472981224953,0.5693283738843359,BULL,0.6933648654149969,68.61253676445006,MODERATE,0.9373219537778579,0.1,1
NIFTY50,2024-12-04,BULL,0.994065549974507,0.00041005878672681036,0.005524391238766089,0.9413610812110778,0.0005047884169158459,0.05813413037200641,0.994065549974507,91.20416218166166,0.9910983249617605,BULL,0.9413610812110778,72.24928458296478,MODERATE,0.9464183511852111,0.2,2
NIFTY50,2024-12-05,BULL,0.999995296872328,3.763106248720933e-06,9.400214232399652e-07,0.9465988586420686,3.5880705747980602e-06,0.05339755328735665,0.999995296872328,91.98982879631029,0.999992945308492,BULL,0.9465988586420686,75.26221849576379,HIGH,0.9466031213680542,0.3,3
NIFTY50,2024-12-06,BULL,0.9999970835776161,1.6101483242614223e-08,2.9003209007073703e-06,0.9466005781214999,7.645672658676726e-08,0.05339934542177362,0.9999970835776161,91.99008671822499,0.999995625366424,BULL,0.9466005781214999,78.26221348061885,HIGH,0.9466030497231266,0.4,4
NIFTY50,2024-12-09,BULL,0.999995061358027,2.781998050333653e-10,4.938363773226378e-06,0.9465987979012782,1.042427635534613e-07,0.05340109785595822,0.999995061358027,91.98981968519173,0.9999925920370403,BULL,0.9465987979012782,81.26220869016898,HIGH,0.9466029812881284,0.5,5
NIFTY50,2024-12-10,BULL,0.9999935644067566,3.022701383467893e-10,6.435290973353151e-06,0.9465974796329486,1.3569384910199876e-07,0.05340238467320241,0.9999935644067566,91.98962194494229,0.9999903466101349,BULL,0.9465974796329486,84.262205172891,HIGH,0.9466029310413,0.6,6
NIFTY50,2024-12-11,BULL,0.9999984938003105,3.860294634575085e-10,1.5058136599900732e-06,0.9466018206252197,3.227798023052825e-08,0.05339814709680006,0.9999984938003105,91.99027309378293,0.9999977407004659,BULL,0.9466018206252197,87.2622167555309,HIGH,0.9466030965075843,0.7,7
NIFTY50,2024-12-12,BULL,0.9998897443394822,1.4639584438388942e-10,0.00011025551412201504,0.9465060520742274,2.3152708088113988e-06,0.05349163265496382,0.9998897443394822,91.97590781113412,0.9998346165092231,BULL,0.9465060520742274,90.26196122990957,HIGH,0.9465994461415654,0.8,8
NIFTY50,2024-12-13,BULL,0.9999921052729805,5.350586614810046e-09,7.889376432760522e-06,0.946596194472194,1.7100926790977033e-07,0.0534036345185381,0.9999921052729805,91.98942917082908,0.9999881579094708,BULL,0.946596194472194,93.26220175682539,HIGH,0.9466028822403627,0.9,9
NIFTY50,2024-12-16,BULL,0.9994907563867805,9.162596948806526e-10,0.0005092426969597998,0.9461546893659224,1.0692810336058014e-05,0.053834617823741646,0.9994907563867805,91.92320340488834,0.9992361345801708,BULL,0.9461546893659224,96.26102374292998,HIGH,0.9465860534704283,1.0,10
NIFTY50,2024-12-17,BEAR,0.41175977999599345,3.86919040663835e-06,0.5882363508135998,0.4285781842576653,0.012353799714457043,0.5590680160278777,0.5882363508135998,33.860202404181656,0.3823545262203999,BEAR,0.5590680160278777,67.88006110554858,MODERATE,0.9268580157935511,0.1,1
NIFTY50,2024-12-18,BEAR,0.05095790780711627,0.0004728791531922002,0.9485692130396916,0.11082521726476635,0.02036375250772106,0.8688110302275125,0.9485692130396916,80.32165453412688,0.9228538195595372,BEAR,0.8688110302275125,70.03345003397152,MODERATE,0.9147635719138789,0.2,2
NIFTY50,2024-12-19,BEAR,1.9286966979512092e-05,0.0003241795087454805,0.999656533524275,0.06597269055580206,0.021295348755946818,0.9127319606882511,0.999656533524275,86.90979410323767,0.9994848002864123,BEAR,0.9127319606882511,72.91339560207543,MODERATE,0.9130485086010777,0.3,3
NIFTY50,2024-12-20,BEAR,3.5221154439081784e-09,0.0017389101613249774,0.9982610863165595,0.06590056784695614,0.022607446124259002,0.9114919860287848,0.9982610863165595,86.7237979043177,0.9973916294748393,BEAR,0.9114919860287848,75.91682889717109,HIGH,0.9130975556738727,0.4,4
NIFTY50,2024-12-23,BEAR,4.4651805419662423e-07,0.00035593560115725574,0.9996436178807887,0.06595486126416782,0.021325187536546032,0.9127199511992862,0.9996436178807887,86.90799267989291,0.9994654268211829,BEAR,0.9127199511992862,78.91342941663217,HIGH,0.9130489916661738,0.5,5
NIFTY50,2024-12-24,BEAR,2.3928101755829164e-07,0.0002131637052213616,0.999786597013761,0.0659602434913105,0.021192818402842654,0.9128469381058467,0.999786597013761,86.92704071587703,0.9996798955206414,BEAR,0.9128469381058467,81.91307787559232,HIGH,0.9130439696513188,0.6,6
NIFTY50,2024-12-26,BEAR,1.4576772382291907e-07,0.0003921699421984153,0.9996076842900778,0.06595318413062488,0.02135878916005322,0.9126880267093219,0.9996076842900778,86.90320400639827,0.9994115264351168,BEAR,0.9126880267093219,84.9135178046326,HIGH,0.9130502543518946,0.7,7
NIFTY50,2024-12-27,BEAR,6.170673099172166e-07,0.00022940315522554762,0.9997699797774644,0.0659599432285925,0.021207867164011424,0.9128321896073961,0.9997699797774644,86.92482844110941,0.9996549696661966,BEAR,0.9128321896073961,87.91311869357065,HIGH,0.9130445527652952,0.8,8
NIFTY50,2024-12-30,BEAR,3.348906963214145e-08,0.0005391639698336418,0.9994608025410967,0.06594735596356378,0.02149507962601584,0.9125575644104205,0.9994608025410967,86.88363466156306,0.9991912038116451,BEAR,0.9125575644104205,90.91387897648852,HIGH,0.913055413949836,0.9,9
NIFTY50,2024-12-31,BEAR,1.81645980193935e-07,0.0004967912709751065,0.9995030270830447,0.06594913796880864,0.021455789919381265,0.91259507211181,0.9995030270830447,86.88926081677153,0.9992545406245671,BEAR,0.91259507211181,93.91377513666781,HIGH,0.913053930523826,1.0,10
NIFTY50,2025-01-01,BEAR,6.918397113877985e-07,0.00019641850981465744,0.9998028896504739,0.06596129469683376,0.02117728329764613,0.91286142200552,0.9998028896504739,86.929213300828,0.9997043344757107,BEAR,0.91286142200552,93.91303776509825,HIGH,0.9130433966442609,1.0,11
NIFTY50,2025-01-02,BEAR,0.0019541571161918016,0.0018112592897987923,0.9962345835940095,0.06761864361314164,0.02263349808090239,0.909747858305956,0.9962345835940095,86.4621787458934,0.9943518753910141,BEAR,0.909747858305956,93.92159840297607,HIGH,0.9131656914710867,1.0,12
NIFTY50,2025-01-03,BEAR,2.6269051682482264e-05,0.0001392577932302041,0.9998344731550873,0.06598604679599178,0.02112374873151297,0.9128902044724951,0.9998344731550873,86.93353067087428,0.9997517097326308,BEAR,0.9128902044724951,93.91295731363422,HIGH,0.913042247337632,1.0,13
NIFTY50,2025-01-06,BEAR,1.2323649077364184e-07,0.000874229844655413,0.9991256469188537,0.06593437535368156,0.021805739984890726,0.9122598846614277,0.9991256469188537,86.83898269921414,0.9986884703782805,BEAR,0.9122598846614277,93.91470306274299,HIGH,0.913067186610614,1.0,14
NIFTY50,2025-01-07,BEAR,1.3666211990912423e-05,0.0001735439625757991,0.9998127898254333,0.06597361194699221,0.021155802357865246,0.9128705856951425,0.9998127898254333,86.93058785427137,0.9997191847381498,BEAR,0.9128705856951425,93.91301200556575,HIGH,0.9130430286509393,1.0,15
NIFTY50,2025-01-08,BEAR,1.7928992808444276e-05,0.0001358412736374316,0.9998462297335542,0.06597883541332487,0.021120756146112377,0.9129004084405626,0.9998462297335542,86.93506126608442,0.9997693446003313,BEAR,0.9129004084405626,93.9129293165767,HIGH,0.913041847379667,1.0,16
NIFTY50,2025-01-09,BEAR,3.873722567594894e-06,0.00022055525144655736,0.9997755710259858,0.06596315601155188,0.021199595299689417,0.9128372486887588,0.9997755710259858,86.92558730331382,0.9996633565389785,BEAR,0.9128372486887588,93.91310458999381,HIGH,0.9130443512856258,1.0,17
NIFTY50,2025-01-10,BEAR,9.807885183931452e-06,0.00029178609782273704,0.9996984060169933,0.06596560552334461,0.02126551364801133,0.9127688808286442,0.9996984060169933,86.91533212429661,0.99954760902549,BEAR,0.9127688808286442,93.91329367898054,HIGH,0.9130470525568649,1.0,18
NIFTY50,2025-01-13,BEAR,9.953363294820943e-09,0.0041418388928178,0.9958581511538189,0.06580691612088739,0.024835363798604078,0.9093577200805085,0.9958581511538189,86.40365801207628,0.9937872267307284,BEAR,0.9093577200805085,93.92273734392391,HIGH,0.913181962056056,1.0,19
NIFTY50,2025-01-14,BEAR,5.425866536833445e-07,0.0007536650081279071,0.9992457924052184,0.06593944382521609,0.021693947363182826,0.9123666088116011,0.9992457924052184,86.85499132174017,0.9988686886078274,BEAR,0.9123666088116011,93.9144075977132,HIGH,0.9130629656816169,1.0,20
NIFTY50,2025-01-15,BEAR,1.5746840256769323e-06,0.00035048457795764005,0.9996479407380168,0.06595606722737359,0.021320109838068015,0.9127238229345583,0.9996479407380168,86.90857344018377,0.9994719111070252,BEAR,0.9127238229345583,93.91341866422019,HIGH,0.9130488380602885,1.0,21
NIFTY50,2025-01-16,BEAR,7.475127378484806e-06,0.00024341499744597796,0.9997491098751756,0.06596543654453298,0.021220714504739276,0.9128138489507277,0.9997491098751756,86.92207734260914,0.9996236648127634,BEAR,0.9128138489507277,93.91316926069074,HIGH,0.9130452751527248,1.0,22
NIFTY50,2025-01-17,BEAR,2.798468809901099e-06,0.0002815629957518337,0.9997156385354382,0.06595983124651385,0.021256182282376218,0.9127839864711098,0.9997156385354382,86.91759797066648,0.9995734578031573,BEAR,0.9127839864711098,93.91325207215202,HIGH,0.9130464581736003,1.0,23
NIFTY50,2025-01-20,BEAR,4.5259981660369564e-05,0.00021098845000464692,0.999743751568335,0.06599997507079144,0.021189856358630826,0.9128101685705778,0.999743751568335,86.92152528558668,0.9996156273525024,BEAR,0.9128101685705778,93.91317831063468,HIGH,0.9130454044376384,1.0,24
NIFTY50,2025-01-21,BEAR,8.177441272908524e-08,0.0011228813848620563,0.9988770368407253,0.06592464731144042,0.022036282522108885,0.9120390701664507,0.9988770368407253,86.8058605249676,0.9983155552610877,BEAR,0.9120390701664507,93.91531436115994,HIGH,0.9130759194451421,1.0,25
NIFTY50,2025-01-22,BEAR,7.314882878775301e-07,0.0007081947014986941,0.9992910738102134,0.06594138244512529,0.021651784799356606,0.912406832755518,0.9992910738102134,86.86102491332773,0.9989366107153201,BEAR,0.912406832755518,93.91429623708866,HIGH,0.9130613748155525,1.0,26
NIFTY50,2025-01-23,BEAR,2.7111801572599895e-06,0.0003062507119102835,0.9996910381079325,0.06595879214003907,0.021279073767041495,0.9127621340929194,0.9996910381079325,86.91432011393789,0.9995365571618987,BEAR,0.9127621340929194,93.91331257034423,HIGH,0.9130473224334892,1.0,27
NIFTY50,2025-01-24,BEAR,1.4903676431464452e-06,0.0003010800002863518,0.9996974296320705,0.06595791858551014,0.02127430528162821,0.9127677761328615,0.9996974296320705,86.91516641992925,0.9995461444481056,BEAR,0.9127677761328615,93.91329698785775,HIGH,0.9130470998265394,1.0,28
NIFTY50,2025-01-27,BEAR,1.902479850657338e-08,0.0035054107929880485,0.9964945701822134,0.06583172975345022,0.024245288056005242,0.9099229821905445,0.9964945701822134,86.48844732858169,0.9947418552733202,BEAR,0.9099229821905445,93.92117248656662,HIGH,0.9131596069509517,1.0,29
NIFTY50,2025-01-28,BEAR,3.5845780193191323e-07,0.0006599001011948041,0.9993397414410033,0.06594293628870782,0.021607015439641213,0.9124500482716511,0.9993397414410033,86.86750724074767,0.9990096121615049,BEAR,0.9124500482716511,93.91417661160757,HIGH,0.9130596658801083,1.0,30
NIFTY50,2025-01-29,BEAR,3.4029574502919354e-05,0.0003863322021930284,0.9995796382233041,0.06598325092402595,0.021352665199532658,0.9126640838764415,0.9995796382233041,86.89961258146623,0.999369457334956,BEAR,0.9126640838764415,93.9135830661957,HIGH,0.9130511866599386,1.0,31
NIFTY50,2025-01-30,BEAR,0.00023663068314069174,0.00021642772349863342,0.9995469415933607,0.0661682907683278,0.021190881613897462,0.9126408276177747,0.9995469415933607,86.8961241426662,0.999320412390041,BEAR,0.9126408276177747,93.91364134241482,HIGH,0.9130520191773548,1.0,32
NIFTY50,2025-01-31,BEAR,0.2804748822563004,0.005490727009879458,0.7140343907338202,0.31275027612712847,0.020197387508171467,0.6670523363647002,0.7140343907338202,50.05785045470502,0.5710515861007304,BEAR,0.6670523363647002,94.58507663663924,HIGH,0.9226439519519893,1.0,33
NIFTY50,2025-02-01,BEAR,0.47035269671981184,0.0012139280763310938,0.5284333752038571,0.4801299824281811,0.012245558075345938,0.507624459496473,0.5284333752038571,26.14366892447094,0.2926500628057857,BEAR,0.507624459496473,95.02071030368622,HIGH,0.9288672900526602,1.0,34
NIFTY50,2025-02-03,BEAR,0.09335342012934779,0.0006121900091170786,0.9060343898615351,0.14815475120266783,0.019602815419106367,0.8322424333782258,0.9060343898615351,74.83636500673386,0.8590515847923026,BEAR,0.8322424333782258,94.13340791912121,HIGH,0.9161915417017317,1.0,35
NIFTY50,2025-02-04,BULL,0.8942544062691034,0.008671691375015929,0.09707390235588073,0.8531419057659391,0.010260260363216232,0.13659783387084473,0.8942544062691034,77.97128586489086,0.841381609403655,BULL,0.8531419057659391,69.03507570273257,MODERATE,0.9433582243247511,0.1,1
NIFTY50,2025-02-05,BULL,0.997675928274596,0.00010392362010602708,0.0022201481052980185,0.9445524380359315,0.00014514923179007817,0.05530241273227849,0.997675928274596,91.6828657053897,0.9965138924118939,BULL,0.9445524380359315,72.2570150309139,MODERATE,0.946528786155913,0.2,2
NIFTY50,2025-02-06,BULL,0.9871461371416563,4.357912075579535e-06,0.012849504946268188,0.9352834181728353,0.00027391003626026707,0.0644426717909043,0.9871461371416563,90.2925127259253,0.9807192057124845,BULL,0.9352834181728353,75.2320287101994,HIGH,0.9461718387171343,0.3,3
NIFTY50,2025-02-07,BULL,0.9956435687353037,4.600739862592158e-06,0.004351830524833749,0.9427665427307294,9.573003309369321e-05,0.05713772723617706,0.9956435687353037,91.41498140960938,0.9934653531029554,BULL,0.9427665427307294,78.2519954428701,HIGH,0.9464570777552872,0.4,4
NIFTY50,2025-02-10,BULL,0.6725377135145266,1.5526779289274563e-05,0.3274467597061842,0.6582278547641487,0.006889527390731779,0.3348826178451195,0.6725377135145266,48.734178214622304,0.5088065702717899,BULL,0.6582278547641487,80.49283110499361,HIGH,0.9356118729284801,0.5,5
NIFTY50,2025-02-11,BEAR,0.0005236119630104785,0.0003881301892689033,0.9990882578477206,0.0664143241367471,0.021344053362361597,0.9122416225008914,0.9990882578477206,86.8362433751337,0.9986323867715811,BEAR,0.9122416225008914,78.91473784280836,HIGH,0.9130676834686908,0.5,1
NIFTY50,2025-02-12,BEAR,0.00011094060601248429,0.0002463772247238774,0.9996426821692637,0.06605643638942582,0.02122128870924588,0.9127222749013282,0.9996426821692637,86.90834123519923,0.9994640232538955,BEAR,0.9127222749013282,78.91341965378423,HIGH,0.9130488521969177,0.5,2
NIFTY50,2025-02-13,BEAR,0.0005145526044497414,0.0004386669737568696,0.9990467804217935,0.06640437641091293,0.021391099637490057,0.912204523951597,0.9990467804217935,86.83067859273955,0.9985701706326903,BEAR,0.912204523951597,78.91484081850062,HIGH,0.9130691545500089,0.5,3
NIFTY50,2025-02-14,BEAR,3.7517830599609884e-05,0.00028169070220843823,0.999680791467192,0.06599040134741434,0.021255571748261565,0.9127540269043241,0.999680791467192,86.91310403564863,0.9995211872007879,BEAR,0.9127540269043241,78.91333396510521,HIGH,0.9130476280729317,0.5,4
NIFTY50,2025-02-17,BEAR,2.09314758980869e-05,0.00014005088483580203,0.9998390176392661,0.06598131542916126,0.021124596123790283,0.9128940884470486,0.9998390176392661,86.93411326705727,0.999758526458899,BEAR,0.9128940884470486,78.91294672219803,HIGH,0.9130420960314004,0.5,5
NIFTY50,2025-02-18,BEAR,1.0844458216138093e-05,0.0001260287123232718,0.9998631268294607,0.06597297898339663,0.021111806997710945,0.9129152140188924,0.9998631268294607,86.93728210283385,0.999794690244191,BEAR,0.9129152140188924,81.91288854270182,HIGH,0.9130412648957403,0.6,6
NIFTY50,2025-02-19,BEAR,1.6264062456284628e-06,0.0001888263422137281,0.9998095472515406,0.06596241362362885,0.02117022446397954,0.9128673619123917,0.9998095472515406,86.93010428685875,0.9997143208773107,BEAR,0.9128673619123917,84.91302129304779,HIGH,0.9130431613292542,0.7,7
NIFTY50,2025-02-20,BEAR,2.196341446121082e-06,0.00022570816890138434,0.9997720954896524,0.0659614780094427,0.02120440813503506,0.9128341138555223,0.9997720954896524,86.92511707832834,0.9996581432344784,BEAR,0.9128341138555223,87.91311331893688,HIGH,0.9130444759848128,0.8,8
NIFTY50,2025-02-21,BEAR,5.592692184202632e-07,0.0003623899076482262,0.9996370508231334,0.06595470899146295,0.021331169393561337,0.9127141216149756,0.9996370508231334,86.90711824224636,0.9994555762347,BEAR,0.9127141216149756,90.9134455517054,HIGH,0.91304922216722,0.9,9
NIFTY50,2025-02-24,BEAR,1.200518408352279e-09,0.27862885455612424,0.7213711442433575,0.0551084066042789,0.2793308480233288,0.6655607453723923,0.7213711442433575,49.834111805858846,0.5820567163650362,BEAR,0.6655607453723923,94.59765861723093,HIGH,0.9228236945318704,1.0,10
NIFTY50,2025-02-25,SIDE,1.7414627094724879e-09,0.8215484895447923,0.17845150871374496,0.033947381730195125,0.782708375607903,0.18334424266190186,0.8215484895447923,67.40625634118544,0.7323227343171884,SIDE,0.782708375607903,68.93261437817691,MODERATE,0.9418944911168129,0.1,1
NIFTY50,2025-02-27,SIDE,7.963403250953942e-10,0.9737927931808167,0.02620720602284293,0.02801345373614094,0.923864370393833,0.048122175870026145,0.9737927931808167,88.57965555907495,0.9606891897712252,SIDE,0.923864370393833,72.30695966929026,MODERATE,0.947242280989861,0.2,2
NIFTY50,2025-02-28,SIDE,1.618413675039357e-16,0.9995074063838352,0.0004925936161647593,0.027011191287815643,0.9477061281644255,0.025282680547758965,0.9995074063838352,92.15591922466382,0.9992611095757528,SIDE,0.9477061281644255,75.3701879406126,HIGH,0.9481455420087515,0.3,3
NIFTY50,2025-03-03,SIDE,1.0097481307780189e-12,0.9998830478385093,0.00011695216048089549,0.026996550156145178,0.9480544107729718,0.024949039070882924,0.9998830478385093,92.20816161594577,0.9998245717577638,SIDE,0.9480544107729718,78.37111158509411,HIGH,0.9481587369299159,0.4,4
NIFTY50,2025-03-04,SIDE,1.602113142556132e-12,0.9998246890070733,0.0001753109913245558,0.026998824770867274,0.9480003023517707,0.0250008728773621,0.9998246890070733,92.2000453527656,0.9997370335106098,SIDE,0.9480003023517707,81.37096808971769,HIGH,0.9481566869959671,0.5,5
NIFTY50,2025-03-05,SIDE,1.1648506714008484e-07,0.9153662435090162,0.08463364000591662,0.030290809225710064,0.8696931606178842,0.1000160301564058,0.9153662435090162,80.45397409268263,0.8730493652635243,SIDE,0.8696931606178842,84.16329805457983,HIGH,0.9451899722082832,0.6,6
NIFTY50,2025-03-06,BEAR,1.151416774903258e-05,0.10642214675265071,0.8935663390796003,0.061830534123949565,0.11966611597842298,0.8185033498976273,0.8935663390796003,72.77550248464411,0.8403495086194004,BEAR,0.8185033498976273,76.174255898383,HIGH,0.9167750842626142,0.4,1
NIFTY50,2025-03-07,BEAR,1.7379826980064246e-05,0.001224631306282601,0.9987579888667374,0.06593591473812473,0.022130258582860454,0.9119338266790148,0.9987579888667374,86.7900740018522,0.9981369833001059,BEAR,0.9119338266790148,75.91560519321006,HIGH,0.9130800741887152,0.4,2
NIFTY50,2025-03-10,BEAR,3.6521490226979538e-06,0.0002749186919648196,0.9997214291590125,0.06596084199772785,0.021250003975607324,0.9127891540266649,0.9997214291590125,86.91837310399973,0.9995821437385186,BEAR,0.9127891540266649,75.91323774069667,HIGH,0.913046253438524,0.4,3
NIFTY50,2025-03-11,BEAR,1.2164979530535587e-05,0.0001972952554403477,0.9997905397650292,0.06597136417074811,0.02117785530714756,0.9128507805221044,0.9997905397650292,86.92761707831566,0.9996858096475436,BEAR,0.9128507805221044,75.91306687894007,HIGH,0.9130438125562867,0.4,4
NIFTY50,2025-03-12,BEAR,9.037923040677632e-06,0.0002051215768006491,0.9997858405001587,0.0659683053345277,0.021185177272338766,0.9128465173931335,0.9997858405001587,86.92697760897002,0.9996787607502381,BEAR,0.9128465173931335,78.91307877511706,HIGH,0.9130439825016722,0.5,5
NIFTY50,2025-03-13,BEAR,7.737687935339203e-06,0.00029432924905201417,0.9996979330630126,0.06596368331284162,0.02126791503975933,0.9127684016473991,0.9996979330630126,86.91526024710987,0.9995468995945187,BEAR,0.9127684016473991,81.91329506792329,HIGH,0.9130470723989043,0.6,6
NIFTY50,2025-03-17,BEAR,0.00020699225757890493,0.00026081168712139804,0.9995321960552996,0.06614046021431418,0.02123265525381262,0.9126268845318732,0.9995321960552996,86.89403267978099,0.9992982940829495,BEAR,0.9126268845318732,84.91368083531123,HIGH,0.913052583361589,0.7,7
NIFTY50,2025-03-18,BEAR,0.42134196470608026,0.0074748059922752855,0.5711832293016446,0.4367253997876863,0.019079430970614854,0.544195169241699,0.5711832293016446,31.629275386254847,0.35677484395246684,BEAR,0.544195169241699,88.92094593276171,HIGH,0.9274420847537387,0.8,8
NIFTY50,2025-03-19,BULL,0.9753248924873492,0.00033104732149322316,0.024344060191157545,0.9248604855202129,0.0008249951057108517,0.07431451937407621,0.9753248924873492,88.72907282803195,0.9629873387310238,BULL,0.9248604855202129,69.2050559992928,MODERATE,0.9457865142756113,0.1,1
NIFTY50,2025-03-20,BULL,0.9999896712281183,4.501239093019892e-06,5.827532788631756e-06,0.9465938757342481,4.390554915768323e-06,0.05340173371083615,0.9999896712281183,91.9890813601372,0.9999845068421773,BULL,0.9465938757342481,72.26220709232759,MODERATE,0.9466029584618226,0.2,2
NIFTY50,2025-03-21,BULL,0.9999999163298066,5.4589145430972895e-08,2.9081047924485735e-08,0.9466030712415668,5.2667087012096275e-08,0.05339687609134612,0.9999999163298066,91.99046068623501,0.9999998744947098,BULL,0.9466030712415668,75.26222023127883,HIGH,0.9466031461611263,0.3,3
NIFTY50,2025-03-24,BULL,0.9999999995338787,4.6297812466882765e-10,3.1430779888785955e-12,0.9466031466236092,7.361702631270965e-10,0.05339685264022054,0.9999999995338787,91.99047199354136,0.999999999300818,BULL,0.9466031466236092,78.26222029369274,HIGH,0.9466031470527535,0.4,4
NIFTY50,2025-03-25,BULL,0.9999999999953075,1.87713964978876e-12,2.815307247771043e-12,0.9466031470479315,2.9896455985282416e-10,0.05339685265310398,0.9999999999953075,91.99047205718972,0.9999999999929613,BULL,0.9466031470479315,81.2622202936432,HIGH,0.9466031470520456,0.5,5
NIFTY50,2025-03-26,BULL,0.9999999923124905,6.9793601873679e-13,7.686811473127115e-09,0.9466031402822214,4.5917340102595483e-10,0.053396859258605205,0.9999999923124905,91.99047104233318,0.9999999884687357,BULL,0.9466031402822214,84.26222027558823,HIGH,0.9466031467941175,0.6,6
NIFTY50,2025-03-27,BULL,0.9999999897256988,1.4118070910546418e-12,1.0272889334920238e-08,0.9466031380041747,5.141454492432442e-10,0.05339686148167982,0.9999999897256988,91.99047070062619,0.9999999845885482,BULL,0.9466031380041747,87.26222026951184,HIGH,0.9466031467073123,0.7,7
NIFTY50,2025-03-28,BULL,0.9999999609056046,5.353736695981231e-13,3.909386006620178e-08,0.9466031126242308,1.118416049519843e-09,0.05339688625735321,0.9999999609056046,91.9904668936346,0.9999999413584068,BULL,0.9466031126242308,90.2622202017921,HIGH,0.9466031457398871,0.8,8
NIFTY50,2025-04-01,BULL,0.9991337244177984,4.1532874047872124e-11,0.0008662755406688349,0.9458402746212979,1.8187951427259348e-05,0.054141537427274726,0.9991337244177984,91.8760411931947,0.9987005866266974,BULL,0.9458402746212979,93.26018483450194,HIGH,0.9465740690643135,0.9,9
NIFTY50,2025-04-02,BULL,0.999988104011793,2.7372443342235358e-08,1.1868615763500743e-05,0.946592669963993,2.7543443868929406e-07,0.05340705460156823,0.999988104011793,91.98890049459895,0.9999821560176896,BULL,0.946592669963993,96.2621924093419,HIGH,0.9466027487048844,1.0,10
NIFTY50,2025-04-03,BULL,0.9998009090951161,7.861794133619884e-10,0.00019909011870445208,0.9464278206411083,4.180976353065837e-06,0.053567998382538604,0.9998009090951161,91.96417309616625,0.9997013636426741,BULL,0.9464278206411083,96.26175249823017,HIGH,0.9465964642604311,1.0,11
NIFTY50,2025-04-04,BEAR,0.3287570067351083,2.592264516851167e-06,0.671240401000375,0.35548310290474405,0.014095274339953234,0.6304216227553028,0.671240401000375,44.56324341329542,0.5068606015005624,BEAR,0.6304216227553028,67.68502907883305,MODERATE,0.9240718439833294,0.1,1
NIFTY50,2025-04-07,BEAR,3.777223530029209e-11,0.21981115042098232,0.7801888495412453,0.05740090496337827,0.22479697493218362,0.7178021201044382,0.7801888495412453,57.670318015665714,0.6702832743118682,BEAR,0.7178021201044382,70.45303493938033,MODERATE,0.9207576419911477,0.2,2
NIFTY50,2025-04-08,BEAR,1.1002242575298833e-05,0.11983445915935802,0.8801545385980668,0.06130732033116074,0.13210158903707175,0.8065910906317675,0.8801545385980668,70.98866359476513,0.8202318078971,BEAR,0.8065910906317675,73.20723350591665,MODERATE,0.9172461929416664,0.3,3
NIFTY50,2025-04-09,BEAR,1.852479617781518e-06,0.028095240283685843,0.9719029072366964,0.06487492257342886,0.047044144233482764,0.8880809331930883,0.9719029072366964,83.21213997896325,0.9578543608550444,BEAR,0.8880809331930883,75.98163939786393,HIGH,0.9140234199694848,0.4,4
NIFTY50,2025-04-11,BEAR,0.00047430061530778057,0.07400070661495607,0.9255249927697361,0.06350174935391589,0.08959628890190285,0.8469019617441812,0.9255249927697361,77.03529426162716,0.8882874891546043,BEAR,0.8469019617441812,79.0956239648687,HIGH,0.9156517709266957,0.5,5
NIFTY50,2025-04-15,SIDE,0.04072041824714104,0.9065808536770298,0.05269872807582924,0.06649294668872521,0.8606927010303612,0.07281435228091361,0.9065808536770298,79.10390515455417,0.8598712805155445,SIDE,0.8606927010303612,69.23737528819053,MODERATE,0.9462482184027218,0.1,1
NIFTY50,2025-04-16,SIDE,0.1409395051410254,0.8540117606452651,0.005048734213709601,0.15679831416057524,0.809848219817054,0.033353466022370784,0.8540117606452651,71.4772329725581,0.7810176409678976,SIDE,0.809848219817054,72.34359747830882,MODERATE,0.9477656782615549,0.2,2
NIFTY50,2025-04-17,SIDE,0.05539852420908619,0.9446003882147723,1.0875761413360975e-06,0.07793713502460653,0.8956350143611181,0.026427850614275338,0.9446003882147723,84.34525215416771,0.9169005823221587,SIDE,0.8956350143611181,75.36534813060923,HIGH,0.9480764018658463,0.3,3
NIFTY50,2025-04-21,SIDE,0.17016181857056398,0.8298381686652769,1.2764159156538849e-08,0.18347469884215598,0.7868217192387706,0.029703581919073404,0.8298381686652769,68.0232578858156,0.7447572529979154,SIDE,0.7868217192387706,78.35282104789644,HIGH,0.947897443541378,0.4,4
NIFTY50,2025-04-22,BULL,0.5346849197066691,0.4653150498219038,3.047142699441782e-08,0.5186942096889411,0.44119444227531734,0.0401113480357416,0.5346849197066691,27.804131453341164,0.3020273795600038,BULL,0.5186942096889411,69.31302278817105,MODERATE,0.9473288969738722,0.1,1
NIFTY50,2025-04-23,BULL,0.8251633888165686,0.17483660993778344,1.2456479661860956e-09,0.785821449107643,0.1657735777661967,0.04840497312616032,0.8251633888165686,67.87321736614645,0.7377450832248529,BULL,0.785821449107643,72.28130875227106,MODERATE,0.9468758393181581,0.2,2
NIFTY50,2025-04-24,BULL,0.9792217579585137,0.020778237752243293,4.2892429665975156e-09,0.9274952440511652,0.019701153402984017,0.05280360254585075,0.9792217579585137,89.12428660767479,0.9688326369377704,BULL,0.9274952440511652,75.26448882785682,HIGH,0.946635554683669,0.3,3
NIFTY50,2025-04-25,BULL,0.9964179717260339,0.003581055572420214,9.727015459604191e-07,0.9433091118052777,0.0033954445578842024,0.05329544363683818,0.9964179717260339,91.49636677079165,0.9946269575890506,BULL,0.9433091118052777,78.26260898368542,HIGH,0.9466086997669347,0.4,4
NIFTY50,2025-04-28,BULL,0.9989435612789822,0.001056436699980653,2.021037060470548e-09,0.9456316342982076,0.0010016743662967136,0.05336669133549565,0.9989435612789822,91.84474514473115,0.9984153419184735,BULL,0.9456316342982076,81.26233562945417,HIGH,0.9466047947064882,0.5,5
NIFTY50,2025-04-29,BULL,0.999942353030019,5.7646355619635834e-05,6.143613300920201e-10,0.9465501342794208,5.4658442557327106e-05,0.05339520727802189,0.999942353030019,91.9825201419131,0.9999135295450283,BULL,0.9465501342794208,84.26222658596939,HIGH,0.9466032369424199,0.6,6
NIFTY50,2025-04-30,BULL,0.9999979911758383,2.008820265324601e-06,3.896462625337266e-12,0.9466012997151806,1.904985944761916e-06,0.053396795298874554,0.9999979911758383,91.99019495727711,0.9999969867637575,BULL,0.9466012997151806,87.26222051296115,HIGH,0.9466031501851594,0.7,7
NIFTY50,2025-05-02,BULL,0.9999999437165601,5.627225130104384e-08,1.1188637635189841e-11,0.9466030952936939,5.365261839879701e-08,0.053396851053687786,0.9999999437165601,91.99046429405409,0.9999999155748401,BULL,0.9466030952936939,90.26222029976707,HIGH,0.9466031471395295,0.8,8
NIFTY50,2025-05-05,BULL,0.9999999987008537,1.298105390337836e-09,1.0408761046362965e-12,0.9466031458574681,1.5279627709452066e-09,0.053396852614569106,0.9999999987008537,91.9904718786202,0.9999999980512805,BULL,0.9466031458574681,93.26222029378891,HIGH,0.9466031470541273,0.9,9
NIFTY50,2025-05-06,BULL,0.9999999998957999,2.6492137504347122e-11,7.770791254695813e-11,0.9466031469593422,3.238759703179199e-10,0.05339685271678184,0.9999999998957999,91.99047204390132,0.9999999998436997,BULL,0.9466031469593422,96.2622202934699,HIGH,0.9466031470495698,1.0,10
NIFTY50,2025-05-07,BULL,0.9999999997398403,3.51198847654821e-12,2.5664763315549797e-10,0.9466031468228945,3.0584391931605676e-10,0.05339685287126163,0.9999999997398403,91.99047202343415,0.9999999996097605,BULL,0.9466031468228945,96.26222029304692,HIGH,0.9466031470435273,1.0,11
NIFTY50,2025-05-08,BULL,0.9999999062946294,3.4381833349007264e-12,9.370193236763285e-08,0.9466030645317921,2.2676749463567945e-09,0.05339693320053292,0.9999999062946294,91.9904596797688,0.9999998594419441,BULL,0.9466030645317921,96.2622200734816,HIGH,0.9466031439068802,1.0,12
NIFTY50,2025-05-09,BULL,0.9947420626669431,1.0285765512782151e-10,0.005257937230199235,0.9419728244252026,0.00011039175760225996,0.05791678381719516,0.9947420626669431,91.29592366378039,0.9921130940004145,BULL,0.9419728244252026,96.24986589144775,HIGH,0.9464266555921109,1.0,13
NIFTY50,2025-05-12,BULL,0.7365968448293636,0.2634031526113999,2.5592364203827775e-09,0.7043746673249238,0.24974908284378197,0.04587624983129424,0.7365968448293636,55.65620009873857,0.6048952672440454,BULL,0.7043746673249238,96.29097834324097,HIGH,0.9470139763320139,1.0,14
NIFTY50,2025-05-13,BULL,0.9150516062902152,0.08494021079407343,8.182915711496363e-06,0.8684839755149414,0.08053732399808723,0.05097870048697133,0.9150516062902152,80.2725963272412,0.8725774094353225,BULL,0.8684839755149414,96.27147474180187,HIGH,0.9467353534543125,1.0,15
NIFTY50,2025-05-14,BULL,0.9984780160236147,0.001520345333374808,1.638643010534496e-06,0.9452035774776406,0.0014415696570146434,0.053354852865344825,0.9984780160236147,91.78053662164609,0.997717024035422,BULL,0.9452035774776406,96.26238243295246,HIGH,0.9466054633278924,1.0,16
NIFTY50,2025-05-15,BULL,0.9998470595903526,0.00015293700774228038,3.4019051912065936e-09,0.9464625014779282,0.00014500955687585005,0.053392488965196,0.9998470595903526,91.96937522168923,0.9997705893855289,BULL,0.9464625014779282,96.26223698314418,HIGH,0.9466033854734884,1.0,17
NIFTY50,2025-05-16,BULL,0.9999988301610837,1.1657905137921053e-06,4.048402534512701e-09,0.9466020714130117,1.1057413725020201e-06,0.053396822845615914,0.9999988301610837,91.99031071195175,0.9999982452416254,BULL,0.9466020714130117,96.26222041141688,HIGH,0.946603148734527,1.0,18
NIFTY50,2025-05-19,BULL,0.9999996529486739,9.776402130582806e-09,3.372749239736e-07,0.9466028410456113,1.6647896175130723e-08,0.05339714230649255,0.9999996529486739,91.99042615684169,0.9999994794230108,BULL,0.9466028410456113,96.2622195022332,HIGH,0.9466031357461885,1.0,19
NIFTY50,2025-05-20,BULL,0.9998236892154572,1.1302691226358347e-09,0.00017630965427367998,0.9464478815945527,3.7030225493328847e-06,0.053548415382897924,0.9998236892154572,91.9671822391829,0.9997355338231856,BULL,0.9464478815945527,96.26180602477592,HIGH,0.9465972289253703,1.0,20
NIFTY50,2025-05-21,BULL,0.999991707936564,3.760160527301486e-08,8.25446183074641e-06,0.946595843306889,2.092535208449285e-07,0.0534039474395903,0.999991707936564,91.98937649603333,0.9999875619048458,BULL,0.946595843306889,96.26220090251734,HIGH,0.9466028700359621,1.0,21
NIFTY50,2025-05-22,BULL,0.9984684575813085,1.956696183579077e-08,0.0015315228517297386,0.9452544167288196,3.217345483764003e-05,0.05471340981634286,0.9984684575813085,91.78816250932293,0.9977026863719628,BULL,0.9452544167288196,96.25862172690222,HIGH,0.9465517389557463,1.0,22
NIFTY50,2025-05-23,BULL,0.9999698655044005,9.498436851977975e-07,2.9184651914321358e-05,0.9465765725450134,1.5136407717004003e-06,0.05342191381421492,0.9999698655044005,91.98648588175199,0.9999547982566007,BULL,0.9465765725450134,96.26215182313554,HIGH,0.9466021689019363,1.0,23
NIFTY50,2025-05-26,BULL,0.9999977356344831,1.3614637333659175e-08,2.250750879604503e-06,0.9466011524424006,6.046094916845237e-08,0.05339878709665032,0.9999977356344831,91.99017286636007,0.9999966034517247,BULL,0.9466011524424006,96.26221500662069,HIGH,0.9466030715231528,1.0,24
NIFTY50,2025-05-27,BULL,0.9991837841244205,4.3869960658080066e-09,0.0008162114885833941,0.9458843587719543,1.7140967616856952e-05,0.05409850026042888,0.9991837841244205,91.88265381579315,0.9987756761866307,BULL,0.9458843587719543,96.2603024688333,HIGH,0.9465757495547615,1.0,25
NIFTY50,2025-05-28,BULL,0.9655954207827864,4.680687795196247e-06,0.034399898529418375,0.91630509467372,0.0007266705724545469,0.08296823475382543,0.9655954207827864,87.44576420105798,0.9483931311741796,BULL,0.91630509467372,96.1813924942788,HIGH,0.9454484642039828,1.0,26
NIFTY50,2025-05-29,BULL,0.9999330524346378,6.838141052642716e-06,6.010942430953138e-05,0.9465439241701319,7.745976860532693e-06,0.05344832985300761,0.9999330524346378,91.98158862551978,0.9998995786519566,BULL,0.9465439241701319,96.26207980309229,HIGH,0.9466011400441756,1.0,27
NIFTY50,2025-05-30,BEAR,0.008550196433931189,1.3268037442577068e-06,0.9914484767623246,0.07349788997850869,0.020816902149524304,0.9056852078719672,0.9914484767623246,85.85278118079506,0.9871727151434869,BEAR,0.9056852078719672,66.93264655445364,MODERATE,0.9133235222064807,0.1,1
NIFTY50,2025-06-02,BEAR,0.3609807463328927,0.006778044692333496,0.632241208974774,0.3835963671713194,0.01970071135107764,0.596702921477603,0.632241208974774,39.505438221640446,0.448361813462161,BEAR,0.596702921477603,70.77740393408934,MODERATE,0.9253914847727049,0.2,2
NIFTY50,2025-06-03,BEAR,0.06444563937343334,0.00398469385833405,0.9315696667682327,0.12256610541847654,0.023336616116048304,0.8540972784654751,0.9315696667682327,78.11459176982125,0.8973545001523491,BEAR,0.8540972784654751,73.0737767247714,MODERATE,0.9153396674967343,0.3,3
NIFTY50,2025-06-04,BEAR,0.006280092345135273,0.0026712280574112323,0.9910486795974535,0.07139469430088043,0.023340009502076858,0.9052652961970428,0.9910486795974535,85.7897944295564,0.98657301939618,BEAR,0.9052652961970428,75.93387744147736,HIGH,0.9133411063068194,0.4,4
NIFTY50,2025-06-05,BEAR,0.06342216111708975,0.00705359390792368,0.9295242449749865,0.12154518032243455,0.02620348910907609,0.8522513305684895,0.9295242449749865,77.8376995852734,0.8942863674624798,BEAR,0.8522513305684895,79.0789178441046,HIGH,0.9154131120586371,0.5,5
NIFTY50,2025-06-06,BULL,0.9028660744747192,0.009414872517739169,0.0877190530075415,0.8606966740371524,0.010768510320348847,0.12853481564249875,0.9028660744747192,79.10450110557287,0.8542991117120788,BULL,0.8606966740371524,81.0571376243,HIGH,0.943673394632857,0.5,1
NIFTY50,2025-06-09,BULL,0.9998860314938991,1.774684293130832e-05,9.622166316956951e-05,0.9465020907117343,1.884738578867883e-05,0.053479061902477004,0.9998860314938991,91.97531360676014,0.9998290472408486,BULL,0.9465020907117343,81.26199614235175,HIGH,0.9465999448907393,0.5,2
NIFTY50,2025-06-10,BULL,0.9999129485368251,3.4087382058620816e-08,8.701737579284814e-05,0.9465264851751557,1.8595633860432246e-06,0.05347165526145828,0.9999129485368251,91.97897277627334,0.9998694228052375,BULL,0.9465264851751557,81.2620158355047,HIGH,0.9466002262214956,0.5,3
NIFTY50,2025-06-11,BULL,0.9999927639521292,1.5212222499684287e-09,7.234526648540623e-06,0.9465967746772329,1.5362971477173434e-07,0.05340307169305241,0.9999927639521292,91.98951620158492,0.9999891459281937,BULL,0.9465967746772329,81.2622032950863,HIGH,0.9466029042155185,0.5,4
NIFTY50,2025-06-12,BULL,0.9737376028707735,6.872073380009355e-09,0.02626239025715304,0.9234755657849524,0.0005513905453934065,0.07597304366965418,0.9737376028707735,88.52133486774284,0.9606064043061604,BULL,0.9234755657849524,81.20051241959867,HIGH,0.9457216059942667,0.5,5
NIFTY50,2025-06-13,BEAR,0.3432780728946159,6.84670315801369e-05,0.6566534600738038,0.3682682916261872,0.013851478828465321,0.6178802295453476,0.6566534600738038,42.68203443180214,0.4849801901107058,BEAR,0.6178802295453476,79.71931072639785,HIGH,0.9245615818056836,0.5,1
NIFTY50,2025-06-16,BULL,0.9143577647002347,0.0003153112041982028,0.08532692409556708,0.871171324109277,0.002090421191256743,0.12673825469946623,0.9143577647002347,80.67569861639153,0.8715366470503518,BULL,0.871171324109277,84.06176485122434,HIGH,0.9437394978746336,0.6,1
NIFTY50,2025-06-17,BULL,0.9076404699503554,4.6211796224999075e-05,0.09231331825341967,0.8652663290633248,0.0019819517663573504,0.13275171917031797,0.9076404699503554,79.7899493594987,0.861460704925533,BULL,0.8652663290633248,87.04531977063891,HIGH,0.9435045681519847,0.7,2
NIFTY50,2025-06-18,BULL,0.7095758222334125,6.730435249359497e-05,0.2903568734140938,0.6908428843472971,0.006159911951016089,0.3029972037016868,0.7095758222334125,53.62643265209457,0.5643637333501189,BULL,0.6908428843472971,89.579985644204,HIGH,0.936856937774343,0.8,3
NIFTY50,2025-06-19,BULL,0.6046841060094417,0.00017617090587603845,0.3951397230846823,0.5984673449651889,0.00846307044745442,0.3930695845873567,0.6046841060094417,39.770101744778344,0.4070261590141625,BULL,0.5984673449651889,92.3337927138328,HIGH,0.9333398959118973,0.9,4
NIFTY50,2025-06-20,BULL,0.9878673822663298,0.00022324500749381442,0.011909372726176428,0.9359100403133409,0.00046171239778563486,0.06362824728887352,0.9878673822663298,90.38650604700113,0.9818010733994946,BULL,0.9359100403133409,93.23426160580588,HIGH,0.9462037372257984,0.9,5
NIFTY50,2025-06-23,BULL,0.9965903332002811,3.672080462627798e-06,0.003405994719256161,0.943600332667366,7.499151538209442e-05,0.05632467581725195,0.9965903332002811,91.54004990010488,0.9948854998004218,BULL,0.943600332667366,93.25421774077061,HIGH,0.9464888248681517,0.9,6
NIFTY50,2025-06-24,BULL,0.9993701228039763,2.655967377200004e-07,0.0006296115992859399,0.9460484449178613,1.3470937859779997e-05,0.05393808414427892,0.9993701228039763,91.90726673767918,0.9990551842059643,BULL,0.9460484449178613,93.26074094497581,HIGH,0.9465820134996544,0.9,7
NIFTY50,2025-06-25,BULL,0.9999553959497842,2.5239904540907672e-08,4.457881031120243e-05,0.9465638661892719,9.601690186308386e-07,0.053435173641709494,0.9999553959497842,91.98457992839079,0.9999330939246763,BULL,0.9465638661892719,93.26211555104055,HIGH,0.9466016507291507,0.9,8
NIFTY50,2025-06-26,BULL,0.9999990126973228,2.217716216032392e-09,9.850849609027431e-07,0.946602277512597,2.308192237008356e-08,0.05339769940548062,0.9999990126973228,91.99034162688953,0.9999985190459842,BULL,0.946602277512597,93.26221797926996,HIGH,0.946603113989571,0.9,9
NIFTY50,2025-06-27,BULL,0.9999896655787565,1.1461220562505326e-10,1.0334306631320832e-05,0.9465940461966236,2.1737647245910037e-07,0.05340573642690402,0.9999896655787565,91.98910692949353,0.9999844983681345,BULL,0.9465940461966236,96.26219601148162,HIGH,0.9466028001640233,1.0,10
NIFTY50,2025-06-30,BULL,0.9999775959306506,4.0170699897921464e-10,2.2403667642400145e-05,0.9465834172332163,4.710471479373327e-07,0.05341611171963589,0.9999775959306506,91.98751258498243,0.9999663938959757,BULL,0.9465834172332163,96.26216765253228,HIGH,0.9466023950361756,1.0,11
NIFTY50,2025-07-01,BULL,0.9999801470469015,6.10350945440196e-10,1.9852342747630224e-05,0.9465856638268484,4.1767943914385165e-07,0.05341391849371239,0.9999801470469015,91.98784957402725,0.9999702205703521,BULL,0.9465856638268484,96.26217364731929,HIGH,0.9466024806759897,1.0,12
NIFTY50,2025-07-02,BULL,0.9999721205982566,5.410967844653282e-10,2.7878860646653354e-05,0.9465785954595031,5.86132000193132e-07,0.05342081840849681,0.9999721205982566,91.98678931892545,0.9999581808973849,BULL,0.9465785954595031,96.26215478766653,HIGH,0.9466022112523792,1.0,13
NIFTY50,2025-07-03,BULL,0.9999807601364911,6.446480538958658e-10,1.9239218860848752e-05,0.9465862037335435,4.048393091802502e-07,0.05341339142714731,0.9999807601364911,91.98793056003153,0.9999711402047364,BULL,0.9465862037335435,96.26217508796005,HIGH,0.9466025012565722,1.0,14
NIFTY50,2025-07-04,BULL,0.9999347757908654,6.558965539373299e-10,6.522355323801205e-05,0.9465457083178189,1.3702995651873197e-06,0.053452921382615926,0.9999347757908654,91.98185624767282,0.9999021636862981,BULL,0.9465457083178189,96.26206704008288,HIGH,0.9466009577154699,1.0,15
NIFTY50,2025-07-07,BULL,0.9999736078832581,1.8873677492126915e-09,2.6390229374141286e-05,0.946579905161969,5.561543958800203e-07,0.05341953868363513,0.9999736078832581,91.98698577429535,0.9999604118248869,BULL,0.946579905161969,96.26215828560147,HIGH,0.9466022612228782,1.0,16
NIFTY50,2025-07-08,BULL,0.9999958781386084,4.894295060211624e-10,4.121371962100236e-06,0.946599517178454,8.729014978721317e-08,0.05340039553139613,0.9999958781386084,91.98992757676811,0.9999938172079124,BULL,0.946599517178454,96.26221060985083,HIGH,0.9466030087121546,1.0,17
NIFTY50,2025-07-09,BULL,0.9999870950341303,1.0216053347070743e-10,1.2904863709187186e-05,0.9465917824860407,2.713339867125602e-07,0.05340794617997247,0.9999870950341303,91.98876737290612,0.9999806425511955,BULL,0.9465917824860407,96.26218997152685,HIGH,0.9466027138789549,1.0,18
NIFTY50,2025-07-10,BULL,0.9955345256257918,2.5961828801804586e-09,0.0044654717780252305,0.9426706947919999,9.375616319480939e-05,0.05723554904480529,0.9955345256257918,91.40060421879997,0.9933017884386879,BULL,0.9426706947919999,96.25172792173431,HIGH,0.9464532560247759,1.0,19
NIFTY50,2025-07-11,BULL,0.8656759803669154,7.605001590678614e-06,0.13431641463149402,0.8283124436746816,0.002827209001858489,0.16886034732345984,0.8656759803669154,74.24686655120225,0.7985139705503731,BULL,0.8283124436746816,95.94662226122112,HIGH,0.9420946037317306,1.0,20
NIFTY50,2025-07-14,BEAR,0.32957708123236384,0.00017442148081604043,0.67024849728682,0.3561985917749293,0.01423737121688164,0.6295640370081891,0.67024849728682,44.434605551228366,0.5053727459302302,BEAR,0.6295640370081891,67.68737848248976,MODERATE,0.9241054068927108,0.1,1
NIFTY50,2025-07-15,BEAR,0.09840481558171196,0.00036640817481697354,0.9012287762434711,0.1526127655352037,0.019268879470712524,0.8281183549940837,0.9012287762434711,74.21775324911255,0.8518431643652065,BEAR,0.8281183549940837,70.14467267723641,MODERATE,0.9163524668176631,0.2,2
NIFTY50,2025-07-16,BEAR,0.0016608887177613333,0.0002781680337695338,0.9980609432484691,0.06742013555434938,0.021218222672499606,0.911361641773151,0.9980609432484691,86.70424626597264,0.9970914148727036,BEAR,0.911361641773151,72.91713968459837,MODERATE,0.9131019954942624,0.3,3
NIFTY50,2025-07-17,BEAR,3.703067494228122e-05,0.00043691753210911425,0.9995260517929487,0.06598392216603925,0.021399503272848612,0.9126165745611121,0.9995260517929487,86.89248618416681,0.9992890776894231,BEAR,0.9126165745611121,75.91371449931763,HIGH,0.9130530642759662,0.4,4
NIFTY50,2025-07-18,BEAR,7.624409219705985e-06,0.0007306525722090767,0.9992617230185712,0.06594657726539846,0.021672462292646383,0.912380960441955,0.9992617230185712,86.85714406629326,0.9988925845278568,BEAR,0.912380960441955,78.91436765360336,HIGH,0.9130623950514766,0.5,5
NIFTY50,2025-07-21,BEAR,0.00014583627416391533,0.0005245892013464034,0.9993295745244898,0.06607632304218829,0.021478505215627542,0.9124451717421841,0.9993295745244898,86.86677576132763,0.9989943617867345,BEAR,0.9124451717421841,81.91418572738738,HIGH,0.9130597961055339,0.6,6
NIFTY50,2025-07-22,BEAR,3.401973761587963e-06,8.123084056728261e-05,0.999915367185671,0.06596817093004201,0.02107042811611266,0.9129614009538453,0.999915367185671,86.94421014307677,0.9998730507785066,BEAR,0.9129614009538453,84.91276090427414,HIGH,0.9130394414896308,0.7,7
NIFTY50,2025-07-23,BEAR,0.0051934760865509355,0.0006212204999106977,0.9941853034135384,0.07051768401356062,0.021462122500774568,0.9080201934856647,0.9941853034135384,86.20302902284969,0.9912779551203076,BEAR,0.9080201934856647,87.92628360215264,HIGH,0.9132326228878948,0.8,8
NIFTY50,2025-07-24,BEAR,0.0001339182576498337,0.0006670956147315493,0.9991989861276186,0.06606027324227864,0.021610882774432592,0.9123288439832887,0.9991989861276186,86.84932659749329,0.9987984791914277,BEAR,0.9123288439832887,90.91450812533694,HIGH,0.9130644017905276,0.9,9
NIFTY50,2025-07-25,BEAR,5.599641660301343e-06,0.0010101644656621354,0.9989842358926776,0.06593389983141108,0.02193165919123872,0.9121344409773501,0.9989842358926776,86.82016614660253,0.9984763538390162,BEAR,0.9121344409773501,93.91505017276796,HIGH,0.9130721453252567,1.0,10
NIFTY50,2025-07-28,BEAR,9.36570967389784e-07,0.0019498041060734667,0.9980492593229591,0.06589316964618908,0.02280296058000824,0.9113038697738027,0.9980492593229591,86.69558046607041,0.9970738889844386,BEAR,0.9113038697738027,93.91734964525264,HIGH,0.9131049949321807,1.0,11
NIFTY50,2025-07-29,BEAR,2.4385111426042734e-05,0.0006808112257264828,0.9992948036628474,0.06596327995686481,0.021625899114014333,0.9124108209291208,0.9992948036628474,86.86162313936812,0.9989422054942713,BEAR,0.9124108209291208,93.91428448347993,HIGH,0.9130612069068563,1.0,12
NIFTY50,2025-07-30,BEAR,6.761011422844827e-05,0.0003726082609865983,0.999559781624785,0.066013358025237,0.021339235775445206,0.9126474061993177,0.999559781624785,86.89711092989766,0.9993396724371775,BEAR,0.9126474061993177,93.91362822422806,HIGH,0.9130518317746866,1.0,13
NIFTY50,2025-07-31,BEAR,2.1075924583071746e-05,0.0002831992307110657,0.9996957248447059,0.06597586323576633,0.021257315607956125,0.9127668211562775,0.9996957248447059,86.91502317344164,0.9995435872670587,BEAR,0.9127668211562775,93.91329904133856,HIGH,0.9130471291619794,1.0,14
NIFTY50,2025-08-01,BEAR,2.2531567524417024e-06,0.0006565315043026152,0.999341215338945,0.0659447361221596,0.021603852405988555,0.9124514114718517,0.999341215338945,86.86771172077778,0.9990118230084174,BEAR,0.9124514114718517,93.91417278065846,HIGH,0.9130596111522639,1.0,15
NIFTY50,2025-08-04,BEAR,4.633287908533154e-05,0.0003577395317123255,0.9995959275892022,0.06599520008018213,0.021325896689995655,0.9126789032298223,0.9995959275892022,86.90183548447332,0.9993938913838035,BEAR,0.9126789032298223,93.91354166989319,HIGH,0.9130505952841883,1.0,16
NIFTY50,2025-08-05,BEAR,1.3137116339643324e-05,0.0002941882828952704,0.999692674600765,0.0659684437317728,0.021267670978501345,0.9127638852897257,0.999692674600765,86.91458279345886,0.9995390119011476,BEAR,0.9127638852897257,93.91330740816859,HIGH,0.9130472486881228,1.0,17
NIFTY50,2025-08-06,BEAR,7.509143888370097e-06,0.00028436804827666626,0.9997081228078349,0.06596387030024034,0.021258684134869102,0.9127774455648906,0.9997081228078349,86.91661683473357,0.9995621842117522,BEAR,0.9127774455648906,93.91327003786243,HIGH,0.9130467148266063,1.0,18
NIFTY50,2025-08-07,BEAR,9.484740417201913e-09,6.293956371804053e-06,0.9999936965588878,0.06596810415230718,0.021001020286471172,0.9130308755612216,0.9999936965588878,86.95463133418323,0.9999905448383317,BEAR,0.9130308755612216,93.9125686747981,HIGH,0.9130366953542586,1.0,19
NIFTY50,2025-08-08,BEAR,3.8453176547563887e-07,0.0010983731110166285,0.9989012423572179,0.06592586917314582,0.02201355288674796,0.9120605779401061,0.9989012423572179,86.8090866910159,0.9983518635358268,BEAR,0.9120605779401061,93.91525481046841,HIGH,0.9130750687209772,1.0,20
NIFTY50,2025-08-11,BEAR,3.941113689578963e-05,0.0003243500193766648,0.9996362388437275,0.065990405954389,0.021295084337226725,0.9127145097083843,0.9996362388437275,86.90717645625763,0.9994543582655911,BEAR,0.9127145097083843,93.91344330643511,HIGH,0.9130491900919303,1.0,21
NIFTY50,2025-08-12,BEAR,3.149748346907148e-06,0.0002846475407647713,0.9997122027108883,0.0659600203711968,0.021259034797579606,0.9127809448312235,0.9997122027108883,86.91714172468352,0.9995683040663323,BEAR,0.9127809448312235,93.91326048196305,HIGH,0.9130465783137579,1.0,22
NIFTY50,2025-08-13,BEAR,8.951171453281385e-05,0.00020838198349563698,0.9997021063019715,0.06603904627753111,0.021186510653874432,0.9127744430685945,0.9997021063019715,86.91616646028916,0.9995531594529573,BEAR,0.9127744430685945,93.91327587857658,HIGH,0.9130467982653798,1.0,23
NIFTY50,2025-08-14,BEAR,0.0003924294810390469,0.00020716415683184964,0.999400406362129,0.06630585367249066,0.02117902170993893,0.9125151246175705,0.999400406362129,86.87726869263557,0.9991006095431937,BEAR,0.9125151246175705,93.91398464004352,HIGH,0.9130569234291932,1.0,24
NIFTY50,2025-08-18,BEAR,0.08245736550602005,0.0016860489969254227,0.9158565854970546,0.1385174511509368,0.02082722742272943,0.8406553214263337,0.9158565854970546,76.09829821395006,0.8737848782455819,BEAR,0.8406553214263337,94.1104462717184,HIGH,0.9158635181674059,1.0,25
NIFTY50,2025-08-19,BEAR,0.40272192397523326,0.0010630465405388535,0.5962150294842278,0.4205778508083375,0.0135255861556788,0.5658965630359837,0.5962150294842278,34.884484455397555,0.39432254422634166,BEAR,0.5658965630359837,94.86142950641343,HIGH,0.9265918500916206,1.0,26
NIFTY50,2025-08-20,BULL,0.9108483456248494,0.00028808824171373744,0.08886356613343696,0.8680818685745689,0.0021388618422806586,0.1297792695831503,0.9108483456248494,80.21228028618536,0.8662725184372739,BULL,0.8680818685745689,69.05345194755132,MODERATE,0.9436207421078762,0.1,1
NIFTY50,2025-08-21,BULL,0.9965527475415159,1.5042019350677928e-05,0.0034322104391334702,0.9435667902693431,8.632247286186402e-05,0.05634688725779495,0.9965527475415159,91.53501854040148,0.9948291213122739,BULL,0.9435667902693431,72.25415738391261,MODERATE,0.946487962627323,0.2,2
NIFTY50,2025-08-22,BULL,0.9486739223818234,5.654069088919605e-06,0.05132042354908761,0.9014033962743757,0.0010828430433515728,0.09751376068227269,0.9486739223818234,85.21050944115636,0.9230108835727352,BULL,0.9014033962743757,75.14163499931027,HIGH,0.9448804999901468,0.3,3
NIFTY50,2025-08-25,BULL,0.9843843152930223,1.7759555581503282e-05,0.015597925151396231,0.9328507393779923,0.000344320566354095,0.06680494005565361,0.9843843152930223,89.92761090669885,0.9765764729395334,BULL,0.9328507393779923,78.22557230079582,HIGH,0.9460796042970832,0.4,4
NIFTY50,2025-08-26,BEAR,6.78960207968093e-08,7.958235563773102e-08,0.9999998525216236,0.06596839780492626,0.020995257293499988,0.9130363449015737,0.9999998525216236,86.95545173523605,0.9999997787824354,BEAR,0.9130363449015737,81.91255353185664,HIGH,0.9130364790265235,0.6,1
NIFTY50,2025-08-28,BEAR,0.00012839696346105128,0.00028347678025508657,0.9995881262562839,0.06607036306014363,0.02125531971789088,0.9126743172219656,0.9995881262562839,86.90114758329483,0.9993821893844257,BEAR,0.9126743172219656,81.91355189250613,HIGH,0.9130507413215161,0.6,2
NIFTY50,2025-08-29,BEAR,7.579858257802323e-05,0.00021333537723423527,0.9997108660401878,0.0660267769510286,0.021191391190093934,0.9127818318588774,0.9997108660401878,86.91727477883161,0.9995662990602815,BEAR,0.9127818318588774,81.9132558369136,HIGH,0.9130465119559088,0.6,3
NIFTY50,2025-09-01,BEAR,0.00920217437600969,0.0007004547843245194,0.9900973708396656,0.07404479499060995,0.021451422606118487,0.9045037824032717,0.9900973708396656,85.6755673604907,0.9851460562594985,BEAR,0.9045037824032717,81.93589753360678,HIGH,0.913369964765811,0.6,4
NIFTY50,2025-09-02,BEAR,0.0012741622909862341,0.00024394368551376825,0.9984818940235001,0.06708090474270874,0.021194610356342427,0.9117244849009488,0.9984818940235001,86.75867273514231,0.9977228410352501,BEAR,0.9117244849009488,81.91614685382913,HIGH,0.913087812197559,0.6,5
NIFTY50,2025-09-03,BEAR,0.03368643928981871,0.0008547763871188545,0.9654587843230624,0.09560047597879238,0.021080452942950256,0.8833190710782574,0.9654587843230624,82.49786066173859,0.9481881764845936,BEAR,0.8833190710782574,81.99380685881081,HIGH,0.9141972408401546,0.6,6
NIFTY50,2025-09-04,BEAR,0.028112199461195957,0.0005152280230356841,0.9713725725157683,0.09070484072471931,0.02088266687513724,0.8884124924001434,0.9713725725157683,83.2618738600215,0.9570588587736524,BEAR,0.8884124924001434,84.9798743536546,HIGH,0.9139982050522085,0.7,7
NIFTY50,2025-09-05,BEAR,0.01357543617295427,0.00032874284562614027,0.9860958209814197,0.07791052951884603,0.02101496587879649,0.9010745046023576,0.9860958209814197,85.16117569035364,0.9791437314721295,BEAR,0.9010745046023576,87.94525926064048,HIGH,0.9135037037234356,0.8,8
NIFTY50,2025-09-08,BEAR,0.0047676140315431334,0.00023674494235588595,0.9949956410261009,0.0701576405190323,0.02111459025018423,0.9087277692307834,0.9949956410261009,86.3091653846175,0.9924934615391514,BEAR,0.9087277692307834,90.92433760190809,HIGH,0.9132048228844013,0.9,9
NIFTY50,2025-09-09,BEAR,0.01598893980668463,0.0004767234665282104,0.9835343367267873,0.08003017707859028,0.021101496770409667,0.8988683261510002,0.9835343367267873,84.83024892265003,0.9753015050901809,BEAR,0.8988683261510002,93.95129405231961,HIGH,0.9135899150331374,1.0,10
NIFTY50,2025-09-10,BEAR,0.08939582450415137,0.0010205629648995177,0.9095836125309491,0.14465363786031515,0.020064536067832494,0.8352818260718522,0.9095836125309491,75.29227391077782,0.8643754187964237,BEAR,0.8352818260718522,94.1251130130172,HIGH,0.9160730430431031,1.0,11
NIFTY50,2025-09-11,BEAR,0.15850468253432953,0.0008787471370769377,0.8406165703285935,0.20551883110349292,0.018482095784280384,0.7759990731122267,0.8406165703285935,66.399860966834,0.7609248554928902,BEAR,0.7759990731122267,94.2871471209471,HIGH,0.91838781601353,1.0,12
NIFTY50,2025-09-12,BULL,0.9417969957189829,0.000482991858245613,0.05772001242277152,0.8953287304127846,0.0016697975494146464,0.10300147203780081,0.9417969957189829,84.2993095619177,0.9126954935784743,BULL,0.8953287304127846,69.12665021096646,MODERATE,0.9446664315852352,0.1,1
NIFTY50,2025-09-15,BULL,0.9707851457641303,3.217135232367248e-05,0.029182682883546033,0.9208742756397882,0.0006431997933683642,0.0784825245668435,0.9707851457641303,88.13114134596822,0.9561777186461955,BULL,0.9208742756397882,72.1936542157236,MODERATE,0.9456236316531943,0.2,2
NIFTY50,2025-09-16,BULL,0.9999900483055721,1.122745248452436e-06,8.82894917938604e-06,0.9465943394831348,1.2502078724665973e-06,0.053404410308992796,0.9999900483055721,91.9891509224702,0.9999850724583582,BULL,0.9465943394831348,75.26219967113806,HIGH,0.9466028524448296,0.3,3
NIFTY50,2025-09-17,BULL,0.999999987496524,1.0556130203382871e-09,1.1447863027993882e-08,0.9466031359999969,1.538368660149905e-09,0.05339686246163453,0.999999987496524,91.99047039999954,0.999999981244786,BULL,0.9466031359999969,78.26222026686615,HIGH,0.9466031466695164,0.4,4
NIFTY50,2025-09-18,BULL,0.9999999996782392,1.3280595167795306e-12,3.20432725097309e-10,0.9466031467687315,3.0511237880317925e-10,0.053396852926156174,0.9999999996782392,91.99047201530972,0.9999999995173587,BULL,0.9466031467687315,81.26222029289684,HIGH,0.9466031470413836,0.5,5
NIFTY50,2025-09-19,BULL,0.9999998012335668,5.946759973997157e-13,1.98765838538319e-07,0.9466029720114745,4.4708149469496786e-09,0.05339702351771062,0.9999998012335668,91.99044580172115,0.99999970185035,BULL,0.9466029720114745,84.26221982661608,HIGH,0.9466031403802299,0.6,6
NIFTY50,2025-09-22,BULL,0.9999965070094817,1.0565720802365663e-11,3.4929799525934596e-06,0.9466000710026979,7.36429026751991e-08,0.05339985535439942,0.9999965070094817,91.99001065040467,0.9999947605142224,BULL,0.9466000710026979,87.26221208631057,HIGH,0.9466030298044369,0.7,7
NIFTY50,2025-09-23,BULL,0.9999771284073448,1.8093245849821422e-10,2.2871411722842365e-05,0.9465830055245255,4.806581910521142e-07,0.05341651381728356,0.9999771284073448,91.98745082867882,0.999965692611017,BULL,0.9465830055245255,90.26216655346529,HIGH,0.9466023793352186,0.8,8
NIFTY50,2025-09-24,BULL,0.998929014780087,6.190923701831839e-09,0.0010709790289893234,0.9456599999495378,2.2491569584015914e-05,0.05431750848087811,0.998929014780087,91.84899999243068,0.9983935221701303,BULL,0.9456599999495378,93.25970385011806,HIGH,0.9465671978588294,0.9,9
NIFTY50,2025-09-25,BULL,0.8448362299353737,4.856865452343845e-06,0.15515891319917394,0.8099603412099401,0.0032621954269771206,0.1867774633630828,0.8448362299353737,71.49405118149102,0.7672543449030603,BULL,0.8099603412099401,95.897649027662,HIGH,0.9413949861094573,1.0,10
NIFTY50,2025-09-26,BEAR,0.00944292264837073,0.0003893519793636476,0.9901677253722656,0.07426893195032341,0.02115792359196277,0.9045731444577138,0.9901677253722656,85.68597166865705,0.9852515880583984,BEAR,0.9045731444577138,66.93569825802574,MODERATE,0.9133671179717963,0.1,1
NIFTY50,2025-09-29,BEAR,4.0217743444051e-05,0.00024016173842486725,0.999719620518131,0.06599439763203781,0.021217010750915217,0.9127885916170471,0.999719620518131,86.91828874255705,0.9995794307771964,BEAR,0.9127885916170471,69.91323819567614,MODERATE,0.9130462599382307,0.2,2
NIFTY50,2025-09-30,BEAR,4.356907072645452e-05,0.00046932071887087213,0.9994871102104027,0.06598841714701521,0.021429409184871653,0.9125821736681131,0.9994871102104027,86.88732605021696,0.9992306653156039,BEAR,0.9125821736681131,72.91380953681656,MODERATE,0.9130544219545222,0.3,3
NIFTY50,2025-10-01,BEAR,0.0026651925832477065,0.0007888946045790214,0.9965459128121733,0.06828465423679866,0.021670666287022796,0.9100446794761784,0.9965459128121733,86.50670192142678,0.9948188692182598,BEAR,0.9100446794761784,75.92075526233994,HIGH,0.9131536466048563,0.4,4
NIFTY50,2025-10-03,BEAR,0.0015322298270382035,0.0003621467722547651,0.9981056234007071,0.06730356087243801,0.021298786260125036,0.9113976528674369,0.9981056234007071,86.70964793011552,0.9971584351010606,BEAR,0.9113976528674369,78.9170438698167,HIGH,0.9131006267116671,0.5,5
NIFTY50,2025-10-06,BEAR,0.13071050434489295,0.0016126516084058078,0.8676768440467011,0.18101370547041254,0.019746092178584983,0.7992402023510025,0.8676768440467011,69.88603035265037,0.8015152660700516,BEAR,0.7992402023510025,82.2236446124671,HIGH,0.9174806373209584,0.6,6
NIFTY50,2025-10-07,BEAR,0.14832920407444122,0.0009121651547734268,0.8507586307707854,0.19655664809232162,0.018726715938575,0.7847166359691032,0.8507586307707854,67.7074953953655,0.7761379461561779,BEAR,0.7847166359691032,85.26332030356838,HIGH,0.9180474329081197,0.7,7
NIFTY50,2025-10-08,BEAR,0.017669623418550134,0.0004990878051754075,0.9818312887762746,0.08150937388469132,0.021086945999197648,0.897403680116111,0.9818312887762746,84.61055201741664,0.9727469331644119,BEAR,0.897403680116111,87.95529808980062,HIGH,0.9136471155685804,0.8,8
NIFTY50,2025-10-09,BEAR,0.07001161954142306,0.0014476173312737107,0.9285407631273032,0.12756658726455436,0.02086746202764834,0.8515659507077973,0.9285407631273032,77.7348926061696,0.8928111446909546,BEAR,0.8515659507077973,91.08061664493718,HIGH,0.9154373806419597,0.9,9
NIFTY50,2025-10-10,BULL,0.5578117709047776,0.0014375632914089475,0.44075066580381356,0.5571407707662215,0.010616686003847341,0.43224254322993116,0.5578117709047776,33.57111561493322,0.33671765635716644,BULL,0.5571407707662215,68.22675989893114,MODERATE,0.9318108556990162,0.1,1
NIFTY50,2025-10-13,BULL,0.8541648451973309,0.0003033923051635117,0.14553176249750555,0.8181638086792296,0.003343131832251687,0.17849305948851885,0.8541648451973309,72.72457130188444,0.7812472677959964,BULL,0.8181638086792296,71.9203022208548,MODERATE,0.9417186031550685,0.2,2
NIFTY50,2025-10-14,BULL,0.8401587153190849,0.0001421079049774221,0.15969917677593778,0.8058358094890948,0.0034876554351452337,0.19067653507575985,0.8401587153190849,70.87537142336424,0.7602380729786269,BULL,0.8058358094890948,74.88699590454505,MODERATE,0.9412427986363577,0.3,3
NIFTY50,2025-10-15,BULL,0.9984315483202797,2.0094927333443566e-05,0.0015483567523868894,0.9452211306846375,5.15615964891553e-05,0.054727307718873415,0.9984315483202797,91.78316960269561,0.9976473224804195,BULL,0.9452211306846375,78.25858436464434,HIGH,0.9465512052092049,0.4,4
NIFTY50,2025-10-16,BULL,0.9999991041470747,8.47422617927953e-08,8.111106634435676e-07,0.9466023548299259,9.767600776782206e-08,0.05339754749406624,0.9999991041470747,91.99035322448887,0.9999986562206119,BULL,0.9466023548299259,81.26221839706159,HIGH,0.9466031199580227,0.5,5
NIFTY50,2025-10-17,BULL,0.999999995791938,9.286508562901536e-11,4.115196915147493e-09,0.9466031433427515,4.715761606995537e-10,0.05339685618567229,0.999999995791938,91.99047150141273,0.9999999936879068,BULL,0.9466031433427515,84.26222028399036,HIGH,0.946603146914148,0.6,6
NIFTY50,2025-10-20,BULL,0.9999999998768089,2.4776274491889e-13,1.22943367388063e-10,0.9466031469436409,2.999417560141239e-10,0.05339685275641735,0.9999999998768089,91.99047204154613,0.9999999998152131,BULL,0.9466031469436409,87.26222029336073,HIGH,0.9466031470480105,0.7,7
NIFTY50,2025-10-21,BULL,0.9999999870991323,1.5701128748574023e-12,1.2899297614859262e-08,0.9466031356911226,5.694374756715448e-10,0.05339686373943992,0.9999999870991323,91.9904703536684,0.9999999806486984,BULL,0.9466031356911226,90.2622202633407,HIGH,0.9466031466191529,0.8,8
NIFTY50,2025-10-23,BULL,0.999999998659018,8.841116735242441e-13,1.3400977844136711e-09,0.9466031458711872,3.2609950014009915e-10,0.05339685380271334,0.999999998659018,91.99047188067809,0.999999997988527,BULL,0.9466031458711872,93.26222029050092,HIGH,0.9466031470071561,0.9,9
NIFTY50,2025-10-24,BULL,0.9999999857473278,2.1254575254261912e-13,1.4252459646103085e-08,0.9466031345007295,5.965601676548806e-10,0.053396864902710374,0.9999999857473278,91.99047017510942,0.9999999786209918,BULL,0.9466031345007295,96.26222026016107,HIGH,0.9466031465737297,1.0,10
NIFTY50,2025-10-27,BULL,0.9999999984896137,3.557703564111625e-13,1.5100305229236408e-09,0.9466031457220244,3.291663157545358e-10,0.053396853948809345,0.9999999984896137,91.99047185830365,0.9999999977344206,BULL,0.9466031457220244,96.26222029010157,HIGH,0.9466031470014511,1.0,11
NIFTY50,2025-10-28,BULL,0.9999999800698325,3.8516079640746554e-13,1.9929782461274774e-08,0.9466031295009227,7.159202755667896e-10,0.05339686978315709,0.9999999800698325,91.99046942513841,0.9999999701047487,BULL,0.9466031295009227,96.26222024682127,HIGH,0.9466031463831612,1.0,12
NIFTY50,2025-10-29,BULL,0.9999999994087992,5.003942476383177e-13,5.907003643346412e-10,0.9466031465314856,3.100019363339361e-10,0.05339685315851258,0.9999999994087992,91.99047197972283,0.9999999991131987,BULL,0.9466031465314856,96.26222029226167,HIGH,0.9466031470323099,1.0,13
NIFTY50,2025-10-30,BULL,0.9999987514460599,5.240747561184769e-13,1.2485534160791686e-06,0.9466020475320598,2.651123202418655e-08,0.05339792595670824,0.9999987514460599,91.99030712980897,0.9999981271690896,BULL,0.9466020475320598,96.26221735996474,HIGH,0.9466031051423535,1.0,14
NIFTY50,2025-10-31,BULL,0.9998018086938533,1.4231915756224214e-10,0.00019819116382761257,0.946428612884163,4.161492145075696e-06,0.05356722562369201,0.9998018086938533,91.96429193262445,0.9997027130407797,BULL,0.946428612884163,96.26175461040461,HIGH,0.9465964944343515,1.0,15
NIFTY50,2025-11-03,BULL,0.9888708326456905,1.1698402221854376e-07,0.011129050370287222,0.9368024103592244,0.00023376768437284769,0.06296382195640278,0.9888708326456905,90.52036155388365,0.9833062489685358,BULL,0.9368024103592244,96.23607074272317,HIGH,0.9462295820389025,1.0,16
NIFTY50,2025-11-04,BULL,0.9977742854751904,3.381326518666872e-06,0.0022223331982908785,0.9446429735817466,4.9864641116656836e-05,0.055307161777136744,0.9977742854751904,91.69644603726198,0.9966614282127855,BULL,0.9446429735817466,96.2569989195799,HIGH,0.9465285559939988,1.0,17
NIFTY50,2025-11-06,BULL,0.9297532204295359,2.972719674037784e-06,0.07024380685079007,0.8847412720916431,0.00147760061381356,0.11378112729454344,0.9297532204295359,82.71119081374646,0.8946298306443037,BULL,0.8847412720916431,96.09717105507703,HIGH,0.9442453007868148,1.0,18
NIFTY50,2025-11-07,BULL,0.5350579284261623,0.0001399531032304323,0.4648021184706072,0.5371535212187318,0.009891304925958865,0.4529551738553093,0.5350579284261623,30.573028182809775,0.30258689263924343,BULL,0.5371535212187318,95.17010531988421,HIGH,0.9310015045697746,1.0,19
NIFTY50,2025-11-10,BEAR,0.22525554002466075,0.0004956047159714399,0.7742488552593677,0.2643168930284652,0.01672541194461885,0.718957695026916,0.7742488552593677,57.84365425403739,0.6613732828890517,BEAR,0.718957695026916,67.44304732762384,MODERATE,0.9206149618231977,0.1,1
NIFTY50,2025-11-11,BEAR,0.2341458463045913,0.000998663306687322,0.7648554903887215,0.27212639878664785,0.017005177979252294,0.7108684232340999,0.7648554903887215,56.63026348511499,0.6472832355830822,BEAR,0.7108684232340999,70.46517353154125,MODERATE,0.9209310504505893,0.2,2
NIFTY50,2025-11-12,BULL,0.8754344559924229,0.0007315335481723751,0.12383401045940468,0.8368778808714711,0.003293531140953467,0.15982858798757543,0.8754344559924229,75.53168213072064,0.8131516839886345,BULL,0.8368778808714711,89.97133145930404,HIGH,0.942447592275772,0.8,1
NIFTY50,2025-11-13,BULL,0.9622205707486411,8.198907157783135e-05,0.03769744017978098,0.9133300710702618,0.0008692040053371694,0.08580072492440102,0.9622205707486411,86.99951066053924,0.9433308561229616,BULL,0.9133300710702618,90.1736528095371,HIGH,0.9453378972791016,0.8,2
NIFTY50,2025-11-14,BULL,0.9224635444867261,4.599472147645589e-05,0.07749046079179746,0.8783200528918322,0.0016705373149111641,0.12000940979325667,0.9224635444867261,81.74800793377483,0.8836953167300889,BULL,0.8783200528918322,90.08014852769661,HIGH,0.9440021218242374,0.8,3
NIFTY50,2025-11-17,BULL,0.997938474831246,1.7006929712932427e-05,0.0020445182390410386,0.9447870333671836,5.905067390216402e-05,0.05515391595891423,0.997938474831246,91.71805500507753,0.9969077122468688,BULL,0.9447870333671836,90.25741821317035,HIGH,0.9465345459024336,0.8,4
NIFTY50,2025-11-18,BULL,0.988405325417145,1.974437091969591e-06,0.011592700145763149,0.936392396094612,0.00024526326500183716,0.06336234064038608,0.988405325417145,90.45885941419182,0.9826079881257175,BULL,0.936392396094612,90.23498152288659,HIGH,0.9462140217555226,0.8,5
NIFTY50,2025-11-19,BULL,0.998441456164241,3.207282246007787e-06,0.0015553365535130434,0.9452305140956359,3.56959010954941e-05,0.054733790003268716,0.998441456164241,91.78457711434538,0.9976621842463614,BULL,0.9452305140956359,90.25856612066131,HIGH,0.9465509445808759,0.8,6
NIFTY50,2025-11-20,BULL,0.9999803394036763,7.896669759746388e-08,1.9581629626107447e-05,0.9465858301688752,4.86290343719023e-07,0.05341368354078105,0.9999803394036763,91.98787452533128,0.9999705091055142,BULL,0.9465858301688752,90.26217429195984,HIGH,0.9466024898851406,0.8,7
NIFTY50,2025-11-21,BULL,0.9998597196178799,2.0022156479647734e-09,0.00014027837990440888,0.9464796111870128,2.9473660385892027e-06,0.053517441446948574,0.9998597196178799,91.97194167805193,0.9997895794268197,BULL,0.9464796111870128,90.26189068637169,HIGH,0.9465984383767384,0.8,8
NIFTY50,2025-11-24,BULL,0.9812930944374971,1.1226508045785652e-07,0.018706793297422374,0.9301291905267378,0.00039285932192450475,0.06947795015133763,0.9812930944374971,89.51937857901065,0.9719396416562457,BULL,0.9301291905267378,93.21826556883094,HIGH,0.9459752224118707,0.9,9
NIFTY50,2025-11-25,BULL,0.9973935653942506,4.655836501359942e-06,0.002601778769248009,0.9443076485514056,5.903961394892878e-05,0.05563331183464554,0.9973935653942506,91.64614728271083,0.9960903480913758,BULL,0.9443076485514056,96.25610748794867,HIGH,0.9465158212564097,1.0,10
NIFTY50,2025-11-26,BULL,0.999998548081394,1.1416550443608512e-07,1.3377531015700773e-06,0.9466018639923226,1.366309884393431e-07,0.05339799937668903,0.999998548081394,91.99027959884839,0.999997822122091,BULL,0.9466018639923226,96.26221716283958,HIGH,0.9466031023262796,1.0,11
NIFTY50,2025-11-27,BULL,0.9999987001736127,1.1054863543479604e-10,1.2997158387698948e-06,0.9466020023754697,2.7689717735431027e-08,0.05339796993481251,0.9999987001736127,91.99030035632046,0.9999980502604189,BULL,0.9466020023754697,96.2622172397621,HIGH,0.9466031034251728,1.0,12
NIFTY50,2025-11-28,BULL,0.9999946975770312,3.606968901536342e-11,5.3023868991385046e-06,0.946598477552509,1.1165591751404252e-07,0.053401410791573546,0.9999946975770312,91.98977163287634,0.9999920463655466,BULL,0.946598477552509,96.26220783480936,HIGH,0.9466029690687054,1.0,13
NIFTY50,2025-12-01,BULL,0.9999751418827963,2.218313167100028e-10,2.4857895372383938e-05,0.9465812561202712,5.224035608277424e-07,0.05341822147616804,0.9999751418827963,91.98718841804066,0.9999627128241944,BULL,0.9465812561202712,96.26216188589444,HIGH,0.9466023126556351,1.0,14
NIFTY50,2025-12-02,BULL,0.9950230288475682,8.15562556844849e-09,0.004976962996806229,0.9422202527092848,0.00010450028702963857,0.05767524700368565,0.9950230288475682,91.3330379063927,0.9925345432713522,BULL,0.9422202527092848,96.25052608824383,HIGH,0.9464360869749118,1.0,15
NIFTY50,2025-12-03,BULL,0.9884240483128329,2.1739190569297425e-06,0.011573777768110197,0.9364088763531442,0.00024505512757663794,0.06334606851927926,0.9884240483128329,90.46133145297162,0.9826360724692492,BULL,0.9364088763531442,96.23502600595428,HIGH,0.9462146572279185,1.0,16
NIFTY50,2025-12-04,BULL,0.9931518019717106,3.7934193267021115e-06,0.006844404608962731,0.9405722376568395,0.00014729661487216094,0.05928046572828839,0.9931518019717106,91.08583564852593,0.9897277029575657,BULL,0.9405722376568395,96.2461386353656,HIGH,0.9463734090766515,1.0,17
NIFTY50,2025-12-05,BULL,0.9991220168678124,1.0555158046135227e-06,0.000876927616382955,0.9458299234067543,1.9412355211670553e-05,0.054150664238034045,0.9991220168678124,91.87448851101313,0.9986830253017185,BULL,0.9458299234067543,96.2601599209054,HIGH,0.9465737131557915,1.0,18
NIFTY50,2025-12-08,BULL,0.8709579690147393,2.2000996305567523e-06,0.1290398308856301,0.8329641573858664,0.0027113014246504244,0.16432454118948317,0.8709579690147393,74.94462360787996,0.806436953522109,BULL,0.8329641573858664,95.95901988643789,HIGH,0.9422717126633984,1.0,19
NIFTY50,2025-12-09,BEAR,0.10201810242993796,0.00020909285907648237,0.8977728047109856,0.15580088327428682,0.01904716017299902,0.8251519565527141,0.8977728047109856,73.77279348290712,0.8466592070664785,BEAR,0.8251519565527141,67.15277588439696,MODERATE,0.9164682269199566,0.1,1
NIFTY50,2025-12-10,BEAR,0.0003045171004449295,0.00023760603479659154,0.9994578768647585,0.06622724845699694,0.02120909217136295,0.9125636593716402,0.9994578768647585,86.88454890574603,0.9991868152971376,BEAR,0.9125636593716402,69.91385292710275,MODERATE,0.9130550418157536,0.2,2
NIFTY50,2025-12-11,BEAR,0.0042781173056174225,0.000381858644727659,0.9953400240496549,0.06972091666243398,0.021259412056200397,0.9090196712813655,0.9953400240496549,86.35295069220484,0.9930100360744822,BEAR,0.9090196712813655,72.92354425979042,MODERATE,0.9131934894255774,0.3,3
NIFTY50,2025-12-12,BEAR,0.1438555697509698,0.001110075614400609,0.8550343546346296,0.1926092961708282,0.019004136894951052,0.7883865669342206,0.8550343546346296,68.25798504013311,0.7825515319519443,BEAR,0.7883865669342206,76.25329538344225,HIGH,0.9179042197634607,0.4,4
NIFTY50,2025-12-15,BEAR,0.25222931174592483,0.0006854995743286109,0.7470851886797465,0.28806353384527406,0.01633515699849874,0.6956013091562272,0.7470851886797465,54.34019637343408,0.6206277830196197,BEAR,0.6956013091562272,79.50689363426724,HIGH,0.9215270519181035,0.5,5
NIFTY50,2025-12-16,BEAR,0.001766436781278483,0.0002900863834589322,0.9979434768352625,0.06751262031902092,0.021227056979811927,0.9112603227011672,0.9979434768352625,86.68904840517506,0.9969152152528936,BEAR,0.9112603227011672,81.91741699279869,HIGH,0.9131059570399812,0.6,6
NIFTY50,2025-12-17,BEAR,0.00021462247572504083,0.0002362112317285012,0.9995491662925465,0.06614813848593358,0.021209686309309753,0.9126421752047567,0.9995491662925465,86.8963262807135,0.9993237494388196,BEAR,0.9126421752047567,84.91363827505313,HIGH,0.9130519753579021,0.7,7
NIFTY50,2025-12-18,BEAR,0.00025228321882539916,0.000256978159438803,0.9994907386217358,0.06618049442809631,0.021228150038827515,0.9125913555330762,0.9994907386217358,86.88870332996143,0.9992361079326036,BEAR,0.9125913555330762,87.91377782793946,HIGH,0.9130539689705637,0.8,8
NIFTY50,2025-12-19,BEAR,0.001268373008713931,0.00026475035995959133,0.9984668766313265,0.0670749955310268,0.02121402317905308,0.91171098128992,0.9984668766313265,86.756647193488,0.9977003149469897,BEAR,0.91171098128992,90.91618441135067,HIGH,0.9130883487335809,0.9,9
NIFTY50,2025-12-22,BEAR,0.4928537263367116,0.002006437973335988,0.5051398356899525,0.4999142831356502,0.01250793435086007,0.48757778251348965,0.5051398356899525,24.987142470347525,0.2577097535349287,BULL,0.4999142831356502,95.07552889284685,HIGH,0.929650412754955,1.0,10
NIFTY50,2025-12-23,BULL,0.935041153312473,0.0001986427426554026,0.0647602039448716,0.8893903833366473,0.0015479984039549824,0.10906161825939771,0.935041153312473,83.40855750049708,0.9025617299687094,BULL,0.8893903833366473,69.11007705953762,MODERATE,0.9444296722791089,0.1,1
NIFTY50,2025-12-24,BULL,0.9730968324240815,3.8815247601871095e-05,0.026864352328316604,0.9229097684181782,0.0006008255099619065,0.07648940607185996,0.9730968324240815,88.43646526272673,0.9596452486361221,BULL,0.9229097684181782,72.19910224616848,MODERATE,0.9457014606595496,0.2,2
NIFTY50,2025-12-26,BEAR,0.46883518371396765,8.100917642202319e-05,0.5310838071096103,0.4788377646995762,0.01122701277557654,0.5099352225248474,0.5310838071096103,26.490283378727103,0.2966257106644155,BEAR,0.5099352225248474,89.01435898019879,HIGH,0.9287765568599828,0.8,1
NIFTY50,2025-12-29,BEAR,0.13734013963015024,0.000586359060417932,0.8620735013094318,0.18689199419014133,0.018655356501405658,0.7944526493084529,0.8620735013094318,69.16789739626795,0.7931102519641477,BEAR,0.7944526493084529,88.23669855319295,HIGH,0.9176671221884708,0.8,2
NIFTY50,2025-12-30,BEAR,0.009541555139329598,0.0003386009969181947,0.9901198438637522,0.07435776924287861,0.021108798114962177,0.9045334326421592,0.9901198438637522,85.68001489632388,0.9851797657956283,BEAR,0.9045334326421592,87.93580522269751,HIGH,0.9133686460385358,0.8,3
NIFTY50,2025-12-31,BULL,0.8943062800844541,0.001985482216988548,0.10370823769855728,0.8534481916770784,0.004059934362883684,0.14249187396003787,0.8943062800844541,78.01722875156176,0.8414594201266812,BULL,0.8534481916770784,75.0187572304492,HIGH,0.9431251032921315,0.3,1
NIFTY50,2026-01-01,BULL,0.8629959089144729,0.00024165426543011124,0.13676243682009717,0.8259431570853952,0.0031004805051419553,0.1709563624094628,0.8629959089144729,73.89147356280928,0.7944938633717088,BULL,0.8259431570853952,77.94090047654865,HIGH,0.9420128639506951,0.4,2
NIFTY50,2026-01-02,BULL,0.9983716302763186,2.677667223871663e-05,0.0016015930514427035,0.9451681043395982,5.901468467434814e-05,0.054772880975727564,0.9983716302763186,91.77521565093971,0.9975574454144779,BULL,0.9451681043395982,81.2584600065683,HIGH,0.9465494286652615,0.5,3
NIFTY50,2026-01-05,BULL,0.9975329804492108,7.048194573156869e-07,0.002466314731331859,0.9444305762974956,5.244931390129635e-05,0.05551697438860309,0.9975329804492108,91.66458644462435,0.9962994706738162,BULL,0.9444305762974956,84.25642535197655,HIGH,0.9465203621710937,0.6,4
NIFTY50,2026-01-06,BULL,0.9965409635573123,1.1177140988910732e-06,0.003457918728588825,0.9435569556012866,7.36597142671152e-05,0.05636938468444634,0.9965409635573123,91.53354334019299,0.9948114453359682,BULL,0.9435569556012866,87.25409545775051,HIGH,0.9464870779678644,0.7,5
NIFTY50,2026-01-07,BULL,0.9980376898938298,1.1659998184765142e-06,0.0019611441063517366,0.9448750230261854,4.228043744049358e-05,0.055082696536374175,0.9980376898938298,91.73125345392779,0.9970565348407445,BULL,0.9448750230261854,87.2576123851337,HIGH,0.9465373197876243,0.7,6
NIFTY50,2026-01-08,BEAR,0.3399581258256949,1.6401881297887004e-05,0.6600254722930071,0.36534665999291205,0.013872908606597937,0.62078043140049,0.6600254722930071,43.1170647100735,0.4900382084395107,BEAR,0.62078043140049,76.71138193575456,HIGH,0.9244483133679222,0.4,1
NIFTY50,2026-01-09,BEAR,0.00023520297887386657,0.00025854471898983315,0.9995062523021364,0.06616539191552895,0.021229961104972262,0.912604646979499,0.9995062523021364,86.89069704692483,0.9992593784532044,BEAR,0.912604646979499,75.91374154698997,HIGH,0.9130534506712853,0.4,2
NIFTY50,2026-01-12,BEAR,0.0001663062990961914,0.00034156163118408334,0.9994921320697199,0.06610148340513337,0.021308378199713023,0.9125901383951537,0.9994921320697199,86.88852075927304,0.9992381981045798,BEAR,0.9125901383951537,75.9137837885275,HIGH,0.9130540541218213,0.4,3
NIFTY50,2026-01-13,BEAR,4.264153158855926e-05,0.0002807893164178721,0.9996765691519937,0.06599494858956786,0.021254628439458995,0.9127504229709731,0.9996765691519937,86.91256344564596,0.9995148537279903,BEAR,0.9127504229709731,75.91334378772811,HIGH,0.913047768396116,0.4,4
NIFTY50,2026-01-14,BEAR,1.2063864138579748e-05,0.0002702071984869391,0.9997177289373745,0.06596843328365215,0.021245459025711885,0.912786107690636,0.9997177289373745,86.91791615359537,0.9995765934060616,BEAR,0.912786107690636,78.91324592059031,HIGH,0.9130463702941474,0.5,5
NIFTY50,2026-01-16,BEAR,2.6722245471450986e-05,0.000198830450654734,0.9997744473038738,0.06598412396950999,0.021178973058016064,0.912836902972474,0.9997744473038738,86.92553544587108,0.9996616709558108,BEAR,0.912836902972474,81.91310485847777,HIGH,0.9130443551211109,0.6,6
NIFTY50,2026-01-19,BEAR,6.883468623900574e-06,0.00022352585519118067,0.999769590676185,0.06596569071539679,0.021202286357238247,0.9128320229273648,0.999769590676185,86.92480343910475,0.9996543860142775,BEAR,0.9128320229273648,84.91311896615218,HIGH,0.9130445566593172,0.7,7
NIFTY50,2026-01-20,BEAR,3.453831240814512e-08,0.002358106742450474,0.997641858719237,0.06587646113864996,0.023181544518333572,0.9109419943430166,0.997641858719237,86.64129915145249,0.9964627880788556,BEAR,0.9109419943430166,87.91835147907054,HIGH,0.9131193068438648,0.8,8
NIFTY50,2026-01-21,BEAR,3.796557576436154e-08,0.007147680228636335,0.9928522818057879,0.06568978406748668,0.02762228208845156,0.9066879338440618,0.9928522818057879,86.00319007660924,0.9892784227086818,BEAR,0.9066879338440618,90.93012831061571,HIGH,0.9132875472945103,0.9,9
NIFTY50,2026-01-22,BEAR,1.7641106665516027e-07,0.0011439575636989186,0.9988558660252345,0.06592390917926293,0.022055821686610935,0.9120202691341263,0.9988558660252345,86.80304037011892,0.9982837990378517,BEAR,0.9120202691341263,93.91536640660208,HIGH,0.9130766629514584,1.0,10
NIFTY50,2026-01-23,BEAR,7.561343297337217e-09,0.026940718581157725,0.973059273857499,0.06491829691536696,0.04597374778241248,0.8891079553022205,0.973059273857499,83.36619329533308,0.9595889107862485,BEAR,0.8891079553022205,93.97879627187793,HIGH,0.9139828038839705,1.0,11
NIFTY50,2026-01-27,BEAR,1.0689994731524568e-08,0.0015297706350504833,0.9984702186749548,0.06590872565447452,0.022413538568557267,0.9116777357769681,0.9984702186749548,86.75166036654521,0.9977053280124322,BEAR,0.9116777357769681,93.91631467213067,HIGH,0.9130902096018666,1.0,12
NIFTY50,2026-01-28,BEAR,7.324948631887394e-07,0.00027048858182710997,0.9997287789233098,0.06595844351817395,0.0212459578194351,0.9127955986623909,0.9997287789233098,86.91933979935865,0.9995931683849647,BEAR,0.9127955986623909,93.91321998752285,HIGH,0.913045999821755,1.0,13
NIFTY50,2026-01-29,BEAR,3.220939009011847e-06,0.0001313277806760024,0.9998654512803149,0.06596605890869986,0.021116880179709592,0.9129170609115905,0.9998654512803149,86.93755913673856,0.9997981769204723,BEAR,0.9129170609115905,93.91288365956231,HIGH,0.9130411951366045,1.0,14
NIFTY50,2026-01-30,BEAR,5.4896201209396095e-06,0.00021066763822872973,0.9997838427416502,0.06596496441024696,0.021190393898410764,0.9128446416913423,0.9997838427416502,86.92669625370134,0.9996757641124755,BEAR,0.9128446416913423,93.91308407469718,HIGH,0.9130440582099599,1.0,15
NIFTY50,2026-02-02,BEAR,5.52777191360987e-07,0.000578818411355422,0.9994206288114532,0.0659462676813929,0.021531835039224245,0.9125218972793827,0.9994206288114532,86.8782845919074,0.9991309432171797,BEAR,0.9125218972793827,93.91397770080667,HIGH,0.9130568242972381,1.0,16
NIFTY50,2026-02-03,BEAR,0.0012890354033122495,0.012640252901213525,0.9860707116954742,0.06661083964472411,0.03268775510202552,0.9007014052532505,0.9860707116954742,85.10521078798757,0.9791060675432112,BEAR,0.9007014052532505,93.94666241572185,HIGH,0.9135237487960266,1.0,17
NIFTY50,2026-02-04,BEAR,0.06679654714636482,0.0012026235774685611,0.9320008292761666,0.12474483157199044,0.020707812780744503,0.8545473556472651,0.9320008292761666,78.18210334708976,0.8980012439142498,BEAR,0.8545473556472651,94.07245989314607,HIGH,0.9153208556163726,1.0,18
NIFTY50,2026-02-05,BEAR,0.012400300724865938,0.00036310673410444995,0.9872365925410296,0.07687432496264747,0.021071499150573474,0.902054175886779,0.9872365925410296,85.30812638301686,0.9808548888115444,BEAR,0.902054175886779,93.94258257902894,HIGH,0.9134654654146993,1.0,19
NIFTY50,2026-02-06,BEAR,0.033710611062115564,0.0005654725994831501,0.9657239163384014,0.09563303848828701,0.02081171233628704,0.8835552491754258,0.9657239163384014,82.5332873763139,0.9485858745076019,BEAR,0.8835552491754258,93.99315230097535,HIGH,0.9141878900139337,1.0,20
NIFTY50,2026-02-09,BULL,0.5955978943390237,0.0017399688261350772,0.40266213683484114,0.5904047595800894,0.0101037399977128,0.39949150042219783,0.5955978943390237,38.56071393701341,0.39339684150853566,BULL,0.5904047595800894,68.31628827927582,MODERATE,0.9330898325610832,0.1,1
NIFTY50,2026-02-10,BULL,0.9985351763473354,5.061853988100693e-05,0.0014142051127835327,0.9453111994331479,7.768641335127548e-05,0.05461111415350079,0.9985351763473354,91.79667991497217,0.997802764521003,BULL,0.9453111994331479,72.25890290887381,MODERATE,0.9465557558410543,0.2,2
NIFTY50,2026-02-11,BULL,0.9999212119181653,2.1700929880672776e-07,7.857107253584436e-05,0.9465337550667501,1.8556714546222792e-06,0.05346438926179527,0.9999212119181653,91.98006326001251,0.999881817877248,BULL,0.9465337550667501,75.26203570147693,HIGH,0.9466005100210992,0.3,3
NIFTY50,2026-02-12,BULL,0.9967353641463303,2.441091336566998e-08,0.00326461144275633,0.9437281941392373,6.856456265109164e-05,0.05620324129811155,0.9967353641463303,91.55922912088559,0.9951030462194955,BULL,0.9437281941392373,78.25454954615793,HIGH,0.9464935649451133,0.4,4
NIFTY50,2026-02-13,BULL,0.5630793033956487,3.807926624866184e-05,0.4368826173381027,0.5618340899973304,0.00920853685766894,0.42895737314500076,0.5630793033956487,34.27511349959956,0.34461895509347307,BULL,0.5618340899973304,80.23569573114922,HIGH,0.9319385104449889,0.5,5
NIFTY50,2026-02-16,BULL,0.7692097993063196,0.0004952753288250803,0.23029492536485532,0.7433419594278712,0.00530468644052753,0.2513533541316014,0.7692097993063196,61.50129391418068,0.6538146989594794,BULL,0.7433419594278712,83.72115795390145,HIGH,0.938873685055735,0.6,6
NIFTY50,2026-02-17,BULL,0.9185065044381594,0.00012801306761779993,0.08136548249422275,0.8748321489208672,0.001829660859418905,0.12333819021971379,0.9185065044381594,81.22482233813008,0.8777597566572389,BULL,0.8748321489208672,87.07105247129418,HIGH,0.9438721781613455,0.7,7
NIFTY50,2026-02-18,BULL,0.9848534147142338,2.201545278914342e-05,0.015124569832977075,0.9332636787764198,0.0003384176676489126,0.06639790355593132,0.9848534147142338,89.98955181646295,0.9772801220713507,BULL,0.9332636787764198,90.2266849928762,HIGH,0.9460954998982315,0.8,8
NIFTY50,2026-02-19,BEAR,0.05524208150591155,0.00010182501733473546,0.9446560934767538,0.1146124720742241,0.01992977609498937,0.8654577518307865,0.9446560934767538,79.81866277461796,0.9169841402151307,BEAR,0.8654577518307865,70.04260405106639,MODERATE,0.9148943435866628,0.2,1
NIFTY50,2026-02-20,BEAR,0.06851653581006173,0.0008318449684255541,0.9306516192215126,0.12627396505164845,0.0203279273658166,0.853398107582535,0.9306516192215126,78.00971613738025,0.8959774288322689,BEAR,0.853398107582535,70.07558960646006,MODERATE,0.9153655658065721,0.2,2
NIFTY50,2026-02-23,BEAR,0.030033328975509064,0.000409160739504851,0.9695575102849862,0.09240078835723142,0.020743990251190524,0.8868552213915779,0.9695575102849862,83.02828320873668,0.9543362654274791,BEAR,0.8868552213915779,72.9841275653886,MODERATE,0.9140589652198373,0.3,3
NIFTY50,2026-02-24,BEAR,5.700618966787681e-05,0.00024283534537114542,0.9997001584649609,0.06600907791468182,0.021219137156283416,0.9127717849290348,0.9997001584649609,86.9157677393552,0.9995502376974414,BEAR,0.9127717849290348,75.9132842169239,HIGH,0.9130469173846271,0.4,4
NIFTY50,2026-02-25,BEAR,0.0006460832942228721,0.0001867531828375654,0.9991671635229395,0.06653002559429151,0.02115477180629891,0.9123152025994097,0.9991671635229395,86.84728038991145,0.9987507452844093,BEAR,0.9123152025994097,78.91453045462619,HIGH,0.913064720780374,0.5,5
NIFTY50,2026-02-26,BEAR,0.0005731627366800024,0.00016750481135367914,0.9992593324519664,0.06646655944450187,0.021138456319318766,0.9123949842361793,0.9992593324519664,86.85924763542691,0.9988889986779494,BEAR,0.9123949842361793,81.9143117868092,HIGH,0.9130615969544171,0.6,6
NIFTY50,2026-02-27,BEAR,6.596037480579609e-07,0.00046025602627375274,0.9995390843699782,0.06595098288551506,0.021421905587228663,0.9126271115272562,0.9995390843699782,86.89406672908842,0.9993086265549671,BEAR,0.9126271115272562,84.91368642517008,HIGH,0.9130526632167156,0.7,7
NIFTY50,2026-03-02,BEAR,7.616272551696124e-09,0.002998178873690936,0.9970018135100365,0.06585148975518212,0.023774999263785547,0.9103735109810323,0.9970018135100365,86.55602664715484,0.9955027202650547,BEAR,0.9103735109810323,87.91992525459685,HIGH,0.9131417893513837,0.8,8
NIFTY50,2026-03-04,BEAR,4.051570117777968e-11,0.07757142816915374,0.9224285717903306,0.06294489006862794,0.09291690447832504,0.8441382054530471,0.9224285717903306,76.62073081795707,0.8836428576854957,BEAR,0.8441382054530471,91.10328937072883,HIGH,0.9157612767246976,0.9,9
NIFTY50,2026-03-05,BEAR,7.788433961891716e-08,0.011733557102102304,0.988266365013558,0.06551107848234321,0.03187415798063753,0.9026147635370193,0.988266365013558,85.39221453055288,0.9823995475203369,BEAR,0.9026147635370193,93.94140436930742,HIGH,0.9134486338472488,1.0,10
NIFTY50,2026-03-06,BEAR,2.857417812730843e-09,0.046390250434551264,0.9536097467080309,0.0641602210251386,0.06400672481976448,0.871833054155097,0.9536097467080309,80.77495812326454,0.9304146200620463,BEAR,0.871833054155097,94.02661966395416,HIGH,0.9146659951993453,1.0,11
NIFTY50,2026-03-09,SIDE,1.9921856944306564e-13,0.9862604515988709,0.013739548400929896,0.027527509225224598,0.9354239800929676,0.0370485106818078,0.9862604515988709,90.31359701394514,0.9793906773983063,SIDE,0.9354239800929676,69.3376157191485,MODERATE,0.9476802245592644,0.1,1
NIFTY50,2026-03-10,SIDE,3.3025370880330866e-10,0.9931891237425117,0.006810875927234636,0.027257455170030944,0.941848020825072,0.03089452400489697,0.9931891237425117,91.27720312376078,0.9897836856137675,SIDE,0.941848020825072,72.354652257542,MODERATE,0.9479236036791717,0.2,2
NIFTY50,2026-03-11,SIDE,5.5583794216434106e-15,0.9999844643716154,1.5535628379052947e-05,0.02699259730903886,0.9481484409026885,0.024858961788272575,0.9999844643716154,92.22226613540326,0.999976696557423,SIDE,0.9481484409026885,75.37136095272608,HIGH,0.9481622993246583,0.3,3
NIFTY50,2026-03-12,SIDE,1.1466735382074068e-15,0.9999972476115639,2.7523884349234784e-06,0.026992099065009195,0.9481602931093602,0.024847607825630533,0.9999972476115639,92.22404396640404,0.9999958714173459,SIDE,0.9481602931093602,78.37139238474424,HIGH,0.9481627483534892,0.4,4
NIFTY50,2026-03-13,SIDE,9.691229670298596e-23,0.9999999999721471,2.785290939995146e-11,0.02699199178804062,0.948162845009082,0.02484516320287744,0.9999999999721471,92.2244267513623,0.9999999999582204,SIDE,0.948162845009082,81.37139915237492,HIGH,0.9481628450339276,0.5,5
NIFTY50,2026-03-16,SIDE,1.1310404118570272e-16,0.999999815114469,1.8488553089614952e-07,0.026991998993118157,0.9481626736150212,0.024845327391860763,0.999999815114469,92.22440104225316,0.9999997226717033,SIDE,0.9481626736150212,84.37139869783836,HIGH,0.948162838540548,0.6,6
NIFTY50,2026-03-17,SIDE,5.66566819414615e-13,0.9999517285300543,4.827146937897959e-05,0.026993873233129136,0.9481180892890553,0.024888037477815605,0.9999517285300543,92.2177133933583,0.9999275927950815,SIDE,0.9481180892890553,87.37128046033516,HIGH,0.9481611494333595,0.7,7
NIFTY50,2026-03-18,SIDE,2.9332975653787026e-10,0.9979165469577034,0.0020834527489668685,0.027073197438856868,0.946231134746589,0.02669566781455416,0.9979165469577034,91.93467021198836,0.9968748204365551,SIDE,0.946231134746589,90.36627626300383,HIGH,0.9480896609000548,0.8,8
NIFTY50,2026-03-19,SIDE,3.015936960260954e-23,0.9999999999796036,2.039626276396599e-11,0.026991991787749983,0.9481628450159955,0.02484516319625451,0.9999999999796036,92.2244267523993,0.9999999999694055,SIDE,0.9481628450159955,93.37139915239328,HIGH,0.9481628450341899,0.9,9
NIFTY50,2026-03-20,SIDE,7.084537809649648e-16,0.9999996016122564,3.9838774297785716e-07,0.026992007314655505,0.9481624756626742,0.02484551702267038,0.9999996016122564,92.22437134940111,0.9999994024183841,SIDE,0.9481624756626742,96.37139817286938,HIGH,0.9481628310409912,1.0,10
NIFTY50,2026-03-23,SIDE,2.6819933536279313e-25,0.999999999999948,5.1907214579280404e-14,0.026991991786957038,0.9481628450348581,0.02484516317818483,0.999999999999948,92.2244267552287,0.9999999999999221,SIDE,0.9481628450348581,96.37139915244333,HIGH,0.9481628450349048,1.0,11
NIFTY50,2026-03-24,SIDE,2.123004137138389e-16,0.9999999927480903,7.251909565505329e-09,0.026991992069608173,0.9481628383111701,0.0248451696192218,0.9999999927480903,92.2244257466755,0.9999999891221354,SIDE,0.9481628383111701,96.37139913461215,HIGH,0.9481628447801734,1.0,12
NIFTY50,2026-03-25,SIDE,4.431301685991251e-12,0.9999981652057769,1.8347897918357762e-06,0.026992063304437954,0.9481611438729466,0.02484679282261545,0.9999981652057769,92.22417158094197,0.9999972478086652,SIDE,0.9481611438729466,96.37139464097744,HIGH,0.9481627805853922,1.0,13
NIFTY50,2026-03-27,SIDE,1.9547121102281222e-17,0.99999999641572,3.5842799060324234e-09,0.026991991926657175,0.9481628417116779,0.024845166361664995,0.99999999641572,92.22442625675168,0.99999999462358,SIDE,0.9481628417116779,96.37139914363027,HIGH,0.9481628449090038,1.0,14
NIFTY50,2026-03-30,SIDE,3.255388801807509e-22,0.9999999999990095,9.904889486711343e-13,0.02699199178699362,0.948162845033988,0.02484516317901847,0.9999999999990095,92.22442675509818,0.9999999999985142,SIDE,0.948162845033988,96.37139915244094,HIGH,0.9481628450348708,1.0,15
NIFTY50,2026-04-01,SIDE,8.445690987205065e-16,0.9999999987421749,1.257824189526427e-09,0.026991991835981183,0.9481628438686915,0.02484516429532727,0.9999999987421749,92.22442658030373,0.9999999981132622,SIDE,0.9481628438686915,96.37139914935058,HIGH,0.9481628449907226,1.0,16
NIFTY50,2026-04-02,SIDE,1.247541442280935e-13,0.9999999626303921,3.7369483009651425e-08,0.02699199324359576,0.9481628103870118,0.02484519636939238,0.9999999626303921,92.22442155805174,0.9999999439455882,SIDE,0.9481628103870118,96.37139906055758,HIGH,0.9481628437222513,1.0,17
NIFTY50,2026-04-06,SIDE,5.2725456442814845e-11,0.9999996396804581,3.6026681635373597e-07,0.026992005877327217,0.9481625109571729,0.024845483165499973,0.9999996396804581,92.22437664357591,0.999999459520687,SIDE,0.9481625109571729,96.37139826659704,HIGH,0.9481628323799579,1.0,18
NIFTY50,2026-04-07,SIDE,1.1632323267887323e-08,0.9999979173818583,2.0709858185552404e-06,0.026992083203635973,0.9481609138544941,0.024847002941869985,0.9999979173818583,92.2241370781741,0.9999968760727874,SIDE,0.9481609138544941,96.37139405893824,HIGH,0.9481627722705465,1.0,19
NIFTY50,2026-04-08,SIDE,4.940658788978521e-12,0.9999999999950121,4.7281059475010606e-14,0.02699199179150034,0.9481628450301779,0.024845163178321788,0.9999999999950121,92.22442675452666,0.999999999992518,SIDE,0.9481628450301779,96.37139915244278,HIGH,0.9481628450348968,1.0,20
NIFTY50,2026-04-09,SIDE,1.3396710564650762e-07,0.9999998614096522,4.623242004004899e-09,0.0269921151647969,0.9481627137257538,0.024845171109449303,0.9999998614096522,92.22440705886306,0.9999997921144785,SIDE,0.9481627137257538,96.37139912644923,HIGH,0.9481628446635606,1.0,21
NIFTY50,2026-04-10,SIDE,5.058717755846365e-07,0.9999994940274156,1.00808787466522e-10,0.02699245699621214,0.9481623652926179,0.02484517771117007,0.9999994940274156,92.22435479389264,0.9999992410411233,SIDE,0.9481623652926179,96.37139909696504,HIGH,0.9481628442423579,1.0,22
NIFTY50,2026-04-13,SIDE,9.373663393130732e-07,0.9999990606433645,1.990296199183275e-09,0.026992853877071694,0.9481619544136332,0.02484519170929516,0.9999990606433645,92.22429316204496,0.9999985909650466,SIDE,0.9481619544136332,96.37139904520897,HIGH,0.9481628435029853,1.0,23
NIFTY50,2026-04-15,SIDE,7.684768350943767e-07,0.9999992315209809,2.1840025247354054e-12,0.02699269848691025,0.9481621163916992,0.0248451851213905,0.9999992315209809,92.22431745875487,0.9999988472814714,SIDE,0.9481621163916992,96.37139906853666,HIGH,0.9481628438362382,1.0,24
NIFTY50,2026-04-16,SIDE,4.9665219169596696e-05,0.9999503347049197,7.591079657256622e-11,0.02703766447949079,0.9481157542490319,0.024846581271477357,0.9999503347049197,92.2173631373548,0.9999255020573795,SIDE,0.9481157542490319,96.37139372986483,HIGH,0.9481627675694977,1.0,25
NIFTY50,2026-04-17,SIDE,5.965435179349932e-05,0.9999403456289498,1.925656483482538e-11,0.027046850595074976,0.9481062829771547,0.02484686642777034,0.9999403456289498,92.21594244657321,0.9999105184434249,SIDE,0.9481062829771547,96.37139263940205,HIGH,0.9481627519914577,1.0,26
NIFTY50,2026-04-20,SIDE,6.851399633595084e-05,0.9999314858921049,1.1155906578299108e-10,0.027054998026625518,0.9480978825058021,0.024847119467572436,0.9999314858921049,92.2146823758703,0.9998972288381573,SIDE,0.9480978825058021,96.37139167188916,HIGH,0.948162738169845,1.0,27
NIFTY50,2026-04-21,SIDE,6.93370192350965e-05,0.9999306629805528,2.1209108828398598e-13,0.02705575488332471,0.9480971022493061,0.024847142867369262,0.9999306629805528,92.21456533739591,0.9998959944708293,SIDE,0.9480971022493061,96.3713915823063,HIGH,0.9481627368900899,1.0,28
NIFTY50,2026-04-22,SIDE,0.0028616942015327464,0.9971383054892634,3.092037428877295e-10,0.029623637709693843,0.9454494926333276,0.0249268696569785,0.9971383054892634,91.81742389499912,0.9957074582338953,SIDE,0.9454494926333276,96.37108671517605,HIGH,0.9481583816453721,1.0,29
NIFTY50,2026-04-23,SIDE,0.0019259478340741304,0.9980740022417818,4.9924144014085023e-08,0.028763116845489278,0.9463366865696822,0.024900196584828546,0.9980740022417818,91.9505029854523,0.9971110033626727,SIDE,0.9463366865696822,96.37118875690109,HIGH,0.9481598393843013,1.0,30
NIFTY50,2026-04-24,SIDE,0.001146914243271928,0.9988189956983007,3.409005842733859e-05,0.028048035625226286,0.9470437763636305,0.024908188011143265,0.9988189956983007,92.05656645454455,0.998228493547451,SIDE,0.9470437763636305,96.37119011145221,HIGH,0.9481598587350317,1.0,31
NIFTY50,2026-04-27,SIDE,0.022107811334281486,0.9778629052929676,2.9283372750977813e-05,0.04732372306742414,0.9271738891530743,0.0255023877795015,0.9778629052929676,89.07608337296115,0.9667943579394512,SIDE,0.9271738891530743,96.36891344352831,HIGH,0.9481273349075473,1.0,32
NIFTY50,2026-04-28,SIDE,0.02640976911168155,0.9730991040967942,0.0004911267915241591,0.051297852399426094,0.9226667263469954,0.026035421253578512,0.9730991040967942,88.40000895204932,0.9596486561451913,SIDE,0.9226667263469954,96.36730815885586,HIGH,0.9481044022693693,1.0,33
NIFTY50,2026-04-29,SIDE,0.098597435962293,0.8987894285694965,0.002613135468210488,0.11776514425927498,0.8522536049714569,0.029981250769268202,0.8987894285694965,77.83804074571853,0.8481841428542446,SIDE,0.8522536049714569,96.35420909927481,HIGH,0.9479172728467831,1.0,34
NIFTY50,2026-04-30,SIDE,0.1262870624730869,0.7952775992517678,0.07843533827514519,0.14618410634716444,0.755699435568963,0.09811645808387255,0.7952775992517678,63.35491533534445,0.692916398877652,SIDE,0.755699435568963,96.16475085920379,HIGH,0.9452107265600543,1.0,35
NIFTY50,2026-05-04,SIDE,0.37718050301054784,0.40909487527035293,0.21372462171909923,0.3821815954201488,0.39237574889529375,0.22544265568455749,0.40909487527035293,8.856362334294063,0.11364231290552941,SIDE,0.39237574889529375,95.80470308952196,HIGH,0.9400671869931709,1.0,36
NIFTY50,2026-05-05,BEAR,0.2589907947950897,0.13224142596141247,0.6087677792434978,0.28889036141506336,0.1381675988543476,0.572942039730589,0.6087677792434978,35.94130595958835,0.41315166886524685,BEAR,0.572942039730589,67.84625662883967,MODERATE,0.9263750946977095,0.1,1
NIFTY50,2026-05-06,BULL,0.7665230720490148,0.06780785594268983,0.1656690720082954,0.7383523352348402,0.06777114263855152,0.19387652212660836,0.7665230720490148,60.75285028522603,0.6497846080735222,BULL,0.7383523352348402,68.88035630717579,MODERATE,0.9411479472453683,0.1,1
NIFTY50,2026-05-07,BULL,0.9514751554578542,0.006592839960878603,0.041932004581267154,0.9036135151622622,0.007131456367660967,0.08925502847007687,0.9514751554578542,85.54202727433933,0.9272127331867813,BULL,0.9036135151622622,72.16441384007793,MODERATE,0.9452059120011133,0.2,2
NIFTY50,2026-05-08,BEAR,0.37632683515438736,0.000516067272629073,0.6231570975729837,0.39735473614192374,0.013572614430995292,0.5890726494270809,0.6231570975729837,38.36089741406214,0.4347356463594755,BEAR,0.5890726494270809,70.79806489638887,MODERATE,0.9256866413769838,0.2,1
NIFTY50,2026-05-11,BEAR,6.706090507823397e-05,0.00031923718008066267,0.9996137019148411,0.066014954582437,0.021289763365992042,0.9126952820515708,0.9996137019148411,86.90429230773562,0.9994205528722615,BEAR,0.9126952820515708,72.91349570250188,MODERATE,0.9130499386071697,0.3,2
NIFTY50,2026-05-12,BEAR,1.0527794735881913e-08,0.006744485949441754,0.9932555035227635,0.06570547494589474,0.027248453968105442,0.9070460710859997,0.9932555035227635,86.05691066289997,0.9898832552841452,BEAR,0.9070460710859997,75.92913685351529,HIGH,0.913273383621647,0.4,3
NIFTY50,2026-05-13,BEAR,3.452271934525706e-07,0.0009629521958041398,0.9990367025770024,0.06593111277306934,0.02188799581886826,0.9121808914080625,0.9990367025770024,86.82713371120937,0.9985550538655036,BEAR,0.9121808914080625,78.9149217389433,HIGH,0.913070310556333,0.5,4
NIFTY50,2026-05-14,BEAR,5.3205111175665424e-05,0.0003979390169578936,0.9995488558718665,0.0659996851777756,0.021363024068886505,0.9126372907533379,0.9995488558718665,86.89559361300067,0.9993232838077996,BEAR,0.9126372907533379,81.91365666169348,HIGH,0.9130522380241927,0.6,5
NIFTY50,2026-05-15,BEAR,6.968233749014992e-05,0.0001586466380553329,0.9997716710244545,0.06602352234012512,0.021140813971450397,0.9128356636884245,0.9997716710244545,86.92534955326367,0.9996575065366816,BEAR,0.9128356636884245,84.91310699458738,HIGH,0.9130443856369628,0.7,6
NIFTY50,2026-05-18,BEAR,4.90966170769563e-05,0.00012613857397802635,0.999824764808945,0.06600666088388546,0.021111105746746326,0.9128822333693682,0.999824764808945,86.93233500540524,0.9997371472134173,BEAR,0.9128822333693682,87.91297869267453,HIGH,0.9130425527524932,0.8,7
NIFTY50,2026-05-19,BEAR,5.840201783782287e-05,0.00012977741322253028,0.9998118205689397,0.06601471371500911,0.021114284192207056,0.9128710020927839,0.9998118205689397,86.9306503139176,0.9997177308534095,BEAR,0.9128710020927839,87.91300950461395,HIGH,0.9130429929230566,0.8,8
NIFTY50,2026-05-20,BEAR,6.287124749831252e-05,0.00010428636946690256,0.9998328423830348,0.06601964302203003,0.021090555888512684,0.9128898010894572,0.9998328423830348,86.93347016341859,0.9997492635745521,BEAR,0.9128898010894572,90.91295732726556,HIGH,0.9130422475323653,0.9,9
NIFTY50,2026-05-21,BEAR,0.00015778651543520283,9.873590666377797e-05,0.999743477577901,0.06610344504736723,0.021083416915327946,0.9128131380373048,0.999743477577901,86.92197070559573,0.9996152163668516,BEAR,0.9128131380373048,93.91316669881643,HIGH,0.9130452385545204,1.0,10
NIFTY50,2026-05-22,BEAR,0.0003392291100427415,0.00011736033664886735,0.9995434105533084,0.06626250379916901,0.0210968754637234,0.9126406207371075,0.9995434105533084,86.89609311056614,0.9993151158299625,BEAR,0.9126406207371075,93.9136388231193,HIGH,0.9130519831874185,1.0,11
NIFTY50,2026-05-25,BEAR,0.1486079401550239,0.0022778328442993882,0.8491142270006767,0.19674888404562002,0.019987066739273376,0.7832640492151066,0.8491142270006767,67.48960738226599,0.7736713405010149,BEAR,0.7832640492151066,94.26733320707392,HIGH,0.9181047601010562,1.0,12
NIFTY50,2026-05-26,BEAR,0.00971066763495975,0.00030920933472370325,0.9899801230303166,0.07450784117234242,0.021077996568228848,0.9044141622594288,0.9899801230303166,85.66212433891432,0.9849701845454747,BEAR,0.9044141622594288,93.9361303111972,HIGH,0.9133732901599603,1.0,13
NIFTY50,2026-05-27,BEAR,0.002286119758170535,0.00021175147385409996,0.9975021287679754,0.06797332444532636,0.021143516544917435,0.9108831590097561,0.9975021287679754,86.63247385146342,0.9962531931519629,BEAR,0.9108831590097561,93.91844546132346,HIGH,0.9131206494474781,1.0,14
NIFTY50,2026-05-29,BEAR,5.428602146466349e-15,1.97309591324476e-08,0.9999999802690356,0.06596834034612087,0.020995203226710113,0.913036456427169,0.9999999802690356,86.95546846407534,0.9999999704035534,BEAR,0.913036456427169,93.91255322515823,HIGH,0.9130364746451177,1.0,15
NIFTY50,2026-06-01,BEAR,6.380908229789607e-06,0.0001641328844283334,0.9998294862073419,0.06596756306439777,0.021147229666857816,0.9128852072687443,0.9998294862073419,86.93278109031165,0.9997442293110127,BEAR,0.9128852072687443,93.91297174713542,HIGH,0.9130424535305061,1.0,16
NIFTY50,2026-06-02,BEAR,0.0010703209459976303,0.00029232774935098615,0.9986373513046514,0.06689950912524872,0.021243750182271034,0.9118567406924803,0.9986373513046514,86.77851110387203,0.997956026956977,BEAR,0.9118567406924803,93.91578686348439,HIGH,0.9130826694783485,1.0,17
NIFTY50,2026-06-03,BEAR,0.0001968536439807018,0.0001917936142068837,0.9996113527418125,0.06613422187081555,0.021168876790708162,0.9126969013384764,0.9996113527418125,86.90453520077143,0.9994170291127187,BEAR,0.9126969013384764,93.9134873081334,HIGH,0.9130498186876201,1.0,18
NIFTY50,2026-06-04,BEAR,5.2565484729435073e-05,0.00010558667969723064,0.9998418478355733,0.06601051672728825,0.02109197786549849,0.9128975054072133,0.9998418478355733,86.93462581108199,0.9997627717533599,BEAR,0.9128975054072133,93.91293630941627,HIGH,0.9130419472773751,1.0,19
NIFTY50,2026-06-05,BEAR,2.9380512433743235e-05,9.538337139657767e-05,0.9998752361161697,0.06599049692141863,0.021083004460790193,0.9129264986177912,0.9998752361161697,86.93897479266867,0.9998128541742544,BEAR,0.9129264986177912,93.91285674408567,HIGH,0.9130408106297953,1.0,20
NIFTY50,2026-06-08,BEAR,4.07933492242047e-07,0.00032248862522135923,0.9996771034412865,0.06595613092627763,0.02129417739222006,0.9127496916815022,0.9996771034412865,86.91245375222535,0.9995156551619295,BEAR,0.9127496916815022,93.9133470850091,HIGH,0.9130478155001299,1.0,21
NIFTY50,2026-06-09,BEAR,1.793372428552153e-05,0.00015936225941242472,0.999822704016302,0.06597792281787017,0.02114256394411844,0.9128795132380115,0.999822704016302,86.93192698570171,0.9997340560244532,BEAR,0.9128795132380115,93.91298716217531,HIGH,0.9130426737453617,1.0,22
NIFTY50,2026-06-10,BEAR,8.224958721097034e-06,0.00015238929457271424,0.9998393857467063,0.06596964472170491,0.021136302673949645,0.9128940526043455,0.9998393857467063,86.93410789065182,0.9997590786200594,BEAR,0.9128940526043455,93.91294720436156,HIGH,0.9130421029194511,1.0,23
NIFTY50,2026-06-11,BEAR,3.6413716077804723e-06,0.0001724403323190999,0.9998239182960731,0.06596482673910527,0.021154989580957313,0.9128801836799375,0.9998239182960731,86.93202755199061,0.9997358774441096,BEAR,0.9128801836799375,93.91298573687112,HIGH,0.9130426533838732,1.0,24
NIFTY50,2026-06-12,BEAR,0.005709587604540462,0.003093991483697526,0.9911964209117621,0.07087581019437444,0.023743959931167784,0.9053802298744578,0.9911964209117621,85.80703448116867,0.9867946313676431,BEAR,0.9053802298744578,93.93357645539773,HIGH,0.9133368065056818,1.0,25
NIFTY50,2026-06-15,BEAR,0.10962043110308035,0.002052756836492176,0.8883268120604275,0.16242389921880115,0.02059693349480034,0.8169791672863986,0.8883268120604275,72.5468750929598,0.8324902180906413,BEAR,0.8169791672863986,94.17517211184455,HIGH,0.9167881730263505,1.0,26
NIFTY50,2026-06-16,BULL,0.8082560300006962,0.001065289210972907,0.19067868078833083,0.7777052121577915,0.005013402055108554,0.2172813857870999,0.8082560300006962,66.65578182366872,0.7123840450010444,BULL,0.7777052121577915,68.81430517454737,MODERATE,0.9402043596363912,0.1,1
NIFTY50,2026-06-17,BULL,0.9975959312954554,3.437153255766603e-05,0.0023696971719868827,0.9444847007981914,8.234233686999894e-05,0.055432956864938716,0.9975959312954554,91.6727051197287,0.9963938969431831,BULL,0.9444847007981914,72.25665604677198,MODERATE,0.9465236578110285,0.2,2
NIFTY50,2026-06-18,BULL,0.9999915874714154,1.2397884872207976e-07,8.288549735835901e-06,0.9465957338544165,2.9186889557539906e-07,0.05340397427668789,0.9999915874714154,91.98936007816246,0.999987381207123,BULL,0.9465957338544165,75.2622008318527,HIGH,0.9466028690264672,0.3,3
NIFTY50,2026-06-19,BULL,0.9998736876078717,1.348472887561854e-09,0.0001263110436555554,0.9464919119106489,2.6534993805805034e-06,0.05350543458997048,0.9998736876078717,91.97378678659734,0.9998105314118073,BULL,0.9464919119106489,78.26192350489104,HIGH,0.9465989072127292,0.4,4
NIFTY50,2026-06-22,BULL,0.9999288548577712,7.400758791281977e-09,7.113774147005217e-05,0.9465404938751624,1.5008642668554773e-06,0.05345800526057081,0.9999288548577712,91.98107408127434,0.9998932822866567,BULL,0.9465404938751624,81.26205314444569,HIGH,0.946600759206367,0.5,5
NIFTY50,2026-06-23,BULL,0.9724194532946959,1.0154244371959038e-07,0.027580445162860363,0.922314753698922,0.0005791531144263457,0.07710609318665174,0.9724194532946959,88.3472130548383,0.9586291799420439,BULL,0.922314753698922,84.1974154396643,HIGH,0.9456773634237758,0.6,6
NIFTY50,2026-06-24,BULL,0.9997506582004154,2.4791513391700386e-06,0.000246862648245371,0.9463834713565792,7.533863191464676e-06,0.053608994780229326,0.9997506582004154,91.95752070348686,0.9996259873006231,BULL,0.9463834713565792,87.26164051927351,HIGH,0.9465948645610502,0.7,7
NIFTY50,2026-06-25,BULL,0.9999239633451001,1.7864113105571563e-08,7.601879078671088e-05,0.9465361858310273,1.6132637622667103e-06,0.05346220090521049,0.9999239633451001,91.9804278746541,0.99988594501765,BULL,0.9465361858310273,90.26204167674697,HIGH,0.9466005953820997,0.8,8
NIFTY50,2026-06-29,BULL,0.9991128336115382,1.789238767619181e-08,0.0008871484960740784,0.9458218767544202,1.8643108497154905e-05,0.054159480137082675,0.9991128336115382,91.87328151316304,0.9986692504173074,BULL,0.9458218767544202,93.26013579195396,HIGH,0.9465733684564851,0.9,9
NIFTY50,2026-06-30,BULL,0.9979952323653675,1.5867122230068184e-07,0.002004608963410255,0.9448376727108386,4.2237878592264706e-05,0.05512008941056915,0.9979952323653675,91.72565090662577,0.996992848548051,BULL,0.9448376727108386,96.25751014720933,HIGH,0.9465358592458478,1.0,10
NIFTY50,2026-07-01,BULL,0.9999079238957984,1.0318253149737167e-07,9.197292167012127e-05,0.9465220576083034,2.0291194401565715e-06,0.0534759132722563,0.9999079238957984,91.97830864124553,0.9998618858436976,BULL,0.9465220576083034,96.26200419916522,HIGH,0.9466000599880746,1.0,11
NIFTY50,2026-07-02,BULL,0.9999965301349384,2.3242066302729587e-09,3.467540855006772e-06,0.9466000912776027,7.530251247082692e-08,0.05339983341988485,0.9999965301349384,91.9900136916404,0.9999947952024074,BULL,0.9466000912776027,96.26221214633661,HIGH,0.9466030306619517,1.0,12
NIFTY50,2026-07-03,BULL,0.9999918724249066,7.681617914640457e-11,8.127498277201333e-06,0.9465959896236279,1.7100828682082034e-07,0.05340383936808534,0.9999918724249066,91.98939844354416,0.9999878086373599,BULL,0.9465959896236279,96.26220119674251,HIGH,0.9466028742391788,1.0,13
NIFTY50,2026-07-06,BULL,0.9999981063679935,1.7089200117224372e-10,1.893461114528509e-06,0.9466014794472216,4.0212724763863e-08,0.053398480340053615,0.9999981063679935,91.99022191708323,0.9999971595519902,BULL,0.9466014794472216,96.26221584466492,HIGH,0.9466030834952133,1.0,14
NIFTY50,2026-07-07,BULL,0.9999795922479129,5.496142417948477e-11,2.040769712574035e-05,0.946585175273196,4.2881260714208953e-07,0.05341439591419699,0.9999795922479129,91.9877762909794,0.9999693883718693,BULL,0.946585175273196,96.2621723423607,HIGH,0.9466024620337244,1.0,15
NIFTY50,2026-07-08,BEAR,0.028710119367994173,4.899493279858387e-07,0.9712893906826778,0.09125145241678177,0.020392864940931642,0.8883556826422867,0.9712893906826778,83.253352396343,0.9569340860240168,BEAR,0.8883556826422867,66.98001360475706,MODERATE,0.9140001943536723,0.1,1
NIFTY50,2026-07-09,BEAR,0.008408722547387254,0.00025805866078987695,0.9913332187918228,0.07336329667934302,0.02105790589506407,0.905578797425593,0.9913332187918228,85.83681961383893,0.9869998281877344,BEAR,0.905578797425593,69.93294540200804,MODERATE,0.9133277914572578,0.2,2
NIFTY50,2026-07-10,BEAR,0.4078266322890192,0.001960000349050704,0.5902133673619301,0.42503827463864147,0.014250038425977192,0.5607116869353814,0.5902133673619301,34.10675304030721,0.38532005104289513,BEAR,0.5607116869353814,73.87562934294274,MODERATE,0.9267947048991823,0.3,3
NIFTY50,2026-07-13,BULL,0.7612318546452096,0.00025315058018378643,0.2385149947746066,0.7363257408182426,0.005247694625050193,0.25842656455670726,0.7612318546452096,60.448861122736396,0.6418477819678143,BULL,0.7363257408182426,86.70181709220607,HIGH,0.9385973870315154,0.7,1
NIFTY50,2026-07-14,BULL,0.665884282359778,0.00018615769318503484,0.33392955994703694,0.6523619611402656,0.0071874208714643095,0.3404506179882702,0.665884282359778,47.85429417103983,0.49882642353966705,BULL,0.6523619611402656,86.47761731173001,HIGH,0.9353945330247146,0.7,2
NIFTY50,2026-07-15,BULL,0.5087558863888592,0.00016024584601018028,0.49108386776513063,0.5139902365964337,0.010462335929667546,0.47554742747389883,0.5087558863888592,27.098535489465057,0.26313382958328874,BULL,0.5139902365964337,86.10835417332797,HIGH,0.9301193453332569,0.7,3
NIFTY50,2026-07-16,BEAR,0.22153871272894454,0.00018629819050897253,0.7782749890805466,0.2610557811833868,0.016516668412483993,0.7224275504041293,0.7782749890805466,58.364132560619396,0.6674124836208198,BEAR,0.7224275504041293,76.43355348364204,HIGH,0.9204793354806007,0.4,1
NIFTY50,2026-07-17,BULL,0.9818086066510107,0.00029560205504746887,0.017895791293941882,0.9305716514115668,0.000656004624967618,0.0687723439634656,0.9818086066510107,89.58574771173501,0.9727129099765158,BULL,0.9305716514115668,84.22020341480842,HIGH,0.9460029059258346,0.6,1
NIFTY50,2026-07-20,BULL,0.9965467764792802,3.991879662915139e-06,0.003449231641056809,0.9435619626382147,7.620250425786666e-05,0.05636183485752743,0.9965467764792802,91.53429439573219,0.9948201647189202,BULL,0.9435619626382147,84.25411618331253,HIGH,0.946487374047322,0.6,2
NIFTY50,2026-07-21,BULL,0.9825504174467696,9.023497910403221e-07,0.017448680203439225,0.931236402136391,0.0003671941341905348,0.06839640372941842,0.9825504174467696,89.68546032045866,0.9738256261701544,BULL,0.931236402136391,84.22122180205793,HIGH,0.9460174543151133,0.6,3
NIFTY50,2026-07-22,BEAR,0.19390588275761378,3.369979261725016e-05,0.806060417449769,0.23672729705255754,0.016955340480229765,0.7463173624672127,0.806060417449769,61.9476043700819,0.7090906261746535,BEAR,0.7463173624672127,76.36825031575202,HIGH,0.9195464330821719,0.4,1
NIFTY50,2026-07-23,BEAR,0.0006561914454889286,0.00011574398989877006,0.9992280645646123,0.06654169486322957,0.021088722156533953,0.9123695829802366,0.9992280645646123,86.85543744703548,0.9988420968469185,BEAR,0.9123695829802366,75.91437960474852,HIGH,0.9130625657821217,0.4,2
NIFTY50,2026-07-24,BEAR,1.517862928092307e-05,0.00013453931112909764,0.99985028205959,0.06597646409321911,0.021119606752970064,0.9129039291538108,0.99985028205959,86.93558937307162,0.999775423089385,BEAR,0.9129039291538108,75.91291965281269,HIGH,0.9130417093258955,0.4,3
NIFTY50,2026-07-27,BEAR,0.001424321334379333,0.0002868097742310697,0.9982888688913895,0.06721146925909874,0.021231201790675426,0.9115573289502259,0.9982888688913895,86.73359934253388,0.9974333033370844,BEAR,0.9115573289502259,78.91660507870549,HIGH,0.9130943582672212,0.5,4
NIFTY50,2026-07-28,BEAR,0.009118074845328858,0.0002480986005632758,0.9906338265541078,0.07398836520936851,0.02103377826686227,0.9049778565237693,0.9906338265541078,85.74667847856537,0.9859507398311615,BEAR,0.9049778565237693,81.93458765352291,HIGH,0.9133512521931844,0.6,5
NIFTY50,2026-07-29,BULL,0.5480049138195869,0.0020644590311943594,0.4499306271492188,0.5484800769728067,0.011403820235231439,0.44011610279196184,0.5480049138195869,32.272011545920996,0.3220073707293804,BULL,0.5484800769728067,77.20525848938388,HIGH,0.9315036927054839,0.4,1
NIFTY50,2026-07-30,BULL,0.9332809261614755,0.00013825538499556093,0.06658081845352891,0.8878426197198709,0.0015289654928896826,0.1106284147872395,0.9332809261614755,83.17639295798061,0.8999213892422131,BULL,0.8878426197198709,81.10579262847108,HIGH,0.9443684661210154,0.5,2
NIFTY50,2026-07-31,BULL,0.9965444435364161,7.660793811099862e-06,0.0034478956697727835,0.9435597651666489,7.965318336993212e-05,0.0563605816499813,0.9965444435364161,91.53396477499732,0.9948166653046242,BULL,0.9435597651666489,81.25411972296818,HIGH,0.9464874246138313,0.5,3
NIFTY50,2026-08-03,BULL,0.9999995110566681,3.043970705748812e-07,1.845462613436004e-07,0.9466027046073342,2.9278970081474626e-07,0.05339700260296501,0.9999995110566681,91.99040569110014,0.9999992665850019,BULL,0.9466027046073342,81.26221989326106,HIGH,0.9466031413323008,0.5,4
NIFTY50,2026-08-04,BULL,0.9999762952219008,7.118453379530238e-10,2.370406625397839e-05,0.9465822717717305,4.986433185371401e-07,0.053417229584950904,0.9999762952219008,91.98734076575957,0.999964442832851,BULL,0.9465822717717305,81.26216459706231,HIGH,0.9466023513866043,0.5,5
NIFTY50,2026-08-05,BULL,0.9999890230219977,4.6338147674807506e-10,1.0976514620870072e-05,0.9465934803251832,2.3119043783845895e-07,0.053406288484379,0.9999890230219977,91.98902204877749,0.9999835345329965,BULL,0.9465934803251832,84.2621945025447,HIGH,0.9466027786077816,0.6,6
NIFTY50,2026-08-06,BULL,0.9999451523238154,3.524268645442934e-10,5.4847323757762846e-05,0.9465548462657276,1.1521609727433418e-06,0.05344400157329955,0.9999451523238154,91.98322693985914,0.9999177284857231,BULL,0.9465548462657276,87.26209142073496,HIGH,0.9466013060104995,0.7,7
NIFTY50,2026-08-07,BULL,0.9997686762295173,2.7904368271996366e-09,0.00023132098004601946,0.9463994351796481,4.859569600310051e-06,0.053595705250751545,0.9997686762295173,91.95991527694721,0.9996530143442759,BULL,0.9463994351796481,90.26167676665396,HIGH,0.946595382380771,0.8,8
NIFTY50,2026-08-10,BULL,0.999900171153854,7.617254365964264e-09,9.98212288916616e-05,0.9465152339986915,2.1032846543272616e-06,0.05348266271665421,0.999900171153854,91.97728509980372,0.999850256730781,BULL,0.9465152339986915,93.26198574782212,HIGH,0.9465997963974588,0.9,9
NIFTY50,2026-08-11,BULL,0.9996470065121116,6.6503935009181784e-09,0.00035298683749486443,0.9462922884412253,7.417626608806877e-06,0.05370029393216589,0.9996470065121116,91.94384326618379,0.9994705097681672,BULL,0.9462922884412253,96.26139089281087,HIGH,0.9465912984687268,1.0,10
NIFTY50,2026-08-12,BULL,0.9998521612076307,1.668640829486259e-08,0.0001478221059610637,0.9464729544155336,3.1196709658624015e-06,0.053523925913500615,0.9998521612076307,91.97094316233002,0.9997782418114458,BULL,0.9464729544155336,96.26187296272985,HIGH,0.946598185181855,1.0,11
NIFTY50,2026-08-13,BULL,0.9998595765073356,8.817669443724874e-09,0.00014041467499495931,0.946479484893245,2.956689739239412e-06,0.05351755841701588,0.9998595765073356,91.97192273398674,0.9997893647610032,BULL,0.946479484893245,96.2618903668677,HIGH,0.9465984338123956,1.0,12
NIFTY50,2026-08-14,BULL,0.998282447347587,1.7770254142599298e-08,0.001717534882158869,0.945090609712773,3.607710818947933e-05,0.05487331317903748,0.998282447347587,91.76359145691593,0.9974236710213803,BULL,0.945090609712773,96.25818466035476,HIGH,0.9465454951479253,1.0,13
NIFTY50,2026-08-17,BULL,0.9785999793497577,7.489269120844926e-07,0.02139927172333018,0.9277575148293266,0.0004499920626974283,0.07179249310797603,0.9785999793497577,89.16362722439897,0.9678999690246366,BULL,0.9277575148293266,96.21193921032037,HIGH,0.9458848458617196,1.0,14
NIFTY50,2026-08-18,BEAR,0.11663928066757895,3.422744214219889e-05,0.8833264918902789,0.16868361734973764,0.01857805627685686,0.8127383263734055,0.8833264918902789,71.91074895601082,0.8249897378354182,BEAR,0.8127383263734055,67.1867008189871,MODERATE,0.9169528688426728,0.1,1
NIFTY50,2026-08-19,BEAR,0.0003727765876485277,0.0001214087944882346,0.9995058146178633,0.06629188908149308,0.021099924727418954,0.9126081861910881,0.9995058146178633,86.8912279286632,0.9992587219267949,BEAR,0.9126081861910881,69.91372760305856,MODERATE,0.9130532514722652,0.2,2
NIFTY50,2026-08-20,BEAR,0.0026187549469013946,0.0002626106464235259,0.997118634406675,0.06826427226532555,0.021183687787739634,0.9105520399469348,0.997118634406675,86.5828059920402,0.9956779516100124,BEAR,0.9105520399469348,72.9193520981602,MODERATE,0.9131336014022887,0.3,3
NIFTY50,2026-08-21,BEAR,8.410510630172221e-08,1.8812148587385572e-05,0.9999811037463063,0.06596768195216585,0.021012625182788038,0.913019692865046,0.9999811037463063,86.9529539297569,0.9999716556194593,BEAR,0.913019692865046,75.91259963043764,HIGH,0.9130371375776806,0.4,4
