symbol,Date,regime,bull_probability,side_probability,bear_probability,next_bull_probability,next_side_probability,next_bear_probability,current_confidence,decision_confidence,posterior_concentration,next_regime,next_confidence,stickiness_score,stickiness_level,stay_probability,recent_consistency,regime_streak_days
NIFTYIT,2011-05-31,BULL,1.0,0.0,0.0,0.7718175075805669,0.17005541374038188,0.05812707867905122,1.0,65.77262613708503,1.0,BULL,0.7718175075805669,84.02722553063968,HIGH,0.7718175075805669,1.0,1
NIFTYIT,2011-06-01,SIDE,0.021832426601435292,0.9661925621746839,0.011975011223880878,0.061279802890027366,0.8924681070155785,0.04625209009439409,0.9661925621746839,83.87021605233677,0.9492888432620258,SIDE,0.8924681070155785,79.11686221723511,HIGH,0.9159551745319301,0.5,1
NIFTYIT,2011-06-02,SIDE,0.0002665209921261028,0.9799005822270013,0.01983289678087261,0.04545307726907844,0.9018380456629002,0.05270887706802144,0.9799005822270013,85.27570684943501,0.9698508733405019,SIDE,0.9018380456629002,84.33970017225445,HIGH,0.9191385738893494,0.6666666666666666,2
NIFTYIT,2011-06-03,SIDE,0.00021382729594038001,0.9823994834453967,0.017386689258662887,0.04546678123682973,0.903989809050334,0.050543409712836294,0.9823994834453967,85.5984713575501,0.9735992251680949,SIDE,0.903989809050334,86.84011829110736,HIGH,0.9191445470158195,0.75,3
NIFTYIT,2011-06-06,SIDE,0.00023500302712477333,0.9979051539719362,0.0018598430009389877,0.04581200722965444,0.9173813139522462,0.03680667881809941,0.9979051539719362,87.60719709283693,0.9968577309579042,SIDE,0.9173813139522462,88.33910408678744,HIGH,0.9191300583826779,0.8,4
NIFTYIT,2011-06-07,SIDE,0.0004451770747148339,0.9994279862123765,0.0001268367129087,0.046001437977930784,0.9187203147046255,0.03527824731744379,0.9994279862123765,87.80804720569381,0.9991419793185647,SIDE,0.9187203147046255,89.3368474868088,HIGH,0.9190978212401256,0.8333333333333334,5
NIFTYIT,2011-06-08,SIDE,0.00018050356746070588,0.9995317628343833,0.0002877335981558836,0.04580583078375328,0.918779649924478,0.035414519291768656,0.9995317628343833,87.8169474886717,0.9992976442515751,SIDE,0.918779649924478,90.05387134486983,HIGH,0.9191369375797731,0.8571428571428571,6
NIFTYIT,2011-06-09,SIDE,0.00016890624160312008,0.9990887447343941,0.0007423490240026754,0.04578775177255652,0.9183957790247307,0.03581646920271276,0.9990887447343941,87.75936685370958,0.9986331171015912,SIDE,0.9183957790247307,90.58972854809187,HIGH,0.9191389792584552,0.875,7
NIFTYIT,2011-06-10,SIDE,0.0001875601058991174,0.9994868453697009,0.0003255945243999178,0.045810150484144455,0.9187416710618052,0.03544817845405037,0.9994868453697009,87.81125065927075,0.9992302680545512,SIDE,0.9187416710618052,91.00618145512813,HIGH,0.9191359255494496,0.8888888888888888,8
NIFTYIT,2011-06-13,SIDE,0.0001942237405978554,0.9994986928540882,0.000307083405313971,0.0458153824402899,0.9187526635554543,0.03543195400425587,0.9994986928540882,87.81289953331812,0.9992480392811321,SIDE,0.9187526635554543,91.33944510960752,HIGH,0.9191349301372503,0.9,9
NIFTYIT,2011-06-14,SIDE,0.0007887153494289983,0.9992028771838176,8.407466753296625e-06,0.0462534095940738,0.9185652306321894,0.03518135977373681,0.9992028771838176,87.78478459482841,0.9988043157757263,SIDE,0.9185652306321894,94.33329809207169,HIGH,0.9190471156010241,1.0,10
NIFTYIT,2011-06-15,SIDE,0.00032473406236534864,0.9992497002466364,0.00042556569099832544,0.04590763374981821,0.9185525882753108,0.03553977797487096,0.9992497002466364,87.7828882412966,0.9988745503699544,SIDE,0.9185525882753108,94.33810507166159,HIGH,0.9191157867380227,1.0,11
NIFTYIT,2011-06-16,SIDE,0.0005634862538189923,0.7707615263608992,0.22867498738528177,0.04123211095675414,0.7212813013354141,0.23748658770783176,0.7707615263608992,58.19219520031211,0.6561422895413488,SIDE,0.7212813013354141,94.34734094079826,HIGH,0.9192477277256895,1.0,12
NIFTYIT,2011-06-17,BEAR,1.2343274800445356e-05,0.0012317255137331649,0.9987559312114663,0.024472445310235597,0.056732442819890413,0.9187951118698741,0.9987559312114663,87.81926678048112,0.9981338968171993,BEAR,0.9187951118698741,67.39249430343966,MODERATE,0.9198927757634238,0.1,1
NIFTYIT,2011-06-20,BEAR,2.5104671740607076e-08,1.738646796454955e-10,0.9999999747214635,0.024437072399911126,0.05566744401020228,0.9198954835898866,0.9999999747214635,87.98432253848297,0.9999999620821951,BEAR,0.9198954835898866,70.3926851162384,MODERATE,0.9198955016605485,0.2,2
NIFTYIT,2011-06-21,BEAR,6.34635143740099e-07,4.0518847000604676e-07,0.9999989601763862,0.024437536555129136,0.055667863461601304,0.9198945999832696,0.9999989601763862,87.98418999749043,0.9999984402645792,BEAR,0.9198945999832696,73.3926787774166,MODERATE,0.9198954111059516,0.3,3
NIFTYIT,2011-06-22,BEAR,6.50077829482653e-07,1.3486299806301866e-06,0.99999800129219,0.02443756813899174,0.0556686798859185,0.9198937519750898,0.99999800129219,87.98406279626347,0.9999970019382848,BEAR,0.9198937519750898,76.39267856899214,HIGH,0.9198954081284592,0.4,4
NIFTYIT,2011-06-23,BEAR,4.97695504472492e-06,6.37400015566454e-05,0.9999312830433986,0.024442127393482522,0.055723049521082375,0.919834823085435,0.9999312830433986,87.97522346281525,0.9998969245650979,BEAR,0.919834823085435,79.39263052119122,HIGH,0.9198947217313032,0.5,5
NIFTYIT,2011-06-24,BEAR,0.001302911467169299,0.016962500455434928,0.9817345880773958,0.025771172494492258,0.07046352768765857,0.9037652998178493,0.9817345880773958,85.56479497267738,0.9726018821160937,BEAR,0.9037652998178493,82.3783107253163,HIGH,0.9196901532188042,0.6,6
NIFTYIT,2011-06-27,BEAR,0.0006435767861536096,0.25991190864860747,0.739444514565239,0.030439572006350776,0.28017392132756214,0.6893865066660871,0.739444514565239,53.40797599991307,0.6091667718478584,BEAR,0.6893865066660871,85.37269320917834,HIGH,0.9196099029882622,0.7,7
NIFTYIT,2011-11-24,BULL,1.0,2.522329455612972e-285,1.2830973022001172e-212,0.7718175075805669,0.17005541374038188,0.05812707867905122,1.0,65.77262613708503,1.0,BULL,0.7718175075805669,57.02722553063968,MODERATE,0.7718175075805669,0.1,1
NIFTYIT,2011-11-25,BEAR,0.0007757561609986914,5.565358917791313e-05,0.9991685902498233,0.025018020920036743,0.05580423480809871,0.9191777442718645,0.9991685902498233,87.87666164077967,0.9987528853747349,BEAR,0.9191777442718645,88.38464145473276,HIGH,0.919780592210468,0.8,1
NIFTYIT,2011-11-28,BEAR,7.664896062123027e-05,0.0012309670686733057,0.9986923839707054,0.024520490010625794,0.0567391437027417,0.9187403662866326,0.9986923839707054,87.81105494299487,0.998038575956058,BEAR,0.9187403662866326,91.39182778430785,HIGH,0.9198832540615407,0.9,2
NIFTYIT,2011-11-29,BEAR,1.312025770006618e-05,0.0003427273356684943,0.9996441524066313,0.024454140295274627,0.05596488543120177,0.9195809742735237,0.9996441524066313,87.93714614102852,0.9994662286099469,BEAR,0.9195809742735237,91.39253181324875,HIGH,0.9198933116178393,0.9,3
NIFTYIT,2011-11-30,BEAR,6.299266449788438e-05,0.00414609873086023,0.9957909086046419,0.024572212092557402,0.059254785773558444,0.9161730021338842,0.9957909086046419,87.4259503200826,0.9936863629069629,BEAR,0.9161730021338842,91.39181992960641,HIGH,0.9198831418515202,0.9,4
NIFTYIT,2011-12-01,BEAR,0.0017449482404890996,0.22096565481207678,0.7772893969474342,0.03043534831879164,0.2466699751541463,0.7228946765270621,0.7772893969474342,58.43420147905931,0.6659340954211512,BEAR,0.7228946765270621,91.36327308988676,HIGH,0.9194753298555253,0.9,5
NIFTYIT,2011-12-02,SIDE,0.004913219149101072,0.9447794766459862,0.05030730420491283,0.04817982222086862,0.8720426419918099,0.07977753578732145,0.9447794766459862,80.80639629877149,0.9171692149689791,SIDE,0.8720426419918099,67.2933350620502,MODERATE,0.9184762151721458,0.1,1
NIFTYIT,2011-12-05,SIDE,0.0004594360063674929,0.999143592239589,0.0003969717540435369,0.04600605321052933,0.9184763727304398,0.03551757405903085,0.999143592239589,87.77145590956596,0.9987153883593836,SIDE,0.9184763727304398,70.3367142623962,MODERATE,0.9190959180342315,0.2,2
NIFTYIT,2011-12-07,SIDE,0.00367872559004324,0.9962790197515345,4.2254658422204934e-05,0.048351232860203756,0.9163710741914516,0.03527769294834466,0.9962790197515345,87.45566112871772,0.9944185296273018,SIDE,0.9163710741914516,73.30349166267874,MODERATE,0.9186213094668391,0.3,3
NIFTYIT,2011-12-08,SIDE,0.0008278887746529691,0.9991223039078695,4.980731747750955e-05,0.046280975362272984,0.9185001369088768,0.035218887728850304,0.9991223039078695,87.77502053633151,0.9986834558618041,SIDE,0.9185001369088768,76.3328961711068,HIGH,0.9190413738729544,0.4,4
NIFTYIT,2011-12-09,SIDE,0.00047823218087295115,0.9994421592284333,7.960859069373851e-05,0.04602644380717078,0.9187363341522137,0.0352372220406155,0.9994421592284333,87.81045012283205,0.9991632388426499,SIDE,0.9187363341522137,79.3365041290273,HIGH,0.9190929161289616,0.5,5
NIFTYIT,2011-12-12,SIDE,0.0017991184480303075,0.9981933901486184,7.49140335132416e-06,0.04698711976025513,0.9178091206961069,0.035203759543638025,0.9981933901486184,87.67136810441602,0.9972900852229276,SIDE,0.9178091206961069,82.32287653830343,HIGH,0.9188982362614777,0.6,6
NIFTYIT,2011-12-13,SIDE,0.0012355959621265498,0.9987529513073519,1.145273052161133e-05,0.04657784128516278,0.918227839257841,0.03519431945699623,0.9987529513073519,87.73417588867613,0.9981294269610278,SIDE,0.918227839257841,85.32868902895969,HIGH,0.9189812718422814,0.7,7
NIFTYIT,2011-12-14,SIDE,0.0017248425636248496,0.9982728159465675,2.341489807638821e-06,0.0469332947233628,0.9178692082777479,0.035197496998889355,0.9982728159465675,87.68038124166216,0.9974092239198512,SIDE,0.9178692082777479,88.32364237121087,HIGH,0.9189091767315838,0.8,8
NIFTYIT,2011-12-15,SIDE,0.0006607134628918635,0.9993270984007007,1.2188136407494115e-05,0.0461603824191119,0.9186578532651606,0.035181764315727546,0.9993270984007007,87.79867798977409,0.9989906476010508,SIDE,0.9186578532651606,91.33461852380883,HIGH,0.9190659789115547,0.9,9
NIFTYIT,2011-12-16,SIDE,0.0007333832659600732,0.9992581202358136,8.496498226196615e-06,0.04621322904983587,0.918606603455261,0.03518016749490315,0.9992581202358136,87.79099051828914,0.9988871803537206,SIDE,0.918606603455261,94.3338688032032,HIGH,0.9190552686171886,1.0,10
NIFTYIT,2011-12-19,SIDE,0.0003959547998833979,0.9992663971544736,0.00033764804564294875,0.04596121744305049,0.9185751527822592,0.03546362977469035,0.9992663971544736,87.78627291733888,0.9988995957317103,SIDE,0.9185751527822592,94.33736598020437,HIGH,0.9191052282886338,1.0,11
NIFTYIT,2011-12-20,SIDE,0.00036654457087099875,0.9984869941215987,0.001146461307530274,0.04592267931542519,0.9178987772961953,0.0361785433883796,0.9984869941215987,87.6848165944293,0.9977304911823979,SIDE,0.9178987772961953,94.33771077729472,HIGH,0.919110153961353,1.0,12
NIFTYIT,2011-12-21,SIDE,0.0027845239743203142,0.997140037479801,7.543854587865196e-05,0.04770121535589388,0.9170122735443975,0.03528651109970864,0.997140037479801,87.55184103165962,0.9957100562197014,SIDE,0.9170122735443975,94.31271634410123,HIGH,0.9187530906300178,1.0,13
NIFTYIT,2011-12-22,SIDE,0.00021611841254889913,0.999357144559413,0.00042673702803812234,0.04582873906373503,0.9186329416729851,0.035538319263279765,0.999357144559413,87.79494125094776,0.9990357168391194,SIDE,0.9186329416729851,94.33922541600278,HIGH,0.9191317916571826,1.0,14
NIFTYIT,2011-12-26,BULL,1.0,2.4380389872155108e-284,1.7914247198515272e-217,0.7718175075805669,0.17005541374038188,0.05812707867905122,1.0,65.77262613708503,1.0,BULL,0.7718175075805669,57.02722553063968,MODERATE,0.7718175075805669,0.1,1
NIFTYIT,2011-12-27,SIDE,0.016249953424678894,0.9789864235743456,0.004763623000975391,0.05737936203477951,0.9028769858640833,0.03974365210113731,0.9789864235743456,85.4315478796125,0.9684796353615183,SIDE,0.9028769858640833,91.1740713983137,HIGH,0.9167724485473386,0.9,1
NIFTYIT,2011-12-28,SIDE,0.0002019738859116964,0.9994358046355701,0.00036222147851827587,0.04581983876145248,0.9186992463611257,0.03548091487742189,0.9994358046355701,87.80488695416885,0.999153706953355,SIDE,0.9186992463611257,91.33936799898112,HIGH,0.9191338285568731,0.9,2
NIFTYIT,2011-12-29,SIDE,0.00019631762832553656,0.9976127803189536,0.0021909020527208513,0.04577688338564054,0.9171244253624403,0.03709869125191911,0.9976127803189536,87.56866380436603,0.9964191704784304,SIDE,0.9171244253624403,91.33952006368665,HIGH,0.9191360009098093,0.9,3
NIFTYIT,2011-12-30,SIDE,0.0001789178767753688,0.9985630863577796,0.0012579957654451968,0.04578406728134697,0.9179430203916454,0.03627291232700771,0.9985630863577796,87.69145305874682,0.9978446295366692,SIDE,0.9179430203916454,91.33965171432263,HIGH,0.9191378816331803,0.9,4
NIFTYIT,2012-01-02,BULL,1.0,2.604014105580349e-47,2.9496210192792988e-37,0.7718175075805669,0.17005541374038188,0.05812707867905122,1.0,65.77262613708503,1.0,BULL,0.7718175075805669,60.02722553063968,MODERATE,0.7718175075805669,0.2,1
NIFTYIT,2012-01-03,SIDE,0.324343567800412,0.6754803603175525,0.00017607188203545818,0.2811948793929098,0.6760429539357873,0.0427621666713029,0.6754803603175525,51.40644309036809,0.5132205404763288,SIDE,0.6760429539357873,84.99609492765347,HIGH,0.871372784680764,0.8,1
NIFTYIT,2012-01-04,SIDE,0.004046619544350687,0.9959340452149477,1.9335240701687908e-05,0.048618861034005624,0.9161152727432096,0.03526586622278489,0.9959340452149477,87.4172909114814,0.9939010678224215,SIDE,0.9161152727432096,88.29969595355871,HIGH,0.9185670850508387,0.8,2
NIFTYIT,2012-01-05,SIDE,0.00036751649205534175,0.9996223598936727,1.0123614272000183e-05,0.045947525215801754,0.9188792721414514,0.03517320264274689,0.9996223598936727,87.83189082121771,0.999433539840509,SIDE,0.9188792721414514,88.33764251227585,HIGH,0.919109178746798,0.8,3
NIFTYIT,2012-01-06,SIDE,0.00031130796621639284,0.9996821315758528,6.560457930831112e-06,0.045906785841069477,0.9189244551635738,0.03516875899535681,0.9996821315758528,87.83866827453608,0.9995231973637793,SIDE,0.9189244551635738,88.33822207603085,HIGH,0.9191174582290123,0.8,4
NIFTYIT,2012-01-09,SIDE,0.00045226310595164416,0.999545454723554,2.2821704943852457e-06,0.046009229419016674,0.9188225588370826,0.03516821174390073,0.999545454723554,87.8233838255624,0.9993181820853311,SIDE,0.9188225588370826,91.33676801625329,HIGH,0.9190966859464756,0.9,5
NIFTYIT,2012-01-10,SIDE,0.0006218341051446219,0.9993744619292634,3.703965592018951e-06,0.046132330929319273,0.9186943041461341,0.035173364924546674,0.9993744619292634,87.8041456219201,0.9990616928938949,SIDE,0.9186943041461341,91.33501909871968,HIGH,0.9190717014102812,0.9,6
NIFTYIT,2012-01-11,SIDE,0.00030534188677869934,0.999656939557937,3.771855528434505e-05,0.04590179173523066,0.9189020195121028,0.03519618875266651,0.999656939557937,87.8353029268154,0.9994854093369053,SIDE,0.9189020195121028,91.33828520834767,HIGH,0.9191183601192525,0.9,7
NIFTYIT,2012-01-12,BEAR,4.1309033688092545e-06,9.128658679060604e-10,0.9999958681837654,0.02444014100930436,0.05566791430231624,0.9198919446883793,0.9999958681837654,87.9837917032569,0.9999938022756479,BEAR,0.9198919446883793,67.392642557709,MODERATE,0.9198948936815571,0.1,1
NIFTYIT,2012-01-13,BEAR,9.057816716321658e-07,2.983832859750049e-07,0.9999987958350424,0.024437736935794194,0.055667802251666315,0.9198944608125394,0.9999987958350424,87.98416912188091,0.9999981937525634,BEAR,0.9198944608125394,70.39267597233226,MODERATE,0.9198953710333179,0.2,2
NIFTYIT,2012-01-16,BEAR,4.361370300040632e-05,8.474537363645586e-05,0.9998716409233631,0.024471449978040797,0.05574560715265319,0.9197829428693061,0.9998716409233631,87.96744143039591,0.9998074613850445,BEAR,0.9197829428693061,73.39222895694878,MODERATE,0.9198889850992685,0.3,3
NIFTYIT,2012-01-17,BEAR,0.000133394386945536,0.0019382028658207773,0.9979284027472337,0.024577924822700235,0.057356329895718705,0.918065745281581,0.9979284027472337,87.70986179223715,0.9968926041208506,BEAR,0.918065745281581,76.3912033440961,HIGH,0.919874333487087,0.4,4
NIFTYIT,2012-01-18,BEAR,2.8508806232756984e-06,2.161423282583582e-06,0.9999949876960942,0.024439230242816978,0.05566963347495795,0.9198911362822252,0.9999949876960942,87.98367044233376,0.9999924815441411,BEAR,0.9198911362822252,79.39265571500125,HIGH,0.919895081642875,0.5,5
NIFTYIT,2012-01-19,BEAR,3.8117177594067224e-06,5.785039613466634e-06,0.9999904032426271,0.024440025333163057,0.055672872360951066,0.9198871023058858,0.9999904032426271,87.98306534588288,0.9999856048639405,BEAR,0.9198871023058858,82.39264556976222,HIGH,0.9198949367108891,0.6,6
NIFTYIT,2012-01-20,BEAR,3.1340573158234736e-06,4.647989498132951e-06,0.999992217953186,0.024439494707705744,0.05567181300665408,0.9198886922856401,0.999992217953186,87.983303842846,0.9999883269297789,BEAR,0.9198886922856401,85.39265265230127,HIGH,0.9198950378900181,0.7,7
NIFTYIT,2012-01-23,BEAR,2.4820433043543517e-06,4.2290164885031505e-06,0.9999932889402071,0.0244389985045909,0.05567137664262446,0.9198896248527846,0.9999932889402071,87.98344372791769,0.9999899334103105,BEAR,0.9198896248527846,88.39265943219985,HIGH,0.9198951347457123,0.8,8
NIFTYIT,2012-01-24,BEAR,1.540558944457352e-05,0.00010193198428101044,0.9998826624262744,0.024450732894580076,0.05575722105125174,0.9197920460541683,0.9998826624262744,87.96880690812523,0.9998239936394117,BEAR,0.9197920460541683,91.39252046615628,HIGH,0.9198931495165185,0.9,9
NIFTYIT,2012-01-25,BEAR,0.00014500461445655433,0.0028118671882243888,0.9970431281973191,0.0246051620469398,0.05811206351107021,0.9172827744419899,0.9970431281973191,87.59241616629848,0.9955646922959787,BEAR,0.9172827744419899,94.39103822105703,HIGH,0.9198719745865293,1.0,10
NIFTYIT,2012-01-27,BEAR,0.0024832412017099727,0.059040577896678846,0.9384761809016111,0.027547226947597776,0.10693278982145406,0.8655199832309483,0.9384761809016111,79.82799748464222,0.9077142713524167,BEAR,0.8655199832309483,94.36391944800778,HIGH,0.9194845635429683,1.0,11
NIFTYIT,2012-01-30,BEAR,0.0006207784218077793,0.05955740976925913,0.9398218118089331,0.026166238152686094,0.10716602867358224,0.8666677331737316,0.9398218118089331,80.00015997605973,0.9097327177133995,BEAR,0.8666677331737316,94.38319824211663,HIGH,0.9197599748873804,1.0,12
NIFTYIT,2012-05-21,BULL,1.0,1.580135060513153e-286,1.1511245542503241e-210,0.7718175075805669,0.17005541374038188,0.05812707867905122,1.0,65.77262613708503,1.0,BULL,0.7718175075805669,57.02722553063968,MODERATE,0.7718175075805669,0.1,1
NIFTYIT,2012-05-22,BEAR,0.0019036240765350025,0.0011730038634293043,0.9969233720600357,0.025884704142240065,0.05689807669346261,0.9172172191642974,0.9969233720600357,87.5825828746446,0.9953850580900535,BEAR,0.9172172191642974,91.37289331787768,HIGH,0.9196127616839669,0.9,1
NIFTYIT,2012-05-23,BEAR,4.63451610698846e-06,8.498923540207134e-05,0.9999103762484909,0.02444232287620123,0.05574135897611541,0.9198163181476834,0.9999103762484909,87.9724477221525,0.9998655643727363,BEAR,0.9198163181476834,91.3926329816468,HIGH,0.9198947568806686,0.9,2
NIFTYIT,2012-05-24,BEAR,3.663256821873661e-05,0.002965136153322383,0.9969982312784588,0.024527422916050447,0.05823201417265431,0.9172405629112953,0.9969982312784588,87.58608443669428,0.9954973469176883,BEAR,0.9172405629112953,91.39215369169605,HIGH,0.9198879098813723,0.9,3
NIFTYIT,2012-05-25,BEAR,2.6241872921331025e-05,0.003323097996041967,0.9966506601310368,0.024527261590241795,0.05853992417931533,0.9169328142304428,0.9966506601310368,87.53992213456644,0.9949759901965551,BEAR,0.9169328142304428,91.392243049505,HIGH,0.9198891864215,0.9,4
NIFTYIT,2012-05-28,BEAR,0.0008287900976017824,0.2937331034921635,0.7054381064102346,0.031296488172244875,0.3093995699868064,0.6593039418409488,0.7054381064102346,48.89559127614231,0.5581571596153521,BEAR,0.6593039418409488,91.3690399590675,HIGH,0.9195577137009645,0.9,5
NIFTYIT,2012-05-29,SIDE,0.0006256752687297388,0.9807777341631901,0.018596590568080208,0.04574013621273305,0.9026365456776121,0.05162331810965484,0.9807777341631901,85.39548185164179,0.971166601244785,SIDE,0.9026365456776121,67.3359324165801,MODERATE,0.9190847488082874,0.1,1
NIFTYIT,2012-05-30,SIDE,0.00024805682998176666,0.9996344591518844,0.00011748401813387028,0.04585850043378986,0.9188760550525266,0.03526544451368356,0.9996344591518844,87.83140825787899,0.9994516887278266,SIDE,0.9188760550525266,70.3388801464861,MODERATE,0.919126859235516,0.2,2
NIFTYIT,2012-05-31,SIDE,0.00031239319487212853,0.9996653745779945,2.2232227133344227e-05,0.04590724093711768,0.9189101097020284,0.03518264936085407,0.9996653745779945,87.83651645530423,0.9994980618669916,SIDE,0.9189101097020284,73.33821168597888,MODERATE,0.9191173097996983,0.3,3
NIFTYIT,2012-06-01,SIDE,0.00041555471154092666,0.9911459297281932,0.008438515560265954,0.045803356290004774,0.9115654045909605,0.04263123911903483,0.9911459297281932,86.73481068864403,0.9867188945922896,SIDE,0.9115654045909605,76.33757901432776,HIGH,0.9191082716332538,0.4,4
NIFTYIT,2012-06-04,SIDE,0.0002545461902758658,0.9712856611689733,0.028459792640750874,0.04526111370863489,0.8943977270290995,0.06034115926226572,0.9712856611689733,84.15965905436492,0.95692849175346,SIDE,0.8943977270290995,79.34026583490717,HIGH,0.9191466547843882,0.5,5
NIFTYIT,2012-06-05,SIDE,0.00018137553815274397,0.9970630016305372,0.0027556228313099867,0.04575403656030576,0.9166479845333781,0.03759797890631609,0.9970630016305372,87.49719768000672,0.9955945024458056,SIDE,0.9166479845333781,82.33970312298757,HIGH,0.9191386160426797,0.6,6
NIFTYIT,2012-06-06,SIDE,0.0005322319113000051,0.9993897045008081,7.806358789185815e-05,0.046065687811446994,0.9186972166305917,0.035237095557961416,0.9993897045008081,87.80458249458873,0.999084556751212,SIDE,0.9186972166305917,85.33594708543848,HIGH,0.919084958363407,0.7,7
NIFTYIT,2012-06-07,SIDE,0.0002674176279163174,0.999711776658874,2.0805713209699122e-05,0.045874612834898396,0.9189450330438733,0.0351803541212283,0.999711776658874,87.841754956581,0.9995676649883108,SIDE,0.9189450330438733,88.33867550017833,HIGH,0.9191239357168333,0.8,8
NIFTYIT,2012-06-08,SIDE,0.00024273612255269465,0.9997190846626095,3.8179214837803006e-05,0.04585632161012758,0.9189485202076443,0.0351951581822282,0.9997190846626095,87.84227803114662,0.9995786269939141,SIDE,0.9189485202076443,91.33893096077588,HIGH,0.9191275851539412,0.9,9
NIFTYIT,2012-06-11,SIDE,0.00017827949440161217,0.9997647495090958,5.69709965025912e-05,0.045809118081874454,0.9189805785515293,0.03521030336659629,0.9997647495090958,87.84708678272939,0.9996471242636437,SIDE,0.9189805785515293,94.33959674291819,HIGH,0.9191370963274026,1.0,10
NIFTYIT,2012-06-12,SIDE,0.0003464898728688306,0.9996386224660255,1.4887661105719583e-05,0.04593215581076015,0.918890909613372,0.0351769345758678,0.9996386224660255,87.8336364420058,0.9994579336990381,SIDE,0.918890909613372,94.3378596293513,HIGH,0.9191122804193045,1.0,11
NIFTYIT,2012-06-13,SIDE,0.00026720387632702097,0.9997163360828546,1.6460040818343285e-05,0.04587454994071843,0.9189489456370956,0.03517650442218599,0.9997163360828546,87.84234184556435,0.9995745041242817,SIDE,0.9189489456370956,94.33867748212886,HIGH,0.9191239640304122,1.0,12
NIFTYIT,2012-06-14,SIDE,0.0003585316826324708,0.9996337629466089,7.70537075868625e-06,0.04594105238925451,0.9188880908765726,0.03517085673417282,0.9996337629466089,87.83321363148589,0.9994506444199132,SIDE,0.9188880908765726,94.33773505951943,HIGH,0.9191105008502776,1.0,13
NIFTYIT,2012-06-15,SIDE,0.0012944008484194632,0.998702208797267,3.3903543134876334e-06,0.0466207129430516,0.918190749881053,0.03518853717589544,0.998702208797267,87.72861248215793,0.9980533131959005,SIDE,0.918190749881053,94.32808208996481,HIGH,0.9189726012852119,1.0,14
NIFTYIT,2012-08-28,BULL,1.0,1.3577407433051011e-285,6.939531505221266e-222,0.7718175075805669,0.17005541374038188,0.05812707867905122,1.0,65.77262613708503,1.0,BULL,0.7718175075805669,57.02722553063968,MODERATE,0.7718175075805669,0.1,1
NIFTYIT,2012-08-29,SIDE,0.11702098901547223,0.8829677741960438,1.1236788484043127e-05,0.13065386150736108,0.831492271969173,0.03785386652346596,0.8829677741960438,74.72384079537593,0.8244516612940657,SIDE,0.831492271969173,90.13445449432336,HIGH,0.9019207784903339,0.9,1
NIFTYIT,2012-08-30,SIDE,0.008879237802875733,0.9911200180261385,7.441709858357004e-07,0.05212839713735059,0.9125111734937642,0.03536042936888523,0.9911200180261385,86.87667602406461,0.9866800270392075,SIDE,0.9125111734937642,91.24985037514246,HIGH,0.9178550053591781,0.9,2
NIFTYIT,2012-08-31,SIDE,0.0004893210126219781,0.9995031670119441,7.5119754338887e-06,0.04603602742161555,0.9187902825510514,0.03517369002733307,0.9995031670119441,87.81854238265771,0.9992547505179161,SIDE,0.9187902825510514,91.33638606137087,HIGH,0.9190912294481555,0.9,3
NIFTYIT,2012-09-03,SIDE,0.0002742840212988101,0.9997189472498127,6.76872888835866e-06,0.045879896973840886,0.9189520102524423,0.03516809277371686,0.9997189472498127,87.8428015378663,0.999578420874719,SIDE,0.9189520102524423,91.338603959341,HIGH,0.9191229137048715,0.9,4
NIFTYIT,2012-09-04,SIDE,0.00023718030920392787,0.9997543215798815,8.49811091455507e-06,0.045852917870533715,0.9189783116223899,0.03516877050707646,0.9997543215798815,87.84674674335847,0.9996314823698221,SIDE,0.9189783116223899,91.33898674334743,HIGH,0.9191283820478207,0.9,5
NIFTYIT,2012-09-05,SIDE,0.00020496022465493752,0.9997815978812045,1.3441894140654965e-05,0.045829416661938065,0.9189981790061148,0.035172404331947155,0.9997815978812045,87.84972685091722,0.9996723968218065,SIDE,0.9189981790061148,91.33931932135481,HIGH,0.9191331331622116,0.9,6
NIFTYIT,2012-09-06,SIDE,0.01693716785864922,0.9830599546941591,2.8774471917383865e-06,0.057979510030064685,0.906473072278669,0.03554741769126638,0.9830599546941591,85.97096084180033,0.9745899320412384,SIDE,0.906473072278669,91.16673932505405,HIGH,0.9166677046436295,0.9,7
NIFTYIT,2012-09-07,SIDE,0.07579142222807556,0.9242076147728361,9.629990883620295e-07,0.1007157808934406,0.8623865379343035,0.036897681172255906,0.9242076147728361,79.35798069014551,0.886311422159254,SIDE,0.8623865379343035,90.55970425841635,HIGH,0.9079957751202336,0.9,8
NIFTYIT,2012-09-10,SIDE,0.034949347893948976,0.9650496866315074,9.654745436634534e-07,0.07105885443831239,0.8929816567253898,0.03595948883629779,0.9650496866315074,83.94724850880844,0.9475745299472609,SIDE,0.8929816567253898,90.98095787178183,HIGH,0.9140136838825975,0.9,9
NIFTYIT,2012-09-11,SIDE,0.1246789916709126,0.8753201611107887,8.472182987116614e-07,0.13621483849664512,0.8257645729592318,0.03802058854412301,0.8753201611107887,73.86468594388477,0.8129802416661829,SIDE,0.8257645729592318,93.05546773643837,HIGH,0.900792396234834,1.0,10
NIFTYIT,2012-09-12,SIDE,0.46429360939022524,0.5357052271986915,1.1634110832888482e-06,0.38282144731353773,0.5713563035748688,0.04582224911159346,0.5357052271986915,35.70344553623032,0.30355784079803727,SIDE,0.5713563035748688,89.55261224994591,HIGH,0.8507516035706559,1.0,11
NIFTYIT,2012-09-13,BULL,0.8313555254644305,0.16864424092189276,2.3361367679366802e-07,0.6493585714532635,0.2963881218027906,0.054253306743945885,0.8313555254644305,47.40378571798952,0.7470332881966457,BULL,0.6493585714532635,58.766659579915824,MODERATE,0.7966665654273689,0.1,1
NIFTYIT,2012-09-14,BULL,0.9985766463708214,0.0014233509167829509,2.712395641243039e-09,0.7707839583089655,0.17112165686003122,0.058094384831003244,0.9985766463708214,65.61759374634482,0.9978649695562322,BULL,0.7707839583089655,60.04190629489226,MODERATE,0.7720272327841752,0.2,2
NIFTYIT,2012-09-17,BULL,0.7403360772874741,0.2593995565462641,0.00026436616626170615,0.583260404496725,0.3643434329890601,0.05239616251421495,0.7403360772874741,37.48906067450875,0.6105041159312112,BULL,0.583260404496725,65.70546655642104,MODERATE,0.8100780936631579,0.3,3
NIFTYIT,2012-09-18,SIDE,0.05397487187368775,0.9460166309209347,8.497205377615947e-06,0.0848738243876233,0.8787229826091036,0.03640319300327315,0.9460166309209347,81.80844739136555,0.9190249463814019,SIDE,0.8787229826091036,84.7847250632148,HIGH,0.9112103580459258,0.7,1
NIFTYIT,2012-09-20,SIDE,0.009182615686082786,0.9908155417717164,1.8425422007813654e-06,0.052348667598841214,0.9122829622828311,0.03536837011832757,0.9908155417717164,86.84244434242466,0.9862233126575746,SIDE,0.9122829622828311,85.24672132911883,HIGH,0.9178103047016977,0.7,2
NIFTYIT,2012-09-21,SIDE,0.0020731885092208986,0.9979249974421046,1.8140486745272584e-06,0.04718625268080007,0.9176087150178673,0.03520503230133251,0.9979249974421046,87.64130725268011,0.9968874961631567,SIDE,0.9176087150178673,85.32004943195133,HIGH,0.9188578490278762,0.7,3
NIFTYIT,2012-09-24,SIDE,0.0011508207516960972,0.9988467549459502,2.424302353597981e-06,0.04651647469747068,0.9182991410490607,0.03518438425346859,0.9988467549459502,87.7448711573591,0.9982701324189251,SIDE,0.9182991410490607,85.32956295530565,HIGH,0.9189937565043665,0.7,4
NIFTYIT,2012-09-25,SIDE,0.0010109232440032381,0.9989867744739619,2.3022820349424747e-06,0.04641489258423878,0.9184040447426511,0.03518106267311012,0.9989867744739619,87.76060671139767,0.9984801617109427,SIDE,0.9184040447426511,85.33100588091948,HIGH,0.9190143697274211,0.7,5
NIFTYIT,2013-01-01,BULL,1.0,2.6549390680164585e-283,9.926067905859443e-217,0.7718175075805669,0.17005541374038188,0.05812707867905122,1.0,65.77262613708503,1.0,BULL,0.7718175075805669,66.02722553063968,MODERATE,0.7718175075805669,0.4,1
NIFTYIT,2013-01-02,SIDE,0.012990320436398233,0.9858088691500088,0.0012008104135930264,0.055088110854368114,0.9083952767168717,0.036516612428760184,0.9858088691500088,86.25929150753076,0.978713303725013,SIDE,0.9083952767168717,82.20750932412403,HIGH,0.917250133201772,0.6,1
NIFTYIT,2013-01-03,SIDE,0.0005821569198917393,0.9994056333906228,1.2209689485330359e-05,0.04610333917749099,0.9187166819818797,0.035179978840629296,0.9994056333906228,87.80750229728196,0.9991084500859344,SIDE,0.9187166819818797,85.33542877336735,HIGH,0.919077553905248,0.7,2
NIFTYIT,2013-01-04,SIDE,0.0007473432206447475,0.999247198923096,5.457856259317268e-06,0.04622343043670956,0.9185987697976153,0.03517779976567519,0.999247198923096,87.78981546964229,0.998870798384644,SIDE,0.9185987697976153,88.33372466160067,HIGH,0.9190532094514382,0.8,3
NIFTYIT,2013-01-07,SIDE,0.002227239759456263,0.9977721382677442,6.219727996395592e-07,0.0472981402614295,0.9174943433604401,0.0352075163781305,0.9977721382677442,87.62415150406602,0.9966582074016164,SIDE,0.9174943433604401,91.31846045435462,HIGH,0.9188351493479232,0.9,4
NIFTYIT,2013-01-08,SIDE,0.0007323055200520323,0.9992650155327287,2.678947219279696e-06,0.046212570046052656,0.9186124342345852,0.035174995719362195,0.9992650155327287,87.79186513518778,0.9988975232990931,SIDE,0.9186124342345852,91.33387962113224,HIGH,0.9190554231590321,0.9,5
NIFTYIT,2013-01-09,SIDE,0.00020961839411350793,0.999738054950218,5.2326655668597405e-05,0.045831973068578016,0.918961112703063,0.03520691422835897,0.999738054950218,87.84416690545946,0.9996070824253269,SIDE,0.918961112703063,91.33927326898096,HIGH,0.9191324752711566,0.9,6
NIFTYIT,2013-01-10,SIDE,0.00014119189207704321,0.999671667715917,0.00018714039200593122,0.0457794221200042,0.9188959604307523,0.035324617449243555,0.999671667715917,87.83439406461284,0.9995075015738755,SIDE,0.9188959604307523,91.33998594366798,HIGH,0.919142656338114,0.9,7
NIFTYIT,2013-01-11,BULL,0.9999999682477252,1.2298864230520309e-17,3.175227476566252e-08,0.7718174838495373,0.17005541010830355,0.05812710604215909,0.9999999682477252,65.7726225774306,0.9999999523715878,BULL,0.7718174838495373,60.02722585976661,MODERATE,0.77181751228238,0.2,1
NIFTYIT,2013-01-14,BULL,0.9999999999413008,1.417996903088157e-12,5.7281117995125445e-11,0.7718175075367264,0.17005541373489183,0.0581270787283817,0.9999999999413008,65.77262613050895,0.9999999999119511,BULL,0.7718175075367264,63.02722553124802,MODERATE,0.7718175075892575,0.3,2
NIFTYIT,2013-01-15,BULL,0.9999999987106134,8.835260070099014e-10,4.058606195701615e-10,0.771817506635674,0.17005541435581265,0.05812707900851337,0.9999999987106134,65.7726259953511,0.9999999980659201,BULL,0.771817506635674,63.027225543959496,MODERATE,0.77181750777085,0.3,3
NIFTYIT,2013-01-16,BULL,0.9999999883557152,1.123877491039809e-08,4.055098153248963e-10,0.7718174991166106,0.1700554221130516,0.05812707877033778,0.9999999883557152,65.77262486749159,0.9999999825335727,BULL,0.7718174991166106,66.02722565076199,MODERATE,0.7718175092965999,0.4,4
NIFTYIT,2013-01-17,BULL,0.999999999630725,3.0501217598958397e-10,6.426294829732652e-11,0.7718175073110576,0.17005541396151802,0.05812707872742448,0.999999999630725,65.77262609665864,0.9999999994460874,BULL,0.7718175073110576,69.0272255344518,MODERATE,0.7718175076350257,0.5,5
NIFTYIT,2013-01-18,BULL,0.999999764190455,2.3026094164384088e-07,5.548603443468749e-09,0.771817336232744,0.17005558559598105,0.05812707817127504,0.999999764190455,65.77260043491158,0.9999996462856825,BULL,0.771817336232744,72.02722796311254,MODERATE,0.7718175423301793,0.6,6
NIFTYIT,2013-01-21,BULL,0.9999974718471786,2.5161997719908607e-06,1.1953049344203383e-08,0.7718156715422573,0.17005729727824814,0.05812703117949451,0.9999974718471786,65.77235073133859,0.999996207770768,BULL,0.7718156715422573,75.0272516071441,HIGH,0.7718178801020587,0.7,7
NIFTYIT,2013-01-22,BULL,0.9999244845931138,7.528768052110599e-05,2.2772636509546722e-07,0.7717626682393807,0.17011178628819928,0.05812554547242002,0.9999244845931138,65.76440023590709,0.9998867268896705,BULL,0.7717626682393807,78.02800442385741,HIGH,0.7718286346265345,0.8,8
NIFTYIT,2013-01-23,BULL,0.9995388700676043,0.000460293949135612,8.359832600957667e-07,0.7714826464839174,0.17040012795199527,0.05811722556408733,0.9995388700676043,65.7223969725876,0.9993083051014063,BULL,0.7714826464839174,81.0319817631107,HIGH,0.7718854537587242,0.9,9
NIFTYIT,2013-01-24,BULL,0.999067811698071,0.0009311262596714971,1.0620422575903672e-06,0.77114058894246,0.1707528063014879,0.05810660475605219,0.999067811698071,65.67108834136899,0.9986017175471064,BULL,0.77114058894246,84.03684036827828,HIGH,0.7719548624039756,1.0,10
NIFTYIT,2013-01-25,BULL,0.9997101607936887,0.000289476472014035,3.6273429734651127e-07,0.771607037008891,0.1702722213627731,0.05812074162833591,0.9997101607936887,65.74105555133364,0.999565241190533,BULL,0.771607037008891,84.03021501083154,HIGH,0.7718602144404508,1.0,11
NIFTYIT,2013-01-28,BULL,0.9995607305818521,0.00043901755695728177,2.518611906305494e-07,0.7714985326131453,0.17038425645486585,0.058117210931988864,0.9995607305818521,65.72477989197179,0.9993410958727782,BULL,0.7714985326131453,84.03175625930153,HIGH,0.771882232275736,1.0,12
NIFTYIT,2013-03-25,BULL,1.0,2.0490117885679013e-285,4.891202000174457e-216,0.7718175075805669,0.17005541374038188,0.05812707867905122,1.0,65.77262613708503,1.0,BULL,0.7718175075805669,84.02722553063968,HIGH,0.7718175075805669,1.0,13
NIFTYIT,2013-03-26,BULL,1.0,5.4307688573636235e-46,7.523633552445953e-34,0.7718175075805669,0.17005541374038188,0.05812707867905122,1.0,65.77262613708503,1.0,BULL,0.7718175075805669,84.02722553063968,HIGH,0.7718175075805669,1.0,14
NIFTYIT,2013-03-28,BULL,1.0,8.04321540406865e-57,2.6995373843798453e-42,0.7718175075805669,0.17005541374038188,0.05812707867905122,1.0,65.77262613708503,1.0,BULL,0.7718175075805669,84.02722553063968,HIGH,0.7718175075805669,1.0,15
NIFTYIT,2013-04-01,BULL,0.9999999996072871,2.6200996963063905e-12,3.900928085319057e-10,0.7718175072871166,0.1700554136977227,0.0581270790151607,0.9999999996072871,65.77262609306749,0.9999999994109305,BULL,0.7718175072871166,84.02722553471015,HIGH,0.7718175076387167,1.0,16
NIFTYIT,2013-04-02,BULL,0.9998443215634373,0.00014506975548258472,1.0608681080140986e-05,0.7717042383956731,0.17016287313613696,0.0581328884681899,0.9998443215634373,65.75563575935097,0.9997664823451557,BULL,0.7717042383956731,84.02883177400003,HIGH,0.771840453914286,1.0,17
NIFTYIT,2013-04-03,BULL,0.9775324093212046,0.021336340525250807,0.0011312501535446918,0.755478934825962,0.1859092337782706,0.05861183139576744,0.9775324093212046,63.321840223894284,0.9662986139818068,BULL,0.755478934825962,84.25901889370041,HIGH,0.7751288413385774,1.0,18
NIFTYIT,2013-04-04,BEAR,0.4537122256678873,0.005362368145143078,0.5409254061869695,0.3636466199952291,0.11219704550838616,0.5241563344963847,0.5409254061869695,28.623450174457698,0.31138810928045424,BEAR,0.5241563344963847,62.689474683676316,MODERATE,0.8527067811953759,0.1,1
NIFTYIT,2013-04-05,BEAR,0.0015288814478024348,0.014600979960115548,0.983870138592082,0.025889890326147573,0.06845021271182092,0.9056598969620315,0.983870138592082,85.84898454430473,0.9758052078881231,BEAR,0.9056598969620315,70.37608947695597,MODERATE,0.919658421099371,0.2,2
NIFTYIT,2013-04-08,BEAR,6.710734077314463e-06,0.00029709374145766703,0.999696195524465,0.024448380510763236,0.05592474783808975,0.919626871651147,0.999696195524465,87.94403074767203,0.9995442932866975,BEAR,0.919626871651147,73.39260058975529,MODERATE,0.9198942941393613,0.3,3
NIFTYIT,2013-04-09,BEAR,5.029580061389262e-06,1.3041455864009013e-05,0.9999819289640746,0.024441089693639895,0.05567927755530394,0.919879632751056,0.9999819289640746,87.98194491265842,0.9999728934461118,BEAR,0.919879632751056,76.3926325741482,HIGH,0.9198947510592599,0.4,4
NIFTYIT,2013-04-10,BEAR,0.00040839134679559157,0.01906711233485091,0.9805244963183535,0.02514733563565781,0.07217852903635195,0.9026741353279903,0.9805244963183535,85.40112029919855,0.9707867444775302,BEAR,0.9026741353279903,79.387474970576,HIGH,0.9198210710082285,0.5,5
NIFTYIT,2013-04-11,SIDE,0.03657069542005587,0.5330835076515577,0.4303457969283864,0.06309400637021177,0.5201661025125883,0.4167398911171999,0.5330835076515577,28.02491537688825,0.29962526147733665,SIDE,0.5201661025125883,66.98629131015984,MODERATE,0.9140898758594264,0.1,1
NIFTYIT,2013-04-12,BEAR,6.197088348850333e-13,3.961063299409068e-46,0.9999999999993803,0.024437053633939772,0.05566744098846923,0.919895505377591,0.9999999999993803,87.98432580663865,0.9999999999990704,BEAR,0.919895505377591,82.39268537646242,HIGH,0.9198955053780348,0.6,1
NIFTYIT,2013-04-15,BEAR,1.0820526332512225e-11,4.734328522865083e-25,0.9999999999891795,0.024437053641563667,0.05566744098963609,0.9198955053688004,0.9999999999891795,87.98432580532004,0.9999999999837693,BEAR,0.9198955053688004,85.39268537635664,HIGH,0.9198955053765235,0.7,2
NIFTYIT,2013-04-16,BEAR,1.3448005320811263e-12,9.55851713833173e-25,0.9999999999986553,0.02443705363448169,0.05566744098855216,0.9198955053769661,0.9999999999986553,87.98432580654493,0.999999999997983,BEAR,0.9198955053769661,88.39268537645482,HIGH,0.9198955053779261,0.8,3
NIFTYIT,2013-04-17,BEAR,1.1738354245310917e-12,2.52612250971456e-26,0.9999999999988262,0.02443705363435391,0.0556674409885326,0.9198955053771134,0.9999999999988262,87.98432580656701,0.9999999999982391,BEAR,0.9198955053771134,91.39268537645655,HIGH,0.919895505377951,0.9,4
NIFTYIT,2013-04-18,BEAR,1.0660308305454052e-12,3.1340602519199363e-25,0.999999999998934,0.024437053634273346,0.055667440988520285,0.9198955053772064,0.999999999998934,87.98432580658097,0.999999999998401,BEAR,0.9198955053772064,91.39268537645773,HIGH,0.9198955053779675,0.9,5
NIFTYIT,2013-04-22,BEAR,1.3877756611854243e-13,1.1272079168379837e-28,0.9999999999998612,0.02443705363358033,0.0556674409884142,0.9198955053780054,0.9999999999998612,87.98432580670081,0.9999999999997918,BEAR,0.9198955053780054,91.39268537646733,HIGH,0.9198955053781048,0.9,6
NIFTYIT,2013-04-23,BEAR,8.094225951066366e-13,1.2003991942392347e-25,0.9999999999991905,0.024437053634081555,0.05566744098849091,0.9198955053774274,0.9999999999991905,87.98432580661411,0.9999999999987856,BEAR,0.9198955053774274,91.39268537646032,HIGH,0.9198955053780047,0.9,7
NIFTYIT,2013-04-25,BEAR,1.783608241438071e-13,3.011181457141095e-28,0.9999999999998217,0.024437053633609918,0.05566744098841875,0.9198955053779715,0.9999999999998217,87.98432580669571,0.9999999999997325,BEAR,0.9198955053779715,91.39268537646696,HIGH,0.9198955053780994,0.9,8
NIFTYIT,2013-04-26,BEAR,8.091417120998405e-14,1.9767685373363647e-29,0.9999999999999192,0.02443705363353709,0.055667440988407604,0.9198955053780554,0.9999999999999192,87.9843258067083,0.9999999999998788,BEAR,0.9198955053780554,91.39268537646798,HIGH,0.9198955053781142,0.9,9
NIFTYIT,2013-04-29,BEAR,6.978310353864258e-13,3.589094158547964e-26,0.9999999999993021,0.024437053633998156,0.05566744098847816,0.9198955053775237,0.9999999999993021,87.98432580662856,0.9999999999989532,BEAR,0.9198955053775237,94.3926853764615,HIGH,0.9198955053780216,1.0,10
NIFTYIT,2013-04-30,BEAR,2.4067243717313572e-12,2.099186150881742e-23,0.9999999999975933,0.024437053635275353,0.05566744098867364,0.9198955053760511,0.9999999999975933,87.98432580640767,0.9999999999963899,BEAR,0.9198955053760511,94.39268537644378,HIGH,0.9198955053777685,1.0,11
NIFTYIT,2013-05-02,BEAR,8.818776258364942e-11,3.7468176570492454e-19,0.9999999999118123,0.02443705369938642,0.05566744099848595,0.9198955053021276,0.9999999999118123,87.98432579531914,0.9999999998677185,BEAR,0.9198955053021276,94.39268537555469,HIGH,0.919895505365067,1.0,12
NIFTYIT,2013-05-03,BEAR,8.383315911559958e-11,2.3346895798320433e-17,0.9999999999161668,0.024437053696131878,0.055667440997987865,0.9198955053058804,0.9999999999161668,87.98432579588206,0.9999999998742503,BEAR,0.9198955053058804,94.39268537559977,HIGH,0.9198955053657111,1.0,13
NIFTYIT,2013-05-06,BEAR,8.431081247194938e-10,9.171547581037522e-16,0.9999999991568911,0.024437054263599163,0.055667441084840556,0.9198955046515603,0.9999999991568911,87.98432569773404,0.9999999987353366,BEAR,0.9198955046515603,94.39268536772958,HIGH,0.9198955052532797,1.0,14
NIFTYIT,2013-05-07,BEAR,6.5775696245541e-08,4.741246640796317e-12,0.9999999342195626,0.024437102793047057,0.05566744851644094,0.9198954486905121,0.9999999342195626,87.9843173035768,0.9999999013293437,BEAR,0.9198954486905121,94.39268469467311,HIGH,0.9198954956381873,1.0,15
NIFTYIT,2013-05-08,BEAR,1.244670917073501e-07,1.1884673807976303e-11,0.9999998755210235,0.02443714665800059,0.055667455236199,0.9198953981058005,0.9999998755210235,87.98430971587007,0.9999998132815353,BEAR,0.9198953981058005,94.39268408630954,HIGH,0.9198954869472792,1.0,16
NIFTYIT,2013-05-09,BEAR,1.3331844990262423e-06,1.2786863798013838e-10,0.9999986666876324,0.024438050032229104,0.05566759359908452,0.9198943563686862,0.9999986666876324,87.98415345530294,0.9999980000314486,BEAR,0.9198943563686862,94.39267155739176,HIGH,0.9198953079627397,1.0,17
NIFTYIT,2013-05-10,BEAR,8.140169964885043e-06,7.580845592801682e-10,0.9999918590719505,0.024443137453504793,0.055668372780541375,0.9198884897659539,0.9999918590719505,87.98327346489307,0.9999877886079258,BEAR,0.9198884897659539,94.39260099982498,HIGH,0.9198942999974999,1.0,18
NIFTYIT,2013-05-13,BEAR,1.3100316475495592e-07,6.3691747133019e-12,0.9999998689904661,0.024437151542816664,0.05566745597908454,0.9198953924780989,0.9999998689904661,87.98430887171482,0.9999998034856992,BEAR,0.9198953924780989,94.39268401856036,HIGH,0.9198954859794338,1.0,19
NIFTYIT,2013-05-14,BEAR,6.814551065394564e-06,1.3880567793213835e-09,0.9999931840608778,0.024442146725232938,0.05566822168966122,0.9198896315851057,0.9999931840608778,87.98344473776586,0.9999897760913167,BEAR,0.9198896315851057,94.39261474044216,HIGH,0.919894496292031,1.0,20
NIFTYIT,2013-05-15,BEAR,0.003308859240391247,0.4283299528566393,0.5683611879029695,0.03600939454150394,0.4259070852736468,0.5380835201848493,0.5683611879029695,30.712528027727394,0.3525417818544543,BEAR,0.5380835201848493,94.33643444437969,HIGH,0.9190919206339958,1.0,21
NIFTYIT,2013-05-16,SIDE,0.0015274399105912003,0.7012662969377114,0.2972062631516975,0.04047620697128505,0.6613827215892164,0.2981410714394986,0.7012662969377114,49.20740823838246,0.551899445406567,SIDE,0.6613827215892164,67.3409109389287,MODERATE,0.9191558705561244,0.1,1
NIFTYIT,2013-05-17,SIDE,0.00296223205531773,0.9914716598094351,0.005566108135247323,0.04771361291029135,0.9121379804334827,0.040148406656225995,0.9914716598094351,86.82069706502239,0.9872074897141526,SIDE,0.9121379804334827,70.31116483802083,MODERATE,0.9187309262574404,0.2,2
NIFTYIT,2013-05-20,SIDE,0.0014798877402046955,0.9982869082499705,0.0002332040098248204,0.04675051965058774,0.9178533570380425,0.03539612331136977,0.9982869082499705,87.67800355570637,0.9974303623749555,SIDE,0.9178533570380425,73.32618071832783,MODERATE,0.918945438833255,0.3,3
NIFTYIT,2013-05-21,SIDE,0.0021795414091925367,0.9977525256675627,6.793292324472053e-05,0.04726207480021952,0.9174719518433507,0.0352659733564298,0.9977525256675627,87.62079277650261,0.9966287885013442,SIDE,0.9174719518433507,76.31895587488854,HIGH,0.9188422267841221,0.4,4
NIFTYIT,2013-05-22,SIDE,0.0005813738135507723,0.9992248517801251,0.0001937744063240213,0.04609891340722367,0.9185604882276612,0.035340598365115224,0.9992248517801251,87.78407323414915,0.9988372776701878,SIDE,0.9185604882276612,79.33544615617791,HIGH,0.919077802231113,0.5,5
NIFTYIT,2013-05-23,SIDE,0.0002995251717605584,0.9985948772433956,0.0011055975848439025,0.045874882176056765,0.917984267714444,0.03614085010949926,0.9985948772433956,87.69764015716657,0.9978923158650932,SIDE,0.917984267714444,82.33839993487926,HIGH,0.9191199990697039,0.6,6
NIFTYIT,2013-05-24,SIDE,0.00020719077051840784,0.9649342038287934,0.03485860540068815,0.045090791980490375,0.8889078528783825,0.06600135514112719,0.9649342038287934,83.33617793175738,0.94740130574319,SIDE,0.8889078528783825,85.3410822252125,HIGH,0.9191583175030359,0.7,7
NIFTYIT,2013-05-27,SIDE,0.0002739210620834812,0.9937116769055064,0.006014402032410061,0.045752008338588536,0.9137647155277211,0.04048327613369038,0.9937116769055064,87.06470732915817,0.9905675153582595,SIDE,0.9137647155277211,88.33891561065627,HIGH,0.9191273658665183,0.8,8
NIFTYIT,2013-05-28,SIDE,0.00012117216571888883,0.9986019777965474,0.001276850037733704,0.045741735468307725,0.9179699975740577,0.03628826695763449,0.9986019777965474,87.69549963610864,0.997902966694821,SIDE,0.9179699975740577,91.34024828187896,HIGH,0.9191464040268422,0.9,9
NIFTYIT,2013-05-29,SIDE,0.00011322283506527917,0.9884720636670248,0.011414713497909956,0.04552059622706366,0.909221949126702,0.045257454646234416,0.9884720636670248,86.38329236900529,0.9827080955005372,SIDE,0.909221949126702,94.3408498662204,HIGH,0.919154998088863,1.0,10
NIFTYIT,2013-05-30,SIDE,0.00040207797991493064,0.9535442646883985,0.04605365733168658,0.04499448106078263,0.8790949800830798,0.07591053885613758,0.9535442646883985,81.86424701246197,0.9303163970325977,SIDE,0.8790949800830798,94.33964589527939,HIGH,0.9191377985039915,1.0,11
NIFTYIT,2013-05-31,SIDE,0.00039969453107915984,0.9992091344664982,0.0003911710024226109,0.045962795966844196,0.9185261344672495,0.03551106956590636,0.9992091344664982,87.77892017008743,0.9988137016997473,SIDE,0.9185261344672495,94.3373301510406,HIGH,0.9191047164434373,1.0,12
NIFTYIT,2013-06-03,SIDE,0.0008242994339396451,0.9991427303592096,3.297020685075493e-05,0.046278726695025724,0.9185173644880924,0.03520390881688182,0.9991427303592096,87.77760467321386,0.9987140955388143,SIDE,0.9185173644880924,94.33293232936222,HIGH,0.9190418904194603,1.0,13
NIFTYIT,2013-06-04,SIDE,0.00020331363253300945,0.9996838265810412,0.00011285978642585065,0.04582610899532168,0.9189135655406757,0.035260325464002616,0.9996838265810412,87.83703483110136,0.9995257398715616,SIDE,0.9189135655406757,94.33934140008655,HIGH,0.919133448572665,1.0,14
NIFTYIT,2013-06-05,SIDE,0.00014675067319146182,0.9997482973254217,0.00010495200138690605,0.045785204549946334,0.9189627656407293,0.03525202980932443,0.9997482973254217,87.8444148461094,0.9996224459881325,SIDE,0.9189627656407293,94.33992439686796,HIGH,0.9191417770981138,1.0,15
NIFTYIT,2013-06-06,SIDE,9.317230813389874e-05,0.9996284287525707,0.00027839893929540574,0.04574261466082755,0.9188531309010854,0.03540425443808708,0.9996284287525707,87.82796963516282,0.9994426431288561,SIDE,0.9188531309010854,94.34048590485259,HIGH,0.9191497986407513,1.0,16
NIFTYIT,2013-06-07,SIDE,0.017794620267092446,0.9819970460364446,0.00020833369646305254,0.058597772960700276,0.9056533372721371,0.03574888976716257,0.9819970460364446,85.84800059082058,0.9729955690546667,SIDE,0.9056533372721371,94.15790591352766,HIGH,0.9165415130503952,1.0,17
NIFTYIT,2013-06-10,SIDE,0.0015431847958025044,0.998419224020463,3.7591183734510164e-05,0.046800637525073734,0.9179748515829056,0.03522451089202078,0.998419224020463,87.6962277374358,0.9976288360306945,SIDE,0.9179748515829056,94.32551783369365,HIGH,0.9189359690527665,1.0,18
NIFTYIT,2013-06-11,SIDE,0.00017320453480851094,0.9997024534622029,0.0001243420029887593,0.04580400175029686,0.9189262056572101,0.035269792592493215,0.9997024534622029,87.83893084858151,0.9995536801933042,SIDE,0.9189262056572101,94.33965254005128,HIGH,0.9191378934293042,1.0,19
NIFTYIT,2013-06-12,SIDE,0.00015121242383904165,0.9960078963970977,0.003840891179063265,0.04570907877314925,0.9157334552113449,0.03855746601550598,0.9960078963970977,87.36001828170168,0.9940118445956466,SIDE,0.9157334552113449,94.34006985457395,HIGH,0.9191438550653424,1.0,20
NIFTYIT,2013-06-13,SIDE,0.0002447221021346819,0.9230356529100565,0.07671962498780885,0.044228756912885775,0.852732919815998,0.10303832327111628,0.9230356529100565,77.90993797239967,0.8845534793650848,SIDE,0.852732919815998,94.34284061131551,HIGH,0.9191834373045071,1.0,21
NIFTYIT,2013-06-14,SIDE,0.00012275315670414222,0.9643534782238193,0.03552376861947644,0.04501534812844101,0.8883967400622362,0.06658791180932284,0.9643534782238193,83.25951100933538,0.9465302173357288,SIDE,0.8883967400622362,94.34198722368747,HIGH,0.9191712460526782,1.0,22
NIFTYIT,2013-06-17,SIDE,0.00011871165363099695,0.9952219052371796,0.004659383109189454,0.04566809087846073,0.9150510373839645,0.03928087173757483,0.9952219052371796,87.25765560759463,0.9928328578557694,SIDE,0.9150510373839645,94.3404470242045,HIGH,0.9191492432029214,1.0,23
NIFTYIT,2013-06-18,SIDE,8.200160851888601e-05,0.9993670157986437,0.000550982592837479,0.04572871248868119,0.9186261240980897,0.035645163413229076,0.9993670157986437,87.79391861471346,0.9990505236979654,SIDE,0.9186261240980897,94.34061509242153,HIGH,0.9191516441774507,1.0,24
NIFTYIT,2013-06-19,SIDE,6.862160974877002e-05,0.9991526268523446,0.0007787515379066577,0.04571415809905763,0.9184394696148015,0.035846372286140855,0.9991526268523446,87.76592044222022,0.9987289402785168,SIDE,0.9184394696148015,94.34076477028283,HIGH,0.9191537824326119,1.0,25
NIFTYIT,2013-06-20,BEAR,0.00031629205162991424,0.18740016219864297,0.8122835457497272,0.028654539342732526,0.2175228894077438,0.7538225712495236,0.8122835457497272,63.073385687428555,0.7184253186245907,BEAR,0.7538225712495236,67.37980209177358,MODERATE,0.9197114584539082,0.1,1
NIFTYIT,2013-06-21,BEAR,0.0002833984291574238,0.18992758118406472,0.8097890203867779,0.028683647324857838,0.21970154265987146,0.7516148100152705,0.8097890203867779,62.7422215022906,0.7146835305801669,BEAR,0.7516148100152705,70.38001351214372,MODERATE,0.9197144787449103,0.2,2
NIFTYIT,2013-06-24,BEAR,2.8540430134417963e-05,0.02729800800649355,0.972673451563372,0.02503829814675654,0.07924242318067327,0.8957192786725702,0.972673451563372,84.35789180088551,0.9590101773450579,BEAR,0.8957192786725702,73.39099044402906,MODERATE,0.9198712920575581,0.3,3
NIFTYIT,2013-06-25,BEAR,1.6217714585873154e-05,0.004427508251562865,0.9955562740338513,0.024543231622310348,0.05949243124424702,0.9159643371334427,0.9955562740338513,87.39465057001641,0.9933344110507769,BEAR,0.9159643371334427,76.39229035046202,HIGH,0.9198898621494574,0.4,4
NIFTYIT,2013-06-26,BEAR,0.000631181839047436,0.2193521262088584,0.7800166919520941,0.029568663569754235,0.24514929836841154,0.7252820380618343,0.7800166919520941,58.792305709275126,0.6700250379281412,BEAR,0.7252820380618343,79.37490048856345,HIGH,0.9196414355509064,0.5,5
NIFTYIT,2013-06-27,SIDE,0.051879376886953044,0.781224713390582,0.16689590972246499,0.07980688264905791,0.7361861409514301,0.18400697639951208,0.781224713390582,60.42792114271451,0.6718370700858729,SIDE,0.7361861409514301,78.81489186996384,HIGH,0.9116413124280549,0.5,1
NIFTYIT,2013-06-28,SIDE,0.0025205696904738884,0.9966736441227003,0.0008057861868256619,0.04749403310713685,0.9165793516055512,0.03592661528731206,0.9966736441227003,87.48690274083263,0.9950104661840506,SIDE,0.9165793516055512,79.3154762555699,HIGH,0.918792517936713,0.5,2
NIFTYIT,2013-07-01,SIDE,0.0003027910095259134,0.9984747046538932,0.0012225043365808289,0.04587477007457318,0.9178808727507971,0.0362443571746297,0.9984747046538932,87.68213091261956,0.99771205698084,SIDE,0.9178808727507971,79.33837224214378,HIGH,0.9191196034591969,0.5,3
NIFTYIT,2013-07-02,SIDE,0.0001569271920156989,0.9990449564303429,0.000798116377641539,0.045777868634212376,0.9183565977452889,0.03586553362049879,0.9990449564303429,87.75348966179331,0.9985674346455141,SIDE,0.9183565977452889,79.33985496072003,HIGH,0.9191407851531435,0.5,4
NIFTYIT,2013-07-03,SIDE,0.00016975101190414704,0.9993279528004624,0.0005022961876333737,0.04579346483033601,0.918602430836371,0.03560410433329302,0.9993279528004624,87.79036462545564,0.9989919292006936,SIDE,0.918602430836371,79.33970753159004,HIGH,0.9191386790227147,0.5,5
NIFTYIT,2013-07-04,SIDE,0.017394816423138556,0.9823639207025434,0.00024126287431818432,0.058306761201486514,0.9059243992844486,0.03576883951406495,0.9823639207025434,85.88865989266729,0.9735458810538151,SIDE,0.9059243992844486,82.16203126088581,HIGH,0.9166004465840832,0.6,6
NIFTYIT,2013-07-05,SIDE,0.0005931622767578267,0.9993397019434143,6.713577982796058e-05,0.04611016373034031,0.9186610093291581,0.03522882694050163,0.9993397019434143,87.79915139937371,0.9990095529151214,SIDE,0.9186610093291581,85.3353180769501,HIGH,0.9190759725278588,0.7,7
NIFTYIT,2013-07-08,SIDE,0.00045263148794872174,0.9994787987900452,6.856972200611146e-05,0.04600808871390361,0.9187650438514325,0.03522686743466388,0.9994787987900452,87.81475657771487,0.9992181981850676,SIDE,0.9187650438514325,88.33676761410385,HIGH,0.9190966802014836,0.8,8
NIFTYIT,2013-07-09,SIDE,0.0009633986926940316,0.9990043665220834,3.2234785222528665e-05,0.04637974738580187,0.9184137991666863,0.035206453447511894,0.9990043665220834,87.76206987500291,0.998506549783125,SIDE,0.9184137991666863,91.33149759310706,HIGH,0.9190213941872437,0.9,9
NIFTYIT,2013-07-10,SIDE,0.0025005932056604593,0.9974949409610465,4.465833292934467e-06,0.04749655055460389,0.9172862529740605,0.035217196471335546,0.9974949409610465,87.59293794610906,0.9962424114415698,SIDE,0.9172862529740605,94.31564122730627,HIGH,0.918794874675804,1.0,10
NIFTYIT,2013-07-11,SIDE,0.033610891851858476,0.9663827898041347,6.318344006757092e-06,0.07008683875710463,0.8939796825524468,0.0359334786904486,0.9663827898041347,84.096952382867,0.9495741847062019,SIDE,0.8939796825524468,93.99476325894878,HIGH,0.9142109036992684,1.0,11
NIFTYIT,2013-07-12,BULL,0.9999999997997293,3.0287232069860266e-15,2.0026755864481324e-10,0.7718175074308887,0.17005541371747596,0.058127078851635414,0.9999999997997293,65.7726261146333,0.999999999699594,BULL,0.7718175074308887,57.02722553271561,MODERATE,0.7718175076102229,0.1,1
NIFTYIT,2013-07-15,BULL,0.9999999875539207,1.1784293936017235e-08,6.617853284618651e-10,0.771817498528954,0.17005542249238942,0.05812707897865667,0.9999999875539207,65.77262477934309,0.9999999813308811,BULL,0.771817498528954,60.027225659045016,MODERATE,0.7718175094149289,0.2,2
NIFTYIT,2013-07-16,BULL,0.9999995928022847,4.0244411917252013e-07,4.753596159753415e-09,0.7718172117984038,0.1700557146707005,0.05812707353089572,0.9999995928022847,65.77258176976056,0.999999389203427,BULL,0.7718172117984038,63.027229730804834,MODERATE,0.7718175675829263,0.3,3
NIFTYIT,2013-07-17,BULL,0.9999998828325584,1.1359644133040853e-07,3.5710003603837143e-09,0.7718174224251334,0.1700554984278951,0.058127079146971475,0.9999998828325584,65.77261336377,0.9999998242488374,BULL,0.7718174224251334,66.02722673931193,MODERATE,0.7718175248473134,0.4,4
NIFTYIT,2013-07-18,BULL,0.9999995221202563,4.7449624602430567e-07,3.3834976198504965e-09,0.7718171605026998,0.17005576880224146,0.05812707069505883,0.9999995221202563,65.77257407540496,0.9999992831803843,BULL,0.7718171605026998,69.02723045976371,MODERATE,0.7718175779966244,0.5,5
NIFTYIT,2013-07-19,BULL,0.9999999999996394,5.5483392573570505e-14,3.050738152209291e-13,0.7718175075802985,0.17005541374038854,0.05812707867931284,0.9999999999996394,65.77262613704478,0.9999999999994591,BULL,0.7718175075802985,72.0272255306434,MODERATE,0.7718175075806202,0.6,6
NIFTYIT,2013-07-22,BULL,0.9999999999737655,2.5366537381472705e-11,8.679276994159128e-13,0.7718175075614987,0.17005541375928487,0.058127078679216466,0.9999999999737655,65.7726261342248,0.9999999999606481,BULL,0.7718175075614987,75.02722553091027,HIGH,0.7718175075844326,0.7,7
NIFTYIT,2013-07-23,BULL,0.9999999999631219,3.647637178712307e-11,4.0163010319037795e-13,0.7718175075537799,0.17005541376766067,0.058127078678559416,0.9999999999631219,65.77262613306698,0.9999999999446829,BULL,0.7718175075537799,78.02722553102011,HIGH,0.7718175075860016,0.8,8
NIFTYIT,2013-07-24,BULL,0.9999999999797324,1.997499199608448e-11,2.92608670060091e-13,0.7718175075658437,0.17005541375531183,0.05812707867884453,0.9999999999797324,65.77262613487655,0.9999999999695987,BULL,0.7718175075658437,81.0272255308487,HIGH,0.7718175075835529,0.9,9
NIFTYIT,2013-07-25,BULL,0.9999999998270832,1.726867150918547e-10,2.300667555554524e-13,0.7718175074550008,0.17005541386971654,0.05812707867528265,0.9999999998270832,65.77262611825012,0.9999999997406248,BULL,0.7718175074550008,84.02722553242323,HIGH,0.7718175076060463,1.0,10
NIFTYIT,2013-07-26,BULL,0.9999999852036204,1.4794075438394153e-08,2.3041975247226235e-12,0.7718174968363247,0.17005542482247724,0.05812707834119813,0.9999999852036204,65.7726245254487,0.9999999778054305,BULL,0.7718174968363247,84.02722568325274,HIGH,0.7718175097607536,1.0,11
NIFTYIT,2013-07-29,BULL,0.9999998365765239,1.6341944929442802e-07,4.0267635830036e-12,0.7718173889127085,0.17005553615872332,0.05812707492856822,0.9999998365765239,65.77260833690627,0.9999997548647859,BULL,0.7718173889127085,84.02722721622344,HIGH,0.771817531660335,1.0,12
NIFTYIT,2013-07-30,BULL,0.999999769987774,2.3000875750327121e-07,3.4685726532357782e-12,0.7718173405601895,0.17005558604136464,0.058127073398445875,0.999999769987774,65.77260108402841,0.9999996549816608,BULL,0.7718173405601895,84.02722790303359,HIGH,0.7718175414719083,1.0,13
NIFTYIT,2013-07-31,BULL,0.9999999303037743,6.969439555088432e-08,1.8300552199380473e-12,0.7718174569715454,0.17005546594879553,0.05812707707965917,0.9999999303037743,65.7726185457318,0.9999998954556615,BULL,0.7718174569715454,84.0272262495011,HIGH,0.7718175178500158,1.0,14
NIFTYIT,2013-08-01,BULL,0.9999999975465252,2.453030778017832e-09,4.438902051418105e-13,0.7718175057989997,0.17005541557791587,0.058127078623084506,0.9999999975465252,65.77262586984995,0.9999999963197879,BULL,0.7718175057989997,84.02722555594539,HIGH,0.771817507942077,1.0,15
NIFTYIT,2013-08-02,BULL,0.9999999924024516,7.59720977583469e-09,3.3854158983397077e-13,0.7718175020637015,0.1700554194314731,0.05812707850482536,0.9999999924024516,65.77262530955522,0.9999999886036774,BULL,0.7718175020637015,84.02722560900241,HIGH,0.7718175087000347,1.0,16
NIFTYIT,2013-08-05,BULL,0.999999985588732,1.441102668297329e-08,2.41298941281143e-13,0.7718174971160121,0.17005542453576836,0.0581270783482195,0.999999985588732,65.77262456740182,0.9999999783830981,BULL,0.7718174971160121,84.02722567928048,HIGH,0.7718175097040068,1.0,17
NIFTYIT,2013-08-06,BULL,0.9999797815561869,2.0218351083578742e-05,9.272954677585487e-11,0.771802826225852,0.17007055945649077,0.05812661431765736,0.9999797815561869,65.77042393387778,0.9999696723342802,BULL,0.771802826225852,84.02743406786126,HIGH,0.7718204866837325,1.0,18
NIFTYIT,2013-08-07,BULL,0.9940973200613071,0.00590244256101036,2.3737768245390254e-07,0.767531350392609,0.17447695299570995,0.05799169661168104,0.9940973200613071,65.12970255889134,0.9911459800919605,BULL,0.767531350392609,84.08810700616213,HIGH,0.7726872429451735,1.0,19
NIFTYIT,2013-08-08,BULL,0.9669280864739987,0.033071057459078894,8.560669223324033e-07,0.7478027614105476,0.19482910653843183,0.05736813205102052,0.9669280864739987,62.170414211582134,0.950392129710998,BULL,0.7478027614105476,84.36833613994774,HIGH,0.7766905162849679,1.0,20
NIFTYIT,2013-08-12,BULL,0.8826999658804016,0.1172989732654632,1.0608541351953506e-06,0.6866416330429007,0.2579248810538849,0.05543348590321449,0.8826999658804016,52.9962449564351,0.8240499488206023,BULL,0.6866416330429007,85.23708243022557,HIGH,0.789101177574651,1.0,21
NIFTYIT,2013-08-13,BULL,0.9952016870845798,0.00479826595934721,4.695607303854249e-08,0.7683332757914113,0.17364982735173812,0.058016896856850624,0.9952016870845798,65.24999136871169,0.9928025306268695,BULL,0.7683332757914113,84.07671632620566,HIGH,0.7725245189457951,1.0,22
NIFTYIT,2013-08-14,BULL,0.9685517278244385,0.031447544428922655,7.277466388088907e-07,0.7489817496023864,0.1936129347644817,0.05740531563313192,0.9685517278244385,62.34726244035795,0.9528275917366577,BULL,0.7489817496023864,84.35158956021995,HIGH,0.7764512794317138,1.0,23
NIFTYIT,2013-08-16,BULL,0.6112709135835008,0.387101599332376,0.0016274870841231658,0.4895125030002469,0.4598501186752624,0.050637378324490764,0.6112709135835008,23.426875450037034,0.41690637037525125,BULL,0.4895125030002469,88.03674124845824,HIGH,0.8290963035494034,1.0,24
NIFTYIT,2013-08-19,SIDE,0.05448419416519919,0.9454448595503518,7.094628444904321e-05,0.08524233530529063,0.8782875207293555,0.03647014396535401,0.9454448595503518,81.74312810940332,0.9181672893255276,SIDE,0.8782875207293555,66.77947500830399,MODERATE,0.9111353572614855,0.1,1
NIFTYIT,2013-08-20,SIDE,0.002667152624600269,0.9964295331548029,0.0009033142205968169,0.047598400477655414,0.9163853301146067,0.036016269407738,0.9964295331548029,87.45779951719095,0.9946442997322041,SIDE,0.9163853301146067,70.31396936740855,MODERATE,0.9187709909629792,0.2,2
NIFTYIT,2013-08-21,SIDE,0.0014748124219440203,0.9773460624118776,0.021179125166178422,0.04630186290864202,0.8997704423282755,0.05392769476308244,0.9773460624118776,84.96556634924133,0.9660190936178162,SIDE,0.8997704423282755,73.32730660210122,MODERATE,0.9189615228871604,0.3,3
NIFTYIT,2013-08-22,SIDE,0.007793200359767628,0.9912620264295721,0.000944773210660319,0.051319730781000966,0.9125095675439403,0.03617070167505881,0.9912620264295721,86.87643513159105,0.9868930396443579,SIDE,0.9125095675439403,76.26110037433003,HIGH,0.9180157196332862,0.4,4
NIFTYIT,2013-08-23,SIDE,0.007035470715656815,0.992923225188331,4.130409601216219e-05,0.05078870866213102,0.9138573306740319,0.0353539606638371,0.992923225188331,87.07859960110478,0.9893848377824966,SIDE,0.9138573306740319,79.26886944953894,HIGH,0.9181267064219849,0.5,5
NIFTYIT,2013-08-26,SIDE,0.009771458667303862,0.9901956669313535,3.287440134253631e-05,0.052775588824254635,0.9118150594654884,0.03540935171025703,0.9901956669313535,86.77225891982326,0.9852935003970301,SIDE,0.9118150594654884,82.24064947112666,HIGH,0.9177235638732382,0.6,6
NIFTYIT,2013-08-27,SIDE,0.004090082381404512,0.9958821971885202,2.7720430075149256e-05,0.048650242858780064,0.9160754738117015,0.03527428332951843,0.9958821971885202,87.41132107175521,0.9938232957827805,SIDE,0.9160754738117015,85.29924809861997,HIGH,0.9185606871231425,0.7,7
NIFTYIT,2013-08-28,BULL,0.612303564443758,0.3876790289176906,1.7406638551403122e-05,0.4902965528788148,0.4604668495830017,0.049236597538183456,0.612303564443758,23.54448293182222,0.418455346665637,BULL,0.4902965528788148,67.02600775258202,MODERATE,0.828942967894029,0.3,1
NIFTYIT,2013-08-29,BULL,0.9657295645454456,0.03427001048920202,4.2496535242876014e-07,0.7469324798892304,0.19572730104938427,0.0573402190613853,0.9657295645454456,62.03987198338455,0.9485943468181683,BULL,0.7469324798892304,63.380697921242366,MODERATE,0.7768671131606054,0.3,2
NIFTYIT,2013-08-30,BULL,0.9999619983994106,3.799051373242773e-05,1.1086856896205902e-08,0.7717899129906827,0.17008387146650597,0.058126215542811464,0.9999619983994106,65.7684869486024,0.9999429975991159,BULL,0.7717899129906827,63.027617487586674,MODERATE,0.771823106965524,0.3,3
NIFTYIT,2013-09-02,BULL,0.999411469343616,0.0005885061336940269,2.4522690040535166e-08,0.7713901533894909,0.17049626553488612,0.05811358107562303,0.999411469343616,65.70852300842364,0.999117204015424,BULL,0.7713901533894909,66.03329575897354,MODERATE,0.7719042251281933,0.4,4
NIFTYIT,2013-09-03,BULL,0.8985913611241474,0.10137341340728626,3.522546856633557e-05,0.6981802315156309,0.24599101017814975,0.05582875830621927,0.8985913611241474,54.72703472734464,0.8478870416862211,BULL,0.6981802315156309,70.07317703954044,MODERATE,0.786759671993435,0.5,5
NIFTYIT,2013-09-04,BULL,0.9998249739203119,0.0001749661879856051,5.989170245768469e-08,0.7716904134597858,0.170186475444826,0.058123111095388105,0.9998249739203119,65.75356201896787,0.9997374608804677,BULL,0.7716904134597858,72.02903078894376,MODERATE,0.771843296984911,0.6,6
NIFTYIT,2013-09-05,BULL,0.9544015348310164,0.045300471174776855,0.0002979939942066724,0.7387004610142761,0.20395626807764178,0.05734327090808213,0.9544015348310164,60.805069152141414,0.9316023022465246,BULL,0.7387004610142761,75.49755281702573,HIGH,0.7785364688146534,0.7,7
NIFTYIT,2013-09-06,SIDE,0.4663344311415128,0.5336086458525907,5.6923005896411266e-05,0.38430217820484475,0.5697793596783488,0.04591846211680634,0.5336086458525907,35.46690395175232,0.30041296877888607,SIDE,0.5697793596783488,68.53156564957293,MODERATE,0.8504509378510419,0.3,1
NIFTYIT,2013-09-10,BULL,0.9844771975722931,0.01552189769042152,9.047372853969635e-07,0.7605458128477957,0.18168288658139192,0.05777130057081249,0.9844771975722931,64.08187192716935,0.9767157963584395,BULL,0.7605458128477957,78.18733097608354,HIGH,0.774104728229765,0.8,1
NIFTYIT,2013-09-11,BULL,0.9810277896751308,0.018971114744687673,1.0955801815861118e-06,0.7580410673521377,0.1842667005285773,0.05769223211928506,0.9810277896751308,63.706160102820654,0.9715416845126961,BULL,0.7580410673521377,81.22290889330228,HIGH,0.7746129841900325,0.9,2
NIFTYIT,2013-09-12,BULL,0.7988279359845419,0.20107786823147147,9.41957839864695e-05,0.6257371009849093,0.3206736604156079,0.05358923859948276,0.7988279359845419,43.860565147736395,0.6982419039768131,BULL,0.6257371009849093,83.10216069022373,HIGH,0.8014594384317676,0.9,3
NIFTYIT,2013-09-13,SIDE,0.17697357859309382,0.8217617600172625,0.0012646613896436314,0.17416100560623593,0.7854989859329351,0.04034000846082893,0.8217617600172625,67.82484788994026,0.7326426400258937,SIDE,0.7854989859329351,68.51615531044699,MODERATE,0.8930879330063858,0.2,1
NIFTYIT,2013-09-16,SIDE,0.00870821813970209,0.9652296914022163,0.026062090458081603,0.051450570959349365,0.8901354204683927,0.058414008572257946,0.9652296914022163,83.5203130702589,0.9478445371033244,SIDE,0.8901354204683927,73.2529500228206,MODERATE,0.9178992860402944,0.3,2
NIFTYIT,2013-09-17,SIDE,0.0035528600078995336,0.9951383112156934,0.0013088287764070582,0.04823293037809539,0.9153716795589953,0.03639539006290931,0.9951383112156934,87.30575193384928,0.9927074668235399,SIDE,0.9153716795589953,76.30485478175653,HIGH,0.9186407825965219,0.4,3
NIFTYIT,2013-09-18,SIDE,0.0009279251748904892,0.9976040451536553,0.001468029671454227,0.04632348699762884,0.9172005696872751,0.03647594331509606,0.9976040451536553,87.58008545309127,0.9964060677304828,SIDE,0.9172005696872751,79.33193706274099,HIGH,0.9190276723248714,0.5,4
NIFTYIT,2013-09-19,SIDE,0.0005532032057719353,0.9970849631818794,0.0023618336123486187,0.046032399838552805,0.9167094808556445,0.0372581193058027,0.9970849631818794,87.50642212834666,0.9956274447728192,SIDE,0.9167094808556445,82.33584783263954,HIGH,0.9190835404662793,0.6,5
NIFTYIT,2013-09-20,SIDE,0.0005700685769662894,0.9849247363458272,0.014505195077206547,0.045786675023859844,0.9062111042497291,0.04800222072641113,0.9849247363458272,85.93166563745935,0.9773871045187403,SIDE,0.9062111042497291,85.33629626027843,HIGH,0.9190899465754062,0.7,6
NIFTYIT,2013-09-23,SIDE,0.0005358186552981481,0.9955417201262161,0.003922461218485856,0.04598662258847387,0.9153749082481073,0.038638469163418836,0.9955417201262161,87.3062362372161,0.993312580189324,SIDE,0.9153749082481073,85.33610712693736,HIGH,0.9190872446705339,0.7,7
NIFTYIT,2013-09-24,SIDE,0.0003680942579621947,0.9954005167691955,0.004231388972842302,0.04585826895363153,0.9152337940769519,0.03890793696941658,0.9954005167691955,87.2850691115428,0.9931007751537932,SIDE,0.9152337940769519,88.33785290450228,HIGH,0.9191121843500328,0.8,8
NIFTYIT,2013-09-25,SIDE,0.0008991988299760585,0.9757653788589026,0.02333542231112124,0.04583808080495942,0.8983396853170885,0.0558222338779521,0.9757653788589026,84.75095279756326,0.963648068288354,SIDE,0.8983396853170885,91.33335411604155,HIGH,0.9190479159434507,0.9,9
NIFTYIT,2013-09-26,SIDE,0.00033492188973495527,0.9929309419509263,0.006734136159338694,0.04578101337243027,0.9130975318702352,0.04112145475733449,0.9929309419509263,86.96462978053529,0.9893964129263894,SIDE,0.9130975318702352,94.33832332383378,HIGH,0.9191189046261968,1.0,10
NIFTYIT,2013-09-27,SIDE,0.000201471591674499,0.9971351746625233,0.0026633537458021542,0.045770589188770625,0.9167126043961384,0.03751680641509088,0.9971351746625233,87.50689065942076,0.9957027619937848,SIDE,0.9167126043961384,94.33949111908592,HIGH,0.9191355874155134,1.0,11
NIFTYIT,2013-09-30,SIDE,0.0004823451265834404,0.9561417525607788,0.04337590231263762,0.04510965172070171,0.8813470817615552,0.0735432665177431,0.9561417525607788,82.20206226423328,0.9342126288411684,SIDE,0.8813470817615552,94.33868076101832,HIGH,0.9191240108716904,1.0,12
NIFTYIT,2013-10-01,SIDE,0.0002486932748382643,0.9781364262993364,0.021614880425825427,0.04540227577161612,0.9003126650070751,0.05428505922130881,0.9781364262993364,85.04689975106125,0.9672046394490046,SIDE,0.9003126650070751,94.33997538257044,HIGH,0.9191425054652922,1.0,13
NIFTYIT,2013-10-03,SIDE,0.0030417759206241898,0.9966610179352172,0.00029720614415866753,0.047883304227579304,0.916628068668702,0.0354886271037188,0.9966610179352172,87.49421030030527,0.9949915269028257,SIDE,0.916628068668702,94.31007436044663,HIGH,0.9187153480063803,1.0,14
NIFTYIT,2013-10-04,SIDE,0.00027155279332256085,0.9997200488328439,8.398373833435583e-06,0.045877879109267196,0.9189526490452224,0.03516947184551037,0.9997200488328439,87.84289735678337,0.9995800732492659,SIDE,0.9189526490452224,94.33863221331575,HIGH,0.9191233173330823,1.0,15
NIFTYIT,2013-10-07,SIDE,0.010325777736675678,0.9896741302860361,9.197728806463739e-08,0.053178796631619465,0.9114281221543584,0.03539308121402213,0.9896741302860361,86.71421832315374,0.9845111954290542,SIDE,0.9114281221543584,94.23493042925435,HIGH,0.9176418632750623,1.0,16
NIFTYIT,2013-10-08,SIDE,0.0013121103618832083,0.9986874322610346,4.573770822612484e-07,0.04663363477719538,0.9181800161582041,0.0351863490646005,0.9986874322610346,87.72700242373061,0.9980311483915519,SIDE,0.9181800161582041,94.32789928005214,HIGH,0.9189699897150305,1.0,17
NIFTYIT,2013-10-09,SIDE,0.023630984174344456,0.976368794695031,2.2113062463770412e-07,0.06284019171174203,0.9014609752495136,0.03569883303874435,0.976368794695031,85.21914628742702,0.9645531920425465,SIDE,0.9014609752495136,94.09769778111443,HIGH,0.9156813968730634,1.0,18
NIFTYIT,2013-10-10,SIDE,0.030666430208579506,0.9693334397529562,1.3003846427850515e-07,0.06794888875231722,0.8961907456353293,0.035860365612353555,0.9693334397529562,84.4286118452994,0.9540001596294341,SIDE,0.8961907456353293,94.0251327289797,HIGH,0.9146447532711385,1.0,19
NIFTYIT,2013-10-11,BULL,0.9994892891668216,0.0005107081150130028,2.7181653361777178e-09,0.7714466616772214,0.17043798891791545,0.05811534940486317,0.9994892891668216,65.7169992515832,0.9992339337502325,BULL,0.7714466616772214,57.03249310808268,MODERATE,0.7718927586868954,0.1,1
NIFTYIT,2013-10-14,BULL,0.9999997181413289,2.818308135210945e-07,2.7857579283293817e-11,0.7718173029120683,0.1700556248588869,0.05812707222904485,0.9999997181413289,65.77259543681025,0.9999995772119934,BULL,0.7718173029120683,60.02722843778982,MODERATE,0.7718175491112833,0.2,2
NIFTYIT,2013-10-15,BULL,0.9999993889493892,6.110388916011031e-07,1.1719145157562536e-11,0.7718170638740839,0.17005587147310813,0.05812706465280792,0.9999993889493892,65.77255958111257,0.9999990834240838,BULL,0.7718170638740839,63.02723183314283,MODERATE,0.7718175976163262,0.3,3
NIFTYIT,2013-10-17,BULL,0.9870141565798982,0.01295868574113975,2.7157678962042196e-05,0.7623874340106618,0.17975976121539727,0.057852804773940926,0.9870141565798982,64.35811510159927,0.9805212348698473,BULL,0.7623874340106618,66.1611656010001,MODERATE,0.7737309371571445,0.4,4
NIFTYIT,2013-10-18,BULL,0.9495475591412706,0.050451902257306926,5.386014224545897e-07,0.7351821305316928,0.2078492711667479,0.05696859830155933,0.9495475591412706,60.27731957975392,0.9243213387119058,BULL,0.7351821305316928,69.54760248216301,MODERATE,0.7792514640309003,0.5,5
NIFTYIT,2013-10-21,BULL,0.6394241675968222,0.36057246190574116,3.370497436671786e-06,0.5099901145589455,0.4401627113976658,0.04984717404338868,0.6394241675968222,26.498517183841823,0.4591362513952333,BULL,0.5099901145589455,75.74627951548555,HIGH,0.8249468502212225,0.6,6
NIFTYIT,2013-10-22,BULL,0.5721187298505492,0.42788003236634725,1.2377831035894054e-06,0.4611172158180433,0.4905835887633027,0.04829919541865396,0.5721187298505492,23.587538314495408,0.35817809477582385,SIDE,0.4905835887633027,79.44048163031762,HIGH,0.8348640232902518,0.7,7
NIFTYIT,2013-10-23,SIDE,0.08743777459244327,0.9125550432843333,7.182123223352228e-06,0.10917249188542749,0.8536567930719514,0.03717071504262098,0.9125550432843333,78.0485189607927,0.8688325649264999,SIDE,0.8536567930719514,72.43958168687146,MODERATE,0.906279738383878,0.3,1
NIFTYIT,2013-10-24,SIDE,0.0018264278223514396,0.9980660961634563,0.00010747601419210623,0.04700482604239342,0.9177023267280356,0.03529284722957096,0.9980660961634563,87.65534900920532,0.9970991442451846,SIDE,0.9177023267280356,73.32259998824627,MODERATE,0.9188942855463753,0.3,2
NIFTYIT,2013-10-25,SIDE,0.003763942120503479,0.9962199257203169,1.6132159179623927e-05,0.04841366664649271,0.9163297944849872,0.035256538868520114,0.9962199257203169,87.44946917274807,0.9943298885804752,SIDE,0.9163297944849872,73.30261138288515,MODERATE,0.9186087340412165,0.3,3
NIFTYIT,2013-10-28,BULL,1.0,3.693969143231379e-266,1.3869160726441302e-204,0.7718175075805669,0.17005541374038188,0.05812707867905122,1.0,65.77262613708503,1.0,BULL,0.7718175075805669,75.02722553063967,HIGH,0.7718175075805669,0.7,1
NIFTYIT,2013-10-29,SIDE,0.12763047810340086,0.8722871236525731,8.239824402599493e-05,0.1383562884662055,0.8234831721526261,0.0381605393811684,0.8722871236525731,73.52247582289392,0.8084306854788597,SIDE,0.8234831721526261,75.0250296738227,HIGH,0.9003575667688958,0.4,1
NIFTYIT,2013-10-30,SIDE,0.0037419600378527295,0.9962328782203007,2.516174184657509e-05,0.04839751282815367,0.9163384644295183,0.03526402274232811,0.9962328782203007,87.45076966442774,0.9943493173304511,SIDE,0.9163384644295183,79.30283857342909,HIGH,0.9186119796204154,0.5,2
NIFTYIT,2013-10-31,SIDE,0.001104666441723309,0.9988695668495479,2.5766708728803628e-05,0.046482464480293126,0.9183135595359345,0.03520397598377233,0.9988695668495479,87.74703393039016,0.9983043502743216,SIDE,0.9183135595359345,82.33004019677979,HIGH,0.9190005742397114,0.6,3
NIFTYIT,2013-11-01,SIDE,0.00057636065715416,0.9989285638182095,0.0004950755246364918,0.04608887238414977,0.9183040713477556,0.0356070562680946,0.9989285638182095,87.74561070216332,0.9983928457273142,SIDE,0.9183040713477556,85.33551330541965,HIGH,0.9190787615059952,0.7,4
NIFTYIT,2013-11-05,SIDE,0.0009942290655325235,0.9757554956248067,0.0232502753096608,0.04590889458790752,0.8983420215011376,0.0557490839109549,0.9757554956248067,84.75130322517063,0.96363324343721,SIDE,0.8983420215011376,88.3323695904936,HIGH,0.9190338512927658,0.8,5
NIFTYIT,2013-11-06,SIDE,0.001755793899886306,0.9934105672128578,0.004833638887255897,0.04685313441284982,0.9136742169777718,0.03947264860937842,0.9934105672128578,87.05113254666578,0.9901158508192865,SIDE,0.9136742169777718,91.32357074995679,HIGH,0.9189081535708112,0.9,6
NIFTYIT,2013-11-07,SIDE,0.002088780115308461,0.9978747297130826,3.6490171608958155e-05,0.04719683766387566,0.9175670925330536,0.035236069803070875,0.9978747297130826,87.63506387995798,0.9968120945696238,SIDE,0.9175670925330536,91.31989039414343,HIGH,0.918855577059192,0.9,7
NIFTYIT,2013-11-08,SIDE,0.0007934979433889959,0.9991465557341085,5.9946322502510244e-05,0.04625578752860944,0.9185171443635043,0.035227068107886235,0.9991465557341085,87.77757165452564,0.9987198336011626,SIDE,0.9185171443635043,91.33325140491479,HIGH,0.9190464486416398,0.9,8
NIFTYIT,2013-11-11,SIDE,0.0007463701485356408,0.9992142315295695,3.939832189494491e-05,0.04622200282827886,0.918570191281307,0.0352078058904142,0.9992142315295695,87.78552869219604,0.998821347294354,SIDE,0.918570191281307,91.33373643760987,HIGH,0.919053377680141,0.9,9
NIFTYIT,2013-11-12,SIDE,0.0003353273838479407,0.9994982720135835,0.000166400602568558,0.04592083160497603,0.9187684407211106,0.035310727673913356,0.9994982720135835,87.81526610816658,0.9992474080203751,SIDE,0.9187684407211106,94.33798252702856,HIGH,0.9191140361004082,1.0,10
NIFTYIT,2013-11-13,SIDE,0.00023515493938034167,0.9995733316705637,0.0001915133900559102,0.0458475592317583,0.9188217959029964,0.03533064486524528,0.9995733316705637,87.82326938544944,0.9993599975058456,SIDE,0.9188217959029964,94.3390170134661,HIGH,0.9191288144780873,1.0,11
NIFTYIT,2013-11-14,SIDE,0.0002927200034764472,0.9996920244389788,1.5255557544774249e-05,0.045893103723237114,0.9189308713707725,0.035176024905990484,0.9996920244389788,87.83963070561586,0.999538036658468,SIDE,0.9189308713707725,94.3384142417759,HIGH,0.9191202034539413,1.0,12
NIFTYIT,2013-11-18,SIDE,0.0006584440260308502,0.9993330733028974,8.482671071725573e-06,0.04615881321610406,0.9186627529723232,0.03517843381157276,0.9993330733028974,87.79941294584846,0.998999609954346,SIDE,0.9186627529723232,94.33464174133535,HIGH,0.9190663105905049,1.0,13
NIFTYIT,2013-11-19,SIDE,0.0005021084282587267,0.999495225180157,2.6663915843405906e-06,0.0460454157712783,0.9187848875385561,0.03516969669016556,0.999495225180157,87.81773313078341,0.9992428377702355,SIDE,0.9187848875385561,94.33625392096823,HIGH,0.9190893417281176,1.0,14
NIFTYIT,2013-11-20,SIDE,0.0002120141969563673,0.9997213776666962,6.660813634744035e-05,0.045833409355594094,0.9189469859884433,0.03521960465596258,0.9997213776666962,87.84204789826647,0.9995820665000443,SIDE,0.9189469859884433,94.33924929013928,HIGH,0.9191321327162756,1.0,15
NIFTYIT,2013-11-21,SIDE,0.00032577431790367124,0.9921438529482421,0.007530372733854172,0.045757455879372175,0.9124168373851665,0.04182570673546129,0.9921438529482421,86.86252560777497,0.988215779422363,SIDE,0.9124168373851665,94.33845848309173,HIGH,0.9191208354727392,1.0,16
NIFTYIT,2013-11-22,SIDE,0.00017691794518524432,0.9979332696197196,0.0018898124350951555,0.045769192858492375,0.9173989474635669,0.03683185967794076,0.9979332696197196,87.60984211953503,0.9968999044295794,SIDE,0.9173989474635669,94.33970472436788,HIGH,0.9191386389195411,1.0,17
NIFTYIT,2013-11-25,SIDE,0.0001621626100690743,0.9985642037054291,0.0012736336845017334,0.045771568459241754,0.9179420686157486,0.036286362925009634,0.9985642037054291,87.69131029236227,0.9978463055581438,SIDE,0.9179420686157486,94.33982533309975,HIGH,0.9191403619014249,1.0,18
NIFTYIT,2013-11-26,SIDE,0.00016446248687189164,0.9984593361505304,0.001376201362597589,0.045771059554807404,0.9178517789921451,0.03637716145304745,0.9984593361505304,87.67776684882175,0.9976890042257958,SIDE,0.9178517789921451,94.3398068685688,HIGH,0.9191400981224116,1.0,19
NIFTYIT,2013-11-27,SIDE,0.00017068970900767244,0.9297534085870647,0.07007590170392765,0.04431613733806834,0.8585252057664501,0.0971586568954815,0.9297534085870647,78.77878086496752,0.894630112880597,SIDE,0.8585252057664501,94.34326368771629,HIGH,0.9191894812530899,1.0,20
NIFTYIT,2013-11-28,SIDE,0.00025508500467075765,0.7741938800128838,0.22555103498244541,0.041074534192466296,0.7242098471870335,0.2347156186205001,0.7741938800128838,58.63147707805503,0.6612908200193257,SIDE,0.7242098471870335,94.35036174402708,HIGH,0.9192908820575298,1.0,21
NIFTYIT,2013-11-29,SIDE,0.00021111990027157429,0.9319558724849603,0.06783300761476801,0.04439314281817776,0.8604316490009538,0.09517520818086843,0.9319558724849603,79.06474735014307,0.8979338087274406,SIDE,0.8604316490009538,94.34273172787859,HIGH,0.9191818818268371,1.0,22
NIFTYIT,2013-12-02,SIDE,9.47712547764091e-05,0.9930539309316775,0.0068512978135461455,0.04560414223756166,0.9131762620044018,0.04121959575803647,0.9930539309316775,86.97643930066026,0.9895808963975162,SIDE,0.9131762620044018,94.34080629207493,HIGH,0.9191543756010705,1.0,23
NIFTYIT,2013-12-03,SIDE,7.491831345707135e-05,0.9987360798348337,0.0011890018517092676,0.04571001508269777,0.9180805032475423,0.036209481669759916,0.9987360798348337,87.71207548713134,0.9981041197522506,SIDE,0.9180805032475423,94.34072085123013,HIGH,0.9191531550175734,1.0,24
NIFTYIT,2013-12-04,SIDE,7.743005857756701e-05,0.9994011519167998,0.000521418024622713,0.04572602098314191,0.9186550775652272,0.03561890145163084,0.9994011519167998,87.79826163478407,0.9991017278751997,SIDE,0.9186550775652272,94.34066072906924,HIGH,0.9191522961295605,1.0,25
NIFTYIT,2013-12-05,SIDE,7.409504033219538e-05,0.9975708520152824,0.002355052944385416,0.045684645895030115,0.9170742396508007,0.03724111445416917,0.9975708520152824,87.5611359476201,0.9963562780229236,SIDE,0.9170742396508007,94.34078910595531,HIGH,0.9191541300850758,1.0,26
NIFTYIT,2013-12-06,SIDE,0.00012051271678588508,0.9758833428112017,0.0239961444720124,0.045258612029106235,0.8983524743782682,0.05638891359262572,0.9758833428112017,84.75287115674017,0.9638250142168026,SIDE,0.8983524743782682,94.34141950970434,HIGH,0.9191631358529192,1.0,27
NIFTYIT,2013-12-09,SIDE,0.00012207114077502506,0.9882878584891721,0.011590070370052902,0.04552329605626017,0.9090639008538686,0.045412803089871306,0.9882878584891721,86.35958512808028,0.9824317877337582,SIDE,0.9090639008538686,94.34076759048328,HIGH,0.9191538227211898,1.0,28
NIFTYIT,2013-12-10,SIDE,0.0012801788710193132,0.9986173689546195,0.00010245217436112793,0.046608281392826204,0.9181158642031031,0.03527585440407062,0.9986173689546195,87.71737963046546,0.9979260534319294,SIDE,0.9181158642031031,94.32823385557509,HIGH,0.9189747693653586,1.0,29
NIFTYIT,2013-12-11,SIDE,0.000380529647758161,0.9996170839994589,2.386352782908744e-06,0.04595713891387405,0.9188762049770219,0.03516665610910397,0.9996170839994589,87.83143074655328,0.9994256259991884,SIDE,0.9188762049770219,94.33750789533701,HIGH,0.9191072556476717,1.0,30
NIFTYIT,2013-12-12,SIDE,0.00011470707423250403,0.9998614232848066,2.386964096080155e-05,0.04576365901786746,0.919056784038522,0.035179556943610475,0.9998614232848066,87.8585176057783,0.99979213492721,SIDE,0.919056784038522,94.34025074549068,HIGH,0.9191464392212956,1.0,31
NIFTYIT,2013-12-13,SIDE,0.00010793005675502968,0.9998651551485647,2.6914794680334226e-05,0.045758673286508664,0.9190592312782201,0.03518209543527131,0.9998651551485647,87.858884691733,0.999797732722847,SIDE,0.9190592312782201,94.34032080112497,HIGH,0.9191474400160712,1.0,32
NIFTYIT,2013-12-16,SIDE,0.001900562178630054,0.9980968203896665,2.6174317034489055e-06,0.0470608853111566,0.9177373370495828,0.03520177763926063,0.9980968203896665,87.6606005574374,0.9971452305844998,SIDE,0.9177373370495828,94.32182997685223,HIGH,0.9188832853836035,1.0,33
NIFTYIT,2013-12-17,SIDE,0.002305155800933024,0.9976942422051279,6.019939390674401e-07,0.04735471837798746,0.917435993089148,0.035209288532864556,0.9976942422051279,87.6153989633722,0.9965413633076917,SIDE,0.917435993089148,94.31765681114214,HIGH,0.9188236687306022,1.0,34
NIFTYIT,2013-12-18,SIDE,0.0021859529503386456,0.9978136586328092,3.8841685201407763e-07,0.04726816535842842,0.9175254733103118,0.03520636133125987,0.9978136586328092,87.62882099654676,0.9967204879492139,SIDE,0.9175254733103118,94.31888628308415,HIGH,0.918841232615488,1.0,35
NIFTYIT,2013-12-19,SIDE,0.07218698557692796,0.9278123827277387,6.316953334131862e-07,0.09809847443250394,0.8650869360187996,0.03681458954869639,0.9278123827277387,79.76304040281994,0.891718574091608,SIDE,0.8650869360187996,93.5968811475493,HIGH,0.9085268735364187,1.0,36
NIFTYIT,2013-12-20,BULL,0.9709997763909477,0.02900016082017711,6.278887519306416e-08,0.7507593814757801,0.1917796564084876,0.05746096211573227,0.9709997763909477,62.613907221367015,0.9564996645864215,BULL,0.7507593814757801,57.32633984622344,MODERATE,0.7760905692317634,0.1,1
NIFTYIT,2013-12-23,SIDE,0.36562000845146303,0.6343744734418705,5.518106666360587e-06,0.3111708383045687,0.6452697182462314,0.04355944344919994,0.6343744734418705,46.790457736934705,0.4515617101628059,SIDE,0.6452697182462314,87.5703524289145,HIGH,0.865290748984493,0.9,1
NIFTYIT,2013-12-24,SIDE,0.03717618676685038,0.9628229203443621,8.928887875770687e-07,0.07267584526502943,0.8913135767897707,0.03601057794519989,0.9628229203443621,83.6970365184656,0.9442343805165432,SIDE,0.8913135767897707,90.9579897907393,HIGH,0.913685568439133,0.9,2
NIFTYIT,2013-12-26,SIDE,0.014953866619292652,0.9850458468945864,2.8648612094544206e-07,0.05653941738484927,0.9079610162084291,0.03549956640672166,0.9850458468945864,86.19415243126436,0.9775687703418796,SIDE,0.9079610162084291,91.18719537199253,HIGH,0.9169599338856075,0.9,3
NIFTYIT,2013-12-27,SIDE,0.33886411380015014,0.661135576194336,3.1000551385189966e-07,0.29174251364967757,0.6653172677321599,0.042940218618162565,0.661135576194336,49.79759015982399,0.4917033642915041,SIDE,0.6653172677321599,87.84631800067112,HIGH,0.8692331142953018,0.9,4
NIFTYIT,2013-12-30,SIDE,0.0600766062307841,0.9399223867557588,1.0070134571404362e-06,0.08930467635851717,0.8741585928897364,0.036536730751746446,0.9399223867557588,81.12378893346046,0.909883580133638,SIDE,0.8741585928897364,90.72179012746933,HIGH,0.9103112875352763,0.9,5
NIFTYIT,2013-12-31,SIDE,0.006681342856821166,0.9933180051104752,6.520327036086698e-07,0.050532427055630755,0.9141577135433759,0.03530985940099331,0.9933180051104752,87.12365703150637,0.9899770076657126,SIDE,0.9141577135433759,91.27251991408654,HIGH,0.9181788559155221,0.9,6
NIFTYIT,2014-01-01,SIDE,0.0009438514005180335,0.9990550179808503,1.1306186316001937e-06,0.04636621415214726,0.9184553005176423,0.03517848533021036,0.9990550179808503,87.76829507764636,0.9985825269712756,SIDE,0.9184553005176423,91.33169761375306,HIGH,0.9190242516250438,0.9,7
NIFTYIT,2014-01-02,SIDE,0.0021699118165514515,0.9978294961991312,5.919843173689563e-07,0.04725651297897631,0.9175373140708427,0.03520617295018098,0.9978294961991312,87.63059711062641,0.9967442442986968,SIDE,0.9175373140708427,91.31905174509359,HIGH,0.9188435963584798,0.9,8
NIFTYIT,2014-01-03,SIDE,0.24760385973382149,0.7523954693932413,6.708729370599305e-07,0.22547509223312276,0.7336807342788603,0.040844173488016944,0.7523954693932413,60.05211014182904,0.6285932040898621,SIDE,0.7336807342788603,88.78759517996914,HIGH,0.8826799311424165,0.9,9
NIFTYIT,2014-01-06,BULL,0.7394860218601931,0.26051271439321927,1.2637465876889042e-06,0.5826487374099323,0.3652074040892728,0.05214385850079488,0.7394860218601931,37.39731061148984,0.6092290327902896,BULL,0.5826487374099323,59.71422071942752,MODERATE,0.8102031531346789,0.1,1
NIFTYIT,2014-01-07,SIDE,0.04311259360225794,0.9568557611502676,3.164524747437594e-05,0.07698583444789507,0.8868400129395966,0.03617415261250837,0.9568557611502676,83.02600194093948,0.9352836417254016,SIDE,0.8868400129395966,90.89676203732809,HIGH,0.9128108862475441,0.9,1
NIFTYIT,2014-01-08,SIDE,0.0010036436246807535,0.998991533559462,4.8228158572388405e-06,0.04640955304019814,0.9184073214924876,0.03518312546731426,0.998991533559462,87.76109822387312,0.9984873003391929,SIDE,0.9184073214924876,91.33108109360505,HIGH,0.9190154441943579,0.9,2
NIFTYIT,2014-01-09,SIDE,0.0014767813147004935,0.9985106593063798,1.2559378919596014e-05,0.046752951295930135,0.9180462098162105,0.035200838887859305,0.9985106593063798,87.70693147243158,0.9977659889595696,SIDE,0.9180462098162105,91.32620145000153,HIGH,0.918945735000022,0.9,3
NIFTYIT,2014-01-10,SIDE,0.1026225493406376,0.8973556096052367,2.184105412568944e-05,0.12019840170487625,0.8422691002759374,0.037532498019186365,0.8973556096052367,76.34036504139058,0.846033414407855,SIDE,0.8422691002759374,90.28296352660156,HIGH,0.904042336094308,0.9,4
NIFTYIT,2014-01-13,BULL,0.9899393080510402,0.010060561139490987,1.3080946879163807e-07,0.764512067809224,0.1775918447020739,0.0578960874887021,0.9899393080510402,64.6768101713836,0.9849089620765602,BULL,0.764512067809224,60.13099359771496,MODERATE,0.7732999085387853,0.2,1
NIFTYIT,2014-01-14,BULL,0.9049190879119614,0.09507978907289491,1.1230151435345516e-06,0.702775750215665,0.24128030731964722,0.055943942464687785,0.9049190879119614,55.41636253234974,0.8573786318679423,BULL,0.702775750215665,64.00790980710926,MODERATE,0.7858272829587037,0.3,2
NIFTYIT,2014-01-15,BULL,0.9326184943874747,0.06738107510484877,4.3050767646388114e-07,0.722889318722646,0.22053106081464482,0.056579620462709285,0.9326184943874747,58.43339780839689,0.898927741581212,BULL,0.722889318722646,66.72221235657041,MODERATE,0.7817458908081487,0.4,3
NIFTYIT,2014-01-16,BULL,0.9519080185404784,0.04809143755091212,5.439086095658323e-07,0.7368961464629369,0.20608102777775056,0.05702282575931252,0.9519080185404784,60.53442196944053,0.9278620278107174,BULL,0.7368961464629369,69.52325621533109,MODERATE,0.7789036602190155,0.5,4
NIFTYIT,2014-01-17,SIDE,0.42564856992553984,0.5740586926526787,0.000292737421781401,0.3547536742713072,0.600053835347468,0.045192490381224706,0.5740586926526787,40.008075302120204,0.3610880389790181,SIDE,0.600053835347468,74.95122013449391,MODERATE,0.8564460019213417,0.5,1
NIFTYIT,2014-01-20,BULL,0.970840186990227,0.029158228249414712,1.584760358353034e-06,0.7506434654329532,0.1918978918747489,0.05745864269229792,0.970840186990227,62.59651981494299,0.9562602804853405,BULL,0.7506434654329532,69.3279859623593,MODERATE,0.7761140851765616,0.5,1
NIFTYIT,2014-01-21,BULL,0.6349872210012534,0.3650056834775759,7.095521170675474e-06,0.5067682059568993,0.4434832466442738,0.04974854739882695,0.6349872210012534,26.015230893534895,0.45248083150188007,BULL,0.5067682059568993,75.79204329249927,HIGH,0.8256006184642753,0.6,2
NIFTYIT,2014-01-22,SIDE,0.253734699399701,0.7462619106197642,3.3899805346762737e-06,0.22992686175046648,0.7290857258543763,0.04098741239515726,0.7462619106197642,59.36285887815643,0.6193928659296463,SIDE,0.7290857258543763,73.7243605692956,MODERATE,0.8817765795613658,0.4,1
NIFTYIT,2014-01-23,SIDE,0.030034313906827873,0.9699583936304079,7.292462764256326e-06,0.06748973379110883,0.896658084232875,0.03585218197601626,0.9699583936304079,84.49871263493122,0.9549375904456119,SIDE,0.896658084232875,76.03165287452362,HIGH,0.9147378982074803,0.4,2
NIFTYIT,2014-01-24,SIDE,0.0018082231222842243,0.9981824348422027,9.342035513062383e-06,0.04699369168328047,0.9178007022993574,0.03520560601736217,0.9981824348422027,87.67010534490359,0.9972736522633039,SIDE,0.9178007022993574,76.32278272565755,HIGH,0.9188968960808221,0.4,3
NIFTYIT,2014-01-27,SIDE,0.0006146049925076306,0.9993756575107369,9.737496755578033e-06,0.04612695343055197,0.9186945096022741,0.03517853696717397,0.9993756575107369,87.80417644034111,0.9990634862661053,SIDE,0.9186945096022741,79.33509397051962,HIGH,0.9190727710074231,0.5,4
NIFTYIT,2014-01-28,SIDE,0.0003864910288387432,0.9995140892299872,9.941974117415348e-05,0.04595940633128444,0.9187879513279746,0.03525264234074087,0.9995140892299872,87.8181926991962,0.9992711338449808,SIDE,0.9187879513279746,82.33745138164512,HIGH,0.9191064483092162,0.6,5
NIFTYIT,2014-01-29,SIDE,0.0004086325549740629,0.9995613577816571,3.0009663368868592e-05,0.04597695863971625,0.9188313002519952,0.0351917411082885,0.9995613577816571,87.82469503779929,0.9993420366724857,SIDE,0.9188313002519952,85.33721945190214,HIGH,0.9191031350271737,0.7,6
NIFTYIT,2014-01-30,SIDE,0.0002601958771542098,0.9995692542455188,0.00017054987732696944,0.04586618771911749,0.9188211394453673,0.03531267283551527,0.9995692542455188,87.82317091680507,0.9993538813682782,SIDE,0.9188211394453673,88.33875766161034,HIGH,0.9191251094515764,0.8,7
NIFTYIT,2014-01-31,SIDE,0.0003803977023514516,0.9992990421299259,0.00032056016772264985,0.04595028387639968,0.9186015620392934,0.03544815408430687,0.9992990421299259,87.790234305894,0.9989485631948889,SIDE,0.9186015620392934,88.33752556352965,HIGH,0.9191075080504236,0.8,8
NIFTYIT,2014-02-03,SIDE,0.000568231583606766,0.9785080373393771,0.020923731077016124,0.045648986895720195,0.9006701009493477,0.05368091215493209,0.9785080373393771,85.10051514240214,0.9677620560090656,SIDE,0.9006701009493477,91.336644174977,HIGH,0.9190949167853857,0.9,9
NIFTYIT,2014-02-04,BEAR,0.0003594131942299561,0.09446443914185491,0.9051761476639152,0.026712457520055986,0.13727820776382657,0.8360093347161174,0.9051761476639152,75.4014002074176,0.8577642214958726,BEAR,0.8360093347161174,67.38411833192325,MODERATE,0.919773119027475,0.1,1
NIFTYIT,2014-02-05,BEAR,0.0001741699618739157,0.03234050346552172,0.9674853265726043,0.02525426067544498,0.08361325551328874,0.8911324838112664,0.9674853265726043,83.66987257168996,0.9512279898589063,BEAR,0.8911324838112664,70.38922248524742,MODERATE,0.9198460355035346,0.2,2
NIFTYIT,2014-02-06,BEAR,0.00016174370991448562,0.044647318627956574,0.9551909376621289,0.025506417297027174,0.0942387183172882,0.8802548643856847,0.9551909376621289,82.0382296578527,0.9327864064931932,BEAR,0.8802548643856847,73.38872053104272,MODERATE,0.9198388647291819,0.3,3
NIFTYIT,2014-02-07,BEAR,1.1435252043893675e-05,0.0006296379271299338,0.9993589268208262,0.02445897603178797,0.05621243880115406,0.9193285851670578,0.9993589268208262,87.89928777505871,0.9990383902312391,BEAR,0.9193285851670578,76.39253457415278,HIGH,0.9198933510593253,0.4,4
NIFTYIT,2014-02-10,BEAR,8.733595051586451e-06,0.0005770366397248717,0.9994142297652235,0.02445583941390577,0.056166708769006375,0.919377451817088,0.9994142297652235,87.90661777256315,0.9991213446478353,BEAR,0.919377451817088,79.39256527403002,HIGH,0.9198937896290001,0.5,5
NIFTYIT,2014-02-11,BEAR,6.452374467522968e-05,0.009989490690431634,0.9899459855648931,0.024697492355766244,0.06430070580684137,0.9110018018373924,0.9899459855648931,86.65027027560886,0.9849189783473397,BEAR,0.9110018018373924,82.3915045693967,HIGH,0.9198786367056673,0.6,6
NIFTYIT,2014-02-12,BEAR,0.00010356487233159773,0.04267358706675911,0.9572228480609092,0.025421005974039925,0.09252775428201532,0.8820512397439447,0.9572228480609092,82.30768596159169,0.9358342720913639,BEAR,0.8820512397439447,85.38942474060174,HIGH,0.9198489248657392,0.7,7
NIFTYIT,2014-02-13,BEAR,9.628159273792417e-05,0.08023849975362157,0.9196652186536404,0.02621358481630242,0.1249640685888741,0.8488223465948235,0.9196652186536404,77.32335198922353,0.8794978279804607,BEAR,0.8488223465948235,88.38757493037164,HIGH,0.9198224990053091,0.8,8
NIFTYIT,2014-02-14,SIDE,0.0006506651240753665,0.8284671137514151,0.17088222112450943,0.042523153820617055,0.7711198106507217,0.18635703552866137,0.8284671137514151,65.66797159760824,0.7427006706271226,SIDE,0.7711198106507217,70.34347972214583,MODERATE,0.9191925674592262,0.2,1
NIFTYIT,2014-02-17,SIDE,7.739201607659e-05,0.998333283058161,0.0015893249257624247,0.04570330693768262,0.917732972851284,0.03656372021103334,0.998333283058161,87.65994592769259,0.9974999245872416,SIDE,0.917732972851284,70.3407158546042,MODERATE,0.9191530836372028,0.2,2
NIFTYIT,2014-02-18,SIDE,0.00032153852653045987,0.9988271566619464,0.0008513048115231084,0.04589626902916908,0.918187358098946,0.0359163728718849,0.9988271566619464,87.7281037148419,0.9982407349929197,SIDE,0.918187358098946,73.33815985137727,MODERATE,0.9191165693053897,0.3,3
NIFTYIT,2014-02-19,SIDE,0.0008944839917305234,0.9990420371387666,6.347886950287208e-05,0.046329042153091825,0.9184384445761422,0.035232513270765965,0.9990420371387666,87.76576668642133,0.9985630557081497,SIDE,0.9184384445761422,76.33220999495029,HIGH,0.9190315713564328,0.4,4
NIFTYIT,2014-02-20,SIDE,0.0002701245613529265,0.9994294686930696,0.0003004067455775454,0.04587063864458197,0.9187015709184709,0.03542779043694706,0.9994294686930696,87.80523563777064,0.9991442030396044,SIDE,0.9187015709184709,79.33866191062579,HIGH,0.9191237415803684,0.5,5
NIFTYIT,2014-02-21,SIDE,0.0015815938530460748,0.9984091069306968,9.299216257156927e-06,0.04682912877808367,0.9179705090517443,0.03520036217017204,0.9984091069306968,87.69557635776164,0.9976136603960453,SIDE,0.9179705090517443,82.3251202246817,HIGH,0.9189302889240243,0.6,6
NIFTYIT,2014-02-24,SIDE,0.0012912729598400668,0.9987075120271627,1.2150129972367756e-06,0.04661848788112368,0.9181949714053975,0.035186540713478834,0.9987075120271627,87.72924571080961,0.998061268040744,SIDE,0.9181949714053975,85.32811424016323,HIGH,0.9189730605737606,0.7,7
NIFTYIT,2014-02-25,SIDE,0.0026971693709006506,0.9973020047267198,8.25902379513783e-07,0.04763936903568735,0.9171421392791939,0.03521849168511876,0.9973020047267198,87.57132089187908,0.9959530070900797,SIDE,0.9171421392791939,88.31361351346985,HIGH,0.9187659073352836,0.8,8
NIFTYIT,2014-02-26,BULL,0.9463023542525201,0.05369716736600161,4.783814783030472e-07,0.7328256696548492,0.21028033181689434,0.056893998528256405,0.9463023542525201,59.92385044822738,0.9194535313787799,BULL,0.7328256696548492,57.58107419439404,MODERATE,0.7797296313484864,0.1,1
NIFTYIT,2014-02-28,BULL,0.96915720877242,0.03084270928838307,8.193919696017682e-08,0.7494214252196176,0.1931599218492966,0.05741865293108573,0.96915720877242,62.41321378294265,0.9537358131586298,BULL,0.7494214252196176,60.345344471225545,MODERATE,0.7763620638746508,0.2,2
NIFTYIT,2014-03-03,SIDE,0.1801564497228406,0.8198361704443323,7.3798328270997794e-06,0.17649891439880377,0.7842003294416505,0.039300756159545654,0.8198361704443323,67.63004941624757,0.7297542556664984,SIDE,0.7842003294416505,86.48326207930246,HIGH,0.892618029704321,0.8,1
NIFTYIT,2014-03-04,SIDE,0.003461593976278474,0.9965372052008072,1.2008229143227332e-06,0.04819443778121299,0.9165691790186657,0.03523638320012128,0.9965372052008072,87.48537685279985,0.9948058078012109,SIDE,0.9165691790186657,88.30572909899027,HIGH,0.9186532728427182,0.8,2
NIFTYIT,2014-03-05,SIDE,0.001202436973738326,0.9987964562982347,1.1067280270754885e-06,0.04655398311754059,0.9182616126488703,0.03518440423358912,0.9987964562982347,87.73924189733054,0.9981946844473518,SIDE,0.9182616126488703,88.3290305073723,HIGH,0.9189861501053186,0.8,3
NIFTYIT,2014-03-06,SIDE,0.0013217674856770155,0.9986773487048429,8.838094800935371e-07,0.04664063810951299,0.9181724137077665,0.03518694818272056,0.9986773487048429,87.72586205616497,0.9980160230572642,SIDE,0.9181724137077665,88.32779969633316,HIGH,0.9189685670904738,0.8,4
NIFTYIT,2014-03-07,SIDE,0.00042100156016474787,0.9990178883353777,0.0005611101044575761,0.04597465762563291,0.9183634314883714,0.03566191088599572,0.9990178883353777,87.7545147232557,0.9985268325030666,SIDE,0.9183634314883714,88.33711909577477,HIGH,0.919101701368211,0.8,5
NIFTYIT,2014-03-10,SIDE,0.0006484665019886804,0.734480412791288,0.26487112070672336,0.040524874106803395,0.6899624298788078,0.2695126960143887,0.734480412791288,53.49436448182118,0.6017206191869319,SIDE,0.6899624298788078,88.34831958799568,HIGH,0.9192617083999383,0.8,6
NIFTYIT,2014-03-11,SIDE,0.00017631046184154992,0.8197476572856346,0.18007603225252386,0.04198339585889478,0.7635363354278948,0.19448026871321053,0.8197476572856346,64.53045031418418,0.7296214859284519,SIDE,0.7635363354278948,88.34884352240115,HIGH,0.9192691931771594,0.8,7
NIFTYIT,2014-03-12,SIDE,0.00014723435248977627,0.8807725492457603,0.11908021640174989,0.043258066730327116,0.8162277523999306,0.14051418086974232,0.8807725492457603,72.4341628599896,0.8211588238686405,SIDE,0.8162277523999306,88.3460172166115,HIGH,0.9192288173801643,0.8,8
NIFTYIT,2014-03-13,BEAR,4.683598634970383e-07,2.7744453201648285e-08,0.9999995038956833,0.024437404265882152,0.055667518520354724,0.919895077213763,0.9999995038956833,87.98426158206446,0.9999992558435249,BEAR,0.919895077213763,67.39268052028144,MODERATE,0.9198954360040207,0.1,1
NIFTYIT,2014-03-14,BEAR,1.2669930264293832e-07,4.7567247551837274e-08,0.9999998257334498,0.024437149336568948,0.0556674965553971,0.9198953541080338,0.9999998257334498,87.98430311620508,0.9999997386001745,BEAR,0.9198953541080338,70.39268406073424,MODERATE,0.919895486581918,0.2,2
NIFTYIT,2014-03-18,BEAR,5.146748599275557e-08,4.6374747823984366e-09,0.9999999438950393,0.024437092197787332,0.0556674508801001,0.9198954569221125,0.9999999438950393,87.98431853831687,0.999999915842559,BEAR,0.9198954569221125,73.39268484274689,MODERATE,0.9198954977535272,0.3,3
NIFTYIT,2014-03-19,BEAR,7.377808749318502e-09,5.758793374301941e-14,0.9999999926221337,0.024437059147507892,0.05566744183238065,0.9198954990201116,0.9999999926221337,87.98432485301674,0.9999999889332005,BEAR,0.9198954990201116,76.39268529999444,HIGH,0.9198955042856348,0.4,4
NIFTYIT,2014-03-20,BEAR,2.713361236192069e-07,4.369329240274625e-10,0.9999997282269434,0.02443725643407398,0.055667472403277234,0.9198952711626488,0.9999997282269434,87.9842906743973,0.9999995923404152,BEAR,0.9198952711626488,79.3926825639227,HIGH,0.9198954651988959,0.5,5
NIFTYIT,2014-03-21,BEAR,1.3109910735067065e-07,1.5442481077954184e-08,0.9999998534584116,0.024437151942444262,0.05566746931907829,0.9198953787384775,0.9999998534584116,87.98430681077161,0.9999997801876174,BEAR,0.9198953787384775,82.39268401677474,HIGH,0.9198954859539249,0.6,6
NIFTYIT,2014-03-24,BEAR,1.21485355139088e-07,5.345256333859769e-08,0.9999998250620814,0.02443714556479309,0.05566750104093018,0.9198953533942767,0.9999998250620814,87.9843030091415,0.9999997375931221,BEAR,0.9198953533942767,85.39268411447762,HIGH,0.9198954873496803,0.7,7
NIFTYIT,2014-03-25,BEAR,6.148965332712517e-08,1.3150074392394446e-08,0.9999999253602723,0.02443709986899944,0.05566745937711022,0.9198954407538904,0.9999999253602723,87.98431611308357,0.9999998880404084,BEAR,0.9198954407538904,88.39268473842623,HIGH,0.9198954962632319,0.8,8
NIFTYIT,2014-03-26,BEAR,2.9799798399755135e-08,1.5870577775432125e-09,0.9999999686131438,0.024437075938978644,0.05566744576755473,0.9198954782934667,0.9999999686131438,87.98432174401998,0.9999999529197157,BEAR,0.9198954782934667,91.3926850674988,HIGH,0.9198955009642686,0.9,9
NIFTYIT,2014-03-27,BEAR,5.227040520077896e-08,5.434252823584046e-09,0.999999942295342,0.024437092814800068,0.05566745165995896,0.919895455525241,0.999999942295342,87.98431832878615,0.9999999134430128,BEAR,0.919895455525241,94.39268483438346,HIGH,0.9198954976340493,1.0,10
NIFTYIT,2014-03-28,BEAR,2.7455149970022654e-07,3.8935661982953595e-07,0.9999993360918805,0.024437267099322823,0.05566780860162578,0.9198949242990513,0.9999993360918805,87.9842386448577,0.9999990041378206,BEAR,0.9198949242990513,94.39268251066062,HIGH,0.9198954644380088,1.0,11
NIFTYIT,2014-03-31,BEAR,7.862522295668044e-07,8.915641268035603e-06,0.9999902981065023,0.024437830665298314,0.05567522954572053,0.9198869397889811,0.9999902981065023,87.98304096834715,0.9999854471597535,BEAR,0.9198869397889811,94.3926767696518,HIGH,0.919895382423597,1.0,12
NIFTYIT,2014-04-01,BEAR,1.6795295872514837e-05,0.0007292347784802173,0.9992539699256472,0.024465097841306443,0.05629905339673882,0.9192358487619549,0.9992539699256472,87.88537731429321,0.998880954888471,BEAR,0.9192358487619549,94.39247391022197,HIGH,0.9198924844317424,1.0,13
NIFTYIT,2014-04-02,BEAR,2.600319427349543e-05,0.0037634702655761887,0.9962105265401502,0.02453643839547388,0.05892015651879849,0.9165434050857276,0.9962105265401502,87.48151076285913,0.9943157898102253,BEAR,0.9165434050857276,94.3922229532327,HIGH,0.919888899331896,1.0,14
NIFTYIT,2014-04-03,BEAR,0.00026572437305891086,0.13191509369945134,0.8678191819274899,0.027438031270361114,0.169605976891802,0.8029559918378368,0.8678191819274899,70.44339877567552,0.8017287728912348,BEAR,0.8029559918378368,94.38317001090726,HIGH,0.9197595715843895,1.0,15
NIFTYIT,2014-04-04,BEAR,9.117393676532625e-05,0.07420112883628131,0.9257076972269535,0.026081510636294658,0.119750239407038,0.8541682499566673,0.9257076972269535,78.12523749350008,0.88856154584043,BEAR,0.8541682499566673,94.38793730538755,HIGH,0.9198276757912509,1.0,16
NIFTYIT,2014-04-07,BEAR,0.00020652114887887815,0.17441636166339317,0.8253771171877279,0.028296673201156062,0.20629887463709506,0.7654044521617489,0.8253771171877279,64.81066782426234,0.738065675781592,BEAR,0.7654044521617489,94.38160537303528,HIGH,0.9197372196147897,1.0,17
NIFTYIT,2014-04-09,BEAR,0.00024041458138730916,0.15800860226157268,0.84175098315704,0.027973441011689127,0.19213471895584788,0.779891840032463,0.84175098315704,66.98377600486945,0.76262647473556,BEAR,0.779891840032463,94.38209499467843,HIGH,0.9197442142096919,1.0,18
NIFTYIT,2014-04-10,BEAR,6.477342859125563e-06,0.0014548912431953615,0.9985386314139456,0.024472802119824354,0.05692447451630257,0.918602723363873,0.9985386314139456,87.79040850458094,0.9978079471209182,BEAR,0.918602723363873,94.39254366866612,HIGH,0.9198934809809447,1.0,19
NIFTYIT,2014-04-11,BEAR,0.0001644907878147645,0.023505966514445302,0.9763295426977401,0.02505934734196001,0.0759835620523484,0.8989570906056915,0.9763295426977401,84.84356359085375,0.9644943140466101,BEAR,0.8989570906056915,94.38977560857913,HIGH,0.9198539372654163,1.0,20
NIFTYIT,2014-04-15,SIDE,0.0029475459539754895,0.7300464237636223,0.2670060302824022,0.0421489662889077,0.6863966856486826,0.27145434806240976,0.7300464237636223,52.95950284730239,0.5950696356454334,SIDE,0.6863966856486826,67.32471582634875,MODERATE,0.9189245118049821,0.1,1
NIFTYIT,2014-04-16,BEAR,0.00025291889722270616,0.14438196641034287,0.8553651146924345,0.027693304701092433,0.18036960535118451,0.7919370899477232,0.8553651146924345,68.79056349215847,0.7830476720386516,BEAR,0.7919370899477232,91.3826637841442,HIGH,0.9197523397734887,0.9,1
NIFTYIT,2014-04-17,SIDE,0.0009596454506589962,0.8112862093908149,0.18775414515852615,0.04238909164699983,0.756319514113242,0.20129139423975828,0.8112862093908149,63.44792711698627,0.7169293140862223,SIDE,0.756319514113242,70.34115756743324,MODERATE,0.9191593938204751,0.2,1
NIFTYIT,2014-04-21,SIDE,0.00016812288192043836,0.9578624468990949,0.041969430218984666,0.044911362276710616,0.8827969509919364,0.07229168673135292,0.9578624468990949,82.41954264879047,0.9367936703486422,SIDE,0.8827969509919364,73.34184962877531,MODERATE,0.919169280411076,0.3,2
NIFTYIT,2014-04-22,SIDE,0.00016053067243757848,0.9417575041879095,0.05808196513965304,0.04456355751240463,0.8688895308176778,0.08654691166991756,0.9417575041879095,80.33342962265168,0.9126362562818641,SIDE,0.8688895308176778,76.34275374798905,HIGH,0.9191821963998436,0.4,3
NIFTYIT,2014-04-23,SIDE,0.00021184336673525268,0.9085491831771759,0.09123897345608879,0.043896436041110105,0.8402201519197845,0.11588341203910531,0.9085491831771759,76.03302278796768,0.8628237747657639,SIDE,0.8402201519197845,79.3439238858205,HIGH,0.9191989126545786,0.5,4
NIFTYIT,2014-04-25,SIDE,0.00014659672521757114,0.7630583283524464,0.23679507492233606,0.040756890523882205,0.7145819344260469,0.24466117505007096,0.7630583283524464,57.187290163907036,0.6445874925286695,SIDE,0.7145819344260469,82.35205700248605,HIGH,0.9193151000355149,0.6,5
NIFTYIT,2014-04-28,BEAR,9.285870929285368e-05,0.39027924634969346,0.6096278949410137,0.03279747626539849,0.3926825851027591,0.5745199386318425,0.6096278949410137,36.17799079477637,0.4144418424115205,BEAR,0.5745199386318425,76.37171997178652,HIGH,0.9195959995969503,0.4,1
NIFTYIT,2014-04-29,BEAR,4.686837963915108e-05,0.08367049936746832,0.9162826322528924,0.026249563126841804,0.12792193384643002,0.8458285030267282,0.9162826322528924,76.87427545400921,0.8744239483793388,BEAR,0.8458285030267282,76.38791122165767,HIGH,0.9198273031665382,0.4,2
NIFTYIT,2014-04-30,BEAR,3.3679876346499566e-05,0.016353832872435196,0.9836124872512183,0.024809643187736007,0.0697927609073832,0.9053975959048809,0.9836124872512183,85.80963938573211,0.9754187308768273,BEAR,0.9053975959048809,76.39149809028852,HIGH,0.9198785441469789,0.4,3
NIFTYIT,2014-05-02,BEAR,0.0002179936520347475,0.17470727331411814,0.8250747330338472,0.028311427600358804,0.20655138796600597,0.7651371844336351,0.8250747330338472,64.77057766504528,0.7376120995507707,BEAR,0.7651371844336351,79.38147154524476,HIGH,0.919735307789211,0.5,4
NIFTYIT,2014-05-05,BEAR,6.066852033871368e-05,0.09962220514245909,0.9003171263372022,0.026598752239791804,0.14169774466992538,0.8317035030902828,0.9003171263372022,74.75552546354243,0.8504756895058031,BEAR,0.8317035030902828,79.38695060819533,HIGH,0.9198135801170761,0.5,5
NIFTYIT,2014-05-06,BEAR,6.623218391950385e-05,0.07802035612958938,0.9219134116864911,0.026144004632818237,0.12304527341207454,0.8508107219551073,0.9219134116864911,77.62160829326609,0.8828701175297367,BEAR,0.8508107219551073,82.38800009225464,HIGH,0.919828572746495,0.6,6
NIFTYIT,2014-05-07,BEAR,2.1443424974192564e-07,7.734237842608876e-07,0.9999990121419661,0.02443723032791876,0.05566813336535048,0.9198946363067307,0.9999990121419661,87.9841954460096,0.9999985182129489,BEAR,0.9198946363067307,85.39268311411905,HIGH,0.9198954730588437,0.7,7
NIFTYIT,2014-05-08,BEAR,3.3014976215886316e-07,2.2336421099794452e-06,0.9999974362081279,0.02443734783204544,0.05566940749432497,0.9198932446736294,0.9999974362081279,87.98398670104444,0.9999961543121918,BEAR,0.9198932446736294,88.39268183983438,HIGH,0.9198954548547771,0.8,8
NIFTYIT,2014-05-09,BEAR,5.61283693748843e-06,0.0004550508017845966,0.9995393363612779,0.02445091557517217,0.056061017523044175,0.9194880669017838,0.9995393363612779,87.92321003526756,0.9993090045419168,BEAR,0.9194880669017838,91.3926038742316,HIGH,0.9198943410604513,0.9,9
NIFTYIT,2014-05-12,BEAR,1.3023388703875668e-05,0.002174577939168854,0.9978123986721273,0.02449298340077488,0.05754666980378114,0.9179603467954441,0.9978123986721273,87.6940520193166,0.9967185980081908,BEAR,0.9179603467954441,94.3924389299744,HIGH,0.91989198471392,1.0,10
NIFTYIT,2014-05-13,BEAR,0.003684186732452704,0.3545941771023709,0.6417216361651764,0.03472347746518788,0.36227947947789985,0.6029970430569124,0.6417216361651764,40.449556458536854,0.4625824542477646,BEAR,0.6029970430569124,94.33632316301103,HIGH,0.9190903309001579,1.0,11
NIFTYIT,2014-05-14,SIDE,0.0002040025957746251,0.973734219802168,0.026061777602057388,0.0452753551515681,0.8965062657472778,0.058218379101154086,0.973734219802168,84.47593986209166,0.9606013297032518,SIDE,0.8965062657472778,67.34066424716289,MODERATE,0.9191523463880413,0.1,1
NIFTYIT,2014-05-15,SIDE,9.904745633455501e-05,0.9978273877841679,0.002073564759497588,0.04570874464258773,0.917298611487194,0.036992643870218236,0.9978273877841679,87.59479172307908,0.9967410816762519,SIDE,0.917298611487194,70.34051731452762,MODERATE,0.9191502473503947,0.2,2
NIFTYIT,2014-05-16,BEAR,0.0006997096226737656,0.29836792974446774,0.7009323606328586,0.031298477360420136,0.31338695811729195,0.6553145645222879,0.7009323606328586,48.29718467834318,0.5513985409492879,BEAR,0.6553145645222879,88.3701403899939,HIGH,0.91957343414277,0.8,1
NIFTYIT,2014-05-19,BEAR,2.0808692477402998e-08,2.0352583592785776e-12,0.9999999791892722,0.02443706918552988,0.05566744337041992,0.9198954874440501,0.9999999791892722,87.98432311660753,0.9999999687839083,BEAR,0.9198954874440501,88.39268516077702,HIGH,0.9198955022968146,0.8,2
NIFTYIT,2014-05-20,BEAR,4.715139788912455e-06,3.5041745565891528e-06,0.9999917806856544,0.024440652078844105,0.05567100618398073,0.9198883417371752,0.9999917806856544,87.98325126057625,0.9999876710284816,BEAR,0.9198883417371752,88.39263632227802,HIGH,0.9198948046039718,0.8,3
NIFTYIT,2014-05-21,BEAR,1.3068359547872318e-05,0.00029341351805680103,0.9996935181223954,0.024453053893771948,0.05592229721622601,0.9196246488900021,0.9996935181223954,87.9436973335003,0.9995402771835931,BEAR,0.9196246488900021,88.39253487866529,HIGH,0.9198933554095041,0.8,4
NIFTYIT,2014-05-22,BEAR,5.262645291933221e-06,0.0001315750508108045,0.9998631623038973,0.024443781988328455,0.05578165748632148,0.9197745605253501,0.9998631623038973,87.9661840788025,0.9997947434558457,BEAR,0.9197745605253501,88.39262408314816,HIGH,0.9198946297592596,0.8,5
NIFTYIT,2014-05-23,BEAR,1.4434209688084461e-05,0.00044202550589255243,0.9995435402844194,0.024457231789708624,0.056050779292620645,0.9194919889176706,0.9995435402844194,87.92379833765061,0.9993153104266289,BEAR,0.9194919889176706,88.3925131042287,HIGH,0.9198930443461244,0.8,6
NIFTYIT,2014-05-26,BEAR,0.00034927075528729126,0.007590884541075645,0.9920598447036371,0.024859351149830036,0.062262090906752034,0.912878557943418,0.9920598447036371,86.93178369151269,0.9880897670554556,BEAR,0.912878557943418,88.38867597083375,HIGH,0.9198382281547678,0.8,7
NIFTYIT,2014-05-27,BEAR,0.002095915296063934,0.12619888441084048,0.8717052002930957,0.02868444607509564,0.16487940553779074,0.8064361483871136,0.8717052002930957,70.96542225806705,0.8075578004396431,BEAR,0.8064361483871136,88.36449221178358,HIGH,0.9194927458826226,0.8,8
NIFTYIT,2014-05-28,SIDE,0.0057040576883336195,0.8051960492253495,0.18909989308631692,0.045805594355880386,0.7516033895851962,0.20259101605892338,0.8051960492253495,62.74050843777943,0.7077940738380242,SIDE,0.7516033895851962,70.29229169029836,MODERATE,0.9184613098614051,0.2,1
NIFTYIT,2014-05-29,BEAR,5.321961686279649e-05,0.0003131762301403158,0.999633604152997,0.024483481994178026,0.05594395505766216,0.9195725629481598,0.999633604152997,87.93588444222395,0.9994504062294954,BEAR,0.9195725629481598,91.39211767952668,HIGH,0.9198873954218096,0.9,1
NIFTYIT,2014-05-30,BEAR,5.49226159604005e-05,0.0015019701189505031,0.9984431072650891,0.024510009305163203,0.05697066848824292,0.9185193222065939,0.9984431072650891,87.77789833098909,0.9976646608976335,BEAR,0.9185193222065939,91.3920390982116,HIGH,0.9198862728315943,0.9,2
NIFTYIT,2014-06-02,BEAR,2.2761091312061503e-05,0.0009646918358368837,0.999012547072851,0.024474558567426783,0.056503052011485894,0.9190223894210874,0.999012547072851,87.85335841316311,0.9985188206092765,BEAR,0.9190223894210874,91.39240000418908,HIGH,0.9198914286312727,0.9,3
NIFTYIT,2014-06-03,BEAR,2.092175176900439e-05,0.0009294238425664864,0.9990496544056646,0.02447243465412245,0.05647238784619615,0.9190551774996815,0.9990496544056646,87.8582766249522,0.9985744816084969,BEAR,0.9190551774996815,91.39242087737064,HIGH,0.9198917268195805,0.9,4
NIFTYIT,2014-06-04,BEAR,3.0345616802991424e-06,4.720546937254548e-05,0.9999497599689472,0.024440324430031538,0.05570854983418535,0.9198511257357831,0.9999497599689472,87.97766886036746,0.9999246399534206,BEAR,0.9198511257357831,91.39265150243176,HIGH,0.9198950214633108,0.9,5
NIFTYIT,2014-06-05,BEAR,0.0001378675907978387,0.004256415984944231,0.995605716424258,0.024630515708793557,0.059358609059243006,0.9160108752319633,0.995605716424258,87.4016312847945,0.993408574636387,BEAR,0.9160108752319633,91.39103816250265,HIGH,0.9198719737500379,0.9,6
NIFTYIT,2014-06-06,BEAR,0.0011119102768508407,0.041768716676261614,0.9571193730468877,0.026155400716996447,0.09186174501240489,0.8819828542705986,0.9571193730468877,82.29742814058982,0.9356790595703315,BEAR,0.8819828542705986,91.37901915388899,HIGH,0.9197002736269856,0.9,7
NIFTYIT,2014-06-09,BEAR,0.0013859213469236474,0.1575847638761878,0.8410293147768886,0.028820566431976696,0.1918997684519639,0.7792796651160595,0.8410293147768886,66.89194976740892,0.7615439721653329,BEAR,0.7792796651160595,91.37024301317649,HIGH,0.9195749001882356,0.9,8
NIFTYIT,2014-06-10,SIDE,0.055703080110836994,0.7040001596752706,0.2402967602138923,0.08102409922343838,0.6699404424610926,0.24903545831546903,0.7040001596752706,50.491066369163896,0.5560002395129061,SIDE,0.6699404424610926,69.77921539784981,MODERATE,0.9111316485407116,0.2,1
NIFTYIT,2014-06-11,SIDE,0.40993410957329623,0.5864909566158705,0.0035749338108333624,0.34327310253080084,0.6089914988255545,0.047735398643644775,0.5864909566158705,41.34872482383317,0.3797364349238057,SIDE,0.6089914988255545,66.11347055465855,MODERATE,0.8587638650665509,0.2,2
NIFTYIT,2014-06-12,SIDE,0.25151040563087124,0.748290666355698,0.0001989280134308299,0.22830756658438509,0.7305831156236549,0.04110931779196008,0.748290666355698,59.58746734354823,0.6224359995335469,SIDE,0.7305831156236549,70.74731241774774,MODERATE,0.8821044631106821,0.3,3
NIFTYIT,2014-06-13,SIDE,0.06805390086435718,0.9317996338676863,0.00014646526795659024,0.09509419214717137,0.86805713577861,0.036848672074218616,0.9317996338676863,80.20857036679149,0.8976994508015292,SIDE,0.86805713577861,75.63951811362347,HIGH,0.909135973051764,0.4,4
NIFTYIT,2014-06-16,SIDE,0.04562254824846222,0.9543655667537859,1.1884997751902335e-05,0.07880882425058791,0.8849768489556289,0.03621432679378327,0.9543655667537859,82.74652734334434,0.9315483501306787,SIDE,0.8849768489556289,78.87087283251856,HIGH,0.9124410404645509,0.5,5
NIFTYIT,2014-06-17,SIDE,0.016654085361161485,0.9833358216663508,1.0092972487671257e-05,0.05777380017273946,0.9066789010402274,0.03554729878703311,0.9833358216663508,86.00183515603412,0.9750037324995262,SIDE,0.9066789010402274,82.16965946637612,HIGH,0.9167094209482303,0.6,6
NIFTYIT,2014-06-18,SIDE,0.00582882554736677,0.9941698447377,1.3297149331112637e-06,0.049913368609140835,0.9147957558271541,0.035290875563705026,0.9941698447377,87.2193633740731,0.9912547671065501,SIDE,0.9147957558271541,85.28131298890908,HIGH,0.9183044712701297,0.7,7
NIFTYIT,2014-06-19,SIDE,0.2050456586555708,0.794953159062453,1.1822819760846342e-06,0.19457201246796624,0.7655609777258118,0.039867009806222056,0.794953159062453,64.83414665887176,0.6924297385936796,SIDE,0.7655609777258118,86.22654930607445,HIGH,0.8889507043724922,0.8,8
NIFTYIT,2014-06-20,SIDE,0.15137424166604785,0.8486251227637793,6.355701728211014e-07,0.15559924198117484,0.8057671327961071,0.03863362522271812,0.8486251227637793,70.86506991941607,0.772937684145669,SIDE,0.8057671327961071,89.7801273884483,HIGH,0.8968589626921187,0.9,9
NIFTYIT,2014-06-23,SIDE,0.007858316162171027,0.9921333401993876,8.343638441347213e-06,0.0513869070913775,0.9132693918610536,0.03534370104756895,0.9921333401993876,86.99040877915803,0.9882000102990812,SIDE,0.9132693918610536,94.26038076187515,HIGH,0.9180054394553595,1.0,10
NIFTYIT,2014-06-24,SIDE,0.0030500324038245674,0.9969493453018636,6.222943118442533e-07,0.047895600136263414,0.9168779826049492,0.035226417258787446,0.9969493453018636,87.53169739074237,0.9954240179527954,SIDE,0.9168779826049492,94.30997400063343,HIGH,0.9187139142947636,1.0,11
NIFTYIT,2014-06-25,SIDE,0.0020602548811605097,0.9979389485270488,7.965917907271822e-07,0.04717688271431892,0.9176192822707772,0.035203835014904025,0.9979389485270488,87.64289234061657,0.996908422790573,SIDE,0.9176192822707772,94.32018277992229,HIGH,0.9188597539988899,1.0,12
NIFTYIT,2014-06-26,SIDE,0.0012449822358238528,0.9987545215923664,4.961718096801966e-07,0.046584889761510886,0.9182302688693053,0.035184841369183914,0.9987545215923664,87.73454033039577,0.9981317823885498,SIDE,0.9182302688693053,94.32859165543516,HIGH,0.9189798807919312,1.0,13
NIFTYIT,2014-06-27,SIDE,0.34306204160458925,0.6569368385276242,1.1198677865742967e-06,0.29479076561285367,0.6621718674971391,0.04303736689000727,0.6569368385276242,49.32578012457086,0.4854052577914363,SIDE,0.6621718674971391,90.80301974539617,HIGH,0.8686145677913741,1.0,14
NIFTYIT,2014-06-30,SIDE,0.4774499669587185,0.5225495851358243,4.479054571959534e-07,0.3923747757205323,0.5615013898947964,0.046123834384671436,0.5225495851358243,34.22520848421946,0.2838243777037364,SIDE,0.5615013898947964,89.41691481657878,HIGH,0.8488130688082685,1.0,15
NIFTYIT,2014-07-01,SIDE,0.029075009600252638,0.9709163416593215,8.64874042583164e-06,0.06679311897796353,0.8973755355364786,0.035831345485557865,0.9709163416593215,84.60633033047178,0.9563745124889821,SIDE,0.8973755355364786,94.04154740733033,HIGH,0.9148792486761476,1.0,16
NIFTYIT,2014-07-02,SIDE,0.0015224055574377241,0.9984755133668737,2.0810756885911402e-06,0.046786303329184535,0.9180210803068002,0.03519261636401527,0.9984755133668737,87.70316204602001,0.9977132700503105,SIDE,0.9180210803068002,94.32573033507123,HIGH,0.918939004786732,1.0,17
NIFTYIT,2014-07-03,SIDE,0.0010972096326224256,0.9989009403708591,1.849996518517204e-06,0.04647755790034481,0.9183397974731258,0.035182644626529466,0.9989009403708591,87.75096962096886,0.9983514105562886,SIDE,0.9183397974731258,94.33011588205609,HIGH,0.9190016554579442,1.0,18
NIFTYIT,2014-07-04,SIDE,0.02724272141674489,0.9727430002431758,1.427834007930628e-05,0.06546250780877824,0.8987432559713117,0.0357942362199101,0.9727430002431758,84.81148839569673,0.9591145003647638,SIDE,0.8987432559713117,94.06044629566162,HIGH,0.9151492327951659,1.0,19
NIFTYIT,2014-07-07,BULL,0.6600031281854781,0.3399915579152095,5.313899312254233e-06,0.5249332104567993,0.4247451711296045,0.05032161841359609,0.6600031281854781,28.739981568519894,0.49000469227821736,BULL,0.5249332104567993,60.53402395359407,MODERATE,0.8219146279084868,0.1,1
NIFTYIT,2014-07-08,SIDE,0.23417216784458483,0.7658201612317913,7.67092362395155e-06,0.21572169998136365,0.7437364763976065,0.040541823621029746,0.7658201612317913,61.56047145964097,0.6487302418476869,SIDE,0.7437364763976065,88.92613279064342,HIGH,0.8846590398663345,0.9,1
NIFTYIT,2014-07-09,SIDE,0.005819300059200934,0.9941309662992761,4.973364152289234e-05,0.0499054235189447,0.9147610948543816,0.03533348162667372,0.9941309662992761,87.21416422815724,0.9911964494489142,SIDE,0.9147610948543816,91.28141371760071,HIGH,0.9183059102514388,0.9,2
NIFTYIT,2014-07-10,SIDE,0.0002886682411766793,0.9996155638666365,9.576789218678313e-05,0.04588845120069574,0.9188643845085162,0.03524716429078808,0.9996155638666365,87.8296576762774,0.9994233457999546,SIDE,0.9188643845085162,91.33846015896928,HIGH,0.9191208594138469,0.9,3
NIFTYIT,2014-07-11,SIDE,0.0012717614461350826,0.9987234220506465,4.816503218533104e-06,0.04660424334682012,0.918206477762666,0.03518927889051397,0.9987234220506465,87.73097166439989,0.9980851330759697,SIDE,0.918206477762666,91.32831567054276,HIGH,0.9189759381506111,0.9,4
NIFTYIT,2014-07-14,SIDE,0.0002614287114709414,0.9996476474204146,9.092386811460861e-05,0.045868774485842985,0.9188889726505132,0.035242252863643776,0.9996476474204146,87.83334589757698,0.9994714711306218,SIDE,0.9188889726505132,91.33874086485059,HIGH,0.9191248694978656,0.9,5
NIFTYIT,2014-07-15,SIDE,0.00016455185774968706,0.9997713243236628,6.412381858750805e-05,0.04579899798873555,0.9189846856003079,0.035216316410956565,0.9997713243236628,87.84770284004618,0.9996569864854942,SIDE,0.9189846856003079,91.3397386992074,HIGH,0.9191391242743915,0.9,6
NIFTYIT,2014-07-16,SIDE,0.00016854642421254912,0.9997907600631242,4.069351266334624e-05,0.04580239633897203,0.9190019252116631,0.03519567844936486,0.9997907600631242,87.85028878174946,0.9996861400946863,SIDE,0.9190019252116631,91.33969629755421,HIGH,0.9191385185364888,0.9,7
NIFTYIT,2014-07-17,SIDE,0.00013846886576558888,0.9996477194387993,0.00021381169543505688,0.04577687823048802,0.9188749697106119,0.03534815205890005,0.9996477194387993,87.83124545659177,0.9994715791581987,SIDE,0.9188749697106119,91.34001539650275,HIGH,0.9191430770928964,0.9,8
NIFTYIT,2014-07-18,SIDE,0.0008199376379735113,0.9990586412479046,0.00012142111412196585,0.04627368040007758,0.9184442549497308,0.03528206465019161,0.9990586412479046,87.7666382424596,0.9985879618718568,SIDE,0.9184442549497308,91.33298185118069,HIGH,0.9190425978740099,0.9,9
NIFTYIT,2014-07-21,SIDE,0.00016273589140199964,0.9997867637447285,5.050036386942786e-05,0.04579796876325592,0.9189978097521152,0.03520422148462893,0.9997867637447285,87.84967146281728,0.9996801456170926,SIDE,0.9189978097521152,94.33975673122102,HIGH,0.9191393818745859,1.0,10
NIFTYIT,2014-07-22,SIDE,0.002640663913185368,0.9973457278350445,1.3608251770049949e-05,0.04759806680686902,0.917173430458439,0.03522850273469203,0.9973457278350445,87.57601456876584,0.9960185917525666,SIDE,0.917173430458439,94.31419697759367,HIGH,0.9187742425370523,1.0,11
NIFTYIT,2014-07-23,SIDE,0.1677168647503957,0.8322722475841391,1.0887665465234586e-05,0.16746600151270707,0.7935158919377533,0.0390181065495396,0.8322722475841391,69.027383790663,0.7484083713762086,SIDE,0.7935158919377533,92.6115667147819,HIGH,0.894450953068313,1.0,12
NIFTYIT,2014-07-24,SIDE,0.22855148027154623,0.7714456294475067,2.890280946976603e-06,0.21164041438267212,0.747951105981291,0.04040847963603685,0.7714456294475067,62.19266589719364,0.6571684441712601,SIDE,0.747951105981291,91.98410548131748,HIGH,0.8854872211616784,1.0,13
NIFTYIT,2014-07-25,SIDE,0.03750770649677651,0.962471532906347,2.076059687650822e-05,0.07291615181998108,0.8910480770537641,0.036035771126254945,0.962471532906347,83.65721155806462,0.9437072993595204,SIDE,0.8910480770537641,93.95457144586025,HIGH,0.913636734940861,1.0,14
NIFTYIT,2014-07-28,SIDE,0.013543941732659043,0.986453421581797,2.6366855438519117e-06,0.055515569345574355,0.9090151727054399,0.03546925794898577,0.986453421581797,86.35227590581597,0.9796801323726956,SIDE,0.9090151727054399,94.20173774972844,HIGH,0.9171676821389778,1.0,15
NIFTYIT,2014-07-30,SIDE,0.005559159605027209,0.9944398996119838,9.407829889871851e-07,0.049717562551734026,0.9149981005586458,0.035284336889620176,0.9944398996119838,87.24971508379687,0.9916598494179758,SIDE,0.9149981005586458,94.28409435935343,HIGH,0.9183442051336205,1.0,16
NIFTYIT,2014-07-31,SIDE,0.0033102445499431465,0.9966885911775911,1.1642724657487636e-06,0.04808453819461312,0.9166825876322106,0.03523287417317636,0.9966885911775911,87.50238814483157,0.9950328867663867,SIDE,0.9166825876322106,94.30729014644525,HIGH,0.9186755735206467,1.0,17
NIFTYIT,2014-08-01,SIDE,0.0003964704127102556,0.9995576270768562,4.590251043353106e-05,0.04596778963789092,0.9188266876009635,0.03520552276114558,0.9995576270768562,87.82400314014451,0.9993364406152844,SIDE,0.9188266876009635,94.33734570930827,HIGH,0.9191049387044041,1.0,18
NIFTYIT,2014-08-04,SIDE,0.01743627953492,0.9825619903109483,1.7301541317540238e-06,0.05834195767579283,0.9061001744570282,0.03555786786717891,0.9825619903109483,85.9150261685542,0.9738429854664222,SIDE,0.9061001744570282,94.16159132505504,HIGH,0.9165941617865005,1.0,19
NIFTYIT,2014-08-05,SIDE,0.007202776829048823,0.992796896194172,3.2697677921220795e-07,0.050911066270761855,0.9137673839148924,0.03532154981434581,0.992796896194172,87.06510758723385,0.989195344291258,SIDE,0.9137673839148924,94.26714171944587,HIGH,0.9181020245635128,1.0,20
NIFTYIT,2014-08-06,SIDE,0.012247852917132752,0.9877518108223624,3.362605049087229e-07,0.05457448064488322,0.9099880694962583,0.03543744985885846,0.9877518108223624,86.49821042443875,0.9816277162335436,SIDE,0.9099880694962583,94.21510576029384,HIGH,0.9173586537184835,1.0,21
NIFTYIT,2014-08-07,SIDE,0.0012744166394471799,0.9987207095421801,4.8738183728221005e-06,0.04660617016236289,0.9182044392449545,0.03518939059268256,0.9987207095421801,87.73066588674317,0.9980810643132699,SIDE,0.9182044392449545,94.32828828726659,HIGH,0.9189755469609513,1.0,22
NIFTYIT,2014-08-08,SIDE,0.0002944576170830086,0.9997005859004972,4.956482419914782e-06,0.045894584259825955,0.9189384629196383,0.035166952820535696,0.9997005859004972,87.84076943794574,0.9995508788507456,SIDE,0.9189384629196383,94.33839579181344,HIGH,0.9191199398830493,1.0,23
NIFTYIT,2014-08-11,SIDE,0.0005739659055299177,0.999424090688902,1.943405568161195e-06,0.04609760947697128,0.9187316828294155,0.03517070769361317,0.999424090688902,87.80975242441231,0.999136136033353,SIDE,0.9187316828294155,94.33551273101068,HIGH,0.9190787533001527,1.0,24
NIFTYIT,2014-08-12,SIDE,0.0002974934687733046,0.9996980296036291,4.476927597595397e-06,0.04589679889053122,0.9189366028327391,0.035166598276729605,0.9996980296036291,87.84049042491085,0.9995470444054436,SIDE,0.9189366028327391,94.33836445483186,HIGH,0.9191194922118838,1.0,25
NIFTYIT,2014-08-13,SIDE,0.0005545650971077174,0.999434089135554,1.134576733821251e-05,0.04608332209716129,0.9187380972277845,0.03517858067505416,0.999434089135554,87.81071458416768,0.999151133703331,SIDE,0.9187380972277845,94.33571331686356,HIGH,0.9190816188123367,1.0,26
NIFTYIT,2014-08-14,SIDE,0.00022677633903502866,0.9997451250578132,2.809860315173611e-05,0.04584494677733157,0.9189691803743957,0.03518587284827282,0.9997451250578132,87.84537705615934,0.9996176875867196,SIDE,0.9189691803743957,94.33909505662943,HIGH,0.9191299293804205,1.0,27
NIFTYIT,2014-08-18,SIDE,0.00014174083627930813,0.999808642851753,4.961631196777827e-05,0.0457827422652272,0.9190143006891472,0.03520295704562564,0.999808642851753,87.85214510337207,0.9997129642776295,SIDE,0.9190143006891472,94.3399732332576,HIGH,0.919142474760823,1.0,28
NIFTYIT,2014-08-19,SIDE,0.00010665874355120965,0.9996233097012329,0.00027003155521588174,0.04575258541084944,0.9188502533073406,0.03539716128180991,0.9996233097012329,87.82753799610109,0.9994349645518492,SIDE,0.9188502533073406,94.34034637411321,HIGH,0.9191478053444746,1.0,29
NIFTYIT,2014-08-20,SIDE,0.00012984791986206238,0.9997357036695782,0.00013444841055959997,0.045772304225139,0.9189499575990774,0.03527773817578362,0.9997357036695782,87.8424936398616,0.9996035555043673,SIDE,0.9189499575990774,94.34010024713825,HIGH,0.9191442892448325,1.0,30
NIFTYIT,2014-08-21,SIDE,0.00012746607745786615,0.9997475113953961,0.00012502252714605486,0.045770774923877204,0.9189598810675771,0.035269344008545755,0.9997475113953961,87.84398216013655,0.999621267093094,SIDE,0.9189598810675771,94.34012433085172,HIGH,0.919144633297882,1.0,31
NIFTYIT,2014-08-22,SIDE,0.0009472152454738376,0.9990497367277361,3.0480267900333285e-06,0.04636861603012967,0.9184511249607297,0.03518025900914068,0.9990497367277361,87.76766874410946,0.998574605091604,SIDE,0.9184511249607297,94.33166301663192,HIGH,0.9190237573804559,1.0,32
NIFTYIT,2014-08-25,SIDE,0.0009153847744268662,0.9990813728226383,3.2424029349084343e-06,0.04634549862971768,0.9184748015753569,0.03517969979492545,0.9990813728226383,87.77122023630352,0.9986220592339573,SIDE,0.9184748015753569,94.33199133266486,HIGH,0.9190284476094979,1.0,33
NIFTYIT,2014-08-26,SIDE,0.000592845338442458,0.9994037091488877,3.4455126699239876e-06,0.04611128661435538,0.9187162430335946,0.03517247035205007,0.9994037091488877,87.80743645503917,0.9991055637233315,SIDE,0.9187162430335946,94.33531808161675,HIGH,0.9190759725945249,1.0,34
NIFTYIT,2014-08-27,SIDE,0.0014182622193331027,0.9985785277214224,3.2100592444866814e-06,0.04671065705222594,0.9180981200324558,0.03519122291531812,0.9985785277214224,87.71471800486837,0.9978677915821335,SIDE,0.9180981200324558,94.32680454889244,HIGH,0.9189543506984637,1.0,35
NIFTYIT,2014-08-28,SIDE,0.001161767155854124,0.9988365649940713,1.6678500745785965e-06,0.0465244393524814,0.9182915942045523,0.03518396644296633,0.9988365649940713,87.74373913068283,0.9982548474911067,SIDE,0.9182915942045523,94.32945001305588,HIGH,0.9189921430436555,1.0,36
NIFTYIT,2014-09-01,SIDE,0.0012288221938327613,0.9987706205185288,5.572876384214178e-07,0.046573154064672634,0.9182423217113139,0.03518452422401345,0.9987706205185288,87.73634825669707,0.9981559307777931,SIDE,0.9182423217113139,94.32875833658743,HIGH,0.918982261951249,1.0,37
NIFTYIT,2014-09-02,SIDE,0.0015821867583317279,0.9984169783276617,8.349140065691384e-07,0.04682973912244122,0.9179773737918455,0.03519288708571317,0.9984169783276617,87.69660606877683,0.9976254674914926,SIDE,0.9179773737918455,94.3251136755151,HIGH,0.9189301953645017,1.0,38
NIFTYIT,2014-09-03,BULL,0.6584584789904494,0.3415408113458512,7.096636992545443e-07,0.5238116819004048,0.4259062557976687,0.05028206230192642,0.6584584789904494,28.571752285060725,0.48768771848567427,BULL,0.5238116819004048,60.54995554931494,MODERATE,0.8221422221330705,0.1,1
NIFTYIT,2014-09-04,SIDE,0.16257180357524542,0.8374266675982105,1.5288265440659267e-06,0.16373018292422686,0.7973781792783652,0.03889163779740802,0.8374266675982105,69.60672689175478,0.7561400013973157,SIDE,0.7973781792783652,89.66463346163894,HIGH,0.895209049451985,0.9,1
NIFTYIT,2014-09-05,SIDE,0.13751470227972123,0.862484761288972,5.364313068641029e-07,0.1455353248017054,0.8161495089799778,0.03831516621831675,0.862484761288972,72.42242634699667,0.7937271419334578,SIDE,0.8161495089799778,89.9230775429636,HIGH,0.8989011077566229,0.9,2
NIFTYIT,2014-09-08,BULL,0.7514614630003975,0.24853843153491958,1.0546468297013196e-07,0.5913445685423354,0.35623750658171505,0.05241792487594956,0.7514614630003975,38.701685281350315,0.6271921945005963,BULL,0.5913445685423354,62.59070347998068,MODERATE,0.8084386211425814,0.2,1
NIFTYIT,2014-09-09,SIDE,0.38260775639695604,0.6173915640611842,6.795418596837234e-07,0.32350636721485687,0.6325482399745646,0.04394539281057862,0.6173915640611842,44.88223599618468,0.42608734609177634,SIDE,0.6325482399745646,84.39513703038466,HIGH,0.862787671862638,0.8,1
NIFTYIT,2014-09-10,SIDE,0.01153811788105652,0.9884586551405368,3.2269784067339447e-06,0.05405905462451856,0.9105172415025061,0.03542370387297537,0.9884586551405368,86.5775862253759,0.9826879827108052,SIDE,0.9105172415025061,88.22242626260216,HIGH,0.917463232322888,0.8,2
NIFTYIT,2014-09-11,SIDE,0.001604280619624507,0.9983947626719565,9.567084190119866e-07,0.04684577969714472,0.9179607179366237,0.035193502366231595,0.9983947626719565,87.69410769049354,0.9975921440079347,SIDE,0.9179607179366237,88.3248858010963,HIGH,0.9189269400156614,0.8,3
NIFTYIT,2014-09-12,SIDE,0.0007437441570808576,0.9992536494390901,2.6064038290401595e-06,0.046220877600546585,0.9186039281020304,0.03517519429742295,0.9992536494390901,87.79058921530456,0.998880474158635,SIDE,0.9186039281020304,88.3337616369429,HIGH,0.9190537376706129,0.8,4
NIFTYIT,2014-09-15,SIDE,0.0001670645950787035,0.9998046573225634,2.827808235793185e-05,0.0458015840797118,0.9190137559345345,0.03518465998575374,0.9998046573225634,87.85206339018016,0.9997069859838451,SIDE,0.9190137559345345,88.33971094512196,HIGH,0.9191387277874566,0.8,5
NIFTYIT,2014-09-16,SIDE,0.000307355135765257,0.9995155222182435,0.000177122645991203,0.04590029215373948,0.918780136513053,0.03531957133320752,0.9995155222182435,87.81702047695795,0.9992732833273652,SIDE,0.918780136513053,88.33827158812258,HIGH,0.9191181655446082,0.8,6
NIFTYIT,2014-09-17,SIDE,0.0006529154023541691,0.9993274668005493,1.96177970965824e-05,0.0461545621273072,0.9186572793725766,0.0351881585001162,0.9993274668005493,87.79859190588647,0.9989912002008238,SIDE,0.9186572793725766,91.33469933541069,HIGH,0.9190671333630098,0.9,7
NIFTYIT,2014-09-18,SIDE,0.10565568854451092,0.8943154450854502,2.8866370038800428e-05,0.12240072595377116,0.8399908853760001,0.03760838867022872,0.8943154450854502,75.99863280640001,0.8414731676281754,SIDE,0.8399908853760001,90.25167946074434,HIGH,0.9035954208677763,0.9,8
NIFTYIT,2014-09-19,BULL,0.6083847171176869,0.39160907682466534,6.206057647669181e-06,0.48745117221350315,0.46341216076701147,0.049136667019485276,0.6083847171176869,23.117675832025473,0.4125770756765304,BULL,0.48745117221350315,64.06642698145151,MODERATE,0.8295203854493072,0.2,1
NIFTYIT,2014-09-22,SIDE,0.015862971394624076,0.9841268520298837,1.0176575492267912e-05,0.05719934156353345,0.9072714585791144,0.035529199857352096,0.9841268520298837,86.09071878686716,0.9761902780448254,SIDE,0.9072714585791144,91.17781918395471,HIGH,0.9168259883422102,0.9,1
NIFTYIT,2014-09-23,SIDE,0.0009178983189604597,0.998948792568173,0.00013330911286653507,0.04634456069278268,0.9183606065908071,0.03529483271641025,0.998948792568173,87.75409098862104,0.9984231888522596,SIDE,0.9183606065908071,91.33197207372146,HIGH,0.9190281724817352,0.9,2
NIFTYIT,2014-09-24,SIDE,0.00015563711758796763,0.9997987020951951,4.566078721701765e-05,0.04579291689462225,0.9190073064542394,0.03519977665113822,0.9997987020951951,87.85109596813592,0.9996980531427926,SIDE,0.9190073064542394,91.33982970140273,HIGH,0.9191404243057535,0.9,3
NIFTYIT,2014-09-25,SIDE,0.0006079301093229798,0.999365083674709,2.698621596793008e-05,0.04612174012466383,0.9186846156120475,0.035193644263288665,0.999365083674709,87.8026923418071,0.9990476255120635,SIDE,0.9186846156120475,91.33516370069131,HIGH,0.9190737671527331,0.9,4
NIFTYIT,2014-09-26,SIDE,0.00018477588696476946,0.9996476596359227,0.00016756447711253889,0.04581148592257128,0.9188802150373533,0.03530829904007538,0.9996476596359227,87.83203225560298,0.9994714894538841,SIDE,0.9188802150373533,91.33953540599899,HIGH,0.9191362200856998,0.9,5
NIFTYIT,2014-09-29,SIDE,0.001774093331385955,0.9982151022460501,1.080442256389776e-05,0.04696887772509529,0.9178250064304758,0.035206115844428884,0.9982151022460501,87.67375096457137,0.9973226533690752,SIDE,0.9178250064304758,91.32313482234063,HIGH,0.9189019260334377,0.9,6
NIFTYIT,2014-09-30,SIDE,0.0008001642583728009,0.9991963565699757,3.479171651417741e-06,0.04626182776209421,0.9185609097264708,0.03517726251143509,0.9991963565699757,87.7841364589706,0.9987945348549636,SIDE,0.9185609097264708,91.33317975306508,HIGH,0.919045425043787,0.9,7
NIFTYIT,2014-10-01,SIDE,0.03353599994133226,0.9664616637906299,2.3362680378258397e-06,0.0700325415917476,0.8940392231811902,0.03592823522706208,0.9664616637906299,84.10588347717854,0.9496924956859447,SIDE,0.8940392231811902,90.99553550553202,HIGH,0.9142219357933146,0.9,8
NIFTYIT,2014-10-07,SIDE,0.0024514425321414536,0.997545016268471,3.5411993875016837e-06,0.04746088009270768,0.9173238705499265,0.03521524935736591,0.997545016268471,87.59858058248898,0.9963175244027064,SIDE,0.9173238705499265,91.31614813014221,HIGH,0.9188021161448887,0.9,9
NIFTYIT,2014-10-08,SIDE,0.003976672277949024,0.9584075087913208,0.03761581893073024,0.0477693768496262,0.8837032619360442,0.06852736121432962,0.9584075087913208,82.55548929040661,0.937611263186981,SIDE,0.8837032619360442,94.30234432702342,HIGH,0.9186049189574775,1.0,10
NIFTYIT,2014-10-09,SIDE,0.0001533153074774798,0.9995592371431403,0.00028744754938222117,0.04578609446891995,0.9188002638670183,0.035413641664061773,0.9995592371431403,87.82003958005275,0.9993388557147105,SIDE,0.9188002638670183,94.33986604126758,HIGH,0.9191409434466798,1.0,11
NIFTYIT,2014-10-10,SIDE,0.0035316685723208083,0.9963845432193784,8.378820830076186e-05,0.048243567041041706,0.9164453717172912,0.03531106124166703,0.9963845432193784,87.46680575759368,0.9945768148290675,SIDE,0.9164453717172912,94.30501056792396,HIGH,0.9186430081131993,1.0,12
NIFTYIT,2014-10-13,SIDE,0.0012700566214166663,0.9987200840007995,9.859377783724656e-06,0.04660289828121987,0.9182034003589247,0.03519370135985545,0.9987200840007995,87.73051005383869,0.9980801260011992,SIDE,0.9182034003589247,94.32833351291914,HIGH,0.9189761930417021,1.0,13
NIFTYIT,2014-10-14,SIDE,0.0003033011087622323,0.9996225565891194,7.414230211843773e-05,0.045899536072048316,0.9188720965196452,0.035228367408306434,0.9996225565891194,87.83081447794676,0.9994338348836789,SIDE,0.9188720965196452,94.3383081241717,HIGH,0.919118687488167,1.0,14
NIFTYIT,2014-10-16,SIDE,0.0003063564335183104,0.9977606615526842,0.0019329820137974998,0.04586226580004789,0.9172647073146956,0.036873026885256524,0.9977606615526842,87.58970609720433,0.9966409923290263,SIDE,0.9172647073146956,94.3383718815513,HIGH,0.9191195983078756,1.0,15
NIFTYIT,2014-10-17,BEAR,0.00010561142639478515,0.0001802455843576214,0.9997141429892477,0.024519814653929717,0.055835162985270054,0.9196450223608,0.9997141429892477,87.94675335412002,0.9995712144838713,BEAR,0.9196450223608,67.39158142738873,MODERATE,0.919879734676982,0.1,1
NIFTYIT,2014-10-20,BEAR,3.435044389790945e-06,2.2739062979508964e-05,0.9999738258926306,0.024440103983060558,0.05568746900341401,0.9198724270135255,0.9999738258926306,87.98086405202882,0.9999607388389458,BEAR,0.9198724270135255,70.3926486052147,MODERATE,0.9198949800744959,0.2,2
NIFTYIT,2014-10-21,BEAR,4.524053134668354e-06,4.895577087350374e-05,0.9999465201759918,0.024441474829919936,0.05571023159223222,0.9198482935778478,0.9999465201759918,87.97724403667718,0.9999197802639878,BEAR,0.9198482935778478,73.39263597346014,MODERATE,0.9198947996208592,0.3,3
NIFTYIT,2014-10-22,BEAR,2.0635406234353673e-05,0.0006382695838856823,0.99934109500988,0.024466035416560967,0.0562209445882075,0.9193130199952316,0.99934109500988,87.89695299928472,0.99901164251482,BEAR,0.9193130199952316,76.39243876792781,HIGH,0.9198919823989689,0.4,4
NIFTYIT,2014-10-27,BEAR,3.6659760130147594e-06,7.796049368790499e-05,0.9999183735302991,0.024441449690946134,0.05573517889724915,0.9198233714118048,0.9999183735302991,87.9735057117707,0.9998775602954485,BEAR,0.9198233714118048,79.39264338125257,HIGH,0.9198949054464652,0.5,5
NIFTYIT,2014-10-28,BEAR,7.79142217007832e-06,0.00027618852753299593,0.999716020050297,0.02444874408933023,0.055906819889665976,0.9196444360210038,0.999716020050297,87.94666540315058,0.9995740300754455,BEAR,0.9196444360210038,82.39259045937581,HIGH,0.9198941494196545,0.6,6
NIFTYIT,2014-10-29,BEAR,6.0236791500857224e-05,0.002538333202071574,0.9974014300064277,0.024535997326321633,0.05786617162091832,0.91759783105276,0.9974014300064277,87.63967465791399,0.9961021450096413,BEAR,0.91759783105276,85.39193089788891,HIGH,0.9198847271126989,0.7,7
NIFTYIT,2014-10-30,BEAR,0.0023544719200689823,0.05725404801849489,0.9403914800614362,0.02741303458524221,0.10537539897084335,0.8672115664439144,0.9403914800614362,80.08173496658716,0.9105872200921542,BEAR,0.8672115664439144,88.36534576538062,HIGH,0.9195049395054374,0.8,8
NIFTYIT,2014-10-31,SIDE,0.021510261363403924,0.9127864018946925,0.0657033367419035,0.05990447206125377,0.8463152556924967,0.09378027224624963,0.9127864018946925,76.9472883538745,0.8691796028420388,SIDE,0.8463152556924967,70.12293882021929,MODERATE,0.9160419831459901,0.2,1
NIFTYIT,2014-11-03,SIDE,0.0018306774521230685,0.9977328511019675,0.0004364714459093389,0.047000922734699746,0.9174150570961567,0.03558402016914369,0.9977328511019675,87.61225856442348,0.9965992766529514,SIDE,0.9174150570961567,70.32257301860263,MODERATE,0.9188939002657518,0.2,2
NIFTYIT,2014-11-05,SIDE,0.004690324730220273,0.9949639121894858,0.0003457630802939461,0.04907934437718587,0.91535119900164,0.03556945662117413,0.9949639121894858,87.30267985024598,0.9924458682842286,SIDE,0.91535119900164,73.29307337527953,MODERATE,0.9184724767897077,0.3,3
NIFTYIT,2014-11-07,SIDE,0.0031089378355477772,0.9964929097476835,0.00039815241676862296,0.04792992847005749,0.9164905904562693,0.03557948107367314,0.9964929097476835,87.47358856844039,0.9947393646215253,SIDE,0.9164905904562693,76.30938681231984,HIGH,0.9187055258902836,0.4,4
NIFTYIT,2014-11-10,SIDE,0.0014528422518214417,0.998407573238125,0.0001395845100534215,0.04673286976642589,0.9179544570798712,0.03531267315370289,0.998407573238125,87.69316856198068,0.9976113598571875,SIDE,0.9179544570798712,79.32645487284023,HIGH,0.9189493553262891,0.5,5
NIFTYIT,2014-11-11,SIDE,0.0010866180230926941,0.998856747978237,5.663399867023221e-05,0.04646870312319617,0.9183004259713226,0.03523087090548126,0.998856747978237,87.74506389569838,0.9982851219673553,SIDE,0.9183004259713226,82.33022793394068,HIGH,0.9190032561991526,0.6,6
NIFTYIT,2014-11-12,SIDE,0.0033528754224460126,0.9966467847078784,3.398696756484225e-07,0.04811551154636172,0.9166513643768397,0.03523312407679863,0.9966467847078784,87.49770465652595,0.9949701770618176,SIDE,0.9166513643768397,85.30685040054435,HIGH,0.918669291436348,0.7,7
NIFTYIT,2014-11-13,SIDE,0.06531135642092581,0.9346885434796542,1.0009941999002751e-07,0.0931058395102964,0.8702379832339981,0.036656177255705524,0.9346885434796542,80.53569748509972,0.9020328152194812,SIDE,0.8702379832339981,87.66779778338872,HIGH,0.9095399683341248,0.8,8
NIFTYIT,2014-11-14,SIDE,0.0661795471288486,0.9338203938549317,5.9016219712746366e-08,0.09373626546180633,0.8695876501828163,0.03667608435537741,0.9338203938549317,80.43814752742242,0.9007305907823975,SIDE,0.8695876501828163,90.65884308251586,HIGH,0.9094120440359409,0.9,9
NIFTYIT,2014-11-17,SIDE,0.0660876193506813,0.9339123314485231,4.9200795576627164e-08,0.09366951354286894,0.8696565224841327,0.03667396397299833,0.9339123314485231,80.44847837261989,0.9008684971727847,SIDE,0.8696565224841327,93.6597912441554,HIGH,0.9094255892022199,1.0,10
NIFTYIT,2014-11-18,SIDE,0.01431700223797811,0.9856828066926804,1.9106934146948534e-07,0.05607696885339233,0.9084381787458178,0.03548485240078991,0.9856828066926804,86.26572681187267,0.9785242100390206,SIDE,0.9084381787458178,94.19376411822815,HIGH,0.917053773117545,1.0,11
NIFTYIT,2014-11-19,SIDE,0.006449156598648353,0.9935507306794689,1.127218827751523e-07,0.05036383956456822,0.9143321117985493,0.035304048636882406,0.9935507306794689,87.14981676978239,0.9903260960192033,SIDE,0.9143321117985493,94.27491470359888,HIGH,0.9182130671942696,1.0,12
NIFTYIT,2014-11-20,SIDE,0.02343515875733467,0.9765646907462738,1.504963914761396e-07,0.062697997203028,0.901607730610668,0.0356942721863039,0.9765646907462738,85.24115959160021,0.9648470361194106,SIDE,0.901607730610668,94.09971756140145,HIGH,0.9157102508771636,1.0,13
NIFTYIT,2014-11-21,SIDE,0.001137517327908823,0.9988611988671151,1.283804976129655e-06,0.04650683882261499,0.918310091563834,0.03518306961355105,0.9988611988671151,87.7465137345751,0.9982917983006725,SIDE,0.918310091563834,94.32970011112016,HIGH,0.9189957158731453,1.0,14
NIFTYIT,2014-11-24,SIDE,0.013254328641120946,0.9867444903666769,1.1809922022527702e-06,0.05530530159446741,0.9092333811482445,0.03546131725728806,0.9867444903666769,86.38500717223667,0.9801167355500153,SIDE,0.9092333811482445,94.20472480452635,HIGH,0.9172103543503766,1.0,15
NIFTYIT,2014-11-25,SIDE,0.002901521189460966,0.9970972761769964,1.2026335426038697e-06,0.04778774837425968,0.9169887324097588,0.03522351921598154,0.9970972761769964,87.5483098614638,0.9956459142654944,SIDE,0.9169887324097588,94.31150580579961,HIGH,0.9187357972257088,1.0,16
NIFTYIT,2014-11-26,SIDE,0.0005413033433944414,0.999456954838248,1.7418183575919856e-06,0.046073896276510734,0.9187563246827857,0.035169779040703585,0.999456954838248,87.81344870241784,0.9991854322573719,SIDE,0.9187563246827857,94.33584960910918,HIGH,0.9190835658444169,1.0,17
NIFTYIT,2014-11-27,SIDE,0.0031571954094739983,0.9968416694809684,1.1351095576865608e-06,0.04797340422637294,0.9167972631359462,0.035229332637680834,0.9968416694809684,87.51958947039194,0.9952625042214525,SIDE,0.9167972631359462,94.3088687254825,HIGH,0.9186981246497501,1.0,18
NIFTYIT,2014-11-28,SIDE,0.0012551230821162965,0.9987438976519386,9.792659451121147e-07,0.04659224313874396,0.9182222551313406,0.03518550172991541,0.9987438976519386,87.7333382697011,0.9981158464779077,SIDE,0.9182222551313406,94.32848708540618,HIGH,0.9189783869343741,1.0,19
NIFTYIT,2014-12-01,SIDE,0.004745858358343977,0.9952536155903661,5.260512899296232e-07,0.04912700353212694,0.9156077090745475,0.035265287393325614,0.9952536155903661,87.3411563611821,0.9928804233855489,SIDE,0.9156077090745475,94.29248289559347,HIGH,0.918464041365621,1.0,20
NIFTYIT,2014-12-02,SIDE,0.00038157585600138863,0.9996066487595916,1.1775384407093493e-05,0.04595769914511406,0.918867313864005,0.03517498699088094,0.9996066487595916,87.83009707960073,0.9994099731393874,SIDE,0.918867313864005,94.33749758574213,HIGH,0.9191071083677448,1.0,21
NIFTYIT,2014-12-03,SIDE,0.00018865207005604355,0.9997978040804538,1.354384949020305e-05,0.045817572547521855,0.9190103075356915,0.03517211991678668,0.9997978040804538,87.85154613035373,0.9996967061206807,SIDE,0.9190103075356915,94.33948753226436,HIGH,0.9191355361752052,1.0,22
NIFTYIT,2014-12-04,SIDE,0.0011802304961920636,0.9986219927253714,0.00019777677843654687,0.04653368015762761,0.9181084239181321,0.03535789592424037,0.9986219927253714,87.71626358771981,0.9979329890880572,SIDE,0.9181084239181321,94.32926962946011,HIGH,0.9189895661351444,1.0,23
NIFTYIT,2014-12-05,SIDE,0.0003207861488287887,0.9779861267051947,0.02169308714597645,0.04545296363906297,0.9001911284841186,0.05435590787681843,0.9779861267051947,85.02866927261779,0.9669791900577922,SIDE,0.9001911284841186,94.33923581004623,HIGH,0.9191319401435178,1.0,24
NIFTYIT,2014-12-08,BULL,0.75517993777501,1.022765823805852e-06,0.24481903945916622,0.5888438000669515,0.1420518262875283,0.26910437364552026,0.75517993777501,38.32657001004272,0.632769906662515,BULL,0.5888438000669515,59.56489800266653,MODERATE,0.8080699714666648,0.1,1
NIFTYIT,2014-12-09,BEAR,0.000241189098581046,0.0007048167053069205,0.9990539941961122,0.024632286650299654,0.05630363644328837,0.919064076906412,0.9990539941961122,87.8596115359618,0.9985809912941681,BEAR,0.919064076906412,67.39014921676353,MODERATE,0.9198592745251933,0.1,1
NIFTYIT,2014-12-10,BEAR,2.971875732055274e-06,1.9625309233262484e-05,0.9999774028150348,0.024439691671836464,0.05568472730895162,0.9198755810192117,0.9999774028150348,87.98133715288178,0.9999661042225522,BEAR,0.9198755810192117,70.3926535657593,MODERATE,0.9198950509394186,0.2,2
NIFTYIT,2014-12-11,BEAR,6.395278058065572e-07,6.463707086424511e-07,0.9999987141014856,0.02443754533544107,0.055668072281132956,0.919894382383426,0.9999987141014856,87.98415735751391,0.9999980711522282,BEAR,0.919894382383426,73.39267871434065,MODERATE,0.9198954102048666,0.3,3
NIFTYIT,2014-12-12,BEAR,1.0624925039295503e-07,1.3626771010555038e-08,0.9999998801239786,0.024437133331574268,0.055667464908695355,0.9198954017597305,0.9999998801239786,87.98431026395957,0.9999998201859677,BEAR,0.9198954017597305,76.39268427444803,HIGH,0.9198954896349719,0.4,4
NIFTYIT,2014-12-15,BEAR,2.3583116902297864e-08,3.44611253734164e-11,0.999999976382422,0.024437071259769315,0.05566744371578032,0.9198954850244504,0.999999976382422,87.98432275366754,0.9999999645736328,BEAR,0.9198954850244504,79.3926851320171,HIGH,0.9198955018859586,0.5,5
NIFTYIT,2014-12-16,BEAR,7.724164319670234e-07,1.4224634693282862e-07,0.9999990853372211,0.024437633944275883,0.05566765217268296,0.9198947138830411,0.9999990853372211,87.98420708245617,0.9999986280058317,BEAR,0.9198947138830411,82.3926773627267,HIGH,0.9198953908960957,0.6,6
NIFTYIT,2014-12-17,BEAR,2.736765249031186e-07,3.990802160335384e-08,0.9999996864154536,0.024437259021760832,0.055667506754113534,0.9198952342241256,0.9999996864154536,87.98428513361884,0.9999995296231802,BEAR,0.9198952342241256,85.39268253764033,HIGH,0.9198954648234334,0.7,7
NIFTYIT,2014-12-18,BEAR,2.7523287971142216e-06,6.676285118118275e-06,0.9999905713860848,0.024439252500018115,0.05567352076641877,0.9198872267335632,0.9999905713860848,87.98308401003447,0.9999858570791272,BEAR,0.9198872267335632,88.3926565051372,HIGH,0.9198950929305314,0.8,8
NIFTYIT,2014-12-19,BEAR,2.7309316775241928e-05,0.0001819917682094753,0.9997906989150154,0.024461330283311742,0.05582771398825441,0.9197109557284339,0.9997906989150154,87.95664335926506,0.9996860483725231,BEAR,0.9197109557284339,91.3923929752652,HIGH,0.9198913282180744,0.9,9
NIFTYIT,2014-12-22,BEAR,5.545134169720007e-05,0.0073361940228146945,0.992608354635488,0.024634345663735034,0.06200855728588095,0.913357097050384,0.992608354635488,87.0035645575576,0.988912531953232,BEAR,0.913357097050384,94.39173459775465,HIGH,0.9198819228250666,1.0,10
NIFTYIT,2014-12-23,BEAR,1.258913995102173e-05,0.0007856613742322462,0.9992017494858167,0.024463152958997248,0.056347296396177554,0.9191895506448253,0.9992017494858167,87.8784325967238,0.9988026242287251,BEAR,0.9191895506448253,94.3925146169445,HIGH,0.9198930659563499,1.0,11
NIFTYIT,2014-12-24,BEAR,2.0079420334477537e-06,1.697869600976969e-05,0.9999810133619568,0.024438915022457736,0.05568233170690928,0.9198787532706331,0.9999810133619568,87.98181299059495,0.999971520042935,BEAR,0.9198787532706331,94.3926636930215,HIGH,0.919895195614593,1.0,12
NIFTYIT,2014-12-26,BEAR,4.651072787672011e-05,0.0035704437189569118,0.9963830455531665,0.02454766470414063,0.05875582470580094,0.9166965105900583,0.9963830455531665,87.50447658850877,0.9945745683297496,BEAR,0.9166965105900583,94.39202027635636,HIGH,0.9198860039479481,1.0,13
NIFTYIT,2014-12-29,BEAR,0.0005522792950509833,0.18111378141998727,0.8183339392849618,0.028697364857540927,0.21212161959277648,0.7591810155496826,0.8183339392849618,63.87715233245239,0.7275009089274427,BEAR,0.7591810155496826,94.37767816972892,HIGH,0.9196811167104134,1.0,14
NIFTYIT,2014-12-30,SIDE,0.0005278518238979421,0.8358464289450497,0.16362571923105243,0.04258813040027621,0.7774777705706524,0.17993409902907143,0.8358464289450497,66.62166558559785,0.7537696434175744,SIDE,0.7774777705706524,67.34437452834075,MODERATE,0.9192053504048678,0.1,1
NIFTYIT,2014-12-31,SIDE,0.00024327869719771843,0.9972978311500104,0.002458890152791873,0.04580529044732862,0.9168578398333707,0.03733686971930069,0.9972978311500104,87.5286759750056,0.9959467467250154,SIDE,0.9168578398333707,70.33904943262141,MODERATE,0.9191292776088773,0.2,2
NIFTYIT,2015-01-01,SIDE,0.00010589795076418974,0.9997033836497605,0.00019071839947528733,0.04575371788569673,0.9189193098066343,0.035326972307669055,0.9997033836497605,87.83789647099512,0.9995550754746406,SIDE,0.9189193098066343,73.34035015607088,MODERATE,0.9191478593724411,0.3,3
NIFTYIT,2015-01-02,SIDE,0.001202052143581791,0.9987802687809636,1.7679075454647818e-05,0.04655335161830913,0.9182475907744196,0.03519905760727128,0.9987802687809636,87.73713861616295,0.9981704031714452,SIDE,0.9182475907744196,76.32903532596846,HIGH,0.9189862189424067,0.4,4
NIFTYIT,2015-01-05,SIDE,0.0005562797600921264,0.9994181398013545,2.5580438553351673e-05,0.04608426477798474,0.9187245211801995,0.03519121404181572,0.9994181398013545,87.80867817702993,0.9991272097020316,SIDE,0.9187245211801995,79.33569636104033,HIGH,0.9190813765862905,0.5,5
NIFTYIT,2015-01-06,SIDE,0.0014351915840563998,0.8660639042546395,0.13250090416130408,0.043908192992058115,0.8036742248316627,0.15241758217627907,0.8660639042546395,70.5511337247494,0.7990958563819591,SIDE,0.8036742248316627,82.33342080602908,HIGH,0.9190488686575583,0.6,6
NIFTYIT,2015-01-07,SIDE,0.0004258133144603275,0.892135763098826,0.10743842358671361,0.043707669264940796,0.8260717068551788,0.13022062387988048,0.892135763098826,73.91075602827682,0.838203644648239,SIDE,0.8260717068551788,85.34254722170115,HIGH,0.9191792460243025,0.7,7
NIFTYIT,2015-01-08,SIDE,0.00039101301467004145,0.9778372232358813,0.021771763749448676,0.04550228654751593,0.900070584060313,0.054427129392170974,0.9778372232358813,85.01058760904694,0.9667558348538218,SIDE,0.900070584060313,88.33851550799933,HIGH,0.9191216501142763,0.8,8
NIFTYIT,2015-01-09,BULL,1.0,6.028809588799113e-40,5.875170212626671e-31,0.7718175075805669,0.17005541374038188,0.05812707867905122,1.0,65.77262613708503,1.0,BULL,0.7718175075805669,57.02722553063968,MODERATE,0.7718175075805669,0.1,1
NIFTYIT,2015-01-12,SIDE,0.25625656034547817,0.7434272569435333,0.0003161827109885509,0.2317514324579893,0.7269264846381744,0.04132208290383634,0.7434272569435333,59.038972695726166,0.6151408854152999,SIDE,0.7269264846381744,88.6983656046985,HIGH,0.8814052229242642,0.9,1
NIFTYIT,2015-01-13,SIDE,0.005438806939882837,0.9945290846469247,3.210841319247487e-05,0.04962950795300532,0.9150613445717045,0.03530914747529017,0.9945290846469247,87.25920168575566,0.9917936269703869,SIDE,0.9150613445717045,91.28533729909371,HIGH,0.9183619614156245,0.9,2
NIFTYIT,2015-01-14,SIDE,0.004846340585100874,0.9951506124015305,3.0470133687564805e-06,0.049199913803226906,0.9155302602033338,0.03526982599343926,0.9951506124015305,87.32953903050006,0.9927259186022955,SIDE,0.9155302602033338,91.2914466303027,HIGH,0.9184492375757529,0.9,3
NIFTYIT,2015-01-15,SIDE,0.003958049644109872,0.9960391713750908,2.7789807992751056e-06,0.04855489890292398,0.9161959174182864,0.03524918367878958,0.9960391713750908,87.42938761274294,0.9940587570626364,SIDE,0.9161959174182864,91.30060863329925,HIGH,0.9185801233328466,0.9,4
NIFTYIT,2015-01-16,SIDE,0.0018937068945367886,0.9981025182283865,3.7748770767778828e-06,0.047055882849676094,0.9177414729478057,0.03520264420251815,0.9981025182283865,87.66122094217086,0.9971537773425797,SIDE,0.9177414729478057,91.32190074299439,HIGH,0.9188842963284912,0.9,5
NIFTYIT,2015-01-19,SIDE,0.0010464681447952986,0.9989486390601989,4.8927950057865814e-06,0.04644064800648333,0.9183751808790379,0.0351841711144788,0.9989486390601989,87.75627713185568,0.9984229585902984,SIDE,0.9183751808790379,91.33063939622208,HIGH,0.919009134231744,0.9,6
NIFTYIT,2015-01-20,SIDE,0.0015074676499428,0.9984882388563093,4.29349374789167e-06,0.04677540936710005,0.9180303599975734,0.03519423063532655,0.9984882388563093,87.70455399963602,0.9977323582844638,SIDE,0.9180303599975734,91.32588452113531,HIGH,0.9189412074447902,0.9,7
NIFTYIT,2015-01-21,SIDE,0.005940157109592251,0.9940572199747267,2.6229156810273112e-06,0.049994183062524455,0.9147112397997808,0.03529457713769481,0.9940572199747267,87.20668596996711,0.9910858299620899,SIDE,0.9147112397997808,91.28016475839912,HIGH,0.9182880679771303,0.9,8
NIFTYIT,2015-01-22,SIDE,0.0030643157942973225,0.9969327576715193,2.9265341833564157e-06,0.04790592287849457,0.9168652931025288,0.035228784018976514,0.9969327576715193,87.52979396537931,0.9953991365072788,SIDE,0.9168652931025288,91.30982679688458,HIGH,0.9187118113840654,0.9,9
NIFTYIT,2015-01-23,BULL,1.0,4.5285909389442704e-70,5.16317369287269e-57,0.7718175075805669,0.17005541374038188,0.05812707867905122,1.0,65.77262613708503,1.0,BULL,0.7718175075805669,57.02722553063968,MODERATE,0.7718175075805669,0.1,1
NIFTYIT,2015-01-27,SIDE,0.18168369546575408,0.8183025873558051,1.3717178440736997e-05,0.1776077688531749,0.7830507853038712,0.03934144584295392,0.8183025873558051,67.45761779558067,0.7274538810337076,SIDE,0.7830507853038712,89.46751007521772,HIGH,0.8923930010745388,0.9,1
NIFTYIT,2015-01-28,SIDE,0.031378403776485514,0.9686213529851068,2.4323840763586154e-07,0.0684658764379626,0.8956573028564917,0.03587682070554582,0.9686213529851068,84.3485954284737,0.9529320294776603,SIDE,0.8956573028564917,91.01778929194954,HIGH,0.9145398470278506,0.9,2
NIFTYIT,2015-01-29,SIDE,0.00563278311585256,0.9943670021472801,2.1473686733247948e-07,0.04977103870409676,0.9149435755421896,0.035285385753713636,0.9943670021472801,87.24153633132843,0.9915505032209202,SIDE,0.9149435755421896,91.28333495400317,HIGH,0.9183333564857595,0.9,3
NIFTYIT,2015-01-30,BULL,0.9999999999990645,8.797309625974592e-13,5.578072401268328e-14,0.7718175075798864,0.17005541374103453,0.05812707867907908,0.9999999999990645,65.77262613698296,0.9999999999985968,BULL,0.7718175075798864,60.0272255306493,MODERATE,0.7718175075807043,0.2,1
NIFTYIT,2015-02-02,SIDE,0.24838530046260346,0.7516088613981301,5.838139266309766e-06,0.22604241520150029,0.7330908889348388,0.04086669586366088,0.7516088613981301,59.96363334022583,0.6274132920971953,SIDE,0.7330908889348388,85.77953550328954,HIGH,0.8825647929041364,0.8,1
NIFTYIT,2015-02-03,SIDE,0.018981399164202675,0.9810181228305683,4.780052289443267e-07,0.05946395224370858,0.9049437943468585,0.03559225340943301,0.9810181228305683,85.74156915202875,0.9715271842458525,SIDE,0.9049437943468585,88.14565457702211,HIGH,0.9163664939574588,0.8,2
NIFTYIT,2015-02-04,SIDE,0.00105993641558291,0.9989389263411386,1.137243278510198e-06,0.046450507593568294,0.9183683345943147,0.03518115781211712,0.9989389263411386,87.75525018914715,0.9984083895117078,SIDE,0.9183683345943147,88.33050028920552,HIGH,0.9190071469886503,0.8,3
NIFTYIT,2015-02-05,SIDE,0.029163953652275577,0.9708354607780987,5.855696257396519e-07,0.06685787580510202,0.89731586935838,0.03582625483651796,0.9708354607780987,84.597380403757,0.956253191167148,SIDE,0.89731586935838,88.04062960669748,HIGH,0.9148661372385355,0.8,4
NIFTYIT,2015-02-06,BULL,0.9549649870840528,0.04503484622327232,1.6669267495083816e-07,0.7391159313264146,0.20379135418673197,0.05709271448685345,0.9549649870840528,60.86738969896219,0.932447480626079,BULL,0.7391159313264146,63.491725989328906,MODERATE,0.7784532284189845,0.3,1
NIFTYIT,2015-02-09,SIDE,0.46777904827712535,0.5322200309838718,9.207390027892819e-07,0.38535235733187106,0.568745543282567,0.04590209938556201,0.5322200309838718,35.311831492385046,0.29833004647580774,SIDE,0.568745543282567,83.51666269898054,HIGH,0.8502380385568649,0.8,1
NIFTYIT,2015-02-10,SIDE,0.025584212832739303,0.9744132489213684,2.5382458923206385e-06,0.06425845337175831,0.8999957953927378,0.03574575123550398,0.9744132489213684,84.99936930891067,0.9616198733820526,SIDE,0.8999957953927378,88.07755189496879,HIGH,0.9153935984995542,0.8,2
NIFTYIT,2015-02-11,SIDE,0.005043504017982749,0.9949554532545821,1.0427274352035017e-06,0.0493431239735126,0.9153842942089266,0.03527258181756081,0.9949554532545821,87.30764413133898,0.9924331798818732,SIDE,0.9153842942089266,88.28941294309742,HIGH,0.9184201849013918,0.8,3
NIFTYIT,2015-02-12,SIDE,0.01842335574305108,0.9815759276545929,7.166023560579031e-07,0.05905873140326043,0.9053616230599129,0.035579645536826694,0.9815759276545929,85.80424345898693,0.9723638914818892,SIDE,0.9053616230599129,88.15141036466966,HIGH,0.9164487194952808,0.8,4
NIFTYIT,2015-02-13,SIDE,0.04581538507364328,0.9541840797930022,5.35133354430108e-07,0.07894909124830057,0.8848421939257939,0.03620871482590546,0.9541840797930022,82.72632908886906,0.9312761196895035,SIDE,0.8848421939257939,90.8688832918547,HIGH,0.9124126184550672,0.9,5
NIFTYIT,2015-02-16,BULL,0.999832158849084,0.00016784066855852903,4.823573123659989e-10,0.771695631961865,0.17018114445757768,0.05812322358055736,0.999832158849084,65.75434479427975,0.9997482382736262,BULL,0.771695631961865,60.02895667905555,MODERATE,0.771842238272222,0.2,1
NIFTYIT,2015-02-18,BULL,0.9924770662403457,0.00752292961550505,4.1441491931213134e-09,0.7663548296908089,0.1756908993447659,0.05795427096442523,0.9924770662403457,64.95322445362135,0.9887155993605186,BULL,0.7663548296908089,63.104818627678696,MODERATE,0.7729259803954099,0.3,2
NIFTYIT,2015-02-19,BULL,0.9955347106647576,0.004465287248616911,2.0866255017670295e-09,0.7685750973663256,0.17340039549832298,0.05802450713535144,0.9955347106647576,65.28626460494883,0.9933020659971364,BULL,0.7685750973663256,66.07328144972952,MODERATE,0.7724754492818503,0.4,3
NIFTYIT,2015-02-20,BULL,0.999540476636174,0.00045949091283573756,3.245099025861463e-08,0.7714838301423061,0.1703996183055787,0.05811655155211512,0.999540476636174,65.72257452134592,0.9993107149542609,BULL,0.7714838301423061,69.03196515144649,MODERATE,0.7718852164492355,0.5,4
NIFTYIT,2015-02-23,SIDE,0.3634710479863866,0.636526716478672,2.2355349415355065e-06,0.3096104691191688,0.6468823560152304,0.04350717486560085,0.636526716478672,47.032353402284556,0.454790074718008,SIDE,0.6468823560152304,78.5925170839688,HIGH,0.8656073869138401,0.6,1
NIFTYIT,2015-02-24,SIDE,0.06318494701681487,0.9368145195970228,5.333861623035479e-07,0.09156176653738378,0.8718305191963718,0.036607714266244394,0.9368145195970228,80.77457787945576,0.9052217793955342,SIDE,0.8718305191963718,81.68973003257776,HIGH,0.9098532861796824,0.6,2
NIFTYIT,2015-02-25,SIDE,0.030180903175600887,0.9698188038621535,2.9296224573471187e-07,0.0675963263255132,0.8965543170920492,0.03584935658243755,0.9698188038621535,84.48314756380736,0.95472820579323,SIDE,0.8965543170920492,82.03014056370266,HIGH,0.9147162937671809,0.6,3
NIFTYIT,2015-02-26,SIDE,0.0012927172762504473,0.9986903431917648,1.693953198475391e-05,0.04661920260333862,0.9181803113991526,0.03520048599750876,0.9986903431917648,87.72704670987287,0.998035514787647,SIDE,0.9181803113991526,82.3281001491094,HIGH,0.9189728592729914,0.6,4
NIFTYIT,2015-02-27,SIDE,0.001148854307871289,0.9988459463664755,5.199325653284187e-06,0.04651498783847586,0.9182982179064909,0.03518679425503319,0.9988459463664755,87.74473268597363,0.9982689195497131,SIDE,0.9182982179064909,82.32958337984206,HIGH,0.918994048283458,0.6,5
NIFTYIT,2015-03-02,SIDE,0.002602565681308616,0.9973954216118208,2.012706870526734e-06,0.047570648618656404,0.9172119828505546,0.035217368530789064,0.9973954216118208,87.58179742758317,0.9960931324177312,SIDE,0.9172119828505546,82.31458933634408,HIGH,0.9187798476620584,0.6,6
NIFTYIT,2015-03-03,SIDE,0.043440352224816854,0.956559160380794,4.873943890236869e-07,0.07722449390281046,0.8866213910408369,0.036154115056352736,0.956559160380794,82.99320865612555,0.9348387405711909,SIDE,0.8866213910408369,84.89337987008949,HIGH,0.9127625695727072,0.7,7
NIFTYIT,2015-03-04,SIDE,0.0034861554301362997,0.9965112933503503,2.5512195134408758e-06,0.04821224406507393,0.9165496137774064,0.035238142157519685,0.9965112933503503,87.48244206661094,0.9947669400255252,SIDE,0.9165496137774064,88.30547583627994,HIGH,0.9186496548039991,0.8,8
NIFTYIT,2015-03-05,BULL,0.9999999999833952,1.2670601401235754e-11,3.934249453730003e-12,0.7718175075684259,0.1700554137494235,0.05812707868215057,0.9999999999833952,65.77262613526389,0.9999999999750926,BULL,0.7718175075684259,60.02722553081112,MODERATE,0.771817507583016,0.2,1
NIFTYIT,2015-03-09,SIDE,0.04870641003837886,0.932461874499802,0.018831715461819026,0.0806483241913409,0.8664158575841546,0.05293581822450457,0.932461874499802,79.96237863762317,0.8986928117497032,SIDE,0.8664158575841546,90.84002981124961,HIGH,0.9120004258749943,0.9,1
NIFTYIT,2015-03-10,SIDE,0.000457122708752105,0.9982188558954389,0.0013240213958089705,0.04598467936516615,0.9176776020915699,0.03633771854326399,0.9982188558954389,87.65164031373547,0.9973282838431582,SIDE,0.9176776020915699,91.33678563606284,HIGH,0.9190969376580407,0.9,2
NIFTYIT,2015-03-11,SIDE,0.0003398214549227222,0.9917369886805476,0.00792318986452974,0.04575931108396735,0.912067118588858,0.042173570327174635,0.9917369886805476,86.81006778832871,0.9876054830208214,SIDE,0.912067118588858,91.33833373096633,HIGH,0.9191190532995189,0.9,3
NIFTYIT,2015-03-12,SIDE,0.00037086675807740377,0.9948282387047906,0.004800894537131981,0.045848183694146276,0.9147399514654391,0.03941186484041472,0.9948282387047906,87.21099271981586,0.992242358057186,SIDE,0.9147399514654391,91.33785349708357,HIGH,0.9191121928154796,0.9,4
NIFTYIT,2015-03-13,BULL,1.0,6.683798696808325e-28,1.337423566253256e-20,0.7718175075805669,0.17005541374038188,0.05812707867905122,1.0,65.77262613708503,1.0,BULL,0.7718175075805669,60.02722553063968,MODERATE,0.7718175075805669,0.2,1
NIFTYIT,2015-03-16,SIDE,0.02742933158071335,0.9599957682879264,0.012574900131360218,0.06533117670359084,0.887757419624774,0.04691140367163523,0.9599957682879264,83.16361294371609,0.9399936524318895,SIDE,0.887757419624774,88.05916532608879,HIGH,0.9151309332298398,0.8,1
NIFTYIT,2015-03-17,SIDE,0.0003575048382351352,0.9942425671820277,0.005399927979737121,0.04582575535633774,0.9142326980741929,0.03994154656946933,0.9942425671820277,87.13490471112893,0.9913638507730415,SIDE,0.9142326980741929,88.33802201679856,HIGH,0.9191146002399796,0.8,2
NIFTYIT,2015-03-18,SIDE,0.0004808069198653983,0.9268008154744725,0.07271837760566208,0.04448518852487946,0.8560111274504978,0.09950368402462277,0.9268008154744725,78.40166911757467,0.8902012232117087,SIDE,0.8560111274504978,88.34020050871217,HIGH,0.9191457215530312,0.8,3
NIFTYIT,2015-03-19,SIDE,0.0003179857920835419,0.9539307846116309,0.04575122959628549,0.044939843362733836,0.8794191193103522,0.07564103732691402,0.9539307846116309,81.9128678965528,0.9308961769174464,SIDE,0.8794191193103522,88.34049773926985,HIGH,0.9191499677038552,0.8,4
NIFTYIT,2015-03-20,SIDE,0.0002742452834400198,0.9892222215007976,0.010503533215762343,0.045656877475211244,0.9098881263587245,0.04445499616606415,0.9892222215007976,86.48321895380866,0.9838333322511963,SIDE,0.9098881263587245,91.33914234685169,HIGH,0.9191306049550242,0.9,5
NIFTYIT,2015-03-23,SIDE,0.0004798302197052865,0.7912654776240275,0.20825469215626718,0.04160517031081027,0.7389768095791546,0.21941802011003514,0.7912654776240275,60.84652143687318,0.6868982164360413,SIDE,0.7389768095791546,91.34715719033991,HIGH,0.9192451027191416,0.9,6
NIFTYIT,2015-03-24,BEAR,8.625512214544528e-05,0.027669595465760276,0.9722441494120942,0.02508932691636864,0.0795698892883051,0.8953407837953263,0.9722441494120942,84.30111756929894,0.9583662241181412,BEAR,0.8953407837953263,67.39037315983033,MODERATE,0.9198624737118619,0.1,1
NIFTYIT,2015-03-25,BEAR,4.464746003506824e-05,0.0069023407253223515,0.9930530118146426,0.024617054352630847,0.061632690915825336,0.9137502547315437,0.9930530118146426,87.06253820973156,0.9895795177219638,BEAR,0.9137502547315437,70.39186882112722,MODERATE,0.9198838403018177,0.2,2
NIFTYIT,2015-03-26,BEAR,5.296751442333277e-07,4.7246879600307195e-07,0.9999989978560598,0.024437459539368152,0.05566790955172419,0.9198946309089076,0.9999989978560598,87.98419463633613,0.9999984967840896,BEAR,0.9198946309089076,73.39267986192702,MODERATE,0.9198954265989575,0.3,3
NIFTYIT,2015-03-27,BULL,1.0,1.0622533909224084e-53,3.4249207302636984e-35,0.7718175075805669,0.17005541374038188,0.05812707867905122,1.0,65.77262613708503,1.0,BULL,0.7718175075805669,57.02722553063968,MODERATE,0.7718175075805669,0.1,1
NIFTYIT,2015-03-30,BEAR,0.029639516791424198,0.3660293426906053,0.6043311405179705,0.05436491042023617,0.3751226754650383,0.5705124141147255,0.6043311405179705,35.57686211720883,0.4064967107769558,BEAR,0.5705124141147255,76.06669814790973,HIGH,0.9152385449701391,0.4,1
NIFTYIT,2015-03-31,BEAR,0.0002152513138946086,0.15891954091708524,0.8408652077690201,0.02797398629374257,0.19291843235881237,0.7791075813474451,0.8408652077690201,66.86613720211676,0.7612978116535299,BEAR,0.7791075813474451,79.38230913541344,HIGH,0.9197472733630491,0.5,2
NIFTYIT,2015-04-01,BULL,0.9999999975342466,3.146367190438197e-18,2.465753431392604e-09,0.771817505737711,0.17005541345832936,0.058127080803959674,0.9999999975342466,65.77262586065665,0.9999999963013699,BULL,0.771817505737711,60.027225556198324,MODERATE,0.7718175079456904,0.2,1
NIFTYIT,2015-04-06,BEAR,0.010312606640170838,0.13716407995843938,0.8525233134013898,0.03505838321633114,0.17528769740803304,0.7896539193756359,0.8525233134013898,68.44808790634538,0.7787849701020845,BEAR,0.7896539193756359,82.27876043125409,HIGH,0.9182680061607726,0.6,1
NIFTYIT,2015-04-07,BEAR,3.3623932645834287e-05,0.009531959718887047,0.9904344163484671,0.024664678734868942,0.06390209513000243,0.9114332261351287,0.9904344163484671,86.71498392026929,0.9856516245227006,BEAR,0.9114332261351287,85.39184830987435,HIGH,0.9198835472839194,0.7,2
NIFTYIT,2015-04-08,BEAR,0.0011466070395677588,0.27965214084583856,0.7192012521145937,0.031234884914351536,0.29727707115768964,0.6714880439279589,0.7192012521145937,50.723206589193836,0.5788018781718905,BEAR,0.6714880439279589,88.36646732826061,HIGH,0.9195209618322946,0.8,3
NIFTYIT,2015-04-09,SIDE,0.0002972598203657436,0.973056052296195,0.0266466878834394,0.04533064691035776,0.8959313384031828,0.05873801468645945,0.973056052296195,84.38970076047742,0.9595840784442923,SIDE,0.8959313384031828,67.33973235109019,MODERATE,0.9191390335870027,0.1,1
NIFTYIT,2015-04-10,BULL,0.9999738513848199,1.428083541111662e-05,1.1867779769009969e-05,0.7717982679961727,0.17006475409587538,0.05813697790795196,0.9999738513848199,65.7697401994259,0.9999607770772296,BULL,0.7717982679961727,63.027495841128335,MODERATE,0.7718213691589763,0.3,1
NIFTYIT,2015-04-13,BULL,0.9136746725432149,0.07912181907763835,0.007203508379146844,0.7089804947984495,0.22850219951409192,0.06251730568745864,0.9136746725432149,56.34707421976742,0.8705120088148222,BULL,0.7089804947984495,66.9179720359037,MODERATE,0.7845424576557672,0.4,2
NIFTYIT,2015-04-15,SIDE,0.01351762646150322,0.9202453028680014,0.06623707067049539,0.05408938850566919,0.8518417246665301,0.09406888682780085,0.9202453028680014,77.77625869997946,0.880367954302002,SIDE,0.8518417246665301,70.20540386723127,MODERATE,0.9172200552461609,0.2,1
NIFTYIT,2015-04-16,SIDE,0.00027830098738821724,0.9433973727155212,0.056324326297090534,0.0446864138147892,0.8703190220464656,0.08499456413874523,0.9433973727155212,80.54785330696984,0.9150960590732817,SIDE,0.8703190220464656,73.34144895676009,MODERATE,0.9191635565251443,0.3,2
NIFTYIT,2015-04-17,BULL,0.9999967702701607,9.296761184745542e-13,3.2297289095621126e-06,0.7718150937436333,0.1700550442989358,0.05812986195743092,0.9999967702701607,65.77226406154499,0.999995155405241,BULL,0.7718150937436333,66.02725900827465,MODERATE,0.7718179858324952,0.4,1
NIFTYIT,2015-04-20,BEAR,0.0003807930274017923,4.937674410816308e-05,0.9995698302284901,0.024722699849793302,0.05575363574606282,0.9195236644041438,0.9995698302284901,87.92854966062157,0.9993547453427352,BEAR,0.9195236644041438,76.38873575094017,HIGH,0.9198390821562883,0.4,1
NIFTYIT,2015-04-21,BEAR,1.484329872917181e-06,5.966834211577756e-06,0.9999925488359155,0.02443828975095956,0.055672763114655834,0.9198889471343845,0.9999925488359155,87.98334207015768,0.9999888232538731,BEAR,0.9198889471343845,76.39266968489042,HIGH,0.9198952812127205,0.4,2
NIFTYIT,2015-04-22,BEAR,3.619924919442513e-07,4.224059532031206e-07,0.9999992156015548,0.024437333153105378,0.055667847141786915,0.9198948197051077,0.9999992156015548,87.98422295576613,0.999998823402332,BEAR,0.9198948197051077,76.39268160260063,HIGH,0.9198954514657234,0.4,3
NIFTYIT,2015-04-23,BEAR,3.4079640431409963e-07,3.4122226795740616e-07,0.9999993179813277,0.02443731558691223,0.05566777461543151,0.9198949097976563,0.9999993179813277,87.98423646964845,0.9999989769719914,BEAR,0.9198949097976563,76.39268182646876,HIGH,0.9198954546638394,0.4,4
NIFTYIT,2015-04-24,BULL,0.9382030867116669,4.816682449120515e-18,0.06179691328833309,0.7256317024746035,0.16298659010699934,0.11138170741839712,0.9382030867116669,58.84475537119053,0.9073046300675003,BULL,0.7256317024746035,66.66777895392612,MODERATE,0.7809682707703731,0.4,1
NIFTYIT,2015-04-27,BEAR,5.621494890541679e-06,1.404477893985444e-09,0.9999943771006315,0.024441255058716242,0.05566808523256358,0.9198906597087202,0.9999943771006315,87.98359895630803,0.9999915656509472,BEAR,0.9198906597087202,79.3926271070172,HIGH,0.9198946729573888,0.5,1
NIFTYIT,2015-04-28,BEAR,1.7154112185672248e-08,3.3380580622042106e-11,0.9999999828125072,0.0244370664548339,0.05566744297944645,0.9198954905657197,0.9999999828125072,87.98432358485796,0.9999999742187609,BEAR,0.9198954905657197,82.39268519865676,HIGH,0.9198955028379538,0.6,2
NIFTYIT,2015-04-29,BEAR,2.93977196578653e-08,5.3585926361011255e-11,0.9999999705486944,0.024437075605896048,0.055667444397415125,0.9198954799966889,0.9999999705486944,87.98432199950331,0.9999999558230416,BEAR,0.9198954799966889,85.39268507174516,HIGH,0.919895501024931,0.7,3
NIFTYIT,2015-04-30,BULL,0.999999188421796,1.3681266681039478e-24,8.115782039838793e-07,0.7718169010228804,0.1700553209055964,0.05812777807152321,0.999999188421796,65.77253515343206,0.999998782632694,BULL,0.7718169010228804,63.02723394302091,MODERATE,0.7718176277574417,0.3,1
NIFTYIT,2015-05-04,BEAR,0.00012592600691465694,5.62035515304544e-07,0.99987351195757,0.02453118020946925,0.055682330724399265,0.9197864890661315,0.99987351195757,87.96797335991971,0.9998102679363549,BEAR,0.9197864890661315,88.39138006669462,HIGH,0.9198768580956376,0.8,1
NIFTYIT,2015-05-05,BEAR,1.466044168637066e-07,1.7703905137448027e-08,0.999999835691678,0.024437163578850802,0.055667473045429565,0.9198953633757195,0.999999835691678,87.98430450635794,0.9999997535375169,BEAR,0.9198953633757195,88.39268385593915,HIGH,0.9198954836562738,0.8,2
NIFTYIT,2015-05-06,BEAR,1.2012222556868325e-08,1.3212108382768118e-11,0.9999999879745654,0.02443706261145764,0.055667442373860725,0.9198954950146817,0.9999999879745654,87.98432425220224,0.999999981961848,BEAR,0.9198954950146817,88.39268525195585,HIGH,0.9198955035993694,0.8,3
NIFTYIT,2015-05-07,BEAR,6.213904466284673e-07,1.4593007867158545e-07,0.9999992326794747,0.024437521148662933,0.05566763807801385,0.9198948407733231,0.9999992326794747,87.98422611599848,0.999998849019212,BEAR,0.9198948407733231,88.39267892799175,HIGH,0.9198954132570251,0.8,4
NIFTYIT,2015-05-08,BEAR,2.882912331627548e-06,1.446409504247337e-06,0.9999956706781642,0.024439238993066086,0.05566901972754671,0.9198917412793873,0.9999956706781642,87.98376119190809,0.9999935060172461,BEAR,0.9198917412793873,88.3926554196243,HIGH,0.9198950774232043,0.8,5
NIFTYIT,2015-05-11,BEAR,6.0330219123514e-05,0.00276919997527346,0.997170469805603,0.0245409716443494,0.05806553481594903,0.9173934935397017,0.997170469805603,87.60902403095525,0.9957557047084045,BEAR,0.9173934935397017,91.3919180969135,HIGH,0.9198845442416214,0.9,6
NIFTYIT,2015-05-12,BEAR,2.0508674498332357e-06,1.4127219897239717e-05,0.9999838219126529,0.024438886527831195,0.05567987437917881,0.91988123909299,0.9999838219126529,87.9821858639485,0.9999757328689793,BEAR,0.91988123909299,91.39266339422578,HIGH,0.9198951913460827,0.9,7
NIFTYIT,2015-05-13,BEAR,2.0888065191727895e-05,0.000843511484980027,0.9991356004498283,0.024470584370819257,0.05639819902583682,0.9191312166033438,0.9991356004498283,87.86968249050157,0.9987034006747423,BEAR,0.9191312166033438,91.39242562979139,HIGH,0.9198917947113057,0.9,8
NIFTYIT,2015-05-14,BEAR,8.866239407976153e-06,0.00027655746980982226,0.9997145762907822,0.024449555224468518,0.05590726141596776,0.9196431833595636,0.9997145762907822,87.94647750393453,0.9995718644361733,BEAR,0.9196431833595636,91.39257929949159,HIGH,0.919893989992737,0.9,9
NIFTYIT,2015-05-15,BEAR,0.0009826704855317697,0.0034393572026220794,0.9955779723118461,0.02524454743049748,0.058749717455562595,0.9160057351139399,0.9955779723118461,87.40086026709099,0.9933669584677691,BEAR,0.9160057351139399,94.38232326852246,HIGH,0.9197474752646065,1.0,10
NIFTYIT,2015-05-18,BEAR,0.002271159414354942,0.3355527200366031,0.662176120549042,0.03326289519062782,0.3456756263770494,0.6210614784323227,0.662176120549042,43.15922176484841,0.49326418082356294,BEAR,0.6210614784323227,94.35194576782115,HIGH,0.9193135109688736,1.0,11
NIFTYIT,2015-05-19,SIDE,0.0011213908594693075,0.9754199789699918,0.023458630170538872,0.04599680517194471,0.8980668500310606,0.05593634479699475,0.9754199789699918,84.71002750465907,0.9631299684549877,SIDE,0.8980668500310606,67.33106869617313,MODERATE,0.9190152670881876,0.1,1
NIFTYIT,2015-05-20,SIDE,0.0033810039313511334,0.9964400886553241,0.00017890741332475136,0.04813214323049295,0.9164761007496685,0.03539175601983852,0.9964400886553241,87.47141511245027,0.9946601329829863,SIDE,0.9164761007496685,70.3065694293542,MODERATE,0.9186652775622028,0.2,2
NIFTYIT,2015-05-21,SIDE,0.0021022786209568167,0.9978797785135828,1.7942865460457174e-05,0.04720703343896104,0.9175729962181925,0.035219970342846456,0.9978797785135828,87.63594943272886,0.996819667770374,SIDE,0.9175729962181925,73.31975021716028,MODERATE,0.9188535745308611,0.3,3
NIFTYIT,2015-05-22,SIDE,0.4700261883189857,0.5298081397426534,0.0001656719383609351,0.38698058809435876,0.5669199309209446,0.04609948098469658,0.5298081397426534,35.037989638141696,0.2947122096139801,SIDE,0.5669199309209446,71.49349367514787,MODERATE,0.8499070525021124,0.4,4
NIFTYIT,2015-05-25,SIDE,0.010663467438244782,0.9892380452343309,9.848732742432843e-05,0.05342191520196472,0.9110901921482323,0.03548789264980299,0.9892380452343309,86.66352882223482,0.9838570678514962,SIDE,0.9110901921482323,79.23145247076697,HIGH,0.9175921781538138,0.5,5
NIFTYIT,2015-05-26,SIDE,0.0009875508738459058,0.9990039442537819,8.504872372148598e-06,0.04639778928332341,0.9184161972587862,0.03518601345789044,0.9990039442537819,87.76242958881791,0.9985059163806729,SIDE,0.9184161972587862,82.33124726628552,HIGH,0.9190178180897931,0.6,6
NIFTYIT,2015-05-27,SIDE,0.0005683871745063274,0.9965874817108649,0.002844131114628799,0.04603317963344435,0.9162816445172732,0.03768517584928247,0.9965874817108649,87.44224667759099,0.9948812225662973,SIDE,0.9162816445172732,85.33571594111076,HIGH,0.9190816563015823,0.7,7
NIFTYIT,2015-05-28,SIDE,0.000331472601709711,0.9994363881600796,0.00023213923821079424,0.0459166359667405,0.918714563327711,0.03536880070554856,0.9994363881600796,87.80718449915665,0.9991545822401194,SIDE,0.918714563327711,88.3380256553352,HIGH,0.9191146522190743,0.8,8
NIFTYIT,2015-05-29,SIDE,0.0004622052156510754,0.9994355174552416,0.00010227732910728641,0.0460143244699973,0.91872876571635,0.035256909813652676,0.9994355174552416,87.80931485745248,0.9991532761828624,SIDE,0.91872876571635,91.33667059630085,HIGH,0.9190952942328693,0.9,9
NIFTYIT,2015-06-01,SIDE,0.00029048490956873,0.9996705049115268,3.901017890456313e-05,0.04589097610078174,0.9189120336795661,0.035196990219652155,0.9996705049115268,87.8368050519349,0.99950575736729,SIDE,0.9189120336795661,94.33843851248682,HIGH,0.9191205501783832,1.0,10
NIFTYIT,2015-06-02,SIDE,0.00039762304017303953,0.995602302973727,0.004000073986100012,0.04588462489798294,0.9154114133712175,0.03870396173079958,0.995602302973727,87.31171200568262,0.9934034544605903,SIDE,0.9154114133712175,94.33753648299974,HIGH,0.9191076640428536,1.0,11
NIFTYIT,2015-06-03,SIDE,0.00022035278131763485,0.99918741013201,0.0005922370866723422,0.04582829794065605,0.9184868610546868,0.03568484100465717,0.99918741013201,87.77302915820302,0.9987811151980149,SIDE,0.9184868610546868,94.33919022417815,HIGH,0.9191312889168309,1.0,12
NIFTYIT,2015-06-04,SIDE,0.0001824021111857362,0.9992318408355473,0.0005857570532669567,0.04580087822942961,0.9185208856840208,0.035678236086549624,0.9992318408355473,87.77813285260312,0.9988477612533211,SIDE,0.9185208856840208,94.33958132313013,HIGH,0.9191368760447163,1.0,13
NIFTYIT,2015-06-05,SIDE,0.00024883626686412097,0.9886206993288599,0.011130464404275934,0.045625108644447826,0.9093658079542104,0.04500908340134179,0.9886206993288599,86.40487119313156,0.98293104899329,SIDE,0.9093658079542104,94.33943655265338,HIGH,0.9191348078950483,1.0,14
NIFTYIT,2015-06-08,SIDE,0.00030675202006898015,0.9334652369609377,0.06622801101899328,0.044496681061707705,0.8617459181752595,0.09375740076303286,0.9334652369609377,79.2618877262889,0.9001978554414066,SIDE,0.8617459181752595,94.34166309791298,HIGH,0.9191666156844714,1.0,15
NIFTYIT,2015-06-09,BEAR,0.0001148469304922564,0.07270855833776009,0.9271765947317477,0.02606749547089381,0.11846411883318922,0.855468385695917,0.9271765947317477,78.32025785438753,0.8907648920976211,BEAR,0.855468385695917,67.38776842225207,MODERATE,0.9198252631750297,0.1,1
NIFTYIT,2015-06-10,BEAR,0.0009804813198380042,0.1843825081122987,0.8146370105678633,0.02908683492091599,0.21499313279370244,0.7559200322853816,0.8146370105678633,63.38800484280724,0.721955515851795,BEAR,0.7559200322853816,70.3730721276298,MODERATE,0.919615316108997,0.2,2
NIFTYIT,2015-06-11,BEAR,2.2419238848146973e-05,0.006395325611483303,0.9935822551496687,0.024589670477048915,0.06119234281156986,0.9142179867113813,0.9935822551496687,87.1326980067072,0.990373382724503,BEAR,0.9142179867113813,73.39212521277615,MODERATE,0.9198875030396594,0.3,3
NIFTYIT,2015-06-12,BEAR,2.50992150070952e-06,3.746548298802304e-05,0.9999600245955114,0.024439725409703683,0.055700079383521485,0.9198601952067748,0.9999600245955114,87.9790292810162,0.999940036893267,BEAR,0.9198601952067748,76.39265743976951,HIGH,0.9198951062824217,0.4,4
NIFTYIT,2015-06-15,BEAR,1.2947173093501341e-05,0.0006573824473527468,0.9993296703795538,0.024460695411606913,0.056236569025708436,0.9193027355626846,0.9993296703795538,87.8954103344027,0.9989945055693307,BEAR,0.9193027355626846,79.39251748041305,HIGH,0.9198931068630436,0.5,5
NIFTYIT,2015-06-16,BEAR,4.298220559584806e-05,0.005368097836637655,0.9945889199577665,0.024583216595080348,0.06030768801382135,0.9151090953910982,0.9945889199577665,87.26636430866475,0.9918833799366497,BEAR,0.9151090953910982,82.39196471640999,HIGH,0.9198852102344286,0.6,6
NIFTYIT,2015-06-17,BEAR,4.301567869595828e-05,0.008071713055545477,0.9918852712657587,0.02464067672581521,0.06264225245176336,0.9127170708224214,0.9918852712657587,86.90756062336322,0.987827906898638,BEAR,0.9127170708224214,85.391825801753,HIGH,0.9198832257393286,0.7,7
NIFTYIT,2015-06-18,BEAR,8.859909049044822e-05,0.022482145696624396,0.9774292552128852,0.024980877506151918,0.07509081589447646,0.8999283065993715,0.9774292552128852,84.98924598990573,0.9661438828193277,BEAR,0.8999283065993715,88.39061473454444,HIGH,0.9198659247792063,0.8,8
NIFTYIT,2015-06-19,BULL,1.0,2.38740610366634e-284,7.972922337468916e-213,0.7718175075805669,0.17005541374038188,0.05812707867905122,1.0,65.77262613708503,1.0,BULL,0.7718175075805669,57.02722553063968,MODERATE,0.7718175075805669,0.1,1
NIFTYIT,2015-06-22,SIDE,0.035339166985533174,0.9621848752827424,0.0024759577317243517,0.07128933807286375,0.8905524945376098,0.03815816738952654,0.9621848752827424,83.58287418064147,0.9432773129241137,SIDE,0.8905524945376098,66.97706404707733,MODERATE,0.9139580578153906,0.1,1
NIFTYIT,2015-06-23,SIDE,0.00024379483003759758,0.9985140094133381,0.0012421957566243012,0.045831512466379544,0.9179080637953633,0.03626042373825721,0.9985140094133381,87.68620956930448,0.997771014120007,SIDE,0.9179080637953633,70.33898175019661,MODERATE,0.9191283107170944,0.2,2
NIFTYIT,2015-06-24,SIDE,0.00013095484780027784,0.999232486282246,0.0006365588699537394,0.04576244126211939,0.918515558076425,0.035722000661455554,0.999232486282246,87.77733371146375,0.9988487294233689,SIDE,0.918515558076425,73.34011456459201,MODERATE,0.9191444937798859,0.3,3
NIFTYIT,2015-06-25,SIDE,0.00023208221368257423,0.9894563214355223,0.010311596350795121,0.045630338797744516,0.9100854477403464,0.044284213461909146,0.9894563214355223,86.51281716105196,0.9841844821532835,SIDE,0.9100854477403464,76.33956738819475,HIGH,0.9191366769742108,0.4,4
NIFTYIT,2015-06-26,SIDE,0.0002802124285084842,0.9994411030905196,0.00027868448097195163,0.04587842527835498,0.9187127711034362,0.03540880361820886,0.9994411030905196,87.80691566551543,0.9991616546357792,SIDE,0.9187127711034362,79.33855674894909,HIGH,0.9191222392707012,0.5,5
NIFTYIT,2015-06-29,SIDE,0.0005732249502505508,0.965649256368301,0.033777518681448376,0.04537954921895095,0.8895671677096982,0.06505328307135079,0.965649256368301,83.43507515645472,0.9484738845524515,SIDE,0.8895671677096982,82.33725146421706,HIGH,0.9191035923459582,0.6,6
NIFTYIT,2015-06-30,SIDE,0.00038968438426503153,0.5673546165263413,0.43225569908939365,0.03678107516757562,0.5456203914054907,0.4175985334269337,0.5673546165263413,31.843058710823602,0.351031924789512,SIDE,0.5456203914054907,85.35956763893704,HIGH,0.9194223948419579,0.7,7
NIFTYIT,2015-07-01,SIDE,0.000578710915136087,0.9519526296313965,0.047468659453467434,0.045092680656296416,0.8777408144485145,0.07716650489518909,0.9519526296313965,81.66112216727716,0.9279289444470947,SIDE,0.8777408144485145,88.33789658934259,HIGH,0.9191128084191799,0.8,8
NIFTYIT,2015-07-02,SIDE,0.00018615804866453756,0.9982593768938259,0.0015544650575095513,0.045783026495280266,0.9176815967086714,0.036535376796048284,0.9982593768938259,87.6522395063007,0.9973890653407389,SIDE,0.9176815967086714,91.33959223255437,HIGH,0.9191370318936338,0.9,9
NIFTYIT,2015-07-03,BULL,1.0,1.206732543273206e-23,6.173104980672012e-19,0.7718175075805669,0.17005541374038188,0.05812707867905122,1.0,65.77262613708503,1.0,BULL,0.7718175075805669,57.02722553063968,MODERATE,0.7718175075805669,0.1,1
NIFTYIT,2015-07-06,SIDE,0.014854006689288279,0.9799642088851384,0.005181784425573278,0.056356830624608376,0.9035616199366571,0.04008154943873459,0.9799642088851384,85.53424299049854,0.9699463133277075,SIDE,0.9035616199366571,91.18849091396821,HIGH,0.9169784416281174,0.9,1
NIFTYIT,2015-07-07,SIDE,0.00024816315364903244,0.9954735222727522,0.004278314573598755,0.045770185706184574,0.9152831153527706,0.03894669894104473,0.9954735222727522,87.29246730291558,0.9932102834091283,SIDE,0.9152831153527706,91.33909230381612,HIGH,0.919129890054516,0.9,2
NIFTYIT,2015-07-08,SIDE,0.00039124754559857213,0.8816470946194765,0.11796165783492488,0.04345901610538882,0.817010830903559,0.1395301529910523,0.8816470946194765,72.55162463553384,0.8224706419292148,SIDE,0.817010830903559,91.34344308480817,HIGH,0.9191920440686882,0.9,3
NIFTYIT,2015-07-09,BEAR,4.1720383751409285e-05,0.006959255697296867,0.9929990239189518,0.02461607580441831,0.06168150193744799,0.9137024222581336,0.9929990239189518,87.05536333872004,0.9894985358784275,BEAR,0.9137024222581336,67.39189624457056,MODERATE,0.9198842320652937,0.1,1
NIFTYIT,2015-07-10,BEAR,1.8573240085090643e-06,2.662657780387195e-05,0.9999715160981876,0.024439007411348867,0.055690645384221485,0.9198703472044296,0.9999715160981876,87.98055208066444,0.9999572741472815,BEAR,0.9198703472044296,70.39266475976625,MODERATE,0.9198952108538034,0.2,2
NIFTYIT,2015-07-13,BEAR,0.0001104976684390008,0.0077442642836652465,0.9921452380478958,0.024684155183351084,0.062367220913563795,0.9129486239030851,0.9921452380478958,86.94229358546276,0.9882178570718435,BEAR,0.9129486239030851,73.39114310254543,MODERATE,0.9198734728935063,0.3,3
NIFTYIT,2015-07-14,BEAR,0.00014492193092810135,0.05177772724742824,0.9480773508216437,0.02564532214158523,0.10039387259057417,0.8739608052678406,0.9480773508216437,81.09412079017608,0.9221160262324654,BEAR,0.8739608052678406,76.38852944352512,HIGH,0.9198361349075017,0.4,4
NIFTYIT,2015-07-15,SIDE,0.0008000807597490785,0.6449416478121335,0.35425827142811733,0.03873604228189284,0.6126634178549891,0.34860053986311806,0.6449416478121335,41.89951267824837,0.4674124717182004,SIDE,0.6126634178549891,79.35133714370127,HIGH,0.9193048163385896,0.5,1
NIFTYIT,2015-07-16,SIDE,0.00022372472472039108,0.958223224146703,0.04155305112857653,0.04496058229393544,0.8831148408417757,0.07192457686428887,0.958223224146703,82.46722612626635,0.9373348362200545,SIDE,0.8831148408417757,79.3412547992833,HIGH,0.9191607828469044,0.5,2
NIFTYIT,2015-07-17,SIDE,0.00019905931173301673,0.9995177005031531,0.0002832401851137904,0.045819400246705035,0.9187696297133345,0.03541097003996042,0.9995177005031531,87.81544445700018,0.9992765507547295,SIDE,0.9187696297133345,82.33939401249498,HIGH,0.9191342001784996,0.6,3
NIFTYIT,2015-07-20,SIDE,0.0001649979950086202,0.9997837149541982,5.128705079321862e-05,0.04579959464732072,0.9189954358914917,0.03520496946118762,0.9997837149541982,87.84931538372373,0.9996755724312972,SIDE,0.9189954358914917,82.33973343973577,HIGH,0.9191390491390826,0.6,4
NIFTYIT,2015-07-21,SIDE,0.18867051345016383,0.8112510999547574,7.838659507867361e-05,0.18267977952475126,0.7777610629137528,0.03955915756149593,0.8112510999547574,66.66415943706292,0.7168766499321363,SIDE,0.7777610629137528,80.39544990201355,HIGH,0.8913635700287652,0.6,5
NIFTYIT,2015-07-22,SIDE,0.016076280202941554,0.9839190577784671,4.662018591405965e-06,0.05735435005396321,0.907116429060791,0.03552922088524581,0.9839190577784671,86.06746435911865,0.9758785866677007,SIDE,0.907116429060791,82.17561879009247,HIGH,0.9167945541441784,0.6,6
NIFTYIT,2015-07-23,SIDE,0.0012023840366041075,0.9987857423028457,1.1873660550205066e-05,0.04655371594717747,0.9182523551025968,0.035193928950225696,0.9987857423028457,87.7378532653895,0.9981786134542685,SIDE,0.9182523551025968,85.32903160521165,HIGH,0.918986165788738,0.7,7
NIFTYIT,2015-07-24,SIDE,0.00039169957492235686,0.999567311174787,4.098925029055935e-05,0.04596442973420735,0.9188345040531883,0.03520106621260432,0.999567311174787,87.82517560797824,0.9993509667621804,SIDE,0.9188345040531883,88.33739466489926,HIGH,0.9191056380699895,0.8,8
NIFTYIT,2015-07-27,SIDE,0.00020880171377818523,0.9996865464458843,0.00010465184033749533,0.045830268460291666,0.9189165419032563,0.035253189636452006,0.9996865464458843,87.83748128548845,0.9995298196688263,SIDE,0.9189165419032563,91.33928437420026,HIGH,0.9191326339171466,0.9,9
NIFTYIT,2015-07-28,SIDE,0.00018147241204820145,0.9997320399118913,8.648767606044705e-05,0.04581080952933703,0.9189526991804062,0.035236491290256765,0.9997320399118913,87.84290487706093,0.9995980598678368,SIDE,0.9189526991804062,94.33956532331509,HIGH,0.9191366474759299,1.0,10
NIFTYIT,2015-07-29,SIDE,0.0015062406735113817,0.9984912634807329,2.4958457557191826e-06,0.046774556603472926,0.9180328313969622,0.0351926119995648,0.9984912634807329,87.70492470954431,0.9977368952210992,SIDE,0.9180328313969622,94.32589708428995,HIGH,0.9189413869184281,1.0,11
NIFTYIT,2015-07-30,SIDE,0.0004239029002121996,0.9995698872432617,6.209856526074992e-06,0.04598855259561467,0.9188404121508047,0.03517103525358069,0.9995698872432617,87.8260618226207,0.9993548308648925,SIDE,0.9188404121508047,94.33706073059346,HIGH,0.9191008675799067,1.0,12
NIFTYIT,2015-09-04,BULL,1.0,2.535883848587094e-285,2.1263611405449916e-213,0.7718175075805669,0.17005541374038188,0.05812707867905122,1.0,65.77262613708503,1.0,BULL,0.7718175075805669,57.02722553063968,MODERATE,0.7718175075805669,0.1,1
NIFTYIT,2015-09-07,BEAR,0.002720536191287842,0.0012730713513849949,0.9960063924573271,0.02649737410504665,0.0570779294779939,0.9164246964169593,0.9960063924573271,87.4637044625439,0.9940095886859905,BEAR,0.9164246964169593,67.36442051942157,MODERATE,0.9194917217060226,0.1,1
NIFTYIT,2015-09-08,BEAR,2.1549831443352064e-05,0.0002046407704648561,0.9997738093980918,0.024457506907864714,0.055846612492590375,0.919695880599545,0.9997738093980918,87.95438208993176,0.9996607140971375,BEAR,0.919695880599545,70.39245151415562,MODERATE,0.9198921644879378,0.2,2
NIFTYIT,2015-09-09,BEAR,0.0002328844432274785,0.013876308557997891,0.9858908069987746,0.024905892708121376,0.06767621546997982,0.9074178918218987,0.9858908069987746,86.1126837732848,0.9788362104981619,BEAR,0.9074178918218987,73.3895602232635,MODERATE,0.9198508603323359,0.3,3
NIFTYIT,2015-09-10,BEAR,3.049855320190579e-05,0.001322120132243594,0.9986473813145544,0.02448793453740442,0.056812574946253074,0.9186994905163426,0.9986473813145544,87.80492357745139,0.9979710719718317,BEAR,0.9186994905163426,76.39230148265835,HIGH,0.9198900211808337,0.4,4
NIFTYIT,2015-09-11,BEAR,0.0007008063000665334,0.08572759107816758,0.913571602621766,0.026782004031574477,0.12977302670128607,0.8434449692671395,0.913571602621766,76.51674539007092,0.8703574039326486,BEAR,0.8434449692671395,79.38102742281139,HIGH,0.9197289631830199,0.5,5
NIFTYIT,2015-09-14,SIDE,0.002347489951917031,0.7237531563882484,0.2738993536598346,0.041566803125772836,0.6808938359938221,0.277539360880405,0.7237531563882484,52.13407539907332,0.5856297345823724,SIDE,0.6808938359938221,76.33125822995149,HIGH,0.9190179747135926,0.4,1
NIFTYIT,2015-09-15,SIDE,0.0006334958207596112,0.9938622897612738,0.0055042144179665254,0.046023947077271775,0.9139359001362051,0.04004015278652323,0.9938622897612738,87.09038502043073,0.9907934346419105,SIDE,0.9139359001362051,76.33518073361186,HIGH,0.9190740104801695,0.4,2
NIFTYIT,2015-09-16,BULL,1.0,1.4036630449660752e-60,4.596975744479143e-47,0.7718175075805669,0.17005541374038188,0.05812707867905122,1.0,65.77262613708503,1.0,BULL,0.7718175075805669,60.02722553063968,MODERATE,0.7718175075805669,0.2,1
NIFTYIT,2015-09-18,SIDE,0.06644114360755646,0.9323871292833052,0.0011717271091382943,0.09390132954301893,0.8683799556177579,0.037718714839223136,0.9323871292833052,80.25699334266368,0.8985806939249579,SIDE,0.8683799556177579,72.65620497345904,MODERATE,0.9093743567637007,0.3,1
NIFTYIT,2015-09-21,SIDE,0.0010791133043962509,0.9987558627271406,0.00016502396846318693,0.04646095105506982,0.9182124535228517,0.035326595422078395,0.9987558627271406,87.73186802842775,0.9981337940907107,SIDE,0.9182124535228517,76.33031089444671,HIGH,0.9190044413492388,0.4,2
NIFTYIT,2015-09-22,SIDE,0.00017652235512390142,0.9997945472257983,2.893041907778787e-05,0.04580843784763731,0.9190061077616059,0.03518545439075679,0.9997945472257983,87.85091616424087,0.9996918208386975,SIDE,0.9190061077616059,79.33961342926013,HIGH,0.9191373347037162,0.5,3
NIFTYIT,2015-09-23,SIDE,0.00013857658620755912,0.9997621405883116,9.928282548076651e-05,0.04577938948088324,0.9189737842239941,0.03524682629512268,0.9997621405883116,87.8460676335991,0.9996432108824675,SIDE,0.9189737842239941,82.34000841553319,HIGH,0.91914297736476,0.6,4
NIFTYIT,2015-09-24,BULL,1.0,1.5260845016366822e-46,8.362268501869757e-38,0.7718175075805669,0.17005541374038188,0.05812707867905122,1.0,65.77262613708503,1.0,BULL,0.7718175075805669,60.02722553063968,MODERATE,0.7718175075805669,0.2,1
NIFTYIT,2015-09-28,SIDE,0.04444377989282607,0.9555180263063232,3.8193800850708034e-05,0.07795231846452072,0.8858371561112898,0.03621052542418948,0.9555180263063232,82.87557341669344,0.9332770394594848,SIDE,0.8858371561112898,84.88303224186451,HIGH,0.9126147463123502,0.7,1
NIFTYIT,2015-09-29,SIDE,0.0016356573098109436,0.9983635865206932,7.56169495778493e-07,0.04686856772157078,0.9179373865743621,0.03519404570406714,0.9983635865206932,87.6906079861543,0.9975453797810399,SIDE,0.9179373865743621,88.32456216513728,HIGH,0.9189223166448184,0.8,2
NIFTYIT,2015-09-30,SIDE,0.007947777988981499,0.9920517913432787,4.3066773965583033e-07,0.051452036702933863,0.9132092081165998,0.03533875518046641,0.9920517913432787,86.98138121748995,0.988077687014918,SIDE,0.9132092081165998,88.25945762850414,HIGH,0.9179922518357734,0.8,3
NIFTYIT,2015-10-01,BULL,1.0,4.4001549509502845e-48,6.209848750077377e-39,0.7718175075805669,0.17005541374038188,0.05812707867905122,1.0,65.77262613708503,1.0,BULL,0.7718175075805669,63.027225530639676,MODERATE,0.7718175075805669,0.3,1
NIFTYIT,2015-10-05,SIDE,0.17985085190227015,0.8201439744090309,5.173688699035157e-06,0.1762770554927951,0.7844311601825703,0.03929178432463454,0.8201439744090309,67.66467402738554,0.7302159616135463,SIDE,0.7844311601825703,86.48641396544342,HIGH,0.8926630566491918,0.8,1
NIFTYIT,2015-10-06,SIDE,0.0018083834439261944,0.9981833996548758,8.216901198052341e-06,0.046993832000848265,0.9178015537499954,0.035204614249156344,0.9981833996548758,87.67023306249929,0.9972750994823135,SIDE,0.9178015537499954,88.3227810144007,HIGH,0.9188968716342958,0.8,2
NIFTYIT,2015-10-07,SIDE,0.0002640535579289373,0.9987573893581408,0.000978557083930138,0.04585182376323442,0.9181205387303644,0.03602763750640123,0.9987573893581408,87.71808080955465,0.9981360840372114,SIDE,0.9181205387303644,88.33875928527665,HIGH,0.9191251326468094,0.8,3
NIFTYIT,2015-10-08,SIDE,0.0001357075181602399,0.9994102302121958,0.0004540622696440444,0.04576976927500807,0.9186695828763793,0.035560647848612556,0.9994102302121958,87.8004374314569,0.9991153453182935,SIDE,0.9186695828763793,88.34005619111448,HIGH,0.9191436598730642,0.8,4
NIFTYIT,2015-10-09,SIDE,0.0002405959820411758,0.9996641275755224,9.527644243657506e-05,0.04585355461250456,0.9189008201829032,0.03524562520459227,0.9996641275755224,87.83512302743549,0.9994961913632834,SIDE,0.9189008201829032,88.33895596101783,HIGH,0.9191279423002547,0.8,5
NIFTYIT,2015-10-12,SIDE,0.000281354917092236,0.9873277257559984,0.012390919326909548,0.045621944750871356,0.9082530503405158,0.04612500490861284,0.9873277257559984,86.23795755107736,0.9809915886339974,SIDE,0.9082530503405158,91.33916575033095,HIGH,0.919130939290442,0.9,6
NIFTYIT,2015-10-13,SIDE,0.0003764252435770363,0.9116885321111662,0.08793504264525674,0.044086133080904616,0.8429497929848309,0.11296407393426464,0.9116885321111662,76.44246894772459,0.8675327981667491,SIDE,0.8429497929848309,91.34205701874427,HIGH,0.9191722431249182,0.9,7
NIFTYIT,2015-10-14,BEAR,0.0001692073786146654,0.062194663488053685,0.9376361291333316,0.025884768123301812,0.10939163210432457,0.8647235997723737,0.9376361291333316,79.70853996585605,0.9064541936999972,BEAR,0.8647235997723737,67.38774381714838,MODERATE,0.9198249116735483,0.1,1
NIFTYIT,2015-10-15,BEAR,1.7610553507826683e-05,0.0017549654854019088,0.9982274239610903,0.024487497586878276,0.05718486089424758,0.9183276415188742,0.9982274239610903,87.74914622783112,0.9973411359416353,BEAR,0.9183276415188742,70.39241288819052,MODERATE,0.919891612688436,0.2,2
NIFTYIT,2015-10-16,BEAR,5.215034120398407e-06,0.00013954725534367617,0.9998552377105359,0.024443915764743234,0.05578853600596358,0.9197675482292933,0.9998552377105359,87.96513223439399,0.9997828565658038,BEAR,0.9197675482292933,73.3926241680625,MODERATE,0.9198946309723216,0.3,3
NIFTYIT,2015-10-19,BEAR,3.926294069792442e-05,0.003581135634841612,0.9963796014244605,0.024542474986799543,0.058764228071459625,0.9166932969417407,0.9963796014244605,87.50399454126111,0.9945694021366905,BEAR,0.9166932969417407,76.39209485501333,HIGH,0.9198870693573332,0.4,4
NIFTYIT,2015-10-20,BEAR,0.00016118884700936086,0.039507438636175514,0.960331372516815,0.025396811920756598,0.08980038963890033,0.884802798440343,0.960331372516815,82.72041976605145,0.9404970587752225,BEAR,0.884802798440343,79.3889897153942,HIGH,0.9198427102199173,0.5,5
NIFTYIT,2015-10-21,BEAR,8.203605975242485e-05,0.0294608266109546,0.970457137329293,0.02512422626265798,0.08111612739654742,0.8937596463407945,0.970457137329293,84.06394695111919,0.9556857059939394,BEAR,0.8937596463407945,82.3903250868447,HIGH,0.9198617869549244,0.6,6
NIFTYIT,2015-10-23,BEAR,0.00013741046053604533,0.0677597030933541,0.93210288644611,0.02597922642488515,0.11419338370369195,0.8598273898714228,0.93210288644611,78.97410848071343,0.8981543296691648,BEAR,0.8598273898714228,85.3877881832877,HIGH,0.9198255454755385,0.7,7
NIFTYIT,2015-10-26,BEAR,0.00010661651461661726,0.049299974127254086,0.9505934093581293,0.0255640564822075,0.09824996129487341,0.8761859822229191,0.9505934093581293,81.42789733343785,0.9258901140371938,BEAR,0.8761859822229191,88.38905348842077,HIGH,0.919843621263154,0.8,8
NIFTYIT,2015-10-27,BEAR,0.00015373450694274238,0.10854211721079075,0.8913041482822665,0.02685780094066692,0.14941069764151318,0.8237315014178197,0.8913041482822665,73.55972521267299,0.8369562224233995,BEAR,0.8237315014178197,91.38552876649764,HIGH,0.9197932680928236,0.9,9
NIFTYIT,2015-10-28,SIDE,0.0004520752811373623,0.8375872392377596,0.16196068548110298,0.04256847795291805,0.7789722851652747,0.1784592368818072,0.8375872392377596,66.84584277479121,0.7563808588566395,SIDE,0.7789722851652747,67.34507076575147,MODERATE,0.9192152966535925,0.1,1
NIFTYIT,2015-10-29,SIDE,0.0001970965695456519,0.9314613979513842,0.06834150547907014,0.04437215752717616,0.8600030681769042,0.09562477429591963,0.9314613979513842,79.00046022653562,0.8971920969270762,SIDE,0.8600030681769042,70.34290242932578,MODERATE,0.9191843204189396,0.2,2
NIFTYIT,2015-10-30,SIDE,0.00028096731430185876,0.6536699694477466,0.34604906323795154,0.038533489928381896,0.6201409073126314,0.34132560275898677,0.6536699694477466,43.02113609689471,0.48050495417161987,SIDE,0.6201409073126314,73.35627064285994,MODERATE,0.9193752948979993,0.3,3
NIFTYIT,2015-11-06,BULL,1.0,1.7619081263066015e-283,4.548043138116231e-215,0.7718175075805669,0.17005541374038188,0.05812707867905122,1.0,65.77262613708503,1.0,BULL,0.7718175075805669,57.02722553063968,MODERATE,0.7718175075805669,0.1,1
NIFTYIT,2015-11-09,BULL,1.0,2.026406609510928e-100,5.473882209196979e-75,0.7718175075805669,0.17005541374038188,0.05812707867905122,1.0,65.77262613708503,1.0,BULL,0.7718175075805669,60.02722553063968,MODERATE,0.7718175075805669,0.2,2
NIFTYIT,2015-11-10,BULL,0.9999999999989422,2.5805860300934627e-21,1.0579208389928024e-12,0.7718175075797763,0.1700554137402609,0.058127078679962904,0.9999999999989422,65.77262613696644,0.9999999999984133,BULL,0.7718175075797763,63.027225530650696,MODERATE,0.7718175075807243,0.3,3
NIFTYIT,2015-11-13,BULL,0.9999414679540528,7.392837370723827e-12,5.853203855438909e-05,0.7717737618736534,0.17004871838468866,0.0581775197416579,0.9999414679540528,65.766064281048,0.9999122019310792,BULL,0.7717737618736534,66.02783224221132,MODERATE,0.7718261748887332,0.4,4
NIFTYIT,2015-11-16,BULL,0.9998147772858093,2.0266775416344238e-12,0.0001852227121641254,0.7716790757443968,0.17003422649134803,0.058286697764255276,0.9998147772858093,65.75186136165951,0.9997221659287139,BULL,0.7716790757443968,69.02914544924612,MODERATE,0.7718449349892302,0.5,5
NIFTYIT,2015-11-17,BULL,0.9995629495152019,4.892457197238956e-11,0.0004370504358735331,0.77149086459188,0.17000542046368172,0.058503714944438234,0.9995629495152019,65.723629688782,0.9993444242728028,BULL,0.77149086459188,72.03175575988791,MODERATE,0.771882225141256,0.6,6
NIFTYIT,2015-11-18,BEAR,0.05772197137061529,3.0755630677649686e-09,0.9422780255538218,0.06757732686450471,0.0622701429324671,0.8701525302030282,0.9422780255538218,80.52287953045423,0.9134170383307325,BEAR,0.8701525302030282,66.79437059984701,MODERATE,0.911348151426386,0.1,1
NIFTYIT,2015-11-19,BEAR,0.0007093730513971737,7.584497421874693e-07,0.9992898684988606,0.02496724129901706,0.055749239651901907,0.9192835190490811,0.9992898684988606,87.89252785736217,0.9989348027482907,BEAR,0.9192835190490811,70.38533235971609,MODERATE,0.9197904622816585,0.2,2
NIFTYIT,2015-11-20,BEAR,0.00046924335472883034,5.020393133028126e-05,0.9994805527139409,0.024788823468198763,0.05576446767245526,0.9194467088593461,0.9994805527139409,87.91700632890192,0.9992208290709111,BEAR,0.9194467088593461,73.38781888022821,MODERATE,0.9198259840032602,0.3,3
NIFTYIT,2015-11-23,BEAR,3.178468765257966e-05,0.0004300140284529103,0.9995382012838946,0.02446994402814778,0.05604239211731105,0.9194876638545411,0.9995382012838946,87.92314957818115,0.9993073019258417,BEAR,0.9194876638545411,76.39233387416719,HIGH,0.9198904839166743,0.4,4
NIFTYIT,2015-11-24,BEAR,4.087581743471311e-06,9.995391487639133e-05,0.9998959585033801,0.024442232015097334,0.05575421835250929,0.9198035496323933,0.9998959585033801,87.97053244485899,0.9998439377550703,BEAR,0.9198035496323933,79.39263788389216,HIGH,0.9198948269127452,0.5,5
NIFTYIT,2015-11-26,BEAR,0.0001299188227596452,8.393489220708072e-06,0.9998616876880196,0.024534330731976615,0.05568954988253688,0.9197761193854866,0.9998616876880196,87.96641790782299,0.9997925315320293,BEAR,0.9197761193854866,82.3913382779389,HIGH,0.9198762611134128,0.6,6
NIFTYIT,2015-11-27,BEAR,1.2809497850645052e-05,0.001857988911535765,0.9981292015906136,0.0244860979827865,0.05727327201547743,0.918240630001736,0.9981292015906136,87.7360945002604,0.9971938023859204,BEAR,0.918240630001736,85.39245737310713,HIGH,0.9198922481872448,0.7,7
NIFTYIT,2015-11-30,BEAR,0.037778165638668135,0.0016308590461796325,0.9605909753151523,0.0527063618929311,0.06139704884118546,0.8858965892658835,0.9605909753151523,82.88448838988252,0.9408864629727284,BEAR,0.8858965892658835,88.00101373149435,HIGH,0.9143001961642052,0.8,8
NIFTYIT,2015-12-01,BEAR,0.0003023006856076219,0.08673969807572214,0.9129580012386702,0.026505669742867836,0.1306013926768174,0.8428929375803148,0.9129580012386702,76.4339406370472,0.8694370018580053,BEAR,0.8428929375803148,91.38510624349777,HIGH,0.9197872320499682,0.9,9
NIFTYIT,2015-12-02,BEAR,2.9059071364027203e-05,0.0353125259083009,0.964658415020335,0.025208944740422252,0.08616298571433052,0.8886280695452472,0.964658415020335,83.29421043178706,0.9469876225305025,BEAR,0.8886280695452472,94.39057430205719,HIGH,0.9198653471722457,1.0,10
NIFTYIT,2015-12-03,BEAR,3.842784117952895e-05,0.025774079949200192,0.9741874922096203,0.025013313751995836,0.07792764857908761,0.8970590376689166,0.9741874922096203,84.55885565033748,0.9612812383144305,BEAR,0.8970590376689166,94.39096606195821,HIGH,0.91987094374226,1.0,11
NIFTYIT,2015-12-04,BEAR,1.3395509071509454e-05,0.0035780674345573973,0.9964085370563711,0.024523076993715257,0.05875861977008391,0.9167183032362008,0.9964085370563711,87.5077454854301,0.9946128055845567,BEAR,0.9167183032362008,94.39236314009082,HIGH,0.9198909020012975,1.0,12
NIFTYIT,2015-12-07,BEAR,7.920793466138812e-05,0.0419768021659294,0.9579439898994092,0.025387999702272988,0.09192329724853333,0.8826887030491937,0.9579439898994092,82.40330545737905,0.9369159848491136,BEAR,0.8826887030491937,94.38971292359778,HIGH,0.9198530417656828,1.0,13
NIFTYIT,2015-12-08,BEAR,4.8416122818199606e-05,0.04291696164284995,0.9570346222343318,0.025384959082149102,0.09273159887268505,0.8818834420451659,0.9570346222343318,82.28251630677487,0.9355519333514977,BEAR,0.8818834420451659,94.38998390913605,HIGH,0.9198569129876579,1.0,14
NIFTYIT,2015-12-09,BEAR,0.00013280479225261072,0.07075747591827802,0.9291097192894694,0.026039468383101224,0.11678142136121654,0.857179110255682,0.9291097192894694,78.57686653835233,0.8936645789342039,BEAR,0.857179110255682,94.38768227908068,HIGH,0.9198240325582956,1.0,15
NIFTYIT,2015-12-10,BEAR,0.0003180598367397736,0.3955424891039756,0.6041394510592846,0.03307759856509422,0.3972531338493908,0.569669267585515,0.6041394510592846,35.45039013782724,0.40620917658892686,BEAR,0.569669267585515,94.36911590292061,HIGH,0.9195587986131515,1.0,16
NIFTYIT,2015-12-11,SIDE,9.920946514814281e-05,0.5149327382577991,0.4849680522770528,0.035450338973084944,0.5003210885377157,0.4642285724891993,0.5149327382577991,25.04816328065736,0.2723991073866986,SIDE,0.5003210885377157,67.36526531004117,MODERATE,0.9195037901434452,0.1,1
NIFTYIT,2015-12-14,SIDE,0.00012113785942851405,0.8943228922017872,0.10555596993878419,0.043526423760847005,0.8279254326221346,0.12854814361701844,0.8943228922017872,74.18881489332018,0.8414843383026808,SIDE,0.8279254326221346,70.34559322653304,MODERATE,0.9192227603790435,0.2,2
NIFTYIT,2015-12-15,SIDE,0.00010243531839558056,0.9657721645256999,0.03412540015590454,0.04503030128888728,0.8896194457259404,0.06535025298517225,0.9657721645256999,83.44291685889105,0.9486582467885497,SIDE,0.8896194457259404,73.34212511586185,MODERATE,0.9191732159408836,0.3,3
NIFTYIT,2015-12-16,SIDE,0.00011320770631085594,0.9982875035512894,0.0015992887423996601,0.045729102352929485,0.9176975393198025,0.03657335832726803,0.9982875035512894,87.65463089797035,0.9974312553269342,SIDE,0.9176975393198025,76.34034695483047,HIGH,0.9191478136404352,0.4,4
NIFTYIT,2015-12-17,SIDE,0.0001896879052445177,0.9995494191593524,0.00026089293540316604,0.04581307006607529,0.9187959466661666,0.035390983267758185,0.9995494191593524,87.81939199992499,0.9993241287390285,SIDE,0.9187959466661666,79.33948952576453,HIGH,0.919135564653779,0.5,5
NIFTYIT,2015-12-18,SIDE,0.0001938210013233256,0.9708492647979926,0.028956914200684112,0.04520645816363232,0.89401395432842,0.0607795875079477,0.9708492647979926,84.102093149263,0.9562738971969887,SIDE,0.89401395432842,82.34091764592542,HIGH,0.919155966370363,0.6,6
NIFTYIT,2015-12-21,SIDE,0.00010431924687351211,0.9972741980596241,0.002621482693502331,0.045700932813159685,0.9168215374673173,0.037477529719523,0.9972741980596241,87.52323062009758,0.995911297089436,SIDE,0.9168215374673173,85.34049102248463,HIGH,0.9191498717497806,0.7,7
NIFTYIT,2015-12-22,SIDE,9.495058745725526e-05,0.9875483142733523,0.01235673513919042,0.04548731594100822,0.9084222052035686,0.0460904788554232,0.9875483142733523,86.2633307805353,0.9813224714100285,SIDE,0.9084222052035686,88.34108661115849,HIGH,0.9191583801594069,0.8,8
NIFTYIT,2015-12-23,SIDE,9.833502035322678e-05,0.9993524500911939,0.0005492148884528013,0.045740610330173105,0.9186154150155511,0.0356439746542758,0.9993524500911939,87.79231225233265,0.9990286751367908,SIDE,0.9186154150155511,91.34044653562947,HIGH,0.9191492362232783,0.9,9
NIFTYIT,2015-12-24,SIDE,8.771494954850972e-05,0.9997664046598962,0.0001458803905552609,0.04574146707295541,0.9189716482727412,0.03528688465430342,0.9997664046598962,87.84574724091118,0.9996496069898443,SIDE,0.9189716482727412,94.34053540124032,HIGH,0.9191505057320047,1.0,10
NIFTYIT,2015-12-28,SIDE,0.0001395300061946158,0.9997985502749904,6.191971881492368e-05,0.045780875529156294,0.9190053328982988,0.035213791572544846,0.9997985502749904,87.85079993474481,0.9996978254124856,SIDE,0.9190053328982988,94.33999666680033,HIGH,0.9191428095257191,1.0,11
NIFTYIT,2015-12-29,SIDE,8.769313929885655e-05,0.9998458968701923,6.640999050879737e-05,0.045743139490564966,0.9190402869741816,0.03521657353525345,0.9998458968701923,87.85604304612724,0.9997688453052883,SIDE,0.9190402869741816,94.34053155311983,HIGH,0.9191504507588548,1.0,12
NIFTYIT,2015-12-30,SIDE,0.00010299803284991023,0.9986591385492645,0.00123786341788569,0.04572936678934481,0.9180172767464463,0.0362533564642089,0.9986591385492645,87.70259151196694,0.9979887078238967,SIDE,0.9180172767464463,94.34043373547813,HIGH,0.9191490533639735,1.0,13
NIFTYIT,2015-12-31,SIDE,0.00012336738280338463,0.9995487631451013,0.0003278694720952789,0.0457634894676589,0.9187877939304481,0.035448716601892936,0.9995487631451013,87.8181690895672,0.9993231447176518,SIDE,0.9187877939304481,94.34017700209938,HIGH,0.9191453857442768,1.0,14
NIFTYIT,2016-01-01,SIDE,6.91980974841266e-05,0.9995114483048372,0.0004193535976787743,0.04572221169287734,0.9187493764047958,0.03552841190232682,0.9995114483048372,87.81240646071937,0.9992671724572556,SIDE,0.9187493764047958,94.34074040413911,HIGH,0.9191534343448444,1.0,15
NIFTYIT,2016-01-04,SIDE,0.00017280553109712954,0.9558715238845787,0.043955670584324195,0.044872567188103014,0.8810783328055457,0.0740491000063514,0.9558715238845787,82.16174992083184,0.9338072858268681,SIDE,0.8810783328055457,94.34190313122659,HIGH,0.9191700447318084,1.0,16
NIFTYIT,2016-01-05,SIDE,0.00014447216590140298,0.9347639888707493,0.06509153896334936,0.04440298672172611,0.8628488222380566,0.09274819104021735,0.9347639888707493,79.4273233357085,0.9021459833061239,SIDE,0.8628488222380566,94.34327863862883,HIGH,0.9191896948375549,1.0,17
NIFTYIT,2016-01-06,SIDE,0.00016539189096223355,0.9046759165711736,0.09515869153786416,0.04377943613957014,0.8368702886640609,0.11935027519636901,0.9046759165711736,75.53054329960914,0.8570138748567603,SIDE,0.8368702886640609,94.34460389226082,HIGH,0.9192086270322974,1.0,18
NIFTYIT,2016-01-07,BEAR,4.4163999364678485e-05,0.015510084392196226,0.9844457516084392,0.02479955437597449,0.06906538682652459,0.9061350587975009,0.9844457516084392,85.92025881962512,0.9766686274126586,BEAR,0.9061350587975009,67.39143266195543,MODERATE,0.9198776094565061,0.1,1
NIFTYIT,2016-01-08,BEAR,0.00010335206006479794,0.05662610678824824,0.943270541151687,0.025717251732257435,0.10457567326695155,0.8697070750007909,0.943270541151687,80.45606125011864,0.9149058117275303,BEAR,0.8697070750007909,70.38871184160736,MODERATE,0.919838740594391,0.2,2
NIFTYIT,2016-01-11,BEAR,2.935298630597431e-06,0.0002316565214180866,0.9997654081799514,0.02444416868761687,0.05586781120362525,0.9196880201087578,0.9997654081799514,87.95320301631368,0.9996481122699271,BEAR,0.9196880201087578,73.39264307771678,MODERATE,0.9198949011102397,0.3,3
NIFTYIT,2016-01-12,BEAR,5.107397137806599e-06,0.0003619877968529524,0.9996329048060093,0.024448560805670257,0.055980600185251285,0.9195708390090784,0.9996329048060093,87.93562585136176,0.999449357209014,BEAR,0.9195708390090784,76.39261388308168,HIGH,0.9198944840440241,0.4,4
NIFTYIT,2016-01-13,BEAR,1.057217185079695e-05,0.000687066208564945,0.9993023616195843,0.024459550978564042,0.056261929159710795,0.919278519861725,0.9993023616195843,87.89177797925876,0.9989535424293763,BEAR,0.919278519861725,79.39254057701893,HIGH,0.9198934368145562,0.5,5
NIFTYIT,2016-01-14,BEAR,0.017260778921644928,0.0027677437765103734,0.9799714773018448,0.037396219868509877,0.06003180185181911,0.902571978279671,0.9799714773018448,85.38579674195066,0.969957215952767,BEAR,0.902571978279671,82.21362761119144,HIGH,0.9173375373027349,0.6,6
NIFTYIT,2016-01-15,BEAR,0.000212172523774436,0.025841796417902813,0.9739460310583227,0.02514460568817995,0.07800599577299897,0.8968493985388211,0.9739460310583227,84.52740978082316,0.9609190465874838,BEAR,0.8968493985388211,85.38916164777262,HIGH,0.9198451663967518,0.7,7
NIFTYIT,2016-01-18,BEAR,7.898369724865774e-05,0.04314758549865383,0.9567734308040976,0.02541270402135838,0.0929342381854175,0.8816530577932241,0.9567734308040976,82.2479586689836,0.9351601462061464,BEAR,0.8816530577932241,88.38965524206576,HIGH,0.9198522177437967,0.8,8
NIFTYIT,2016-01-19,BEAR,0.00012125217835541148,0.09256873761649262,0.907310010205152,0.026494188690948318,0.13561403454669177,0.83789177676236,0.907310010205152,75.68376651435399,0.8609650153077278,BEAR,0.83789177676236,91.38668414027102,HIGH,0.9198097734324431,0.9,9
NIFTYIT,2016-01-20,BEAR,2.116119723725114e-05,0.018561629895540572,0.9814172089072222,0.024847189013019046,0.07169775255960402,0.9034550584273768,0.9814172089072222,85.51825876410652,0.9721258133608333,BEAR,0.9034550584273768,94.3915146965033,HIGH,0.9198787813786184,1.0,10
NIFTYIT,2016-01-21,BEAR,4.676797180204069e-05,0.03315916335195086,0.9667940686762471,0.025176434381096024,0.08430559169890751,0.8905179739199965,0.9667940686762471,83.57769608799947,0.9501911030143706,BEAR,0.8905179739199965,94.39050110689597,HIGH,0.9198643015270855,1.0,11
NIFTYIT,2016-01-22,SIDE,0.0002966024877951751,0.5971508261858254,0.40255257132637945,0.037344492876073505,0.5713386483070546,0.3913168588168719,0.5971508261858254,35.700797246058194,0.39572623927873807,SIDE,0.5713386483070546,67.35900533815567,MODERATE,0.9194143619736526,0.1,1
NIFTYIT,2016-01-25,SIDE,8.235993690959612e-05,0.9826862860488156,0.01723135401427491,0.04537461788508516,0.9042224236327546,0.05040295848216023,0.9826862860488156,85.63336354491318,0.9740294290732232,SIDE,0.9042224236327546,70.34146631131861,MODERATE,0.9191638044474089,0.2,2
NIFTYIT,2016-01-27,SIDE,9.023830764123996e-05,0.9977403198192222,0.0021694418731366617,0.04570031120091056,0.9172224209973169,0.037077267801772534,0.9977403198192222,87.58336314959752,0.9966104797288331,SIDE,0.9172224209973169,73.34061308787662,MODERATE,0.9191516155410946,0.3,3
NIFTYIT,2016-01-28,SIDE,0.00018330247461193722,0.9991724722547605,0.0006442252706276373,0.04580028992804409,0.9184697241497166,0.035729985922239305,0.9991724722547605,87.7704586224575,0.9987587083821405,SIDE,0.9184697241497166,76.33957503325173,HIGH,0.9191367861893105,0.4,4
NIFTYIT,2016-01-29,SIDE,0.004291994708193118,0.9956204346058372,8.757068596969262e-05,0.048795587348185496,0.9158725392411328,0.03533187341068173,0.9956204346058372,87.3808808861699,0.9934306519087559,SIDE,0.9158725392411328,79.29716860055433,HIGH,0.918530980007919,0.5,5
NIFTYIT,2016-02-01,SIDE,0.0058214240764127845,0.9941777714936046,8.044299825732736e-07,0.0499080052889907,0.9148017539089804,0.03529024080202893,0.9941777714936046,87.22026308634705,0.991266657240407,SIDE,0.9148017539089804,82.28138930229107,HIGH,0.9183055614613013,0.6,6
NIFTYIT,2016-02-02,SIDE,0.00325182853690374,0.9967449578076485,3.213655447816561e-06,0.04804207665078234,0.9167245778958599,0.03523334545335776,0.9967449578076485,87.50868668437899,0.9951174367114726,SIDE,0.9167245778958599,85.30789276633844,HIGH,0.9186841823762636,0.7,7
NIFTYIT,2016-02-03,SIDE,0.00016956045052144645,0.9997804368626444,5.000268683423024e-05,0.045802934898207866,0.9189931271629698,0.03520393793882233,0.9997804368626444,87.84896907444545,0.9996706552939666,SIDE,0.9189931271629698,88.33968631579754,HIGH,0.919138375939965,0.8,8
NIFTYIT,2016-02-04,SIDE,0.0001723707364153207,0.9998099115234927,1.7717740091868774e-05,0.0458056614053286,0.9190188998741528,0.03517543872051861,0.9998099115234927,87.8528349811229,0.9997148672852393,SIDE,0.9190188998741528,91.33965567523478,HIGH,0.9191379382176398,0.9,9
NIFTYIT,2016-02-05,SIDE,0.00011882532649084189,0.9998647877399535,1.6386933555681776e-05,0.04576680839298748,0.9190601603102148,0.0351730312967977,0.9998647877399535,87.8590240465322,0.99979718160993,SIDE,0.9190601603102148,94.34020788547473,HIGH,0.9191458269353534,1.0,10
NIFTYIT,2016-02-08,SIDE,0.00016643788055293777,0.9898072958087231,0.010026266310723888,0.045588733542469666,0.910381003744231,0.04403026271329932,0.9898072958087231,86.55715056163466,0.9847109437130848,SIDE,0.910381003744231,94.34022983349497,HIGH,0.9191461404784997,1.0,11
NIFTYIT,2016-02-09,BEAR,1.770459896676521e-05,0.00012955901851126252,0.9998527363825219,0.024453038033087734,0.055781339860590036,0.9197656221063221,0.9998527363825219,87.96484331594833,0.9997791045737827,BEAR,0.9197656221063221,67.39249521990413,MODERATE,0.9198927888557734,0.1,1
NIFTYIT,2016-02-10,BEAR,2.274218822359231e-06,6.036476324224667e-05,0.9999373610179354,0.024440035718304377,0.05571982585617853,0.919840138425517,0.9999373610179354,87.97602076382756,0.9999060415269031,BEAR,0.919840138425517,70.39265870928521,MODERATE,0.9198951244183604,0.2,2
NIFTYIT,2016-02-11,BEAR,1.9460410263721602e-08,3.1198062330134536e-10,0.9999999802276092,0.024437068184434526,0.055667443483829196,0.9198954883317362,0.9999999802276092,87.98432324976045,0.9999999703414137,BEAR,0.9198954883317362,73.39268517473668,MODERATE,0.9198955024962384,0.3,3
NIFTYIT,2016-02-12,BEAR,1.1227192797923225e-07,8.48894549991604e-09,0.9999998792391265,0.024437137723658738,0.055667461161126065,0.9198954011152153,0.9999998792391265,87.98431016728227,0.9999998188586897,BEAR,0.9198954011152153,76.39268421228354,HIGH,0.9198954887469077,0.4,4
NIFTYIT,2016-02-15,BEAR,1.5389000639756053e-06,4.878046400875167e-06,0.9999935830535351,0.024438307405642054,0.05567182919303806,0.91988986340132,0.9999935830535351,87.983479510198,0.9999903745803027,BEAR,0.91988986340132,79.39266917504867,HIGH,0.9198952739292667,0.5,5
NIFTYIT,2016-02-16,BEAR,3.45350204324987e-07,1.3727261472605817e-06,0.9999982819236484,0.02443734090341553,0.055668665835683875,0.9198939932609007,0.9999982819236484,87.9840989891351,0.9999974228854726,BEAR,0.9198939932609007,82.3926817263991,HIGH,0.9198954532342729,0.6,6
NIFTYIT,2016-02-17,BEAR,3.6357144184351888e-06,2.4245116822352843e-05,0.9999721191687593,0.0244402859542536,0.055688792428943694,0.9198709216168028,0.9999721191687593,87.98063824252043,0.9999581787531387,BEAR,0.9198709216168028,85.39264644798821,HIGH,0.9198949492569747,0.7,7
NIFTYIT,2016-02-18,BEAR,3.0152568969110103e-05,0.0006445856683948105,0.9993252617626361,0.024473282535724943,0.056227487150125356,0.9192992303141496,0.9993252617626361,87.89488454712244,0.998987892643954,BEAR,0.9192992303141496,88.392339794443,HIGH,0.9198905684920429,0.8,8
NIFTYIT,2016-02-19,BEAR,3.680603368387294e-05,0.007248600193174769,0.9927145937731414,0.024618549697465547,0.06193078757568145,0.9134506627268529,0.9927145937731414,87.01759940902792,0.9890718906597121,BEAR,0.9134506627268529,91.39193235437008,HIGH,0.9198847479195726,0.9,9
NIFTYIT,2016-02-22,BEAR,1.859388888613018e-05,0.00441970217627372,0.9955617039348401,0.024544841697683412,0.059485962536138526,0.9159691957661781,0.9955617039348401,87.3953793649267,0.9933425559022602,BEAR,0.9159691957661781,94.39226612040548,HIGH,0.9198895160057927,1.0,10
NIFTYIT,2016-02-23,BEAR,4.903380520921306e-06,0.0004020237777957378,0.9995930728416833,0.024449258844789493,0.05601514775289456,0.919535593402316,0.9995930728416833,87.9303390103474,0.999389609262525,BEAR,0.919535593402316,94.39261394585394,HIGH,0.9198944849407705,1.0,11
NIFTYIT,2016-02-24,BEAR,7.259500186350812e-07,8.628034453321538e-06,0.9999906460155281,0.024437779486737282,0.05567497430057261,0.91988724621269,0.9999906460155281,87.98308693190351,0.9999859690232922,BEAR,0.91988724621269,94.39267740945259,HIGH,0.9198953915636083,1.0,12
NIFTYIT,2016-02-25,BEAR,5.036702775977482e-07,3.5327167356451366e-06,0.9999959636129866,0.024437505115193853,0.05567054908857512,0.919891945796231,0.9999959636129866,87.98379186943464,0.9999939454194801,BEAR,0.919891945796231,94.3926799746333,HIGH,0.9198954282090472,1.0,13
NIFTYIT,2016-02-26,BEAR,3.952699543034178e-06,0.00019165620081151288,0.9998043910996454,0.024444079313583427,0.05583338746991612,0.9197225332165005,0.9998043910996454,87.95837998247507,0.9997065866494682,BEAR,0.9197225332165005,94.3926345820146,HIGH,0.9198947797430655,1.0,14
NIFTYIT,2016-02-29,BEAR,6.340191664448304e-07,2.900014900390502e-06,0.9999964659659332,0.024437589094402006,0.05567001766349074,0.9198923932421071,0.9999964659659332,87.9838589863161,0.9999946989488996,BEAR,0.9198923932421071,94.39267865593482,HIGH,0.9198954093704973,1.0,15
NIFTYIT,2016-03-01,BEAR,0.0009194608861921186,0.0034657803738004874,0.9956147587400073,0.02519786714052722,0.058765303337147225,0.9160368295223256,0.9956147587400073,87.40552442834884,0.9934221381100109,BEAR,0.9160368295223256,94.38297711082635,HIGH,0.919756815868948,1.0,16
NIFTYIT,2016-03-02,SIDE,0.0992327349079006,0.6637014802858031,0.2370657848062962,0.11270121451648633,0.6401219677104343,0.24717681777307943,0.6637014802858031,46.018295156565145,0.49555222042870484,SIDE,0.6401219677104343,66.33007592675943,MODERATE,0.9047153703822777,0.1,1
NIFTYIT,2016-03-03,SIDE,0.2979053564082738,0.7001580737246325,0.0019365698670936859,0.2619597258493583,0.6943278444446098,0.0437124297060319,0.7001580737246325,54.14917666669147,0.5502371105869487,SIDE,0.6943278444446098,67.26887434575973,MODERATE,0.8752696335108532,0.2,2
NIFTYIT,2016-03-04,SIDE,0.21999202430381284,0.7786549873663523,0.0013529883298348394,0.20539639859400274,0.7531972580426892,0.04140634336330802,0.7786549873663523,62.979588706403376,0.6679824810495284,SIDE,0.7531972580426892,71.07245867909292,MODERATE,0.8867494097013275,0.3,3
NIFTYIT,2016-03-08,SIDE,0.057223404935968905,0.941834023844295,0.0009425712197361117,0.08721285995277366,0.8754829117322934,0.037304228314933026,0.941834023844295,81.32243675984397,0.9127510357664426,SIDE,0.8754829117322934,75.7512668942806,HIGH,0.9107323842040086,0.4,4
NIFTYIT,2016-03-09,SIDE,0.16751798755520372,0.8319065657334648,0.0005754467113314787,0.16730959610507,0.7931773780062564,0.03951302588867352,0.8319065657334648,68.97660670093846,0.7478598486001972,SIDE,0.7931773780062564,77.61364691056045,HIGH,0.8944806701508635,0.5,5
NIFTYIT,2016-03-10,SIDE,0.026464902442064443,0.9678334337513733,0.005701663806562069,0.06477688316622451,0.8944148923857694,0.04080822444800619,0.9678334337513733,84.16223385786536,0.9517501506270601,SIDE,0.8944148923857694,82.06876037575499,HIGH,0.9152680053679286,0.6,6
NIFTYIT,2016-03-11,SIDE,0.000252035918938962,0.9990778715506254,0.0006700925304355906,0.045849650280587344,0.9183958991105843,0.03575445060882847,0.9990778715506254,87.75938486658764,0.9986168073259382,SIDE,0.9183958991105843,85.33886742803998,HIGH,0.9191266775434284,0.7,7
NIFTYIT,2016-03-14,SIDE,0.0001821056756536063,0.9995369770215908,0.0002809173027554446,0.045807138937353414,0.9187843356155699,0.03540852544707662,0.9995369770215908,87.81765034233547,0.9993054655323864,SIDE,0.9187843356155699,88.33956875675457,HIGH,0.9191366965250654,0.8,8
NIFTYIT,2016-03-15,SIDE,0.00017174708569944337,0.9973233732517406,0.00250487966256,0.0457523717308532,0.9168717129770145,0.03737591529213219,0.9973233732517406,87.53075694655217,0.9959850598776109,SIDE,0.9168717129770145,91.33978958156536,HIGH,0.9191398511652193,0.9,9
NIFTYIT,2016-03-16,SIDE,0.00017854411603829626,0.9996672935444791,0.00015416233948252852,0.04580724551799599,0.9188964559969036,0.03529629848510039,0.9996672935444791,87.83446839953552,0.9995009403167185,SIDE,0.9188964559969036,94.33959899487863,HIGH,0.9191371284982662,1.0,10
NIFTYIT,2016-03-17,SIDE,0.000460397556811292,0.999511604999884,2.7997443304629194e-05,0.046014589851174424,0.9187942602234178,0.03519114992540778,0.999511604999884,87.81913903351267,0.999267407499826,SIDE,0.9187942602234178,94.33668543382068,HIGH,0.9190955061974384,1.0,11
NIFTYIT,2016-03-18,SIDE,0.011780400715504798,0.9882027206126848,1.687867181041692e-05,0.05423469505240937,0.9103239573338165,0.03544134761377421,0.9882027206126848,86.54859360007246,0.982304080919027,SIDE,0.9103239573338165,94.2199280069566,HIGH,0.917427542956523,1.0,12
NIFTYIT,2016-03-21,SIDE,0.005144194645654884,0.9948550052958591,8.000584859192392e-07,0.049416244282230404,0.9153090756069522,0.03527468011081747,0.9948550052958591,87.29636134104283,0.9922825079437887,SIDE,0.9153090756069522,94.28837438667277,HIGH,0.9184053483810396,1.0,13
NIFTYIT,2016-03-22,SIDE,0.003957460407562038,0.9960389144216503,3.625170787658435e-06,0.048554453060372885,0.9161956281384744,0.035249918801152726,0.9960389144216503,87.42934422077117,0.9940583716324752,SIDE,0.9161956281384744,94.30061475417662,HIGH,0.9185802107739516,1.0,14
NIFTYIT,2016-03-23,SIDE,0.0015154583512219982,0.9984761806529738,8.360995804174953e-06,0.046781125298754805,0.9180208618287647,0.035198012872480484,0.9984761806529738,87.70312927431469,0.9977142709794607,SIDE,0.9180208618287647,94.32580231185806,HIGH,0.9189400330265437,1.0,15
NIFTYIT,2016-03-28,SIDE,0.0004877201159624823,0.9994328325572623,7.944732677525884e-05,0.046033336770286516,0.9187293659157219,0.03523729731399163,0.9994328325572623,87.80940488735828,0.9991492488358935,SIDE,0.9187293659157219,94.33640626023458,HIGH,0.9190915180033512,1.0,16
NIFTYIT,2016-03-29,SIDE,0.00017095117369949258,0.9997666208410256,6.242798527492433e-05,0.04580368079245909,0.9189813561671963,0.03521496304034453,0.9997666208410256,87.84720342507943,0.9996499312615384,SIDE,0.9189813561671963,94.33967260842127,HIGH,0.919138180120304,1.0,17
NIFTYIT,2016-03-30,SIDE,0.001060387990089128,0.9989333144940958,6.297515815030126e-06,0.04645072587446234,0.918363540442193,0.03518573368334462,0.9989333144940958,87.75453106632895,0.9983999717411436,SIDE,0.918363540442193,94.33049589605065,HIGH,0.919007084229295,1.0,18
NIFTYIT,2016-03-31,SIDE,0.0030468609141727936,0.9969470216500316,6.1174357955711725e-06,0.04789318046364778,0.9168756133608884,0.03523120617546388,0.9969470216500316,87.53134200413326,0.9954205324750474,SIDE,0.9168756133608884,94.3100069936756,HIGH,0.9187143856239371,1.0,19
NIFTYIT,2016-04-01,SIDE,0.00019867043604449093,0.9997921252571247,9.204306830784378e-06,0.04582493943854457,0.9190065498757058,0.03516851068574955,0.9997921252571247,87.85098248135587,0.999688187885687,SIDE,0.9190065498757058,94.33938397834922,HIGH,0.9191340568335604,1.0,20
NIFTYIT,2016-04-04,SIDE,0.002258137529941513,0.9977402145459434,1.6479241150355324e-06,0.04732055446937836,0.9174703116914439,0.03520913383917784,0.9977402145459434,87.62054675371654,0.996610321818915,SIDE,0.9174703116914439,94.31814182093359,HIGH,0.9188305974419083,1.0,21
NIFTYIT,2016-04-05,SIDE,0.0002093811676684622,0.9997822418133258,8.377019005852516e-06,0.045832734467912105,0.918999240741559,0.035168024790528885,0.9997822418133258,87.84988611123386,0.9996733627199886,SIDE,0.918999240741559,94.33927346324427,HIGH,0.9191324780463467,1.0,22
NIFTYIT,2016-04-06,SIDE,0.00017887964588684122,0.9998173542441237,3.7661099895850884e-06,0.04581068414885748,0.9190260711737304,0.03516324467741221,0.9998173542441237,87.85391067605956,0.9997260313661853,SIDE,0.9190260711737304,94.33958782593514,HIGH,0.9191369689419309,1.0,23
NIFTYIT,2016-04-07,SIDE,0.00010124514774146205,0.9998123762180211,8.637863423742402e-05,0.04575255589010385,0.91901289221583,0.035234551894066074,0.9998123762180211,87.85193383237451,0.9997185643270317,SIDE,0.91901289221583,94.34039279834583,HIGH,0.9191484685477975,1.0,24
NIFTYIT,2016-04-08,SIDE,6.94527801995945e-05,0.9996439284296809,0.00028661879011964694,0.045725216421614784,0.9188638015797329,0.035410981998652384,0.9996439284296809,87.82957023695992,0.9994658926445211,SIDE,0.9188638015797329,94.34073097426598,HIGH,0.9191532996323714,1.0,25
NIFTYIT,2016-04-11,SIDE,0.0006101282688882541,0.99927404255422,0.00011582917689166675,0.04612144892503066,0.918606253422396,0.03527229765257339,0.99927404255422,87.7909380133594,0.9989110638313299,SIDE,0.918606253422396,94.33514558186367,HIGH,0.9190735083123381,1.0,26
NIFTYIT,2016-04-12,SIDE,0.00011840587724086724,0.9998349521870098,4.664193574932712e-05,0.045765861083716476,0.9190343494531505,0.03519978946313299,0.9998349521870098,87.85515241797258,0.9997524282805147,SIDE,0.9190343494531505,94.34021376241297,HIGH,0.9191459108916139,1.0,27
NIFTYIT,2016-04-13,SIDE,0.0001875551999941098,0.9997778442319853,3.4600568020555966e-05,0.045816328744859774,0.9189929468199837,0.03519072443515659,0.9997778442319853,87.84894202299753,0.999666766347978,SIDE,0.9189929468199837,94.33949992482387,HIGH,0.9191357132117697,1.0,28
NIFTYIT,2016-04-18,SIDE,0.0662808888352298,0.9336801786003699,3.89325644003845e-05,0.09380902756477212,0.8694781671602058,0.03671280527502215,0.9336801786003699,80.42172507403085,0.9005202679005548,SIDE,0.8694781671602058,93.65779981554385,HIGH,0.909397140222055,1.0,29
NIFTYIT,2016-04-20,SIDE,0.0019090026629032773,0.9980840140241878,6.983312908911043e-06,0.04706692150800811,0.917727244295609,0.03520583419638294,0.9980840140241878,87.65908664434136,0.9971260210362817,SIDE,0.917727244295609,94.32174314371275,HIGH,0.9188820449101822,1.0,30
NIFTYIT,2016-04-21,SIDE,0.00026986802440324124,0.9995806823445227,0.00014944963107416055,0.0458736592693911,0.9188321139391161,0.03529422679149269,0.9995806823445227,87.8248170908674,0.9993710235167839,SIDE,0.9188321139391161,94.33865681963498,HIGH,0.9191236688519283,1.0,31
NIFTYIT,2016-04-22,SIDE,8.884166668380777e-05,0.9997158863363285,0.00019527199698771345,0.04574123595717427,0.9189281547912455,0.03533060925158024,0.9997158863363285,87.8392232186868,0.9995738295044927,SIDE,0.9189281547912455,94.34052631150169,HIGH,0.9191503758785957,1.0,32
NIFTYIT,2016-04-25,SIDE,9.130275550155886e-05,0.9997188891321681,0.00018980811233042369,0.04574313911770477,0.9189310292120492,0.035325831670246104,0.9997188891321681,87.83965438180738,0.999578333698252,SIDE,0.9189310292120492,94.34050064728285,HIGH,0.9191500092468979,1.0,33
NIFTYIT,2016-04-26,SIDE,0.00018914515007133545,0.9997861745352666,2.4680314662092458e-05,0.045817694009929175,0.9190003218737319,0.03518198411633889,0.9997861745352666,87.85004828105978,0.9996792618028998,SIDE,0.9190003218737319,94.33948301730932,HIGH,0.9191354716758475,1.0,34
NIFTYIT,2016-04-27,SIDE,0.0001420259026912511,0.9998092877558242,4.868634148443988e-05,0.04578296901851722,0.9190148901693264,0.03520214081215649,0.9998092877558242,87.85223352539894,0.9997139316337363,SIDE,0.9190148901693264,94.33997024536008,HIGH,0.9191424320765726,1.0,35
NIFTYIT,2016-04-28,SIDE,0.0022041294945821565,0.993748135163081,0.004047735342336819,0.04719538290572356,0.9140169897125971,0.038787627381679256,0.993748135163081,87.10254845688958,0.9906222027446215,SIDE,0.9140169897125971,94.31890624406947,HIGH,0.9188415177724212,1.0,36
NIFTYIT,2016-04-29,SIDE,0.0002360824196628606,0.995101399610113,0.0046625179702241065,0.04575325149507267,0.9149604070751776,0.039286341429749704,0.995101399610113,87.24406106127664,0.9926520994151695,SIDE,0.9149604070751776,94.33923659848591,HIGH,0.9191319514069415,1.0,37
NIFTYIT,2016-05-02,SIDE,0.0001394236390950892,0.9942684200659371,0.0055921562949678245,0.04566331494472537,0.914230076066731,0.040106608988543714,0.9942684200659371,87.13451141000965,0.9914026300989056,SIDE,0.914230076066731,94.34028120368019,HIGH,0.9191468743382883,1.0,38
NIFTYIT,2016-05-03,BEAR,0.0005211268993083576,0.3755315421657504,0.6239473309349413,0.03280425797456119,0.3799969919956608,0.5871987500297782,0.6239473309349413,38.07981250446672,0.4359209964024119,BEAR,0.5871987500297782,67.36803663533499,MODERATE,0.9195433805047856,0.1,1
NIFTYIT,2016-05-04,BEAR,3.205383859056604e-05,0.020414906797241856,0.9795530393641675,0.024894700640163612,0.07329929552026461,0.9018060038395718,0.9795530393641675,85.27090057593576,0.9693295590462511,BEAR,0.9018060038395718,70.3913068037441,MODERATE,0.9198758114820587,0.2,2
NIFTYIT,2016-05-05,BEAR,2.2544910308585584e-05,0.00733326335797666,0.9926441917317147,0.02460968978159132,0.06200226256888368,0.9133880476495251,0.9926441917317147,87.00820714742876,0.9889662875975719,BEAR,0.9133880476495251,73.39207583825247,MODERATE,0.9198867976893211,0.3,3
NIFTYIT,2016-05-06,BEAR,3.992835347569279e-06,0.0004352846687287068,0.9995607224959238,0.024449284909486474,0.05604376423984243,0.919506950850671,0.9995607224959238,87.92604262760065,0.9993410837438856,BEAR,0.919506950850671,76.39262167936151,HIGH,0.9198945954194503,0.4,4
NIFTYIT,2016-05-09,BEAR,1.0704524535819867e-05,0.0008274067548910483,0.9991618887205732,0.02446263126560263,0.05638312778314734,0.91915424095125,0.9991618887205732,87.87313614268749,0.9987428330808596,BEAR,0.91915424095125,79.39253201228469,HIGH,0.9198933144612099,0.5,5
NIFTYIT,2016-05-10,BEAR,1.8829585260522475e-05,0.004126224847548979,0.9958549455671905,0.024538783273160284,0.05923257303204815,0.9162286436947916,0.9958549455671905,87.43429655421873,0.9937824183507855,BEAR,0.9162286436947916,82.39227871882193,HIGH,0.9198896959831704,0.6,6
NIFTYIT,2016-05-11,BEAR,8.243182086293445e-06,0.001622276742412793,0.998369480075501,0.024477677780872807,0.05706921319641358,0.9184531090227137,0.998369480075501,87.76796635340706,0.9975542201132515,BEAR,0.9184531090227137,85.39251678596477,HIGH,0.9198930969423541,0.7,7
NIFTYIT,2016-05-12,BEAR,0.0001468339912373638,0.08764344995635684,0.9122097160524058,0.026408676116042678,0.13136399518442413,0.8422273286995333,0.9122097160524058,76.33409930492998,0.8683145740786085,BEAR,0.8422273286995333,88.38667140751376,HIGH,0.919809591535911,0.8,8
NIFTYIT,2016-05-13,BEAR,4.31456434719169e-05,0.061121996157363925,0.9388348581991641,0.02576776449535391,0.10845096833480364,0.8657812671698425,0.9388348581991641,79.86719007547636,0.9082522872987462,BEAR,0.8657812671698425,91.38910548214385,HIGH,0.9198443640306265,0.9,9
NIFTYIT,2016-05-16,BEAR,8.080343498855266e-05,0.10241042545561461,0.8975087711093969,0.0266730331303845,0.14410766462152547,0.8292193022480899,0.8975087711093969,74.38289533721351,0.8462631566640951,BEAR,0.8292193022480899,94.38659899661013,HIGH,0.9198085570944303,1.0,10
NIFTYIT,2016-05-17,BEAR,9.279166427739482e-05,0.18678244134978503,0.8131247669859376,0.028474376771587137,0.21696392424208646,0.7545616989863264,0.8131247669859376,63.184254847948964,0.7196871504789064,BEAR,0.7545616989863264,94.38215043595144,HIGH,0.9197450062278778,1.0,11
NIFTYIT,2016-05-18,SIDE,0.00012129858213039711,0.5603755511358637,0.4395031502820059,0.036432226859803116,0.5395632970702466,0.4240044760699503,0.5603755511358637,30.934494560536997,0.3405633267037955,SIDE,0.5395632970702466,67.362707277429,MODERATE,0.9194672468204143,0.1,1
NIFTYIT,2016-05-19,SIDE,8.785057006284593e-05,0.8682422255441229,0.1316699238858144,0.04294749251759317,0.8054010766883999,0.151651430794007,0.8682422255441229,70.81016150325998,0.8023633383161843,SIDE,0.8054010766883999,70.34727497026962,MODERATE,0.919246785289566,0.2,2
NIFTYIT,2016-05-20,SIDE,9.737729154641212e-05,0.925528812791691,0.07437380991676258,0.04417159851986668,0.8548688986336843,0.10095950284644904,0.925528812791691,78.23033479505264,0.8882932191875365,SIDE,0.8548688986336843,73.34424012675336,MODERATE,0.9192034303821911,0.3,3
NIFTYIT,2016-05-23,SIDE,0.00021883471330569963,0.9049755714487923,0.09480559383790206,0.043825744074513215,0.8371351526331207,0.1190391032923661,0.9049755714487923,75.57027289496808,0.8574633571731882,SIDE,0.8371351526331207,76.3440345746977,HIGH,0.919200493924253,0.4,4
NIFTYIT,2016-05-24,SIDE,0.0001936266758002982,0.8713658369074858,0.12844053641671394,0.0430929049473759,0.8081104017530681,0.1487966932995559,0.8713658369074858,71.21656026296021,0.8070487553612286,SIDE,0.8081104017530681,79.34601845864611,HIGH,0.9192288351235159,0.5,5
NIFTYIT,2016-05-25,SIDE,0.00804299950981955,0.9891425274199613,0.002814473070219109,0.05146139952886101,0.9107079628948377,0.03783063757630132,0.9891425274199613,86.60619443422564,0.9837137911299418,SIDE,0.9107079628948377,82.2586197214062,HIGH,0.9179802817343745,0.6,6
NIFTYIT,2016-05-26,SIDE,0.0013050758202130214,0.9986878767526883,7.0474270985683366e-06,0.046628386740949046,0.9181795953079561,0.03519201795109485,0.9986878767526883,87.72693929619342,0.9980318151290325,SIDE,0.9181795953079561,85.32797217352996,HIGH,0.9189710310504281,0.7,7
NIFTYIT,2016-05-27,SIDE,0.0007749949235879923,0.9992216586621777,3.3464142343079117e-06,0.04624355420631584,0.9185798789097207,0.03517656688396348,0.9992216586621777,87.78698183645808,0.9988324879932664,SIDE,0.9185798789097207,88.33343934799254,HIGH,0.9190491335427506,0.8,8
NIFTYIT,2016-05-30,SIDE,0.003137340714215018,0.9968606494912229,2.009794562132815e-06,0.04795896842312845,0.916811381158308,0.03522965041856359,0.9968606494912229,87.52170717374618,0.9952909742368343,SIDE,0.916811381158308,91.30907355575137,HIGH,0.9187010507964481,0.9,9
NIFTYIT,2016-05-31,SIDE,0.19265293587453075,0.8072043388079682,0.00014272531750111715,0.18557019554089202,0.7747222425543574,0.03970756190475058,0.8072043388079682,66.20833638315361,0.7108065082119522,SIDE,0.7747222425543574,92.354377669889,HIGH,0.8907768238555573,1.0,10
NIFTYIT,2016-06-01,SIDE,0.002850111672594064,0.9971431604423584,6.72788504754529e-06,0.0477503006632558,0.9170224726535495,0.035227226683194654,0.9971431604423584,87.55337089803241,0.9957147406635376,SIDE,0.9170224726535495,94.31203633738801,HIGH,0.9187433762484001,1.0,11
NIFTYIT,2016-06-02,SIDE,0.000397030175586348,0.9995963241489,6.6456755136857e-06,0.0459690300673354,0.9188601663934733,0.035170803539191164,0.9995963241489,87.82902495902098,0.9993944862233498,SIDE,0.9188601663934733,94.33733792377762,HIGH,0.9191048274825375,1.0,12
NIFTYIT,2016-06-03,SIDE,0.00020004505936171757,0.9997940377646855,5.917175952873722e-06,0.04582600743410874,0.9190083585584842,0.03516563400740719,0.9997940377646855,87.85125378377258,0.9996910566470282,SIDE,0.9190083585584842,94.33936963172518,HIGH,0.9191338518817882,1.0,13
NIFTYIT,2016-06-06,SIDE,0.00010601680965735786,0.9998617449420154,3.223824832715839e-05,0.04575717091721204,0.91905606772645,0.035186761356338,0.9998617449420154,87.85841015896749,0.9997926174130229,SIDE,0.91905606772645,94.34034080759339,HIGH,0.9191477258227628,1.0,14
NIFTYIT,2016-06-07,SIDE,0.0001253726920839122,0.9998518825444407,2.2744763475422915e-05,0.04577142761041304,0.9190497656669054,0.035178806722681484,0.9998518825444407,87.85746485003581,0.999777823816661,SIDE,0.9190497656669054,94.34014068044623,HIGH,0.9191448668635175,1.0,15
NIFTYIT,2016-06-08,SIDE,0.00010326574806651267,0.9998745947311416,2.2139520791872317e-05,0.04575538780615171,0.9190668487780913,0.03517776341575698,0.9998745947311416,87.8600273167137,0.9998118920967124,SIDE,0.9190668487780913,94.34036866502491,HIGH,0.9191481237860701,1.0,16
NIFTYIT,2016-06-09,SIDE,0.0001520391954735383,0.999296053562653,0.0005519072418733816,0.045779549703283004,0.9185728599570968,0.03564759033962023,0.999296053562653,87.78592899356453,0.9989440803439794,SIDE,0.9185728599570968,94.33989275763541,HIGH,0.9191413251090773,1.0,17
NIFTYIT,2016-06-10,SIDE,0.00010720907105445221,0.9996540990634915,0.00023869186545416135,0.04575365079852168,0.9188769027457189,0.03536944645575944,0.9996540990634915,87.83153541185783,0.9994811485952372,SIDE,0.9188769027457189,94.34033909167634,HIGH,0.9191477013096622,1.0,18
NIFTYIT,2016-06-13,SIDE,9.08558011962523e-05,0.9995197050954763,0.0003894391033274398,0.0457385736430788,0.9187589834903365,0.03550244286658478,0.9995197050954763,87.81384752355046,0.9992795576432144,SIDE,0.9187589834903365,94.34051548889775,HIGH,0.919150221269968,1.0,19
NIFTYIT,2016-06-14,SIDE,8.396314555152774e-05,0.9935694723377498,0.0063465645166986585,0.04560701653653653,0.9136201935680297,0.040772789895433786,0.9935694723377498,87.04302903520446,0.9903542085066246,SIDE,0.9136201935680297,94.3408919001865,HIGH,0.9191555985740929,1.0,20
NIFTYIT,2016-06-15,SIDE,0.00010054366279970629,0.9978843597573057,0.0020150965798946354,0.04571107318036635,0.917347977699433,0.03694094912020064,0.9978843597573057,87.60219665491493,0.9968265396359586,SIDE,0.917347977699433,94.34049888568975,HIGH,0.9191499840812822,1.0,21
NIFTYIT,2016-06-16,SIDE,8.912642691490408e-05,0.9878873302998745,0.012023543273210589,0.04549016507251898,0.9087142779326083,0.04579555699487274,0.9878873302998745,86.30714168989124,0.9818309954498118,SIDE,0.9087142779326083,94.34112960575982,HIGH,0.9191589943679975,1.0,22
NIFTYIT,2016-06-17,SIDE,0.00017125487376535702,0.9648025096395214,0.03502623548671329,0.04506113650608154,0.8887900248538362,0.06614883864008225,0.9648025096395214,83.31850372807541,0.9472037644592821,SIDE,0.8887900248538362,94.34146146699558,HIGH,0.9191637352427942,1.0,23
NIFTYIT,2016-06-20,SIDE,0.0004275052556262705,0.9993353303836825,0.00023716436069122756,0.0459862620420618,0.9186382853345109,0.03537545262342736,0.9993353303836825,87.79574280017661,0.9990029955755237,SIDE,0.9186382853345109,94.33703541220527,HIGH,0.9191005058886467,1.0,24
NIFTYIT,2016-06-21,SIDE,7.252184230166156e-05,0.9997116600344362,0.00021581812326211398,0.045728949056624835,0.9189226386053372,0.03534841233803802,0.9997116600344362,87.83839579080056,0.9995674900516544,SIDE,0.9189226386053372,94.34069569059555,HIGH,0.9191527955799367,1.0,25
NIFTYIT,2016-06-22,SIDE,7.004130997160821e-05,0.999751286922643,0.00017867176738537086,0.0457279369817047,0.91895657251707,0.03531549050122527,0.999751286922643,87.84348587756048,0.9996269303839646,SIDE,0.91895657251707,94.34071937146717,HIGH,0.9191531338781026,1.0,26
NIFTYIT,2016-06-23,SIDE,6.928632559005008e-05,0.999705854357914,0.00022485931649596688,0.045726407559932285,0.9189172553233684,0.0353563371166993,0.999705854357914,87.83758829850527,0.999558781536871,SIDE,0.9189172553233684,94.34072952577097,HIGH,0.9191532789395853,1.0,27
NIFTYIT,2016-06-24,BEAR,0.000659233017707312,0.47511795181843686,0.5242228151638558,0.03502307149514509,0.4660052443490189,0.4989716841558361,0.5242228151638558,24.845752623375397,0.28633422274578374,BEAR,0.4989716841558361,67.36150102536527,MODERATE,0.9194500146480754,0.1,1
NIFTYIT,2016-06-27,BEAR,4.6690143986219556e-06,0.0014759405283291073,0.9985193904572722,0.02447189777769176,0.05694244363631559,0.9185856585859927,0.9985193904572722,87.7878487878989,0.9977790856859083,BEAR,0.9185856585859927,70.3925613339886,MODERATE,0.9198937333426943,0.2,2
NIFTYIT,2016-06-28,BEAR,7.571668975927069e-07,7.554444862728572e-06,0.9999916883882397,0.024437780010479023,0.0556740508312173,0.9198881691583037,0.9999916883882397,87.98322537374554,0.9999875325823594,BEAR,0.9198881691583037,73.39267714089966,MODERATE,0.9198953877271382,0.3,3
NIFTYIT,2016-06-29,BEAR,5.451580357424959e-05,0.007681160058011324,0.9922643241384144,0.02464097485699884,0.062306327022519155,0.9130526981204821,0.9922643241384144,86.95790471807231,0.9883964862076215,BEAR,0.9130526981204821,76.39172661458237,HIGH,0.9198818087797481,0.4,4
NIFTYIT,2016-06-30,BEAR,0.00024805264823673373,0.06677693422608455,0.9329750131256787,0.026041040468969476,0.11335742296904168,0.8606015365619889,0.9329750131256787,79.09023048429832,0.899462519688518,BEAR,0.8606015365619889,79.38669169573288,HIGH,0.9198098813676127,0.5,5
NIFTYIT,2016-07-01,BEAR,0.0001221302203005897,0.21873798414798698,0.7811398856317123,0.029175161616790058,0.24456075984496828,0.7262640785382417,0.7811398856317123,58.93961178073626,0.6717098284475687,BEAR,0.7262640785382417,82.38020851914155,HIGH,0.919717264559165,0.6,6
NIFTYIT,2016-07-04,SIDE,0.0002197215766867894,0.8561461313857868,0.14363414703752633,0.042789083089940796,0.7949712336471092,0.16223968326295,0.8561461313857868,69.24568504706637,0.7842191970786802,SIDE,0.7949712336471092,76.34652802463683,HIGH,0.9192361146376691,0.4,1
NIFTYIT,2016-07-05,SIDE,9.722512829207152e-05,0.9436622549736651,0.056240519898042886,0.04455670836788868,0.8705270338852474,0.0849162577468638,0.9436622549736651,80.5790550827871,0.9154933824604976,SIDE,0.8705270338852474,76.34331231536457,HIGH,0.9191901759337795,0.4,2
NIFTYIT,2016-07-07,BEAR,0.0001364327238696047,0.09948784078397382,0.9003757264921565,0.026652522512446424,0.141590388113286,0.8317570893742676,0.9003757264921565,74.76356340614015,0.8505635897382349,BEAR,0.8317570893742676,85.38617216392764,HIGH,0.9198024594846808,0.7,1
NIFTYIT,2016-07-08,BEAR,1.6204340820141914e-05,0.010688690414696991,0.9892951052444828,0.024676233050485878,0.06489893473104257,0.9104248322184716,0.9892951052444828,86.56372483277075,0.9839426578667241,BEAR,0.9104248322184716,88.39196958633418,HIGH,0.9198852798047741,0.8,2
NIFTYIT,2016-07-11,BEAR,2.8469324885329415e-05,0.007567214488530229,0.9924043161865844,0.02461908758882651,0.06220495608856413,0.9131759563226094,0.9924043161865844,86.9763934483914,0.9886064742798765,BEAR,0.9131759563226094,88.39200243833417,HIGH,0.9198857491190596,0.8,3
NIFTYIT,2016-07-12,BEAR,2.8392852629546443e-05,0.013400142709518524,0.986571464437852,0.024742944108994823,0.06724165684200249,0.9080153990490026,0.986571464437852,86.20230985735041,0.9798571966567781,BEAR,0.9080153990490026,88.39170427743997,HIGH,0.919881489677714,0.8,4
NIFTYIT,2016-07-13,BEAR,0.00011244944330376663,0.06217616523357233,0.9377113853231239,0.02584195537826557,0.10936916651259121,0.8647888781091433,0.9377113853231239,79.7183317163715,0.9065670779846857,BEAR,0.8647888781091433,88.388333087334,HIGH,0.9198333298190572,0.8,5
NIFTYIT,2016-07-14,BEAR,0.00014063353678568213,0.22576053358615666,0.7740988328770576,0.029338176406262857,0.2506268189253832,0.720035004668354,0.7740988328770576,58.0052507002531,0.6611482493155864,BEAR,0.720035004668354,88.37965679884408,HIGH,0.9197093828406296,0.8,6
NIFTYIT,2016-07-15,BEAR,0.046136200052168494,4.2080248169474343e-10,0.953863799527029,0.05891834778079951,0.06094486774620705,0.8801367844729933,0.953863799527029,82.02051767094902,0.9307956992905434,BEAR,0.8801367844729933,87.91446244736728,HIGH,0.9130637492481041,0.8,7
NIFTYIT,2016-07-18,BEAR,1.2804295736434993e-05,7.697574288488432e-05,0.9999102199613786,0.02444825857262107,0.0557353738828531,0.9198163675445259,0.9999102199613786,87.97245513167888,0.9998653299420678,BEAR,0.9198163675445259,88.39254870883757,HIGH,0.9198935529833937,0.8,8
NIFTYIT,2016-07-19,BEAR,2.6758381283662734e-05,0.0007706834453408426,0.9992025581733754,0.024473424584599297,0.05633598380704496,0.9191905916083558,0.9992025581733754,87.87858874125337,0.9988038372600632,BEAR,0.9191905916083558,91.39236851390238,HIGH,0.919890978770034,0.9,9
NIFTYIT,2016-07-20,BEAR,1.2227723168098782e-05,0.00018190489180642665,0.9998058673850254,0.02445005674944877,0.05582591381791952,0.9197240294326317,0.9998058673850254,87.95860441489475,0.9997088010775381,BEAR,0.9197240294326317,94.39254930737077,HIGH,0.9198935615338684,1.0,10
NIFTYIT,2016-07-21,BEAR,5.007893121952182e-06,0.0004813177889003054,0.9995136743179778,0.024451021463120694,0.05608362975996399,0.9194653487769154,0.9995136743179778,87.9198023165373,0.9992705114769667,BEAR,0.9194653487769154,94.39260879849729,HIGH,0.9198944114071042,1.0,11
NIFTYIT,2016-07-22,BEAR,5.195071095817079e-06,0.0005875215379970565,0.9994072833909071,0.024453417529551325,0.056175357670909545,0.919371224799539,0.9994072833909071,87.90568371993088,0.9991109250863607,BEAR,0.919371224799539,94.39260141507819,HIGH,0.9198943059296886,1.0,12
NIFTYIT,2016-07-25,BEAR,3.4866362008837865e-05,0.008220516819347911,0.9917446168186432,0.02463774724610311,0.06276981170527178,0.9125924410486252,0.9917446168186432,86.88886615729379,0.9876169252279648,BEAR,0.9125924410486252,94.39190264656703,HIGH,0.919884323522386,1.0,13
NIFTYIT,2016-07-26,BEAR,3.706341973279073e-05,0.01784469685339353,0.9821182397268737,0.02484384362717576,0.0710805028527733,0.9040756535200509,0.9821182397268737,85.61134802800764,0.9731773595903106,BEAR,0.9040756535200509,94.39138660743869,HIGH,0.9198769515348384,1.0,14
NIFTYIT,2016-07-27,BEAR,0.00030513744656637766,0.3628308695715311,0.6368639929819025,0.03237302088373763,0.3690053069116717,0.5986216722045906,0.6368639929819025,39.79325083068859,0.4552959894728538,BEAR,0.5986216722045906,94.37092640962818,HIGH,0.9195846629946886,1.0,15
NIFTYIT,2016-07-28,SIDE,0.0002472312158863012,0.7791644001255194,0.2205883686585943,0.04117425725612405,0.7285009724585214,0.23032477028535459,0.7791644001255194,59.27514586877821,0.668746600188279,SIDE,0.7285009724585214,67.35018839937523,MODERATE,0.9192884057053603,0.1,1
NIFTYIT,2016-07-29,SIDE,0.00011300579736120576,0.8328036430597989,0.1670833511428399,0.04221344219464974,0.7748028840918452,0.18298367371350518,0.8328036430597989,66.22043261377674,0.7492054645896984,SIDE,0.7748028840918452,70.34883054929044,MODERATE,0.9192690078470065,0.2,2
NIFTYIT,2016-08-01,SIDE,0.001114761315002331,0.993485980084541,0.0053992586004566745,0.0463756412459952,0.9136660092640946,0.039958349489910235,0.993485980084541,87.04990138961418,0.9902289701268115,SIDE,0.9136660092640946,73.33021148235882,MODERATE,0.9190030211765546,0.3,3
NIFTYIT,2016-08-02,SIDE,0.00027947792090234427,0.9993482745179488,0.00037224756114879657,0.04587590428829064,0.9186325299944197,0.0354915657172897,0.9993482745179488,87.79487949916293,0.9990224117769231,SIDE,0.9186325299944197,76.33856912017704,HIGH,0.9191224160025292,0.4,4
NIFTYIT,2016-08-03,SIDE,0.0003274339723180294,0.9991715450939515,0.0005010209337304912,0.04590799129579091,0.9184854104600081,0.035606598244201,0.9991715450939515,87.77281156900119,0.998757317640927,SIDE,0.9184854104600081,79.33808109151926,HIGH,0.9191154441645608,0.5,5
NIFTYIT,2016-08-04,SIDE,0.0019223838491899004,0.9980772537319224,3.624188878422254e-07,0.04707677873066098,0.9177229374578464,0.0352002838114926,0.9980772537319224,87.65844061867696,0.9971158805978834,SIDE,0.9177229374578464,82.32160478804711,HIGH,0.918880068400673,0.6,6
NIFTYIT,2016-08-05,SIDE,0.0013050649740602458,0.9986943287314048,6.062945349364635e-07,0.04662851569941746,0.9181851653243414,0.03518631897624114,0.9986943287314048,87.7277747986512,0.9980414930971071,SIDE,0.9181851653243414,85.32797195527372,HIGH,0.9189710279324819,0.7,7
NIFTYIT,2016-08-08,SIDE,0.0021284862257973662,0.9978711643607004,3.494135022872351e-07,0.04722643749305502,0.9175685557674369,0.035205006739508056,0.9978711643607004,87.63528336511554,0.9968067465410505,SIDE,0.9175685557674369,88.31947900478359,HIGH,0.918849700068337,0.8,8
NIFTYIT,2016-08-09,SIDE,0.0018065880158831531,0.9981930926909602,3.192931566191268e-07,0.04699269605013099,0.9178097182713678,0.03519758567850112,0.9981930926909602,87.67145774070516,0.9972896390364402,SIDE,0.9178097182713678,91.32279912804331,HIGH,0.9188971304006189,0.9,9
NIFTYIT,2016-08-10,SIDE,0.0009550000763731542,0.9990442927094443,7.072141825079539e-07,0.04637431860883938,0.918447314564376,0.03517836682678464,0.9990442927094443,87.76709718465638,0.9985664390641664,SIDE,0.918447314564376,94.33158260230068,HIGH,0.9190226086042954,1.0,10
NIFTYIT,2016-08-11,SIDE,0.002093500457869001,0.9979062630425864,2.364995446621241e-07,0.04720103544400022,0.9175948613836534,0.035204103172346415,0.9979062630425864,87.639229207548,0.9968593945638795,SIDE,0.9175948613836534,94.31983984945258,HIGH,0.9188548549921797,1.0,11
NIFTYIT,2016-08-12,SIDE,0.0005139488357918684,0.9994743169699227,1.1734194285373222e-05,0.046053820890191936,0.9187681877853257,0.03517799132448245,0.9994743169699227,87.81522816779884,0.9992114754548841,SIDE,0.9187681877853257,94.33613226130251,HIGH,0.9190876037328931,1.0,12
NIFTYIT,2016-08-16,SIDE,0.0006047576596575106,0.991286674424968,0.008108567915374475,0.04594775283018421,0.9117085795987638,0.04234366757105202,0.991286674424968,86.75628693981457,0.986930011637452,SIDE,0.9117085795987638,94.33561062521471,HIGH,0.9190801517887818,1.0,13
NIFTYIT,2016-08-17,BEAR,0.00034992975641564807,0.34305707546750425,0.6565929947760801,0.03198642686866251,0.3519358408256613,0.6160777323056762,0.6565929947760801,42.41165984585143,0.4848894921641202,BEAR,0.6160777323056762,67.3714755779035,MODERATE,0.9195925082557642,0.1,1
NIFTYIT,2016-08-18,BEAR,2.0875970221675064e-05,0.03298450604364408,0.9669946179861343,0.02515337281687661,0.08415181409878865,0.8906948130843346,0.9669946179861343,83.6042219626502,0.9504919269792013,BEAR,0.8906948130843346,70.39077844106458,MODERATE,0.9198682634437797,0.2,2
NIFTYIT,2016-08-19,BEAR,5.154879311111202e-06,0.0013292622630088075,0.9986655828576801,0.024469144897043747,0.05681584313528167,0.9187150119676746,0.9986655828576801,87.80725179515119,0.99799837428652,BEAR,0.9187150119676746,73.39256381543863,MODERATE,0.9198937687919807,0.3,3
NIFTYIT,2016-08-22,BEAR,1.278217764914517e-07,3.464268890105797e-07,0.9999995257513344,0.024437156524404237,0.05566775474786443,0.9198950887277314,0.9999995257513344,87.9842633091597,0.9999992886270015,BEAR,0.9198950887277314,76.39268403378193,HIGH,0.9198954861968849,0.4,4
NIFTYIT,2016-08-23,BEAR,5.28657377727471e-06,0.00026730047719985,0.9997274129490229,0.024446683198464745,0.05589885857027137,0.919654458231264,0.9997274129490229,87.9481687346896,0.9995911194235342,BEAR,0.919654458231264,79.39261687881822,HIGH,0.9198945268402602,0.5,5
NIFTYIT,2016-08-24,BEAR,5.274553886849283e-06,0.0010602827257567985,0.9989344427203565,0.02446352018675524,0.05658359410175666,0.918952885711488,0.9989344427203565,87.84293285672322,0.9984016640805345,BEAR,0.918952885711488,82.39257636089543,HIGH,0.919893948012792,0.6,6
NIFTYIT,2016-08-25,BEAR,1.1197854101996648e-06,2.016640445550827e-05,0.9999787138101344,0.024438318950660176,0.05568498268559073,0.919876698363749,0.9999787138101344,87.98150475456235,0.9999680707152016,BEAR,0.919876698363749,85.39267273579453,HIGH,0.9198953247970648,0.7,7
NIFTYIT,2016-08-26,BEAR,1.7383080200236122e-07,6.797597734587428e-07,0.9999991464094246,0.02443719799191423,0.05566804784231676,0.9198947541657692,0.9999991464094246,87.98421312486538,0.9999987196141367,BEAR,0.9198947541657692,88.39268353979298,HIGH,0.9198954791398998,0.8,8
NIFTYIT,2016-08-29,BEAR,3.8439419719538205e-08,8.917885426702782e-09,0.9999999526426948,0.02443708255179752,0.05566745308596298,0.9198954643622396,0.9999999526426948,87.98431965433592,0.9999999289640422,BEAR,0.9198954643622396,91.39268497756942,HIGH,0.9198954996795631,0.9,9
NIFTYIT,2016-08-30,BEAR,1.8177338901117608e-06,2.052741605098396e-05,0.9999776548500589,0.024438848252977086,0.055685374254528616,0.9198757774924944,0.9999776548500589,87.98136662387415,0.9999664822750884,BEAR,0.9198757774924944,94.39266548273477,HIGH,0.9198952211819255,1.0,10
NIFTYIT,2016-08-31,BEAR,1.1449197529604739e-06,2.8148336171316437e-05,0.9999707067440758,0.024438507302292977,0.05569187792582715,0.9198696147718799,0.9999707067440758,87.98044221578198,0.9999560601161136,BEAR,0.9198696147718799,94.39267206616964,HIGH,0.9198953152309948,1.0,11
NIFTYIT,2016-09-01,BEAR,9.54988038959399e-07,3.9087208553396585e-05,0.9999599578034076,0.02443859773447231,0.05570130187118306,0.9198601003943446,0.9999599578034076,87.97901505915168,0.9999399367051113,BEAR,0.9198601003943446,94.39267347425195,HIGH,0.9198953353464564,1.0,12
NIFTYIT,2016-09-02,BEAR,1.356692248679248e-06,7.954911081464222e-05,0.9999190941969367,0.02443975752569348,0.05573628650730843,0.9198239559669982,0.9999190941969367,87.9735933950497,0.999878641295405,BEAR,0.9198239559669982,94.39266723661967,HIGH,0.9198952462374241,1.0,13
NIFTYIT,2016-09-06,BEAR,4.156323843931347e-06,0.00032448251338082647,0.9996713611627752,0.024447053236609343,0.055948105736060204,0.9196048410273303,0.9996713611627752,87.94072615409955,0.9995070417441628,BEAR,0.9196048410273303,94.39262566364238,HIGH,0.9198946523377484,1.0,14
NIFTYIT,2016-09-07,BEAR,4.120149085399557e-06,0.0004389454605000433,0.9995569343904146,0.024449457830485112,0.056046939881623535,0.9195036022878913,0.9995569343904146,87.9255403431837,0.9993354015856217,BEAR,0.9195036022878913,94.39262017207048,HIGH,0.9198945738867212,1.0,15
NIFTYIT,2016-09-08,BEAR,1.275290324188389e-07,3.970104997592959e-08,0.9999998327699176,0.024437149789584684,0.055667489857879,0.9198953603525362,0.9999998327699176,87.98430405288046,0.9999997491548763,BEAR,0.9198953603525362,94.39268405253691,HIGH,0.919895486464813,1.0,16
NIFTYIT,2016-09-09,BEAR,9.972933985223366e-07,1.9861680104310134e-05,0.9999791410264972,0.024438220929015785,0.05568470554575532,0.9198770735252288,0.9999791410264972,87.98156102878433,0.9999687115397456,BEAR,0.9198770735252288,94.3926740210985,HIGH,0.9198953431585501,1.0,17
NIFTYIT,2016-09-12,BEAR,1.0437543202832963e-05,0.0012328674066882032,0.998756695050109,0.02447104526185685,0.05673321084698112,0.9187957438911619,0.998756695050109,87.81936158367431,0.9981350425751635,BEAR,0.9187957438911619,94.39251399869883,HIGH,0.9198930571242693,1.0,18
NIFTYIT,2016-09-14,BEAR,1.0157463994222609e-06,4.7798912235401806e-05,0.9999511853413652,0.024438828213943515,0.0557088313414665,0.9198523404445899,0.9999511853413652,87.9778510666885,0.9999267780120478,BEAR,0.9198523404445899,94.39267239796494,HIGH,0.9198953199709279,1.0,19
NIFTYIT,2016-09-15,BEAR,1.2427828126799583e-06,6.740268278739417e-05,0.9999313545343999,0.024439414355483427,0.05572578508685202,0.9198348005576645,0.9999313545343999,87.97522008364966,0.9998970318016,BEAR,0.9198348005576645,94.39266903988116,HIGH,0.9198952719983021,1.0,20
NIFTYIT,2016-09-16,BEAR,2.636240863395212e-05,0.003348837022180687,0.9966248005691853,0.024527898471501722,0.05856216351023796,0.9169099380182602,0.9966248005691853,87.53649070273902,0.994937200853778,BEAR,0.9169099380182602,94.39224048090125,HIGH,0.9198891497271607,1.0,21
NIFTYIT,2016-09-19,BEAR,0.00015806738097034386,0.1074188098820119,0.8924231227370177,0.02683717590793626,0.1484412220171602,0.8247216020749036,0.8924231227370177,73.70824031123554,0.8386346841055264,BEAR,0.8247216020749036,94.3855414268464,HIGH,0.9197934489549487,1.0,22
NIFTYIT,2016-09-20,BEAR,0.00018409998048339523,0.3916170759612531,0.6081988240582635,0.032894088818812985,0.3938482323676875,0.5732576788134995,0.6081988240582635,35.988651822024934,0.4122982360873953,BEAR,0.5732576788134995,94.370705646618,HIGH,0.9195815092374,1.0,23
NIFTYIT,2016-09-21,BEAR,0.00010448229265243815,0.44931203795661406,0.5505834797507335,0.03406024547139944,0.4436584871778885,0.522281267350712,0.5505834797507335,28.3421901026068,0.3258752196261003,BEAR,0.522281267350712,94.36857389557147,HIGH,0.919551055651021,1.0,24
NIFTYIT,2016-09-22,BEAR,5.5176157811859895e-05,0.21399969055021179,0.7859451332919765,0.029024462005443973,0.24046160409438488,0.7305139339001712,0.7859451332919765,59.577090085025674,0.6789176999379647,BEAR,0.7305139339001712,94.38114537932636,HIGH,0.919730648276091,1.0,25
NIFTYIT,2016-09-23,BEAR,5.3226373058056074e-05,0.12581610349838823,0.8741306701285537,0.027149648571950753,0.16431521675117533,0.808535134676874,0.8741306701285537,71.2802702015311,0.8111960051928304,BEAR,0.808535134676874,94.38568524036386,HIGH,0.9197955034337694,1.0,26
NIFTYIT,2016-09-26,BEAR,1.680370293212718e-05,0.02055089016922234,0.9794323061278456,0.02488619179305608,0.07341497216993748,0.9016988360370064,0.9794323061278456,85.25482540555096,0.9691484591917684,BEAR,0.9016988360370064,94.39145790889225,HIGH,0.9198779701270322,1.0,27
NIFTYIT,2016-09-27,BEAR,7.336640666550547e-05,0.05758285319385325,0.9423437803994812,0.02571516598891565,0.1053983898505535,0.8688864441605308,0.9423437803994812,80.33296662407963,0.9135156705992218,BEAR,0.8688864441605308,94.38897362081711,HIGH,0.9198424802973875,1.0,28
NIFTYIT,2016-09-28,BEAR,3.783135906896088e-05,0.053287931564681354,0.9466742370762496,0.02559736724923596,0.10168567792663384,0.8727169548241301,0.9466742370762496,80.9075432236195,0.9200113556143743,BEAR,0.8727169548241301,94.38956208443558,HIGH,0.9198508869205085,1.0,29
NIFTYIT,2016-09-29,BEAR,0.00010915049978313764,0.01090827330835938,0.9889825761918575,0.024750363972313293,0.06509917557825634,0.9101504604494304,0.9889825761918575,86.52256906741455,0.983473864287786,BEAR,0.9101504604494304,94.39099490243026,HIGH,0.9198713557490037,1.0,30
NIFTYIT,2016-09-30,BEAR,9.272080016321002e-05,0.04542275226512142,0.9544845269347154,0.02547130409559403,0.09490040667930623,0.8796282892250998,0.9544845269347154,81.94424338376496,0.931726790402073,BEAR,0.8796282892250998,94.38939624214217,HIGH,0.9198485177448884,1.0,31
NIFTYIT,2016-10-03,BEAR,5.070269458883533e-05,0.06259218237440393,0.9373571149310073,0.025804644858212454,0.10972133251528234,0.8644740226265051,0.9373571149310073,79.67110339397576,0.9060356723965107,BEAR,0.8644740226265051,94.38895179875931,HIGH,0.9198421685537043,1.0,32
NIFTYIT,2016-10-04,SIDE,0.0004689308121801852,0.7010288916370707,0.29850217755074904,0.03968005456546235,0.6610566423797553,0.2992633030547824,0.7010288916370707,49.15849635696329,0.5515433374556062,SIDE,0.6610566423797553,67.35189504015727,MODERATE,0.9193127862879611,0.1,1
NIFTYIT,2016-10-05,SIDE,0.00011698485064717172,0.9069551097802305,0.09292790536912213,0.043791676432848106,0.8388328254319838,0.11737549813516819,0.9069551097802305,75.82492381479751,0.860432664670346,SIDE,0.8388328254319838,70.34498883859234,MODERATE,0.9192141262656051,0.2,2
NIFTYIT,2016-10-06,BEAR,9.254798658472599e-05,0.31800115392455053,0.6819062980888647,0.03126178129107879,0.33027071436562605,0.6384675043432951,0.6819062980888647,45.77012565149427,0.522859447133297,BEAR,0.6384675043432951,88.37542764298223,HIGH,0.9196489663283176,0.8,1
NIFTYIT,2016-10-07,BEAR,2.560950808594993e-06,0.0015814381948990697,0.9984160008542924,0.024472563425550733,0.0570332992998772,0.9184941372745721,0.9984160008542924,87.7741205911858,0.9976240012814386,BEAR,0.9184941372745721,88.39257777799244,HIGH,0.919893968257035,0.8,2
NIFTYIT,2016-10-10,BEAR,2.077630659689508e-05,0.008859275734251663,0.9911199479591514,0.024640786293158533,0.06331976566523956,0.9120394480416019,0.9911199479591514,86.80591720624028,0.9866799219387269,BEAR,0.9120394480416019,88.39201595832485,HIGH,0.9198859422617837,0.8,3
NIFTYIT,2016-10-13,BEAR,1.1988445843377014e-05,0.0012651349033405601,0.998722876650816,0.024472889861049604,0.05676125110208359,0.9187658590368667,0.998722876650816,87.81487885553003,0.9980843149762241,BEAR,0.9187658590368667,88.39249626908216,HIGH,0.919892803844031,0.8,4
NIFTYIT,2016-10-14,BEAR,0.00039631230433004083,0.00023288614493166473,0.9993708015507383,0.024738197094608786,0.05591387057667529,0.9193479323287158,0.9993708015507383,87.90218984930739,0.9990562023261075,BEAR,0.9193479323287158,88.38856548113829,HIGH,0.9198366497305471,0.8,5
NIFTYIT,2016-10-17,BEAR,2.4291823068017916e-06,0.0003905997661046772,0.9996069710515886,0.024447166987763214,0.05600500014732135,0.9195478328649154,0.9996069710515886,87.9321749297373,0.9994104565773827,BEAR,0.9195478328649154,88.3926401775681,HIGH,0.9198948596795443,0.8,6
NIFTYIT,2016-10-18,BEAR,0.0016756120601817922,0.17304687561392373,0.8252775123258945,0.02936554991895014,0.20528437540355632,0.7653500746774934,0.8252775123258945,64.80251120162403,0.7379162684888417,BEAR,0.7653500746774934,88.36644776009925,HIGH,0.9195206822871322,0.8,7
NIFTYIT,2016-10-19,SIDE,0.0003637700282664342,0.7898212308256374,0.2098149991460962,0.04148774787400987,0.7377164325256123,0.22079581960037792,0.7898212308256374,60.657464878841836,0.6847318462384561,SIDE,0.7377164325256123,73.34843422920227,MODERATE,0.919263346131461,0.3,1
NIFTYIT,2016-10-20,SIDE,0.00010618178399969157,0.9723155137704234,0.02757830444557695,0.04517210705405606,0.8952700294062303,0.059557863539713624,0.9723155137704234,84.29050441093455,0.958473270655635,SIDE,0.8952700294062303,73.34175091743342,MODERATE,0.9191678702490489,0.3,2
NIFTYIT,2016-10-21,SIDE,0.0003030216518771306,0.9994330438085377,0.00026393453958521273,0.04589530123613904,0.9187084210474512,0.0353962777164098,0.9994330438085377,87.80626315711768,0.9991495657128066,SIDE,0.9187084210474512,73.33832073392045,MODERATE,0.919118867627435,0.3,3
NIFTYIT,2016-10-24,SIDE,0.00014058507968974342,0.991708323103029,0.008151091817281273,0.0456097967450495,0.9120195757356439,0.042370627519306696,0.991708323103029,86.80293636034656,0.9875624846545435,SIDE,0.9120195757356439,76.3404003768031,HIGH,0.9191485768114729,0.4,4
NIFTYIT,2016-10-25,SIDE,0.00012282146550340216,0.9768670520021331,0.023010126532363555,0.045281235283222004,0.8992021673071656,0.05551659740961231,0.9768670520021331,84.88032509607483,0.9653005780031995,SIDE,0.8992021673071656,79.34134516066898,HIGH,0.9191620737238426,0.5,5
NIFTYIT,2016-10-26,SIDE,0.00014682245461296293,0.5544650577233085,0.44538811982207865,0.03632574144824219,0.5344625299697991,0.4292117285819585,0.5544650577233085,30.16937949546989,0.3316975865849625,SIDE,0.5344625299697991,82.3627456397467,HIGH,0.9194677948535244,0.6,6
NIFTYIT,2016-10-27,BEAR,1.3378617157712584e-05,0.007814167409293738,0.9921724539735485,0.024613055312097964,0.062416472723316664,0.9129704719645854,0.9921724539735485,86.94557079468778,0.9882586809603229,BEAR,0.9129704719645854,76.3921462034449,HIGH,0.9198878029063556,0.4,1
NIFTYIT,2016-10-28,BEAR,1.8484555864956513e-05,0.0011892335645729893,0.998792281879562,0.024476132492369032,0.05669645368544807,0.9188274138221828,0.998792281879562,87.82411207332743,0.9981884228193431,BEAR,0.9188274138221828,76.39243282406629,HIGH,0.9198918974866613,0.4,2
NIFTYIT,2016-11-01,BEAR,4.414053296969828e-06,0.0007292071355745921,0.9992663788111285,0.024455843755369012,0.05629761326196527,0.9192465429826658,0.9992663788111285,87.88698144739986,0.9988995682166927,BEAR,0.9192465429826658,76.39260224891147,HIGH,0.9198943178415925,0.4,3
NIFTYIT,2016-11-02,BEAR,3.767094143640905e-07,7.1095340257784795e-06,0.9999925137565598,0.024437486212387,0.05567362313278135,0.9198888906548317,0.9999925137565598,87.98333359822476,0.9999887706348396,BEAR,0.9198888906548317,76.39268110731932,HIGH,0.919895444390276,0.4,4
NIFTYIT,2016-11-03,BEAR,2.86199351869599e-07,3.443886663924296e-06,0.9999962699139843,0.024437340694584652,0.05567044750811562,0.9198922117972997,0.9999962699139843,87.98383176959494,0.9999944048709762,BEAR,0.9198922117972997,79.39268223337226,HIGH,0.9198954604767465,0.5,5
NIFTYIT,2016-11-04,BEAR,5.93904979997504e-06,0.0002870601474624675,0.9997070008027376,0.024447590617158385,0.055915995599589506,0.9196364137832522,0.9997070008027376,87.94546206748784,0.9995605012041063,BEAR,0.9196364137832522,82.3926091028669,HIGH,0.9198944157552413,0.6,6
NIFTYIT,2016-11-07,BEAR,1.6842727689500873e-05,0.0039827316731403575,0.9960004255991701,0.024534249991556352,0.05910843999418936,0.9163573100142544,0.9960004255991701,87.45359650213815,0.9940006383987552,BEAR,0.9163573100142544,85.39230666793293,HIGH,0.9198900952561847,0.7,7
NIFTYIT,2016-11-08,BEAR,7.394372885622562e-06,0.0018828144015856137,0.9981097912255287,0.02448257821246054,0.057294089298746194,0.9182233324887933,0.9981097912255287,87.73349987331898,0.9971646868382928,BEAR,0.9182233324887933,88.39251223099303,HIGH,0.9198930318713292,0.8,8
NIFTYIT,2016-11-09,BEAR,3.6604284495880456e-08,1.7594674098515603e-09,0.9999999616362479,0.024437081028181182,0.055667446694781096,0.9198954722770377,0.9999999616362479,87.98432084155564,0.9999999424543721,BEAR,0.9198954722770377,91.39268499695838,HIGH,0.9198954999565482,0.9,9
NIFTYIT,2016-11-10,BEAR,1.1143059234547483e-07,1.6284198270138403e-07,0.999999725727425,0.024437140373908983,0.05566759434809943,0.9198952652779915,0.999999725727425,87.98428979169873,0.9999995885911374,BEAR,0.9198952652779915,94.39268421309333,HIGH,0.9198954887584763,1.0,10
NIFTYIT,2016-11-11,BEAR,4.173991829727937e-09,6.029568986108585e-12,0.9999999958199786,0.024437056753164613,0.05566744147105931,0.9198955017757761,0.9999999958199786,87.9843252663664,0.9999999937299678,BEAR,0.9198955017757761,94.39268533320309,HIGH,0.9198955047600441,1.0,11
NIFTYIT,2016-11-15,BEAR,9.237322913905322e-08,9.524073461021355e-10,0.9999999066743636,0.024437122691655305,0.05566745237718457,0.91989542493116,0.9999999066743636,87.984313739674,0.9999998600115452,BEAR,0.91989542493116,94.39268441892897,HIGH,0.9198954916989852,1.0,12
NIFTYIT,2016-11-16,BEAR,1.0394166047259738e-06,1.0147464763491845e-06,0.9999979458369189,0.024437852030221426,0.05566843611456056,0.9198937118552178,0.9999979458369189,87.98405677828269,0.9999969187553782,BEAR,0.9198937118552178,94.39267455042915,HIGH,0.9198953507204163,1.0,13
NIFTYIT,2016-11-17,BEAR,6.59173102151226e-08,4.8637035297641285e-08,0.9999998854456545,0.024437103932022246,0.055667490526425535,0.9198954055415524,0.9999998854456545,87.98431083123283,0.9999998281684817,BEAR,0.9198954055415524,94.39268469071276,HIGH,0.9198954955816109,1.0,14
NIFTYIT,2016-11-18,BEAR,1.6398585715809715e-07,3.5546553970415406e-07,0.9999994805486031,0.024437183744746727,0.05566776668943796,0.9198950495658154,0.9999994805486031,87.9842574348723,0.9999992208229048,BEAR,0.9198950495658154,94.39268365846137,HIGH,0.9198954808351624,1.0,15
NIFTYIT,2016-11-21,BEAR,1.7263966610899503e-07,4.614699063610218e-07,0.9999993658904275,0.024437192464372016,0.05566785921366373,0.9198949483219643,0.9999993658904275,87.98424224829463,0.9999990488356411,BEAR,0.9198949483219643,94.39268356332762,HIGH,0.919895479476109,1.0,16
NIFTYIT,2016-11-22,BEAR,9.992423349021131e-07,1.750867930842316e-05,0.9999814920783567,0.024438172398888652,0.05568267396219177,0.9198791536389197,0.9999814920783567,87.98187304583796,0.9999722381175351,BEAR,0.9198791536389197,94.39267412149464,HIGH,0.9198953445927806,1.0,17
NIFTYIT,2016-11-23,BEAR,3.7818457687042265e-06,0.00028388421471020175,0.9997123339395212,0.024445910896088233,0.0559130064365393,0.9196410826673724,0.9997123339395212,87.94616240010586,0.9995685009092816,BEAR,0.9196410826673724,94.39263162605388,HIGH,0.9198947375150558,1.0,18
NIFTYIT,2016-11-24,BEAR,6.165973360726303e-05,0.008230089630629026,0.9917082506357637,0.024657975451405675,0.062781142627856,0.9125608819207385,0.9917082506357637,86.88413228811078,0.9875623759536456,BEAR,0.9125608819207385,94.3916244303168,HIGH,0.9198803490045256,1.0,19
NIFTYIT,2016-11-25,BEAR,0.1650077300456729,0.003826284840686965,0.8311659851136403,0.14784189072414058,0.07784632192141212,0.7743117873544473,0.8311659851136403,66.14676810316709,0.7467489776704603,BEAR,0.7743117873544473,92.6821082688398,HIGH,0.8954586895548544,1.0,20
NIFTYIT,2016-11-28,SIDE,0.041734057625950206,0.8125826179655713,0.1456833244084785,0.07289063099770055,0.7621030599282901,0.16500630907400943,0.8125826179655713,64.31545898924351,0.718873926948357,SIDE,0.7621030599282901,66.91844559079901,MODERATE,0.9131206512971287,0.1,1
NIFTYIT,2016-11-29,SIDE,0.0016508066473307785,0.9906337731152833,0.007715420237385915,0.04671567927989558,0.9112644574293606,0.042019863290743864,0.9906337731152833,86.68966861440407,0.9859506596729248,SIDE,0.9112644574293606,70.32480130941849,MODERATE,0.9189257329916928,0.2,2
NIFTYIT,2016-11-30,SIDE,0.0019706163253138055,0.9979104274438982,0.00011895623078804523,0.047109282713017835,0.9175844008602323,0.03530631642674991,0.9979104274438982,87.63766012903484,0.9968656411658472,SIDE,0.9175844008602323,73.3211133865573,MODERATE,0.9188730483793901,0.3,3
NIFTYIT,2016-12-01,SIDE,0.0009501685057593391,0.9989493899249698,0.00010044156927079859,0.04636869148978132,0.9183648137271898,0.03526649478302896,0.9989493899249698,87.75472205907843,0.9984240848874546,SIDE,0.9183648137271898,76.33163754777979,HIGH,0.9190233935397114,0.4,4
NIFTYIT,2016-12-02,SIDE,0.0010389371629602386,0.9987289725681796,0.00023209026886005608,0.04643035294256336,0.9181846383139411,0.03538500874349551,0.9987289725681796,87.72769574709118,0.9980934588522694,SIDE,0.9181846383139411,79.33072871682192,HIGH,0.9190104102403132,0.5,5
NIFTYIT,2016-12-05,SIDE,0.0005335127835846341,0.9984022334087801,0.0010642538076352608,0.04604566745275759,0.9178446859250564,0.036109646622185916,0.9984022334087801,87.67670288875846,0.9976033501131701,SIDE,0.9178446859250564,82.33598441920921,HIGH,0.9190854917029888,0.6,6
NIFTYIT,2016-12-06,SIDE,0.00038102067440358423,0.998120804485513,0.0014981748400834417,0.045925719205738395,0.9175842299454074,0.03649005084885416,0.998120804485513,87.6376344918111,0.9971812067282695,SIDE,0.9175842299454074,85.33757949404767,HIGH,0.9191082784863955,0.7,7
NIFTYIT,2016-12-07,SIDE,0.0004963635324644756,0.9979840636551578,0.0015195728123777274,0.04600901930584291,0.9174793486371499,0.036511632057007276,0.9979840636551578,87.62190229557247,0.9969760954827367,SIDE,0.9174793486371499,88.33639092062641,HIGH,0.9190912988660918,0.8,8
NIFTYIT,2016-12-08,SIDE,0.0011580978709615317,0.9987804661932097,6.143593582873055e-05,0.046520505247875404,0.9182427333989425,0.03523676135318212,0.9987804661932097,87.73641000984136,0.9981706992898144,SIDE,0.9182427333989425,91.32949092209842,HIGH,0.918992727458549,0.9,9
NIFTYIT,2016-12-09,SIDE,0.0009113868830453489,0.9990734122013305,1.5200915624286845e-05,0.0463423415698403,0.9184674703009461,0.03519018812921364,0.9990734122013305,87.77012054514192,0.9986101183019958,SIDE,0.9184674703009461,94.33203318065108,HIGH,0.9190290454378729,1.0,10
NIFTYIT,2016-12-12,SIDE,0.00024885065688606714,0.9997215183871574,2.9630955956602952e-05,0.04586094319517824,0.9189513211479569,0.03518773565686498,0.9997215183871574,87.84269817219351,0.9995822775807359,SIDE,0.9189513211479569,94.3388674560807,HIGH,0.9191266779440104,1.0,11
NIFTYIT,2016-12-13,SIDE,0.0012451735864146567,0.9987470003390605,7.82607452489592e-06,0.04658487299305498,0.9182237961862515,0.035191330820693624,0.9987470003390605,87.73356942793771,0.9981205005085906,SIDE,0.9182237961862515,94.32859005748313,HIGH,0.9189798579640449,1.0,12
NIFTYIT,2016-12-14,SIDE,0.0011799583909104113,0.99881496818207,5.0734270196238485e-06,0.04653757632722061,0.9182750263048169,0.03518739736796252,0.99881496818207,87.74125394572255,0.9982224522731049,SIDE,0.9182750263048169,94.3292625594352,HIGH,0.9189894651347884,1.0,13
NIFTYIT,2016-12-15,SIDE,0.0006914190192451835,0.9992631861089795,4.539487177541138e-05,0.046181973410571474,0.9186061776107703,0.03521184897865819,0.9992631861089795,87.79092664161556,0.998894779163469,SIDE,0.9186061776107703,94.33430352227761,HIGH,0.91906147888968,1.0,14
NIFTYIT,2016-12-16,SIDE,0.0005678230179402859,0.999405168512904,2.7008469155748802e-05,0.04609261642356535,0.9187146409358977,0.035192742640536914,0.999405168512904,87.80719614038466,0.9991077527693559,SIDE,0.9187146409358977,94.3355773746787,HIGH,0.9190796767811243,1.0,15
NIFTYIT,2016-12-19,SIDE,0.0004469162165644208,0.9995376371106857,1.544667275004153e-05,0.04600506718244287,0.9188151967407232,0.035179736076833855,0.9995376371106857,87.82227951110848,0.9993064556660285,SIDE,0.9188151967407232,94.3368238398946,HIGH,0.9190974834270661,1.0,16
NIFTYIT,2016-12-20,SIDE,0.0014000156132862565,0.9985931775253686,6.806861345161887e-06,0.04669733111330578,0.9181086828855656,0.03519398600112864,0.9985931775253686,87.71630243283484,0.9978897662880527,SIDE,0.9181086828855656,94.32699293251213,HIGH,0.9189570418930305,1.0,17
NIFTYIT,2016-12-21,SIDE,0.00037917528029226806,0.9995871888400408,3.363587966689077e-05,0.045955491598733245,0.9188502357066131,0.035194272694653694,0.9995871888400408,87.82753535599196,0.9993807832600611,SIDE,0.9188502357066131,94.33752346618746,HIGH,0.9191074780883923,1.0,18
NIFTYIT,2016-12-22,SIDE,0.0002912993594793512,0.9996833583725203,2.534226800033155e-05,0.045891857861330404,0.9189232257534824,0.035184916385187184,0.9996833583725203,87.83848386302235,0.9995250375587803,SIDE,0.9189232257534824,94.33842941156385,HIGH,0.9191204201651978,1.0,19
NIFTYIT,2016-12-23,SIDE,0.00018678089864776113,0.9997113324900693,0.0001018866112829793,0.045814337083730956,0.918935425633949,0.035250237282320074,0.9997113324900693,87.84031384509235,0.9995669987351039,SIDE,0.918935425633949,94.33951135972254,HIGH,0.9191358765674649,1.0,20
NIFTYIT,2016-12-26,SIDE,0.00011226197165024838,0.9994404466238275,0.00044729140452223293,0.04575288844380777,0.9186929927348679,0.035554118821324344,0.9994404466238275,87.80394891023019,0.999160669935741,SIDE,0.9186929927348679,94.34029766631144,HIGH,0.919147109518735,1.0,21
NIFTYIT,2016-12-27,SIDE,0.0006071452286757573,0.999383797101817,9.057669507188231e-06,0.04612155106487633,0.9187006847983941,0.03517776413672962,0.999383797101817,87.8051027197591,0.9990756956527254,SIDE,0.9187006847983941,94.33517087722572,HIGH,0.9190738696746532,1.0,22
NIFTYIT,2016-12-28,SIDE,0.00022651748916809172,0.999762799627283,1.0682883548876056e-05,0.04584512879336333,0.9189844126830438,0.03517045852359287,0.999762799627283,87.84766190245657,0.9996441994409243,SIDE,0.9189844126830438,94.33909683385717,HIGH,0.9191299547693883,1.0,23
NIFTYIT,2016-12-29,SIDE,0.0005161877224310042,0.9994788361593309,4.9761182382385516e-06,0.0460555901951485,0.9187723461884749,0.03517206361637658,0.9994788361593309,87.81585192827124,0.9992182542389961,SIDE,0.9187723461884749,94.3361088225921,HIGH,0.9190872688941728,1.0,24
NIFTYIT,2016-12-30,SIDE,0.0020151924268630435,0.9979836469896927,1.1605834443997058e-06,0.04714415348284055,0.9176527246064237,0.03520312191073581,0.9979836469896927,87.64790869096355,0.9969754704845388,SIDE,0.9176527246064237,94.32064758206411,HIGH,0.9188663940294873,1.0,25
NIFTYIT,2017-01-02,SIDE,0.0053661069103367685,0.9946108212635653,2.307182609793213e-05,0.04957690976984822,0.9151236077946132,0.035299482435538564,0.9946108212635653,87.26854116919198,0.9919162318953477,SIDE,0.9151236077946132,94.28608667910505,HIGH,0.9183726668443579,1.0,26
NIFTYIT,2017-01-03,SIDE,0.00039702044606731415,0.9995961311187728,6.8484351600200315e-06,0.04596901869498588,0.9188599985998134,0.03517098270520075,0.9995961311187728,87.828999789972,0.999394196678159,SIDE,0.9188599985998134,94.33733803452189,HIGH,0.9191048290645984,1.0,27
NIFTYIT,2017-01-04,SIDE,0.002223903744875858,0.9977726631904249,3.433064699270869e-06,0.047295658140700685,0.9174944150290685,0.03520992683023084,0.9977726631904249,87.62416225436027,0.9966589947856374,SIDE,0.9174944150290685,94.31849500677609,HIGH,0.9188356429539442,1.0,28
NIFTYIT,2017-01-05,SIDE,0.0003515594076474825,0.9996236666783775,2.477391397491607e-05,0.04593562696391168,0.9188785752461268,0.035185797789961566,0.9996236666783775,87.83178628691903,0.9994355000175663,SIDE,0.9188785752461268,94.33780784781727,HIGH,0.919111540683104,1.0,29
NIFTYIT,2017-01-06,SIDE,0.0012190298465627582,0.9346216620513729,0.06415930810206433,0.045203066563636284,0.8628488400902712,0.0919480933460926,0.9346216620513729,79.42732601354068,0.9019324930770595,SIDE,0.8628488400902712,94.33214764877766,HIGH,0.9190306806968238,1.0,30
NIFTYIT,2017-01-09,SIDE,0.0002499533526211843,0.9966422955649162,0.0031077510824625157,0.04579635287471098,0.916292551055202,0.03791109607008707,0.9966422955649162,87.4438826582803,0.9949634433473742,SIDE,0.916292551055202,94.33901384474473,HIGH,0.9191287692106389,1.0,31
NIFTYIT,2017-01-10,SIDE,0.00015985922927811086,0.9994629382029617,0.0003772025677601868,0.045788939510866766,0.9187178586746467,0.03549320181448652,0.9994629382029617,87.80767880119701,0.9991944073044424,SIDE,0.9187178586746467,94.33980314609363,HIGH,0.9191400449441947,1.0,32
NIFTYIT,2017-01-11,SIDE,0.00015044022764111711,0.9996171352065636,0.0002324245657951714,0.04578517566645304,0.9188499297318272,0.03536489460171973,0.9996171352065636,87.82748945977407,0.9994257028098456,SIDE,0.9188499297318272,94.33989287535769,HIGH,0.9191413267908243,1.0,33
NIFTYIT,2017-01-12,SIDE,0.000989541704153344,0.99899964371388,1.0814581966629066e-05,0.04639918583108907,0.918412711487332,0.03518810268157907,0.99899964371388,87.7619067230998,0.9984994655708199,SIDE,0.918412711487332,94.33122685082837,HIGH,0.9190175264404056,1.0,34
NIFTYIT,2017-01-13,SIDE,0.0002620991139373941,0.9996284143388449,0.00010948654721779529,0.0458688669474302,0.9188724416497518,0.03525869140281803,0.9996284143388449,87.83086624746277,0.9994426215082671,SIDE,0.9188724416497518,94.3387349015689,HIGH,0.9191247843081272,1.0,35
NIFTYIT,2017-01-16,SIDE,0.00020836949965796179,0.9984507467016219,0.001340883798720062,0.04580369232525307,0.917849384472563,0.0363469232021839,0.9984507467016219,87.67740767088445,0.9976761200524329,SIDE,0.917849384472563,94.3393521924236,HIGH,0.9191336027489088,1.0,36
NIFTYIT,2017-01-17,SIDE,0.0001791712038104272,0.999335817366509,0.0004850114296806325,0.04580067237106039,0.9186102994134238,0.03558902821551584,0.999335817366509,87.79154491201356,0.9990037260497635,SIDE,0.9186102994134238,94.33960948388848,HIGH,0.9191372783412642,1.0,37
NIFTYIT,2017-01-18,SIDE,0.00017111944540211356,0.9992355084867685,0.0005933720678294507,0.04579252370047489,0.9185227620844819,0.035684714215043184,0.9992355084867685,87.77841431267227,0.9988532627301525,SIDE,0.9185227620844819,94.33969808517209,HIGH,0.9191385440738871,1.0,38
NIFTYIT,2017-01-19,SIDE,0.0001881193086225682,0.9976515946884603,0.0021602860029171604,0.045771580687197506,0.9171570036215152,0.037071415691287406,0.9976515946884603,87.57355054322727,0.9964773920326905,SIDE,0.9171570036215152,94.3396030536975,HIGH,0.919137186481393,1.0,39
NIFTYIT,2017-01-20,SIDE,0.0002926719515948974,0.9796988803593403,0.020008447689064675,0.045468337066976464,0.9016668682859491,0.052864794647074415,0.9796988803593403,85.25003024289235,0.9695483205390107,SIDE,0.9016668682859491,94.33943944330787,HIGH,0.9191348491901126,1.0,40
NIFTYIT,2017-01-23,SIDE,0.00024997050631906113,0.9968966689956636,0.0028533604980172937,0.04580176955828718,0.9165122034274117,0.037686027014301175,0.9968966689956636,87.47683051411174,0.9953450034934953,SIDE,0.9165122034274117,94.33900062960299,HIGH,0.9191285804228999,1.0,41
NIFTYIT,2017-01-24,SIDE,0.0002444033272252204,0.9886673157952545,0.011088280877520305,0.04562278586380404,0.9094055540060137,0.0449716601301822,0.9886673157952545,86.41083310090207,0.9830009736928815,SIDE,0.9094055540060137,94.33948011288945,HIGH,0.9191354301841349,1.0,42
NIFTYIT,2017-01-25,SIDE,0.00024012835671682957,0.9825777199251718,0.01718215171811125,0.04549022455916927,0.9041467240417302,0.050363051399100474,0.9825777199251718,85.62200860625954,0.9738665798877579,SIDE,0.9041467240417302,94.33983653340967,HIGH,0.9191405219058525,1.0,43
NIFTYIT,2017-01-27,SIDE,0.00016463137860458032,0.9991368924277305,0.0006984761936648223,0.04578557966441266,0.9184368653667598,0.03577755496882754,0.9991368924277305,87.76552980501397,0.9987053386415959,SIDE,0.9184368653667598,94.33977039131139,HIGH,0.919139577018734,1.0,44
NIFTYIT,2017-01-30,SIDE,0.00015284938067545593,0.9979173924509345,0.001929758168389996,0.04575086719211602,0.9173824844393961,0.036866648368487916,0.9979173924509345,87.60737266590941,0.9968760886764015,SIDE,0.9173824844393961,94.33995501985525,HIGH,0.9191422145693611,1.0,45
NIFTYIT,2017-09-04,BULL,1.0,1.5604166335923275e-283,3.038665339914191e-214,0.7718175075805669,0.17005541374038188,0.05812707867905122,1.0,65.77262613708503,1.0,BULL,0.7718175075805669,57.02722553063968,MODERATE,0.7718175075805669,0.1,1
NIFTYIT,2017-09-05,SIDE,0.01575365737301754,0.9447502521287182,0.03949609049826431,0.05628113302127612,0.8732574224936619,0.07046144448506197,0.9447502521287182,80.98861337404927,0.9171253781930772,SIDE,0.8732574224936619,91.18097043276563,HIGH,0.9168710061823662,0.9,1
NIFTYIT,2017-09-06,SIDE,0.0003348542848605263,0.8567281940957052,0.14293695161943434,0.04288749626076252,0.7954870121974864,0.1616254915417511,0.8567281940957052,69.32305182962295,0.7850922911435578,SIDE,0.7954870121974864,91.3453047888635,HIGH,0.9192186398409072,0.9,2
NIFTYIT,2017-09-07,SIDE,0.00028905229175078026,0.658143602237783,0.34156734547046624,0.038634569529810286,0.6240047956302138,0.3373606348399759,0.658143602237783,43.600719344532074,0.4872154033566745,SIDE,0.6240047956302138,91.35595755240435,HIGH,0.9193708221772051,0.9,3
NIFTYIT,2017-09-08,SIDE,0.00019476115181248224,0.8288910834474253,0.17091415540076216,0.042191426838548596,0.7714337568063165,0.1863748163551349,0.8288910834474253,65.71506352094748,0.743336625171138,SIDE,0.7714337568063165,91.34818364685448,HIGH,0.9192597663836354,0.9,4
NIFTYIT,2017-09-11,SIDE,0.00016329686836964537,0.9864591321509905,0.013377570980639963,0.04551525822709789,0.9074895189182839,0.046995222854618185,0.9864591321509905,86.12342783774258,0.9796886982264855,SIDE,0.9074895189182839,91.34043399409823,HIGH,0.9191490570585462,0.9,5
NIFTYIT,2017-09-12,SIDE,0.00014726999386500844,0.998969640705063,0.000883089301072076,0.04576905103940448,0.9182904582593135,0.03594049070128198,0.998969640705063,87.74356873889701,0.9984544610575945,SIDE,0.9182904582593135,91.33995892215712,HIGH,0.9191422703165304,0.9,6
NIFTYIT,2017-09-13,SIDE,0.00012987148945551243,0.9988908153636481,0.0009793131468963775,0.04575437318595917,0.9182204027219276,0.03602522409211316,0.9988908153636481,87.73306040828915,0.998336223045472,SIDE,0.9182204027219276,91.34014330567084,HIGH,0.9191449043667261,0.9,7
NIFTYIT,2017-09-14,SIDE,0.0001317874944693348,0.9978639400728768,0.002004272432653867,0.04573399041737325,0.9173339193045752,0.03693209027805153,0.9978639400728768,87.60008789568626,0.9967959101093152,SIDE,0.9173339193045752,91.34017607557195,HIGH,0.9191453725081706,0.9,8
NIFTYIT,2017-09-15,SIDE,0.00019680773024716334,0.9992617418361225,0.0005414504336303044,0.045812279919000956,0.9185483529044567,0.035639367176542355,0.9992617418361225,87.78225293566851,0.9988926127541837,SIDE,0.9185483529044567,91.33943046975594,HIGH,0.9191347209965135,0.9,9
NIFTYIT,2017-09-18,SIDE,0.0002645689929639198,0.999674268821926,6.116218511007506e-05,0.04587168701109816,0.918912319331535,0.03521599365736679,0.999674268821926,87.83684789973024,0.999511403232889,SIDE,0.918912319331535,94.338706949969,HIGH,0.9191243849995573,1.0,10
NIFTYIT,2017-09-19,SIDE,0.00030115064046913565,0.9996271087298297,7.174062970117495e-05,0.04589802555893463,0.9188757812866961,0.03522619315436932,0.9996271087298297,87.83136719300441,0.9994406630947444,SIDE,0.9188757812866961,94.33833018145477,HIGH,0.919119002592211,1.0,11
NIFTYIT,2017-09-20,SIDE,0.00022623864114846713,0.9995651045761793,0.00020865678267225924,0.04584072058983048,0.9188136719235924,0.03534560748657712,0.9995651045761793,87.82205078853886,0.999347656864269,SIDE,0.9188136719235924,94.33910985665857,HIGH,0.919130140809408,1.0,12
NIFTYIT,2017-09-21,SIDE,0.000299913896704842,0.9996263891379153,7.369696537982974e-05,0.04589708595393794,0.918875018453429,0.035227895592633035,0.9996263891379153,87.83125276801434,0.999439583706873,SIDE,0.918875018453429,94.33834303775363,HIGH,0.9191191862536235,1.0,13
NIFTYIT,2017-09-22,SIDE,0.0005323188966833154,0.9994444116980156,2.3269405301198568e-05,0.04606691501244278,0.9187444660201974,0.03518861896735978,0.9994444116980156,87.8116699030296,0.9991666175470232,SIDE,0.9187444660201974,94.33594337990117,HIGH,0.9190849054271595,1.0,14
NIFTYIT,2017-09-25,SIDE,0.0002197724258323681,0.9988599859469824,0.0009202416271851833,0.04582090845403714,0.9182040652334418,0.03597502631252101,0.9988599859469824,87.73060978501627,0.9982899789204737,SIDE,0.9182040652334418,94.33921302121682,HIGH,0.9191316145888119,1.0,15
NIFTYIT,2017-09-26,SIDE,0.0003782733036233704,0.999373569623499,0.00024815707287759056,0.04595027939093204,0.918665673217453,0.03538404739161506,0.999373569623499,87.79985098261794,0.9990603544352483,SIDE,0.918665673217453,94.33754376416097,HIGH,0.9191077680594426,1.0,16
NIFTYIT,2017-09-27,SIDE,0.00028892428502082956,0.9990896904035915,0.000621385311387705,0.045877471001953586,0.9184103242268689,0.03571220477117757,0.9990896904035915,87.76154863403033,0.9986345356053873,SIDE,0.9184103242268689,94.33848445741393,HIGH,0.9191212065344849,1.0,17
NIFTYIT,2017-09-28,SIDE,0.00027385638461618553,0.9979067683027978,0.0018193753125860268,0.04584107976416711,0.917387152277096,0.03677176795873697,0.9979067683027978,87.6080728415644,0.9968601524541967,SIDE,0.917387152277096,94.33870127113163,HIGH,0.9191243038733089,1.0,18
NIFTYIT,2017-09-29,SIDE,0.0002743133773155161,0.9842430364929802,0.015482650129704305,0.04555115145988928,0.905588628396069,0.04886022014404171,0.9842430364929802,85.83829425941035,0.9763645547394703,SIDE,0.905588628396069,94.3393968379112,HIGH,0.9191342405415887,1.0,19
NIFTYIT,2017-11-23,BULL,1.0,7.637087476944631e-284,1.5761738166008204e-218,0.7718175075805669,0.17005541374038188,0.05812707867905122,1.0,65.77262613708503,1.0,BULL,0.7718175075805669,57.02722553063968,MODERATE,0.7718175075805669,0.1,1
NIFTYIT,2017-11-24,SIDE,0.050371595375758846,0.9496052828760356,2.3121748205483878e-05,0.08225704263713571,0.8814095973017056,0.036333360061158566,0.9496052828760356,82.21143959525583,0.9244079243140533,SIDE,0.8814095973017056,90.82189075281526,HIGH,0.9117412964687894,0.9,1
NIFTYIT,2017-11-27,SIDE,0.0005041953045730573,0.9994788830984972,1.692159692975894e-05,0.04604662829361309,0.9187710149318847,0.03518235677450223,0.9994788830984972,87.8156522397827,0.9992183246477456,SIDE,0.9187710149318847,91.33623312711208,HIGH,0.9190890446730299,0.9,2
NIFTYIT,2017-11-28,SIDE,0.00017602092705907066,0.9997242983973408,9.968067560004559e-05,0.04580657073667372,0.9189453908301523,0.03524803843317405,0.9997242983973408,87.84180862452283,0.9995864475960113,SIDE,0.9189453908301523,91.3396222272377,HIGH,0.9191374603891099,0.9,3
NIFTYIT,2017-11-29,SIDE,0.0001502123975998908,0.9996064211289798,0.00024336647342029194,0.04578477778280356,0.9188406521089337,0.03537457010826278,0.9996064211289798,87.82609781634004,0.9994096316934695,SIDE,0.9188406521089337,91.33989578604664,HIGH,0.9191413683720949,0.9,4
NIFTYIT,2017-11-30,SIDE,0.00019400405523139916,0.9960982637550931,0.003707732189675487,0.04574298014988255,0.9158163819008396,0.03844063794927785,0.9960982637550931,87.37245728512593,0.9941473956326395,SIDE,0.9158163819008396,91.33962166806214,HIGH,0.9191374524008876,0.9,5
NIFTYIT,2017-12-01,SIDE,0.0005826034722156876,0.7431875897142926,0.25622980681349183,0.040660623060253615,0.6974735073603769,0.26186586957936947,0.7431875897142926,54.62102610405653,0.6147813845714388,SIDE,0.6974735073603769,91.34855602189512,HIGH,0.9192650860270731,0.9,6
NIFTYIT,2017-12-04,SIDE,0.0003628707409828625,0.9714539455575915,0.02818318370142566,0.045345648363685286,0.8945554309314919,0.0600989207048228,0.9714539455575915,84.18331463972378,0.9571809183363872,SIDE,0.8945554309314919,91.33913437609014,HIGH,0.9191304910870022,0.9,7
NIFTYIT,2017-12-05,SIDE,0.00021065461538764154,0.9854321386108926,0.014357206773719636,0.045528835216211844,0.9066081313818712,0.047863033401916895,0.9854321386108926,85.99121970728069,0.9781482079163389,SIDE,0.9066081313818712,91.33999574550792,HIGH,0.9191427963643989,0.9,8
NIFTYIT,2017-12-06,SIDE,0.0002614906785831478,0.9809789343527616,0.01875957496865517,0.045472226028930904,0.9027686228758636,0.051759151095205534,0.9809789343527616,85.41529343137954,0.9714684015291423,SIDE,0.9027686228758636,91.33969704526437,HIGH,0.9191385292180626,0.9,9
NIFTYIT,2017-12-07,SIDE,0.00017774312248599244,0.9992119648087053,0.0006102920688086582,0.04579697394961449,0.9185031898844126,0.03569983616597296,0.9992119648087053,87.77547848266187,0.9988179472130578,SIDE,0.9185031898844126,94.33963063439128,HIGH,0.9191375804913041,1.0,10
NIFTYIT,2017-12-08,SIDE,0.00013236250356895852,0.9996763449285796,0.0001912925678513951,0.04577292256947432,0.9188989892087753,0.035328088221750396,0.9996763449285796,87.8348483813163,0.9995145173928692,SIDE,0.9188989892087753,94.34007722462006,HIGH,0.9191439603517153,1.0,11
NIFTYIT,2017-12-11,SIDE,0.0004080026795607179,0.9995703249464145,2.1672374024720573e-05,0.04597667837997305,0.9188389713116683,0.03518435030835876,0.9995703249464145,87.82584569675024,0.9993554874196218,SIDE,0.9188389713116683,94.33722552125869,HIGH,0.9191032217322672,1.0,12
NIFTYIT,2017-12-12,SIDE,0.0001496819242020974,0.9997989982899393,5.131978585850331e-05,0.04578847239179385,0.919006881014683,0.03520464659352322,0.9997989982899393,87.85103215220245,0.999698497434909,SIDE,0.919006881014683,94.33989141453989,HIGH,0.9191413059219984,1.0,13
NIFTYIT,2017-12-13,SIDE,0.00012832893558536895,0.9996786245824162,0.00019304648199851716,0.04576995638815825,0.9189004962888117,0.035329547323030064,0.9996786245824162,87.83507444332174,0.9995179368736241,SIDE,0.9189004962888117,94.3401189175685,HIGH,0.9191445559652645,1.0,14
NIFTYIT,2017-12-14,SIDE,0.0001456368686219899,0.9995521694836302,0.0003021936477477102,0.045780205609719904,0.918793282651079,0.03542651173920122,0.9995521694836302,87.81899239766184,0.9993282542254454,SIDE,0.918793282651079,94.33994599405413,HIGH,0.9191420856293447,1.0,15
NIFTYIT,2017-12-15,SIDE,0.0001503996023860566,0.9994930184731747,0.0003565819244392439,0.045782508590455656,0.9187427507965729,0.0354747406129715,0.9994930184731747,87.81141261948594,0.9992395277097621,SIDE,0.9187427507965729,94.33989965778002,HIGH,0.9191414236825718,1.0,16
NIFTYIT,2017-12-18,SIDE,0.00015949527327792568,0.9996848053809849,0.00015569934573706254,0.04579338080353968,0.9189093984371124,0.03529722075934791,0.9996848053809849,87.83640976556686,0.9995272080714772,SIDE,0.9189093984371124,94.33979554736374,HIGH,0.9191399363909106,1.0,17
NIFTYIT,2017-12-19,SIDE,0.00013573844077512004,0.9992269298874962,0.000637331671728715,0.04576589838696152,0.9185113073379406,0.03572279427509781,0.9992269298874962,87.77669610069108,0.9988403948312441,SIDE,0.9185113073379406,94.34006526523157,HIGH,0.9191437895033082,1.0,18
NIFTYIT,2017-12-20,SIDE,0.0001952010526389591,0.9997628201490141,4.1978798347015744e-05,0.04582172393677413,0.9189808481797856,0.03519742788344025,0.9997628201490141,87.84712722696784,0.9996442302235211,SIDE,0.9189808481797856,94.33942144207073,HIGH,0.9191345920295818,1.0,19
NIFTYIT,2018-01-01,BULL,1.0,8.22172628362484e-284,2.80595907914752e-218,0.7718175075805669,0.17005541374038188,0.05812707867905122,1.0,65.77262613708503,1.0,BULL,0.7718175075805669,57.02722553063968,MODERATE,0.7718175075805669,0.1,1
NIFTYIT,2018-01-02,SIDE,0.08211222704858814,0.9178717561995635,1.6016751848407358e-05,0.10530522903386486,0.8576385741946251,0.037056196771510015,0.9178717561995635,78.64578612919377,0.8768076342993453,SIDE,0.8576385741946251,90.4945109399798,HIGH,0.9070644419997116,0.9,1
NIFTYIT,2018-01-03,SIDE,0.0018776806793902175,0.9981195227994313,2.7965211785078113e-06,0.047044266411762035,0.9177543231186228,0.03520141046961515,0.9981195227994313,87.6631484677934,0.9971792841991469,SIDE,0.9177543231186228,91.32206599055304,HIGH,0.9188866570079007,0.9,2
NIFTYIT,2018-01-04,SIDE,0.0006771891037794223,0.9993197987900364,3.0121061840991163e-06,0.046172540919466445,0.9186534346965701,0.035174024383963436,0.9993197987900364,87.79801520448551,0.9989796981850546,SIDE,0.9186534346965701,91.3344481203398,HIGH,0.9190635445762829,0.9,3
NIFTYIT,2018-01-05,SIDE,0.000927139360829694,0.9990706471927427,2.2134464275458215e-06,0.04635405592449432,0.9184668846214156,0.03517905945409014,0.9990706471927427,87.77003269321231,0.998605970789114,SIDE,0.9184668846214156,91.3318700406894,HIGH,0.9190267148669915,0.9,4
NIFTYIT,2018-01-08,SIDE,0.005048907744300053,0.9949503262986442,7.65957055779159e-07,0.04934705369681432,0.9153804852248839,0.035272461078301766,0.9949503262986442,87.3070727837326,0.9924254894479662,SIDE,0.9153804852248839,91.28935719375981,HIGH,0.918419388482283,0.9,5
NIFTYIT,2018-01-09,SIDE,0.008387153094605485,0.9916126525853155,1.9432007905318772e-07,0.05177108808433702,0.9128802728349221,0.03534863908074079,0.9916126525853155,86.93204092523831,0.9874189788779733,SIDE,0.9128802728349221,91.2549258105549,HIGH,0.9179275115793557,0.9,6
NIFTYIT,2018-01-10,BULL,0.5034928609881446,0.49650702837606586,1.1063578960903697e-07,0.41128548230831424,0.5419927432191505,0.04672177447253527,0.5034928609881446,31.298911482872573,0.2552392914822169,SIDE,0.5419927432191505,65.14830299668614,MODERATE,0.8449757570955164,0.2,1
NIFTYIT,2018-01-11,BULL,0.7371780276758921,0.2628219293853901,4.293871772596148e-08,0.5809728442151454,0.3669373949506386,0.05208976083421595,0.7371780276758921,37.14592663227181,0.6057670415138382,BULL,0.5809728442151454,65.73802578686939,MODERATE,0.8105432255267055,0.3,2
NIFTYIT,2018-01-12,BULL,0.6622235281046192,0.33777634978967774,1.2210570311244019e-07,0.5265456344748305,0.4230863350800791,0.05036803044509039,0.6622235281046192,28.981845171224574,0.49333529215692873,BULL,0.5265456344748305,69.51112202288071,MODERATE,0.8215874574697245,0.4,3
NIFTYIT,2018-01-15,SIDE,0.08234972837795114,0.9176483657323329,1.9058897159732338e-06,0.10547798721846277,0.8574728447416041,0.037049168039933224,0.9176483657323329,78.6209267112406,0.8764725485984993,SIDE,0.8574728447416041,84.49206057886093,HIGH,0.9070294368408705,0.7,1
NIFTYIT,2018-01-16,BULL,0.9984289962120324,0.0015709870273344674,1.676063310912654e-08,0.7706767438211425,0.17123225063124023,0.05809100554761729,0.9984289962120324,65.60151157317136,0.9976434943180484,BULL,0.7706767438211425,66.04342918992891,MODERATE,0.772048988427556,0.4,1
NIFTYIT,2018-01-17,BULL,0.9991703716760366,0.0008296263927691443,1.9311942310769725e-09,0.7712150840205013,0.17067689321232224,0.05810802276717647,0.9991703716760366,65.68226260307519,0.9987555575140548,BULL,0.7712150840205013,69.03578248909133,MODERATE,0.771939749844162,0.5,2
NIFTYIT,2018-01-18,BULL,0.9981445931602713,0.001855402691162706,4.14856606000967e-09,0.7704702286142266,0.17144531009730013,0.05808446128847324,0.9981445931602713,65.570534292134,0.9972168897404069,BULL,0.7704702286142266,72.04636258125943,MODERATE,0.7720908940179919,0.6,3
NIFTYIT,2018-01-19,BULL,0.9995468081109776,0.0004531916074136331,2.8160877261786055e-10,0.771488428341512,0.1703949031258523,0.058116668532635786,0.9995468081109776,65.7232642512268,0.9993202121664663,BULL,0.771488428341512,75.03189984565536,HIGH,0.7718842835093624,0.7,4
NIFTYIT,2018-01-22,BULL,0.9999991306770192,8.693133176922543e-07,9.663228161289365e-12,0.771816876333098,0.17005606494875875,0.0581270587181433,0.9999991306770192,65.7725314499647,0.9999986960155286,BULL,0.771816876333098,78.02723449701746,HIGH,0.7718176356716782,0.8,5
NIFTYIT,2018-01-23,BULL,0.9999998179526669,1.8204513127165515e-07,2.2018964904523903e-12,0.7718173753892823,0.17005555011157777,0.05812707449913995,0.9999998179526669,65.77260630839234,0.9999997269290002,BULL,0.7718173753892823,81.02722740831369,HIGH,0.7718175344044814,0.9,6
NIFTYIT,2018-01-24,BULL,0.9999999963885966,3.611076113606407e-09,3.273452477786036e-13,0.7718175049581876,0.17005541644543012,0.058127078596382296,0.9999999963885966,65.77262574372813,0.9999999945828949,BULL,0.7718175049581876,81.0272255678885,HIGH,0.7718175081126928,0.9,7
NIFTYIT,2018-01-25,BULL,0.999993082199521,6.9177173669667835e-06,8.311202763665836e-11,0.7718124843104434,0.17006059584767091,0.058126919841885685,0.999993082199521,65.7718726465665,0.9999896232992813,BULL,0.7718124843104434,81.02729688227076,HIGH,0.7718185268895823,0.9,8
NIFTYIT,2018-01-29,BULL,0.9999985145265049,1.4854517104924785e-06,2.1784683673037748e-11,0.7718164289233798,0.17005652650151568,0.058127044575104654,0.9999985145265049,65.77246433850696,0.9999977717897574,BULL,0.7718164289233798,81.02724085212208,HIGH,0.7718177264588868,0.9,9
NIFTYIT,2018-11-07,BULL,1.0,4.795751634198618e-287,7.846368146415419e-216,0.7718175075805669,0.17005541374038188,0.05812707867905122,1.0,65.77262613708503,1.0,BULL,0.7718175075805669,84.02722553063968,HIGH,0.7718175075805669,1.0,10
NIFTYIT,2018-11-09,BEAR,0.10592979298913456,0.13539514463027466,0.7586750623805909,0.10648322041221894,0.18469768514270227,0.7088190944450788,0.7586750623805909,56.32286416676182,0.638012593570886,BEAR,0.7088190944450788,66.2877349883684,MODERATE,0.9041104998338343,0.1,1
NIFTYIT,2018-11-12,BEAR,0.01043122591002807,0.218793403358711,0.770775370731261,0.03688115554886969,0.2457878506620864,0.717330993789044,0.770775370731261,57.5996490683566,0.6561630560968915,BEAR,0.717330993789044,70.27334716133637,MODERATE,0.9181906737333768,0.2,2
NIFTYIT,2018-11-13,SIDE,0.01016151313311718,0.792028465945617,0.19781002092126582,0.04885727966776017,0.7407431149344311,0.21039960539780866,0.792028465945617,61.111467240164664,0.6880426989184255,SIDE,0.7407431149344311,67.24676298961742,MODERATE,0.9178108998516775,0.1,1
NIFTYIT,2018-11-14,BEAR,0.0007402700668952898,0.014815702712601847,0.984444027220503,0.025305059125684672,0.06854541726729146,0.9061495236070239,0.984444027220503,85.92242854105358,0.9766660408307543,BEAR,0.9061495236070239,73.38425279142888,MODERATE,0.9197750398775556,0.3,1
NIFTYIT,2018-11-15,BEAR,0.0003677548796294401,0.0068713992941341635,0.9927608458262365,0.02485788120838304,0.06164293272010843,0.9134991860715085,0.9927608458262365,87.02487791072627,0.9891412687393547,BEAR,0.9134991860715085,76.38852124997673,HIGH,0.9198360178568106,0.4,2
NIFTYIT,2018-11-16,BEAR,0.006313603262978961,0.10148909267238303,0.892197304064638,0.03131173326788171,0.14402505489381134,0.824663211838307,0.892197304064638,73.69948177574605,0.8382959560969571,BEAR,0.824663211838307,79.32204038109724,HIGH,0.918886291158532,0.5,3
NIFTYIT,2018-11-19,SIDE,0.00698617689170546,0.5905879720796046,0.40242585102869,0.04220472994301973,0.5664368576644181,0.3913584123925622,0.5905879720796046,34.965528649662716,0.38588195811940684,SIDE,0.5664368576644181,70.29000118755351,MODERATE,0.9184285883936217,0.2,1
NIFTYIT,2018-11-20,BEAR,0.00014893236996354022,0.006149962743012289,0.9937011048870242,0.024679011473932734,0.060994944565555057,0.9143260439605122,0.9937011048870242,87.14890659407682,0.9905516573305362,BEAR,0.9143260439605122,82.39082642151531,HIGH,0.9198689488787903,0.6,1
NIFTYIT,2018-11-21,BEAR,8.74781370076434e-08,2.368132800186024e-09,0.9999999101537302,0.024437119063234543,0.055667453039718,0.9198954278970474,0.9999999101537302,87.98431418455712,0.9999998652305954,BEAR,0.9198954278970474,85.39268446959628,HIGH,0.9198954924228041,0.7,2
NIFTYIT,2018-11-22,BEAR,3.341628554475203e-07,6.603052227521718e-08,0.9999995998066222,0.024437304783003707,0.05566753622969404,0.9198951589873023,0.9999995998066222,87.98427384809536,0.9999993997099333,BEAR,0.9198951589873023,88.39268190933284,HIGH,0.919895455847612,0.8,3
NIFTYIT,2018-11-26,BEAR,8.208671983177616e-06,1.249318495884013e-05,0.999979298143058,0.02444345403743542,0.05567916777551503,0.9198773781870494,0.999979298143058,87.98160672805743,0.999968947214587,BEAR,0.9198773781870494,88.3925996494989,HIGH,0.9198942807071273,0.8,4
NIFTYIT,2018-11-27,BEAR,6.703662214577949e-05,0.0006300218519817353,0.9993029415258725,0.02450053956504504,0.05621913044669093,0.919280329988264,0.9993029415258725,87.89204949823959,0.9989544122888088,BEAR,0.919280329988264,88.39195822070636,HIGH,0.9198851174386623,0.8,5
NIFTYIT,2018-11-28,BEAR,0.00616489187482769,0.023580205970821673,0.9702549021543506,0.029545506959844255,0.07673404123328048,0.8937204518068752,0.9702549021543506,84.05806777103126,0.9553823532315258,BEAR,0.8937204518068752,91.32757488707712,HIGH,0.9189653555296732,0.9,6
NIFTYIT,2018-11-29,BEAR,0.00026767830436691793,0.01341522587816568,0.9863170958174674,0.02492210180264883,0.0672820524737556,0.9077958457235956,0.9863170958174674,86.16937685853932,0.9794756437262011,BEAR,0.9077958457235956,91.38922320064452,HIGH,0.9198460457234932,0.9,7
NIFTYIT,2018-11-30,SIDE,0.004258509282726153,0.5551159284252334,0.4406255622920404,0.03941256279600783,0.5354948816617213,0.4250925555422708,0.5551159284252334,30.3242322492582,0.3326738926378501,SIDE,0.5354948816617213,70.32009275612326,MODERATE,0.918858467944618,0.2,1
NIFTYIT,2018-12-03,SIDE,0.0009729886381982345,0.9859878292155619,0.013039182146239768,0.04611039375511938,0.9071751697743003,0.04671443647058024,0.9859878292155619,86.07627546614503,0.9789817438233429,SIDE,0.9071751697743003,73.33206532213823,MODERATE,0.919029504601975,0.3,2
NIFTYIT,2018-12-04,SIDE,0.005240442884950062,0.9944525969400742,0.00030696017497581894,0.04947962964454779,0.914972607289677,0.03554776306577521,0.9944525969400742,87.24589109345153,0.9916788954101112,SIDE,0.914972607289677,73.28739735394471,MODERATE,0.9183913907706389,0.3,3
NIFTYIT,2018-12-05,SIDE,0.00221987052528855,0.9977573457521963,2.2783722515074467e-05,0.04729231839032236,0.9174807271324176,0.03522695447726007,0.9977573457521963,87.62210906986262,0.9966360186282943,SIDE,0.9174807271324176,76.31853759801245,HIGH,0.9188362514001779,0.4,4
NIFTYIT,2018-12-06,SIDE,0.001567031006474483,0.9951042221805185,0.0033287468130070445,0.04674803641624029,0.9151150888637829,0.03813687471997682,0.9951042221805185,87.26726332956744,0.9926563332707776,SIDE,0.9151150888637829,79.32544055968798,HIGH,0.9189348651383996,0.5,5
NIFTYIT,2019-01-01,BULL,1.0,2.0382826964342417e-283,4.517983558302421e-215,0.7718175075805669,0.17005541374038188,0.05812707867905122,1.0,65.77262613708503,1.0,BULL,0.7718175075805669,57.02722553063968,MODERATE,0.7718175075805669,0.1,1
NIFTYIT,2019-01-02,SIDE,0.018363045100490288,0.8337083968694281,0.14792855803008173,0.05587238528016019,0.7776717202795415,0.16645589444029843,0.8337083968694281,66.65075804193121,0.7505625953041418,SIDE,0.7776717202795415,82.15961412859562,HIGH,0.9165659161227948,0.6,1
NIFTYIT,2019-01-03,BEAR,0.0002702710607830921,0.2293323130845026,0.7703974158547142,0.02951094319660291,0.2537258647884776,0.7167631920149197,0.7703974158547142,57.51447880223793,0.6555961237820713,BEAR,0.7167631920149197,73.37812998280204,MODERATE,0.9196875711828862,0.3,1
NIFTYIT,2019-01-04,BEAR,6.384676361334794e-06,0.0007378352874858732,0.9992557800361528,0.024457499855430873,0.056305289051190456,0.9192372110933787,0.9992557800361528,87.88558166400679,0.9988836700542292,BEAR,0.9192372110933787,73.3925813802808,MODERATE,0.9198940197182973,0.3,2
NIFTYIT,2019-01-07,BEAR,5.8593287033632126e-05,0.007385181861677519,0.9925562248512889,0.024637734581071283,0.0620512174837824,0.9133110479351463,0.9925562248512889,86.99665719027195,0.9888343372769334,BEAR,0.9133110479351463,73.39169951928535,MODERATE,0.9198814217040765,0.3,3
NIFTYIT,2019-01-08,BEAR,5.1997071748579636e-05,0.015205727334918576,0.9847422755933329,0.024798942954793027,0.06880347177006751,0.9063975852751395,0.9847422755933329,85.95963779127091,0.9771134133899992,BEAR,0.9063975852751395,76.39136706769183,HIGH,0.9198766723955977,0.4,4
NIFTYIT,2019-01-09,BEAR,0.00015518553573241992,0.0847129529823769,0.9151318614818906,0.026352662948521406,0.1288344784303582,0.8448128586211204,0.9151318614818906,76.72192879316805,0.8726977922228359,BEAR,0.8448128586211204,79.38673503591953,HIGH,0.9198105005131362,0.5,5
NIFTYIT,2019-01-10,BEAR,0.00017189237232267615,0.1979294217061549,0.8018986859215225,0.028770299532865022,0.22659834405023413,0.7446313564169009,0.8018986859215225,61.69470346253514,0.7028480288822837,BEAR,0.7446313564169009,82.38075920743186,HIGH,0.9197251315347409,0.6,6
NIFTYIT,2019-01-11,SIDE,0.00037552287927424265,0.8777891330427574,0.12183534407796842,0.04336530595792184,0.8136776982550427,0.14295699578703555,0.8777891330427574,72.0516547382564,0.8166836995641358,SIDE,0.8136776982550427,73.3438038093143,MODERATE,0.9191971972759185,0.3,1
NIFTYIT,2019-01-14,SIDE,0.00021241589875412763,0.9389996044142163,0.060787979687029696,0.04454374719152692,0.8665140307649769,0.08894222204349618,0.9389996044142163,79.97710461474652,0.9084994066213242,SIDE,0.8665140307649769,73.34235728368417,MODERATE,0.9191765326240596,0.3,2
NIFTYIT,2019-01-15,SIDE,0.009445451356422906,0.9904379104283759,0.00011663821520108424,0.05253708350937395,0.9119869444123025,0.03547597207832355,0.9904379104283759,86.79804166184539,0.9856568656425637,SIDE,0.9119869444123025,76.24401627117362,HIGH,0.917771661016766,0.4,3
NIFTYIT,2019-01-16,SIDE,0.0004438302073631287,0.9995497037772366,6.4660154003181705e-06,0.046003017101570794,0.9188252632552675,0.03517171964316171,0.9995497037772366,87.8237894882901,0.9993245556658548,SIDE,0.9188252632552675,76.33685520934935,HIGH,0.9190979315621336,0.4,4
NIFTYIT,2019-01-17,SIDE,0.000733349968757237,0.9992631369832966,3.513047946138257e-06,0.04621331073903509,0.9186109315872558,0.035175757673709125,0.9992631369832966,87.79163973808835,0.9988947054749447,SIDE,0.9186109315872558,79.33386889122195,HIGH,0.9190552698745993,0.5,5
NIFTYIT,2019-01-18,SIDE,0.0013049400622215878,0.9986926508483946,2.4090893837766624e-06,0.046628386698107045,0.9181837021908591,0.03518791111103395,0.9986926508483946,87.72755532862885,0.998038976272592,SIDE,0.9181837021908591,82.32797333603845,HIGH,0.9189710476576923,0.6,6
NIFTYIT,2019-01-21,SIDE,0.0017123561308318325,0.9982858514040311,1.7924651370272142e-06,0.046924239530458677,0.9178790360438583,0.035196724425683,0.9982858514040311,87.68185540657873,0.9974287771060467,SIDE,0.9178790360438583,85.32377113072566,HIGH,0.9189110161532238,0.7,7
NIFTYIT,2019-01-22,SIDE,0.0011453238141687502,0.9988528594745489,1.8167112822926035e-06,0.046512496077309604,0.9183037835008294,0.035183720421861076,0.9988528594745489,87.74556752512441,0.9982792892118234,SIDE,0.9183037835008294,88.32961962071705,HIGH,0.9189945660102437,0.8,8
NIFTYIT,2019-01-23,SIDE,0.0007553153725206873,0.9992431035511026,1.5810763767565777e-06,0.046229301665854296,0.9185961453790539,0.03517455295509192,0.9992431035511026,87.78942180685804,0.9988646553266537,SIDE,0.9185961453790539,91.33364223647956,HIGH,0.9190520319497081,0.9,9
NIFTYIT,2019-01-24,SIDE,0.006061787910638477,0.9939380993640384,1.1272532310713797e-07,0.05008255696907715,0.9146222927437027,0.035295150287220196,0.9939380993640384,87.1933439115554,0.9909071490460575,SIDE,0.9146222927437027,94.27891010447279,HIGH,0.9182701443496111,1.0,10
NIFTYIT,2019-01-25,SIDE,0.006853944586427401,0.9931459333765523,1.2203702022282257e-07,0.05065777075380666,0.9140288738716056,0.03531335537458778,0.9931459333765523,87.10433108074083,0.9897189000648283,SIDE,0.9140288738716056,94.27073963693715,HIGH,0.9181534233848165,1.0,11
NIFTYIT,2019-01-28,SIDE,0.013153477174642306,0.9868464387319833,8.409337436049638e-08,0.05523209295233597,0.9093098769471009,0.03545803010056318,0.9868464387319833,86.39648154206513,0.980269658097975,SIDE,0.9093098769471009,94.20576495121924,HIGH,0.9172252135888465,1.0,12
NIFTYIT,2019-07-01,BULL,1.0,9.148147289534527e-285,3.6680872130607443e-213,0.7718175075805669,0.17005541374038188,0.05812707867905122,1.0,65.77262613708503,1.0,BULL,0.7718175075805669,57.02722553063968,MODERATE,0.7718175075805669,0.1,1
NIFTYIT,2019-07-02,BEAR,0.025275601487256282,0.46019224810560816,0.5145321504071356,0.053103785181488006,0.4559327771373627,0.49096343768114936,0.5145321504071356,23.644515652172405,0.27179822561070327,BEAR,0.49096343768114936,67.10710602968322,MODERATE,0.9158158004240461,0.1,1
NIFTYIT,2019-07-03,BULL,1.0,2.924456760499877e-65,1.2241907584299465e-45,0.7718175075805669,0.17005541374038188,0.05812707867905122,1.0,65.77262613708503,1.0,BULL,0.7718175075805669,60.02722553063968,MODERATE,0.7718175075805669,0.2,1
NIFTYIT,2019-07-04,BULL,0.9999999999733538,1.6847004736410574e-17,2.66461743228395e-11,0.771817507560652,0.17005541373733388,0.05812707870201404,0.9999999999733538,65.7726261340978,0.9999999999600306,BULL,0.771817507560652,63.02722553091592,MODERATE,0.7718175075845133,0.3,2
NIFTYIT,2019-07-05,BEAR,0.00022512079637411288,4.1569553590276973e-05,0.9997333096500356,0.024606187612555046,0.05572908723827678,0.9196647251491683,0.9997333096500356,87.94970877237525,0.9995999644750534,BEAR,0.9196647251491683,70.3903497653399,MODERATE,0.919862139504856,0.2,1
NIFTYIT,2019-07-08,BULL,1.0,1.936915297645154e-35,1.745630182084087e-18,0.7718175075805669,0.17005541374038188,0.05812707867905122,1.0,65.77262613708503,1.0,BULL,0.7718175075805669,66.02722553063968,MODERATE,0.7718175075805669,0.4,1
NIFTYIT,2019-07-09,BULL,0.9999823076208262,6.919629523800048e-16,1.769237917320324e-05,0.7718042846421885,0.17005338994499564,0.05814232541281586,0.9999823076208262,65.77064269632828,0.9999734614312391,BULL,0.7718042846421885,69.02740892028561,MODERATE,0.7718201274326516,0.5,2
NIFTYIT,2019-07-10,BULL,0.864480866815826,5.00718082824046e-11,0.13551913313410224,0.6705331563039265,0.15455365486957498,0.17491318882649864,0.864480866815826,50.579973445588976,0.7967213002237389,BULL,0.6705331563039265,73.43194366399932,MODERATE,0.7918849094857047,0.6,3
NIFTYIT,2019-07-11,BEAR,0.003267799214765916,4.153767260497036e-08,0.9967321592475614,0.026879343776435128,0.056041273783545204,0.9170793824400197,0.9967321592475614,87.56190736600294,0.995098238871342,BEAR,0.9170793824400197,73.35881313279495,MODERATE,0.9194116161827852,0.3,1
NIFTYIT,2019-07-12,BEAR,4.893589687030608e-05,7.97162534240827e-09,0.9999510561315044,0.024473627535641616,0.05567304554990178,0.9198533269144565,0.9999510561315044,87.97799903716846,0.9999265841972566,BEAR,0.9198533269144565,76.39217813298613,HIGH,0.9198882590426591,0.4,2
NIFTYIT,2019-07-15,BULL,0.9966908200207989,2.9158234583896717e-09,0.003309177063377742,0.7693442912074622,0.16967688586889118,0.06097882292364674,0.9966908200207989,65.40164368111932,0.9950362300311983,BULL,0.7693442912074622,72.06152670268726,MODERATE,0.7723075243241039,0.6,1
NIFTYIT,2019-07-16,BEAR,0.051739316867754244,0.04343265550980478,0.9048280276224411,0.06402868325323852,0.09908971574929783,0.8368816009974637,0.9048280276224411,75.53224014961954,0.8572420414336611,BEAR,0.8368816009974637,75.85415752234508,HIGH,0.9122022503192155,0.4,1
NIFTYIT,2019-07-17,BEAR,0.005498191144278418,0.018817865814149275,0.9756839430415724,0.028946057570714036,0.07254551757258018,0.8985084248567057,0.9756839430415724,84.77626372850585,0.9635259145623584,BEAR,0.8985084248567057,79.33472962971948,HIGH,0.9190675661388495,0.5,2
NIFTYIT,2019-07-18,BEAR,0.029997168372335528,8.838135908127968e-05,0.9699144502685831,0.046858228506355806,0.05917507320645408,0.8939666982871901,0.9699144502685831,84.09500474307852,0.9548716754028745,BEAR,0.8939666982871901,82.08174640242976,HIGH,0.9154535200347108,0.6,3
NIFTYIT,2019-07-19,BEAR,1.890900258771055e-05,0.0009224906918283597,0.9990586003055839,0.024470783078123098,0.05646617086478346,0.9190630460570935,0.9990586003055839,87.85945690856401,0.9985879004583759,BEAR,0.9190630460570935,82.39244209578445,HIGH,0.9198920299397778,0.6,4
NIFTYIT,2019-07-22,BEAR,1.4987211482912797e-05,0.0029543265172884653,0.9970306862712287,0.024511015961551072,0.058220204127972665,0.9172687799104762,0.9970306862712287,87.59031698657142,0.9955460294068429,BEAR,0.9172687799104762,85.39237860979564,HIGH,0.9198911229970806,0.7,5
NIFTYIT,2019-07-23,BEAR,5.1654793867579886e-05,0.013033356903458434,0.986914988302674,0.024752537697753332,0.06692759969506074,0.9083198626071858,0.986914988302674,86.2479793910779,0.980372482454011,BEAR,0.9083198626071858,88.39148195550034,HIGH,0.9198783136500049,0.8,6
NIFTYIT,2019-07-24,BEAR,9.84474776269248e-06,0.0034007215964959024,0.9965894336557415,0.02451665572115102,0.05860507620477567,0.9168782680740732,0.9965894336557415,87.53174021111099,0.9948841504836122,BEAR,0.9168782680740732,91.39240903482506,HIGH,0.919891557640358,0.9,7
NIFTYIT,2019-07-25,BEAR,0.00047412566210329064,0.21778878559531,0.7817370887425867,0.029418071527189102,0.24378139484819217,0.7268005336246187,0.7817370887425867,59.0200800436928,0.6726056331138801,BEAR,0.7268005336246187,91.376608573552,HIGH,0.9196658367650286,0.9,8
NIFTYIT,2019-07-26,BEAR,9.526784078657501e-05,0.20696454310314158,0.7929401890560718,0.028904972343439868,0.23439136924836013,0.7367036584082,0.7929401890560718,60.50554876122999,0.6894102835841076,BEAR,0.7367036584082,91.38109038119224,HIGH,0.9197298625884606,0.9,9
NIFTYIT,2019-07-29,SIDE,0.00025302475022559765,0.7240298115363912,0.2757171637133832,0.04000731798457556,0.6808931449466571,0.2790995370687674,0.7240298115363912,52.133971741998565,0.5860447173045868,SIDE,0.6808931449466571,67.35295414556319,MODERATE,0.9193279163651884,0.1,1
NIFTYIT,2019-07-30,SIDE,0.0002134926946172652,0.9938157881962358,0.005970719109146967,0.04570905707934413,0.9138477029201222,0.04044324000053364,0.9938157881962358,87.07715543801832,0.9907236822943536,SIDE,0.9138477029201222,70.33953664248374,MODERATE,0.9191362377497676,0.2,2
NIFTYIT,2019-07-31,SIDE,0.00031589594377189,0.9994690452078518,0.00021505884837621803,0.04590568803748685,0.9187409807716688,0.03535333119084436,0.9994690452078518,87.8111471157503,0.9992035678117778,SIDE,0.9187409807716688,73.33818544079433,MODERATE,0.9191169348684906,0.3,3
NIFTYIT,2019-08-01,SIDE,0.000564700336583668,0.973299114659047,0.026136185004369452,0.045535690297725986,0.896171813731145,0.058292495971129045,0.973299114659047,84.42577205967174,0.9599486719885703,SIDE,0.896171813731145,76.33694774954563,HIGH,0.9190992535649375,0.4,4
NIFTYIT,2019-08-02,SIDE,0.0001757310358333131,0.9521702745534546,0.04765399441071209,0.0447961249806017,0.8778826538910757,0.0773212211283226,0.9521702745534546,81.68239808366134,0.9282554118301819,SIDE,0.8778826538910757,79.34206250620119,HIGH,0.91917232151716,0.5,5
NIFTYIT,2019-08-05,SIDE,0.00019285431998130004,0.9945546640862061,0.00525248159381268,0.045709328907548294,0.9144833584268536,0.039807312665598074,0.9945546640862061,87.17250376402802,0.991831996129309,SIDE,0.9144833584268536,82.33971269931209,HIGH,0.9191387528473155,0.6,6
NIFTYIT,2019-08-06,SIDE,0.00018127778661319115,0.9863561792842249,0.013462542929161918,0.04552650970182289,0.9074026763425405,0.047070813955636594,0.9863561792842249,86.11040145138107,0.9795342689263372,SIDE,0.9074026763425405,85.34025289022887,HIGH,0.9191464698604124,0.7,7
NIFTYIT,2019-08-07,SIDE,0.00015920891007296912,0.9990617414405424,0.0007790496493846369,0.045779930523416085,0.9183713525335846,0.03584871694299932,0.9990617414405424,87.75570288003769,0.9985926121608134,SIDE,0.9183713525335846,88.33983044938533,HIGH,0.9191404349912191,0.8,8
NIFTYIT,2019-08-08,SIDE,0.0010739418021570028,0.9988819842146052,4.407398323775924e-05,0.04645976527748812,0.9183207673502979,0.035219467372214035,0.9988819842146052,87.74811510254466,0.9983229763219076,SIDE,0.9183207673502979,91.33035803537351,HIGH,0.9190051147910501,0.9,9
NIFTYIT,2019-08-09,SIDE,0.00036948598959440015,0.9995524212926596,7.8092717745984e-05,0.04594751141675349,0.9188191057342892,0.035233382848957356,0.9995524212926596,87.82286586014337,0.9993286319389895,SIDE,0.9188191057342892,94.3376256820733,HIGH,0.9191089383153329,1.0,10
NIFTYIT,2019-08-13,SIDE,0.0008154859156948256,0.9016665568128379,0.09751795727146725,0.04420137341149312,0.8343460818417753,0.12145254474673166,0.9016665568128379,75.15191227626627,0.8524998352192569,SIDE,0.8343460818417753,94.33801960669021,HIGH,0.9191145658098603,1.0,11
NIFTYIT,2019-08-14,SIDE,0.0001230522955321822,0.986668598442211,0.013208349262256796,0.045489630084054926,0.9076657887031457,0.046844581212799344,0.986668598442211,86.14986830547184,0.9800028976633165,SIDE,0.9076657887031457,94.34084041188025,HIGH,0.9191548630268606,1.0,12
NIFTYIT,2019-08-16,SIDE,0.00023442142213532798,0.9742263297940263,0.025539248783838273,0.04530854388364257,0.8969346802467983,0.057756775869559095,0.9742263297940263,84.54020203701975,0.9613394946910395,SIDE,0.8969346802467983,94.34032372005335,HIGH,0.9191474817150477,1.0,13
NIFTYIT,2019-08-19,SIDE,0.00019339515887784834,0.9948394635134479,0.004967141327674337,0.045715783347582355,0.9147293434250414,0.039554873227376317,0.9948394635134479,87.20940151375622,0.9922591952701718,SIDE,0.9147293434250414,94.33969249651663,HIGH,0.919138464235952,1.0,14
NIFTYIT,2019-08-20,SIDE,0.000915744640610516,0.9973912712544819,0.001692984104907489,0.04630986337408995,0.9170154469948413,0.03667468963106879,0.9973912712544819,87.55231704922619,0.9960869068817229,SIDE,0.9170154469948413,94.33207422482572,HIGH,0.9190296317832248,1.0,15
NIFTYIT,2019-08-21,SIDE,0.00013247513023211205,0.9991874021051219,0.0006801227646459853,0.04576261973137419,0.9184768019771441,0.03576057829148176,0.9991874021051219,87.77152029657161,0.9987811031576829,SIDE,0.9184768019771441,94.3401011168532,HIGH,0.9191443016693317,1.0,16
NIFTYIT,2019-08-22,SIDE,0.00014039378824638374,0.9993016140852343,0.0005579921265193255,0.04577096428028098,0.9185763293509249,0.035652706368794175,0.9993016140852343,87.78644940263872,0.9989524211278513,SIDE,0.9185763293509249,94.34001318264438,HIGH,0.9191430454663484,1.0,17
NIFTYIT,2019-08-23,SIDE,0.0004404858836099412,0.9995458930225188,1.3621093871208967e-05,0.046000436664380764,0.9188215901338457,0.03517797320177352,0.9995458930225188,87.82323852007686,0.9993188395337781,SIDE,0.9188215901338457,94.33689007011452,HIGH,0.9190984295730648,1.0,18
NIFTYIT,2019-08-26,SIDE,0.0003288881005073284,0.9996629384682582,8.173431234528365e-06,0.04591951715490371,0.9189098929501183,0.03517058989497805,0.9996629384682582,87.83648394251775,0.9994944077023871,SIDE,0.9189098929501183,94.33804083355415,HIGH,0.9191148690507737,1.0,19
NIFTYIT,2019-08-27,SIDE,0.00018821760412114917,0.999310641366504,0.0005011410293747576,0.04580689863943244,0.9185895948404774,0.03560350652009013,0.999310641366504,87.78843922607162,0.9989659620497561,SIDE,0.9185895948404774,94.33951700412837,HIGH,0.9191359572018339,1.0,20
NIFTYIT,2019-08-28,SIDE,0.0004059036082368432,0.9995623930131056,3.1703378657592394e-05,0.045974941070534986,0.9188318820114033,0.03519317691806173,0.9995623930131056,87.82478230171048,0.9993435895196582,SIDE,0.9188318820114033,94.33724768563152,HIGH,0.9191035383661648,1.0,21
NIFTYIT,2019-08-29,SIDE,0.00019099371091841084,0.9997783861516258,3.062013745573785e-05,0.04581891013315828,0.9189938080896557,0.03518728177718601,0.9997783861516258,87.84907121344834,0.9996675792274388,SIDE,0.9189938080896557,94.33946425530209,HIGH,0.9191352036471728,1.0,22
NIFTYIT,2019-08-30,SIDE,0.0003475418103755983,0.9996120635411098,4.039464851470078e-05,0.04593237779528558,0.9188680964200662,0.035199525784648265,0.9996120635411098,87.83021446300992,0.9994180953116645,SIDE,0.9188680964200662,94.33785008675306,HIGH,0.9191121440964722,1.0,23
NIFTYIT,2019-09-03,SIDE,0.00019362532726254123,0.9997643952118481,4.1979460889335146e-05,0.045820579730777494,0.9189820279960259,0.035197392273196605,0.9997643952118481,87.84730419940388,0.999646592817772,SIDE,0.9189820279960259,94.33943769446256,HIGH,0.9191348242066082,1.0,24
NIFTYIT,2019-09-04,SIDE,0.0006619290514803783,0.9993369539865735,1.1169619462060891e-06,0.04616150029654993,0.9186665025716942,0.035171997131755756,0.9993369539865735,87.79997538575414,0.9990054309798603,SIDE,0.9186665025716942,94.33460541854832,HIGH,0.9190657916935474,1.0,25
NIFTYIT,2019-09-05,SIDE,0.0005218718152403808,0.9994766722336951,1.4559510646175788e-06,0.04605979240496713,0.918771127839452,0.035169079755580764,0.9994766722336951,87.81566917591779,0.9992150083505424,SIDE,0.918771127839452,94.33605001526342,HIGH,0.9190864287894775,1.0,26
NIFTYIT,2019-09-06,SIDE,0.0009888625338870384,0.9990106607609665,4.7670514646632685e-07,0.04639891227666639,0.9184221469732169,0.0351789407501167,0.9990106607609665,87.76332204598252,0.9985159911414495,SIDE,0.9184221469732169,94.33123332608663,HIGH,0.9190176189440948,1.0,27
NIFTYIT,2019-09-09,SIDE,0.0003257287066457505,0.9996687170564007,5.554236953611314e-06,0.04591727864496847,0.9189145213405263,0.035168200014505324,0.9996687170564007,87.83717820107894,0.999503075584601,SIDE,0.9189145213405263,94.33807328595587,HIGH,0.9191153326565126,1.0,28
NIFTYIT,2019-09-11,SIDE,0.00019149735550171615,0.9987208306750203,0.0010876719694780264,0.04579682002966386,0.9180806709011188,0.036122509069217365,0.9987208306750203,87.7121006351678,0.9980812460125302,SIDE,0.9180806709011188,94.33951323741223,HIGH,0.9191359033916032,1.0,29
NIFTYIT,2019-09-12,SIDE,0.00018043297444504704,0.9959116738671391,0.0039078931584158325,0.04572887350747153,0.9156537099324814,0.038617416560046997,0.9959116738671391,87.34805648987219,0.9938675108007085,SIDE,0.9156537099324814,94.33977190179847,HIGH,0.919139598597121,1.0,30
NIFTYIT,2019-09-13,SIDE,0.00018773883863942585,0.9991191303982239,0.000693130763136852,0.04580247239503502,0.9184241711429271,0.03577335646203795,0.9991191303982239,87.76362567143906,0.9986786955973358,SIDE,0.9184241711429271,94.33953178221498,HIGH,0.9191361683173568,1.0,31
NIFTYIT,2019-09-16,SIDE,0.00013879213514019165,0.9982316087193729,0.0016295991454869832,0.045747036235244065,0.9176522009135448,0.036600762851211076,0.9982316087193729,87.64783013703172,0.9973474130790592,SIDE,0.9176522009135448,94.34008462522416,HIGH,0.9191440660746311,1.0,32
NIFTYIT,2019-09-17,SIDE,0.00023414214704236977,0.9696375984720221,0.030128259380935576,0.04521085297915135,0.8929722976992639,0.06181684932158476,0.9696375984720221,83.94584465488957,0.954456397708033,SIDE,0.8929722976992639,94.34056179992989,HIGH,0.9191508828561414,1.0,33
NIFTYIT,2019-09-18,SIDE,0.00016726902274640082,0.9976376110003128,0.0021951199769407845,0.045755700524128085,0.9171425437424469,0.03710175573342508,0.9976376110003128,87.57138156136702,0.996456416500469,SIDE,0.9171425437424469,94.33981989320085,HIGH,0.9191402841885838,1.0,34
NIFTYIT,2019-10-01,BULL,1.0,4.718397782463113e-284,8.369621041643929e-214,0.7718175075805669,0.17005541374038188,0.05812707867905122,1.0,65.77262613708503,1.0,BULL,0.7718175075805669,57.02722553063968,MODERATE,0.7718175075805669,0.1,1
NIFTYIT,2019-10-03,SIDE,0.022444466225544996,0.5093875852985378,0.46816794847591725,0.05203294688590166,0.4980889004117628,0.4498781527023356,0.5093875852985378,24.7133350617644,0.2640813779478067,SIDE,0.4980889004117628,91.13393065263966,HIGH,0.9161990093234238,0.9,1
NIFTYIT,2019-10-04,BEAR,0.0003711653227910407,0.4518915223136489,0.5477373123635602,0.03431435725549974,0.4459163666299938,0.5197692761145065,0.5477373123635602,27.96539141717598,0.32160596854534007,BEAR,0.5197692761145065,67.36567739768515,MODERATE,0.9195096771097879,0.1,1
NIFTYIT,2019-10-07,BEAR,0.00010151334127339884,0.1163715994255254,0.8835268872332012,0.026985099968781977,0.1561654498216984,0.8168494502095197,0.8835268872332012,72.52741753142796,0.8252903308498017,BEAR,0.8168494502095197,70.3856687804628,MODERATE,0.9197952682923257,0.2,2
NIFTYIT,2019-10-09,BEAR,2.7795686465365245e-05,0.008331832726056561,0.9916403715874782,0.024634827536430624,0.06286512373211484,0.9125000487314546,0.9916403715874782,86.87500730971817,0.9874605573812173,BEAR,0.9125000487314546,73.39197023212503,MODERATE,0.9198852890303577,0.3,3
NIFTYIT,2019-10-10,BEAR,1.8054727979314166e-05,0.0020626130915121672,0.9979193321805085,0.024494365164397267,0.05745056414356009,0.9180550706920427,0.9979193321805085,87.70826060380641,0.9968789982707627,BEAR,0.9180550706920427,76.39239251633454,HIGH,0.919891321661922,0.4,4
NIFTYIT,2019-10-11,BEAR,0.0006998555784054396,0.1535729463313385,0.8457271980902561,0.028222587958843193,0.18835710284875795,0.7834203091923989,0.8457271980902561,67.51304637885983,0.7685907971353841,BEAR,0.7834203091923989,79.37756001700056,HIGH,0.9196794288142938,0.5,5
NIFTYIT,2019-10-14,BEAR,0.0002854405043788472,0.3940080902200079,0.6057064692756132,0.03302062302079946,0.39592445547188043,0.5710549215073202,0.6057064692756132,35.65823822609803,0.40855970391341984,BEAR,0.5710549215073202,82.36953265945029,HIGH,0.9195647522778613,0.6,6
NIFTYIT,2019-10-15,SIDE,0.00038495624292920246,0.8758933786380295,0.12372166511904123,0.04333208320522197,0.8120418011959326,0.14462611559884536,0.8758933786380295,71.80627017938988,0.8138400679570441,SIDE,0.8120418011959326,73.34380319077323,MODERATE,0.9191971884396176,0.3,1
NIFTYIT,2019-10-16,SIDE,0.0002651205825690712,0.9912896871075024,0.008445192309928422,0.045693978718216434,0.9116723306410076,0.04263369064077595,0.9912896871075024,86.75084959615113,0.9869345306612535,SIDE,0.9116723306410076,73.33913096529119,MODERATE,0.9191304423613028,0.3,2
NIFTYIT,2019-10-17,SIDE,0.00019888436916744043,0.9924221201594897,0.007378995471342806,0.04566853227028116,0.9126426052922771,0.04168886243744179,0.9924221201594897,86.89639079384158,0.9886331802392344,SIDE,0.9126426052922771,76.33975949380266,HIGH,0.919139421340038,0.4,3
NIFTYIT,2019-10-18,SIDE,0.00022696552054805952,0.9991758016012481,0.0005972328782037539,0.04583299356317224,0.9184775935540085,0.03568941288281921,0.9991758016012481,87.77163903310125,0.9987637024018723,SIDE,0.9184775935540085,76.33912227506421,HIGH,0.9191303182152031,0.4,4
NIFTYIT,2019-10-22,BEAR,1.2405071452551985e-05,1.082333782655517e-06,0.9999865125947648,0.024446347934313533,0.05566979457013829,0.9198838574955481,0.9999865125947648,87.98257862433222,0.999979768892147,BEAR,0.9198838574955481,82.39255673672609,HIGH,0.9198936676675158,0.6,1
NIFTYIT,2019-10-23,BEAR,7.269578387668198e-06,4.936153213077146e-05,0.9999433688894817,0.024443535401748744,0.05571089602047493,0.9198455685777763,0.9999433688894817,87.97683528666643,0.9999150533342225,BEAR,0.9198455685777763,82.39260749403203,HIGH,0.9198943927718863,0.6,2
NIFTYIT,2019-10-24,BEAR,5.959668025593972e-06,9.652987416981863e-05,0.9998975104578045,0.024443558436090113,0.055751475851612754,0.9198049657122971,0.9998975104578045,87.97074485684456,0.9998462656867068,BEAR,0.9198049657122971,82.39261865434844,HIGH,0.9198945522049778,0.6,3
NIFTYIT,2019-10-25,BEAR,4.328075548074776e-05,0.002359379831336703,0.9975973394131826,0.02451952306332451,0.05770970655556745,0.9177707703811079,0.9975973394131826,87.6656155571662,0.9963960091197738,BEAR,0.9177707703811079,82.39211582685033,HIGH,0.9198873689550047,0.6,4
NIFTYIT,2019-10-29,BEAR,0.0011857188461762789,0.08720023893785449,0.9116140422159693,0.02717570285566687,0.13110012022740847,0.8417241769169247,0.9116140422159693,76.25862653753869,0.867421063323954,BEAR,0.8417241769169247,82.37592560404536,HIGH,0.919656080057791,0.6,5
NIFTYIT,2019-10-30,SIDE,0.0032479713479719482,0.8686693915681787,0.12808263708384934,0.04531837965700809,0.8061314126006941,0.14855020774229782,0.8686693915681787,70.91971189010411,0.803004087352268,SIDE,0.8061314126006941,79.31449697180828,HIGH,0.9187785281686898,0.5,1
NIFTYIT,2019-10-31,SIDE,0.0012652803335625757,0.998229056901132,0.000505662765305558,0.04658889728598103,0.9177788541303479,0.03563224858367116,0.998229056901132,87.66682811955216,0.9973435853516978,SIDE,0.9177788541303479,79.32840818782427,HIGH,0.918977259826061,0.5,2
NIFTYIT,2019-11-01,SIDE,0.00043878427202050557,0.9993841532429664,0.00017706248501319372,0.04599572894246265,0.9186817338562876,0.035322537201249775,0.9993841532429664,87.80226007844314,0.9990762298644495,SIDE,0.9186817338562876,79.33691599770832,HIGH,0.9190987999672616,0.5,3
NIFTYIT,2019-11-07,BULL,1.0,8.067422892105908e-284,2.436196413023857e-217,0.7718175075805669,0.17005541374038188,0.05812707867905122,1.0,65.77262613708503,1.0,BULL,0.7718175075805669,57.02722553063968,MODERATE,0.7718175075805669,0.1,1
NIFTYIT,2019-11-08,SIDE,0.04274757423398752,0.9340563099786895,0.02319611578732309,0.07622867868230945,0.8671110269072416,0.05666029441044896,0.9340563099786895,80.06665403608622,0.9010844649680341,SIDE,0.8671110269072416,75.90171416531786,HIGH,0.9128816309331124,0.4,1
NIFTYIT,2019-11-11,SIDE,0.0005910649653223242,0.9912054594277019,0.00820347560697591,0.045935793861337025,0.9116368845034917,0.04242732163517129,0.9912054594277019,86.74553267552375,0.9868081891415527,SIDE,0.9116368845034917,79.33575671877932,HIGH,0.9190822388397047,0.5,2
NIFTYIT,2019-11-13,SIDE,0.0005396185848458891,0.9991931206660857,0.00026726074906835694,0.04606703227538169,0.9185283122453819,0.03540465547923641,0.9991931206660857,87.77924683680726,0.9987896809991287,SIDE,0.9185283122453819,82.33588059463099,HIGH,0.9190840084947286,0.6,3
NIFTYIT,2019-11-14,SIDE,0.000723025817613904,0.9992175020481049,5.947213428115519e-05,0.04620462520994278,0.9185703450499062,0.035225029740151036,0.9992175020481049,87.78555175748592,0.9988262530721573,SIDE,0.9185703450499062,85.33397824471163,HIGH,0.919056832067309,0.7,4
NIFTYIT,2019-11-15,SIDE,0.00047553026359889775,0.9993753320920982,0.00014913764430287167,0.04602300478339278,0.9186783201283187,0.035298675088288496,0.9993753320920982,87.8017480192478,0.9990629981381473,SIDE,0.9186783201283187,88.33653556071627,HIGH,0.9190933651530896,0.8,5
NIFTYIT,2019-11-18,SIDE,0.0003763559018620731,0.9993892726275903,0.00023437147054771482,0.045949179954117146,0.9186790133691259,0.03537180667675693,0.9993892726275903,87.80185200536887,0.9990839089413852,SIDE,0.9186790133691259,91.33756283408995,HIGH,0.9191080404869992,0.9,6
NIFTYIT,2019-11-19,SIDE,0.0002915205927836443,0.9988740268432329,0.0008344525639835236,0.04587482991388804,0.918224396616905,0.035900773469207004,0.9988740268432329,87.73365949253575,0.9983110402648492,SIDE,0.918224396616905,91.33846859883887,HIGH,0.9191209799834125,0.9,7
NIFTYIT,2019-11-20,SIDE,0.00028316139296538775,0.996688122807176,0.0030287157998586233,0.045822145460638945,0.9163359212906074,0.037841933248753755,0.996688122807176,87.4503881935911,0.995032184210764,SIDE,0.9163359212906074,91.33866727936419,HIGH,0.9191238182766311,0.9,8
NIFTYIT,2019-11-21,SIDE,0.00020690206709187954,0.9769808074372276,0.022812290495680468,0.045346492081330854,0.8993100124665299,0.05534349545213935,0.9769808074372276,84.89650186997947,0.9654712111558416,SIDE,0.8993100124665299,91.3404677962915,HIGH,0.9191495399470214,0.9,9
NIFTYIT,2019-11-22,BEAR,0.0001629214172913211,0.058440660760189965,0.9413964178225187,0.025800320762479283,0.1061493471680607,0.86805033206946,0.9413964178225187,80.20754981041898,0.9120946267337781,BEAR,0.86805033206946,67.3880013769607,MODERATE,0.9198285910994386,0.1,1
NIFTYIT,2019-11-25,BEAR,3.541223020163097e-05,0.007547039665196086,0.9924175481046023,0.024623847990249016,0.06218832939655182,0.9131878226131992,0.9924175481046023,86.97817339197987,0.9886263221569034,BEAR,0.9131878226131992,70.39193150594289,MODERATE,0.9198847357991844,0.2,2
NIFTYIT,2019-11-26,BEAR,3.5661205493378797e-06,0.00011557052654815852,0.9998808633529024,0.02444217404167225,0.055767643583495466,0.9197901823748323,0.9998808633529024,87.96852735622484,0.9998212950293536,BEAR,0.9197901823748323,73.39264248868305,MODERATE,0.9198948926954723,0.3,3
NIFTYIT,2019-11-27,BEAR,1.9810903254949773e-05,0.0018673239406196598,0.9981128651561255,0.02449152900800833,0.057282133651223734,0.9182263373407679,0.9981128651561255,87.7339506011152,0.9971692977341883,BEAR,0.9182263373407679,76.3923843218747,HIGH,0.91989120459821,0.4,4
NIFTYIT,2019-11-28,BULL,1.0,1.2797011053956602e-34,2.684991456676459e-22,0.7718175075805669,0.17005541374038188,0.05812707867905122,1.0,65.77262613708503,1.0,BULL,0.7718175075805669,57.02722553063968,MODERATE,0.7718175075805669,0.1,1
NIFTYIT,2019-11-29,BEAR,0.007890067424307815,0.13010584534030628,0.8620040872353859,0.03309788089555569,0.1689158315287055,0.7979862875757386,0.8620040872353859,69.69794313636083,0.7930061308530787,BEAR,0.7979862875757386,79.30423291809775,HIGH,0.9186318988299679,0.5,1
NIFTYIT,2019-12-02,BEAR,8.89634166509415e-06,0.0012802072192324826,0.9987108964391025,0.02447089907638281,0.05677391228526547,0.9187551886383517,0.9987108964391025,87.81327829575274,0.9980663446586537,BEAR,0.9187551886383517,82.39252754766635,HIGH,0.9198932506809478,0.6,2
NIFTYIT,2019-12-03,BEAR,3.534655607821275e-05,0.006433262040121736,0.9935313914038,0.02460013801590951,0.06122657949110179,0.9141732824929887,0.9935313914038,87.1259923739483,0.9902970871057,BEAR,0.9141732824929887,85.39198927084252,HIGH,0.919885561012036,0.7,3
NIFTYIT,2019-12-04,BULL,1.0,5.2852557568034786e-42,3.496063539675791e-29,0.7718175075805669,0.17005541374038188,0.05812707867905122,1.0,65.77262613708503,1.0,BULL,0.7718175075805669,60.02722553063968,MODERATE,0.7718175075805669,0.2,1
NIFTYIT,2019-12-05,BULL,1.0,2.4020037669072442e-21,2.9850561000392224e-17,0.7718175075805669,0.17005541374038188,0.058127078679051244,1.0,65.77262613708503,1.0,BULL,0.7718175075805669,63.027225530639676,MODERATE,0.7718175075805669,0.3,2
NIFTYIT,2019-12-06,BULL,0.9999921004169939,1.8882119379676947e-06,6.011371068129042e-06,0.7718116436994673,0.1700561405863297,0.05813221571420299,0.9999921004169939,65.7717465549201,0.9999881506254907,BULL,0.7718116436994673,66.02730731667413,MODERATE,0.7718186759524875,0.4,3
NIFTYIT,2019-12-09,BULL,0.9989151852868554,0.00012864443086189084,0.0009561702822827464,0.7710094711668719,0.17004240792087197,0.05894812091225616,0.9989151852868554,65.65142067503078,0.9983727779302831,BULL,0.7710094711668719,69.03846354060913,MODERATE,0.7719780505801305,0.5,4
NIFTYIT,2019-12-10,BULL,0.941212758594569,0.00042508147795707095,0.05836215992747398,0.7278901027668513,0.16369791647821805,0.1084119807549307,0.941212758594569,59.183515415027685,0.9118191378918533,BULL,0.7278901027668513,72.63656053428353,MODERATE,0.7805222933469076,0.6,5
NIFTYIT,2019-12-11,BULL,0.9899044009647471,0.001962527145875221,0.008133071889377745,0.7643139457631,0.17059523274251207,0.06509082149438801,0.9899044009647471,64.64709186446498,0.9848566014471206,BULL,0.7643139457631,75.13177047216202,HIGH,0.7733110067451717,0.7,6
NIFTYIT,2019-12-12,BULL,0.9792602592477765,0.002337487884440753,0.018402252867782763,0.7563666878930272,0.16970144800362227,0.07393186410335054,0.9792602592477765,63.45500318395408,0.9688903888716646,BULL,0.7563666878930272,75.24208267795667,HIGH,0.7748868953993812,0.7,7
NIFTYIT,2019-12-13,BULL,0.9912985573205865,0.006706125911092328,0.001995316768321292,0.7654566831289494,0.17485078546310492,0.05969253140794574,0.9912985573205865,64.8185024693424,0.9869478359808795,BULL,0.7654566831289494,78.11707627799385,HIGH,0.7731010896856265,0.8,8
NIFTYIT,2019-12-16,BULL,0.7945610126498688,0.20452313154966953,0.0009158558004615723,0.6226212764380006,0.32316054639438824,0.054218177167611195,0.7945610126498688,43.393191465700085,0.6918415189748033,BULL,0.6226212764380006,83.14621273352309,HIGH,0.8020887533360441,0.9,9
NIFTYIT,2019-12-17,BULL,0.9856860880830388,0.014295457446703139,1.8454470258044768e-05,0.7614232597113756,0.18076214301577964,0.05781459727284474,0.9856860880830388,64.21348895670633,0.978529132124558,BULL,0.7614232597113756,84.17486312846161,HIGH,0.7739266161208803,1.0,10
NIFTYIT,2019-12-18,BULL,0.9985612006762674,0.001435504721736689,3.2946019959392608e-06,0.7707726726919963,0.17113038481887605,0.05809694248912759,0.9985612006762674,65.61590090379946,0.9978418010144011,BULL,0.7707726726919963,84.0420657737031,HIGH,0.7720295110529015,1.0,11
NIFTYIT,2019-12-19,SIDE,0.3672580988355798,0.6327077627310903,3.413843332994348e-05,0.31235970773802785,0.6440178982486052,0.04362239401336693,0.6327077627310903,46.60268473729079,0.44906164409663546,SIDE,0.6440178982486052,63.55345829230789,MODERATE,0.865049404175827,0.1,1
NIFTYIT,2019-12-20,SIDE,0.09783227108880642,0.9021637519240131,3.976987180625452e-06,0.11672038467783775,0.845872961151873,0.03740665417028924,0.9021637519240131,76.88094417278094,0.8532456278860197,SIDE,0.845872961151873,69.33237053299426,MODERATE,0.9047481504713466,0.2,2
NIFTYIT,2019-12-23,SIDE,0.004868439572368309,0.9951302866424455,1.2737851861579952e-06,0.049215998357606275,0.9155152368524115,0.03526876478998217,0.9951302866424455,87.32728552786173,0.9926954299636684,SIDE,0.9155152368524115,73.29121860588842,MODERATE,0.9184459800841204,0.3,3
NIFTYIT,2019-12-24,SIDE,0.0004058096422238111,0.9995887188233634,5.471534412787982e-06,0.04597543010293371,0.9188546034915791,0.035169966405487224,0.9995887188233634,87.82819052373685,0.9993830782350451,SIDE,0.9188546034915791,76.3372473103625,HIGH,0.9191035330051787,0.4,4
NIFTYIT,2019-12-26,SIDE,0.00016051064783962696,0.9998175066203135,2.1982731846711377e-05,0.04579695875581067,0.9190241015574949,0.035178939686694416,0.9998175066203135,87.85361523362424,0.9997262599304705,SIDE,0.9190241015574949,79.33977822123714,HIGH,0.9191396888748165,0.5,5
NIFTYIT,2019-12-27,SIDE,0.0002701078355506857,0.9997233683781873,6.523786262071319e-06,0.04587686969589367,0.9189553501731674,0.03516778013093892,0.9997233683781873,87.8433025259751,0.9995850525672808,SIDE,0.9189553501731674,82.33864702083173,HIGH,0.9191235288690247,0.6,6
NIFTYIT,2019-12-30,SIDE,0.0005059791743249895,0.9994919185624087,2.1022632662448346e-06,0.04604823844603995,0.9187824750545417,0.03516928649941844,0.9994919185624087,87.81737125818125,0.9992378778436131,SIDE,0.9187824750545417,85.33621396837852,HIGH,0.9190887709768361,0.7,7
NIFTYIT,2019-12-31,SIDE,0.0002476314302793921,0.9997478618630852,4.5067066355185316e-06,0.045860591605089984,0.9189739291660878,0.03516547922882234,0.9997478618630852,87.84608937491315,0.9996217927946276,SIDE,0.9189739291660878,88.33887874374979,HIGH,0.9191268391964256,0.8,8
NIFTYIT,2020-01-01,SIDE,0.00022694798648586754,0.9997704249157046,2.62709780967835e-06,0.04584561252889465,0.918991046331913,0.03516334113919236,0.9997704249157046,87.84865694978693,0.9996556373735567,SIDE,0.918991046331913,91.33909198073759,HIGH,0.9191298854391083,0.9,9
NIFTYIT,2020-01-02,SIDE,0.00037579239538602243,0.9996232031290374,1.004475576498634e-06,0.04595372837772971,0.9188809469355215,0.035165324686748864,0.9996232031290374,87.83214204032822,0.9994348046935563,SIDE,0.9188809469355215,94.33755668551409,HIGH,0.9191079526502015,1.0,10
NIFTYIT,2020-01-03,SIDE,0.0031784583194040873,0.996820591734671,9.499459249132496e-07,0.047988847937811815,0.9167814948099707,0.035229657252217494,0.996820591734671,87.5172242214956,0.9952308876020063,SIDE,0.9167814948099707,94.30864940593567,HIGH,0.9186949915133666,1.0,11
NIFTYIT,2020-01-06,SIDE,0.0004115040547686365,0.9995857245059092,2.771439322255844e-06,0.04597962238482702,0.9188526692830938,0.03516770833207916,0.9995857245059092,87.82790039246407,0.9993785867588638,SIDE,0.9188526692830938,94.33718843862493,HIGH,0.9191026919803562,1.0,12
NIFTYIT,2020-01-07,SIDE,0.00020359700842766202,0.9997841710432099,1.2231948362417968e-05,0.04582845248456437,0.9190002449853706,0.035171302530065084,0.9997841710432099,87.85003674780558,0.9996762565648147,SIDE,0.9190002449853706,94.33933331983629,HIGH,0.9191333331405184,1.0,13
NIFTYIT,2020-01-08,SIDE,0.0002889984565312938,0.999693927812303,1.7073731165628487e-05,0.04589036274671112,0.91893208922559,0.03517754802769891,0.999693927812303,87.83981338383849,0.9995408917184544,SIDE,0.91893208922559,94.33845271976821,HIGH,0.9191207531395461,1.0,14
NIFTYIT,2020-01-09,SIDE,0.00017182421545410418,0.9997414030202874,8.67727642585145e-05,0.04580379756397108,0.9189596805483031,0.035236521887725705,0.9997414030202874,87.84395208224547,0.999612104530431,SIDE,0.9189596805483031,94.33966485142446,HIGH,0.919138069306064,1.0,15
NIFTYIT,2020-01-10,SIDE,0.00012144393042431333,0.9998086310602617,6.9925009313901e-05,0.04576757250401926,0.9190119687853292,0.035220458710651506,0.9998086310602617,87.85179531779936,0.9997129465903924,SIDE,0.9190119687853292,94.34018362062461,HIGH,0.9191454802946374,1.0,16
NIFTYIT,2020-01-13,SIDE,0.38730586932137273,0.612633039709565,6.109096906225695e-05,0.32691655575279027,0.6289766814039992,0.04410676284321049,0.612633039709565,44.34650221059988,0.41894955956434743,SIDE,0.6289766814039992,90.34668281693558,HIGH,0.8620954688133656,1.0,17
NIFTYIT,2020-01-14,SIDE,0.07268603221143981,0.9273113633390988,2.6044494613978147e-06,0.09846080856730902,0.8647113927725555,0.036827798660135545,0.9273113633390988,79.70670891588331,0.8909670450086482,SIDE,0.8647113927725555,93.59173397831542,HIGH,0.9084533425473632,1.0,18
NIFTYIT,2020-01-15,SIDE,0.016925845351240452,0.9830728733703643,1.2812783952808003e-06,0.05797132225136264,0.9064829323437088,0.03554574540492859,0.9830728733703643,85.9724398515563,0.9746093100555463,SIDE,0.9064829323437088,94.16685602593233,HIGH,0.9166693717990333,1.0,19
NIFTYIT,2020-01-16,SIDE,0.004682594371896573,0.9953165096561659,8.959719374822758e-07,0.049081057375396205,0.9156547812022329,0.03526416142237101,0.9953165096561659,87.34821718033493,0.9929747644842487,SIDE,0.9156547812022329,94.2931354324114,HIGH,0.9184733633201629,1.0,20
NIFTYIT,2020-01-17,SIDE,0.0016847981708229313,0.9983141432487481,1.0585804290160053e-06,0.04690424427663867,0.9179003136360973,0.035195442087264085,0.9983141432487481,87.68504704541459,0.9974712148731222,SIDE,0.9179003136360973,94.32405533161892,HIGH,0.9189150761659847,1.0,21
NIFTYIT,2020-01-20,SIDE,0.0009460758322790986,0.9990496883081567,4.23585956421566e-06,0.04636776342636214,0.9184509528154566,0.035181283758181144,0.9990496883081567,87.76764292231847,0.9985745324622348,SIDE,0.9184509528154566,94.33167482965527,HIGH,0.9190239261379326,1.0,22
NIFTYIT,2020-01-21,SIDE,0.00029012381328246187,0.9997050914784988,4.784708218774466e-06,0.045891440975259816,0.9189418577326595,0.03516670129208078,0.9997050914784988,87.8412786598989,0.9995576372177483,SIDE,0.9189418577326595,94.33844048275948,HIGH,0.9191205783251356,1.0,23
NIFTYIT,2020-01-22,SIDE,0.0017630697213778992,0.9982352248623446,1.705416277528853e-06,0.046961066375670914,0.9178411212583872,0.035197812365941876,0.9982352248623446,87.67616818875808,0.9973528372935168,SIDE,0.9178411212583872,94.32324805578824,HIGH,0.9189035436541177,1.0,24
NIFTYIT,2020-01-23,SIDE,0.002990240736834973,0.9970077856172928,1.9736458721549503e-06,0.04785215450855652,0.916921606129112,0.035226239362331525,0.9970077856172928,87.53824091936679,0.9955116784259391,SIDE,0.916921606129112,94.31059077353036,HIGH,0.9187227253361481,1.0,25
NIFTYIT,2020-01-24,SIDE,0.0015931613113927172,0.9984061354797084,7.032088988814609e-07,0.046837710945385476,0.9179692663941613,0.035193022660453176,0.9984061354797084,87.69538995912418,0.9976092032195624,SIDE,0.9179692663941613,94.3250004749517,HIGH,0.9189285782135955,1.0,26
NIFTYIT,2020-01-27,SIDE,0.00044965730890461386,0.9995479270904867,2.4156006087595013e-06,0.04600733441975352,0.9188243956439069,0.035168269936339445,0.9995479270904867,87.82365934658603,0.9993218906357298,SIDE,0.9188243956439069,94.33679489982234,HIGH,0.9190970699974622,1.0,27
NIFTYIT,2020-01-28,SIDE,0.00048059078223782994,0.999516460121317,2.949096445213984e-06,0.04602978501448353,0.9188007624629033,0.03516945252261314,0.999516460121317,87.8201143694355,0.9992746901819753,SIDE,0.9188007624629033,94.33647587291507,HIGH,0.9190925124702155,1.0,28
NIFTYIT,2020-01-29,SIDE,0.0007545819581598471,0.9992437105723654,1.7074694747666616e-06,0.046228766421746476,0.9185965856456328,0.035174647932620706,0.9992437105723654,87.78948784684492,0.9988655658585479,SIDE,0.9185965856456328,94.33364980754517,HIGH,0.9190521401077884,1.0,29
NIFTYIT,2020-01-30,SIDE,0.0001785142811889742,0.999792276332991,2.920938582017428e-05,0.04580987833180725,0.9190043747074018,0.03518574696079093,0.999792276332991,87.85065620611026,0.9996884144994864,SIDE,0.9190043747074018,94.33959289841998,HIGH,0.9191370414059998,1.0,30
NIFTYIT,2020-01-31,SIDE,0.00015537727699113652,0.9940991226160267,0.005745500106982208,0.04567164185739764,0.9140857133201356,0.04024264482246677,0.9940991226160267,87.11285699802032,0.9911486839240401,SIDE,0.9140857133201356,94.34012451384564,HIGH,0.9191446359120807,1.0,31
NIFTYIT,2020-02-03,SIDE,0.00024229517794586904,0.9287801405792339,0.07097756424282013,0.044348977936105975,0.8576929836536822,0.09795803841021195,0.9287801405792339,78.65394754805233,0.893170210868851,SIDE,0.8576929836536822,94.34257134675723,HIGH,0.9191795906679604,1.0,32
NIFTYIT,2020-02-04,SIDE,0.0003700065427166206,0.9979328934336962,0.0016971000235871546,0.045913495510539415,0.9174207096417178,0.03666579484774276,0.9979328934336962,87.61310644625766,0.9968993401505443,SIDE,0.9174207096417178,94.33770329154407,HIGH,0.9191100470220583,1.0,33
NIFTYIT,2020-02-05,SIDE,0.00013276369840713805,0.9997505768136654,0.00011665948792750222,0.045774799383419384,0.9189631340277511,0.03526206658882953,0.9997505768136654,87.84447010416267,0.9996258652204981,SIDE,0.9189631340277511,94.34006926146343,HIGH,0.9191438465923347,1.0,34
NIFTYIT,2020-02-06,SIDE,9.718537168547989e-05,0.9995369112269575,0.0003659034013568696,0.045743669764295086,0.9187745649407586,0.03548176529494629,0.9995369112269575,87.81618474111379,0.9993053668404365,SIDE,0.9187745649407586,94.34044899812761,HIGH,0.9191492714018231,1.0,35
NIFTYIT,2020-02-07,SIDE,0.00012844082835047405,0.9998413314395236,3.0227732126036937e-05,0.04577349652972078,0.9190410057891428,0.035185497681136456,0.9998413314395236,87.8561508683714,0.9997619971592854,SIDE,0.9190410057891428,94.34010941857602,HIGH,0.9191444202653717,1.0,36
NIFTYIT,2020-02-10,SIDE,9.995952321255184e-05,0.9998352834459073,6.475703088001535e-05,0.045752081676473336,0.9190325254528027,0.03521539287072399,0.9998352834459073,87.8548788179204,0.9997529251688612,SIDE,0.9190325254528027,94.34040495037704,HIGH,0.9191486421482433,1.0,37
NIFTYIT,2020-02-11,SIDE,9.363813622586146e-05,0.999769166148442,0.00013719571533208898,0.04574595261146725,0.918974710348046,0.03527933704048682,0.999769166148442,87.84620655220688,0.999653749222663,SIDE,0.918974710348046,94.34047386315281,HIGH,0.9191496266164686,1.0,38
NIFTYIT,2020-02-12,SIDE,0.00012498106260487132,0.9997330637756018,0.0001419551617933705,0.0457686107497218,0.9189471213515634,0.0352842678987148,0.9997330637756018,87.84206820273451,0.9995995956634025,SIDE,0.9189471213515634,94.34015082965355,HIGH,0.9191450118521934,1.0,39
NIFTYIT,2020-02-13,SIDE,0.00022967583084535498,0.9997337464215041,3.657774765055437e-05,0.045846872075141556,0.9189596866357859,0.03519344128907249,0.9997337464215041,87.84395299536789,0.9996006196322562,SIDE,0.9189596866357859,94.3390655852498,HIGH,0.9191295083607115,1.0,40
NIFTYIT,2020-02-14,SIDE,0.00015119366697863008,0.9998175847797663,3.1221553255029556e-05,0.04578999708683067,0.9190231032973076,0.03518689961586173,0.9998175847797663,87.85346549459612,0.9997263771696495,SIDE,0.9190231032973076,94.33987479202224,HIGH,0.9191410684574607,1.0,41
NIFTYIT,2020-02-17,SIDE,0.00025042091958038174,0.9997220059040035,2.757317641606738e-05,0.04586212713554339,0.9189519217359123,0.03518595112854423,0.9997220059040035,87.84278826038685,0.9995830088560053,SIDE,0.9189519217359123,94.33885115459924,HIGH,0.9191264450657035,1.0,42
NIFTYIT,2020-02-18,SIDE,0.00027200173581121633,0.9997011304707613,2.6867793427535385e-05,0.045877812741839635,0.9189363644710841,0.03518582278707628,0.9997011304707613,87.8404546706626,0.9995516957061419,SIDE,0.9189363644710841,94.33862852943835,HIGH,0.9191232647062622,1.0,43
NIFTYIT,2020-02-19,SIDE,0.0003029340025457462,0.9996912985110069,5.767486447366433e-06,0.04590072204501537,0.918931412893605,0.03516786506137963,0.9996912985110069,87.83971193404075,0.9995369477665104,SIDE,0.918931412893605,94.33830840618447,HIGH,0.919118691516921,1.0,44
NIFTYIT,2020-02-20,SIDE,0.00032598083976123426,0.9996643412681727,9.677892066044415e-06,0.045917374125875675,0.9189107717064052,0.03517185416771908,0.9996643412681727,87.83661575596076,0.9994965119022591,SIDE,0.9189107717064052,94.33807089675138,HIGH,0.9191152985250195,1.0,45
NIFTYIT,2020-02-24,SIDE,0.00024655987623385607,0.9996158267991718,0.00013761332459431947,0.04585698581748111,0.918859794859176,0.035283219323342864,0.9996158267991718,87.82896922887639,0.9994237401987576,SIDE,0.918859794859176,94.33889661805928,HIGH,0.919127094543704,1.0,46
NIFTYIT,2020-02-25,SIDE,0.00020311375755546773,0.999673915323057,0.0001229709193874571,0.04582574905969501,0.9189049843469239,0.03526926659338104,0.999673915323057,87.83574765203859,0.9995108729845854,SIDE,0.9189049843469239,94.33934397986175,HIGH,0.9191334854265965,1.0,47
NIFTYIT,2020-02-26,SIDE,0.00027758472520633155,0.9724622988354601,0.027260116439333567,0.04530332853748371,0.8954163841404504,0.059280287322065965,0.9724622988354601,84.31245762106755,0.9586934482531901,SIDE,0.8954163841404504,94.33996672399185,HIGH,0.9191423817713122,1.0,48
NIFTYIT,2020-02-27,SIDE,0.0002848918972776886,0.5935790919384164,0.406136016164306,0.03725986333211301,0.5682531309408116,0.3944870057270754,0.5935790919384164,35.237969641121744,0.39036863790762444,SIDE,0.5682531309408116,94.35930978498477,HIGH,0.9194187112140683,1.0,49
NIFTYIT,2020-02-28,BEAR,1.150857702538458e-08,1.3476258794415e-15,0.9999999884914217,0.02443706223476216,0.05566744230484229,0.9198954954603955,0.9999999884914217,87.98432431905933,0.9999999827371325,BEAR,0.9198954954603955,67.39268525717704,MODERATE,0.9198955036739577,0.1,1
NIFTYIT,2020-03-02,BEAR,4.048228589282443e-07,5.8596436335344105e-09,0.9999995893174973,0.024437356314649897,0.05566749235504265,0.9198951513303074,0.9999995893174973,87.9842726995461,0.999999383976246,BEAR,0.9198951513303074,70.39268117999337,MODERATE,0.9198954454284768,0.2,2
NIFTYIT,2020-03-03,BEAR,4.703649064222566e-06,4.7963877089027044e-06,0.9999904999632269,0.024440670942443975,0.05567212069031618,0.9198872083672397,0.9999904999632269,87.98308125508598,0.9999857499448401,BEAR,0.9198872083672397,73.39263637515522,MODERATE,0.9198948053593604,0.3,3
NIFTYIT,2020-03-04,BEAR,1.5602415085733957e-05,0.0001621096731079798,0.9998222879118063,0.024452158402173938,0.05580920675225004,0.9197386348455759,0.9998222879118063,87.96079522683638,0.9997334318677092,BEAR,0.9197386348455759,76.39251534169648,HIGH,0.9198930763099497,0.4,4
NIFTYIT,2020-03-05,BEAR,7.2516767150970275e-06,0.0001925048259064813,0.9998002434973784,0.02444656293267815,0.05583449761750216,0.9197189394498198,0.9998002434973784,87.95784091747296,0.9997003652460674,BEAR,0.9197189394498198,79.39260034310483,HIGH,0.9198942906157833,0.5,5
NIFTYIT,2020-03-06,BEAR,8.291499058952829e-07,3.2128291233412673e-06,0.9999959580209709,0.024437741576671515,0.05567031009789392,0.9198919483254345,0.9999959580209709,87.98379224881516,0.9999939370314561,BEAR,0.9198919483254345,82.39267661728238,HIGH,0.9198953802468912,0.6,6
NIFTYIT,2020-03-09,BEAR,2.2372227341944312e-10,6.207080661500048e-19,0.9999999997762776,0.024437053800682267,0.055667441013989474,0.9198955051853284,0.9999999997762776,87.98432577779926,0.9999999996644164,BEAR,0.9198955051853284,85.39268537414982,HIGH,0.9198955053449975,0.7,7
NIFTYIT,2020-03-11,BEAR,1.196516904078206e-09,1.2192160536552595e-16,0.9999999988034829,0.024437054527729964,0.05566744112526558,0.9198955043470045,0.9999999988034829,87.98432565205067,0.9999999982052243,BEAR,0.9198955043470045,88.39268536406632,HIGH,0.9198955052009476,0.8,8
NIFTYIT,2020-03-12,BEAR,7.493288761548714e-17,1.5933549985733933e-51,1.0,0.024437053633476667,0.05566744098839834,0.9198955053781249,1.0,87.98432580671872,1.0,BEAR,0.9198955053781249,91.39268537646876,HIGH,0.9198955053781253,0.9,9
NIFTYIT,2020-03-13,BEAR,1.8815630806549528e-13,7.442052844960475e-35,0.9999999999998118,0.02443705363361724,0.05566744098841986,0.919895505377963,0.9999999999998118,87.98432580669444,0.9999999999997176,BEAR,0.919895505377963,94.39268537646679,HIGH,0.9198955053780972,1.0,10
NIFTYIT,2020-03-16,BEAR,2.0866771093954462e-19,1.1012484818848415e-67,1.0,0.024437053633476608,0.05566744098839833,0.9198955053781249,1.0,87.98432580671876,1.0,BEAR,0.9198955053781249,94.39268537646876,HIGH,0.9198955053781251,1.0,11
NIFTYIT,2020-03-17,BEAR,2.0527087160516862e-18,5.318082517813903e-64,1.0,0.024437053633476608,0.05566744098839833,0.9198955053781249,1.0,87.98432580671876,1.0,BEAR,0.9198955053781249,94.39268537646876,HIGH,0.9198955053781251,1.0,12
NIFTYIT,2020-03-18,BEAR,8.415942269038434e-19,1.3419451929583146e-68,1.0,0.024437053633476608,0.05566744098839833,0.9198955053781249,1.0,87.98432580671876,1.0,BEAR,0.9198955053781249,94.39268537646876,HIGH,0.9198955053781251,1.0,13
NIFTYIT,2020-03-19,BEAR,2.944599634834369e-19,1.463869454796098e-75,1.0,0.024437053633476608,0.05566744098839833,0.9198955053781249,1.0,87.98432580671876,1.0,BEAR,0.9198955053781249,94.39268537646876,HIGH,0.9198955053781251,1.0,14
NIFTYIT,2020-03-20,BEAR,3.265399314081656e-18,1.0756916214227671e-62,1.0,0.02443705363347661,0.05566744098839833,0.9198955053781249,1.0,87.98432580671876,1.0,BEAR,0.9198955053781249,94.39268537646876,HIGH,0.9198955053781251,1.0,15
NIFTYIT,2020-03-23,BEAR,2.1832678073623278e-26,4.371046900717427e-96,1.0,0.024437053633476608,0.05566744098839833,0.9198955053781249,1.0,87.98432580671876,1.0,BEAR,0.9198955053781249,94.39268537646876,HIGH,0.9198955053781251,1.0,16
NIFTYIT,2020-03-24,BEAR,4.5712702647075576e-23,7.249365159182937e-71,1.0,0.024437053633476608,0.05566744098839833,0.9198955053781249,1.0,87.98432580671876,1.0,BEAR,0.9198955053781249,94.39268537646876,HIGH,0.9198955053781251,1.0,17
NIFTYIT,2020-03-25,BEAR,2.678171936145548e-22,7.644116443745362e-58,1.0,0.024437053633476608,0.05566744098839833,0.9198955053781249,1.0,87.98432580671876,1.0,BEAR,0.9198955053781249,94.39268537646876,HIGH,0.9198955053781251,1.0,18
NIFTYIT,2020-03-26,BEAR,1.5297886061697947e-21,4.044297534417829e-51,1.0,0.024437053633476608,0.05566744098839833,0.9198955053781249,1.0,87.98432580671876,1.0,BEAR,0.9198955053781249,94.39268537646876,HIGH,0.9198955053781251,1.0,19
NIFTYIT,2020-03-27,BEAR,2.3766133839933893e-21,3.706304890848395e-48,1.0,0.024437053633476608,0.05566744098839833,0.9198955053781249,1.0,87.98432580671876,1.0,BEAR,0.9198955053781249,94.39268537646876,HIGH,0.9198955053781251,1.0,20
NIFTYIT,2020-03-30,BEAR,2.7306691406819693e-21,8.845086225619814e-49,1.0,0.024437053633476608,0.05566744098839833,0.9198955053781249,1.0,87.98432580671876,1.0,BEAR,0.9198955053781249,94.39268537646876,HIGH,0.9198955053781251,1.0,21
NIFTYIT,2020-03-31,BEAR,3.2297692115060595e-19,1.5032027406620337e-43,1.0,0.024437053633476608,0.05566744098839833,0.9198955053781249,1.0,87.98432580671876,1.0,BEAR,0.9198955053781249,94.39268537646876,HIGH,0.9198955053781251,1.0,22
NIFTYIT,2020-04-01,BEAR,7.758006237833205e-23,2.212843193465141e-55,1.0,0.024437053633476608,0.05566744098839833,0.9198955053781249,1.0,87.98432580671876,1.0,BEAR,0.9198955053781249,94.39268537646876,HIGH,0.9198955053781251,1.0,23
NIFTYIT,2020-04-03,BEAR,9.242638476738587e-23,2.0813858969939674e-55,1.0,0.024437053633476608,0.05566744098839833,0.9198955053781249,1.0,87.98432580671876,1.0,BEAR,0.9198955053781249,94.39268537646876,HIGH,0.9198955053781251,1.0,24
NIFTYIT,2020-04-07,BEAR,1.5630378223035945e-20,1.2095228273089686e-54,1.0,0.024437053633476608,0.05566744098839833,0.9198955053781249,1.0,87.98432580671876,1.0,BEAR,0.9198955053781249,94.39268537646876,HIGH,0.9198955053781251,1.0,25
NIFTYIT,2020-04-08,BEAR,1.2156098939551738e-20,1.1067058804669108e-46,1.0,0.024437053633476608,0.05566744098839833,0.9198955053781249,1.0,87.98432580671876,1.0,BEAR,0.9198955053781249,94.39268537646876,HIGH,0.9198955053781251,1.0,26
NIFTYIT,2020-04-09,BEAR,2.141197655032811e-18,1.4432450765125858e-43,1.0,0.024437053633476608,0.05566744098839833,0.9198955053781249,1.0,87.98432580671876,1.0,BEAR,0.9198955053781249,94.39268537646876,HIGH,0.9198955053781251,1.0,27
NIFTYIT,2020-04-13,BEAR,1.259362671921913e-18,1.8981904598405388e-43,1.0,0.024437053633476608,0.05566744098839833,0.9198955053781249,1.0,87.98432580671876,1.0,BEAR,0.9198955053781249,94.39268537646876,HIGH,0.9198955053781251,1.0,28
NIFTYIT,2020-04-15,BEAR,8.203377730805453e-16,1.912836775765843e-36,0.9999999999999991,0.024437053633477226,0.05566744098839843,0.9198955053781244,0.9999999999999991,87.98432580671866,0.9999999999999987,BEAR,0.9198955053781244,94.3926853764688,HIGH,0.9198955053781258,1.0,29
NIFTYIT,2020-04-16,BEAR,1.1240234147467313e-15,3.031410669991777e-37,0.9999999999999989,0.024437053633477448,0.05566744098839846,0.919895505378124,0.9999999999999989,87.98432580671859,0.9999999999999983,BEAR,0.919895505378124,94.3926853764688,HIGH,0.919895505378126,1.0,30
NIFTYIT,2020-04-17,BEAR,6.704499771402153e-13,5.241654947949991e-30,0.9999999999993295,0.024437053633977697,0.05566744098847503,0.9198955053775474,0.9999999999993295,87.98432580663209,0.9999999999989941,BEAR,0.9198955053775474,94.39268537646173,HIGH,0.9198955053780249,1.0,31
NIFTYIT,2020-04-20,BEAR,3.747533010370921e-12,1.1165319348205905e-28,0.9999999999962524,0.024437053636277448,0.05566744098882701,0.9198955053748956,0.9999999999962524,87.98432580623434,0.9999999999943785,BEAR,0.9198955053748956,94.39268537642987,HIGH,0.9198955053775697,1.0,32
NIFTYIT,2020-04-21,BEAR,1.6040718312387117e-15,4.527658928084596e-33,0.9999999999999984,0.02443705363347781,0.055667440988398514,0.9198955053781236,0.9999999999999984,87.98432580671856,0.9999999999999977,BEAR,0.9198955053781236,94.39268537646883,HIGH,0.9198955053781264,1.0,33
NIFTYIT,2020-04-22,BEAR,1.5738266739702634e-13,1.1740176735335214e-28,0.9999999999998426,0.02443705363359424,0.05566744098841634,0.9198955053779895,0.9999999999998426,87.98432580669841,0.9999999999997639,BEAR,0.9198955053779895,94.39268537646709,HIGH,0.9198955053781012,1.0,34
NIFTYIT,2020-04-23,BEAR,7.048216968704907e-09,4.385133078803147e-24,0.999999992951783,0.02443705890117621,0.05566744179462959,0.9198954993041942,0.999999992951783,87.98432489562911,0.9999999894276743,BEAR,0.9198954993041942,94.39268530341067,HIGH,0.9198955043344383,1.0,35
NIFTYIT,2020-04-24,BEAR,1.662955434707213e-08,3.92927523698893e-15,0.9999999833704417,0.024437066062080577,0.05566744289062274,0.9198954910472967,0.9999999833704417,87.9843236570945,0.9999999750556624,BEAR,0.9198954910472967,94.39268520409578,HIGH,0.9198955029156543,1.0,36
NIFTYIT,2020-04-27,BEAR,7.090754217732023e-05,8.700122715037382e-11,0.9999290923708215,0.024490048546385607,0.05567555203352602,0.9198343994200883,0.9999290923708215,87.97515991301326,0.9998936385562323,BEAR,0.9198343994200883,94.39195038718309,HIGH,0.9198850055311869,1.0,37
NIFTYIT,2020-04-28,BEAR,0.0002815288339519805,6.257125900050595e-09,0.9997184649089221,0.024647462914120094,0.055699649903987784,0.9196528871818922,0.9997184649089221,87.9479330772838,0.9995776973633832,BEAR,0.9196528871818922,94.38976720032426,HIGH,0.9198538171474896,1.0,38
NIFTYIT,2020-04-29,BEAR,0.0013768742709532082,1.6654863267765011e-09,0.9986231240635605,0.02546610258651098,0.055824940283127615,0.9187089571303613,0.9986231240635605,87.80634356955423,0.9979346860953405,BEAR,0.9187089571303613,94.37841344141513,HIGH,0.9196916205916449,1.0,39
NIFTYIT,2020-04-30,BULL,0.7505854261729031,5.909905145044856e-16,0.24941457382709623,0.5854099301726512,0.14152538626550085,0.27306468356184793,0.7505854261729031,37.81148952589768,0.6258781392593546,BULL,0.5854099301726512,59.61252228060907,MODERATE,0.8087503182944152,0.1,1
NIFTYIT,2020-05-04,BEAR,0.00011993760803371852,1.144569895994702e-14,0.9998800623919549,0.024526692657414424,0.05568116040824791,0.9197921469343376,0.9998800623919549,87.96882204015063,0.9998200935879322,BEAR,0.9197921469343376,91.3914421680087,HIGH,0.9198777452572672,0.9,1
NIFTYIT,2020-05-05,BEAR,1.5204725942702863e-05,4.6313163496488005e-11,0.9999847952277441,0.02444841734943768,0.0556691802661664,0.9198824023843959,0.9999847952277441,87.98236035765939,0.9999771928416161,BEAR,0.9198824023843959,91.39252777249014,HIGH,0.9198932538927163,0.9,2
NIFTYIT,2020-05-06,BEAR,0.0001566511019208501,5.878997598667002e-08,0.9998432901081031,0.024554132854065158,0.0556854107552786,0.9197604563906561,0.9998432901081031,87.96406845859845,0.9997649351621547,BEAR,0.9197604563906561,91.39106161274884,HIGH,0.919872308753555,0.9,3
NIFTYIT,2020-05-07,BEAR,0.0001307385992909232,3.3971403868263645e-07,0.9998689216866704,0.024534772323986778,0.05568268925340525,0.919782538422608,0.9998689216866704,87.96738076339119,0.9998033825300054,BEAR,0.919782538422608,91.39133019335627,HIGH,0.9198761456193753,0.9,4
NIFTYIT,2020-05-08,BEAR,0.01946944127541618,0.004559710282403547,0.9759708484421803,0.03908499915401308,0.06183180196013252,0.8990831988858545,0.9759708484421803,84.86247983287818,0.9639562726632704,BEAR,0.8990831988858545,91.1906419670537,HIGH,0.9170091709579099,0.9,5
NIFTYIT,2020-05-11,BEAR,0.06673247317666846,0.0055538956599707305,0.9277136311633608,0.07442958568595552,0.06809659934526426,0.8574738149687802,0.9277136311633608,78.62107224531702,0.891570446745041,BEAR,0.8574738149687802,90.70068795296267,HIGH,0.9100098278994667,0.9,6
NIFTYIT,2020-05-12,BULL,0.6846104105165908,0.02544993448296343,0.2899396550004458,0.5366421468356415,0.1559545516047517,0.3074033015596069,0.6846104105165908,30.496322025346224,0.5269156157748861,BULL,0.5366421468356415,63.29507927730054,MODERATE,0.8185011325328648,0.2,1
NIFTYIT,2020-05-13,BULL,0.9792940966295759,0.010132264979493552,0.010573638390930522,0.7565575681281187,0.1764360765186482,0.06700635535323309,0.9792940966295759,63.4836352192178,0.9689411449443637,BULL,0.7565575681281187,63.24133243423612,MODERATE,0.7748761776319447,0.3,2
NIFTYIT,2020-05-14,BEAR,0.01543215211661908,3.61329379636468e-05,0.9845317149454172,0.03597151008938651,0.05746389422736792,0.9065645956832454,0.9845317149454172,85.98468935248682,0.9767975724181257,BEAR,0.9065645956832454,85.23272217145706,HIGH,0.9176103167351009,0.7,1
NIFTYIT,2020-05-15,BEAR,0.0002204129586538036,0.00012110870638676281,0.9996584783349595,0.02460435878206437,0.05579723044919033,0.9195984107687453,0.9996584783349595,87.93976161531177,0.999487717502439,BEAR,0.9195984107687453,88.39039448764306,HIGH,0.919862778394901,0.8,2
NIFTYIT,2020-05-18,BEAR,0.000447164089153642,0.00027734631702165685,0.9992754895938246,0.02477714722850322,0.05595807858478096,0.9192647741867158,0.9992754895938246,87.88971612800735,0.9989132343907368,BEAR,0.9192647741867158,88.38803610029893,HIGH,0.9198290871471277,0.8,3
NIFTYIT,2020-05-19,BEAR,0.0023703460151344447,0.0014671974125603628,0.9961624565723052,0.026239772791221003,0.05720549898815043,0.9165547282206287,0.9961624565723052,87.48320923309429,0.9942436848584576,BEAR,0.9165547282206287,88.36804045213792,HIGH,0.9195434350305418,0.8,4
NIFTYIT,2020-05-20,BEAR,0.003842316766173779,0.010556665940748248,0.985601017293078,0.027532989987710685,0.06522259338527399,0.9072444166270153,0.985601017293078,86.08666249405229,0.978401525939617,BEAR,0.9072444166270153,88.35231693823981,HIGH,0.9193188134034259,0.8,5
NIFTYIT,2020-05-21,BEAR,0.0021517225853804464,0.002233565468921279,0.9956147119456983,0.026092658497675614,0.057842246758267254,0.916065094744057,0.9956147119456983,87.40976421160858,0.9934220679185473,BEAR,0.916065094744057,88.37026730605632,HIGH,0.9195752472293762,0.8,6
NIFTYIT,2020-05-22,BULL,0.4378026130548631,0.2467320621837625,0.3154653247613745,0.3568837007011494,0.31879891410397515,0.3243173851948755,0.4378026130548631,3.5325551051724102,0.15670391958229468,BULL,0.3568837007011494,68.84201427576212,MODERATE,0.8548859182251732,0.3,1
NIFTYIT,2020-05-26,BEAR,0.163184607629416,0.3328155738065621,0.5039998185640219,0.1534683137234509,0.3617186750078346,0.48481301126871446,0.5039998185640219,22.72195169030717,0.2559997278460328,BEAR,0.48481301126871446,83.68414416794315,HIGH,0.8954877738277593,0.7,1
NIFTYIT,2020-05-27,BULL,0.9533775313828939,0.03325965533675043,0.013362813280355624,0.737679347934586,0.19344193950268812,0.06887871256272582,0.9533775313828939,60.6519021901879,0.9300662970743407,BULL,0.737679347934586,63.508784208475014,MODERATE,0.7786969172639288,0.3,1
NIFTYIT,2020-05-28,BULL,0.9796830336944503,0.020165640923413115,0.0001513253821366156,0.7570613993153272,0.18514434505480584,0.05779425562986695,0.9796830336944503,63.559209897299084,0.9695245505416753,BULL,0.7570613993153272,63.236786684680546,MODERATE,0.7748112383525794,0.3,2
NIFTYIT,2020-05-29,BULL,0.9993628263293047,0.0006143740422830833,2.2799628412234528e-05,0.7713543480845534,0.1705130381916425,0.058132613723804114,0.9993628263293047,65.70315221268301,0.9990442394939569,BULL,0.7713543480845534,66.03379864038395,MODERATE,0.7719114091483421,0.4,3
NIFTYIT,2020-06-01,BULL,0.9989319257228229,0.0010648150181020112,3.2592590750985914e-06,0.7710418704804417,0.17085270227267688,0.058105427246881475,0.9989319257228229,65.65628057206625,0.9983978885842343,BULL,0.7710418704804417,69.0382420369829,MODERATE,0.7719748862426129,0.5,4
NIFTYIT,2020-06-02,BULL,0.9891263822605415,0.010872142361409246,1.4753780491566282e-06,0.7639217440478497,0.17819965281223085,0.057878603139919466,0.9891263822605415,64.58826160717746,0.9836895733908124,BULL,0.7639217440478497,72.13937835159123,MODERATE,0.7734196907370176,0.6,5
NIFTYIT,2020-06-03,BULL,0.9193245544320773,0.08066302453450643,1.2421033416271354e-05,0.7132358471797682,0.23047930261552863,0.05628485020470319,0.9193245544320773,56.98537707696523,0.8789868316481158,BULL,0.7132358471797682,75.85932942104562,HIGH,0.7837047060149375,0.7,6
NIFTYIT,2020-06-04,BULL,0.9998408149283919,0.00015917966431185497,5.407296176195183e-09,0.7717019173535369,0.17017465586743752,0.058123426779025565,0.9998408149283919,65.75528760303054,0.9997612223925879,BULL,0.7717019173535369,78.02886739871322,HIGH,0.7718409628387604,0.8,7
NIFTYIT,2020-06-05,BULL,0.998855935609771,0.0011440582598113106,6.1304175618557134e-09,0.7709867603843736,0.17091243613061677,0.058100803485009525,0.998855935609771,65.64801405765604,0.9982839034146566,BULL,0.7709867603843736,81.03902564801501,HIGH,0.7719860806859287,0.9,8
NIFTYIT,2020-06-08,BULL,0.9999956270218202,4.372695008707041e-06,2.831710432534684e-10,0.7718143321948931,0.1700586893284079,0.058126978476699016,0.9999956270218202,65.77214982923397,0.9999934405327303,BULL,0.7718143321948931,81.02727063445683,HIGH,0.7718181519208118,0.9,9
NIFTYIT,2020-06-09,BULL,0.9969316901492596,0.003068231307290422,7.854344988099596e-08,0.7695894937234175,0.17235384109676455,0.05805666517981805,0.9969316901492596,65.43842405851261,0.9953975352238893,BULL,0.7695894937234175,84.058872717925,HIGH,0.7722696102560714,1.0,10
NIFTYIT,2020-06-10,BULL,0.9985958357882669,0.0014041391718423654,2.5039890676574425e-08,0.770797891973646,0.1711072626359419,0.05809484539041212,0.9985958357882669,65.6196837960469,0.9978937536824004,BULL,0.770797891973646,84.04170837241085,HIGH,0.7720244053201551,1.0,11
NIFTYIT,2020-06-11,BULL,0.8807887495054494,0.11920180906580331,9.441428747316709e-06,0.6852536507811982,0.25934935176567103,0.055396997453130765,0.8807887495054494,52.78804761717972,0.8211831242581741,BULL,0.6852536507811982,85.25679554126478,HIGH,0.7893827934466398,1.0,12
NIFTYIT,2020-06-12,SIDE,0.08771655944792546,0.9121775402098774,0.00010590034219718586,0.1093728306301128,0.8533627103560317,0.03726445901385541,0.9121775402098774,78.00440655340476,0.8682663103148159,SIDE,0.8533627103560317,66.4367113017139,MODERATE,0.9062387328816273,0.1,1
NIFTYIT,2020-06-15,SIDE,0.005577806099232019,0.9944206655686141,1.5283321538255665e-06,0.049731089972492544,0.9149836249760659,0.03528528505144153,0.9944206655686141,87.24754374640989,0.9916309983529211,SIDE,0.9149836249760659,70.28390206566395,MODERATE,0.9183414580809137,0.2,2
NIFTYIT,2020-06-16,SIDE,0.0018164699959419169,0.9981799421834019,3.5878206562672734e-06,0.046999802281864865,0.9177994932419059,0.03520070447622924,0.9981799421834019,87.66992398628587,0.9972699132751028,SIDE,0.9177994932419059,73.32269737077539,MODERATE,0.9188956767253629,0.3,3
NIFTYIT,2020-06-17,SIDE,0.0013953414799926498,0.9986000333011786,4.625218828763557e-06,0.046693983400306546,0.9181140681551161,0.035191948444577355,0.9986000333011786,87.71711022326741,0.997900049951768,SIDE,0.9181140681551161,76.32704103067579,HIGH,0.9189577290096541,0.4,4
NIFTYIT,2020-06-18,SIDE,0.0019296215722026805,0.9980674777500294,2.900677767975674e-06,0.04708198038417746,0.9177153238461986,0.03520269576962395,0.9980674777500294,87.65729857692979,0.997101216625044,SIDE,0.9177153238461986,79.32153026676572,HIGH,0.9188790038109389,0.5,5
NIFTYIT,2020-06-19,SIDE,0.0007045726354415706,0.9992689246401849,2.6502724373386318e-05,0.04619192607453626,0.9186126374243283,0.035195436501135456,0.9992689246401849,87.79189561364923,0.9989033869602774,SIDE,0.9186126374243283,82.33416688488163,HIGH,0.9190595269268804,0.6,6
NIFTYIT,2020-06-22,SIDE,0.00027720209188628357,0.9995839451804365,0.00013885272767724555,0.04587920992317293,0.9188357703136041,0.035285019763222986,0.9995839451804365,87.82536554704062,0.9993759177706547,SIDE,0.9188357703136041,85.33858063142368,HIGH,0.9191225804489099,0.7,7
NIFTYIT,2020-06-23,SIDE,0.0035323288215129635,0.9964393056972194,2.8365481267565114e-05,0.04824522386257498,0.9164927344159816,0.035262041721443406,0.9964393056972194,87.47391016239722,0.9946589585458291,SIDE,0.9164927344159816,88.3050009174103,HIGH,0.9186428702487185,0.8,8
NIFTYIT,2020-06-24,SIDE,0.00035412691343934263,0.999383280961658,0.0002625921249026768,0.04593243915678966,0.918671296861343,0.03539626398186739,0.999383280961658,87.80069452920142,0.9990749214424868,SIDE,0.918671296861343,91.33779355486614,HIGH,0.9191113364980877,0.9,9
NIFTYIT,2020-06-25,SIDE,0.0003547785399251608,0.9952465564531702,0.004398665006904667,0.04584504634108306,0.9150993268200246,0.03905562683889228,0.9952465564531702,87.26489902300368,0.9928698346797551,SIDE,0.9150993268200246,94.33799881893125,HIGH,0.9191142688418753,1.0,10
NIFTYIT,2020-06-26,BULL,0.9964250238997299,0.0034111739846278185,0.00016380211564242172,0.7692181066841659,0.17259201416138648,0.058189879154447705,0.9964250238997299,65.38271600262489,0.9946375358495948,BULL,0.7692181066841659,57.064106969837226,MODERATE,0.772344385283389,0.1,1
NIFTYIT,2020-06-29,SIDE,0.0734795472734336,0.9238714533095084,0.0026489994170579585,0.09898078938693575,0.8618318132055932,0.039187397407471,0.9238714533095084,79.27477198083896,0.8858071799642624,SIDE,0.8618318132055932,90.58368513462402,HIGH,0.9083383590660573,0.9,1
NIFTYIT,2020-06-30,SIDE,0.0009796317204926437,0.9987573334488351,0.0002630348306721954,0.04638663170747872,0.9182023439882703,0.035411024304251006,0.9987573334488351,87.73035159824055,0.9981360001732527,SIDE,0.9182023439882703,91.33134199143156,HIGH,0.9190191713061652,0.9,2
NIFTYIT,2020-07-01,SIDE,0.00030602868840102945,0.9996056859486435,8.828536295549705e-05,0.04590121621491654,0.918857840793367,0.03524094299171656,0.9996056859486435,87.82867611900504,0.9994085289229653,SIDE,0.918857840793367,91.33828071622105,HIGH,0.9191182959460151,0.9,3
NIFTYIT,2020-07-02,SIDE,0.18308078581232615,0.8168981522884916,2.1061899182211644e-05,0.17862209130559065,0.7819978717386948,0.039380036955714404,0.8168981522884916,67.29968076080422,0.7253472284327376,SIDE,0.7819978717386948,89.45310057247727,HIGH,0.8921871510353896,0.9,4
NIFTYIT,2020-07-03,SIDE,0.21011445167755957,0.7898830786709506,2.469651489770536e-06,0.19825262142522992,0.7617627931425827,0.03998458543218746,0.7898830786709506,64.2644189713874,0.6848246180064259,SIDE,0.7617627931425827,89.17426879105956,HIGH,0.8882038398722796,0.9,5
NIFTYIT,2020-07-06,BULL,0.7409051879964392,0.25909363259461804,1.179408942816397e-06,0.5836792477235409,0.3641443683367673,0.05217638393969197,0.7409051879964392,37.55188715853113,0.6113577819946588,BULL,0.5836792477235409,62.699583141660796,MODERATE,0.8099940448808685,0.2,1
NIFTYIT,2020-07-07,BULL,0.9999747253893034,2.526861318569366e-05,5.997510909745653e-09,0.7717991546324077,0.1700743419723411,0.058126503395251314,0.9999747253893034,65.76987319486115,0.9999620880839551,BULL,0.7717991546324077,63.02748621851625,MODERATE,0.7718212316930894,0.3,2
NIFTYIT,2020-07-08,BULL,0.9508059312985382,0.049181692766691765,1.237593477014126e-05,0.7360956291847335,0.20689639314190014,0.05700797767336647,0.9508059312985382,60.414344377710016,0.9262088969478073,BULL,0.7360956291847335,66.53462397781489,MODERATE,0.779066056825927,0.4,3
NIFTYIT,2020-07-09,BULL,0.8353865819946112,0.16460902942316843,4.388582220349555e-06,0.6522855810081231,0.29336483767371274,0.05434958131816422,0.8353865819946112,47.84283715121846,0.7530798729919167,BULL,0.6522855810081231,70.72508264096923,MODERATE,0.7960726091567033,0.5,4
NIFTYIT,2020-07-10,BULL,0.6942347686046734,0.3057619586294578,3.2727658688610912e-06,0.5497901019853082,0.3991037410429352,0.051106156971756515,0.6942347686046734,32.46851529779623,0.54135215290701,BULL,0.5497901019853082,72.18095162018763,MODERATE,0.8168707374312518,0.5,5
NIFTYIT,2020-07-13,BULL,0.9946789117074689,0.005320809588007503,2.7870452365639624e-07,0.7679536645152599,0.17404124240784913,0.05800509307689098,0.9946789117074689,65.19304967728898,0.9920183675612032,BULL,0.7679536645152599,72.08210835159181,MODERATE,0.7726015478798831,0.6,6
NIFTYIT,2020-07-14,BULL,0.8723395609878484,0.1276500309956604,1.0408016491310002e-05,0.6791183649328472,0.2656778710694671,0.05520376399768579,0.8723395609878484,51.86775473992707,0.8085093414817726,BULL,0.6791183649328472,76.3439422710362,HIGH,0.7906277467290886,0.7,7
NIFTYIT,2020-07-15,BULL,1.0,3.1678301398789355e-24,3.5172195312407865e-19,0.7718175075805669,0.17005541374038188,0.05812707867905122,1.0,65.77262613708503,1.0,BULL,0.7718175075805669,78.02722553063968,HIGH,0.7718175075805669,0.8,8
NIFTYIT,2020-07-16,BULL,0.9999999999999998,1.9405264791935463e-20,1.362416154560487e-16,0.7718175075805669,0.17005541374038188,0.05812707867905134,0.9999999999999998,65.77262613708503,0.9999999999999997,BULL,0.7718175075805669,81.0272255306397,HIGH,0.771817507580567,0.9,9
NIFTYIT,2020-07-17,BULL,0.9999999994406416,4.995042430464842e-10,5.985423589505622e-11,0.7718175071731247,0.17005541410771785,0.05812707871915746,0.9999999994406416,65.7726260759687,0.9999999991609622,BULL,0.7718175071731247,84.02722553641206,HIGH,0.7718175076630296,1.0,10
NIFTYIT,2020-07-20,BULL,0.9999999999989118,3.4929482135810787e-14,1.0533028456902697e-12,0.7718175075797543,0.17005541374028757,0.058127078679958116,0.9999999999989118,65.77262613696314,0.9999999999983676,BULL,0.7718175075797543,84.02722553065092,HIGH,0.7718175075807275,1.0,11
NIFTYIT,2020-07-21,BULL,0.999999999988804,6.837402017326921e-12,4.358682660096986e-12,0.7718175075723445,0.17005541374500527,0.05812707868265033,0.999999999988804,65.77262613585167,0.9999999999832058,BULL,0.7718175075723445,84.02722553075537,HIGH,0.7718175075822196,1.0,12
NIFTYIT,2020-07-22,BULL,0.9999999576044805,4.118544286962687e-08,1.2100765907238415e-09,0.7718174767699204,0.17005544445430468,0.058127078775774874,0.9999999576044805,65.77262151548805,0.9999999364067207,BULL,0.7718174767699204,84.0272259679779,HIGH,0.7718175138282556,1.0,13
NIFTYIT,2020-07-23,BULL,0.9999981497027871,1.8456169513289606e-06,4.680261527778203e-09,0.7718161639125493,0.1700567957712726,0.05812704031617807,0.9999981497027871,65.77242458688238,0.9999972245541805,BULL,0.7718161639125493,84.02724461522826,HIGH,0.7718177802175465,1.0,14
NIFTYIT,2020-07-24,BULL,0.9999999455443488,5.402158847674256e-08,4.340628124399469e-10,0.7718174680291024,0.17005545415872955,0.058127077812168075,0.9999999455443488,65.77262020436537,0.999999918316523,BULL,0.7718174680291024,84.0272260923288,HIGH,0.7718175156046972,1.0,15
NIFTYIT,2020-07-27,BULL,0.9999999993257065,6.192350721779967e-10,5.50583709515736e-11,0.771817507089768,0.17005541419795775,0.05812707871227416,0.9999999993257065,65.7726260634652,0.9999999989885597,BULL,0.771817507089768,84.02722553759733,HIGH,0.7718175076799622,1.0,16
NIFTYIT,2020-07-28,BULL,0.9999999999996654,1.1067885464334926e-13,2.2393308041163248e-13,0.7718175075803192,0.17005541374043917,0.058127078679241655,0.9999999999996654,65.77262613704788,0.9999999999994981,BULL,0.7718175075803192,84.02722553064316,HIGH,0.7718175075806168,1.0,17
NIFTYIT,2020-07-29,BULL,0.9999999956492533,4.30551674953177e-09,4.5229911579265253e-11,0.7718175044203694,0.17005541696050477,0.058127078619125715,0.9999999956492533,65.77262566305542,0.99999999347388,BULL,0.7718175044203694,84.02722557551645,HIGH,0.7718175082216637,1.0,18
NIFTYIT,2020-07-30,BULL,0.9999999951111391,4.866855315354306e-09,2.2005507234888337e-11,0.7718175040301185,0.17005541738366456,0.058127078586217,0.9999999951111391,65.77262560451777,0.9999999926667087,BULL,0.7718175040301185,84.02722558106552,HIGH,0.7718175083009361,1.0,19
NIFTYIT,2020-07-31,BULL,0.9999999684414687,3.150231434228038e-08,5.6217058527693844e-11,0.7718174846635669,0.1700554373325842,0.058127078003848975,0.9999999684414687,65.77262269953503,0.999999952662203,BULL,0.7718174846635669,84.0272258561438,HIGH,0.7718175122306257,1.0,20
NIFTYIT,2020-08-03,BULL,0.9999982334106978,1.7662811307200315e-06,3.0817147149493164e-10,0.7718162247888097,0.1700567368402964,0.05812703837089386,0.9999982334106978,65.77243371832145,0.9999973501160467,BULL,0.7718162247888097,84.02724375162339,HIGH,0.7718177678803342,1.0,21
NIFTYIT,2020-08-04,BULL,0.9998324036202216,0.00016756802785048794,2.8351927986035446e-08,0.7716958091070988,0.17018093703232312,0.05812325386057816,0.9998324036202216,65.75437136606482,0.9997486054303323,BULL,0.7716958091070988,84.02895415586373,HIGH,0.7718422022266249,1.0,22
NIFTYIT,2020-08-05,BULL,0.9985537025375724,0.001446105228828302,1.9223359942112075e-07,0.7707672939249536,0.17113868061621587,0.05809402545883065,0.9985537025375724,65.61509408874304,0.9978305538063585,BULL,0.7707672939249536,84.04214295205364,HIGH,0.7720306136007663,1.0,23
NIFTYIT,2020-08-06,BULL,0.9999864947590127,1.3501249649606995e-05,3.991337729556326e-09,0.7718077008455372,0.17006552717672302,0.05812677197773986,0.9999864947590127,65.77115512683058,0.999979742138519,BULL,0.7718077008455372,84.02736482669677,HIGH,0.7718194975242395,1.0,24
NIFTYIT,2020-08-07,BULL,0.9958218700457571,0.0041761903754060515,1.939578836794168e-06,0.7687835731530719,0.1731836091181505,0.05803281772877761,0.9958218700457571,65.31753597296078,0.9937328050686356,BULL,0.7687835731530719,84.07031972770386,HIGH,0.7724331389671981,1.0,25
NIFTYIT,2020-08-10,BULL,0.9982926032743983,0.0017070439599230893,3.5276567862780663e-07,0.7705776967744102,0.17133413352066384,0.05808816970492595,0.9982926032743983,65.58665451616153,0.9974389049115973,BULL,0.7705776967744102,84.04483599215642,HIGH,0.7720690856022345,1.0,26
NIFTYIT,2020-08-11,BULL,0.9800608483287268,0.019937482686938776,1.6689843344489547e-06,0.7573389236358171,0.1849905488071739,0.05767052755700898,0.9800608483287268,63.60083854537256,0.9700912724930901,BULL,0.7573389236358171,84.232882155995,HIGH,0.7747554593713571,1.0,27
NIFTYIT,2020-08-12,BULL,0.8765267658378812,0.12347169912001951,1.5350420992252013e-06,0.6821590362664329,0.262548864573996,0.055292099159571104,0.8765267658378812,52.32385543996494,0.8147901487568219,BULL,0.6821590362664329,85.3007541182619,HIGH,0.7900107731180274,1.0,28
NIFTYIT,2020-08-13,BULL,0.697204619543729,0.30279208411178044,3.29634449060312e-06,0.5519466190502287,0.396878981854079,0.05117439909569234,0.697204619543729,32.791992857534304,0.5458069293155935,BULL,0.5519466190502287,87.15031996374269,HIGH,0.8164331423391815,1.0,29
NIFTYIT,2020-08-14,SIDE,0.18052884129134122,0.8194393945106935,3.176419796520636e-05,0.1767688035420164,0.7839003121733233,0.03933088428466027,0.8194393945106935,67.58504682599849,0.7291590917660402,SIDE,0.7839003121733233,65.47942240530674,MODERATE,0.8925631772186677,0.1,1
NIFTYIT,2020-08-17,SIDE,0.1224895803722815,0.8774753149837692,3.5104643949311254e-05,0.13462429898617892,0.8273750971344394,0.03800060387938172,0.8774753149837692,74.1062645701659,0.8162129724756536,SIDE,0.8273750971344394,69.07805153379523,MODERATE,0.9011150219113603,0.2,2
NIFTYIT,2020-08-18,SIDE,0.10097193363003948,0.899023557421203,4.5089487575977985e-06,0.11900019736806482,0.8435205557620934,0.03747924686984184,0.899023557421203,76.52808336431399,0.8485353361318043,SIDE,0.8435205557620934,72.29998743057182,MODERATE,0.9042855347224548,0.3,3
NIFTYIT,2020-08-19,SIDE,0.02780589251949355,0.972177958156266,1.6149324240540515e-05,0.06587140723111998,0.898319764456659,0.035808828312221146,0.972177958156266,84.74796466849884,0.9582669372343989,SIDE,0.898319764456659,76.05463772816596,HIGH,0.9150662532595139,0.4,4
NIFTYIT,2020-08-20,SIDE,0.005852234691216397,0.9940940296637608,5.373564502273362e-05,0.04992925354395472,0.9147329675474953,0.03533777890854994,0.9940940296637608,87.2099451321243,0.9911410444956412,SIDE,0.9147329675474953,79.28107422809887,HIGH,0.9183010604014125,0.5,5
NIFTYIT,2020-08-21,SIDE,0.002389471982844308,0.997557646224423,5.2881792732619115e-05,0.04741483282394664,0.917327687779381,0.03525747939667238,0.997557646224423,87.59915316690716,0.9963364693366343,SIDE,0.917327687779381,82.31678983606274,HIGH,0.9188112833723249,0.6,6
NIFTYIT,2020-08-24,SIDE,0.0015076067932047988,0.9984534936640062,3.8899542789056894e-05,0.046774775239462045,0.9180003735834034,0.0352248511771346,0.9984534936640062,87.70005603751049,0.9976802404960092,SIDE,0.9180003735834034,85.3258848596378,HIGH,0.9189412122805399,0.7,7
NIFTYIT,2020-08-25,SIDE,0.0010626410791829753,0.9988076634955273,0.00012969542528968662,0.04644974048208379,0.9182552990486081,0.03529496046930805,0.9988076634955273,87.73829485729122,0.9982114952432908,SIDE,0.9182552990486081,88.3304789817043,HIGH,0.9190068425957759,0.8,8
NIFTYIT,2020-08-26,SIDE,0.0017651420836115668,0.9980243884995778,0.00021046941681065293,0.04695813624907208,0.9176593019806003,0.03538256177032759,0.9980243884995778,87.64889529709005,0.9970365827493665,SIDE,0.9176593019806003,91.32323738074241,HIGH,0.9189033911534631,0.9,9
NIFTYIT,2020-08-27,SIDE,0.0009091389917015014,0.9990234499546892,6.741105360925542e-05,0.04633960015083995,0.918424070974964,0.035236328874196005,0.9990234499546892,87.7636106462446,0.9985351749320336,SIDE,0.918424070974964,94.33205904178065,HIGH,0.9190294148825809,1.0,10
NIFTYIT,2020-08-28,SIDE,0.0007770583454444455,0.9990139991705679,0.00020894248398773275,0.04624068488673112,0.918400801824425,0.0353585132888439,0.9990139991705679,87.76012027366374,0.9985209987558517,SIDE,0.918400801824425,94.33342860279448,HIGH,0.9190489800399213,1.0,11
NIFTYIT,2020-08-31,SIDE,0.0006105758689670254,0.9968427075025145,0.002546716628518479,0.04607013260970062,0.916506856816668,0.03742301057363139,0.9968427075025145,87.47602852250019,0.9952640612537715,SIDE,0.916506856816668,94.3352655548708,HIGH,0.9190752222124399,1.0,12
NIFTYIT,2020-09-01,SIDE,0.0006017800982770021,0.9860133029740719,0.013384916927651138,0.04583350090797071,0.9071547044675322,0.04701179462449713,0.9860133029740719,86.07320567012981,0.9790199544611078,SIDE,0.9071547044675322,94.33591176375327,HIGH,0.9190844537679039,1.0,13
NIFTYIT,2020-09-02,SIDE,0.0008440005586561854,0.9987273117688689,0.00042868767247491855,0.046284625853026985,0.9181609058175934,0.0355544683293797,0.9987273117688689,87.72413587263898,0.9980909676533033,SIDE,0.9181609058175934,94.33274940948681,HIGH,0.9190392772783833,1.0,14
NIFTYIT,2020-09-03,SIDE,0.0018484809622193025,0.9981383876975156,1.3131340265009594e-05,0.0470228438763767,0.9177672727839878,0.03520988333963549,0.9981383876975156,87.66509091759818,0.9972075815462734,SIDE,0.9177672727839878,94.32236769217113,HIGH,0.9188909670310162,1.0,15
NIFTYIT,2020-09-04,SIDE,0.0004567959617214227,0.9980751909196187,0.0014680131186598944,0.045981383168013285,0.9175535106005789,0.03646510623140791,0.9980751909196187,87.63302659008681,0.9971127863794279,SIDE,0.9175535106005789,94.33679638616998,HIGH,0.9190970912309998,1.0,16
NIFTYIT,2020-09-07,BULL,0.5200561936568403,0.4755036674964691,0.004440138846690528,0.4232184017905855,0.5257510736298151,0.05103052457959951,0.5200561936568403,28.862661044472247,0.28008429048526046,SIDE,0.5257510736298151,61.977692916828616,MODERATE,0.8425384702404088,0.1,1
NIFTYIT,2020-09-08,SIDE,0.012494258447645885,0.9874383423617318,6.739919062241679e-05,0.05475198005474981,0.9097455766003633,0.03550244334488693,0.9874383423617318,86.4618364900545,0.9811575135425975,SIDE,0.9097455766003633,91.21256771977964,HIGH,0.917322395996852,0.9,1
NIFTYIT,2020-09-09,SIDE,0.000299964327100439,0.9996263461662751,7.368950662450226e-05,0.04589712273174812,0.9188749871162253,0.03522789015202657,0.9996263461662751,87.83124806743378,0.9994395192494127,SIDE,0.9188749871162253,91.33834251722183,HIGH,0.9191191788174548,0.9,2
NIFTYIT,2020-09-10,SIDE,0.0004288900845587944,0.9995578102044792,1.3299710962010666e-05,0.045992023357284056,0.918830554151452,0.03517742249126401,0.9995578102044792,87.82458312271778,0.9993367153067186,SIDE,0.918830554151452,91.33700965511574,HIGH,0.9191001379302248,0.9,3
NIFTYIT,2020-09-11,SIDE,0.002012611653146952,0.9979842538292678,3.1345175852582806e-06,0.04714223755459946,0.9176529534004246,0.03520480904497595,0.9979842538292678,87.64794301006368,0.9969763807439017,SIDE,0.9176529534004246,91.32067430186825,HIGH,0.9188667757409751,0.9,4
NIFTYIT,2020-09-14,BULL,0.9999459664143326,5.394943248715952e-05,8.415318016661455e-08,0.7717782700267861,0.1700958180608654,0.058125911912348546,0.9999459664143326,65.76674050401792,0.999918949621499,BULL,0.7717782700267861,60.02778284854586,MODERATE,0.7718254692649409,0.2,1
NIFTYIT,2020-09-15,BULL,0.9997038128359624,0.000296174392561907,1.2771475625486697e-08,0.7716024349587789,0.17027727885957117,0.05812028618164998,0.9997038128359624,65.74036524381684,0.9995557192539435,BULL,0.7716024349587789,63.03028046704567,MODERATE,0.771861149529224,0.3,2
NIFTYIT,2020-09-16,BULL,0.9999016543974293,9.834079523166231e-05,4.80733909065259e-09,0.7717460951335732,0.17012908105802563,0.05812482380840126,0.9999016543974293,65.76191427003597,0.9998524815961439,BULL,0.7717460951335732,66.02823988779878,MODERATE,0.7718319983971255,0.4,3
NIFTYIT,2020-09-17,BULL,0.9997575654421245,0.00024242712130729133,7.436568243871318e-09,0.7716414668086462,0.17023701696380353,0.058121516227550296,0.9997575654421245,65.74622002129693,0.9996363481631867,BULL,0.7716414668086462,69.02972605125994,MODERATE,0.7718532293037135,0.5,4
NIFTYIT,2020-09-18,BULL,0.9995522344572365,0.0004477625830491567,2.9597143029887645e-09,0.7714923685534287,0.1703908358944163,0.05811679555215489,0.9995522344572365,65.72385528301432,0.9993283516858548,BULL,0.7714923685534287,72.03184387733343,MODERATE,0.7718834839619064,0.6,5
NIFTYIT,2020-09-21,BULL,0.9952416006464642,0.004758387013681068,1.2339854789452675e-08,0.7683622592262892,0.17361995767779168,0.058017783095919165,0.9952416006464642,65.25433888394338,0.9928624009696962,BULL,0.7683622592262892,72.07630464768795,MODERATE,0.7725186378241136,0.6,6
NIFTYIT,2020-09-22,BULL,0.9972520850900832,0.002747907004724473,7.905192251389957e-09,0.7698221457280808,0.1721138917082387,0.05806396256368049,0.9972520850900832,65.47332185921212,0.9958781276351248,BULL,0.7698221457280808,75.05556809452986,HIGH,0.7722224013504266,0.7,7
NIFTYIT,2020-09-23,BULL,0.9704169433883612,0.029582954783599177,1.0182803965823843e-07,0.7503361642514718,0.19221622751054998,0.057447608237978266,0.9704169433883612,62.55042463772076,0.9556254150825417,BULL,0.7503361642514718,78.33235130852003,HIGH,0.7761764472645719,0.8,8
NIFTYIT,2020-09-24,BULL,0.9090252755329796,0.06981870913318988,0.02115601533383051,0.7053079927623027,0.21993716728536672,0.07475483995233052,0.9090252755329796,55.79619891434541,0.8635379132994693,BULL,0.7053079927623027,81.96664198381295,HIGH,0.7852377426258993,0.9,9
NIFTYIT,2020-09-25,BULL,0.9962709532035712,0.0037190022151807993,1.0044581248020776e-05,0.7691094967046848,0.1728401987363501,0.05805030455896508,0.9962709532035712,65.36642450570271,0.9944064298053568,BULL,0.7691094967046848,84.06568820641081,HIGH,0.7723669743772973,1.0,10
NIFTYIT,2020-09-28,BULL,0.9302262040597138,0.06976655411240751,7.241827878580288e-06,0.721152044376868,0.2223172628743094,0.05653069274882267,0.9302262040597138,58.1728066565302,0.8953393060895707,BULL,0.721152044376868,84.74688728356263,HIGH,0.7820983897651804,1.0,11
NIFTYIT,2020-09-29,BULL,0.8710846379841893,0.12891097529236575,4.3867234450262e-06,0.6782072472816895,0.26662314317921343,0.055169609539097185,0.8710846379841893,51.73108709225341,0.8066269569762838,BULL,0.6782072472816895,85.35688549818774,HIGH,0.7908126499741106,1.0,12
NIFTYIT,2020-09-30,BULL,0.8813334608429716,0.11866337654892811,3.1626081002144532e-06,0.685649319024727,0.25894672593005297,0.05540395504522008,0.8813334608429716,52.847397853709055,0.8220001912644576,BULL,0.685649319024727,85.25117695391091,HIGH,0.7893025279130133,1.0,13
NIFTYIT,2020-10-01,BULL,0.9349455560682847,0.06505234344133604,2.100490379348538e-06,0.7245790479829869,0.21878639848020898,0.056634553536804154,0.9349455560682847,58.68685719744803,0.902418334102427,BULL,0.7245790479829869,84.69821064604194,HIGH,0.7814030092291707,1.0,14
NIFTYIT,2020-10-05,BULL,0.999998455985151,1.5119302355780316e-06,3.2084613433503937e-08,0.7718163857332211,0.17005654266918627,0.05812707159759265,0.999998455985151,65.77245785998316,0.9999976839777264,BULL,0.7718163857332211,84.02724145757307,HIGH,0.7718177351081867,1.0,15
NIFTYIT,2020-11-26,BULL,1.0,4.265838940970563e-286,4.530961282798536e-219,0.7718175075805669,0.17005541374038188,0.05812707867905122,1.0,65.77262613708503,1.0,BULL,0.7718175075805669,84.02722553063968,HIGH,0.7718175075805669,1.0,16
NIFTYIT,2020-11-27,BULL,1.0,1.0703842657884692e-131,6.913016590136099e-101,0.7718175075805669,0.17005541374038188,0.05812707867905122,1.0,65.77262613708503,1.0,BULL,0.7718175075805669,84.02722553063968,HIGH,0.7718175075805669,1.0,17
NIFTYIT,2020-12-01,SIDE,0.4580915604376881,0.5414824841546334,0.00042595540767838134,0.37830888815572244,0.5756355013610908,0.04605561048318682,0.5414824841546334,36.345325204163615,0.3122237262319501,SIDE,0.5756355013610908,62.61660323906602,MODERATE,0.8516657605580861,0.1,1
NIFTYIT,2020-12-02,SIDE,0.14211338720603472,0.8578843121217402,2.3006722250798407e-06,0.1488745609179593,0.8127030743130973,0.03842236476894347,0.8578843121217402,71.90546114696458,0.7868264681826102,SIDE,0.8127030743130973,68.87564584464974,MODERATE,0.8982235120664249,0.2,2
NIFTYIT,2020-12-03,SIDE,0.008436768396068613,0.991555400980762,7.830623169501612e-06,0.051806953348116455,0.9128365117038834,0.035356534948000236,0.991555400980762,86.92547675558248,0.9873331014711428,SIDE,0.9128365117038834,73.25441445944158,MODERATE,0.9179202065634512,0.3,3
NIFTYIT,2020-12-04,SIDE,0.003505729278809875,0.9964908232372146,3.44748397552625e-06,0.048226438313593335,0.916534176931871,0.0352393847545357,0.9964908232372146,87.48012653978063,0.9947362348558217,SIDE,0.916534176931871,76.3052739934869,HIGH,0.9186467713355273,0.4,4
NIFTYIT,2020-12-07,SIDE,0.004968807043709047,0.9950285237098987,2.6692463922565666e-06,0.0492888492105319,0.9154388458107571,0.03527230497871105,0.9950285237098987,87.31582687161354,0.9925427855648479,SIDE,0.9154388458107571,79.29018346652373,HIGH,0.9184311923789106,0.5,5
NIFTYIT,2020-12-08,SIDE,0.012267015458574016,0.9877307856721501,2.1988692757995274e-06,0.0545883556993092,0.9099721063298923,0.03543953797079851,0.9877307856721501,86.49581594948384,0.9815961785082253,SIDE,0.9099721063298923,82.21490820933661,HIGH,0.9173558315619518,0.6,6
NIFTYIT,2020-12-09,SIDE,0.05283132775243511,0.9471679276695044,7.445780604250828e-07,0.08404361980344205,0.8795863149170895,0.036370065279468504,0.9471679276695044,81.93794723756342,0.9207518915042566,SIDE,0.8795863149170895,84.79651941677055,HIGH,0.9113788488110078,0.7,7
NIFTYIT,2020-12-10,SIDE,0.01905945636166166,0.9809403622471307,1.8139120771909264e-07,0.05952063873558382,0.9048855772078258,0.03559378405659042,0.9809403622471307,85.73283658117386,0.971410543370696,SIDE,0.9048855772078258,88.14484946371931,HIGH,0.9163549923388474,0.8,8
NIFTYIT,2020-12-11,SIDE,0.0029868366366320766,0.9970126557945338,5.075688340482235e-07,0.047849713811767634,0.9169254221189848,0.035224864069247686,0.9970126557945338,87.53881331784767,0.9955189836918007,SIDE,0.9169254221189848,91.3106258089844,HIGH,0.9187232258426342,0.9,9
NIFTYIT,2020-12-14,BULL,0.9999992837960677,7.147515554968412e-07,1.4523767549526884e-09,0.7718169874877999,0.17005594900029108,0.05812706351190902,0.9999992837960677,65.77254812316998,0.9999989256941014,BULL,0.7718169874877999,57.027232917789775,MODERATE,0.7718176131112825,0.1,1
NIFTYIT,2020-12-15,BULL,0.9999391033063946,6.072192419884478e-05,1.7476940657302714e-07,0.771773284547651,0.17010088102256796,0.05812583442978103,0.9999391033063946,65.76599268214765,0.9999086549595917,BULL,0.771773284547651,60.027853640706866,MODERATE,0.7718264805815268,0.2,2
NIFTYIT,2020-12-16,SIDE,0.4678523845637294,0.5321470697300642,5.457062062840995e-07,0.38540561746334073,0.5686909303294858,0.045903452207173484,0.5321470697300642,35.30363954942287,0.2982206045950963,SIDE,0.5686909303294858,83.5159062741108,HIGH,0.8502272324872973,0.8,1
NIFTYIT,2020-12-17,SIDE,0.04356226564198467,0.9564373739977391,3.6036027628866023e-07,0.07731302239994152,0.8865301744291819,0.03615680317087656,0.9564373739977391,82.97952616437728,0.9346560609966085,SIDE,0.8865301744291819,87.89212242334523,HIGH,0.9127446060477891,0.8,2
NIFTYIT,2020-12-18,SIDE,0.1712894418323451,0.8287104975940986,6.057355633212515e-08,0.1700604106202328,0.7908489953372498,0.03909059404251734,0.8287104975940986,68.62734930058747,0.743065746391148,SIDE,0.7908489953372498,86.57471785994557,HIGH,0.8939245408563652,0.8,3
NIFTYIT,2020-12-21,SIDE,0.004475415746677947,0.995512298740855,1.228551246701704e-05,0.04893037542839912,0.9158001455277371,0.03526947904386365,0.995512298740855,87.37002182916058,0.9932684481112823,SIDE,0.9158001455277371,88.29527289940461,HIGH,0.918503898562923,0.8,4
NIFTYIT,2020-12-22,BULL,0.7279002561670891,0.2720972231840002,2.5206489106979274e-06,0.5742358618001554,0.37388530747890114,0.0518788307209434,0.7279002561670891,36.13537927002331,0.5918503842506336,BULL,0.5742358618001554,65.83371877066415,MODERATE,0.8119102681523451,0.3,1
NIFTYIT,2020-12-23,BULL,0.999708584161656,0.00029141302239432253,2.8159497106383933e-09,0.7716058998046534,0.17027371321831047,0.05812038697703615,0.999708584161656,65.740884970698,0.999562876242484,BULL,0.7716058998046534,66.03023125409408,MODERATE,0.7718604464870583,0.4,2
NIFTYIT,2020-12-24,BULL,0.9807648081356957,0.01923508644662387,1.0541768046287507e-07,0.7578501278569929,0.18446455708109247,0.05768531506191463,0.9807648081356957,63.677519178548934,0.9711472122035435,BULL,0.7578501278569929,69.22562128861598,MODERATE,0.774651732694514,0.5,3
NIFTYIT,2020-12-28,BULL,0.9788492605148191,0.02115066315628368,7.632889726005806e-08,0.7564591791723226,0.185899534073173,0.05764128675450437,0.9788492605148191,63.46887687584839,0.9682738907722287,BULL,0.7564591791723226,72.24537864200438,MODERATE,0.7749339806000625,0.6,4
NIFTYIT,2020-12-29,BULL,0.9898317722066633,0.010168182873389416,4.491994731364043e-08,0.7644339839177227,0.17767247481891155,0.05789354126336579,0.9898317722066633,64.6650975876584,0.9847476583099948,BULL,0.7644339839177227,72.13210274028292,MODERATE,0.7733157534326133,0.6,5
NIFTYIT,2020-12-30,BULL,0.9796792031041872,0.02032070832380432,8.857200844199358e-08,0.7570618306308953,0.1852778069430778,0.05766036242602693,0.9796792031041872,63.55927459463429,0.9695188046562808,BULL,0.7570618306308953,72.2368184428807,MODERATE,0.774811692041153,0.6,6
NIFTYIT,2020-12-31,BULL,0.9034453919881481,0.09655428067154788,3.2734030404863685e-07,0.7017056625204593,0.2423849516544856,0.05590938582505512,0.9034453919881481,55.25584937806889,0.855168087982222,BULL,0.7017056625204593,76.02310977129522,HIGH,0.7860444253042176,0.7,7
NIFTYIT,2021-01-01,BULL,0.9999999999999039,9.512483245280298e-14,1.087430129721484e-15,0.771817507580497,0.17005541374045302,0.058127078679049975,0.9999999999999039,65.77262613707455,0.9999999999998558,BULL,0.771817507580497,78.02722553064069,HIGH,0.7718175075805813,0.8,8
NIFTYIT,2021-01-04,BULL,0.9999956910212591,4.3086535948351134e-06,3.2514612754782533e-10,0.7718143786663385,0.17005864134967674,0.05812697998398475,0.9999956910212591,65.77215679995078,0.9999935365318886,BULL,0.7718143786663385,81.02726997435545,HIGH,0.7718181424907923,0.9,9
NIFTYIT,2021-01-05,BULL,0.9999999979304821,2.0653952943222162e-09,4.122609182022866e-12,0.7718175060777266,0.17005541528711426,0.05812707863515919,0.9999999979304821,65.77262591165899,0.9999999968957232,BULL,0.7718175060777266,84.02722555198532,HIGH,0.7718175078855046,1.0,10
NIFTYIT,2021-01-06,BULL,0.9999716944454273,2.8302868970137316e-05,2.685602554743059e-09,0.7717969538233797,0.17007661533619148,0.058126430840428844,0.9999716944454273,65.76954307350694,0.999957541668141,BULL,0.7717969538233797,84.02751748012942,HIGH,0.7718216782875633,1.0,11
NIFTYIT,2021-01-07,BULL,0.9988057777951256,0.00119419853698537,2.3667888956261113e-08,0.7709503385850909,0.1709499946027622,0.058099666812147,0.9988057777951256,65.64255078776362,0.9982086666926884,BULL,0.7709503385850909,84.03954298700201,HIGH,0.7719934712428858,1.0,12
NIFTYIT,2021-01-08,BULL,0.999999999409483,5.51288747429478e-10,3.92282194448611e-11,0.7718175071509376,0.1700554141488694,0.058127078700193055,0.999999999409483,65.77262607264063,0.9999999991142245,BULL,0.7718175071509376,84.02722553673246,HIGH,0.7718175076676065,1.0,13
NIFTYIT,2021-01-11,BULL,0.9999999999999648,2.796730080863267e-15,3.2354417930986954e-14,0.7718175075805407,0.17005541374038027,0.058127078679079035,0.9999999999999648,65.7726261370811,0.999999999999947,BULL,0.7718175075805407,84.02722553064001,HIGH,0.7718175075805718,1.0,14
NIFTYIT,2021-01-12,BULL,0.999999999983354,1.5752070414692024e-11,8.938933729032072e-13,0.7718175075684607,0.17005541375207966,0.0581270786794597,0.999999999983354,65.77262613526909,0.999999999975031,BULL,0.7718175075684607,84.02722553081139,HIGH,0.77181750758302,1.0,15
NIFTYIT,2021-01-13,BULL,0.9999999995588368,4.367799567466891e-10,4.383278564531106e-12,0.771817507260129,0.1700554140670758,0.05812707867279519,0.9999999995588368,65.77262608901935,0.999999999338255,BULL,0.771817507260129,84.02722553519013,HIGH,0.7718175076455734,1.0,16
NIFTYIT,2021-01-14,BULL,0.9999999897377077,1.0253324605475317e-08,8.967721705252127e-12,0.77181750012855,0.17005542142020263,0.05812707845124737,0.9999999897377077,65.77262501928249,0.9999999846065615,BULL,0.77181750012855,84.02722563648754,HIGH,0.7718175090926792,1.0,17
NIFTYIT,2021-01-15,BULL,0.9999315496314908,6.837294466185832e-05,7.742384741328137e-08,0.7717678016155698,0.17010662359767456,0.05812557478675565,0.9999315496314908,65.76517024233547,0.999897324447236,BULL,0.7717678016155698,84.027931545885,HIGH,0.771827593512643,1.0,18
NIFTYIT,2021-01-18,BULL,1.0,1.35334637158891e-161,2.5778786704587257e-124,0.7718175075805669,0.17005541374038188,0.05812707867905122,1.0,65.77262613708503,1.0,BULL,0.7718175075805669,84.02722553063968,HIGH,0.7718175075805669,1.0,19
NIFTYIT,2021-01-19,BULL,1.0,5.164592512820523e-36,3.550868151352541e-30,0.7718175075805669,0.17005541374038188,0.05812707867905122,1.0,65.77262613708503,1.0,BULL,0.7718175075805669,84.02722553063968,HIGH,0.7718175075805669,1.0,20
NIFTYIT,2021-01-20,BULL,0.9997099856665458,0.00028994927566560987,6.505778864262539e-08,0.771606916166443,0.17027260959434054,0.058120474239216575,0.9997099856665458,65.74103742496644,0.9995649784998185,BULL,0.771606916166443,84.03021680187244,HIGH,0.7718602400267491,1.0,21
NIFTYIT,2021-01-21,BULL,0.9801058943011022,0.01989244717775752,1.6585211402755173e-06,0.7573716333888734,0.18495681354789642,0.057671553063230276,0.9801058943011022,63.605745008331006,0.9701588414516531,BULL,0.7573716333888734,84.23241754197046,HIGH,0.7747488220281494,1.0,22
NIFTYIT,2021-01-22,BULL,0.9469220823756682,0.053072651180363736,5.266443968025276e-06,0.7332755752317552,0.20981195410579107,0.05691247066245368,0.9469220823756682,59.991336284763285,0.9203831235635022,BULL,0.7332755752317552,84.57468243558503,HIGH,0.7796383205083578,1.0,23
NIFTYIT,2021-01-25,BULL,0.6743397674842271,0.32317315513195405,0.0024870773838188845,0.5352908473316763,0.4118624886837945,0.05284666398452919,0.6743397674842271,30.293627099751447,0.5115096512263406,BULL,0.5352908473316763,87.38628008387477,HIGH,0.8198040011982111,1.0,24
NIFTYIT,2021-01-27,SIDE,0.19518908131801346,0.8034587391500259,0.0013521795319607907,0.18738609023082306,0.7717780372086266,0.04083587256055038,0.8034587391500259,65.76670558129398,0.7051881087250388,SIDE,0.7717780372086266,65.32828132838372,MODERATE,0.8904040189769105,0.1,1
NIFTYIT,2021-01-28,SIDE,0.12273038810096557,0.6014846202678521,0.2757849916311823,0.1289411774851518,0.5890858141845372,0.281973008330311,0.6014846202678521,38.36287212768058,0.40222693040177815,SIDE,0.5890858141845372,69.08970073078022,MODERATE,0.901281439011146,0.2,2
NIFTYIT,2021-01-29,BEAR,7.146934790102533e-05,5.185091695758359e-06,0.9999233455604032,0.024490578578306034,0.055680093527547596,0.9198293278941463,0.9999233455604032,87.97439918412195,0.9998850183406046,BEAR,0.9198293278941463,67.39194429806268,MODERATE,0.9198849185437526,0.1,1
NIFTYIT,2021-02-01,BEAR,2.2767640922182542e-05,3.2817885765407028e-06,0.9999739505705013,0.024454139441008358,0.05567287914361041,0.9198729814153813,0.9999739505705013,87.98094721230719,0.9999609258557518,BEAR,0.9198729814153813,70.39244921120033,MODERATE,0.9198921315885762,0.2,2
NIFTYIT,2021-02-02,BULL,0.999999999959795,2.1150147144376523e-20,4.02049643974327e-11,0.7718175075505185,0.17005541373578292,0.058127078713698585,0.999999999959795,65.77262613257777,0.9999999999396926,BULL,0.7718175075505185,72.02722553105644,MODERATE,0.7718175075865209,0.6,1
NIFTYIT,2021-02-03,BULL,0.9999993016659603,3.404677909721959e-10,6.979935719444729e-07,0.7718169856665881,0.17005533415335933,0.05812768018005258,0.9999993016659603,65.7725478499882,0.9999989524989404,BULL,0.7718169856665881,72.02723276917571,MODERATE,0.7718176109882245,0.6,2
NIFTYIT,2021-02-04,BEAR,0.21220949632894373,0.24686009259645772,0.5409304110745987,0.18828253457016522,0.29310432854907525,0.5186131368807596,0.5409304110745987,27.791970532113925,0.3113956166118979,BEAR,0.5186131368807596,71.1803841067704,MODERATE,0.8882912015252915,0.3,1
NIFTYIT,2021-02-05,BEAR,0.0032204302223210394,0.018790391222135237,0.9779891785555438,0.027243119913606163,0.07226124492123005,0.9004956351651637,0.9779891785555438,85.07434527477454,0.9669837678333155,BEAR,0.9004956351651637,76.35834107724256,HIGH,0.9194048725320365,0.4,2
NIFTYIT,2021-02-08,BEAR,0.046390327717425274,0.4216610990763672,0.5319485732062076,0.06806597008287765,0.42507655933656463,0.5068574705805577,0.5319485732062076,26.02862058708366,0.2979228598093114,BEAR,0.5068574705805577,78.89021700982286,HIGH,0.9127173858546123,0.5,3
NIFTYIT,2021-02-09,SIDE,0.002641242618213764,0.9559222566719656,0.04143650070982054,0.046718506576987916,0.8814044998728162,0.07187699355019589,0.9559222566719656,82.21067498092242,0.9338833850079484,SIDE,0.8814044998728162,73.31631404552368,MODERATE,0.9188044863646242,0.3,1
NIFTYIT,2021-02-10,SIDE,0.0011017891678989794,0.9948482130240579,0.004049997808043211,0.04639488514743113,0.9148408079405778,0.03876430691199114,0.9948482130240579,87.22612119108665,0.9922723195360869,SIDE,0.9148408079405778,73.33027612645557,MODERATE,0.9190039446636511,0.3,2
NIFTYIT,2021-02-11,SIDE,0.0011034664116774233,0.9983595098537273,0.0005370237345952669,0.046470732042560234,0.9178729901512687,0.03565627780617113,0.9983595098537273,87.68094852269029,0.9975392647805909,SIDE,0.9178729901512687,73.33007877746257,MODERATE,0.9190011253923225,0.3,3
NIFTYIT,2021-02-12,SIDE,0.0009504846946889836,0.9986608346861598,0.0003886806191512174,0.046362797787810175,0.9181156836348535,0.0355215185773363,0.9986608346861598,87.71735254522801,0.9979912520292398,SIDE,0.9181156836348535,76.3316490595833,HIGH,0.9190235579940471,0.4,4
NIFTYIT,2021-02-15,SIDE,0.00048601919794429433,0.999323256222705,0.0001907245793506033,0.046029737717537766,0.9186345526374634,0.03533570964499888,0.999323256222705,87.79518289561949,0.9989848843340575,SIDE,0.9186345526374634,79.33642950711959,HIGH,0.9190918501017084,0.5,5
NIFTYIT,2021-02-16,SIDE,0.0005946728252075864,0.9948369427524163,0.004568384422376218,0.04601563688141046,0.9147730680970323,0.039211295021557346,0.9948369427524163,87.21596021455484,0.9922554141286243,SIDE,0.9147730680970323,82.3355331981752,HIGH,0.9190790456882172,0.6,6
NIFTYIT,2021-02-17,SIDE,0.0007839046545049952,0.9807499745123769,0.018466120833118167,0.04585780404189143,0.9026306748721077,0.05151152108600089,0.9807499745123769,85.39460123081614,0.9711249617685653,SIDE,0.9026306748721077,85.33429371899365,HIGH,0.9190613388427665,0.7,7
NIFTYIT,2021-02-18,SIDE,0.000785609588214705,0.9991217722891544,9.261812263089268e-05,0.04624936543110823,0.918494841627879,0.03525579294101281,0.9991217722891544,87.77422624418183,0.9986826584337315,SIDE,0.918494841627879,88.33333444156307,HIGH,0.9190476348794725,0.8,8
NIFTYIT,2021-02-19,SIDE,0.00030478634264631993,0.9994504928304457,0.00024472082690799556,0.04589699081539831,0.9187236900654197,0.03537931911918204,0.9994504928304457,87.80855350981295,0.9991757392456686,SIDE,0.9187236900654197,91.33830154777891,HIGH,0.9191185935396988,0.9,9
NIFTYIT,2021-02-22,BEAR,0.000479881039645511,0.018559696412939714,0.9809604225474147,0.02518998618251738,0.07174855503817376,0.9030614587793089,0.9809604225474147,85.45921881689634,0.971440633821122,BEAR,0.9030614587793089,67.38675995349264,MODERATE,0.9198108564784664,0.1,1
NIFTYIT,2021-02-23,BEAR,3.498110030485008e-05,0.001970111960367474,0.9979949069393277,0.024505050526899906,0.057372625971119036,0.918122323501981,0.9979949069393277,87.71834852529716,0.9969923604089915,BEAR,0.918122323501981,70.39222180763849,MODERATE,0.9198888829662643,0.2,2
NIFTYIT,2021-02-24,BULL,0.9786176668405645,1.7530804199568232e-08,0.021382315628631306,0.7558367700898413,0.1676095471353438,0.0765536827748149,0.9786176668405645,63.37551551347619,0.9679265002608466,BULL,0.7558367700898413,57.24886324551544,MODERATE,0.7749837606502205,0.1,1
NIFTYIT,2021-02-25,BULL,0.9999999999440474,1.179759108526592e-16,5.5952463825686826e-11,0.771817507538749,0.1700554137339817,0.05812707872726928,0.9999999999440474,65.77262613081236,0.9999999999160711,BULL,0.771817507538749,60.027225531219706,MODERATE,0.7718175075888529,0.2,2
NIFTYIT,2021-02-26,BEAR,0.0001768933494294025,7.609266598831372e-06,0.9998154973839717,0.024569421915159213,0.055694246030408776,0.9197363320544321,0.9998154973839717,87.96044980816481,0.9997232460759575,BEAR,0.9197363320544321,73.3908514055625,MODERATE,0.91986930579375,0.3,1
NIFTYIT,2021-03-01,BEAR,7.759782265656082e-06,7.922704348319962e-05,0.9999130131742512,0.024444536228076793,0.05573674083998028,0.919818722931943,0.9999130131742512,87.97280843979145,0.9998695197613766,BEAR,0.919818722931943,76.39260088215406,HIGH,0.9198942983164866,0.4,2
NIFTYIT,2021-03-02,BEAR,0.0014010024764931708,0.018942836790045523,0.9796561607334613,0.025886553705127248,0.07218476038999118,0.9019286859048815,0.9796561607334613,85.28930288573221,0.9694842411001919,BEAR,0.9019286859048815,79.37719246923098,HIGH,0.9196741781318711,0.5,3
NIFTYIT,2021-03-03,SIDE,0.006829880519539167,0.6553435893950051,0.3378265300854557,0.043463573732572945,0.6223351881510062,0.3342012381164209,0.6553435893950051,43.35027822265093,0.4830153840925077,SIDE,0.6223351881510062,73.28830236838613,MODERATE,0.9184043195483733,0.3,1
NIFTYIT,2021-03-04,SIDE,0.0005144029629703869,0.9635828893187104,0.035902707718319285,0.04529168928686018,0.8877761397430469,0.0669321709700928,0.9635828893187104,83.16642096145702,0.9453743339780656,SIDE,0.8877761397430469,73.33796708814121,MODERATE,0.9191138155448746,0.3,2
NIFTYIT,2021-03-05,SIDE,0.0008135021344986931,0.8116647626459073,0.18752173521959403,0.042287908906033,0.7566296762526027,0.20108241484136435,0.8116647626459073,63.4944514378904,0.7174971439688609,SIDE,0.7566296762526027,73.3426530082164,MODERATE,0.9191807572602344,0.3,3
NIFTYIT,2021-03-08,SIDE,0.0003743203274467781,0.9716471867317771,0.027978492940776162,0.04535831074143043,0.8947236035846887,0.05991808567388089,0.9716471867317771,84.20854053770329,0.9574707800976656,SIDE,0.8947236035846887,76.33900579172138,HIGH,0.9191286541674482,0.4,4
NIFTYIT,2021-03-09,SIDE,0.00042520530895086734,0.9988035800407274,0.0007712146503217172,0.04597324669858907,0.9181788580166862,0.03584789528472477,0.9988035800407274,87.72682870250291,0.998205370061091,SIDE,0.9181788580166862,79.33708650587322,HIGH,0.9191012357981887,0.5,5
NIFTYIT,2021-03-10,SIDE,0.0018777460765601202,0.9979263738131218,0.00019588011031807686,0.04704021206613493,0.9175875472449115,0.035372240688953456,0.9979263738131218,87.63813208673673,0.9968895607196825,SIDE,0.9175875472449115,82.32207521209645,HIGH,0.9188867887442351,0.6,6
NIFTYIT,2021-03-12,SIDE,0.0005046638304284374,0.9993092814356993,0.0001860547338723399,0.04604337547357533,0.9186246181881395,0.03533200633828523,0.9993092814356993,87.79369272822092,0.9989639221535488,SIDE,0.9186246181881395,85.33623696317638,HIGH,0.9190890994739485,0.7,7
NIFTYIT,2021-03-15,SIDE,0.0014288880596042628,0.9985597221352113,1.1389805184445816e-05,0.046718199095073104,0.9180830969545246,0.035198703950402296,0.9985597221352113,87.7124645431787,0.9978395832028167,SIDE,0.9180830969545246,88.32669537100966,HIGH,0.9189527910144237,0.8,8
NIFTYIT,2021-03-16,SIDE,0.009709753641595794,0.9902826263149626,7.620043441667165e-06,0.05273131904357569,0.9118830902223682,0.03538559073405617,0.9902826263149626,86.78246353335524,0.9854239394724437,SIDE,0.9118830902223682,91.24128461518612,HIGH,0.9177326373598016,0.9,9
NIFTYIT,2021-03-17,SIDE,0.0019266554088397427,0.9980601229659185,1.3221625241593755e-05,0.04707960728795099,0.9177086337269894,0.0352117589850596,0.9980601229659185,87.65629505904839,0.9970901844488778,SIDE,0.9177086337269894,94.32156138936583,HIGH,0.9188794484195119,1.0,10
NIFTYIT,2021-03-18,SIDE,0.006412320744351717,0.8683582528477863,0.12522942640786194,0.04767674277051923,0.8062247091093223,0.1460985481201585,0.8683582528477863,70.93370636639834,0.8025373792716793,SIDE,0.8062247091093223,94.28171298191445,HIGH,0.918310185455921,1.0,11
NIFTYIT,2021-03-19,SIDE,0.0011686884844394764,0.9978603461770036,0.0009709653385568478,0.046508873601880246,0.9174494249924743,0.03604170140564541,0.9978603461770036,87.61741374887114,0.9967905192655052,SIDE,0.9174494249924743,94.32942830419336,HIGH,0.918991832917048,1.0,12
NIFTYIT,2021-03-22,SIDE,0.006150765620251002,0.9937681183137717,8.111606597737539e-05,0.05014544612333541,0.9144856927865402,0.035368861090124444,0.9937681183137717,87.17285391798099,0.9906521774706575,SIDE,0.9144856927865402,94.27799652159148,HIGH,0.9182570931655927,1.0,13
NIFTYIT,2021-03-23,SIDE,0.0008011381528560852,0.999156039360633,4.282248651088616e-05,0.0462616991402789,0.9185262073840305,0.03521209347569063,0.999156039360633,87.77893110760455,0.9987340590409494,SIDE,0.9185262073840305,94.33317172456843,HIGH,0.9190453103509778,1.0,14
NIFTYIT,2021-03-24,SIDE,0.0004906114182762247,0.9978332404751196,0.0016761481066042317,0.046001516227722944,0.9173484554695408,0.036650028302736275,0.9978332404751196,87.60226832043112,0.9967498607126793,SIDE,0.9173484554695408,94.33645827403654,HIGH,0.9190922610576651,1.0,15
NIFTYIT,2021-03-25,SIDE,0.0019058120146904416,0.5906198746366593,0.4074743133486503,0.03840844226718171,0.5658832727519496,0.39570828498086874,0.5906198746366593,34.88249091279244,0.385929811954989,SIDE,0.5658832727519496,94.34265987059489,HIGH,0.9191808552942128,1.0,16
NIFTYIT,2021-03-30,BULL,1.0,2.17580213667948e-285,1.4096829442621445e-216,0.7718175075805669,0.17005541374038188,0.05812707867905122,1.0,65.77262613708503,1.0,BULL,0.7718175075805669,57.02722553063968,MODERATE,0.7718175075805669,0.1,1
NIFTYIT,2021-03-31,SIDE,0.059994548634255164,0.9240902454735418,0.01591520589220312,0.08890701296374219,0.8604782176814305,0.050614769354827324,0.9240902454735418,79.07173265221458,0.8861353682103127,SIDE,0.8604782176814305,90.72345213284113,HIGH,0.910335030469159,0.9,1
NIFTYIT,2021-04-01,SIDE,0.0008877307553911716,0.9981143312433564,0.00099793800125243,0.046304286899698774,0.9176366018663968,0.03605911123390434,0.9981143312433564,87.64549027995953,0.9971714968650344,SIDE,0.9176366018663968,91.33232754282116,HIGH,0.9190332506117308,0.9,2
NIFTYIT,2021-04-05,SIDE,0.004223708385005117,0.9956620385513871,0.00011425306360784563,0.04874543531167085,0.9159006529427288,0.03535391174560015,0.9956620385513871,87.38509794140934,0.9934930578270805,SIDE,0.9159006529427288,91.29787428737906,HIGH,0.9185410612482722,0.9,3
NIFTYIT,2021-04-06,SIDE,0.0011037611982806375,0.9988444005425764,5.183825914305652e-05,0.046481253290556294,0.918291724984528,0.03522702172491569,0.9988444005425764,87.7437587476792,0.9982666008138644,SIDE,0.918291724984528,91.33005086988656,HIGH,0.9190007267126652,0.9,4
NIFTYIT,2021-04-07,SIDE,0.0036941481198607302,0.9962647616097239,4.10902704154853e-05,0.04836245646014933,0.9163605264966284,0.0352770170432223,0.9962647616097239,87.45407897449425,0.9943971424145857,SIDE,0.9163605264966284,91.30333253183406,HIGH,0.9186190361690579,0.9,5
NIFTYIT,2021-04-08,SIDE,0.017113969815362954,0.9828692751126201,1.675507201688263e-05,0.058107597594127605,0.9063286452625664,0.03556375714330598,0.9828692751126201,85.94929678938495,0.97430391266893,SIDE,0.9063286452625664,91.16491646432243,HIGH,0.9166416637760347,0.9,6
NIFTYIT,2021-04-09,SIDE,0.0930658664620225,0.9069329515811527,1.1819568247007096e-06,0.11325938304065145,0.8494459260554088,0.03729469090393984,0.9069329515811527,77.4168889083113,0.8603994273717289,SIDE,0.8494459260554088,90.38153207420335,HIGH,0.905450458202905,0.9,7
NIFTYIT,2021-04-12,SIDE,0.013094878777642338,0.9867287081384458,0.00017641308391188254,0.055185796608311785,0.9092015141125136,0.03561268927917458,0.9867287081384458,86.38022711687704,0.9800930622076686,SIDE,0.9092015141125136,91.20637838456615,HIGH,0.9172339769223737,0.9,8
NIFTYIT,2021-04-13,BEAR,0.008720305207937217,0.3433890939853861,0.6478906008066766,0.03824933521477885,0.3531800077277933,0.608570657057428,0.6478906008066766,41.2855985586142,0.47183590121001506,BEAR,0.608570657057428,67.28469577040691,MODERATE,0.9183527967200987,0.1,1
NIFTYIT,2021-04-15,SIDE,0.002095871274621118,0.7073068983628646,0.2905972303625142,0.041029366908264586,0.6666637777582148,0.29230685533352063,0.7073068983628646,49.999566663732224,0.5609603475442969,SIDE,0.6666637777582148,91.33470928906429,HIGH,0.9190672755580614,0.9,1
NIFTYIT,2021-04-16,SIDE,0.0023830393481977397,0.9883064066677976,0.009310553984004656,0.047213493535641686,0.9093385446994409,0.043447961764917525,0.9883064066677976,86.40078170491613,0.9824596100016963,SIDE,0.9093385446994409,91.31733066467159,HIGH,0.9188190094953085,0.9,2
NIFTYIT,2021-04-19,SIDE,0.001212768452688701,0.9983291591455185,0.0004580724017928196,0.04655177748662298,0.9178592852785924,0.03558893723478459,0.9983291591455185,87.67889279178884,0.9974937387182775,SIDE,0.9178592852785924,91.3289473671024,HIGH,0.9189849623871771,0.9,3
NIFTYIT,2021-04-20,SIDE,0.0010854773933963759,0.9903841535520029,0.008530369054600563,0.04628786037252503,0.9109842450970157,0.04272789453045919,0.9903841535520029,86.64763676455235,0.9855762303280046,SIDE,0.9109842450970157,91.33067400078687,HIGH,0.9190096285826697,0.9,4
NIFTYIT,2021-04-22,BULL,1.0,5.352198304073481e-94,2.735853204916363e-70,0.7718175075805669,0.17005541374038188,0.05812707867905122,1.0,65.77262613708503,1.0,BULL,0.7718175075805669,57.02722553063968,MODERATE,0.7718175075805669,0.1,1
NIFTYIT,2021-04-23,BEAR,0.05420422730309348,0.45426395038002126,0.4915318223168852,0.07459853498921891,0.45412280332346844,0.4712786616873127,0.4915318223168852,20.691799253096903,0.23729773347532787,BEAR,0.4712786616873127,69.80755136190704,MODERATE,0.9115364480272434,0.2,1
NIFTYIT,2021-04-26,BEAR,0.0014445637009350973,0.44502751317273476,0.5535279231263303,0.034970776451676164,0.4401121068647407,0.524917116683583,0.5535279231263303,28.737567502537466,0.3302918846894954,BEAR,0.524917116683583,73.35490292918645,MODERATE,0.9193557561312351,0.3,2
NIFTYIT,2021-04-27,BEAR,0.0005736097428546811,0.4008186622636401,0.5986077279935053,0.03338067763996504,0.4018383194830948,0.5647810028769401,0.5986077279935053,34.717150431541036,0.3979115919902579,BEAR,0.5647810028769401,76.36619659228927,HIGH,0.919517094175561,0.4,3
NIFTYIT,2021-04-28,SIDE,0.0006075378859216343,0.7076508334200894,0.29174162869398895,0.039924322118854674,0.6667905168248165,0.29328516105632896,0.7076508334200894,50.01857752372245,0.561476250130134,SIDE,0.6667905168248165,79.35011892142741,HIGH,0.9192874131632487,0.5,1
NIFTYIT,2021-04-29,SIDE,0.00045530252375377276,0.5349753627957871,0.46456933468045924,0.0361422578620205,0.517668545061109,0.44618919707687055,0.5349753627957871,27.650281759166358,0.3024630441936806,SIDE,0.517668545061109,82.3605470022795,HIGH,0.91943638574685,0.6,2
NIFTYIT,2021-04-30,BEAR,8.250804597335149e-05,0.03609297011595827,0.9638245218380684,0.025265471075173206,0.08684300999390826,0.8878915189309184,0.9638245218380684,83.18372783963777,0.9457367827571025,BEAR,0.8878915189309184,76.38998027895158,HIGH,0.9198568611278798,0.4,1
NIFTYIT,2021-05-03,BULL,0.9999999997644835,2.96353610854043e-19,2.3551659939421467e-10,0.7718175074045465,0.17005541371344163,0.05812707888201199,0.9999999997644835,65.77262611068197,0.9999999996467253,BULL,0.7718175074045465,60.02722553308093,MODERATE,0.7718175076154419,0.2,1
NIFTYIT,2021-05-04,BULL,0.9999975663097476,7.843255888566145e-12,2.4336824090965187e-06,0.7718156886882079,0.17005513536226025,0.05812917594953182,0.9999975663097476,65.77235330323118,0.9999963494646213,BULL,0.7718156886882079,63.0272507569579,MODERATE,0.7718178679565415,0.3,2
NIFTYIT,2021-05-05,SIDE,0.0370933184726951,0.918957137718057,0.043949543809247815,0.07168203435523318,0.8534261749791344,0.07489179066563241,0.918957137718057,78.01392624687014,0.8784357065770855,SIDE,0.8534261749791344,72.96109700034754,MODERATE,0.913729957147822,0.3,1
NIFTYIT,2021-05-06,SIDE,0.001193403518676368,0.9982561546202079,0.0005504418611157,0.04653575361849487,0.9177940310560488,0.03567021532545638,0.9982561546202079,87.66910465840732,0.9973842319303117,SIDE,0.9177940310560488,76.32915183523043,HIGH,0.9189878833604348,0.4,2
NIFTYIT,2021-05-07,SIDE,0.00019895558266072827,0.9994819034027732,0.0003191410145660611,0.04581856225448631,0.9187387071991976,0.035442730546316095,0.9994819034027732,87.81080607987963,0.9992228551041596,SIDE,0.9187387071991976,79.33939692239404,HIGH,0.9191342417484863,0.5,3
NIFTYIT,2021-05-10,SIDE,0.00017982218563886152,0.9996321383564789,0.0001880394578821405,0.04580745389176735,0.9188662458326124,0.03532630027562025,0.9996321383564789,87.82993687489187,0.9994482075347185,SIDE,0.9188662458326124,82.33958754889929,HIGH,0.9191369649842758,0.6,4
NIFTYIT,2021-05-11,SIDE,0.00017156421111614082,0.9996576788057062,0.00017075698317775483,0.045801824619712134,0.918887355292389,0.035310820087898834,0.9996576788057062,87.83310329385833,0.9994865182085592,SIDE,0.918887355292389,85.33967183758459,HIGH,0.9191381691083513,0.7,5
NIFTYIT,2021-05-12,SIDE,0.00017145518990274876,0.9981899811148252,0.001638563695272087,0.045770563634624326,0.9176199919090435,0.03660944445633219,0.9981899811148252,87.64299878635653,0.9972849716722377,SIDE,0.9176199919090435,85.33974819117041,HIGH,0.9191392598738632,0.7,6
NIFTYIT,2021-05-14,SIDE,0.00023588544622230276,0.9857319711382136,0.014032143415564123,0.04555406183409253,0.9068699216382015,0.047576016527706017,0.9857319711382136,86.03048824573023,0.9785979567073203,SIDE,0.9068699216382015,85.3397188491049,HIGH,0.9191388407014986,0.7,7
NIFTYIT,2021-05-17,SIDE,0.00017673311323606583,0.9958328548582506,0.003990412028513355,0.045724433886726944,0.9155852268232311,0.03869033929004197,0.9958328548582506,87.33778402348464,0.9937492822873757,SIDE,0.9155852268232311,88.33981429225159,HIGH,0.9191402041750228,0.8,8
NIFTYIT,2021-05-18,SIDE,0.00018436458795006682,0.9992412599968262,0.0005743754152237147,0.04580254504516625,0.9185292435747391,0.03566821138009469,0.9992412599968262,87.77938653621085,0.9988618899952392,SIDE,0.9185292435747391,91.33956049839817,HIGH,0.9191365785485455,0.9,9
NIFTYIT,2021-05-19,SIDE,0.00012194023869895908,0.9992206106019886,0.0006574491593124321,0.04575545163466976,0.9185042723125623,0.03574027605276794,0.9992206106019886,87.77564084688434,0.9988309159029828,SIDE,0.9185042723125623,94.34020861382184,HIGH,0.919145837340312,1.0,10
NIFTYIT,2021-05-20,SIDE,0.00012593454808953019,0.9985105808083145,0.001363484643596067,0.04574335315868875,0.9178916214103231,0.03636502543098824,0.9985105808083145,87.68374321154842,0.9977658712124715,SIDE,0.9178916214103231,94.34020360194198,HIGH,0.9191457657420282,1.0,11
NIFTYIT,2021-05-21,SIDE,0.00019481050572537064,0.9997184236470149,8.676584725969803e-05,0.04582048889837153,0.9189424673092483,0.03523704379238011,0.9997184236470149,87.84137009638725,0.9995776354705224,SIDE,0.9189424673092483,94.33942776571153,HIGH,0.9191346823673079,1.0,12
NIFTYIT,2021-05-24,SIDE,0.00015414150704740555,0.9997727588543638,7.309963858885989e-05,0.04579124797101315,0.9189847334927488,0.035224018536238064,0.9997727588543638,87.84771002391231,0.9996591382815455,SIDE,0.9189847334927488,94.33984653375597,HIGH,0.9191406647679425,1.0,13
NIFTYIT,2021-05-25,SIDE,0.0004716197192504761,0.9995215585395142,6.821741235357153e-06,0.046023188527231355,0.9188041387443147,0.035172672728454014,0.9995215585395142,87.8206208116472,0.9992823378092711,SIDE,0.9188041387443147,94.33656860080035,HIGH,0.9190938371542908,1.0,14
NIFTYIT,2021-05-26,SIDE,0.0037202591089596842,0.9962768335303692,2.9073606709714457e-06,0.048382227756737825,0.9163739373335076,0.03524383490975458,0.9962768335303692,87.45609060002614,0.994415250295554,SIDE,0.9163739373335076,94.30306126070597,HIGH,0.9186151608672284,1.0,15
NIFTYIT,2021-05-27,SIDE,0.005820087645386678,0.9941775759253096,2.3364293036431816e-06,0.04990700231194618,0.9148014321649273,0.035291565523126664,0.9941775759253096,87.22021482473907,0.9912663638879643,SIDE,0.9148014321649273,94.2814031650366,HIGH,0.9183057595005227,1.0,16
NIFTYIT,2021-05-28,SIDE,0.001907842010636272,0.998089678541156,2.479448207585689e-06,0.04706617439516571,0.9177320028180268,0.0352018227868075,0.998089678541156,87.65980042270401,0.9971345178117339,SIDE,0.9177320028180268,94.32175488408518,HIGH,0.9188822126297884,1.0,17
NIFTYIT,2021-05-31,SIDE,0.0012880215587822053,0.9987093899000009,2.5885412169071137e-06,0.04661609774071663,0.9181962210196852,0.03518768123959811,0.9987093899000009,87.72943315295278,0.9980640848500012,SIDE,0.9181962210196852,94.32814784618424,HIGH,0.9189735406597749,1.0,18
NIFTYIT,2021-06-01,SIDE,0.0017598846986862193,0.9982391882112153,9.270900984465473e-07,0.04695877014863364,0.9178441792655286,0.035197050585837754,0.9982391882112153,87.67662688982928,0.9973587823168227,SIDE,0.9178441792655286,94.32328086688058,HIGH,0.9189040123840083,1.0,19
NIFTYIT,2021-07-01,BULL,1.0,2.593873102003203e-284,2.2681174033533564e-219,0.7718175075805669,0.17005541374038188,0.05812707867905122,1.0,65.77262613708503,1.0,BULL,0.7718175075805669,57.02722553063968,MODERATE,0.7718175075805669,0.1,1
NIFTYIT,2021-07-02,BULL,1.0,9.026566332214608e-69,7.064096234047001e-55,0.7718175075805669,0.17005541374038188,0.05812707867905122,1.0,65.77262613708503,1.0,BULL,0.7718175075805669,60.02722553063968,MODERATE,0.7718175075805669,0.2,2
NIFTYIT,2021-07-05,SIDE,0.05560952238903328,0.9443413714335693,4.91061773974439e-05,0.08605994132173235,0.8774633872984817,0.03647667137978593,0.9443413714335693,81.61950809477224,0.916512057150354,SIDE,0.8774633872984817,87.76786702057802,HIGH,0.9109695288654005,0.8,1
NIFTYIT,2021-07-06,SIDE,0.0006387035802762804,0.9992368645467775,0.0001244318729462275,0.04614201575134961,0.9185774190379953,0.03528056521065516,0.9992368645467775,87.78661285569927,0.9988552968201663,SIDE,0.9185774190379953,88.33485129109569,HIGH,0.9190693041585098,0.8,2
NIFTYIT,2021-07-07,SIDE,0.00029798506211168354,0.9996267755477423,7.523939014611025e-05,0.04589565258948472,0.9188751314812446,0.03522921592927074,0.9996267755477423,87.83126972218666,0.9994401633216132,SIDE,0.9188751314812446,88.33836301120661,HIGH,0.9191194715886659,0.8,3
NIFTYIT,2021-07-08,SIDE,0.00027995052501028677,0.9996765446892911,4.350478569857187e-05,0.045883231215616785,0.9189160439959023,0.03520072478848095,0.9996765446892911,87.83740659938535,0.9995148170339365,SIDE,0.9189160439959023,88.33854739667179,HIGH,0.9191221056667398,0.8,4
NIFTYIT,2021-07-09,SIDE,0.0002468062550631349,0.9996649106936977,8.828305123918476e-05,0.04585821268559597,0.9189022067827642,0.03523958053163974,0.9996649106936977,87.83533101741462,0.9994973660405465,SIDE,0.9189022067827642,88.33889154854522,HIGH,0.9191270221220745,0.8,5
NIFTYIT,2021-07-12,SIDE,0.0002253993517423214,0.999222689723788,0.0005519109244696355,0.04583281912202921,0.9185179021038788,0.035649278774092005,0.999222689723788,87.7776853155818,0.9988340345856819,SIDE,0.9185179021038788,88.33913610597921,HIGH,0.9191305157997031,0.8,6
NIFTYIT,2021-07-13,SIDE,0.0002256885216827932,0.9993462046439577,0.0004281068343594913,0.04583565917065503,0.918624589806419,0.035539751022925954,0.9993462046439577,87.79368847096283,0.9990193069659364,SIDE,0.918624589806419,88.3391267781215,HIGH,0.9191303825445929,0.8,7
NIFTYIT,2021-07-14,SIDE,0.018608875757618413,0.9812436896790017,0.00014743456337993087,0.05919032743239351,0.9050959581943964,0.035713714373210095,0.9812436896790017,85.76439372915944,0.9718655345185023,SIDE,0.9050959581943964,88.14950439251527,HIGH,0.9164214913216467,0.8,8
NIFTYIT,2021-07-15,SIDE,0.006066416959506769,0.9939279338886484,5.6491518447501166e-06,0.05008580067619779,0.9146140444050771,0.03530015491872522,0.9939279338886484,87.19210666076155,0.9908919008329726,SIDE,0.9146140444050771,91.27886264326112,HIGH,0.9182694663323017,0.9,9
NIFTYIT,2021-07-16,SIDE,0.0007597606857432769,0.9992168001808485,2.3439133408266195e-05,0.046232065222019725,0.9185739410175149,0.03519399376046541,0.9992168001808485,87.78609115262724,0.9988252002712725,SIDE,0.9185739410175149,94.3335975068837,HIGH,0.9190513929554815,1.0,10
NIFTYIT,2021-07-19,SIDE,0.00036247842364321595,0.9996097183791306,2.780319722620639e-05,0.04594349130789228,0.9188677799512652,0.03518872874084254,0.9996097183791306,87.83016699268978,0.9994145775686959,SIDE,0.9188677799512652,94.33769538208398,HIGH,0.9191099340297711,1.0,11
NIFTYIT,2021-07-20,SIDE,0.00030800384851605814,0.9996402331313783,5.1763020105686354e-05,0.04590342632509273,0.9188878980779671,0.035208675596940214,0.9996402331313783,87.83318471169507,0.9994603496970674,SIDE,0.9188878980779671,94.33825847214035,HIGH,0.9191179781734335,1.0,12
NIFTYIT,2021-07-22,SIDE,0.0048411186179932175,0.9951535712544212,5.310127585623743e-06,0.0491960738644161,0.9155322178303903,0.035271708305193564,0.9951535712544212,87.32983267455853,0.9927303568816316,SIDE,0.9155322178303903,94.29150060674371,HIGH,0.9184500086677674,1.0,13
NIFTYIT,2021-07-23,SIDE,0.001910056480657325,0.9980880218946862,1.921624656623781e-06,0.047067794253276785,0.9177308256193578,0.03520138012736546,0.9980880218946862,87.65962384290366,0.9971320328420292,SIDE,0.9177308256193578,94.3217320149928,HIGH,0.9188818859284686,1.0,14
NIFTYIT,2021-07-26,SIDE,0.001790513009633086,0.9982080575808613,1.4294095055221165e-06,0.04698099981608189,0.9178208016048007,0.035198198579117476,0.9982080575808613,87.6731202407201,0.9973120863712921,SIDE,0.9178208016048007,94.3229649858835,HIGH,0.9188994997983357,1.0,15
NIFTYIT,2021-07-27,SIDE,0.001820887916751648,0.998178536761454,5.753217944179156e-07,0.04700307429299502,0.9177987850228462,0.03519814068415886,0.998178536761454,87.66981775342693,0.9972678051421809,SIDE,0.9177987850228462,94.32265164902638,HIGH,0.9188950235575196,1.0,16
NIFTYIT,2021-07-28,SIDE,0.0018592145634315851,0.9981402207886866,5.646478817319952e-07,0.04703090490198112,0.9177700834455489,0.03519901165246993,0.9981402207886866,87.66551251683234,0.9972103311830297,SIDE,0.9177700834455489,94.32225633950783,HIGH,0.9188893762786836,1.0,17
NIFTYIT,2021-07-29,SIDE,0.023481200985660255,0.9765184283790712,3.7063526853371856e-07,0.06273142547515817,0.9015730499242394,0.03569552460060246,0.9765184283790712,85.2359574886359,0.9647776425686067,SIDE,0.9015730499242394,94.09924268360572,HIGH,0.9157034669086532,1.0,18
NIFTYIT,2021-07-30,SIDE,0.025342929413610507,0.9746569087352512,1.6185113829451405e-07,0.06408329912553518,0.9001785947175501,0.03573810615691464,0.9746569087352512,85.0267892076325,0.9619853631028769,SIDE,0.9001785947175501,94.08004042032768,HIGH,0.915429148861824,1.0,19
NIFTYIT,2021-08-10,BULL,1.0,1.268216015580011e-287,9.870407791216647e-225,0.7718175075805669,0.17005541374038188,0.05812707867905122,1.0,65.77262613708503,1.0,BULL,0.7718175075805669,57.02722553063968,MODERATE,0.7718175075805669,0.1,1
NIFTYIT,2021-08-11,BULL,1.0,8.83946206933578e-47,5.963603962420012e-41,0.7718175075805669,0.17005541374038188,0.05812707867905122,1.0,65.77262613708503,1.0,BULL,0.7718175075805669,60.02722553063968,MODERATE,0.7718175075805669,0.2,2
NIFTYIT,2021-08-12,BULL,1.0,2.5039852250275338e-37,1.0013161195519477e-33,0.7718175075805669,0.17005541374038188,0.05812707867905122,1.0,65.77262613708503,1.0,BULL,0.7718175075805669,63.027225530639676,MODERATE,0.7718175075805669,0.3,3
NIFTYIT,2021-08-13,BULL,1.0,1.6798579528981718e-24,2.7632162195350027e-24,0.7718175075805669,0.17005541374038188,0.05812707867905122,1.0,65.77262613708503,1.0,BULL,0.7718175075805669,66.02722553063968,MODERATE,0.7718175075805669,0.4,4
NIFTYIT,2021-08-16,BULL,0.9999991572490977,8.427307638222136e-07,2.0138481670825078e-11,0.7718168956278352,0.17005604503435914,0.058127059337805695,0.9999991572490977,65.77253434417527,0.9999987358736464,BULL,0.7718168956278352,69.02723422294808,MODERATE,0.7718176317564011,0.5,5
NIFTYIT,2021-08-17,BULL,1.0,8.661122621588172e-21,6.1471764757580994e-21,0.7718175075805669,0.17005541374038188,0.05812707867905122,1.0,65.77262613708503,1.0,BULL,0.7718175075805669,72.02722553063967,MODERATE,0.7718175075805669,0.6,6
NIFTYIT,2021-08-18,BULL,0.9999999959505922,4.048976374436379e-09,4.314011425454625e-13,0.7718175046401344,0.1700554167734528,0.05812707858641284,0.9999999959505922,65.77262569602016,0.9999999939258881,BULL,0.7718175046401344,75.02722557240612,HIGH,0.7718175081772304,0.7,7
NIFTYIT,2021-08-20,BULL,0.999998409000866,1.5909608198774344e-06,3.831413038009562e-11,0.7718163522969963,0.17005660553733326,0.058127042165670426,0.999998409000866,65.77245284454945,0.999997613501299,BULL,0.7718163522969963,78.0272419405362,HIGH,0.7718177420076601,0.8,8
NIFTYIT,2021-08-23,BULL,0.9999999972869942,2.7122866349273847e-09,7.191119318857998e-13,0.7718175056105387,0.170055415772095,0.05812707861736624,0.9999999972869942,65.7726258415808,0.9999999959304913,BULL,0.7718175056105387,81.02722555862226,HIGH,0.7718175079803181,0.9,9
NIFTYIT,2021-08-24,BULL,0.9999823695101208,1.7630205406700118e-05,2.8447263069077174e-10,0.7718047054299383,0.1700686206341599,0.058126673935901894,0.9999823695101208,65.77070581449074,0.999973554265181,BULL,0.7718047054299383,84.02740737517827,HIGH,0.7718201053596895,1.0,10
NIFTYIT,2021-08-25,BULL,0.9999862899474824,1.3709994599738278e-05,5.791785243418172e-11,0.7718075522079427,0.17006568399915217,0.058126763792905115,0.9999862899474824,65.77113283119141,0.9999794349212234,BULL,0.7718075522079427,84.02736693896374,HIGH,0.771819527699482,1.0,11
NIFTYIT,2021-08-26,BULL,0.999617034129726,0.0003829652676590661,6.026149636212882e-10,0.7715394220196001,0.17034229598255984,0.05811828199784012,0.999617034129726,65.73091330294002,0.9994255511945889,BULL,0.7715394220196001,84.03117551997032,HIGH,0.7718739359995761,1.0,12
NIFTYIT,2021-08-27,BULL,0.9999194364121384,8.056339102858464e-05,1.968329741102462e-10,0.7717590074038332,0.17011576439131118,0.058125228204855564,0.9999194364121384,65.76385111057498,0.9998791546182076,BULL,0.7717590074038332,84.02805648018004,HIGH,0.7718293782882862,1.0,13
NIFTYIT,2021-08-30,BULL,0.993014674290074,0.006985313509485617,1.2200440389896564e-08,0.7667452064195664,0.1752881659458694,0.05796662763456412,0.993014674290074,65.01178096293496,0.9895220114351108,BULL,0.7667452064195664,84.09927362732594,HIGH,0.7728467661046565,1.0,14
NIFTYIT,2021-08-31,BULL,0.9999553871527168,4.461245819990281e-05,3.8908331582424706e-10,0.7717851125495201,0.17008883324118018,0.05812605420929975,0.9999553871527168,65.76776688242802,0.999933080729075,BULL,0.7717851125495201,84.027685676806,HIGH,0.7718240810972288,1.0,15
NIFTYIT,2021-09-01,BULL,0.9089646395780322,0.09103478716821735,5.732537504959676e-07,0.7057133851661495,0.23825022728455125,0.05603638754929932,0.9089646395780322,55.857007774922415,0.8634469593670483,BULL,0.7057133851661495,84.96618312119875,HIGH,0.7852311874456964,1.0,16
NIFTYIT,2021-09-02,BULL,0.9943830144975069,0.005616946809916584,3.86925766060191e-08,0.7677388078098338,0.17426310859759164,0.05799808359257457,0.9943830144975069,65.16082117147506,0.9915745217462602,BULL,0.7677388078098338,84.08516028439558,HIGH,0.772645146919937,1.0,17
NIFTYIT,2021-09-03,BULL,0.988080921632131,0.011919012439580141,6.59282889022672e-08,0.7631626267277409,0.17898403269222496,0.05785334058003418,0.988080921632131,64.47439400916114,0.9821213824481964,BULL,0.7631626267277409,84.15016137679352,HIGH,0.7735737339541932,1.0,18
NIFTYIT,2021-09-06,BULL,0.999741435254756,0.00025856193443338357,2.8108105883676563e-09,0.7716297541869455,0.17024910420906744,0.05812114160398703,0.999741435254756,65.74446312804182,0.999612152882134,BULL,0.7716297541869455,84.02989242111596,HIGH,0.7718556060159423,1.0,19
NIFTYIT,2021-09-07,BULL,0.8910597589680704,0.10893662452478475,3.616507144829688e-06,0.6927119307687754,0.2516602871333467,0.05562778209787792,0.8910597589680704,53.9067896153163,0.8365896384521057,BULL,0.6927119307687754,85.15085792395709,HIGH,0.7878693989136729,1.0,20
NIFTYIT,2021-09-08,SIDE,0.3108495852694474,0.689131441898118,1.897283243443743e-05,0.271399741715866,0.6862870573643448,0.04231320091978916,0.689131441898118,52.94305860465172,0.5336971628471772,SIDE,0.6862870573643448,64.13526660637837,MODERATE,0.8733609515196911,0.1,1
NIFTYIT,2021-09-09,SIDE,0.061344048591799955,0.9386532111124442,2.740295755930756e-06,0.09022497586741801,0.8732076451099948,0.03656737902258711,0.9386532111124442,80.98114676649922,0.9079798166686662,SIDE,0.8732076451099948,69.70871755330093,MODERATE,0.9101245364757276,0.2,2
NIFTYIT,2021-09-13,SIDE,0.04336023119068782,0.9566363477327091,3.421076603107596e-06,0.0771662527621209,0.8866788771187172,0.036154870119162005,0.9566363477327091,83.00183156780756,0.9349545215990637,SIDE,0.8866788771187172,72.89420640538815,MODERATE,0.9127743772198309,0.3,3
NIFTYIT,2021-09-14,SIDE,0.08813164210659377,0.9118666517193227,1.7061740836086834e-06,0.109676450837009,0.8531417398884131,0.03718180927457783,0.9118666517193227,77.97126098326197,0.8677999775789839,SIDE,0.8531417398884131,75.43242471297033,HIGH,0.9061774958995763,0.4,4
NIFTYIT,2021-09-15,BULL,0.878996689634662,0.12100267548459989,6.348807381452225e-07,0.6839525575425375,0.26069940240731887,0.055348040050143696,0.878996689634662,52.592883631380616,0.8184950344519929,BULL,0.6839525575425375,73.27527876655513,MODERATE,0.7896468395222163,0.6,1
NIFTYIT,2021-09-16,BULL,0.7866301278071872,0.21336704825870292,2.823934109800662e-06,0.6168817666939426,0.32989003421731966,0.05322819908873783,0.7866301278071872,42.532265004091386,0.6799451917107808,BULL,0.6168817666939426,74.22796672692182,MODERATE,0.8032566675274546,0.6,2
NIFTYIT,2021-09-17,SIDE,0.3975781195016659,0.6024057410532829,1.613944505116416e-05,0.3343765678693998,0.6213204730003239,0.04430295913027637,0.6024057410532829,43.19807095004858,0.4036086115799244,SIDE,0.6213204730003239,75.2407303972632,HIGH,0.8605818628180459,0.5,1
NIFTYIT,2021-09-20,SIDE,0.029024713857364614,0.9709640310253448,1.1255117290642212e-05,0.0667565420270941,0.8974109618796051,0.035832496093300706,0.9709640310253448,84.61164428194077,0.956446046538017,SIDE,0.8974109618796051,82.04206630162292,HIGH,0.9148866614517559,0.6,2
NIFTYIT,2021-09-21,SIDE,0.1246476320070864,0.8753460744897766,6.2935031368015036e-06,0.13619195139600387,0.8257833618869149,0.03802468671708121,0.8753460744897766,73.86750428303723,0.8130191117346651,SIDE,0.8257833618869149,84.0557914656428,HIGH,0.9007970209377545,0.7,3
NIFTYIT,2021-09-22,SIDE,0.44262225983238196,0.5573769834739843,7.566936337514873e-07,0.3670850951209987,0.5875908341394461,0.04532407073955524,0.5573769834739843,38.13862512091692,0.3360654752109765,SIDE,0.5875908341394461,83.776135016663,HIGH,0.8539447859523286,0.8,4
NIFTYIT,2021-09-23,BULL,0.8929334590064292,0.10706620061400399,3.4037956691152815e-07,0.6940725626061343,0.25025951253704665,0.05566792485681917,0.8929334590064292,54.110884390920134,0.8394001885096436,BULL,0.6940725626061343,64.13153202580018,MODERATE,0.7875933146542885,0.3,1
NIFTYIT,2021-09-24,BULL,0.9972529351022443,0.0027469934317242185,7.146603141207508e-08,0.7698227616027757,0.17211320007288264,0.05806403832434158,0.9972529351022443,65.47341424041636,0.9958794026533665,BULL,0.7698227616027757,66.05555933058604,MODERATE,0.7722222761512291,0.4,2
NIFTYIT,2021-09-27,BULL,0.6956426231169952,0.3019605342872691,0.0023968425957357135,0.5507615481574105,0.3959822683999335,0.053256183442655994,0.6956426231169952,32.61423222361158,0.5434639346754928,BULL,0.5507615481574105,72.1665533941918,MODERATE,0.8166650484884541,0.5,3
NIFTYIT,2021-09-28,SIDE,0.09989235281327964,0.8856375295104495,0.014470117676270943,0.11790896940696784,0.8318382847189051,0.05025274587412714,0.8856375295104495,74.77574270783576,0.8284562942656742,SIDE,0.8318382847189051,78.3118638528111,HIGH,0.9044551978973016,0.5,1
NIFTYIT,2021-09-29,SIDE,0.0045641315300983115,0.9948727709970839,0.0005630974728178035,0.04898309385895712,0.9152580639729502,0.03575884216809264,0.9948727709970839,87.28870959594252,0.9923091564956259,SIDE,0.9152580639729502,82.2943860970642,HIGH,0.9184912299580601,0.6,2
NIFTYIT,2021-09-30,SIDE,0.000545802603411353,0.9977020611103892,0.001752136286199516,0.04603997828998218,0.9172414958360264,0.03671852587399141,0.9977020611103892,87.58622437540396,0.9965530916655836,SIDE,0.9172414958360264,85.33589291532532,HIGH,0.9190841845046476,0.7,3
NIFTYIT,2021-10-01,SIDE,0.00046306431703114625,0.9871709013089395,0.012366034374029278,0.045754419254444255,0.9081384184461158,0.04610716229944001,0.9871709013089395,86.22076276691735,0.9807563519634094,SIDE,0.9081384184461158,85.33729028652513,HIGH,0.9191041469503592,0.7,4
NIFTYIT,2021-10-04,SIDE,0.00044045042841741585,0.9969387034017387,0.0026208461698438586,0.04594502350026653,0.9165702885761139,0.037484687923619614,0.9969387034017387,87.48554328641707,0.9954080551026081,SIDE,0.9165702885761139,85.33702406324048,HIGH,0.9191003437605783,0.7,5
NIFTYIT,2021-10-05,SIDE,0.0005163939889977952,0.998538044046463,0.0009455619645392743,0.046035758336955654,0.917959999667268,0.03600424199577635,0.998538044046463,87.6939999500902,0.9978070660696943,SIDE,0.917959999667268,85.33615490271957,HIGH,0.9190879271817083,0.7,6
NIFTYIT,2021-10-06,SIDE,0.0003896695865480293,0.9848712611870031,0.014739069226448832,0.045650712327889906,0.9061442931954754,0.048204994476634795,0.9848712611870031,85.92164397932126,0.9773068917805044,SIDE,0.9061442931954754,85.33816891951837,HIGH,0.9191166988502625,0.7,7
NIFTYIT,2021-10-07,SIDE,0.0008151587684963899,0.998597050136694,0.000587791094809682,0.046260302808208496,0.9180451262806734,0.035694570911118134,0.998597050136694,87.706768942101,0.9978955752050408,SIDE,0.9180451262806734,88.3330550441704,HIGH,0.9190436434881486,0.8,8
NIFTYIT,2021-10-08,SIDE,0.006762123122622523,0.9931620450199273,7.583185745023346e-05,0.0505894874593491,0.9140322829382181,0.03537822960243278,0.9931620450199273,87.10484244073272,0.9897430675298908,SIDE,0.9140322829382181,91.27169058286728,HIGH,0.9181670083266754,0.9,9
NIFTYIT,2021-10-11,BEAR,0.012369777876974835,0.13304285178579933,0.854587370337226,0.03650832216189623,0.17196434949806,0.7915273283400437,0.854587370337226,68.72909925100656,0.7818810555058386,BEAR,0.7915273283400437,67.25764812964655,MODERATE,0.9179664018520935,0.1,1
NIFTYIT,2021-10-12,BEAR,0.0001894925081622114,0.007345810045086901,0.9924646974467508,0.02473472969261631,0.06203219337881497,0.9132330769285688,0.9924646974467508,86.98496153928532,0.9886970461701262,BEAR,0.9132330769285688,70.39034470657843,MODERATE,0.9198620672368347,0.2,2
NIFTYIT,2021-10-13,BEAR,0.0005332697177916848,0.04632398706969819,0.9531427432125101,0.0258197074151147,0.09572901271968645,0.8784512798651989,0.9531427432125101,81.76769197977983,0.9297141148187652,BEAR,0.8784512798651989,73.38478355927157,MODERATE,0.9197826222753083,0.3,3
NIFTYIT,2021-10-14,BULL,0.9813988005434846,5.799347386195287e-05,0.018543205982653476,0.7579165666896845,0.16797773736967953,0.07410569594063598,0.9813988005434846,63.68748500345268,0.9720982008152269,BULL,0.7579165666896845,57.22003254436592,MODERATE,0.7745718934909417,0.1,1
NIFTYIT,2021-10-18,BULL,0.6666131601654369,0.32867134923242386,0.004715490602139133,0.5296329346891029,0.415726325702538,0.05464073960835916,0.6666131601654369,29.444940203365434,0.49991974024815555,BULL,0.5296329346891029,63.46608812425938,MODERATE,0.8209441160608484,0.2,2
NIFTYIT,2021-10-19,BULL,0.8927363541400812,0.10720250664918647,6.113921073220995e-05,0.6939281459424504,0.25035466581108695,0.055717188246462636,0.8927363541400812,54.089221891367565,0.8391045312101219,BULL,0.6939281459424504,64.13356812231972,MODERATE,0.7876224017474247,0.3,3
NIFTYIT,2021-10-20,SIDE,0.1897716935648043,0.8099660319648506,0.00026227447034510087,0.18347548026634003,0.7767773737568597,0.03974714597680023,0.8099660319648506,66.51660606352895,0.7149490479472759,SIDE,0.7767773737568597,74.38410152701015,MODERATE,0.8912014503858594,0.4,1
NIFTYIT,2021-10-21,SIDE,0.019313783610731352,0.960593167999285,0.02009304838998374,0.059278465829368604,0.8873449507355994,0.05337658343503204,0.960593167999285,83.1017426103399,0.9408897519989274,SIDE,0.8873449507355994,76.14325609432535,HIGH,0.9163322299189336,0.4,2
NIFTYIT,2021-10-22,SIDE,0.0014408983599328979,0.9649591926522761,0.03359990898779088,0.04601337177675948,0.8890705519346869,0.06491607628855374,0.9649591926522761,83.360582790203,0.9474387889784144,SIDE,0.8890705519346869,76.32829299798723,HIGH,0.9189756142569606,0.4,3
NIFTYIT,2021-10-25,SIDE,0.0010415718092637927,0.7352951778176597,0.26366325037307653,0.04083598205092453,0.6907109426433509,0.26845307530572465,0.7352951778176597,53.60664139650263,0.6029427667264896,SIDE,0.6907109426433509,76.3442031117764,HIGH,0.9192029015968057,0.4,4
NIFTYIT,2021-10-26,SIDE,0.0006551116610765926,0.7330181841197527,0.26632670421917076,0.040498777246914815,0.6887005615681402,0.27080066118494506,0.7330181841197527,53.305084235221024,0.5995272761796289,SIDE,0.6887005615681402,79.34832565109467,HIGH,0.9192617950156381,0.5,5
NIFTYIT,2021-10-27,SIDE,0.00043525813556651846,0.9808662208327061,0.01869852103172734,0.04559970196414184,0.9026911721225435,0.051709125913314634,0.9808662208327061,85.40367581838152,0.9712993312490592,SIDE,0.9026911721225435,82.3379016425434,HIGH,0.9191128806077629,0.6,6
NIFTYIT,2021-10-28,SIDE,0.000684964203294174,0.5473555106494645,0.4519595251472413,0.03657690413819527,0.528385022289751,0.43503807357205354,0.5473555106494645,29.25775334346267,0.3210332659741968,SIDE,0.528385022289751,85.35753193684018,HIGH,0.9193933133834312,0.7,7
NIFTYIT,2021-10-29,BEAR,8.543900734438184e-06,0.0008748067003794958,0.999116649398886,0.02446202341348942,0.05642381029152435,0.9191141662949863,0.999116649398886,87.86712494424793,0.9986749740983288,BEAR,0.9191141662949863,67.39255197876682,MODERATE,0.9198935996966688,0.1,1
NIFTYIT,2021-11-01,BEAR,0.0014408213363761276,0.028507385025868873,0.970051793637755,0.02611950107862042,0.0804482632069501,0.8934322357144295,0.970051793637755,84.01483535716443,0.9550776904566323,BEAR,0.8934322357144295,70.37628951911618,MODERATE,0.9196612788445171,0.2,2
NIFTYIT,2021-11-02,BEAR,0.0005937483586506227,0.13811448269630242,0.861291768945047,0.027814888686216576,0.17499664576247778,0.7971884655513057,0.861291768945047,69.57826983269587,0.7919376534175705,BEAR,0.7971884655513057,73.37945215577226,MODERATE,0.9197064593681753,0.3,3
NIFTYIT,2021-11-03,BEAR,0.00045008929735534806,0.22659875493906306,0.7729511557635816,0.029587264616160857,0.2513860176292349,0.7190267177546044,0.7729511557635816,57.85400766319066,0.6594267336453724,BEAR,0.7190267177546044,76.37640618644122,HIGH,0.9196629455205888,0.4,4
NIFTYIT,2021-11-04,BEAR,0.0008979921079503122,0.42231457877350975,0.5767874291185401,0.03407977004866039,0.4204370603181346,0.5454831696332051,0.5767874291185401,31.822475444980764,0.36518114367780996,BEAR,0.5454831696332051,79.36173249524964,HIGH,0.9194533213607091,0.5,5
NIFTYIT,2021-11-08,SIDE,0.0009234678013801613,0.8195853364240916,0.17949119577452832,0.042538358335412176,0.7634816378457272,0.19398000381886066,0.8195853364240916,64.52224567685909,0.7293780046361373,SIDE,0.7634816378457272,79.34110721238888,HIGH,0.9191586744626982,0.5,1
NIFTYIT,2021-11-09,SIDE,0.0004270681682533946,0.9163650572012327,0.08320787463051388,0.04422332986764216,0.8469937460853604,0.10878292404699756,0.9163650572012327,77.04906191280404,0.8745475858018491,SIDE,0.8469937460853604,79.34129239680887,HIGH,0.9191613199544125,0.5,2
NIFTYIT,2021-11-10,SIDE,0.00018417997750197522,0.9774099919685688,0.022405828053929194,0.04533862755439646,0.8996780124083521,0.05498336003725144,0.9774099919685688,84.95170186125281,0.9661149879528532,SIDE,0.8996780124083521,79.34068132431473,HIGH,0.9191525903473533,0.5,3
NIFTYIT,2021-11-11,SIDE,0.00012735548281500692,0.994469456765911,0.005403187751273977,0.04565856622796511,0.9144022899774306,0.03993914379460428,0.994469456765911,87.16034349661457,0.9917041851488664,SIDE,0.9144022899774306,79.34039599198745,HIGH,0.9191485141712492,0.5,4
NIFTYIT,2021-11-12,SIDE,0.0012796515052360187,0.9986102012057648,0.00011014728899913276,0.04660773497958511,0.9181096145571784,0.03528265046323644,0.9986102012057648,87.71644218357675,0.9979153018086471,SIDE,0.9181096145571784,79.3282396893307,HIGH,0.9189748527047243,0.5,5
NIFTYIT,2021-11-15,SIDE,0.0004599245700671203,0.9995326139981285,7.461431804397393e-06,0.04601468266149255,0.9188123473028996,0.03517297003560784,0.9995326139981285,87.82185209543492,0.9992989209971926,SIDE,0.9188123473028996,82.33668925977702,HIGH,0.9190955608539575,0.6,6
NIFTYIT,2021-11-16,SIDE,0.000711760291001775,0.9992818241101655,6.415598832785522e-06,0.04619757202182302,0.9186245982448894,0.03517782973328757,0.9992818241101655,87.7936897367334,0.9989227361652483,SIDE,0.9186245982448894,85.33409172039332,HIGH,0.919058453148476,0.7,7
NIFTYIT,2021-11-17,SIDE,0.00039890774195166183,0.9995932906094585,7.80164858993995e-06,0.04597036887977361,0.9188577617156669,0.035171869404559505,0.9995932906094585,87.82866425735001,0.9993899359141877,SIDE,0.9188577617156669,88.33731861741607,HIGH,0.9191045516773726,0.8,8
NIFTYIT,2021-11-18,SIDE,0.00036801277401442333,0.9994586909702657,0.00017329625571986006,0.045944419174177895,0.9187380014687058,0.03531757935711629,0.9994586909702657,87.81070022030585,0.9991880364553984,SIDE,0.9187380014687058,91.33764575656622,HIGH,0.9191092250938032,0.9,9
NIFTYIT,2021-11-22,SIDE,0.0002942469090785298,0.9989844816373935,0.0007212714535279318,0.04587921399110352,0.9183200857346441,0.035800700274252396,0.9989844816373935,87.74801286019661,0.9984767224560901,SIDE,0.9183200857346441,94.3384346782057,HIGH,0.9191204954029388,1.0,10
NIFTYIT,2021-11-23,SIDE,0.00013078513434783195,0.9983943745804473,0.0014748402852048776,0.045744509727923696,0.9177918326597836,0.03646365761229278,0.9983943745804473,87.66877489896754,0.997591561870671,SIDE,0.9177918326597836,94.34015927927268,HIGH,0.9191451325610384,1.0,11
NIFTYIT,2021-11-24,SIDE,0.00035034484029005275,0.8464605567824471,0.1531890983772628,0.0426809497657693,0.7866227215891197,0.17069632864511106,0.8464605567824471,67.99340823836796,0.7696908351736705,SIDE,0.7866227215891197,94.34567046669775,HIGH,0.9192238638099679,1.0,12
NIFTYIT,2021-11-25,SIDE,0.00019649207852833866,0.9735924599714187,0.026211047950053013,0.04526673041752837,0.8963829976042991,0.058350271978172524,0.9735924599714187,84.45744964064484,0.9603886899571281,SIDE,0.8963829976042991,94.34074936270787,HIGH,0.9191535623243982,1.0,13
NIFTYIT,2021-11-26,BEAR,0.0001558637673611285,0.07774191357693491,0.922102222655704,0.026205078343020844,0.12281509218950708,0.8509798294674722,0.922102222655704,77.64697442012083,0.8831533339835558,BEAR,0.8509798294674722,67.38708529061984,MODERATE,0.9198155041517119,0.1,1
NIFTYIT,2021-11-29,BEAR,3.4867490836634985e-05,0.012311974224004941,0.9876531582851584,0.02472466627219116,0.0663027684561827,0.9089725652716262,0.9876531582851584,86.34588479074391,0.9814797374277376,BEAR,0.9089725652716262,70.39169293645608,MODERATE,0.9198813276636584,0.2,2
NIFTYIT,2021-11-30,BEAR,0.07608504004398003,0.0004805915570607349,0.9234343683989593,0.08131173500040013,0.06478564330640325,0.8539026216931965,0.9234343683989593,78.08539325397949,0.8851515525984388,BEAR,0.8539026216931965,72.60400431738955,MODERATE,0.9086286331055651,0.3,3
NIFTYIT,2021-12-01,BEAR,0.0013193745150413807,0.33111892020481637,0.6675617052801424,0.03245735891737993,0.34173818573394954,0.6258044553486706,0.6675617052801424,43.87066830230059,0.5013425579202135,BEAR,0.6258044553486706,76.362038700375,HIGH,0.919457695719643,0.4,4
NIFTYIT,2021-12-02,SIDE,0.001114506756353946,0.9850768261039071,0.013808667139738818,0.04619680844487876,0.9064047103092098,0.04739848124591149,0.9850768261039071,85.96070654638145,0.9776152391558607,SIDE,0.9064047103092098,82.33064511317436,HIGH,0.9190092159024911,0.6,1
NIFTYIT,2021-12-03,SIDE,0.00012242601545171217,0.9956318527134226,0.004245721271125711,0.045679575770056935,0.9154054502200043,0.03891497400993874,0.9956318527134226,87.31081753300063,0.9934477790701337,SIDE,0.9154054502200043,82.34038751220403,HIGH,0.9191483930314862,0.6,2
NIFTYIT,2021-12-06,BEAR,0.00016592445006818933,0.04286505167573062,0.9569690238742012,0.02547167974314222,0.0927002163691595,0.8818281038876984,0.9569690238742012,82.27421558315474,0.9354535358113019,BEAR,0.8818281038876984,79.38876854181655,HIGH,0.9198395505973792,0.5,1
NIFTYIT,2021-12-07,BEAR,0.00010525523733830741,0.049158556245262754,0.9507361885173989,0.025560034834224143,0.09812769182233312,0.8763122733434427,0.9507361885173989,81.44684100151642,0.9261042827760982,BEAR,0.8763122733434427,82.38907484673996,HIGH,0.9198439263819994,0.6,2
NIFTYIT,2021-12-08,SIDE,0.001679464765069949,0.5057360667432023,0.49258446849172777,0.03643601846722311,0.49256056275360127,0.4710034187791756,0.5057360667432023,23.884084413040192,0.2586041001148034,SIDE,0.49256056275360127,76.34935659181464,HIGH,0.9192765227402092,0.4,1
NIFTYIT,2021-12-09,SIDE,0.00019751386532754062,0.9842208622650268,0.015581623869645733,0.045493281940461525,0.9055606961010519,0.048946021958486505,0.9842208622650268,85.83410441515778,0.9763312933975399,SIDE,0.9055606961010519,76.34019403665884,HIGH,0.9191456290951264,0.4,2
NIFTYIT,2021-12-10,SIDE,0.00013542980794411968,0.9994871977184693,0.0003773724735866038,0.04577119680362808,0.9187360122344138,0.03549279096195818,0.9994871977184693,87.81040183516203,0.9992307965777038,SIDE,0.9187360122344138,79.34005512491285,HIGH,0.9191436446416121,0.5,3
NIFTYIT,2021-12-13,SIDE,0.0001430541646099647,0.9996860448696268,0.00017090096576328608,0.04578111937175296,0.9189085880653605,0.03531029256288659,0.9996860448696268,87.83628820980407,0.9995290673044401,SIDE,0.9189085880653605,82.33996590348826,HIGH,0.9191423700498325,0.6,4
NIFTYIT,2021-12-14,SIDE,0.00015491554867817813,0.9998047149342877,4.0369517034247426e-05,0.045792505343791014,0.9190124159772325,0.03519507867897652,0.9998047149342877,87.85186239658486,0.9997070724014315,SIDE,0.9190124159772325,85.33983687262182,HIGH,0.9191405267517403,0.7,5
NIFTYIT,2021-12-15,SIDE,0.00012352015711495428,0.9991943583728619,0.0006821214700232018,0.04575607473719677,0.9184817843444731,0.03576214091833003,0.9991943583728619,87.77226765167096,0.9987915375592926,SIDE,0.9184817843444731,88.34019358273967,HIGH,0.9191456226105668,0.8,6
NIFTYIT,2021-12-16,SIDE,0.00047203162500110245,0.9995070090477972,2.095932720157246e-05,0.046023187290763004,0.9187916224351904,0.035185190274046554,0.9995070090477972,87.81874336527856,0.999260513571696,SIDE,0.9187916224351904,88.33656507690917,HIGH,0.9190937868129883,0.8,7
NIFTYIT,2021-12-17,BULL,0.9998621691039342,0.00013762726276182223,2.0363330397480882e-07,0.77171741919162,0.17015848811829412,0.058124092690085984,0.9998621691039342,65.75761287874299,0.9997932536559013,BULL,0.77171741919162,57.02864715748379,MODERATE,0.7718378165354828,0.1,1
NIFTYIT,2021-12-20,SIDE,0.04587464643854122,0.9429453594422115,0.01117999411924726,0.07875462868802952,0.8751443839672456,0.04610098734472495,0.9429453594422115,81.27165759508682,0.9144180391633172,SIDE,0.8751443839672456,87.8688450357892,HIGH,0.9124120719398457,0.8,1
NIFTYIT,2021-12-21,SIDE,0.006191298248728475,0.9936485716696426,0.00016013008162881547,0.0501731997902819,0.9143871011967863,0.03543969901293178,0.9936485716696426,87.15806517951795,0.9904728575044639,SIDE,0.9143871011967863,91.2775825093519,HIGH,0.918251178705027,0.9,2
NIFTYIT,2021-12-22,SIDE,0.0011358529774375,0.9988293719905202,3.4775032042322346e-05,0.04650491879518392,0.9182824188052694,0.03521266239954664,0.9988293719905202,87.7423628207904,0.9982440579857802,SIDE,0.9182824188052694,91.32971899409283,HIGH,0.9189959856298977,0.9,3
NIFTYIT,2021-12-23,SIDE,0.0035498313274319503,0.9964399276096932,1.0241062874868368e-05,0.04825831810519023,0.916495273511012,0.03524640838379776,0.9964399276096932,87.47429102665178,0.9946598914145397,SIDE,0.916495273511012,91.30481946401328,HIGH,0.9186402780573325,0.9,4
NIFTYIT,2021-12-24,SIDE,0.056867273411801936,0.9431318699769847,8.566112133303412e-07,0.08697426542150387,0.8765628593607296,0.03646287521776648,0.9431318699769847,81.48442890410944,0.9146978049654769,SIDE,0.8765628593607296,90.75489184312143,HIGH,0.9107841691874489,0.9,5
NIFTYIT,2021-12-27,SIDE,0.06435537660404182,0.9356440694667039,5.539292544055672e-07,0.0924116579023456,0.8709537233960615,0.03663461870159296,0.9356440694667039,80.6430585094092,0.9034661042000558,SIDE,0.8709537233960615,90.67765798046733,HIGH,0.9096808282923905,0.9,6
NIFTYIT,2021-12-28,SIDE,0.19126691663306122,0.8087321260201505,9.573467881657127e-07,0.18456676788672882,0.7758829365899775,0.0395502955232937,0.8087321260201505,66.38244048849663,0.7130981890302258,SIDE,0.7758829365899775,89.36866609339842,HIGH,0.890980944191406,0.9,7
NIFTYIT,2021-12-29,SIDE,0.09267989389644787,0.9073191736245064,9.324790456785e-07,0.11297911952074081,0.8497352765802086,0.03728560389905057,0.9073191736245064,77.4602914870313,0.8609787604367595,SIDE,0.8497352765802086,90.38551306239472,HIGH,0.9055073294627819,0.9,8
NIFTYIT,2021-12-30,SIDE,0.40419292198334955,0.5958062986995117,7.793171387113939e-07,0.3391801445890445,0.6163785355479823,0.04444131986297312,0.5958062986995117,42.45678033219734,0.3937094480492676,SIDE,0.6163785355479823,87.17250316726651,HIGH,0.8596071881038074,0.9,9
NIFTYIT,2021-12-31,SIDE,0.4075139424930208,0.5924854436944248,6.138125544946195e-07,0.34159166276095626,0.6138908757287329,0.04451746151031085,0.5924854436944248,42.08363135930993,0.3887281655416372,SIDE,0.6138908757287329,90.13824946545066,HIGH,0.859117849506438,1.0,10
NIFTYIT,2022-01-03,BULL,0.7986781436176092,0.20132160166344115,2.547189496443804e-07,0.6256303269267379,0.32086698878532083,0.05350268428794128,0.7986781436176092,43.84454903901069,0.6980172154264138,BULL,0.6256303269267379,59.103700864981704,MODERATE,0.80148144092831,0.1,1
NIFTYIT,2022-01-04,BULL,0.9763204304239195,0.02367954788836429,2.1687716278096545e-08,0.7546229041617092,0.18779394787876405,0.05758314795952677,0.9763204304239195,63.19343562425638,0.9644806456358792,BULL,0.7546229041617092,60.27146151649219,MODERATE,0.7753065930927455,0.2,2
NIFTYIT,2022-01-05,SIDE,0.39303742222581284,0.6069410378452882,2.153992889909588e-05,0.33107928650437374,0.624717281949251,0.04420343154637531,0.6069410378452882,43.70759229238765,0.4104115567679323,SIDE,0.624717281949251,84.28756436615254,HIGH,0.8612509195164648,0.8,1
NIFTYIT,2022-01-06,SIDE,0.00517834904895141,0.9947644519214817,5.719902956685757e-05,0.049439846916133866,0.9152347899939967,0.03532536308986941,0.9947644519214817,87.28521849909949,0.9921466778822223,SIDE,0.9152347899939967,88.28802500168554,HIGH,0.9184003571669365,0.8,2
NIFTYIT,2022-01-07,SIDE,0.0006188498999872265,0.9993799378718884,1.2122281242715037e-06,0.04613021692265055,0.9186986912428647,0.03517109183448475,0.9993799378718884,87.80480368642971,0.9990699068078326,SIDE,0.9186986912428647,88.33504975072134,HIGH,0.9190721392960193,0.8,3
NIFTYIT,2022-01-10,SIDE,0.0007310259555741044,0.9992649020954831,4.071948942779754e-06,0.046211611314731914,0.918612189915204,0.03517619877006401,0.9992649020954831,87.7918284872806,0.9988973531432247,SIDE,0.918612189915204,88.33389289022043,HIGH,0.9190556127174346,0.8,4
NIFTYIT,2022-01-11,SIDE,0.0012737317414629296,0.99872389930876,2.368949776958997e-06,0.04660572604582185,0.9182071152511703,0.035187158703007926,0.99872389930876,87.73106728767553,0.9980858489631399,SIDE,0.9182071152511703,88.32829522306487,HIGH,0.9189756460437839,0.8,5
NIFTYIT,2022-01-12,SIDE,0.000508268404593343,0.9994875676777665,4.16391764013048e-06,0.046049856942589285,0.9187789799439781,0.035171163113432755,0.9994875676777665,87.8168469915967,0.9992313515166495,SIDE,0.9187789799439781,88.33619046244887,HIGH,0.9190884351778411,0.8,6
NIFTYIT,2022-01-13,SIDE,0.01261297106593956,0.9873458728969222,4.115603713822601e-05,0.05483873914068361,0.9096793088940026,0.035481951965313785,0.9873458728969222,86.45189633410038,0.9810188093453833,SIDE,0.9096793088940026,88.21134194821512,HIGH,0.9173048849745017,0.8,7
NIFTYIT,2022-01-14,SIDE,0.001126591228262392,0.9988616553258142,1.1753445923394226e-05,0.046498682566227564,0.9183092358996525,0.035192081534119915,0.9988616553258142,87.74638538494787,0.9982924829887211,SIDE,0.9183092358996525,88.32981334177256,HIGH,0.9189973334538939,0.8,8
NIFTYIT,2022-01-17,SIDE,0.00045127755695995335,0.9995100467695471,3.8675673492921146e-05,0.04600774063878158,0.9187918714796436,0.035200387881574854,0.9995100467695471,87.81878072194652,0.9992650701543205,SIDE,0.9187918714796436,91.3367800466765,HIGH,0.9190968578096642,0.9,9
NIFTYIT,2022-01-18,SIDE,0.0003099440676247307,0.9944556754649007,0.00523438046747474,0.0457947365998952,0.9144112758188185,0.03979398758128633,0.9944556754649007,87.16169137282279,0.9916835131973508,SIDE,0.9144112758188185,94.33850408367277,HIGH,0.9191214869096109,1.0,10
NIFTYIT,2022-01-19,BEAR,0.00046283115700939916,0.13802225178297076,0.8615149170600198,0.027715084391753218,0.17490202939529517,0.7973828862129516,0.8615149170600198,69.60743293194274,0.7922723755900297,BEAR,0.7973828862129516,67.38081389985622,MODERATE,0.9197259128550889,0.1,1
NIFTYIT,2022-01-20,BEAR,1.7327312977843301e-06,2.825345600393695e-05,0.9999700138126982,0.02443894885429893,0.05569203593494075,0.9198690152107604,0.9999700138126982,87.98035228161403,0.9999550207190472,BEAR,0.9198690152107604,70.39266596784499,MODERATE,0.9198952281120713,0.2,2
NIFTYIT,2022-01-21,BEAR,1.251126174701783e-07,1.6325026261668433e-08,0.9999998585623564,0.024437147487007357,0.055667469396369955,0.9198953831166226,0.9999998585623564,87.98430746749342,0.9999997878435346,BEAR,0.9198953831166226,73.39268407878225,MODERATE,0.9198954868397465,0.3,3
NIFTYIT,2022-01-24,BEAR,1.3506288776777033e-09,2.015473615784752e-15,0.9999999986493692,0.024437054642910277,0.05566744114289577,0.9198955042141939,0.9999999986493692,87.98432563212909,0.9999999979740536,BEAR,0.9198955042141939,76.39268536246882,HIGH,0.9198955051781261,0.4,4
NIFTYIT,2022-01-25,BEAR,7.594408283901946e-09,2.9699565848172735e-13,0.9999999924052947,0.024437059309395232,0.05566744185736376,0.9198954988332411,0.9999999924052947,87.98432482498616,0.999999988607942,BEAR,0.9198954988332411,79.39268529774921,HIGH,0.9198955042535601,0.5,5
NIFTYIT,2022-01-27,BEAR,8.899956208866265e-11,2.1224204035817422e-21,0.9999999999110005,0.024437053699993144,0.055667440998578815,0.919895505301428,0.9999999999110005,87.98432579521419,0.9999999998665008,BEAR,0.919895505301428,82.39268537554626,HIGH,0.9198955053649467,0.6,6
NIFTYIT,2022-01-28,BEAR,2.9506660158191345e-09,7.002114109560644e-16,0.9999999970493333,0.024437055838746738,0.05566744132591965,0.9198955028353337,0.9999999970493333,87.98432542530006,0.9999999955739998,BEAR,0.9198955028353337,85.3926853458837,HIGH,0.919895504941196,0.7,7
NIFTYIT,2022-01-31,BEAR,1.112717106840006e-07,8.750689309625094e-11,0.9999998886407824,0.024437136797637236,0.05566745379210559,0.9198954094102573,0.9999998886407824,87.98431141153857,0.9999998329611736,BEAR,0.9198954094102573,88.3926842230818,HIGH,0.9198954889011687,0.8,8
NIFTYIT,2022-02-01,BEAR,6.004155662409088e-07,2.5497003343698327e-07,0.9999991446144003,0.024437507788872426,0.055667729834291774,0.9198947623768359,0.9999991446144003,87.98421435652538,0.9999987169216005,BEAR,0.9198947623768359,91.39267913981739,HIGH,0.9198954162831056,0.9,9
NIFTYIT,2022-02-02,BEAR,3.9138218999070745e-06,2.7550592631833898e-05,0.9999685355854683,0.024440564027280665,0.05569167850584545,0.919867757466874,0.9999685355854683,87.98016362003108,0.9999528033782022,BEAR,0.919867757466874,94.39264339586163,HIGH,0.9198949056551661,1.0,10
NIFTYIT,2022-02-03,BEAR,1.3349317323803225e-07,5.023383775662102e-08,0.999999816272989,0.024437154470823605,0.05566749963512386,0.9198953458940525,0.999999816272989,87.98430188410786,0.9999997244094833,BEAR,0.9198953458940525,94.39268399017597,HIGH,0.9198954855739426,1.0,11
NIFTYIT,2022-02-04,BEAR,3.9969906786349727e-07,6.508531441872305e-07,0.999998949447788,0.02443736618735408,0.05566804871817444,0.9198945850944714,0.999998949447788,87.98418776417073,0.9999984241716818,BEAR,0.9198945850944714,94.39268120004611,HIGH,0.9198954457149444,1.0,12
NIFTYIT,2022-02-07,BEAR,7.039102281506206e-08,1.3858498611072071e-08,0.9999999157504786,0.024437106536758648,0.05566746100704124,0.9198954324562002,0.9999999157504786,87.98431486843002,0.999999873625718,BEAR,0.9198954324562002,94.39268464612316,HIGH,0.9198954949446168,1.0,13
NIFTYIT,2022-02-08,BEAR,1.3145518027861108e-07,5.7049254335103186e-08,0.9999998114955655,0.02443715309245298,0.05566750528708612,0.9198953416204608,0.9999998114955655,87.98430124306914,0.9999997172433482,BEAR,0.9198953416204608,94.39268401095144,HIGH,0.9198954858707351,1.0,14
NIFTYIT,2022-02-09,BEAR,2.9027673993270326e-06,1.5775744040613484e-05,0.99998132148856,0.024439558242151438,0.055681395320096805,0.9198790464377518,0.99998132148856,87.98185696566276,0.99997198223284,BEAR,0.9198790464377518,94.39265447939967,HIGH,0.919895063991424,1.0,15
NIFTYIT,2022-02-10,BEAR,2.4421541534784025e-05,0.0008702328043619308,0.9991053456541032,0.02447379288485718,0.05642167696229006,0.9191045301528529,0.9991053456541032,87.86567952292793,0.9986580184811549,BEAR,0.9191045301528529,94.39238763414335,HIGH,0.9198912519163336,1.0,16
NIFTYIT,2022-02-11,BEAR,2.370105905635655e-07,7.562826496357155e-08,0.9999996873611445,0.024437232377192593,0.055667533404254704,0.9198952342185528,0.9999996873611445,87.9842851327829,0.9999995310417168,BEAR,0.9198952342185528,94.39268291586885,HIGH,0.9198954702266979,1.0,17
NIFTYIT,2022-02-14,BEAR,3.0787452077542727e-07,9.619037195889208e-08,0.9999995959351072,0.0244372857763266,0.05566755926553073,0.9198951549581426,0.9999995959351072,87.9842732437214,0.9999993939026607,BEAR,0.9198951549581426,94.39268218027776,HIGH,0.9198954597182537,1.0,18
NIFTYIT,2022-02-15,BEAR,0.00010619793240015768,7.852195450596971e-05,0.9998152801130938,0.024518091998627093,0.05574739213898708,0.9197345158623859,0.9998152801130938,87.96017737935786,0.9997229201696406,BEAR,0.9197345158623859,94.39158056159927,HIGH,0.919879722308561,1.0,19
NIFTYIT,2022-02-16,BEAR,0.0002693553369525264,0.004435030189145139,0.9952956144739024,0.024732581528109792,0.059527882305826466,0.9157395361660636,0.9952956144739024,87.36093042490954,0.9929434217108534,BEAR,0.9157395361660636,94.38966607708197,HIGH,0.9198523725297424,1.0,20
NIFTYIT,2022-02-17,BEAR,0.00010506259091093609,0.0021642738972896475,0.9977306635117994,0.024561552804295946,0.057548300483800906,0.917890146711903,0.9977306635117994,87.68352200678548,0.9965959952676989,BEAR,0.917890146711903,94.39148542943003,HIGH,0.919878363277572,1.0,21
NIFTYIT,2022-02-18,BEAR,1.6377672178980624e-05,0.000307102500080204,0.9996765198277408,0.02445581801561111,0.05593449614140005,0.9196096858429889,0.9996765198277408,87.94145287644831,0.999514779741611,BEAR,0.9196096858429889,94.39249987452027,HIGH,0.9198928553502898,1.0,22
NIFTYIT,2022-02-21,BEAR,9.751758237105464e-06,0.00016340447892498563,0.9998268437628379,0.02444781324222354,0.055809655566965315,0.9197425311908113,0.9998268437628379,87.96137967862168,0.9997402656442569,BEAR,0.9197425311908113,94.39257592008272,HIGH,0.9198939417154676,1.0,23
NIFTYIT,2022-02-22,BEAR,1.471338909648136e-06,9.825266588726919e-06,0.9999887033945016,0.024438362009608354,0.055676093369115935,0.9198855446212758,0.9999887033945016,87.98283169319136,0.9999830550917524,BEAR,0.9198855446212758,94.39266962179249,HIGH,0.9198952803113215,1.0,24
NIFTYIT,2022-02-23,BEAR,4.105028467781743e-06,7.86221096872671e-05,0.999917272861845,0.02444179188541993,0.05573580042226054,0.9198224076923196,0.999917272861845,87.97336115384795,0.9998759092927673,BEAR,0.9198224076923196,94.3926387963623,HIGH,0.919894839948033,1.0,25
NIFTYIT,2022-02-24,BEAR,1.94631115074188e-09,1.7541458722968003e-15,0.9999999980536871,0.02443705508811156,0.05566744121103443,0.9198955037008539,0.9999999980536871,87.98432555512811,0.9999999970805307,BEAR,0.9198955037008539,94.39268535629432,HIGH,0.9198955050899189,1.0,26
NIFTYIT,2022-02-25,BEAR,1.162920470636207e-06,3.590402718161423e-08,0.9999988011755021,0.024437923540244533,0.05566760501549309,0.9198944714442624,0.9999988011755021,87.98417071663934,0.9999982017632532,BEAR,0.9198944714442624,94.39267332042316,HIGH,0.9198953331489024,1.0,27
NIFTYIT,2022-02-28,BEAR,1.1437368823225076e-05,1.389622644167342e-05,0.9999746664047352,0.024445896908305346,0.05568074862014441,0.9198733544715502,0.9999746664047352,87.98100317073254,0.9999619996071026,BEAR,0.9198733544715502,94.39256611066178,HIGH,0.9198938015808826,1.0,28
NIFTYIT,2022-03-02,BEAR,1.7912658119732107e-06,9.653643301987664e-06,0.9999885550908861,0.02443859747078772,0.055675981768904294,0.9198854207603079,0.9999885550908861,87.9828131140462,0.999982832636329,BEAR,0.9198854207603079,94.39266631439924,HIGH,0.9198952330628464,1.0,29
NIFTYIT,2022-03-03,BEAR,1.730337060812553e-05,0.00013354116050737235,0.9998491554688845,0.02445282275876054,0.055784732528108116,0.9197624447131313,0.9998491554688845,87.96436670696967,0.9997737332033266,BEAR,0.9197624447131313,94.3924991747249,HIGH,0.9198928453532129,1.0,30
NIFTYIT,2022-03-04,BEAR,6.648470364481284e-05,0.0016014096867173022,0.9983321056096379,0.024520763059729958,0.057057856709324534,0.9184213802309454,0.9983321056096379,87.76320703464184,0.9974981584144569,BEAR,0.9184213802309454,94.39191415530553,HIGH,0.919884487932936,1.0,31
NIFTYIT,2022-03-07,BEAR,0.00013309532804156967,0.003815521951013841,0.9960513827209446,0.02461758273963155,0.05897735298692341,0.9164050642734451,0.9960513827209446,87.46075964101678,0.9940770740814168,BEAR,0.9164050642734451,94.39111022622875,HIGH,0.9198730032318392,1.0,32
NIFTYIT,2022-03-08,BEAR,0.0037905405080589623,0.010878965400681333,0.9853304940912597,0.027501140295955354,0.06549497506061175,0.907003884643433,0.9853304940912597,86.05058269651494,0.9779957411368896,BEAR,0.907003884643433,94.35283710423323,HIGH,0.9193262443461893,1.0,33
NIFTYIT,2022-03-09,BEAR,0.019707003109676505,0.2336115979138074,0.7466813989765161,0.044128485172875494,0.25964433799403885,0.6962271768330857,0.7466813989765161,54.43407652496285,0.6200220984647741,BEAR,0.6962271768330857,94.17643999213448,HIGH,0.9168062856019211,1.0,34
NIFTYIT,2022-03-10,SIDE,0.00834139052952987,0.7808997108871288,0.2107588985833413,0.047260538346798026,0.7309252806308113,0.22181418102239067,0.7808997108871288,59.63879209462169,0.6713495663306932,SIDE,0.7309252806308113,67.2661997765894,MODERATE,0.9180885682369915,0.1,1
NIFTYIT,2022-03-11,SIDE,0.0026444926485084397,0.9815029313942365,0.015852575957255133,0.047264366821516045,0.9034936789279514,0.04924195425053261,0.9815029313942365,85.5240518391927,0.9722543970913547,SIDE,0.9034936789279514,70.31496927774745,MODERATE,0.9187852753963922,0.2,2
NIFTYIT,2022-03-14,SIDE,0.040211861010310365,0.9588665073353205,0.0009216316543690837,0.0748605995354771,0.8882444750701791,0.03689492539434377,0.9588665073353205,83.23667126052685,0.9382997610029806,SIDE,0.8882444750701791,72.92672640827826,MODERATE,0.9132389486896895,0.3,3
NIFTYIT,2022-03-15,SIDE,0.010460540105138109,0.9195041499655852,0.0700353099292767,0.051788836998443936,0.8508520482762596,0.0973591147252965,0.9195041499655852,77.62780724143894,0.8792562249483777,SIDE,0.8508520482762596,76.23712995922185,HIGH,0.9176732851317407,0.4,4
NIFTYIT,2022-03-16,SIDE,0.008785038747232968,0.9895318104074795,0.0016831508452875834,0.052024255008470466,0.9111289875157039,0.036846757475825706,0.9895318104074795,86.66934812735558,0.9842977156112193,SIDE,0.9111289875157039,79.2509081916663,HIGH,0.9178701170238043,0.5,5
NIFTYIT,2022-03-17,SIDE,0.021601322008466633,0.9783669111799754,3.176681155805609e-05,0.06136570950671104,0.9029541716662194,0.035680118827069576,0.9783669111799754,85.44312574993289,0.967550366769963,SIDE,0.9029541716662194,82.11863375384706,HIGH,0.9159804821978152,0.6,6
NIFTYIT,2022-03-21,SIDE,0.0025898152379688205,0.9972448963108683,0.0001652884511627831,0.0475579214542078,0.9170805463756253,0.03536153217016695,0.9972448963108683,87.56208195634379,0.9958673444663023,SIDE,0.9170805463756253,85.3147292153869,HIGH,0.9187818459340986,0.7,7
NIFTYIT,2022-03-22,SIDE,0.04043532665456008,0.9594715545129023,9.311883253763677e-05,0.07504046690312209,0.8887924925986821,0.03616704049819592,0.9594715545129023,83.31887388980228,0.9392073317693533,SIDE,0.8887924925986821,87.92437907378908,HIGH,0.9132054153398441,0.8,8
NIFTYIT,2022-03-23,SIDE,0.015464132697487419,0.9845110259964124,2.4841306100292342e-05,0.05690941863940117,0.9075575688673027,0.03553301249329622,0.9845110259964124,86.13363533009539,0.9767665389946184,SIDE,0.9075575688673027,91.1819336404857,HIGH,0.9168847662926527,0.9,9
NIFTYIT,2022-03-24,SIDE,0.060261809868460206,0.9397183759848101,1.981414672964004e-05,0.08943875996933069,0.8740036154977245,0.03655762453294477,0.9397183759848101,81.10054232465866,0.909577563977215,SIDE,0.8740036154977245,93.71988086271104,HIGH,0.9102840123244434,1.0,10
NIFTYIT,2022-03-25,SIDE,0.010475097224242386,0.989436189755205,8.871302055274416e-05,0.05328534033234152,0.9112397418392133,0.035474917828445224,0.989436189755205,86.685961275882,0.9841542846328073,SIDE,0.9112397418392133,94.23339485920638,HIGH,0.9176199265600913,1.0,11
NIFTYIT,2022-03-28,SIDE,0.0004471666478248009,0.9995444235358554,8.409816319818102e-06,0.046005398519463,0.9188210854372375,0.0351735160432994,0.9995444235358554,87.8231628155856,0.9993166353037829,SIDE,0.9188210854372375,94.33682089623656,HIGH,0.919097441374808,1.0,12
NIFTYIT,2022-03-29,SIDE,0.00023859027362681793,0.9997486792665168,1.27304598563426e-05,0.0458538517860977,0.9189736007910044,0.03517254742289789,0.9997486792665168,87.84604011865065,0.999623018899775,SIDE,0.9189736007910044,94.33897241760185,HIGH,0.9191281773943123,1.0,13
NIFTYIT,2022-03-30,SIDE,0.0006602338786623071,0.9993256306030305,1.4135518307356706e-05,0.046159992805604,0.9186565309692484,0.03518347622514768,0.9993256306030305,87.79847964538725,0.9989884459045457,SIDE,0.9186565309692484,94.33462357014857,HIGH,0.9190660510021224,1.0,14
NIFTYIT,2022-03-31,SIDE,0.000216463319536468,0.9997633684576878,2.016822277577357e-05,0.04583762658763041,0.9189837537896742,0.03517861962269542,0.9997633684576878,87.84756306845112,0.9996450526865315,SIDE,0.9189837537896742,94.33920102079468,HIGH,0.9191314431542098,1.0,15
NIFTYIT,2022-04-01,SIDE,0.00019521222864817532,0.99979122002341,1.356774794165104e-05,0.04582233561130927,0.9190053726327875,0.035172291755903355,0.99979122002341,87.85080589491811,0.999686830035115,SIDE,0.9190053726327875,94.33941987065487,HIGH,0.9191345695807837,1.0,16
NIFTYIT,2022-04-04,SIDE,0.00018867412608749258,0.9997759066978981,3.541917601446905e-05,0.04581712384772703,0.9189914017589648,0.03519147439330817,0.9997759066978981,87.8487102638447,0.9996638600468469,SIDE,0.9189914017589648,94.33948842594432,HIGH,0.9191355489420618,1.0,17
NIFTYIT,2022-04-05,SIDE,0.0004247966043946631,0.9995728978595853,2.3055360200779253e-06,0.045989284489641874,0.918843114034613,0.03516760147574505,0.9995728978595853,87.82646710519194,0.9993593467893779,SIDE,0.918843114034613,94.33705131263632,HIGH,0.9191007330376619,1.0,18
NIFTYIT,2022-04-06,SIDE,0.0001669474794001674,0.9986072051448961,0.0012258473757037636,0.04577605809187097,0.9179797475131666,0.036244194394962403,0.9986072051448961,87.69696212697498,0.997910807717344,SIDE,0.9179797475131666,94.33977353178713,HIGH,0.9191396218826734,1.0,19
NIFTYIT,2022-04-07,SIDE,0.0002552077675028285,0.9808560959468972,0.018888696285599946,0.045464920747078905,0.9026618337287421,0.05187324552417904,0.9808560959468972,85.3992750593113,0.9712841439203456,SIDE,0.9026618337287421,94.33976846633196,HIGH,0.9191395495190281,1.0,20
NIFTYIT,2022-04-08,SIDE,0.0001626857041010615,0.9926768373009235,0.0071604769949754725,0.04564688926051702,0.9128584118031591,0.041494698936323814,0.9926768373009235,86.92876177047386,0.9890152559513851,SIDE,0.9128584118031591,94.34012165466001,HIGH,0.9191445950665716,1.0,21
NIFTYIT,2022-04-11,BEAR,0.0002453187415002212,0.07242559218575832,0.9273290890727416,0.026158996270386422,0.11823470313204995,0.8556063005975636,0.9273290890727416,78.34094508963454,0.8909936336091122,BEAR,0.8556063005975636,67.38643052472521,MODERATE,0.9198061503532174,0.1,1
NIFTYIT,2022-04-12,BEAR,8.204604996723788e-07,9.574914648273926e-06,0.9999896046248521,0.024437870237375415,0.05567580273858437,0.9198863270240402,0.9999896046248521,87.982949053606,0.999984406937278,BEAR,0.9198863270240402,70.39267638127772,MODERATE,0.9198953768753964,0.2,2
NIFTYIT,2022-04-13,BEAR,5.239999160704198e-07,2.3549384438486346e-06,0.9999971210616402,0.024437495288658895,0.055669534407335956,0.9198929703040053,0.9999971210616402,87.98394554560079,0.9999956815924601,BEAR,0.9198929703040053,73.39267982427162,MODERATE,0.9198954260610233,0.3,3
NIFTYIT,2022-04-18,BEAR,9.203878057338895e-09,2.6812694870654576e-17,0.9999999907961219,0.024437060512275174,0.055667442041211324,0.9198954974465136,0.9999999907961219,87.98432461697702,0.9999999861941828,BEAR,0.9198954974465136,76.39268528106629,HIGH,0.9198955040152328,0.4,4
NIFTYIT,2022-04-19,BEAR,2.0030805732862928e-10,9.301453669199105e-20,0.999999999799692,0.024437053783182935,0.05566744101131116,0.9198955052055059,0.999999999799692,87.98432578082587,0.999999999699538,BEAR,0.9198955052055059,79.39268537439251,HIGH,0.9198955053484645,0.5,5
NIFTYIT,2022-04-20,BEAR,2.6764710407888127e-09,5.483753785442329e-15,0.9999999973235236,0.02443705563381887,0.05566744129455917,0.919895503071622,0.9999999973235236,87.9843254607433,0.9999999959852854,BEAR,0.919895503071622,82.39268534872595,HIGH,0.9198955049817992,0.6,6
NIFTYIT,2022-04-21,BEAR,1.6544459071785443e-08,7.1705995259271256e-12,0.9999999834483704,0.024437065998634273,0.05566744288707725,0.9198954911142885,0.9999999834483704,87.98432366714327,0.9999999751725556,BEAR,0.9198954911142885,85.39268520497743,HIGH,0.9198955029282491,0.7,7
NIFTYIT,2022-04-22,BEAR,8.10545122162525e-09,4.153468621751149e-12,0.9999999918903952,0.02443705969142066,0.05566744191915097,0.9198954983894284,0.9999999918903952,87.98432475841425,0.9999999878355929,BEAR,0.9198954983894284,88.39268529245182,HIGH,0.9198955041778832,0.8,8
NIFTYIT,2022-04-25,BEAR,6.703804774565322e-10,1.9916910001965396e-15,0.9999999993296175,0.02443705413450592,0.05566744106508352,0.9198955048004106,0.9999999993296175,87.98432572006158,0.999999998994426,BEAR,0.9198955048004106,91.39268536951992,HIGH,0.9198955052788561,0.9,9
NIFTYIT,2022-04-26,BEAR,3.840120399035958e-09,3.356183364546352e-13,0.999999996159544,0.024437056503514666,0.05566744142795173,0.9198955020685335,0.999999996159544,87.98432531028003,0.9999999942393161,BEAR,0.9198955020685335,94.39268533666414,HIGH,0.9198955048094877,1.0,10
NIFTYIT,2022-04-27,BEAR,2.004530409173594e-09,6.169479480256628e-14,0.999999997995408,0.02443705513162477,0.05566744121774577,0.9198955036506294,0.999999997995408,87.9843255475944,0.9999999969931119,BEAR,0.9198955036506294,94.39268535569087,HIGH,0.9198955050812984,1.0,11
NIFTYIT,2022-04-28,BEAR,1.9210895201565967e-08,4.85904119815041e-11,0.9999999807405144,0.024437067992356436,0.05566744322785132,0.9198954887797923,0.9999999807405144,87.98432331696885,0.9999999711107717,BEAR,0.9198954887797923,94.39268517733652,HIGH,0.9198955025333789,1.0,12
NIFTYIT,2022-04-29,BEAR,8.213415031759688e-09,1.0624571596206767e-11,0.9999999917759603,0.024437059772248176,0.05566744193708851,0.9198954982906633,0.9999999917759603,87.9843247435995,0.9999999876639405,BEAR,0.9198954982906633,94.39268529133243,HIGH,0.9198955041618917,1.0,13
NIFTYIT,2022-05-02,BEAR,2.5927637670046575e-09,1.376741669823778e-13,0.9999999974070986,0.024437055571260496,0.0556674412850982,0.9198955031436412,0.9999999974070986,87.9843254715462,0.9999999961106478,BEAR,0.9198955031436412,94.39268534959359,HIGH,0.9198955049941943,1.0,14
NIFTYIT,2022-05-04,BEAR,1.5014408062322891e-09,7.663556034129577e-14,0.9999999984984826,0.02443705475562575,0.05566744116021128,0.919895504084163,0.9999999984984826,87.98432561262445,0.999999997747724,BEAR,0.919895504084163,94.39268536090563,HIGH,0.9198955051557949,1.0,15
NIFTYIT,2022-05-05,BEAR,9.114212986595659e-08,2.099119281197262e-09,0.9999999067587508,0.024437121795916318,0.05566745322654266,0.9198954249775411,0.9999999067587508,87.98431374663116,0.9999998601381263,BEAR,0.9198954249775411,94.39268443163107,HIGH,0.9198954918804438,1.0,16
NIFTYIT,2022-05-06,BEAR,3.311759268844604e-09,1.16508555586847e-12,0.9999999966870756,0.0244370561086455,0.055667441368229806,0.9198955025231246,0.9999999966870756,87.98432537846868,0.9999999950306134,BEAR,0.9198955025231246,94.39268534214081,HIGH,0.9198955048877259,1.0,17
NIFTYIT,2022-05-09,BEAR,3.188696694975916e-08,4.2348204161697893e-10,0.9999999676895511,0.02443707747416882,0.05566744500155884,0.9198954775242724,0.9999999676895511,87.98432162864084,0.9999999515343265,BEAR,0.9198954775242724,94.39268504592397,HIGH,0.919895500656057,1.0,18
NIFTYIT,2022-05-10,BEAR,2.2911739246578213e-08,2.016374007388037e-10,0.9999999768866233,0.024437070761546238,0.055667443783338794,0.9198954854551149,0.9999999768866233,87.98432281826723,0.9999999653299348,BEAR,0.9198954854551149,94.3926851389677,HIGH,0.919895501985253,1.0,19
NIFTYIT,2022-05-11,BEAR,5.338653968753442e-09,4.164399549774042e-12,0.9999999946571816,0.024437057623570707,0.05566744160267209,0.9198955007737573,0.9999999946571816,87.98432511606359,0.9999999919857724,BEAR,0.9198955007737573,94.39268532113093,HIGH,0.9198955045875846,1.0,20
NIFTYIT,2022-05-12,BEAR,2.2431282640719678e-09,3.169783619474467e-13,0.9999999977565548,0.024437055309953572,0.05566744124525895,0.9198955034447875,0.9999999977565548,87.98432551671813,0.9999999966348322,BEAR,0.9198955034447875,94.39268535321767,HIGH,0.9198955050459667,1.0,21
NIFTYIT,2022-05-13,BEAR,3.2902420815473184e-09,8.796672232214386e-13,0.9999999967088783,0.024437056092557915,0.055667441365522034,0.91989550254192,0.9999999967088783,87.984325381288,0.9999999950633173,BEAR,0.91989550254192,94.39268534236382,HIGH,0.9198955048909118,1.0,22
NIFTYIT,2022-05-16,BEAR,3.3711016223116057e-09,9.018673618999949e-13,0.9999999966279964,0.024437056152991236,0.05566744137479057,0.9198955024722182,0.9999999966279964,87.98432537083272,0.9999999949419947,BEAR,0.9198955024722182,94.39268534152572,HIGH,0.9198955048789389,1.0,23
NIFTYIT,2022-05-17,BEAR,4.779258607738768e-07,2.7776539411205233e-08,0.9999994942975998,0.024437411416003182,0.05566751964229609,0.9198950689417008,0.9999994942975998,87.98426034125511,0.9999992414463997,BEAR,0.9198950689417008,94.39268042112383,HIGH,0.9198954345874832,1.0,24
NIFTYIT,2022-05-18,BEAR,1.990892846864319e-07,1.4641929920512346e-07,0.999999654491416,0.024437205539421736,0.05566759019427997,0.9198952042662983,0.999999654491416,87.98428063994473,0.999999481737124,BEAR,0.9198952042662983,94.39268330531236,HIGH,0.9198954757901766,1.0,25
NIFTYIT,2022-05-19,BEAR,2.8649727762840695e-11,3.6198868666814023e-23,0.9999999999713503,0.02443705365488886,0.055667440991675525,0.9198955053534357,0.9999999999713503,87.98432580301535,0.9999999999570254,BEAR,0.9198955053534357,94.39268537617183,HIGH,0.9198955053738833,1.0,26
NIFTYIT,2022-05-20,BEAR,4.6574376566173064e-09,7.705752558776597e-14,0.9999999953424854,0.02443705711435612,0.055667441521219725,0.9198955013644241,0.9999999953424854,87.98432520466362,0.9999999930137281,BEAR,0.9198955013644241,94.3926853281923,HIGH,0.9198955046884613,1.0,27
NIFTYIT,2022-05-23,BEAR,2.588165775453426e-08,4.147102612884976e-11,0.9999999740768712,0.024437072977802735,0.05566744398475875,0.9198954830374384,0.9999999740768712,87.98432245561575,0.9999999611153069,BEAR,0.9198954830374384,94.39268510819132,HIGH,0.9198955015455904,1.0,28
NIFTYIT,2022-05-24,BEAR,2.142342324554724e-09,7.115506408601256e-14,0.9999999978575864,0.024437055234622904,0.055667441233517974,0.9198955035318591,0.9999999978575864,87.98432552977886,0.9999999967863796,BEAR,0.9198955035318591,94.3926853542624,HIGH,0.9198955050608915,1.0,29
NIFTYIT,2022-05-25,BEAR,2.9706016786693864e-11,2.4188611538132185e-21,0.999999999970294,0.024437053655678314,0.05566744099179635,0.9198955053525254,0.999999999970294,87.9843258028788,0.999999999955441,BEAR,0.9198955053525254,94.39268537616084,HIGH,0.9198955053737263,1.0,30
NIFTYIT,2022-05-26,BEAR,1.5278785720081777e-09,7.910754975460858e-16,0.9999999984721206,0.024437054775383216,0.05566744116316996,0.9198955040614469,0.9999999984721206,87.98432560921704,0.9999999977081809,BEAR,0.9198955040614469,94.39268536063156,HIGH,0.9198955051518795,1.0,31
NIFTYIT,2022-05-27,BEAR,4.590889715987823e-08,1.1194034929467272e-11,0.9999999540799088,0.024437087945126817,0.05566744624949001,0.9198954658053831,0.9999999540799088,87.98431987080745,0.9999999311198631,BEAR,0.9198954658053831,94.39268490060132,HIGH,0.919895498580019,1.0,32
NIFTYIT,2022-05-30,BEAR,6.8621596981779144e-06,8.42658415353224e-09,0.9999931294137177,0.024442182456519728,0.05566823321325563,0.9198895843302247,0.9999931294137177,87.9834376495337,0.9999896941205765,BEAR,0.9198895843302247,94.39261424659603,HIGH,0.9198944892370862,1.0,33
NIFTYIT,2022-05-31,BEAR,1.900397138089189e-05,2.7971457280780915e-07,0.9999807163140463,0.02445126277243995,0.055669856346540696,0.9198788808810194,0.9999807163140463,87.98183213215292,0.9999710744710693,BEAR,0.9198788808810194,94.39248837723038,HIGH,0.9198926911032913,1.0,34
NIFTYIT,2022-06-01,BEAR,6.778179553808336e-07,4.817952794695127e-08,0.9999992740025166,0.024437561244884994,0.05566756012544415,0.9198948786296709,0.9999992740025166,87.98423179445062,0.9999989110037748,BEAR,0.9198948786296709,94.39267834810458,HIGH,0.9198954049729229,1.0,35
NIFTYIT,2022-06-02,BEAR,4.033365312298442e-05,6.085099692918515e-06,0.9999535812471841,0.02446732748821627,0.055677309131741355,0.9198553633800424,0.9999535812471841,87.97830450700636,0.999930371870776,BEAR,0.9198553633800424,94.39226698772885,HIGH,0.9198895283961265,1.0,36
NIFTYIT,2022-06-03,BEAR,0.00010396479996097002,5.940978538857668e-05,0.9998366254146506,0.024516016983620787,0.05573063341615856,0.9197533496002207,0.9998366254146506,87.9630024400331,0.9997549381219757,BEAR,0.9197533496002207,94.391604688595,HIGH,0.9198800669799285,1.0,37
NIFTYIT,2022-06-06,BEAR,2.4224859555237114e-05,2.55286650752579e-05,0.9999502464753696,0.024455701146359667,0.05569225591814777,0.9198520429354925,0.9999502464753696,87.97780644032389,0.9999253697130543,BEAR,0.9198520429354925,94.39243296624566,HIGH,0.9198918995177953,1.0,38
NIFTYIT,2022-06-07,BEAR,2.6973835890192474e-06,9.751660559295528e-07,0.999996327450355,0.024439090321499473,0.05566859158851272,0.9198923180899877,0.999996327450355,87.98384771349818,0.9999944911755324,BEAR,0.9198923180899877,94.39265736686755,HIGH,0.919895105240965,1.0,39
NIFTYIT,2022-06-08,BEAR,0.00016965113709021921,0.00015017273860009822,0.9996801761243097,0.024567037819874054,0.055816520579469564,0.9196164416006563,0.9996801761243097,87.94246624009844,0.9995202641864646,BEAR,0.9196164416006563,94.39091916765487,HIGH,0.9198702738236412,1.0,40
NIFTYIT,2022-06-09,BEAR,0.000536154881612762,0.0005433018547938046,0.9989205432635934,0.02484930711879669,0.05619790957288195,0.9189527833083214,0.9989205432635934,87.84291749624819,0.9983808148953902,BEAR,0.9189527833083214,94.38710003886257,HIGH,0.9198157148408941,1.0,41
NIFTYIT,2022-06-10,BEAR,2.570786465769808e-06,4.163389034037333e-07,0.9999970128746308,0.024438983833660895,0.05566809456237928,0.9198929216039597,0.9999970128746308,87.98393824059396,0.9999955193119461,BEAR,0.9198929216039597,94.39265870774636,HIGH,0.9198951243963767,1.0,42
NIFTYIT,2022-06-13,BEAR,3.2511938056193102e-09,1.6354467726651462e-14,0.9999999967487899,0.024437056063355667,0.05566744136030993,0.9198955025763346,0.9999999967487899,87.98432538645017,0.9999999951231847,BEAR,0.9198955025763346,94.39268534276859,HIGH,0.9198955048966941,1.0,43
NIFTYIT,2022-06-14,BEAR,2.946347576463284e-07,8.863279523943817e-10,0.9999997044789145,0.02443727385656452,0.05566747545641151,0.9198952506870239,0.9999997044789145,87.98428760305359,0.9999995567183716,BEAR,0.9198952506870239,94.39268232239857,HIGH,0.9198954617485511,1.0,44
NIFTYIT,2022-06-15,BEAR,1.0048419177422802e-07,3.327802500968513e-10,0.9999998991830279,0.024437128740467003,0.0556674527699357,0.9198954184895973,0.9999998991830279,87.9843127734396,0.9999998487745418,BEAR,0.9198954184895973,94.39268433488685,HIGH,0.9198954904983838,1.0,45
NIFTYIT,2022-06-16,BEAR,3.087319946158326e-09,1.0651285759354969e-13,0.9999999969125737,0.024437055940881455,0.05566744134164257,0.919895502717476,0.9999999969125737,87.9843254076214,0.9999999953688605,BEAR,0.919895502717476,94.39268534446728,HIGH,0.9198955049209611,1.0,46
NIFTYIT,2022-06-17,BEAR,1.5960035762536821e-09,1.52172172406131e-16,0.9999999984039962,0.024437054826298495,0.05566744117096208,0.9198955040027395,0.9999999984039962,87.98432560041091,0.9999999976059943,BEAR,0.9198955040027395,94.39268535992547,HIGH,0.9198955051417925,1.0,47
NIFTYIT,2022-06-20,BEAR,3.8982225013950825e-09,3.770277462251144e-13,0.9999999961014004,0.02443705654693993,0.055667441434633674,0.9198955020184264,0.9999999961014004,87.98432530276395,0.9999999941521005,BEAR,0.9198955020184264,94.39268533606185,HIGH,0.9198955048008837,1.0,48
NIFTYIT,2022-06-21,BEAR,4.4797665375998485e-07,3.0514338567816933e-09,0.9999995489719125,0.024437388507295568,0.05566749486644017,0.9198951166262642,0.9999995489719125,87.98426749393961,0.9999993234578687,BEAR,0.9198951166262642,94.39268073282835,HIGH,0.9198954390404053,1.0,49
NIFTYIT,2022-06-22,BEAR,2.9437202069695415e-08,9.393740809000732e-10,0.9999999696234237,0.024437075654221947,0.05566744516680584,0.9198954791789721,0.9999999696234237,87.98432187684583,0.9999999544351355,BEAR,0.9198954791789721,94.39268507129046,HIGH,0.9198955010184353,1.0,50
NIFTYIT,2022-06-23,BEAR,1.1319648295194744e-06,3.374875186162324e-07,0.9999985305476519,0.02443790681138866,0.05566786189064307,0.9198942312979682,0.9999985305476519,87.98413469469521,0.9999977958214776,BEAR,0.9198942312979682,94.39267362583557,HIGH,0.9198953375119369,1.0,51
NIFTYIT,2022-06-24,BEAR,2.564494916658959e-07,2.0413409035141108e-07,0.9999995394164181,0.024437249635401868,0.055667646592082266,0.9198951037725158,0.9999995394164181,87.98426556587738,0.9999993091246271,BEAR,0.9198951037725158,94.39268270778938,HIGH,0.9198954672541342,1.0,52
NIFTYIT,2022-06-27,BEAR,3.5202361416465704e-05,0.0003660277667716014,0.999598769871812,0.02447113901812593,0.055987531184594784,0.9195413297972792,0.999598769871812,87.93119946959187,0.9993981548077178,BEAR,0.9195413297972792,94.39230172787838,HIGH,0.919890024683977,1.0,53
NIFTYIT,2022-06-28,BEAR,6.252222787270231e-05,0.0038311157730538674,0.9961063619990734,0.02456516905633096,0.05898274547418613,0.916452085469483,0.9961063619990734,87.46781282042242,0.99415954299861,BEAR,0.916452085469483,94.39184094963852,HIGH,0.9198834421376935,1.0,54
NIFTYIT,2022-06-29,BEAR,4.7268669094389585e-06,8.568533127742413e-05,0.9999095878018133,0.02444240668512098,0.05574197061585855,0.9198156226990203,0.9999095878018133,87.97234340485306,0.9998643817027197,BEAR,0.9198156226990203,94.39263198871146,HIGH,0.919894742695878,1.0,55
NIFTYIT,2022-06-30,BEAR,3.6078377693023837e-06,5.087036279251691e-05,0.9999455217994382,0.024440830741709326,0.05571178003045246,0.9198473892278384,0.9999455217994382,87.97710838417574,0.9999182826991573,BEAR,0.9198473892278384,94.39264537232566,HIGH,0.9198949338903665,1.0,56
NIFTYIT,2022-07-01,BEAR,0.00016141402497754387,0.00991064673715693,0.9899279392378656,0.024768231310732927,0.06424370746058256,0.9109880612286845,0.9899279392378656,86.64820918430267,0.9848919088567982,BEAR,0.9109880612286845,94.39050429805556,HIGH,0.9198643471150796,1.0,57
NIFTYIT,2022-07-04,BEAR,5.044065166914875e-05,0.0037450848611788427,0.996204474487152,0.02455431189726388,0.05890707614901651,0.9165386119537197,0.996204474487152,87.48079179305793,0.9943067117307278,BEAR,0.9165386119537197,94.39197059005168,HIGH,0.9198852941435958,1.0,58
NIFTYIT,2022-07-05,BEAR,2.8373735224049e-05,0.001271078107474898,0.998700548157301,0.024485262162420623,0.056768257314416856,0.9187464805231627,0.998700548157301,87.8119720784744,0.9980508222359515,BEAR,0.9187464805231627,94.39232612341752,HIGH,0.919890373191679,1.0,59
NIFTYIT,2022-07-06,BEAR,0.0016300919185868229,0.09397776932654284,0.9043921387548702,0.027651799236194638,0.13700332074553231,0.8353448800182731,0.9043921387548702,75.30173200274095,0.8565882081323055,BEAR,0.8353448800182731,94.37097210579142,HIGH,0.9195853157970202,1.0,60
NIFTYIT,2022-07-07,SIDE,0.005293173226834286,0.8207387053001102,0.17396812147305551,0.045828692720073644,0.7649774088661565,0.1891938984137699,0.8207387053001102,64.74661132992348,0.7311080579501652,SIDE,0.7649774088661565,67.29575409294594,MODERATE,0.9185107727563706,0.1,1
NIFTYIT,2022-07-08,SIDE,0.0010990129706124657,0.9941029186216848,0.004798068407702723,0.046376977372115886,0.9141969317294006,0.03942609089848352,0.9941029186216848,87.12953975941008,0.9911543779325271,SIDE,0.9141969317294006,70.33034310139867,MODERATE,0.9190049014485524,0.2,2
NIFTYIT,2022-07-11,BEAR,0.000247886873884865,0.008273907872202248,0.9914782052539128,0.024798088842856558,0.06284028164407464,0.9123616295130689,0.9914782052539128,86.85424442696032,0.9872173078808693,BEAR,0.9123616295130689,88.38969185456695,HIGH,0.9198527407795279,0.8,1
NIFTYIT,2022-07-12,BEAR,4.225375454544834e-06,8.492094551054142e-05,0.999910853679035,0.024442015641736543,0.05574125320730545,0.9198167311509579,0.999910853679035,87.9725096726437,0.9998662805185523,BEAR,0.9198167311509579,88.39263722607782,HIGH,0.9198948175153976,0.8,2
NIFTYIT,2022-07-13,BEAR,1.6400017944162925e-06,9.357368551871923e-06,0.9999890026296537,0.024438478125010318,0.055675708634093206,0.9198858132408966,0.9999890026296537,87.98287198613447,0.9999835039444804,BEAR,0.9198858132408966,88.39266789750523,HIGH,0.9198952556786462,0.8,3
NIFTYIT,2022-07-14,BEAR,1.7715297288672036e-07,9.134178274970505e-08,0.9999997315052443,0.02443718797459425,0.05566754012582107,0.9198952718995848,0.9999997315052443,87.98429078493771,0.9999995972578664,BEAR,0.9198952718995848,88.3926835355152,HIGH,0.9198954790787887,0.8,4
NIFTYIT,2022-07-15,BEAR,1.511638771136673e-07,2.965217359425217e-08,0.9999998191839493,0.02443716724032913,0.05566748388425759,0.9198953488754132,0.9999998191839493,87.98430233131197,0.9999997287759238,BEAR,0.9198953488754132,88.39268380806591,HIGH,0.9198954829723702,0.8,5
NIFTYIT,2022-07-18,BEAR,2.1006578552748005e-05,2.9179870091809376e-05,0.9999498135513555,0.024453373431583273,0.055695040586005606,0.919851585982411,0.9999498135513555,87.97773789736165,0.9999247203270331,BEAR,0.919851585982411,88.3924661380739,HIGH,0.9198923734010558,0.8,6
NIFTYIT,2022-07-19,BEAR,2.2091014623965764e-05,0.003516975953324481,0.9964609330320516,0.024528278028204616,0.058706862188843995,0.9167648597829513,0.9964609330320516,87.51472896744271,0.9946913995480773,BEAR,0.9167648597829513,88.39227613828311,HIGH,0.9198896591183302,0.8,7
NIFTYIT,2022-07-20,BEAR,0.014940871409717504,0.09673197609002247,0.8883271525002601,0.037658525525898594,0.14090416002671352,0.821437314447388,0.8883271525002601,73.2155971671082,0.8324907287503901,BEAR,0.821437314447388,88.23285859481118,HIGH,0.9176122656401597,0.8,8
NIFTYIT,2022-07-21,SIDE,0.011229707976339244,0.8045918287303583,0.18417846329330248,0.04992252142537454,0.7517137156103132,0.1983637629643123,0.8045918287303583,62.757057341546975,0.7068877430955374,SIDE,0.7517137156103132,70.23504675207298,MODERATE,0.917643525029614,0.2,1
NIFTYIT,2022-07-22,SIDE,0.00044583690692200046,0.989629032916714,0.009925130176363968,0.04579376392893587,0.9102590343592182,0.043947201711845976,0.989629032916714,86.53885515388271,0.9844435493750708,SIDE,0.9102590343592182,70.33734287056814,MODERATE,0.9191048981509735,0.2,2
NIFTYIT,2022-07-25,SIDE,0.00024404503267345164,0.9993394916419421,0.0004164633253845232,0.04584923585836927,0.9186208929208992,0.035529871220731535,0.9993394916419421,87.79313393813489,0.999009237462913,SIDE,0.9186208929208992,73.33893684850368,MODERATE,0.9191276692643384,0.3,3
NIFTYIT,2022-07-26,BEAR,0.0007629766058667506,0.1302384898468513,0.868998533547282,0.02777405040029619,0.16821511604358455,0.8040108335561194,0.868998533547282,70.6016250334179,0.8034978003209228,BEAR,0.8040108335561194,85.37810169339924,HIGH,0.9196871670485608,0.7,1
NIFTYIT,2022-07-27,BEAR,0.0010083955561487588,0.33635481914781373,0.6626367852960373,0.032336169813759606,0.34622379065902253,0.6214400395272178,0.6626367852960373,43.21600592908268,0.49395517794405613,BEAR,0.6214400395272178,85.36499378610947,HIGH,0.9194999112301354,0.7,2
NIFTYIT,2022-07-28,SIDE,0.04732568400574835,0.7525684028864755,0.20010591310777612,0.07579477210968878,0.7109206471301909,0.21328458076012036,0.7525684028864755,56.63809706952863,0.6288526043297132,SIDE,0.7109206471301909,75.86356170515865,HIGH,0.9123365957879808,0.4,1
NIFTYIT,2022-07-29,SIDE,0.19674785571086717,0.8021964163414247,0.0010557279477081758,0.18852427118631168,0.7708663317039623,0.040609397109726,0.8021964163414247,65.62994975559435,0.703294624512137,SIDE,0.7708663317039623,77.31218861251087,HIGH,0.8901741230358696,0.5,2
NIFTYIT,2022-08-01,SIDE,0.14165788375738494,0.8583172638706092,2.4852372005788372e-05,0.1485433240925199,0.8130248222494352,0.03843185365804496,0.8583172638706092,71.95372333741528,0.7874758958059137,SIDE,0.8130248222494352,80.8803451573922,HIGH,0.8982906451056027,0.6,3
NIFTYIT,2022-08-02,SIDE,0.03144599128567377,0.968514450918666,3.9557795660371276e-05,0.0685141190130617,0.8955727245604631,0.03591315642647522,0.968514450918666,84.33590868406945,0.9527716763779988,SIDE,0.8955727245604631,85.01709419536095,HIGH,0.9145299170765852,0.7,4
NIFTYIT,2022-08-03,SIDE,0.27501677567129457,0.7249748463849293,8.377943776246054e-06,0.24538045102587308,0.7131388471006516,0.041480701873475315,0.7249748463849293,56.97082706509773,0.5874622695773939,SIDE,0.7131388471006516,85.5048530826744,HIGH,0.8786407583239201,0.8,5
NIFTYIT,2022-08-04,BULL,0.9478610207259585,0.052137756921375296,1.2223526662812928e-06,0.7339574586773733,0.20911208001713816,0.056930461305488574,0.9478610207259585,60.093618801605984,0.9217915310889375,BULL,0.7339574586773733,57.564997823711515,MODERATE,0.7794999689101645,0.1,1
NIFTYIT,2022-08-05,BULL,0.9926106911559336,0.007388353885981288,9.549580850221335e-07,0.7664518394383782,0.17558997883965932,0.05795818172196245,0.9926106911559336,64.96777591575673,0.9889160367339004,BULL,0.7664518394383782,60.103440441356916,MODERATE,0.7729062920193847,0.2,2
NIFTYIT,2022-08-08,BULL,0.9579721630916916,0.04202662122519121,1.2156831171896883e-06,0.7412995297073546,0.2015377490548885,0.05716272123775697,0.9579721630916916,61.19492945610319,0.9369582446375373,BULL,0.7412995297073546,63.46070940695162,MODERATE,0.7780101343850232,0.3,3
NIFTYIT,2022-08-10,SIDE,0.44665899546207904,0.5532882311791423,5.2773358778679655e-05,0.37001521171282636,0.5845219673740628,0.045462820913110776,0.5532882311791423,37.678295106109424,0.3299323467687134,SIDE,0.5845219673740628,77.73450195535099,HIGH,0.8533500279335857,0.6,1
NIFTYIT,2022-08-11,BULL,0.8595506583724167,0.14044400056332962,5.341064253666379e-06,0.6698319818702861,0.2752625144663304,0.05490550366338346,0.8595506583724167,50.474797280542916,0.7893259875586249,BULL,0.6698319818702861,67.47584940154928,MODERATE,0.792512134307847,0.4,1
NIFTYIT,2022-08-12,SIDE,0.2606398828009388,0.7393214358761357,3.868132292552827e-05,0.2349402186630657,0.723882524422354,0.04117725691458029,0.7393214358761357,58.5823786633531,0.6089821538142036,SIDE,0.723882524422354,79.65314088638232,HIGH,0.8807591555197473,0.6,1
NIFTYIT,2022-08-16,SIDE,0.04282251451494482,0.9571725020464318,4.983438623272764e-06,0.07677576379435147,0.887080335840475,0.03614390036517355,0.9571725020464318,83.06205037607123,0.9357587530696478,SIDE,0.887080335840475,81.8997526066204,HIGH,0.9128536086660055,0.6,2
NIFTYIT,2022-08-17,SIDE,0.11877377133756939,0.8812259377910371,2.9087139339815195e-07,0.13192685349680738,0.8301887006221993,0.0378844458809933,0.8812259377910371,74.52830509332989,0.8218389066865558,SIDE,0.8301887006221993,81.11637537343684,HIGH,0.9016625053348121,0.6,3
NIFTYIT,2022-08-18,SIDE,0.015163586856668616,0.9848349465906436,1.4665526877793763e-06,0.05669167786308064,0.9078028941371838,0.0355054279997356,0.9848349465906436,86.17043412057758,0.9772524198859655,SIDE,0.9078028941371838,82.18503233451193,HIGH,0.9169290333501706,0.6,4
NIFTYIT,2022-08-19,SIDE,0.0024956028726872952,0.997502409946846,1.9871804666803075e-06,0.04749297954706692,0.9172921315784717,0.035214888874461454,0.997502409946846,87.59381973677075,0.9962536149202689,SIDE,0.9172921315784717,82.3156925715963,HIGH,0.9187956081656615,0.6,5
NIFTYIT,2022-08-22,SIDE,0.0005107077010618319,0.998889618707499,0.0005996735914391961,0.04603897730512181,0.9182629324964664,0.035698090198411726,0.998889618707499,87.73943987446997,0.9983344280612484,SIDE,0.9182629324964664,85.33619582454351,HIGH,0.919088511779193,0.7,6
NIFTYIT,2022-08-23,SIDE,0.0009061763876340529,0.9544053642039286,0.04468845940843732,0.045389527400220966,0.8798961987639717,0.07471427383580737,0.9544053642039286,81.98442981459576,0.9316080463058928,SIDE,0.8798961987639717,88.33437654976468,HIGH,0.9190625221394955,0.8,7
NIFTYIT,2022-08-24,SIDE,0.0003466568009099405,0.9704958810772593,0.02915746212183087,0.045313177432944114,0.893726291517951,0.0609605310491048,0.9704958810772593,84.05894372769264,0.9557438216158889,SIDE,0.893726291517951,91.33935154446641,HIGH,0.9191335934923772,0.9,8
NIFTYIT,2022-08-25,BEAR,0.00043647582901479965,0.49730874132262826,0.502254782848357,0.03532800425219537,0.48514141896905066,0.47953057677875405,0.502254782848357,22.7712128453576,0.2533821742725355,SIDE,0.48514141896905066,67.3626726672543,MODERATE,0.9194667523893472,0.1,1
NIFTYIT,2022-08-26,BEAR,8.215378770928152e-05,0.06703322931308174,0.932884616899209,0.025922495589835278,0.11355975588699613,0.8605177485231686,0.932884616899209,79.07766227847529,0.8993269253488133,BEAR,0.8605177485231686,70.38839817788418,MODERATE,0.9198342596840599,0.2,2
NIFTYIT,2022-08-29,BEAR,1.0947997337704451e-07,2.5764432586874146e-10,0.9999998902623823,0.02443713546214216,0.055667453734065356,0.9198954108037924,0.9999998902623823,87.98431162056886,0.9999998353935735,BEAR,0.9198954108037924,73.39268424164528,MODERATE,0.9198954891663614,0.3,3
NIFTYIT,2022-08-30,BEAR,3.156922827024781e-05,3.871530032935037e-05,0.9999297154714004,0.024461470318482448,0.05570448263084037,0.9198340470506773,0.9999297154714004,87.97510705760158,0.9998945732071006,BEAR,0.9198340470506773,76.39235616263547,HIGH,0.9198908023233638,0.4,4
NIFTYIT,2022-09-01,BEAR,5.365411251590788e-07,2.2996080173397996e-07,0.9999992334980731,0.02443745951907205,0.05566770093245534,0.9198948395484726,0.9999992334980731,87.98422593227087,0.9999988502471094,BEAR,0.9198948395484726,79.39267980318712,HIGH,0.9198954257598162,0.5,5
NIFTYIT,2022-09-02,BEAR,2.9041488127474375e-07,2.1800389463274908e-07,0.9999994915812241,0.024437275315117787,0.05566766245383321,0.9198950622310489,0.9999994915812241,87.98425933465734,0.999999237371836,BEAR,0.9198950622310489,82.39268235501167,HIGH,0.9198954622144524,0.6,6
NIFTYIT,2022-09-05,BEAR,8.653586485848843e-07,2.2813198948698423e-06,0.9999968533214566,0.024437748849564192,0.05566950988535542,0.9198927412650804,0.9999968533214566,87.98391118976205,0.9999952799821847,BEAR,0.9198927412650804,85.39267628970454,HIGH,0.9198953755672078,0.7,7
NIFTYIT,2022-09-06,BEAR,5.884163977707544e-07,1.498960131267385e-06,0.9999979126234709,0.024437525248029494,0.05566880264205839,0.9198936721099121,0.9999979126234709,87.9840508164868,0.9999968689352066,BEAR,0.9198936721099121,88.39267920043642,HIGH,0.9198954171490918,0.8,8
NIFTYIT,2022-09-07,BEAR,9.394371773318436e-07,4.259716990216407e-06,0.9999948008458324,0.024437846243119343,0.05567122669679367,0.919890927060087,0.9999948008458324,87.98363905901306,0.9999922012687485,BEAR,0.919890927060087,91.39267542044826,HIGH,0.9198953631492608,0.9,9
NIFTYIT,2022-09-08,BEAR,6.944806799369034e-06,0.00018029619176064646,0.9998127590014401,0.02444607422608161,0.055823920409960384,0.9197300053639579,0.9998127590014401,87.95950080459369,0.9997191385021601,BEAR,0.9197300053639579,94.39260414967856,HIGH,0.9198943449954082,1.0,10
NIFTYIT,2022-09-09,BEAR,0.00034248362874117076,0.014075980626012929,0.9855815357452459,0.024992046794506527,0.06786116830717996,0.9071467848983134,0.9855815357452459,86.07201773474702,0.978372303617869,BEAR,0.9071467848983134,94.38841394356598,HIGH,0.9198344849080857,1.0,11
NIFTYIT,2022-09-12,SIDE,0.0035043602462941077,0.5883644092022807,0.4081312305514252,0.0395552512696925,0.5641185423281101,0.3963262064021974,0.5883644092022807,34.617781349216514,0.3825466138034211,SIDE,0.5641185423281101,67.32620578187621,MODERATE,0.918945796883946,0.1,1
NIFTYIT,2022-09-13,SIDE,0.00031198129498058094,0.9931607603235946,0.006527258381424881,0.045768750240326006,0.913293354960598,0.040937894799076,0.9931607603235946,86.9940032440897,0.9897411404853919,SIDE,0.913293354960598,70.33854933482584,MODERATE,0.9191221333546549,0.2,2
NIFTYIT,2022-09-14,BEAR,0.0016964871820676927,0.006360472440650481,0.9919430403772818,0.025840095721921905,0.061353740480342374,0.9128061637977357,0.9919430403772818,86.92092456966034,0.9879145605659226,BEAR,0.9128061637977357,88.37477451505201,HIGH,0.9196396359293145,0.8,1
NIFTYIT,2022-09-15,BEAR,7.511134866547714e-06,0.00012655527350720854,0.9998659335916261,0.02444535582624466,0.055777580129453636,0.9197770640443017,0.9998659335916261,87.96655960664526,0.9997989003874393,BEAR,0.9197770640443017,88.39260103379715,HIGH,0.9198943004828165,0.8,2
NIFTYIT,2022-09-16,BEAR,8.447127981091212e-08,3.6231140607486424e-12,0.999999915525097,0.024437116765737035,0.055667450654025334,0.9198954325802376,0.999999915525097,87.98431488703564,0.9999998732876454,BEAR,0.9198954325802376,88.39268450088487,HIGH,0.9198954928697839,0.8,3
NIFTYIT,2022-09-19,BEAR,5.505717056987479e-07,1.8389936709575105e-07,0.9999992655289273,0.024437469026732904,0.055667662763525874,0.9198948682097413,0.9999992655289273,87.98423023146118,0.9999988982933907,BEAR,0.9198948682097413,88.39267966011451,HIGH,0.9198954237159215,0.8,4
NIFTYIT,2022-09-20,BEAR,8.560910609943475e-07,1.3634169285701276e-06,0.9999977804920104,0.024437722423385478,0.055668716219823056,0.9198935613567915,0.9999977804920104,87.9840342035187,0.9999966707380156,BEAR,0.9198935613567915,88.39267643281238,HIGH,0.9198953776116054,0.8,5
NIFTYIT,2022-09-21,BEAR,5.733812074547347e-07,7.132497492196945e-07,0.9999987133690432,0.024437497319532625,0.055668122464533815,0.9198943802159336,0.9999987133690432,87.98415703239004,0.999998070053565,BEAR,0.9198943802159336,88.39267939655288,HIGH,0.9198954199507554,0.8,6
NIFTYIT,2022-09-22,BEAR,7.427725950294389e-07,1.0545449188296875e-06,0.9999982026824862,0.024437631169757727,0.05566843654784487,0.9198939322823974,0.9999982026824862,87.98408984235961,0.9999973040237291,BEAR,0.9198939322823974,88.39267762324093,HIGH,0.9198953946177275,0.8,7
NIFTYIT,2022-09-23,BEAR,2.6111426827679227e-07,1.3738290627217922e-07,0.9999996015028255,0.024437251703714632,0.055667589486304014,0.9198951588099814,0.9999996015028255,87.9842738214972,0.9999994022542381,BEAR,0.9198951588099814,88.39268266285805,HIGH,0.9198954666122579,0.8,8
NIFTYIT,2022-09-26,BEAR,1.4827089815520167e-06,2.5759373796337953e-06,0.9999959413536388,0.024438216503936946,0.05566983490379346,0.9198919485922696,0.9999959413536388,87.98379228884045,0.9999939120304582,BEAR,0.9198919485922696,91.39266987548451,HIGH,0.919895283935493,0.9,9
NIFTYIT,2022-09-27,BEAR,8.110172345458526e-06,0.0001339333599877635,0.9998579564676668,0.024445960273884716,0.055784019599432126,0.9197700201266831,0.9998579564676668,87.96550301900248,0.9997869347015003,BEAR,0.9197700201266831,94.39259444635104,HIGH,0.9198942063764436,1.0,10
NIFTYIT,2022-09-28,BEAR,7.36335288309102e-06,0.00047139465654761796,0.9995212419905694,0.02445257108247406,0.05607533061230426,0.9194720983052216,0.9995212419905694,87.92081474578323,0.9992818629858539,BEAR,0.9194720983052216,94.39258489166149,HIGH,0.9198940698808784,1.0,11
NIFTYIT,2022-09-29,BEAR,6.001800594349917e-07,5.8875971378152974e-06,0.9999935122228026,0.024437627271372518,0.05567259355766414,0.9198897791709633,0.9999935122228026,87.9834668756445,0.9999902683342041,BEAR,0.9198897791709633,94.39267885357097,HIGH,0.9198954121938712,1.0,12
NIFTYIT,2022-09-30,BEAR,1.60053650535588e-06,1.6635518509696678e-05,0.999981763944985,0.024438603245128355,0.055681988772258606,0.9198794079826131,0.999981763944985,87.98191119739197,0.9999726459174773,BEAR,0.9198794079826131,94.39266793355594,HIGH,0.9198952561936564,1.0,13
NIFTYIT,2022-10-03,BEAR,3.6837123038462673e-07,1.882772594561198e-06,0.999997748856175,0.02443736894421508,0.05566910889201943,0.9198935221637655,0.999997748856175,87.98402832456482,0.9999966232842623,BEAR,0.9198935221637655,94.39268146163428,HIGH,0.9198954494519184,1.0,14
NIFTYIT,2022-10-04,BEAR,0.0001886185840821067,0.0021593416613607122,0.9976520397545573,0.02462389614087262,0.057553599319055564,0.9178225045400719,0.9976520397545573,87.67337568101078,0.9964780596318358,BEAR,0.9178225045400719,94.39061958592858,HIGH,0.9198659940846942,1.0,15
NIFTYIT,2022-10-06,BEAR,0.0036175580471181582,0.3017152146383336,0.6946672273145484,0.03355032935638963,0.3166110916063121,0.6498385790372984,0.6946672273145484,47.475786855594734,0.5420008409718224,BEAR,0.6498385790372984,94.33972399178555,HIGH,0.919138914168365,1.0,16
NIFTYIT,2022-10-07,SIDE,0.0015512670163831176,0.9689598310692337,0.029488901914383223,0.046180847993564964,0.8925377115814211,0.06128144042501397,0.9689598310692337,83.88065673721316,0.9534397466038503,SIDE,0.8925377115814211,67.32694393242258,MODERATE,0.9189563418917511,0.1,1
NIFTYIT,2022-10-10,SIDE,0.0016147211494582938,0.9981915171755923,0.0001937616749493995,0.04684926503444095,0.9177864105584465,0.03536432440711258,0.9981915171755923,87.66796158376695,0.9972872757633883,SIDE,0.9177864105584465,70.32478799709246,MODERATE,0.9189255428156066,0.2,2
NIFTYIT,2022-10-11,SIDE,0.0025965981572345204,0.9410828674490581,0.056320534393707315,0.04636989487395809,0.8685856415926617,0.08504446353338024,0.9410828674490581,80.28784623889923,0.9116243011735872,SIDE,0.8685856415926617,73.31753736527624,MODERATE,0.9188219623610893,0.3,3
NIFTYIT,2022-10-12,SIDE,0.0008523898007947692,0.9970744199586116,0.0020731902405936842,0.04625578207342424,0.916734600173845,0.0370096177527307,0.9970744199586116,87.51019002607676,0.9956116299379172,SIDE,0.916734600173845,76.33274716637153,HIGH,0.9190392452338791,0.4,4
NIFTYIT,2022-10-13,SIDE,0.022092123132281496,0.9692247715709691,0.008683105296749361,0.06153831071011291,0.8951161135034288,0.04334557578645833,0.9692247715709691,84.2674170255143,0.9538371573564538,SIDE,0.8951161135034288,79.11401493422716,HIGH,0.915914499060388,0.5,5
NIFTYIT,2022-10-14,SIDE,0.010508226453714428,0.9892062247304021,0.0002855488158834666,0.053305215135434715,0.9110449575726066,0.03564982729195868,0.9892062247304021,86.65674363589098,0.9838093370956031,SIDE,0.9110449575726066,82.23306324584658,HIGH,0.9176151892263799,0.6,6
NIFTYIT,2022-10-17,SIDE,0.00031823602212311823,0.9996568372523088,2.4926725568045216e-05,0.04591142638659534,0.9189034061056167,0.03518516750778802,0.9996568372523088,87.8355109158425,0.999485255878463,SIDE,0.9189034061056167,85.33815155994897,HIGH,0.919116450856414,0.7,7
NIFTYIT,2022-10-18,SIDE,0.0008581068336260027,0.9991233228241991,1.8570342174886343e-05,0.04630358139458019,0.9185044733214381,0.03519194528398158,0.9991233228241991,87.7756709982157,0.9986849842362987,SIDE,0.9185044733214381,88.33258289480766,HIGH,0.9190368984972523,0.8,8
NIFTYIT,2022-10-19,SIDE,0.00019536583725214,0.9997354572943671,6.917686838082314e-05,0.04582126580202915,0.918957239316846,0.03522149488112475,0.9997354572943671,87.84358589752689,0.9996031859415506,SIDE,0.918957239316846,91.33942113642378,HIGH,0.9191345876631969,0.9,9
NIFTYIT,2022-10-20,SIDE,0.0011389087246653309,0.998851623934285,9.46734104970928e-06,0.04650767531721013,0.9183019828078156,0.03519034187497432,0.998851623934285,87.74529742117234,0.9982774359014273,SIDE,0.9183019828078156,94.32968617939453,HIGH,0.9189955168484931,1.0,10
NIFTYIT,2022-10-21,SIDE,0.0002796038221956981,0.9997080758984039,1.2320279400298015e-05,0.04588364194002352,0.9189432314065051,0.03517312665347143,0.9997080758984039,87.84148471097578,0.9995621138476057,SIDE,0.9189432314065051,94.33854937434498,HIGH,0.9191221339192142,1.0,11
NIFTYIT,2022-10-24,SIDE,0.001034200391688826,0.9989634091826188,2.3904256922648274e-06,0.04643179310141176,0.9183865315355215,0.035181675363066774,0.9989634091826188,87.75797973032823,0.9984451137739284,SIDE,0.9183865315355215,94.33076580011506,HIGH,0.9190109400016436,1.0,12
NIFTYIT,2022-10-25,SIDE,0.0006937416802745557,0.9993008278874175,5.430432307934175e-06,0.04618450897717118,0.918638946815943,0.0351765442068858,0.9993008278874175,87.79584202239145,0.998951241831126,SIDE,0.918638946815943,94.33427751758356,HIGH,0.9190611073940511,1.0,13
NIFTYIT,2022-10-27,SIDE,0.00023071818184554864,0.9997339837666185,3.5298051536047483e-05,0.04584765615002201,0.9189600108147327,0.03519233303524532,0.9997339837666185,87.8440016222099,0.9996009756499276,SIDE,0.9189600108147327,94.33905476863778,HIGH,0.9191293538376827,1.0,14
NIFTYIT,2022-10-28,SIDE,0.00011726654762336911,0.9998027974630245,7.993598935214815e-05,0.045764326481878684,0.9190064536557855,0.035229219862335875,0.9998027974630245,87.8509680483678,0.9997041961945365,SIDE,0.9190064536557855,94.34022722010613,HIGH,0.9191461031443735,1.0,15
NIFTYIT,2022-10-31,SIDE,0.00049913221986475,0.9994757462799274,2.5121500207847963e-05,0.04604277760505805,0.9187677271459703,0.03518949524897165,0.9994757462799274,87.81515907189554,0.999213619419891,SIDE,0.9187677271459703,94.33628576908389,HIGH,0.9190897967011984,1.0,16
NIFTYIT,2022-11-01,SIDE,0.019060244619547462,0.9809377878850115,1.9674954410004334e-06,0.05952117317483626,0.9048834444239577,0.035595382401205966,0.9809377878850115,85.73251666359366,0.9714066818275171,SIDE,0.9048834444239577,94.14484142500694,HIGH,0.9163548775000991,1.0,17
NIFTYIT,2022-11-02,SIDE,0.0013301563714528495,0.9986680606785293,1.782950017693835e-06,0.046646710485618116,0.9181653531229271,0.03518793639145481,0.9986680606785293,87.72480296843905,0.9980020910177941,SIDE,0.9181653531229271,94.32771321771132,HIGH,0.9189673316815902,1.0,18
NIFTYIT,2022-11-03,SIDE,0.00028499822287544386,0.999706849660233,8.152116891503102e-06,0.04588764755967001,0.9189427896094516,0.03516956283087839,0.999706849660233,87.84141844141773,0.9995602744903496,SIDE,0.9189427896094516,94.33849352174938,HIGH,0.9191213360249915,1.0,19
NIFTYIT,2022-11-04,SIDE,0.00011143623622649943,0.9998687036640581,1.9860099715448002e-05,0.045761369120536154,0.919062696471499,0.03517593440796491,0.9998687036640581,87.85940447072484,0.9998030554960872,SIDE,0.919062696471499,94.34028427609131,HIGH,0.9191469182298759,1.0,20
NIFTYIT,2022-11-07,SIDE,0.00011710056490861269,0.9998657951583727,1.7104276718660235e-05,0.045765540741308224,0.9190608329198908,0.035173626338800994,0.9998657951583727,87.85912493798362,0.9997986927375591,SIDE,0.9190608329198908,94.3402257117887,HIGH,0.9191460815969815,1.0,21
NIFTYIT,2022-11-09,SIDE,7.78982365665795e-05,0.9998342850782328,8.781668520052714e-05,0.04573557229290257,0.9190291398205709,0.03523528788652653,0.9998342850782328,87.85437097308562,0.9997514276173494,SIDE,0.9190291398205709,94.340633676927,HIGH,0.9191519096703856,1.0,22
NIFTYIT,2022-11-10,SIDE,7.229207170848853e-05,0.9998141494927532,0.00011355843553835293,0.04573095459812343,0.9190111115475872,0.03525793385428944,0.9998141494927532,87.85166673213809,0.9997212242391296,SIDE,0.9190111115475872,94.34069281940765,HIGH,0.9191527545629665,1.0,23
NIFTYIT,2022-11-11,BULL,0.6815230276418428,0.31831677792407237,0.00016019443408482319,0.5405563075684715,0.408490705528765,0.050952986902763536,0.6815230276418428,31.083446135270727,0.5222845414627642,BULL,0.5405563075684715,60.3120711917962,MODERATE,0.8187438741685171,0.1,1
NIFTYIT,2022-11-14,SIDE,0.22689031303834858,0.7731043786763945,5.308285256905969e-06,0.21043412863098726,0.7491934115581016,0.04037245981091121,0.7731043786763945,62.37901173371524,0.6596565680145917,SIDE,0.7491934115581016,89.00123922812443,HIGH,0.8857319889732062,0.9,1
NIFTYIT,2022-11-15,SIDE,0.020128779911435017,0.9798685442801941,2.675808370826406e-06,0.060297060748248414,0.9040823845598076,0.03562055469194405,0.9798685442801941,85.61235768397114,0.969802816420291,SIDE,0.9040823845598076,91.1338203670115,HIGH,0.91619743381445,0.9,2
NIFTYIT,2022-11-16,SIDE,0.00528356112754436,0.9947140647841012,2.3740883544352527e-06,0.04951740995194387,0.9152033159047238,0.035279274143332304,0.9947140647841012,87.28049738570856,0.9920710971761516,SIDE,0.9152033159047238,91.28693701258854,HIGH,0.9183848144655504,0.9,3
NIFTYIT,2022-11-17,SIDE,0.0008035968171531204,0.9991911421150517,5.261067795161857e-06,0.04626428241449467,0.9185567997095553,0.035178917875950094,0.9991911421150517,87.78351995643328,0.9987867131725775,SIDE,0.9185567997095553,91.33314444027,HIGH,0.9190449205752856,0.9,4
NIFTYIT,2022-11-18,SIDE,0.0007029373108756879,0.9992954613685024,1.6013206219157453e-06,0.04619126760638524,0.9186353647184998,0.03517336767511493,0.9992954613685024,87.79530470777496,0.9989431920527535,SIDE,0.9186353647184998,91.33418247569264,HIGH,0.9190597496527522,0.9,5
NIFTYIT,2022-11-21,SIDE,0.00021503799026512756,0.9996246751694856,0.00016028684024923924,0.045833614949217984,0.9188638296658743,0.035302555384907675,0.9996246751694856,87.82957444988114,0.9994370127542282,SIDE,0.9188638296658743,91.33922290339927,HIGH,0.9191317557628469,0.9,6
NIFTYIT,2022-11-22,SIDE,0.0002400425078825573,0.9996856738585324,7.428363358512368e-05,0.04585359868208289,0.9189193619987756,0.03522703931914147,0.9996856738585324,87.83790429981632,0.9995285107877984,SIDE,0.9189193619987756,91.33896059372591,HIGH,0.9191280084817989,0.9,7
NIFTYIT,2022-11-23,SIDE,0.00014439106799900156,0.999794669380312,6.093955168896016e-05,0.04578442614670845,0.9190025378087294,0.03521303604456218,0.999794669380312,87.85038067130941,0.9996920040704679,SIDE,0.9190025378087294,91.33994647856586,HIGH,0.9191420925509409,0.9,8
NIFTYIT,2022-11-24,SIDE,0.056872500964580144,0.9431159860116156,1.1513023804301327e-05,0.08697783495617968,0.8765497415912026,0.03647242345261777,0.9431159860116156,81.48246123868037,0.9146739790174234,SIDE,0.8765497415912026,90.75483847122977,HIGH,0.9107834067318539,0.9,9
NIFTYIT,2022-11-25,SIDE,0.020513236503517367,0.9794856858627325,1.0776337501218996e-06,0.06057626271546338,0.9037957651029808,0.035627972181555945,0.9794856858627325,85.56936476544709,0.9692285287940988,SIDE,0.9037957651029808,94.1298549201874,HIGH,0.9161407845741059,1.0,10
NIFTYIT,2022-11-28,SIDE,0.006121897498189403,0.9938769657091029,1.136792707696935e-06,0.05012618298757929,0.9145763798982549,0.035297437114165796,0.9938769657091029,87.18645698473824,0.9908154485636543,SIDE,0.9145763798982549,94.27829017422408,HIGH,0.9182612882032014,1.0,11
NIFTYIT,2022-11-29,SIDE,0.0041219997868876595,0.9958775065294703,4.936836420784713e-07,0.04867399765626487,0.9160750744142349,0.035250927929500214,0.9958775065294703,87.41126116213522,0.9938162597942054,SIDE,0.9160750744142349,94.29891750044415,HIGH,0.9185559642920593,1.0,12
NIFTYIT,2022-11-30,SIDE,0.07045652010599739,0.9295425150125389,9.64881463697564e-07,0.09684191298119665,0.8663829536855316,0.03677513333327168,0.9295425150125389,79.95744305282975,0.8943137725188084,SIDE,0.8663829536855316,93.61472954387942,HIGH,0.908781850626849,1.0,13
NIFTYIT,2022-12-01,BULL,0.9130072392680955,0.08699191628026856,8.444516358287674e-07,0.7086488591384003,0.23522164970307477,0.05612949115852501,0.9130072392680955,56.29732887076003,0.8695108589021432,BULL,0.7086488591384003,57.92448692465656,MODERATE,0.7846355274950937,0.1,1
NIFTYIT,2022-12-02,BULL,0.692826431249223,0.3071699629455119,3.605805265070907e-06,0.5487674495627674,0.400158450117157,0.05107410032007566,0.692826431249223,32.3151174344151,0.5392396468738345,BULL,0.5487674495627674,63.19547752041317,MODERATE,0.8170782502916168,0.2,2
NIFTYIT,2022-12-05,SIDE,0.10834318556873408,0.8916489983981009,7.81603316514627e-06,0.12435266318769636,0.8379958369773102,0.03765149983499348,0.8916489983981009,75.69937554659653,0.8374734975971513,SIDE,0.8379958369773102,87.22395898095765,HIGH,0.9031994140136808,0.8,1
NIFTYIT,2022-12-06,SIDE,0.002037194637635896,0.9978907479881919,7.205737417228447e-05,0.0471586239755001,0.9175750234894384,0.03526635253506145,0.9978907479881919,87.63625352341576,0.9968361219822877,SIDE,0.9175750234894384,88.32042428036037,HIGH,0.9188632040051481,0.8,2
NIFTYIT,2022-12-07,SIDE,0.00026730934266828456,0.9996604765510961,7.221410623561802e-05,0.04587344209439276,0.9189007232255124,0.035225834680094936,0.9996604765510961,87.83510848382686,0.9994907148266442,SIDE,0.9189007232255124,88.33867925187592,HIGH,0.9191239893125132,0.8,3
NIFTYIT,2022-12-08,SIDE,0.00019477453071189174,0.9997064516275788,9.877384170943312e-05,0.045820207679930176,0.9189321254046526,0.0352476669154171,0.9997064516275788,87.83981881069788,0.999559677441368,SIDE,0.9189321254046526,88.33942875220794,HIGH,0.9191346964601135,0.8,4
NIFTYIT,2022-12-09,BEAR,0.008700902714510633,0.08417183517740377,0.9071272621080856,0.032728069523945816,0.1293447526976826,0.8379271777783716,0.9071272621080856,75.68907666675571,0.8606908931621282,BEAR,0.8379271777783716,67.29818248142026,MODERATE,0.9185454640202894,0.1,1
NIFTYIT,2022-12-12,BEAR,8.25438488547889e-05,0.01266331007970506,0.9872541460714402,0.024767762365776887,0.06661159912284827,0.9086206385113748,0.9872541460714402,86.2930957767062,0.9808812191071599,BEAR,0.9086206385113748,70.39118074215554,MODERATE,0.9198740106022218,0.2,2
NIFTYIT,2022-12-13,BEAR,0.0005990998037523143,0.16197803890806897,0.8374228612881788,0.02832584133147213,0.1956033404308422,0.7760708182376855,0.8374228612881788,66.41062273565285,0.756134291932268,BEAR,0.7760708182376855,73.37817361289697,MODERATE,0.9196881944699568,0.3,3
NIFTYIT,2022-12-14,SIDE,0.0005894034345087786,0.552331232589488,0.4470793639760031,0.03661118722600748,0.5326706066941308,0.4307182060798619,0.552331232589488,29.900591004119605,0.3284968488842322,SIDE,0.5326706066941308,79.35826744875983,HIGH,0.919403820696569,0.5,1
NIFTYIT,2022-12-15,BEAR,2.027348890467398e-05,0.0030370587090168366,0.9969426678020785,0.024516724369714665,0.058292247721426695,0.9171910279088585,0.9969426678020785,87.57865418632879,0.9954140017031178,BEAR,0.9171910279088585,76.39231957484758,HIGH,0.9198902796406798,0.4,1
NIFTYIT,2022-12-16,BEAR,2.9974373859460455e-06,6.568524583555669e-06,0.9999904340380305,0.024439433400141156,0.055673455753115476,0.9198871108467433,0.9999904340380305,87.98306662701148,0.9999856510570455,BEAR,0.9198871108467433,79.392653969997,HIGH,0.9198950567142428,0.5,2
NIFTYIT,2022-12-19,BEAR,1.0570932334479571e-06,7.067449974453231e-06,0.999991875456792,0.02443799382392858,0.05567366462110207,0.9198883415549695,0.999991875456792,87.98325123324543,0.999987813185188,BEAR,0.9198883415549695,82.39267405698514,HIGH,0.9198953436712163,0.6,3
NIFTYIT,2022-12-20,BEAR,1.8561763503202965e-06,2.0266246626405918e-05,0.9999778775770233,0.024438871435884336,0.055685153133160976,0.9198759754309546,0.9999778775770233,87.9813963146432,0.9999668163655347,BEAR,0.9198759754309546,85.39266509764659,HIGH,0.9198952156806656,0.7,4
NIFTYIT,2022-12-21,BEAR,1.758256923849438e-06,1.1968088219610675e-05,0.9999862736548566,0.024438621968239906,0.05567797650674083,0.9198834015250192,0.9999862736548566,87.98251022875289,0.9999794104822849,BEAR,0.9198834015250192,88.39266653792987,HIGH,0.9198952362561412,0.8,5
NIFTYIT,2022-12-22,BEAR,1.6966862600178717e-06,2.7761955711953886e-05,0.9999705413580281,0.02443891147359877,0.05569160740334363,0.9198694811230576,0.9999705413580281,87.98042216845862,0.999955812037042,BEAR,0.9198694811230576,91.39266636665911,HIGH,0.919895233809416,0.9,6
NIFTYIT,2022-12-23,BEAR,1.157238251563954e-07,6.458349174855716e-08,0.999999819692683,0.02443714149520163,0.05566750999339129,0.9198953485114071,0.999999819692683,87.98430227671105,0.9999997295390244,BEAR,0.9198953485114071,91.392684173628,HIGH,0.9198954881946856,0.9,7
NIFTYIT,2022-12-26,BEAR,9.919661222592898e-07,7.682604024421714e-06,0.9999913254298534,0.024437958217420227,0.055674188354333014,0.9198878534282466,0.9999913254298534,87.983178014237,0.99998698814478,BEAR,0.9198878534282466,91.39267470052926,HIGH,0.9198953528647036,0.9,8
NIFTYIT,2022-12-27,BEAR,6.1198612482096064e-06,0.00030945651936264566,0.9996844236193891,0.024448201536581796,0.05593535545716019,0.9196164430062579,0.9996844236193891,87.94246645093868,0.9995266354290837,BEAR,0.9196164430062579,91.39260608079759,HIGH,0.9198943725828228,0.9,9
NIFTYIT,2022-12-28,BEAR,4.185772890637959e-06,0.0003336290347198616,0.9996621851923895,0.024447269553299233,0.055956007088191165,0.9195967233585095,0.9996621851923895,87.93950850377644,0.9994932777885842,BEAR,0.9195967233585095,94.39262488960512,HIGH,0.9198946412800733,1.0,10
NIFTYIT,2022-12-29,BEAR,3.9330304902323066e-05,0.015198357948025433,0.9847623117470723,0.024789319506912762,0.06879565940904889,0.9064150210840385,0.9847623117470723,85.96225316260578,0.9771434676206084,BEAR,0.9064150210840385,94.3914987422562,HIGH,0.919878553460803,1.0,11
NIFTYIT,2022-12-30,BEAR,3.727593998927468e-05,0.021756872636460704,0.97820585142355,0.02492711201668457,0.07445867484229494,0.9006142131410205,0.97820585142355,85.09213197115307,0.9673087771353248,BEAR,0.9006142131410205,94.39118389483305,HIGH,0.9198740556404722,1.0,12
NIFTYIT,2023-01-02,BULL,1.0,2.593202732975887e-284,1.477783889694897e-212,0.7718175075805669,0.17005541374038188,0.05812707867905122,1.0,65.77262613708503,1.0,BULL,0.7718175075805669,57.02722553063968,MODERATE,0.7718175075805669,0.1,1
NIFTYIT,2023-01-03,SIDE,0.027044112080803748,0.8148646893678209,0.15809119855137535,0.06196013274057038,0.7623932660966456,0.1756466011627841,0.8148646893678209,64.35898991449683,0.7222970340517314,SIDE,0.7623932660966456,67.07059666906822,MODERATE,0.9152942381295459,0.1,1
NIFTYIT,2023-01-04,SIDE,0.0004162762972296476,0.7767743215637964,0.22280940213897385,0.041249823848300525,0.7264564861861071,0.23229368996559227,0.7767743215637964,58.96847292791607,0.6651614823456948,SIDE,0.7264564861861071,70.34855866745193,MODERATE,0.919265123820742,0.2,2
NIFTYIT,2023-01-05,SIDE,0.000278279815573294,0.8177333691782627,0.18198835100616392,0.042016814587886295,0.7618086700089418,0.19617451540317193,0.8177333691782627,64.27130050134127,0.7266000537673941,SIDE,0.7618086700089418,73.3478898009479,MODERATE,0.91925556858497,0.3,3
NIFTYIT,2023-01-06,BEAR,3.414735402805449e-05,0.006310917399538533,0.9936549352464334,0.0245966426882807,0.06112079822343753,0.9142825590882818,0.9936549352464334,87.14238386324226,0.9904824028696502,BEAR,0.9142825590882818,82.39200797162145,HIGH,0.9198858281660209,0.6,1
NIFTYIT,2023-01-09,BEAR,0.004195436887475915,0.16497662239346458,0.8308279407190594,0.031077374739845412,0.19860398263174422,0.7703186426284104,0.8308279407190594,65.54779639426155,0.7462419110785893,BEAR,0.7703186426284104,82.3407422396383,HIGH,0.9191534605662616,0.6,2
NIFTYIT,2023-01-10,BEAR,0.00028194438093283005,0.2825964766876027,0.7171215789314644,0.03065120188307572,0.2997205860247123,0.669628212092212,0.7171215789314644,50.4442318138318,0.5756823683971967,BEAR,0.669628212092212,82.37527904904414,HIGH,0.9196468435577735,0.6,3
NIFTYIT,2023-01-11,SIDE,0.00036130102455693284,0.7558298086337539,0.2438088903416892,0.04076379495273508,0.7083646970029158,0.25087150804434916,0.7558298086337539,56.254704550437374,0.6337447129506308,SIDE,0.7083646970029158,76.35020197514754,HIGH,0.919288599644965,0.4,1
NIFTYIT,2023-01-12,SIDE,0.0002277524938229976,0.9961574559086959,0.003614791597481215,0.0457694605406616,0.9158713544972178,0.038359184962120624,0.9961574559086959,87.38070317458265,0.9942361838630438,SIDE,0.9158713544972178,79.3392688162169,HIGH,0.9191324116602415,0.5,2
NIFTYIT,2023-01-13,SIDE,0.00021924377872152201,0.9996218007809425,0.00015895544033588338,0.045836697210312465,0.9188618287348185,0.03530147405486906,0.9996218007809425,87.82927431022277,0.9994327011714138,SIDE,0.9188618287348185,82.33917945578824,HIGH,0.9191311350826892,0.6,3
NIFTYIT,2023-01-16,SIDE,0.00039631798414463377,0.9995513968101082,5.2285205747141334e-05,0.04596754336109839,0.9188212903552859,0.03521116628361563,0.9995513968101082,87.8231935532929,0.9993270952151623,SIDE,0.9188212903552859,85.33734760861873,HIGH,0.9191049658374105,0.7,4
NIFTYIT,2023-01-17,SIDE,0.0005397509174916115,0.9994458106094731,1.4438473035268609e-05,0.04607249927775068,0.9187465241082746,0.03518097661397473,0.9994458106094731,87.81197861624119,0.9991687159142095,SIDE,0.9187465241082746,85.33586627188981,HIGH,0.9190838038841403,0.7,5
NIFTYIT,2023-01-18,SIDE,0.0005493910041986387,0.9994395200392011,1.1088956600332063e-05,0.04607957045439071,0.9187421949367225,0.035178234608886784,0.9994395200392011,87.81132924050837,0.9991592800588015,SIDE,0.9187421949367225,85.33576667036714,HIGH,0.9190823810052448,0.7,6
NIFTYIT,2023-01-19,SIDE,0.0004981360695208561,0.9994929341749861,8.929755493194297e-06,0.04604239823830132,0.9187824548749615,0.03517514688673723,0.9994929341749861,87.81736823124422,0.9992394012624791,SIDE,0.9187824548749615,85.33629521371353,HIGH,0.9190899316244789,0.7,7
NIFTYIT,2023-01-20,SIDE,0.0002585733464134827,0.9997184164279032,2.3010225683425288e-05,0.045868143845828456,0.9189497547776582,0.0351821013765133,0.9997184164279032,87.84246321664872,0.9995776246418547,SIDE,0.9189497547776582,88.33876683491675,HIGH,0.9191252404988108,0.8,8
NIFTYIT,2023-01-23,SIDE,0.005043427846142079,0.9949452799709608,1.1292182897131313e-05,0.049342850924767194,0.915375500907267,0.035281648167965717,0.9949452799709608,87.30632513609005,0.9924179199564412,SIDE,0.915375500907267,91.28941425406231,HIGH,0.9184202036294615,0.9,9
NIFTYIT,2023-01-24,SIDE,0.006757773110015312,0.993240869704419,1.3571855657133283e-06,0.05058791088231821,0.9140998501395817,0.03531223897810005,0.993240869704419,87.11497752093725,0.9898613045566286,SIDE,0.9140998501395817,94.27173163276711,HIGH,0.918167594753816,1.0,10
NIFTYIT,2023-01-25,SIDE,0.0012761554686640173,0.9987206132409838,3.231290352065931e-06,0.04660746768352708,0.9182045549904173,0.035187977326055574,0.9987206132409838,87.73068324856258,0.9980809198614757,SIDE,0.9182045549904173,94.32827026843789,HIGH,0.9189752895491127,1.0,11
NIFTYIT,2023-01-27,SIDE,0.0009170451365766575,0.9990811149728767,1.8398905466098948e-06,0.04634673407422114,0.91847476884861,0.03517849707716897,0.9990811149728767,87.77121532729146,0.998621672459315,SIDE,0.91847476884861,94.33197413546314,HIGH,0.919028201935188,1.0,12
NIFTYIT,2023-01-30,SIDE,0.001783914974284728,0.9982145152167717,1.5698089435050173e-06,0.04697620575827948,0.9178256230109315,0.03519817123078912,0.9982145152167717,87.67384345163968,0.9973217728251574,SIDE,0.9178256230109315,94.32303304658241,HIGH,0.9189004720940345,1.0,13
NIFTYIT,2023-01-31,SIDE,0.0006112957350256956,0.9993652304171481,2.347384782621628e-05,0.046124258644899226,0.9186851273106406,0.03519061404446026,0.9993652304171481,87.80276909659607,0.9990478456257221,SIDE,0.9186851273106406,94.33512880691228,HIGH,0.9190732686701756,1.0,14
NIFTYIT,2023-02-01,SIDE,0.0005285194528447249,0.9994684812471082,2.999300047067435e-06,0.046064586711537306,0.918764815366051,0.03517059792241163,0.9994684812471082,87.81472230490766,0.9992027218706623,SIDE,0.918764815366051,94.33598152925329,HIGH,0.9190854504179042,1.0,15
NIFTYIT,2023-02-02,SIDE,0.010746364489365905,0.9892512816200906,2.3538905434455856e-06,0.05348415202905186,0.9111111041384581,0.03540474383249006,0.9892512816200906,86.66666562076871,0.9838769224301357,SIDE,0.9111111041384581,94.23059252631118,HIGH,0.9175798932330169,1.0,16
NIFTYIT,2023-02-03,SIDE,0.0020744641682199395,0.9979243838174051,1.152014374898374e-06,0.04718719304766952,0.917608331075513,0.0352044758768175,0.9979243838174051,87.64124966132695,0.9968865757261075,SIDE,0.917608331075513,94.32003624060911,HIGH,0.9188576605801304,1.0,17
NIFTYIT,2023-02-06,SIDE,0.00030405923563075674,0.9996915414149746,4.399349394664835e-06,0.04590156818243726,0.9189317513533124,0.03516668046425034,0.9996915414149746,87.83976270299686,0.9995373121224618,SIDE,0.9189317513533124,94.3382967301766,HIGH,0.9191185247168085,1.0,18
NIFTYIT,2023-02-07,SIDE,0.00013616474447557226,0.9998518795073628,1.195574816154744e-05,0.045779493314909415,0.9190509975253962,0.035169509159694363,0.9998518795073628,87.85764962880943,0.9997778192610441,SIDE,0.9190509975253962,94.34002881601617,HIGH,0.919143268800231,1.0,19
NIFTYIT,2023-02-08,SIDE,0.0015909500632321166,0.9984025145277833,6.535408984603525e-06,0.04683598137888245,0.9179658867768894,0.035198131844228125,0.9984025145277833,87.69488301653341,0.9976037717916749,SIDE,0.9179658867768894,94.32502358113943,HIGH,0.918928908301992,1.0,20
NIFTYIT,2023-02-09,SIDE,0.0012415469307772908,0.9987562991999871,2.1538692355381977e-06,0.04658236004484111,0.9182314108685862,0.03518622908657283,0.9987562991999871,87.73471163028788,0.9981344487999808,SIDE,0.9182314108685862,94.32862717284442,HIGH,0.9189803881834919,1.0,21
NIFTYIT,2023-02-10,SIDE,0.00044803005243745296,0.999549460902343,2.5090452195671125e-06,0.04600615082409856,0.9188255339455609,0.03516831523034055,0.999549460902343,87.82383009183413,0.9993241913535145,SIDE,0.9188255339455609,94.33681168847188,HIGH,0.9190973098353125,1.0,22
NIFTYIT,2023-02-13,SIDE,0.00022322977028160104,0.9990027407342765,0.0007740294954419647,0.045826525062629096,0.9183277288830806,0.0358457460542904,0.9990027407342765,87.74915933246207,0.9985041111014148,SIDE,0.9183277288830806,94.33916986767753,HIGH,0.9191309981096789,1.0,23
NIFTYIT,2023-02-14,SIDE,0.00018714138968962482,0.9997481664301394,6.469218017086995e-05,0.04581538900126224,0.9189672728253703,0.03521733817336743,0.9997481664301394,87.84509092380553,0.999622249645209,SIDE,0.9189672728253703,94.3395057352267,HIGH,0.9191357962175244,1.0,24
NIFTYIT,2023-02-15,SIDE,0.0005242634309606494,0.9994664114907784,9.325078260954583e-06,0.046061361874439787,0.9187625413022675,0.03517609682329276,0.9994664114907784,87.81438119534009,0.9991996172361675,SIDE,0.9187625413022675,94.33602575095792,HIGH,0.9190860821565418,1.0,25
NIFTYIT,2023-02-16,SIDE,0.036212684757546625,0.9637827765709209,4.53867153253246e-06,0.07197613370831962,0.8920321956474784,0.035991670644202035,0.9637827765709209,83.80482934712175,0.9456741648563812,SIDE,0.8920321956474784,93.96792773686474,HIGH,0.9138275390980678,1.0,26
NIFTYIT,2023-02-17,SIDE,0.0007045494405347676,0.999279256783801,1.6193775664332432e-05,0.04619212823330987,0.9186215565345782,0.03518631523211193,0.999279256783801,87.79323348018671,0.9989188851757014,SIDE,0.9186215565345782,94.33416659575681,HIGH,0.9190595227965259,1.0,27
NIFTYIT,2023-02-20,SIDE,0.0007992310443848126,0.999198961381136,1.8075744791956048e-06,0.04626118563233825,0.9185630522217256,0.0351757621459361,0.999198961381136,87.78445783325884,0.9987984420717038,SIDE,0.9185630522217256,94.33318929275349,HIGH,0.91904556132505,1.0,28
NIFTYIT,2023-02-21,SIDE,0.00020725225736815852,0.9997773152854729,1.5432457158918042e-05,0.045831038703697195,0.9189947431833104,0.03517421811299243,0.9997773152854729,87.84921147749655,0.9996659729282091,SIDE,0.9189947431833104,94.33929578287655,HIGH,0.9191327968982363,1.0,29
NIFTYIT,2023-02-22,SIDE,0.00012905098648729492,0.9994209399411788,0.00045000907233390126,0.04576502182889359,0.918678069256094,0.03555690891501254,0.9994209399411788,87.80171038841408,0.999131409911768,SIDE,0.918678069256094,94.34012464022328,HIGH,0.9191446377174753,1.0,30
NIFTYIT,2023-02-23,SIDE,0.0001040662136829276,0.9995823008610754,0.00031363292524168486,0.045749776620303134,0.9188145457884882,0.03543567759120868,0.9995823008610754,87.82218186827323,0.999373451291613,SIDE,0.9188145457884882,94.34037534869294,HIGH,0.9191482192670423,1.0,31
NIFTYIT,2023-02-24,SIDE,9.14961637860399e-05,0.9995533482361592,0.0003551556000548582,0.04573976694636851,0.9187881074535643,0.03547212560006723,0.9995533482361592,87.81821611803463,0.9993300223542387,SIDE,0.9187881074535643,94.34050712694184,HIGH,0.919150101813455,1.0,32
NIFTYIT,2023-02-27,SIDE,0.000534303958281121,0.8560613381934943,0.14340435784822456,0.043022394481832205,0.7949339995156063,0.16204360600256157,0.8560613381934943,69.24009992734094,0.7840920072902414,SIDE,0.7949339995156063,94.34327157947575,HIGH,0.9191895939925109,1.0,33
NIFTYIT,2023-02-28,BEAR,0.0035928357663462546,0.010971665777851672,0.985435498455802,0.0273553489464229,0.06555240640998387,0.9070922446435932,0.985435498455802,86.06383669653897,0.978153247683703,BEAR,0.9070922446435932,67.35488165364633,MODERATE,0.9193554521949476,0.1,1
NIFTYIT,2023-03-01,BEAR,0.0002278283417114066,0.05500800665318008,0.9447641650051086,0.02577590824500594,0.10319268905258179,0.8710314027024122,0.9447641650051086,80.65471040536183,0.9171462475076629,BEAR,0.8710314027024122,70.38750451977675,MODERATE,0.919821493139668,0.2,2
NIFTYIT,2023-03-02,BEAR,1.5281819711335496e-05,0.0038886105462264185,0.9960961076340621,0.02453108390721572,0.05902698823955649,0.9164419278532278,0.9960961076340621,87.46628917798415,0.9941441614510933,BEAR,0.9164419278532278,73.39232767142775,MODERATE,0.9198903953061107,0.3,3
NIFTYIT,2023-03-03,BEAR,0.00010448748215460566,0.04294914624117222,0.9569463662766732,0.025427549443939455,0.09276580402993578,0.8818066465261246,0.9569463662766732,82.2709969789187,0.9354195494150096,BEAR,0.8818066465261246,76.38940105416343,HIGH,0.919848586488049,0.4,4
NIFTYIT,2023-03-06,BEAR,0.0005200492644695912,0.31864997418102486,0.6808299765545055,0.03159507081059651,0.3308798689900117,0.6375250601993917,0.6808299765545055,45.62875902990876,0.5212449648317584,BEAR,0.6375250601993917,79.37096314183515,HIGH,0.9195851877405021,0.5,5
NIFTYIT,2023-03-08,BEAR,0.00012349291065455773,0.33278605836538283,0.6670904487239626,0.03159899676312078,0.34304095819855246,0.6253600450383268,0.6670904487239626,43.804006755749015,0.5006356730859439,BEAR,0.6253600450383268,82.37434911772385,HIGH,0.9196335588246266,0.6,6
NIFTYIT,2023-03-09,BEAR,1.14117456363898e-05,0.005664297454445648,0.994324290799918,0.02456591386158875,0.06055984388324257,0.9148742422551688,0.994324290799918,87.23113633827532,0.9914864361998769,BEAR,0.9148742422551688,85.39227677770246,HIGH,0.9198896682528923,0.7,7
NIFTYIT,2023-03-10,BEAR,4.587892627868934e-06,0.00048756452404654613,0.9995078475833256,0.024450840267474412,0.05608897574703591,0.9194601839854898,0.9995078475833256,87.91902759782346,0.9992617713749882,BEAR,0.9194601839854898,88.39261283183329,HIGH,0.9198944690261899,0.8,8
NIFTYIT,2023-03-13,BEAR,2.4125173050736116e-06,6.966184795998824e-06,0.999990621297899,0.024439004690127344,0.055673732223249214,0.9198872630866234,0.999990621297899,87.98308946299349,0.9999859319468483,BEAR,0.9198872630866234,91.39266001258144,HIGH,0.9198951430368779,0.9,9
NIFTYIT,2023-03-14,BEAR,1.6785222842477532e-07,8.275396381065574e-08,0.9999997493938078,0.024437180840961553,0.055667531646381455,0.9198952875126569,0.9999997493938078,87.98429312689854,0.9999996240907116,BEAR,0.9198952875126569,94.39268363236184,HIGH,0.9198954804623122,1.0,10
NIFTYIT,2023-03-15,BEAR,2.322661159344964e-07,5.479330643653902e-07,0.9999992198008197,0.02443723886482287,0.05566794069479336,0.9198948204403836,0.9999992198008197,87.98422306605758,0.9999988297012294,BEAR,0.9198948204403836,94.39268294084057,HIGH,0.9198954705834369,1.0,11
NIFTYIT,2023-03-16,BEAR,1.0524089638989767e-07,1.1136973632454454e-07,0.9999997833893672,0.024437134654384105,0.05566754919399986,0.919895316151616,0.9999997833893672,87.98429742274239,0.9999996750840509,BEAR,0.919895316151616,94.39268427989045,HIGH,0.9198954897127206,1.0,12
NIFTYIT,2023-03-17,BEAR,3.7786456595922e-06,1.1593075614168775e-05,0.9999846282787263,0.024440124000590296,0.055677883793071856,0.9198819922063379,0.9999846282787263,87.98229883095068,0.9999769424180892,BEAR,0.9198819922063379,94.39264561489198,HIGH,0.9198949373555998,1.0,13
NIFTYIT,2023-03-20,BEAR,2.27698997526312e-07,7.343230961468947e-07,0.9999990379779063,0.02443723941108402,0.055668101119394894,0.919894659469521,0.9999990379779063,87.98419892042814,0.9999985569668594,BEAR,0.919894659469521,94.39268297862786,HIGH,0.9198954711232551,1.0,14
NIFTYIT,2023-03-21,BEAR,1.2624250542208378e-07,1.9970086024720582e-07,0.9999996740566343,0.024437152227066647,0.05566762786989314,0.9198952199030402,0.9999996740566343,87.98428298545602,0.9999995110849512,BEAR,0.9198952199030402,94.39268405767191,HIGH,0.9198954865381702,1.0,15
NIFTYIT,2023-03-22,BEAR,4.4707044963670056e-07,6.883030797245521e-07,0.9999988646264706,0.024437402387378567,0.05566808647475591,0.9198945111378656,0.9999988646264706,87.98417667067983,0.9999982969397059,BEAR,0.9198945111378656,94.39268070710052,HIGH,0.9198954386728646,1.0,16
NIFTYIT,2023-03-23,BEAR,7.594517759577292e-08,9.295116176635103e-08,0.9999998311036606,0.024437112368055618,0.055667529938558676,0.9198953576933856,0.9999998311036606,87.98430365400786,0.999999746655491,BEAR,0.9198953576933856,94.39268458449806,HIGH,0.919895494064258,1.0,17
NIFTYIT,2023-03-24,BEAR,8.392976743372861e-08,9.875646147445135e-08,0.9999998173137711,0.02443711845890873,0.055667535864752114,0.919895345676339,0.9999998173137711,87.98430185145085,0.9999997259706565,BEAR,0.919895345676339,94.39268450143656,HIGH,0.9198954928776654,1.0,18
NIFTYIT,2023-03-27,BEAR,9.026682017215915e-08,6.091653502467466e-08,0.9999998488166447,0.024437122391233523,0.055667503915014065,0.9198953736937524,0.9999998488166447,87.98430605406284,0.9999997732249672,BEAR,0.9198953736937524,94.39268443768954,HIGH,0.9198954919669934,1.0,19
NIFTYIT,2023-03-28,BEAR,2.950895096505124e-08,4.792931634415465e-09,0.9999999656981174,0.02443707578970996,0.055667448502544147,0.919895475707746,0.9999999656981174,87.9843213561619,0.999999948547176,BEAR,0.919895475707746,94.39268507034926,HIGH,0.9198955010049895,1.0,20
NIFTYIT,2023-03-29,BEAR,4.924270595102018e-07,1.3673945889422283e-06,0.9999981401783516,0.02443745071251966,0.05566867805572852,0.9198938712317519,0.9999981401783516,87.98408068476279,0.9999972102675273,BEAR,0.9198938712317519,94.39268020215312,HIGH,0.9198954314593304,1.0,21
NIFTYIT,2023-03-31,BEAR,6.158101549638588e-05,0.0024564419429992743,0.9974819770415043,0.02453526228993871,0.05779561261896561,0.9176691250910958,0.9974819770415043,87.65036876366436,0.9962229655622563,BEAR,0.9176691250910958,94.39192116154058,HIGH,0.9198845880220083,1.0,22
NIFTYIT,2023-04-03,BEAR,3.236895297616077e-05,0.021484729561168085,0.9784829014858557,0.024917663272144952,0.07422311911706929,0.9008592176107856,0.9784829014858557,85.12888264161785,0.9677243522287834,BEAR,0.9008592176107856,94.39124870608866,HIGH,0.9198749815155524,1.0,23
NIFTYIT,2023-04-05,SIDE,0.0009733139067348321,0.5534815272617875,0.44554515883147777,0.03692255106135653,0.533707796147802,0.42936965279084155,0.5534815272617875,30.056169422170292,0.330222290892681,SIDE,0.533707796147802,67.35422908441966,MODERATE,0.9193461297774237,0.1,1
NIFTYIT,2023-04-06,SIDE,0.00014680418874808186,0.8603247472455525,0.1395284485656994,0.042823355820351294,0.7985711103638106,0.15860553381583808,0.8603247472455525,69.78566655457158,0.7904871208683286,SIDE,0.7985711103638106,70.34706968137365,MODERATE,0.9192438525910523,0.2,2
NIFTYIT,2023-04-10,SIDE,0.00017418303059466822,0.9979397069454186,0.0018861100239867946,0.0457672855901691,0.9174041932264657,0.036828521183365236,0.9979397069454186,87.61062898396985,0.9969095604181278,SIDE,0.9174041932264657,73.33973274308467,MODERATE,0.9191390391869239,0.3,3
NIFTYIT,2023-04-11,SIDE,0.0001764421853539205,0.9746613855023963,0.025162172312249702,0.04527445358026011,0.8973037169322173,0.05742182948752251,0.9746613855023963,84.5955575398326,0.9619920782535943,SIDE,0.8973037169322173,76.34090240370618,HIGH,0.919155748624374,0.4,4
NIFTYIT,2023-04-12,SIDE,0.00020790979613537577,0.9991167205927843,0.0006753696110802904,0.045817496580933204,0.9184243976007892,0.03575810581827755,0.9991167205927843,87.76365964011836,0.9986750808891763,SIDE,0.9184243976007892,79.3393228244741,HIGH,0.919133183206773,0.5,5
NIFTYIT,2023-04-13,SIDE,0.001487529764506159,0.7760233394849402,0.22248913075055365,0.0420345040232667,0.7259305547657113,0.23203494121102197,0.7760233394849402,58.8895832148567,0.6640350092274102,SIDE,0.7259305547657113,82.33749312254275,HIGH,0.9191070446077535,0.6,6
NIFTYIT,2023-04-17,BEAR,0.01666655467033498,1.1995438248910676e-12,0.9833334453284654,0.03689331082875105,0.05757389439093386,0.9055327947803151,0.9833334453284654,85.82991921704726,0.9750001679926982,BEAR,0.9055327947803151,76.21992887326505,HIGH,0.9174275553323579,0.4,1
NIFTYIT,2023-04-18,BEAR,1.354364236788886e-06,6.306724734998477e-07,0.9999980149632898,0.024438079256726874,0.05566814049446173,0.9198937802488113,0.9999980149632898,87.98406703732168,0.9999970224449345,BEAR,0.9198937802488113,76.39267130553692,HIGH,0.9198953043648131,0.4,2
NIFTYIT,2023-04-19,BEAR,4.496612089453133e-08,7.636128060631802e-10,0.9999999542702663,0.02443708725649851,0.05566744679135826,0.9198954659521431,0.9999999542702663,87.98431989282149,0.9999999314053993,BEAR,0.9198954659521431,76.3926849103351,HIGH,0.919895498719073,0.4,3
NIFTYIT,2023-04-20,BEAR,8.795727606986707e-08,7.390025522478235e-09,0.9999999046526985,0.024437119528017897,0.055667457430909444,0.9198954230410726,0.9999999046526985,87.98431345616092,0.9999998569790476,BEAR,0.9198954230410726,76.3926844643724,HIGH,0.9198954923481771,0.4,4
NIFTYIT,2023-04-21,BEAR,6.262239527535551e-07,2.412142523333484e-07,0.9999991325617948,0.02443752678533072,0.055667720908400435,0.9198947523062689,0.9999991325617948,87.98421284594032,0.9999986988426921,BEAR,0.9198947523062689,79.39267887300663,HIGH,0.9198954124715233,0.5,5
NIFTYIT,2023-04-24,BEAR,1.2118740959401332e-06,2.7137497380439824e-06,0.9999960743761661,0.024438017014898047,0.05566992292394396,0.9198920600611579,0.9999960743761661,87.9838090091737,0.999994111564249,BEAR,0.9198920600611579,82.3926726757494,HIGH,0.919895323939277,0.6,6
NIFTYIT,2023-04-25,BEAR,3.1911236645399193e-07,8.003530001917799e-07,0.9999988805346334,0.024437309134376556,0.05566816859253513,0.9198945222730883,0.9999988805346334,87.98417834096325,0.9999983208019501,BEAR,0.9198945222730883,85.39268202770202,HIGH,0.9198954575386004,0.7,7
NIFTYIT,2023-04-26,BEAR,7.425361296942438e-07,4.323200627017398e-06,0.9999949342632433,0.024437700431759895,0.055671258991540955,0.919891040576699,0.9999949342632433,87.98365608650487,0.9999924013948649,BEAR,0.919891040576699,88.39267745816441,HIGH,0.9198953922594917,0.8,8
NIFTYIT,2023-04-27,BEAR,3.073895260437772e-06,3.467880009066042e-05,0.9999622473046489,0.02444008771287989,0.05569773760612922,0.919862174680991,0.9999622473046489,87.97932620214864,0.9999433709569732,BEAR,0.919862174680991,91.39265173674731,HIGH,0.9198950248106759,0.9,9
NIFTYIT,2023-04-28,BEAR,6.023471428374525e-05,0.0007338647830753475,0.9992059005026409,0.02449766197253953,0.05630802033365162,0.9191943176938088,0.9992059005026409,87.87914765407133,0.9988088507539612,BEAR,0.9191943176938088,94.39202340337425,HIGH,0.9198860486196321,1.0,10
NIFTYIT,2023-05-02,BEAR,0.00012202080559153353,0.009481261409168364,0.9903967177852401,0.024729667804160117,0.06386842888741143,0.9114019033084285,0.9903967177852401,86.71028549626426,0.98559507667786,BEAR,0.9114019033084285,94.39093463406469,HIGH,0.9198704947723528,1.0,11
NIFTYIT,2023-05-03,BEAR,2.4254680138367205e-05,0.003235094514379601,0.996740650805482,0.02452390687112149,0.05846370622431233,0.9170123869045663,0.996740650805482,87.55185803568494,0.9951109762082229,BEAR,0.9170123869045663,94.39226815809174,HIGH,0.9198895451155965,1.0,12
NIFTYIT,2023-05-04,BEAR,7.651275865298232e-05,0.016500648730152473,0.9834228385111946,0.02484477457633298,0.06992443536256188,0.9052307900611051,0.9834228385111946,85.78461850916578,0.9751342577667917,BEAR,0.9052307900611051,94.39104658305165,HIGH,0.9198720940435948,1.0,13
NIFTYIT,2023-05-05,BEAR,6.313611526779502e-05,0.020303261384317227,0.9796336025004149,0.024915559151220873,0.07320644560453705,0.9018779952442421,0.9796336025004149,85.2816992866363,0.9694504037506223,BEAR,0.9018779952442421,94.39099034378687,HIGH,0.9198712906255266,1.0,14
NIFTYIT,2023-05-08,SIDE,0.003278076284394444,0.9046109066596777,0.09211101705592785,0.046104414555704736,0.8371702065307528,0.11672537891354248,0.9046109066596777,75.5755309796129,0.8569163599895165,SIDE,0.8371702065307528,67.31234281910419,MODERATE,0.9187477545586313,0.1,1
NIFTYIT,2023-05-09,SIDE,0.000653339439586019,0.9989419502182418,0.00040471034217219224,0.046146689199773466,0.9183244358959306,0.035528874904295925,0.9989419502182418,87.7486653843896,0.9984129253273626,SIDE,0.9183244358959306,70.33471469885164,MODERATE,0.9190673528407379,0.2,2
NIFTYIT,2023-05-10,SIDE,0.001340390486068584,0.9986489126213139,1.0696892617501717e-05,0.04665395248497492,0.91814998951399,0.0351960580010351,0.9986489126213139,87.7224984270985,0.9979733689319708,SIDE,0.91814998951399,73.3276081177976,MODERATE,0.9189658302542515,0.3,3
NIFTYIT,2023-05-11,SIDE,0.0016345191856487965,0.9983594952954765,5.985518874799468e-06,0.04686763019656796,0.9179337236305177,0.0351986461729142,0.9983594952954765,87.69005854457768,0.9975392429432146,SIDE,0.9179337236305177,76.3245741720041,HIGH,0.9189224881714874,0.4,4
NIFTYIT,2023-05-12,SIDE,0.0008655326899104064,0.9991212352906494,1.323201944026945e-05,0.04630908698723514,0.91850352017346,0.03518739283930486,0.9991212352906494,87.77552802601899,0.998681852935974,SIDE,0.91850352017346,79.33250602938436,HIGH,0.9190358004197766,0.5,5
NIFTYIT,2023-05-15,SIDE,0.0008834554810341484,0.9991106785974214,5.865921544423518e-06,0.0463222578665162,0.918496454664069,0.03518128746941476,0.9991106785974214,87.77446819961035,0.998666017896132,SIDE,0.918496454664069,82.33232079247207,HIGH,0.9190331541781728,0.6,6
NIFTYIT,2023-05-16,SIDE,0.00048171815643402205,0.9995144314903863,3.85035317957395e-06,0.04603058449605281,0.9187991397064968,0.03517027579745039,0.9995144314903863,87.81987095597451,0.9992716472355795,SIDE,0.9187991397064968,85.336464291136,HIGH,0.9190923470162287,0.7,7
NIFTYIT,2023-05-17,SIDE,0.00024449163694675695,0.9996379985565862,0.00011750980646706341,0.045855911068675426,0.9188787034987089,0.03526538543261571,0.9996379985565862,87.83180552480634,0.9994569978348793,SIDE,0.9188787034987089,88.33891691994718,HIGH,0.919127384570674,0.8,8
NIFTYIT,2023-05-18,SIDE,9.980013701986404e-05,0.9996055405811094,0.00029465928187077115,0.04574708193840677,0.9188341252031836,0.035418792858409515,0.9996055405811094,87.82511878047752,0.9994083108716639,SIDE,0.9188341252031836,91.34041837743995,HIGH,0.9191488339634278,0.9,9
NIFTYIT,2023-05-19,SIDE,0.0004967543065630323,0.9993901640167941,0.00011308167664296828,0.046039182304988366,0.9186935552094693,0.035267262485542336,0.9993901640167941,87.80403328142039,0.9990852460251912,SIDE,0.9186935552094693,94.33631480357438,HIGH,0.9190902114796341,1.0,10
NIFTYIT,2023-05-22,SIDE,0.01376528663906592,0.9862061673322178,2.854602871638601e-05,0.05567574557756534,0.908826988874154,0.035497265548280595,0.9862061673322178,86.32404833112311,0.9793092509983267,SIDE,0.908826988874154,94.19945608044729,HIGH,0.9171350868635326,1.0,11
NIFTYIT,2023-05-23,SIDE,0.0010813217375383777,0.9989153521586226,3.3261038390045514e-06,0.04646598975952194,0.9183504246084072,0.03518358563207096,0.9989153521586226,87.75256369126106,0.9983730282379337,SIDE,0.9183504246084072,94.330279828751,HIGH,0.9190039975535857,1.0,12
NIFTYIT,2023-05-24,SIDE,0.00044995126033010814,0.9995475349621626,2.5137775073173542e-06,0.04600754578300002,0.9188240906672215,0.035168363549778474,0.9995475349621626,87.8236136000832,0.9993213024432438,SIDE,0.9188240906672215,94.3367918729783,HIGH,0.9190970267568329,1.0,13
NIFTYIT,2023-05-25,SIDE,0.0007453059045577267,0.9992537817888558,9.123065864694746e-07,0.04622204763169933,0.918604221030636,0.035173731337664674,0.9992537817888558,87.7906331545954,0.9988806726832837,SIDE,0.918604221030636,94.33374544192883,HIGH,0.9190535063132692,1.0,14
NIFTYIT,2023-05-26,SIDE,0.008901091728338415,0.9910982143235042,6.939481573443522e-07,0.05214426714016114,0.9124948459125496,0.03536088694728923,0.9910982143235042,86.87422688688243,0.9866473214852561,SIDE,0.9124948459125496,94.24962496665512,HIGH,0.9178517852379303,1.0,15
NIFTYIT,2023-05-29,SIDE,0.0009755185999745419,0.9990231593413512,1.322058674177546e-06,0.0463892047988666,0.9184314130603658,0.03517938214076762,0.9990231593413512,87.76471195905485,0.9985347390120268,SIDE,0.9184314130603658,94.33137100151127,HIGH,0.9190195857358754,1.0,16
NIFTYIT,2023-05-30,SIDE,0.0014173769092174053,0.9985816011556933,1.021935089377573e-06,0.04671006068023255,0.9181006726614641,0.035189266658303346,0.9985816011556933,87.7151008992196,0.9978724017335397,SIDE,0.9181006726614641,94.32681356801696,HIGH,0.9189544795430993,1.0,17
NIFTYIT,2023-05-31,SIDE,0.3936045876316385,0.6063879291401035,7.483228257993318e-06,0.33149142470136933,0.6243045517608122,0.04420402353781854,0.6063879291401035,43.64568276412184,0.4095818937101553,SIDE,0.6243045517608122,90.28171378425012,HIGH,0.8611673397750017,1.0,18
NIFTYIT,2023-06-01,SIDE,0.019679265476811803,0.9803199789391843,7.555840039421471e-07,0.05997069264243657,0.9044207774841023,0.035608529873461116,0.9803199789391843,85.66311662261533,0.9704799684087765,SIDE,0.9044207774841023,94.13845665356966,HIGH,0.9162636664795665,1.0,19
NIFTYIT,2023-06-02,SIDE,0.001129689144594057,0.9988681851241702,2.1257312357098985e-06,0.04650113660619919,0.9183152287180146,0.03518363467578627,0.9988681851241702,87.74728430770217,0.9983022776862551,SIDE,0.9183152287180146,94.32978089577514,HIGH,0.918996869939645,1.0,20
NIFTYIT,2023-06-05,SIDE,0.000284649360999581,0.9997121967551312,3.1538838692882773e-06,0.04588750041984149,0.9189473668982759,0.03516513268188255,0.9997121967551312,87.8421050347414,0.9995682951326968,SIDE,0.9189473668982759,94.33849686380991,HIGH,0.919121383768713,1.0,21
NIFTYIT,2023-06-06,SIDE,0.0006464155961690712,0.9988549977771115,0.000498586626719458,0.04613966725257665,0.918248560816641,0.03561177193078233,0.9988549977771115,87.73728412249613,0.9982824966656673,SIDE,0.918248560816641,94.33479092422361,HIGH,0.9190684417746232,1.0,22
NIFTYIT,2023-06-07,SIDE,0.00018297116703056425,0.9998039332755893,1.3095557380107642e-05,0.045813456959154716,0.9190149502434728,0.035171592797372524,0.9998039332755893,87.85224253652092,0.9997058999133839,SIDE,0.9190149502434728,94.33954610329846,HIGH,0.919136372904264,1.0,23
NIFTYIT,2023-06-08,SIDE,0.00012007850191005724,0.9987531655350984,0.0011267559629915633,0.045744129890375844,0.9181004224617745,0.036155447647849746,0.9987531655350984,87.71506336926616,0.9981297483026474,SIDE,0.9181004224617745,94.34025186942112,HIGH,0.9191464552774447,1.0,24
NIFTYIT,2023-06-09,SIDE,0.0002234446572313005,0.8860569972071126,0.11371955813565611,0.04342728668090591,0.8207995689973842,0.13577314432171,0.8860569972071126,73.11993534960759,0.8290854958106689,SIDE,0.8207995689973842,94.34495641931073,HIGH,0.9192136631330106,1.0,25
NIFTYIT,2023-06-12,SIDE,0.00022044636488544777,0.99381144801203,0.005968105623084608,0.04571416191449609,0.913844750605177,0.04044108748032696,0.99381144801203,87.07671259077655,0.9907171720180449,SIDE,0.913844750605177,94.33946478694011,HIGH,0.9191352112420017,1.0,26
NIFTYIT,2023-06-13,SIDE,9.218727133191206e-05,0.9994224513771296,0.0004853613515385232,0.04573750271739904,0.9186751576091691,0.03558733967343188,0.9994224513771296,87.80127364137535,0.9991336770656942,SIDE,0.9186751576091691,94.34050667211724,HIGH,0.9191500953159608,1.0,27
NIFTYIT,2023-06-14,SIDE,8.497260094445361e-05,0.999023512825579,0.0008915145734765301,0.045723635635205845,0.9183298505410694,0.03594651382372468,0.999023512825579,87.74947758116039,0.9985352692383683,SIDE,0.9183298505410694,94.34060190218804,HIGH,0.9191514557455436,1.0,28
NIFTYIT,2023-06-15,SIDE,0.0003508014043774748,0.9613640793998233,0.03828511919579918,0.04512228068240432,0.8858414924637146,0.06903622685388115,0.9613640793998233,82.87622386955718,0.9420461190997349,SIDE,0.8858414924637146,94.33977661361953,HIGH,0.9191396659088505,1.0,29
NIFTYIT,2023-06-16,SIDE,0.0031894533152835116,0.7281524295588024,0.26865811712591414,0.04228952745147372,0.6847889007442544,0.27292157180427207,0.7281524295588024,52.71833511163815,0.5922286443382037,SIDE,0.6847889007442544,94.3223054177047,HIGH,0.9188900773957815,1.0,30
NIFTYIT,2023-06-19,SIDE,0.00014357929791430896,0.8588547935222014,0.14100162717988438,0.04278971816846569,0.7973014424877073,0.15990883934382705,0.8588547935222014,69.59521637315609,0.7882821902833019,SIDE,0.7973014424877073,94.34717844800878,HIGH,0.9192454064001253,1.0,31
NIFTYIT,2023-06-20,SIDE,0.00014066062594675745,0.9854295595401088,0.014429779833944362,0.04547646828729585,0.9065978978943121,0.04792563381839202,0.9854295595401088,85.98968468414682,0.9781443393101632,SIDE,0.9065978978943121,94.34072139757936,HIGH,0.9191531628225624,1.0,32
NIFTYIT,2023-06-21,SIDE,9.55006121323099e-05,0.9975711957791216,0.0023333036087461283,0.04570065130385602,0.9170769850294241,0.03722236366671983,0.9975711957791216,87.56154775441361,0.9963567936686824,SIDE,0.9170769850294241,94.34056720974147,HIGH,0.919150960139164,1.0,33
NIFTYIT,2023-06-22,SIDE,0.00010638158052854892,0.9908943266966318,0.008999291722839625,0.045566941325622945,0.9113127807215312,0.04312027795284586,0.9908943266966318,86.69691710822967,0.9863414900449475,SIDE,0.9113127807215312,94.34079663134791,HIGH,0.9191542375906844,1.0,34
NIFTYIT,2023-06-23,SIDE,0.0001580330469144542,0.9319760378979521,0.06786592905513338,0.04435389513200999,0.8604429892545031,0.09520311561348697,0.9319760378979521,79.06644838817547,0.8979640568469284,SIDE,0.8604429892545031,94.34328096399271,HIGH,0.9191897280570388,1.0,35
NIFTYIT,2023-06-26,SIDE,9.117694451442904e-05,0.9898089726542794,0.010099850401206254,0.04553252061253297,0.9103738427475632,0.04409363663990379,0.9898089726542794,86.55607641213447,0.984713458981419,SIDE,0.9103738427475632,94.34100986176246,HIGH,0.9191572837394639,1.0,36
NIFTYIT,2023-06-27,SIDE,9.121259160126528e-05,0.9983706445642447,0.0015381428441540443,0.04571442986678198,0.9177668152655627,0.03651875486765527,0.9983706445642447,87.66502228983441,0.9975559668463669,SIDE,0.9177668152655627,94.34057068310389,HIGH,0.9191510097586271,1.0,37
NIFTYIT,2023-06-28,SIDE,7.501668542580634e-05,0.9996624919324171,0.00026249138215717733,0.0457297691353291,0.9188804675317472,0.03538976333292365,0.9996624919324171,87.83207012976209,0.9994937378986256,SIDE,0.9188804675317472,94.34067235039937,HIGH,0.9191524621485626,1.0,38
NIFTYIT,2023-06-30,SIDE,0.011816157557303714,0.9881742070448367,9.635397859542878e-06,0.05426081327997728,0.9103034261380336,0.03543576058198916,0.9881742070448367,86.54551392070505,0.9822613105672551,SIDE,0.9103034261380336,94.21955883224724,HIGH,0.9174222690321037,1.0,39
NIFTYIT,2023-07-03,SIDE,0.00023544561151417183,0.9997529853822845,1.1569006201384448e-05,0.04585159300544637,0.9189769593927147,0.03517144760183896,0.9997529853822845,87.8465439089072,0.9996294780734266,SIDE,0.9189769593927147,94.33900479277047,HIGH,0.9191286398967209,1.0,40
NIFTYIT,2023-07-04,SIDE,0.0007860239067487813,0.9992096174413183,4.358651932910642e-06,0.04625154125123513,0.9185707429481152,0.03517771580064961,0.9992096174413183,87.78561144221727,0.9988144261619775,SIDE,0.9185707429481152,94.33332564465604,HIGH,0.9190475092093721,1.0,41
NIFTYIT,2023-07-05,SIDE,0.0009140514585877967,0.9990830939158256,2.8546255866065307e-06,0.04634453869811356,0.9184761352169414,0.03517932608494497,0.9990830939158256,87.77142028254119,0.9986246408737383,SIDE,0.9184761352169414,94.33200506488588,HIGH,0.9190286437840841,1.0,42
NIFTYIT,2023-07-06,SIDE,0.0006508266826932631,0.9993475404997946,1.6328175121988641e-06,0.04615342750110148,0.918674374004811,0.035172198494087474,0.9993475404997946,87.80115610072163,0.9990213107496917,SIDE,0.918674374004811,94.33471995711835,HIGH,0.9190674279588336,1.0,43
NIFTYIT,2023-07-07,SIDE,0.00024505330475958585,0.999747167502167,7.779193073370664e-06,0.04585865001359067,0.9189730346817424,0.03516831530466696,0.999747167502167,87.84595520226137,0.9996207512532505,SIDE,0.9189730346817424,94.33890550279425,HIGH,0.9191272214684892,1.0,44
NIFTYIT,2023-07-10,SIDE,9.610057181395322e-05,0.9997008836338785,0.00020301579430761753,0.04574634240628336,0.9189160303508978,0.03533762724281885,0.9997008836338785,87.83740455263465,0.9995513254508178,SIDE,0.9189160303508978,94.3404518385417,HIGH,0.919149311979167,1.0,45
NIFTYIT,2023-07-11,SIDE,0.00010309782777304625,0.9997876031335705,0.00010929903865642925,0.0457534142720134,0.9189917126837265,0.035254873044260095,0.9997876031335705,87.84875690255896,0.9996814047003556,SIDE,0.9189917126837265,94.3403748641539,HIGH,0.9191482123450556,1.0,46
NIFTYIT,2023-07-12,SIDE,0.00011882089580680141,0.9986670896761602,0.001214089428032958,0.04574136140014854,0.9180259524569978,0.036232686142853694,0.9986670896761602,87.70389286854967,0.9980006345142404,SIDE,0.9180259524569978,94.34026931671045,HIGH,0.9191467045244351,1.0,47
NIFTYIT,2023-07-13,SIDE,0.005886355317962666,0.9940204171322579,9.322754977931094e-05,0.04995319082213222,0.9146733064189748,0.03537350275889296,0.9940204171322579,87.2009959628462,0.991030625698387,SIDE,0.9146733064189748,94.2807243249565,HIGH,0.9182960617850928,1.0,48
NIFTYIT,2023-07-14,BULL,0.9999593071712811,4.05975237866513e-05,9.530493227986875e-08,0.7717879570022323,0.17008581476482312,0.05812622823294458,0.9999593071712811,65.76819355033486,0.9999389607569217,BULL,0.7717879570022323,57.02764524978735,MODERATE,0.7718235035683907,0.1,1
NIFTYIT,2023-07-17,BULL,0.9992381350398155,0.0007618276381846399,3.7321999873085495e-08,0.7712642887295814,0.17062610058071867,0.05810961068969987,0.9992381350398155,65.6896433094372,0.9988572025597231,BULL,0.7712642887295814,60.03508356553717,MODERATE,0.7719297652219596,0.2,2
NIFTYIT,2023-07-18,BULL,0.9978219476783995,0.00217799017007066,6.215152982157395e-08,0.7702359426776827,0.17168695629445024,0.05807710102786708,0.9978219476783995,65.5353914016524,0.9967329215175991,BULL,0.7702359426776827,63.04969041655344,MODERATE,0.7721384345221921,0.3,3
NIFTYIT,2023-07-19,BULL,0.9767984216827056,0.023201300562781385,2.7775451309510626e-07,0.7549699856858426,0.18743565973345763,0.057594354580699836,0.9767984216827056,63.24549785287638,0.9651976325240582,BULL,0.7549699856858426,66.2665314287793,MODERATE,0.7752361632682758,0.4,4
NIFTYIT,2023-07-20,BULL,0.5828628100527613,0.41712722355034254,9.966396896073516e-06,0.4689187006276641,0.48252757618025766,0.04855372319207834,0.5828628100527613,22.37913642703865,0.37429421507914196,SIDE,0.48252757618025766,73.32966540933558,MODERATE,0.8332809344190797,0.5,5
NIFTYIT,2023-07-21,BULL,0.9882442270353431,0.000315609316037191,0.011440163648619618,0.7630381773930719,0.16898322204765587,0.06797860055927227,0.9882442270353431,64.45572660896079,0.9823663405530146,BULL,0.7630381773930719,72.14906334741873,MODERATE,0.7735580478202677,0.6,6
NIFTYIT,2023-07-24,SIDE,0.03302213738877094,0.9452918766212807,0.02168598598994848,0.06919876362736012,0.8757004194342869,0.05510081693835297,0.9452918766212807,81.35506291514302,0.9179378149319205,SIDE,0.8757004194342869,76.00194693682351,HIGH,0.9143135276689074,0.4,1
NIFTYIT,2023-07-25,SIDE,0.0006293495503721867,0.9900274232873438,0.009343227162284043,0.045939381024810114,0.9106240344430888,0.043436584532101086,0.9900274232873438,86.5936051664633,0.9850411349310157,SIDE,0.9106240344430888,76.33542025903249,HIGH,0.9190774322718928,0.4,2
NIFTYIT,2023-07-26,SIDE,0.00041518410151460296,0.9943618544306655,0.005222961467819817,0.045871397827084576,0.9143422999362065,0.03978630223670889,0.9943618544306655,87.15134499043099,0.9915427816459981,SIDE,0.9143422999362065,76.33741803091256,HIGH,0.9191059718701795,0.4,3
NIFTYIT,2023-07-27,SIDE,0.0008184241376632445,0.9891217827311549,0.010059793131181856,0.046061452411220144,0.9098636454106576,0.04407490217812232,0.9891217827311549,86.47954681159862,0.9836826740967324,SIDE,0.9098636454106576,76.33350683055164,HIGH,0.9190500975793092,0.4,4
NIFTYIT,2023-07-28,SIDE,0.000507479643642337,0.9784438558188127,0.02104866453754507,0.04560221862261601,0.9006077311793631,0.053790050198020835,0.9784438558188127,85.09115967690445,0.967665783728219,SIDE,0.9006077311793631,79.33727718625013,HIGH,0.9191039598035734,0.5,5
NIFTYIT,2023-07-31,SIDE,0.0008010544783730259,0.9971257083482818,0.002073237173345108,0.04621850461813961,0.9167730153436761,0.03700848003818436,0.9971257083482818,87.5159523015514,0.9956885625224228,SIDE,0.9167730153436761,82.33327665192421,HIGH,0.9190468093132028,0.6,6
NIFTYIT,2023-08-01,SIDE,0.0008165272416722839,0.9990730021177222,0.00011047064060555855,0.0462714366162675,0.9184562653933662,0.035272297990366186,0.9990730021177222,87.76843980900492,0.9986095031765831,SIDE,0.9184562653933662,85.33301646547262,HIGH,0.9190430923638947,0.7,7
NIFTYIT,2023-08-02,SIDE,0.000362514642742519,0.9982666621578996,0.0013708231993579036,0.04591498673345351,0.917708060577479,0.03637695268906748,0.9982666621578996,87.65620908662186,0.9973999932368492,SIDE,0.917708060577479,88.33776384197016,HIGH,0.9191109120281451,0.8,8
NIFTYIT,2023-08-03,SIDE,0.0005488227557053784,0.9494677180262985,0.049983459217996164,0.045017553816625915,0.8755916846635088,0.07939076151986534,0.9494677180262985,81.33875269952632,0.9242015770394477,SIDE,0.8755916846635088,91.33833375239206,HIGH,0.9191190536056008,0.9,9
NIFTYIT,2023-08-04,SIDE,0.001408159338856611,0.9851158638046116,0.013475976856531801,0.04641710795515815,0.9064720095266308,0.04711088251821109,0.9851158638046116,85.97080142899462,0.9776737957069174,SIDE,0.9064720095266308,94.32759926833259,HIGH,0.9189657038333228,1.0,10
NIFTYIT,2023-08-07,SIDE,0.0014471404309992011,0.9963913294683245,0.0021615301006761693,0.046685775618362686,0.9162127866670827,0.037101437714554555,0.9963913294683245,87.4319180000624,0.9945869942024866,SIDE,0.9162127866670827,94.32661731285643,HIGH,0.918951675897949,1.0,11
NIFTYIT,2023-08-08,SIDE,0.0008294226066546576,0.9977665132442021,0.0014040641491433342,0.04625331954624902,0.9173295927053863,0.036417087748364683,0.9977665132442021,87.59943890580793,0.9966497698663029,SIDE,0.9173295927053863,94.33294976022164,HIGH,0.9190421394317377,1.0,12
NIFTYIT,2023-08-09,SIDE,0.00078573793942252,0.9987601802202646,0.0004540818403129048,0.04624177976166329,0.9181826230471317,0.03557559719120492,0.9987601802202646,87.72739345706975,0.9981402703303969,SIDE,0.9181826230471317,94.33335164372872,HIGH,0.9190478806246961,1.0,13
NIFTYIT,2023-08-10,SIDE,0.0009410656736983435,0.9990504951046079,8.439221693825319e-06,0.04636403607120585,0.9184510763789869,0.03518488754980717,0.9990504951046079,87.76766145684802,0.9985757426569116,SIDE,0.9184510763789869,94.33172672090235,HIGH,0.9190246674414623,1.0,14
NIFTYIT,2023-08-11,SIDE,0.00032696961763459823,0.9996691268033331,3.903579032388918e-06,0.045918214782176475,0.9189150171006075,0.035166768117216016,0.9996691268033331,87.83725256509113,0.9995036902049996,SIDE,0.9189150171006075,94.33806040234218,HIGH,0.9191151486048885,1.0,15
NIFTYIT,2023-08-14,SIDE,0.0008460205608694166,0.9991531057178527,8.73721277892435e-07,0.04629518105297655,0.9185288082032341,0.03517601074378923,0.9991531057178527,87.77932123048512,0.998729658576779,SIDE,0.9185288082032341,94.33270664812765,HIGH,0.9190386664018235,1.0,16
NIFTYIT,2023-08-16,SIDE,0.0029439103851159926,0.9970556692291159,4.203857679259763e-07,0.04781854534006182,0.916957653795744,0.035223800864194216,0.9970556692291159,87.5436480693616,0.9955835038436739,SIDE,0.916957653795744,94.31106855476435,HIGH,0.9187295507823477,1.0,17
NIFTYIT,2023-08-17,SIDE,0.0006614148102449694,0.9993371281864387,1.4570033162683656e-06,0.046161119663372455,0.9186665941695483,0.035172286167079216,0.9993371281864387,87.79998912543223,0.9990056922796581,SIDE,0.9186665941695483,94.33461073996699,HIGH,0.9190658677138142,1.0,18
NIFTYIT,2023-08-18,SIDE,0.00035341370350660655,0.9996188560715643,2.7730224929031534e-05,0.04593691063273,0.9188746334160961,0.03518845595117394,0.9996188560715643,87.8311950124144,0.9994282841073463,SIDE,0.9188746334160961,94.33778887374476,HIGH,0.9191112696249253,1.0,19
NIFTYIT,2023-08-21,SIDE,0.0003052673516295843,0.9996887510317006,5.981616669792031e-06,0.04590241182632241,0.9189294800627851,0.03516810811089253,0.9996887510317006,87.83942200941775,0.9995331265475508,SIDE,0.9189294800627851,94.33828435051352,HIGH,0.9191183478644791,1.0,20
NIFTYIT,2023-08-22,SIDE,0.00011477878625538216,0.999868562329277,1.6658884467627703e-05,0.0457638642746035,0.9190629567770191,0.0351731789483774,0.999868562329277,87.85944351655284,0.9998028434939153,SIDE,0.9190629567770191,94.34024963626702,HIGH,0.919146423375243,1.0,21
NIFTYIT,2023-08-23,SIDE,0.00016336448942809383,0.9998309742691888,5.661241383172508e-06,0.045799377765533784,0.9190360572619976,0.03516456497246871,0.9998309742691888,87.85540858929963,0.999746461403783,SIDE,0.9190360572619976,94.33974794960281,HIGH,0.9191392564228974,1.0,22
NIFTYIT,2023-08-24,SIDE,0.00885653196607639,0.9911343485062318,9.11952769177917e-06,0.052111731672868096,0.912520950529676,0.03536731779745589,0.9911343485062318,86.87814257945138,0.9867015227593477,SIDE,0.912520950529676,94.25008499710567,HIGH,0.9178583571015098,1.0,23
NIFTYIT,2023-08-25,SIDE,0.00011766737334891507,0.9998362214787215,4.611114792958971e-05,0.04576533610494642,0.9190353610053541,0.035199302889699545,0.9998362214787215,87.85530415080312,0.9997543322180823,SIDE,0.9190353610053541,94.34022135229074,HIGH,0.9191460193184393,1.0,24
NIFTYIT,2023-08-28,SIDE,6.945926138181505e-05,0.9994168909600492,0.0005136497785690337,0.04572039812250866,0.9186677564009331,0.0356118454765583,0.9994168909600492,87.80016346013997,0.9991253364400737,SIDE,0.9186677564009331,94.34074254337837,HIGH,0.9191534649054054,1.0,25
NIFTYIT,2023-08-29,SIDE,7.749626312358559e-05,0.9995752855277028,0.00034721820917368634,0.04572976972611714,0.9188054487942269,0.03546478147965598,0.9995752855277028,87.82081731913401,0.999362928291554,SIDE,0.9188054487942269,94.34065111800368,HIGH,0.919152158828624,1.0,26
NIFTYIT,2023-08-30,SIDE,0.00011496268101682305,0.9997533868026505,0.00013165051633271901,0.045761554945860164,0.918963524219377,0.03527492083476282,0.9997533868026505,87.84452863290655,0.9996300802039757,SIDE,0.918963524219377,94.34025363317473,HIGH,0.9191464804739249,1.0,27
NIFTYIT,2023-08-31,SIDE,0.003436252333191482,0.9961524089254677,0.00041133874134084513,0.04816732338989748,0.9162340102401824,0.03559866636992016,0.9961524089254677,87.43510153602733,0.9942286133882015,SIDE,0.9162340102401824,94.30601149863831,HIGH,0.9186573071234044,1.0,28
NIFTYIT,2023-09-01,SIDE,0.0003714175691461245,0.9996149254828328,1.3656948020995837e-05,0.04595028286928709,0.9188732987946034,0.03517641833610954,0.9996149254828328,87.8309948191905,0.9994223882242492,SIDE,0.9188732987946034,94.33760245685188,HIGH,0.9191086065264554,1.0,29
NIFTYIT,2023-09-04,SIDE,0.0711513443350741,0.9288331198723094,1.553579261633742e-05,0.09734614076665413,0.865849873437958,0.03680398579538784,0.9288331198723094,79.8774810156937,0.8932496798084641,SIDE,0.865849873437958,93.60756372967904,HIGH,0.908679481852558,1.0,30
NIFTYIT,2023-09-05,SIDE,0.020231963787167306,0.9797638757743377,4.160438495045354e-06,0.060371954801291886,0.9040038067303531,0.03562423846835509,0.9797638757743377,85.60057100955297,0.9696458136615065,SIDE,0.9040038067303531,94.13275618323873,HIGH,0.9161822311891248,1.0,31
NIFTYIT,2023-09-06,SIDE,0.003933617109185747,0.9960644462723239,1.9366184903901317e-06,0.04853717543923494,0.9162149473998351,0.035247877160929905,0.9960644462723239,87.43224210997526,0.9940966694084857,SIDE,0.9162149473998351,94.30086059235111,HIGH,0.9185837227478734,1.0,32
NIFTYIT,2023-09-07,SIDE,0.020526149402807666,0.9794737165620638,1.3403512859451309e-07,0.06058565929033429,0.9037869067415106,0.03562743396815512,0.9794737165620638,85.56803601122658,0.9692105748430956,SIDE,0.9037869067415106,94.12972168550783,HIGH,0.9161388812215405,1.0,33
NIFTYIT,2023-09-08,SIDE,0.007073628605634081,0.9929261561948306,2.1519953534736827e-07,0.0508172893890368,0.9138642263897544,0.03531848422120878,0.9929261561948306,87.07963395846315,0.9893892342922459,SIDE,0.9138642263897544,94.26847377524041,HIGH,0.9181210539320058,1.0,34
NIFTYIT,2023-09-11,SIDE,0.022935547749227885,0.9770643103219228,1.419288493113689e-07,0.06233521152905492,0.9019820005666073,0.03568278790433789,0.9770643103219228,85.2973000849911,0.9655964654828841,SIDE,0.9019820005666073,94.10487065237143,HIGH,0.9157838664624491,1.0,35
NIFTYIT,2023-09-12,SIDE,0.27401641249018377,0.7259834179573371,1.6955247905217035e-07,0.2446542250498572,0.7138953149841917,0.041450459965951154,0.7259834179573371,57.08429724762875,0.5889751269360056,SIDE,0.7138953149841917,91.51517061500101,HIGH,0.8787881516428715,1.0,36
NIFTYIT,2023-09-13,SIDE,0.09691904541098052,0.9030806835074926,2.7108152690362713e-07,0.11605733678520279,0.846560265764665,0.037382397450132165,0.9030806835074926,76.98403986469974,0.8546210252612387,SIDE,0.846560265764665,93.34178954183021,HIGH,0.9048827077404318,1.0,37
NIFTYIT,2023-09-14,SIDE,0.2943537576083547,0.7056461708805158,7.151112955419852e-08,0.2594219184711837,0.6986605335539743,0.04191754797484203,0.7056461708805158,54.79908003309614,0.5584692563207737,SIDE,0.6986605335539743,91.30540702048205,HIGH,0.8757915288640293,1.0,38
NIFTYIT,2023-09-15,BULL,0.97361339442385,0.02638660110977362,4.466376416742492e-09,0.7526572265170247,0.18982182482857501,0.05752094865440031,0.97361339442385,62.8985839775537,0.9604200916357748,BULL,0.7526572265170247,57.29938244555218,MODERATE,0.7757054635078884,0.1,1
NIFTYIT,2023-09-18,BULL,0.6953582700323554,0.30464145192173003,2.780459146358433e-07,0.5506059811501391,0.39826470316534823,0.05112931568451268,0.6953582700323554,32.59089717252087,0.543037405048533,BULL,0.5506059811501391,63.169363440293246,MODERATE,0.8167051920041892,0.2,2
NIFTYIT,2023-09-20,SIDE,0.09351230531140728,0.9064866447370397,1.0499515530493418e-06,0.11358356144854509,0.8491116091681853,0.03730482938326963,0.9064866447370397,77.36674137522778,0.8597299671055595,SIDE,0.8491116091681853,87.37692740468592,HIGH,0.905384677209799,0.8,1
NIFTYIT,2023-09-21,SIDE,0.006809863283831514,0.9931896160996914,5.206164771817126e-07,0.05062575323774575,0.9140615513523263,0.035312695409928006,0.9931896160996914,87.10923270284894,0.989784424149537,SIDE,0.9140615513523263,88.2711943210498,HIGH,0.9181599188721401,0.8,2
NIFTYIT,2023-09-22,SIDE,0.0018719024655475289,0.9981270295151135,1.0680193390155214e-06,0.04704010735898996,0.9177601441785368,0.03519974846247318,0.9981270295151135,87.66402162678052,0.9971905442726702,SIDE,0.9177601441785368,88.32212549965688,HIGH,0.9188875071379555,0.8,3
NIFTYIT,2023-09-25,SIDE,0.00016475753945303644,0.9997983969598835,3.684550066353814e-05,0.04579972683741648,0.9190080862377221,0.03519218692486132,0.9997983969598835,87.85121293565832,0.9996975954398251,SIDE,0.9190080862377221,88.33973517967515,HIGH,0.9191390739953592,0.8,4
NIFTYIT,2023-09-26,SIDE,9.589011695348668e-05,0.999611661895823,0.0002924479872235947,0.045744289705939245,0.9188389636739647,0.03541674662009605,0.999611661895823,87.8258445510947,0.9994174928437343,SIDE,0.9188389636739647,88.34045859286178,HIGH,0.919149408469454,0.8,5
NIFTYIT,2023-09-27,SIDE,0.00011768535858626369,0.9997839509612604,9.836368015332058e-05,0.045764239121325365,0.9189902276860523,0.035245533192622414,0.9997839509612604,87.84853415290783,0.9996759264418904,SIDE,0.9189902276860523,88.3402238448728,HIGH,0.9191460549267544,0.8,6
NIFTYIT,2023-09-28,SIDE,0.0008581833860907822,0.6352443350110248,0.36389748160288443,0.038573459086770095,0.6042964744228806,0.35713006649034934,0.6352443350110248,40.64447116343209,0.45286650251653726,SIDE,0.6042964744228806,88.35123189713046,HIGH,0.9193033128161494,0.8,7
NIFTYIT,2023-09-29,BEAR,0.0001586110998064919,0.28451495346485495,0.7153264354353386,0.030599780773730847,0.30136307497827847,0.6680371442479907,0.7153264354353386,50.205571637198595,0.5729896531530079,BEAR,0.6680371442479907,67.37645912802232,MODERATE,0.9196637018288902,0.1,1
NIFTYIT,2023-10-03,BEAR,2.9546262615940426e-05,0.026991785394096607,0.9729786683432874,0.025032544548401488,0.07897811627092044,0.8959893391806781,0.9729786683432874,84.39840087710172,0.9594680025149309,BEAR,0.8959893391806781,70.39099571286134,MODERATE,0.9198713673265907,0.2,2
NIFTYIT,2023-10-04,BEAR,1.1989328316225875e-05,0.0019807053409664757,0.9980073053307172,0.0244880919697789,0.05737914332945884,0.9181327647007623,0.9980073053307172,87.71991470511433,0.9970109579960759,BEAR,0.9181327647007623,73.39245958498799,MODERATE,0.9198922797855428,0.3,3
NIFTYIT,2023-10-05,BEAR,0.00013371186750550342,0.03449793275992409,0.9653683553725704,0.02526985512493354,0.08547155890609916,0.8892585859689672,0.9653683553725704,83.38878789534509,0.9480525330588554,BEAR,0.8892585859689672,76.38953127783336,HIGH,0.9198504468261909,0.4,4
NIFTYIT,2023-10-06,BEAR,0.00024432531800343325,0.2313066550635218,0.7684490196184748,0.029533494420136683,0.2554277330768197,0.7150387725030436,0.7684490196184748,57.25581587545654,0.6526735294277122,BEAR,0.7150387725030436,79.37829773191719,HIGH,0.9196899675988169,0.5,5
NIFTYIT,2023-10-09,BEAR,9.840263772091889e-05,0.13108952875780963,0.8688120686044696,0.027295440123277986,0.16887396536996815,0.8038305945067539,0.8688120686044696,70.57458917601308,0.803218102906704,BEAR,0.8038305945067539,82.38494669010304,HIGH,0.9197849527157576,0.6,6
NIFTYIT,2023-10-10,SIDE,0.0003424533765274835,0.6637038662492534,0.3359536803742192,0.03879260170158989,0.6288121691508023,0.3323952291476079,0.6637038662492534,44.321825372620346,0.49555579937388006,SIDE,0.6288121691508023,76.3551190468284,HIGH,0.9193588435261203,0.4,1
NIFTYIT,2023-10-11,SIDE,0.00024800715198270107,0.9380266084485404,0.061725384399476856,0.044549677247893354,0.8656779239663642,0.08977239878574243,0.9380266084485404,79.85168859495462,0.9070399126728107,SIDE,0.8656779239663642,76.34203823268903,HIGH,0.9191719747527005,0.4,2
NIFTYIT,2023-10-12,BEAR,0.0004261784095560701,0.2967925978010742,0.7027812237893698,0.031060579410799823,0.3119953767898631,0.656944043799337,0.7027812237893698,48.54160656990055,0.5541718356840547,BEAR,0.656944043799337,85.37305640688147,HIGH,0.9196150915268783,0.7,1
NIFTYIT,2023-10-13,BEAR,7.95943509541092e-05,0.009048778876260405,0.9908716267727855,0.024688771520386038,0.06349012892491428,0.9118210995546996,0.9908716267727855,86.77316493320494,0.9863074401591783,BEAR,0.9118210995546996,88.39139656969223,HIGH,0.9198770938527462,0.8,2
NIFTYIT,2023-10-16,BEAR,1.698124588387294e-05,0.007534766317115321,0.9924482524370009,0.02460981230003214,0.06217562312808934,0.9132145645718784,0.9924482524370009,86.98218468578179,0.9886723786555013,BEAR,0.9132145645718784,88.39212318061351,HIGH,0.9198874740087646,0.8,3
NIFTYIT,2023-10-17,BEAR,3.543236299501202e-05,0.02441184097409851,0.9755527266629065,0.024982135831304927,0.07675101818661542,0.8982668459820797,0.9755527266629065,84.74002689731196,0.9633290899943597,BEAR,0.8982668459820797,88.39106692994953,HIGH,0.9198723847135648,0.8,4
NIFTYIT,2023-10-18,BEAR,8.269140700775497e-06,0.0034152189624583247,0.9965765118968408,0.02451578612265497,0.058617414390091674,0.9168667994872534,0.9965765118968408,87.53001992308799,0.9948647678452612,BEAR,0.9168667994872534,88.39242462368706,HIGH,0.9198917803383866,0.8,5
NIFTYIT,2023-10-19,BEAR,5.7183129991869155e-05,0.007634816161054462,0.9923080007089536,0.02464198384324774,0.06226661436838581,0.9130914017883665,0.9923080007089536,86.96371026825497,0.9884620010634303,BEAR,0.9130914017883665,88.39170134176922,HIGH,0.9198814477395605,0.8,6
NIFTYIT,2023-10-20,BEAR,2.7409535540764927e-05,0.016587449771384145,0.983385140693075,0.02480991977280179,0.06999377088610288,0.9051963093410952,0.983385140693075,85.7794464011643,0.9750777110396124,BEAR,0.9051963093410952,88.39155111174777,HIGH,0.9198793015963969,0.8,7
NIFTYIT,2023-10-23,BEAR,6.768740496723814e-07,1.8907487587721443e-05,0.9999804156383626,0.02443796118316384,0.05568384495232652,0.9198781938645098,0.9999804156383626,87.98172907967647,0.9999706234575437,BEAR,0.9198781938645098,88.3926773912974,HIGH,0.9198953913042485,0.8,8
NIFTYIT,2023-10-25,BEAR,2.2011531613641835e-07,1.6463144897426744e-06,0.9999981335701942,0.024437253117369297,0.05566888775272609,0.9198938591299045,0.9999981335701942,87.9840788694857,0.9999972003552913,BEAR,0.9198938591299045,91.39268301049414,HIGH,0.9198954715784877,0.9,9
NIFTYIT,2023-10-26,BEAR,7.183606930617652e-08,1.3990258084128577e-08,0.9999999141736727,0.024437107619557214,0.05566746128611092,0.9198954310943319,0.9999999141736727,87.98431466414979,0.9999998712605089,BEAR,0.9198954310943319,94.39268463113784,HIGH,0.9198954947305407,1.0,10
NIFTYIT,2023-10-27,BEAR,6.845367976495748e-07,4.950533757884325e-06,0.9999943649294445,0.02443767041114455,0.05567179405669032,0.919890535532165,0.9999943649294445,87.98358032982478,0.9999915473941667,BEAR,0.919890535532165,94.39267802720165,HIGH,0.9198954003885953,1.0,11
NIFTYIT,2023-10-30,BEAR,6.579955655717031e-07,1.5490399937247395e-05,0.9999838516044972,0.024437874481760703,0.05568089215173913,0.9198812333665002,0.9999838516044972,87.98218500497501,0.9999757774067458,BEAR,0.9198812333665002,94.39267776211666,HIGH,0.9198953966016665,1.0,12
NIFTYIT,2023-10-31,BEAR,3.461586631422077e-07,2.6247092250793013e-06,0.9999970291321117,0.02443736810454432,0.05566974701039433,0.9198928848850615,0.9999970291321117,87.9839327327592,0.9999955436981675,BEAR,0.9198928848850615,94.39268165385151,HIGH,0.9198954521978787,1.0,13
NIFTYIT,2023-11-01,BEAR,1.4306265925410096e-07,3.5158457394603336e-07,0.9999995053527668,0.024437168024711044,0.05566776094487782,0.9198950710304112,0.9999995053527668,87.98426065456168,0.9999992580291502,BEAR,0.9198950710304112,94.39268387553881,HIGH,0.9198954839362686,1.0,14
NIFTYIT,2023-11-02,BEAR,1.1492404678106714e-06,3.6687918182675856e-05,0.9999621628413495,0.024438691944849298,0.05569925231396888,0.9198620557411818,0.9999621628413495,87.97930836117727,0.9999432442620243,BEAR,0.9198620557411818,94.39267158370642,HIGH,0.9198953083386632,1.0,15
NIFTYIT,2023-11-03,BEAR,4.8530343481132555e-06,0.000839736173954527,0.9991554107916973,0.024458519900162484,0.05639310484564045,0.9191483752541971,0.9991554107916973,87.87225628812956,0.998733116187546,BEAR,0.9191483752541971,94.3925920337547,HIGH,0.9198941719107816,1.0,16
NIFTYIT,2023-11-06,BEAR,2.2544475845311484e-05,0.010842972565540237,0.9891344829586145,0.024684249085637166,0.06503288196821036,0.9102828689461524,0.9891344829586145,86.54243034192287,0.9837017244379216,BEAR,0.9102828689461524,94.39189596053595,HIGH,0.9198842280076563,1.0,17
NIFTYIT,2023-11-07,BEAR,2.0495138868675835e-05,0.01434262063235515,0.9856368842287762,0.02475706334293487,0.06805457924412385,0.9071883574129412,0.9856368842287762,86.07825361194116,0.9784553263431642,BEAR,0.9071883574129412,94.39173783629715,HIGH,0.9198819690899592,1.0,18
NIFTYIT,2023-11-08,BEAR,1.9207456970514557e-05,0.01552670988136374,0.9844540826616657,0.02478125553288127,0.06907688813967167,0.906141856327447,0.9844540826616657,85.92127844911705,0.9766811239924985,BEAR,0.906141856327447,94.39169049589158,HIGH,0.9198812927984513,1.0,19
NIFTYIT,2023-11-09,BEAR,8.648336127862076e-06,0.0024723576266396743,0.9975189940372324,0.024496039549913435,0.057803300884368795,0.9177006595657178,0.9975189940372324,87.65509893485766,0.9962784910558486,BEAR,0.9177006595657178,94.39246901738068,HIGH,0.9198924145340098,1.0,20
NIFTYIT,2023-11-10,BEAR,6.309238435101354e-06,0.002398628348311747,0.9975950624132531,0.024492725062540424,0.05773936839147985,0.9177679065459796,0.9975950624132531,87.66518598189694,0.9963925936198795,BEAR,0.9177679065459796,94.3924970420316,HIGH,0.9198928148861655,1.0,21
NIFTYIT,2023-11-13,BEAR,3.380974539073733e-05,0.02336316167743926,0.9766030285771701,0.02495864516497579,0.07584530232409209,0.8991960525109322,0.9766030285771701,84.87940787663982,0.9649045428657551,BEAR,0.8991960525109322,94.39113749681644,HIGH,0.9198733928116635,1.0,22
NIFTYIT,2023-11-15,SIDE,0.04050139177190202,0.8372474361011227,0.1222511721269753,0.0724933355755705,0.7832600266794557,0.14424663774497384,0.8372474361011227,67.48900400191835,0.7558711541516839,SIDE,0.7832600266794557,66.92995859965592,MODERATE,0.9132851228522274,0.1,1
NIFTYIT,2023-11-16,SIDE,0.45721965026311434,0.542750307018845,3.0042718040758743e-05,0.3776841729336803,0.5766305251466122,0.04568530191970756,0.542750307018845,36.494578771991826,0.31412546052826745,SIDE,0.5766305251466122,65.62557600957174,MODERATE,0.8517939429938821,0.2,2
NIFTYIT,2023-11-17,SIDE,0.031758429962054704,0.9682374186314636,4.151406481659157e-06,0.0687417443489526,0.8953692475479829,0.035889008103064654,0.9682374186314636,84.30538713219742,0.9523561279471953,SIDE,0.8953692475479829,73.01386982347094,MODERATE,0.9144838546210134,0.3,3
NIFTYIT,2023-11-20,SIDE,0.009239977220040194,0.9907585672093193,1.4555706405949323e-06,0.05239032813081216,0.9122403264523851,0.03536934541680277,0.9907585672093193,86.83604896785776,0.986137850813979,SIDE,0.9122403264523851,76.24612967054445,HIGH,0.9178018524363493,0.4,4
NIFTYIT,2023-11-21,SIDE,0.0032338093011044164,0.9967649775399072,1.2131589884204008e-06,0.04802903472172855,0.9167398036683777,0.03523116160989373,0.9967649775399072,87.51097055025664,0.9951474663098608,SIDE,0.9167398036683777,79.30807851793737,HIGH,0.918686835970534,0.5,5
NIFTYIT,2023-11-22,SIDE,0.01741334912252162,0.9825864017059315,2.491715469214122e-07,0.05832533852503308,0.9061186306326904,0.03555603084227654,0.9825864017059315,85.91779459490354,0.973879602558897,SIDE,0.9061186306326904,82.16182775817306,HIGH,0.9165975394024726,0.6,6
NIFTYIT,2023-11-23,SIDE,0.002739325578725275,0.9972595229434851,1.1514777896861919e-06,0.04766997328609473,0.9171102785974472,0.03521974811645813,0.9972595229434851,87.56654178961708,0.9958892844152276,SIDE,0.9171102785974472,85.31317872229823,HIGH,0.918759696032832,0.7,7
NIFTYIT,2023-11-24,SIDE,0.0003027389714602048,0.9996869639991431,1.0297029396627983e-05,0.045900484201006654,0.9189276477512481,0.03517186804774522,0.9996869639991431,87.8391471626872,0.9995304459987149,SIDE,0.9189276477512481,88.33831064992698,HIGH,0.9191187235703856,0.8,8
NIFTYIT,2023-11-28,SIDE,0.0002792845284778748,0.9997126082185577,8.107252964446708e-06,0.04588349958993082,0.9189471085229343,0.03516939188713497,0.9997126082185577,87.84206627844013,0.9995689123278365,SIDE,0.9189471085229343,91.33855245167734,HIGH,0.919122177881105,0.9,9
NIFTYIT,2023-11-29,SIDE,0.004885383521625504,0.9951104968626976,4.119615676952471e-06,0.049228241523585695,0.9155000866430922,0.035271671833322076,0.9951104968626976,87.32501299646384,0.9926657452940464,SIDE,0.9155000866430922,94.29104398834325,HIGH,0.9184434855477607,1.0,10
NIFTYIT,2023-11-30,SIDE,0.2911597922830044,0.7088275787119591,1.2629005036365195e-05,0.2571023964700253,0.7010423148979374,0.04185528863203729,0.7088275787119591,55.156347234690614,0.5632413680679387,SIDE,0.7010423148979374,91.3383508839367,HIGH,0.87626215548481,1.0,11
NIFTYIT,2023-12-01,SIDE,0.0069037439916615415,0.9930953194885475,9.365197910666047e-07,0.050693914623598006,0.9139908654407319,0.03531521993567016,0.9930953194885475,87.09862981610974,0.9896429792328212,SIDE,0.9139908654407319,94.27022603730238,HIGH,0.9181460862471769,1.0,12
NIFTYIT,2023-12-04,SIDE,0.0017437060701139206,0.9982558518630944,4.4206679168515896e-07,0.046947032557479056,0.917856717619787,0.03519624982273392,0.9982558518630944,87.67850764296804,0.9973837777946416,SIDE,0.917856717619787,94.32344771174759,HIGH,0.9189063958821085,1.0,13
NIFTYIT,2023-12-05,SIDE,0.000659227749507457,0.999338848157701,1.9240927915925103e-06,0.04615952163568461,0.918667829184207,0.03517264918010842,0.999338848157701,87.80017437763105,0.9990082722365515,SIDE,0.918667829184207,94.33463332170398,HIGH,0.9190661903100569,1.0,14
NIFTYIT,2023-12-06,SIDE,0.010658709382931661,0.9893387000106793,2.590606389149804e-06,0.05342049741632122,0.9111765628688477,0.035402939714831036,0.9893387000106793,86.67648443032716,0.9840080500160189,SIDE,0.9111765628688477,94.23149663136499,HIGH,0.9175928090195,1.0,15
NIFTYIT,2023-12-07,SIDE,0.0004082872806926295,0.9995850739359429,6.638783364501504e-06,0.04597720441016694,0.9188517395583414,0.035171056031491635,0.9995850739359429,87.8277609337512,0.9993776109039143,SIDE,0.9188517395583414,94.33722181531093,HIGH,0.9191031687901562,1.0,16
NIFTYIT,2023-12-08,SIDE,0.009228089751822209,0.9907692667283872,2.6435197906476932e-06,0.05238167096807049,0.9122482056596529,0.03537012337227663,0.9907692667283872,86.83723084894793,0.9861539000925807,SIDE,0.9122482056596529,94.24625234123923,HIGH,0.9178036048748461,1.0,17
NIFTYIT,2023-12-11,SIDE,0.002185835703170209,0.9978129388118853,1.2254849446260177e-06,0.047268062438440686,0.9175248383362417,0.035207099225317576,0.9978129388118853,87.62872575043623,0.9967194082178279,SIDE,0.9175248383362417,94.31888753529773,HIGH,0.9188412505042536,1.0,18
NIFTYIT,2023-12-12,SIDE,0.0014799126273165447,0.9985188710958339,1.2162768495831427e-06,0.04675546602754716,0.918053658847093,0.03519087512535975,0.9985188710958339,87.70804882706393,0.9977783066437509,SIDE,0.918053658847093,94.32616857162964,HIGH,0.9189452653089949,1.0,19
NIFTYIT,2023-12-13,SIDE,0.0003435507435471549,0.999588816904848,6.763235160478739e-05,0.04592890110260385,0.9188475665153318,0.03522353238206433,0.999588816904848,87.82713497729976,0.9993832253572719,SIDE,0.9188475665153318,94.33789264744985,HIGH,0.9191127521064264,1.0,20
NIFTYIT,2023-12-14,BULL,0.9854392489283578,0.014559099951768361,1.6511198738062163e-06,0.7612443777256773,0.18096156180281966,0.05779406047150308,0.9854392489283578,64.18665665885159,0.9781588733925368,BULL,0.7612443777256773,57.17740821740664,MODERATE,0.7739629745343805,0.1,1
NIFTYIT,2023-12-15,BULL,0.999999999999797,7.883137677457748e-14,1.24029458152936e-13,0.771817507580417,0.17005541374042676,0.05812707867915629,0.999999999999797,65.77262613706255,0.9999999999996956,BULL,0.771817507580417,60.02722553064179,MODERATE,0.7718175075805971,0.2,2
NIFTYIT,2023-12-18,BULL,0.9999842672080568,1.5731845511745316e-05,9.464313701810077e-10,0.7718060834038685,0.17006719848202717,0.05812671811410447,0.9999842672080568,65.77091251058027,0.9999764008120852,BULL,0.7718060834038685,63.02738780196263,MODERATE,0.7718198257423233,0.3,3
NIFTYIT,2023-12-19,BULL,0.9974696272925548,0.0025302677689891346,1.0493845598499835e-07,0.7699801090294858,0.17195084533586924,0.058069045634644975,0.9974696272925548,65.49701635442287,0.9962044409388321,BULL,0.7699801090294858,66.05332432417295,MODERATE,0.772190347488185,0.4,4
NIFTYIT,2023-12-20,BULL,0.9134970802689076,0.08648513443508689,1.7785296005344835e-05,0.7090041907459256,0.23484007758555756,0.056155731668516895,0.9134970802689076,56.35062861188883,0.8702456204033616,BULL,0.7090041907459256,69.91943547139088,MODERATE,0.7845633638770126,0.5,5
NIFTYIT,2023-12-21,BULL,0.6495663499957869,0.35042687879525025,6.771208962779253e-06,0.5173546525084036,0.4325621858414797,0.050083161650116705,0.6495663499957869,27.603197876260545,0.4743495249936805,BULL,0.5173546525084036,75.64167112003206,HIGH,0.8234524445718867,0.6,6
NIFTYIT,2023-12-22,BULL,0.999267248149005,0.0007326439769794777,1.0787401554499572e-07,0.7712854273259135,0.17060423079897644,0.058110341875110036,0.999267248149005,65.69281409888703,0.9989008722235075,BULL,0.7712854273259135,75.03478329051553,HIGH,0.7719254755787933,0.7,7
NIFTYIT,2023-12-26,BULL,0.990722211420587,0.009277284216990561,5.043624223361768e-07,0.7650805546914256,0.17700504303404768,0.057914402274526815,0.990722211420587,64.76208320371383,0.9860833171308807,BULL,0.7650805546914256,78.12291858936472,HIGH,0.7731845512766389,0.8,8
NIFTYIT,2023-12-27,BULL,0.983801596596284,0.01619786309907691,5.403046391056939e-07,0.76005524197076,0.182189299302351,0.05775545872688892,0.983801596596284,64.008286295614,0.9757023948944258,BULL,0.76005524197076,81.19429924579161,HIGH,0.7742042749398802,0.9,9
NIFTYIT,2023-12-28,BULL,0.9357203632689111,0.06427832072913243,1.316001956525151e-06,0.7251416805415581,0.2182066616803187,0.056651657778123136,0.9357203632689111,58.77125208123372,0.9035805449033666,BULL,0.7251416805415581,84.69021908390182,HIGH,0.7812888440557404,1.0,10
NIFTYIT,2023-12-29,BULL,0.6354466786206865,0.3645424489021197,1.087247719389804e-05,0.5071017547293929,0.44313580192145136,0.04976244334915572,0.6354466786206865,26.065263209408933,0.45317001793102973,BULL,0.5071017547293929,87.78730454503629,HIGH,0.8255329220719472,1.0,11
NIFTYIT,2024-01-01,SIDE,0.47228066205118324,0.5277141575542129,5.180394603896966e-06,0.38862105351618104,0.5653696706033327,0.04600927588048629,0.5277141575542129,34.805450590499895,0.29157123633131937,SIDE,0.5653696706033327,62.47023234053179,MODERATE,0.8495747477218826,0.1,1
NIFTYIT,2024-01-02,SIDE,0.06484851550753826,0.9351108614227485,4.0623069713285e-05,0.09276889290448045,0.8705497096051191,0.03668139749040048,0.9351108614227485,80.58245644076787,0.9026662921341225,SIDE,0.8705497096051191,69.67257369733895,MODERATE,0.9096081956762707,0.2,2
NIFTYIT,2024-01-03,SIDE,0.01455983650858391,0.9769732425952603,0.008466920896155862,0.056073434033549,0.9009452833304445,0.04298128263600639,0.9769732425952603,85.14179249956668,0.9654598638928903,SIDE,0.9009452833304445,73.19169341838726,MODERATE,0.9170241916912467,0.3,3
NIFTYIT,2024-01-04,SIDE,0.0015552786130031578,0.9947342265799751,0.0037104948070216253,0.046731392787334555,0.9147942548537571,0.03847435235890838,0.9947342265799751,87.21913822806357,0.9921013398699625,SIDE,0.9147942548537571,76.3255813419396,HIGH,0.9189368763134228,0.4,4
NIFTYIT,2024-01-05,SIDE,0.0036960734942605494,0.9827069027927733,0.01359702371296628,0.04807587474239931,0.9046535914742015,0.047270533783399155,0.9827069027927733,85.69803872113023,0.9740603541891599,SIDE,0.9046535914742015,79.30400745188092,HIGH,0.9186286778840131,0.5,5
NIFTYIT,2024-01-08,SIDE,0.0018951557635893672,0.9027368682462317,0.09536797599017906,0.04503103505538027,0.8353937926024992,0.11957517234212053,0.9027368682462317,75.30906889037489,0.854105302369347,SIDE,0.8353937926024992,82.32677347583956,HIGH,0.9189539067977082,0.6,6
NIFTYIT,2024-01-09,SIDE,0.0014262450446944073,0.9509338618822819,0.04763989307302375,0.04570446858064964,0.8769580604029876,0.0773374710163627,0.9509338618822819,81.54370906044815,0.9264007928234227,SIDE,0.8769580604029876,85.32916372299512,HIGH,0.9189880531856446,0.7,7
NIFTYIT,2024-01-10,SIDE,0.0011976989708995206,0.9950921770516888,0.0037101239774116838,0.04647174898729286,0.9150624408018141,0.03846581021089298,0.9950921770516888,87.25936612027209,0.9926382655775331,SIDE,0.9150624408018141,88.32926947341839,HIGH,0.9189895639059771,0.8,8
NIFTYIT,2024-01-11,SIDE,0.0009416855348162812,0.9929740942887478,0.006084220176435864,0.04623541338140361,0.913204200199559,0.04056038641903747,0.9929740942887478,86.98063002993382,0.9894611414331216,SIDE,0.913204200199559,91.33203172795915,HIGH,0.9190290246851307,0.9,9
NIFTYIT,2024-01-12,BULL,0.9999548035325011,9.440068229424282e-06,3.575639926950706e-05,0.7717839291672759,0.17005839526813446,0.05815767556458965,0.9999548035325011,65.76758937509139,0.9999322052987515,BULL,0.7717839291672759,57.02769352897937,MODERATE,0.7718241932711339,0.1,1
NIFTYIT,2024-01-15,BULL,0.9999999928195795,6.834178799468049e-09,3.462417218923781e-10,0.7718175023592451,0.1700554188203134,0.0581270788204416,0.9999999928195795,65.77262535388677,0.9999999892293693,BULL,0.7718175023592451,60.027225604717756,MODERATE,0.7718175086388251,0.2,2
NIFTYIT,2024-01-16,BULL,0.8459436297315027,0.1538839029459192,0.00017246732257804174,0.6599478694875164,0.2853113344116503,0.05474079610083341,0.8459436297315027,48.99218042312746,0.7689154445972539,BULL,0.6599478694875164,64.61620367870053,MODERATE,0.7945171954100078,0.3,3
NIFTYIT,2024-01-17,BULL,0.8681001598999057,0.1318680711794416,3.1768920652634307e-05,0.6760395267074072,0.26883519490367325,0.055125278388919514,0.8681001598999057,51.40592900611107,0.8021502398498584,BULL,0.6760395267074072,67.38766942665904,MODERATE,0.7912524203808435,0.4,4
NIFTYIT,2024-01-18,SIDE,0.4658798911457878,0.5340119524378414,0.00010815641637076375,0.38397103166878604,0.5700756193453972,0.045953348985816864,0.5340119524378414,35.51134290180958,0.3010179286567621,SIDE,0.5700756193453972,77.53625649507867,HIGH,0.8505179499296953,0.6,1
NIFTYIT,2024-01-19,SIDE,0.39012038174173985,0.6098499906700975,2.9627588162558624e-05,0.3289609447318271,0.6268954763880548,0.044143578880118176,0.6098499906700975,44.03432145820821,0.41477498600514623,SIDE,0.6268954763880548,78.31765174035066,HIGH,0.8616807391478665,0.6,2
NIFTYIT,2024-01-23,SIDE,0.04845008184158487,0.9514098729766655,0.00014004518174975497,0.08085927736599256,0.8827480553851637,0.036392667248843845,0.9514098729766655,82.41220830777455,0.927114809464998,SIDE,0.8827480553851637,81.84171563400642,HIGH,0.9120245090572345,0.6,3
NIFTYIT,2024-01-24,SIDE,0.14243509034774807,0.8575613233469719,3.5863052801249843e-06,0.14910813404283113,0.8124609738062437,0.038430892150925225,0.8575613233469719,71.86914607093655,0.7863419850204578,SIDE,0.8124609738062437,80.87232779771236,HIGH,0.898176111395891,0.6,4
NIFTYIT,2024-01-25,SIDE,0.019948276126804703,0.9799867641802196,6.495969297573441e-05,0.06016466718996471,0.9041638194946949,0.035671513315340325,0.9799867641802196,85.62457292420422,0.9699801462703294,SIDE,0.9041638194946949,82.13568531264906,HIGH,0.9162240758949866,0.6,5
NIFTYIT,2024-01-29,SIDE,0.0025446163486590356,0.997436555730706,1.882792063491303e-05,0.04752821226590998,0.9172408732861524,0.035230914447937585,0.997436555730706,87.58613099292285,0.9961548335960592,SIDE,0.9172408732861524,82.31518789958838,HIGH,0.9187883985655483,0.6,6
NIFTYIT,2024-01-30,SIDE,0.0013521722603670023,0.9986267648948395,2.1062844793564648e-05,0.04666228745049575,0.918132212736653,0.03520549981285128,0.9986267648948395,87.71983191049793,0.9979401473422592,SIDE,0.918132212736653,85.32748712942092,HIGH,0.9189641018488703,0.7,7
NIFTYIT,2024-01-31,SIDE,0.0028325801955387682,0.9971533433180112,1.4076486450092556e-05,0.04773741430314778,0.9170292601346266,0.03523332556222561,0.9971533433180112,87.554389020194,0.9957300149770166,SIDE,0.9170292601346266,88.31221753730917,HIGH,0.9187459648187024,0.8,8
NIFTYIT,2024-02-01,SIDE,0.0011165536524414467,0.9988615158286722,2.193051888630018e-05,0.04649117771480188,0.9183079672664954,0.035200855018702785,0.9988615158286722,87.7461950899743,0.9982922737430083,SIDE,0.9183079672664954,91.3299173930113,HIGH,0.9189988199001614,0.9,9
NIFTYIT,2024-02-02,SIDE,0.04108727726097235,0.9589029685593214,9.754179706193367e-06,0.0755156431059494,0.8883760962771973,0.036108260616853384,0.9589029685593214,83.25641444157958,0.938354452838982,SIDE,0.8883760962771973,93.91765044754597,HIGH,0.9131092921077995,1.0,10
NIFTYIT,2024-02-05,SIDE,0.002531468833694064,0.9974239314126422,4.459975366364028e-05,0.04751811788147346,0.9172284683219032,0.035253413796623376,0.9974239314126422,87.58427024828548,0.9961358971189634,SIDE,0.9172284683219032,94.31532482665774,HIGH,0.9187903546665391,1.0,11
NIFTYIT,2024-02-06,BULL,0.7871105646692758,0.2127354940175315,0.00015394131319268405,0.6172274191897459,0.3293996459292686,0.05337293488098554,0.7871105646692758,42.58411287846188,0.6806658470039136,BULL,0.6172274191897459,59.22301914680591,MODERATE,0.8031859878115131,0.1,1
NIFTYIT,2024-02-07,SIDE,0.2521320443027735,0.7476522078700876,0.00021574782713897026,0.22875860388038277,0.7301029173377334,0.04113847878188379,0.7476522078700876,59.51543760066001,0.6214783118051314,SIDE,0.7301029173377334,88.74090156980347,HIGH,0.882012879568621,0.9,1
NIFTYIT,2024-02-08,SIDE,0.03302414946598044,0.9669184209825225,5.7429551497175254e-05,0.06965969781844679,0.8943750815974016,0.03596522058415151,0.9669184209825225,84.15626223961024,0.9503776314737835,SIDE,0.8943750815974016,91.00081766102292,HIGH,0.9142973951574703,0.9,2
NIFTYIT,2024-02-09,SIDE,0.0037001747855711364,0.9962507695936987,4.905562073009519e-05,0.048366663428441474,0.9163491338264779,0.035284202745080664,0.9962507695936987,87.45237007397166,0.9943761543905479,SIDE,0.9163491338264779,91.30327077980182,HIGH,0.918618153997169,0.9,3
NIFTYIT,2024-02-12,SIDE,0.00912522254763035,0.9908061472050783,6.863024729136513e-05,0.05230557351249365,0.9122682850284651,0.03542614145904123,0.9908061472050783,86.84024275426977,0.9862092208076173,SIDE,0.9122682850284651,91.24731671688818,HIGH,0.9178188102412597,0.9,4
NIFTYIT,2024-02-13,SIDE,0.002741102272746554,0.997257188101969,1.7096252844602376e-06,0.04767125155152725,0.9171084657038394,0.035220282744633395,0.997257188101969,87.5662698555759,0.9958857821529534,SIDE,0.9171084657038394,91.31316042571474,HIGH,0.9187594346530679,0.9,5
NIFTYIT,2024-02-14,SIDE,0.000466453037208794,0.9994955436805455,3.800328224563193e-05,0.04601877439509449,0.9187810840144304,0.035200141590475124,0.9994955436805455,87.81716260216456,0.9992433155208182,SIDE,0.9187810840144304,91.33662348916845,HIGH,0.919094621273835,0.9,6
NIFTYIT,2024-02-15,SIDE,0.0007995256203214413,0.9991983540198265,2.1203598520840876e-06,0.046261392889961485,0.91856256146368,0.03517604564635854,0.9991983540198265,87.78438421955198,0.9987975310297396,SIDE,0.91856256146368,91.3331862704674,HIGH,0.9190455181495342,0.9,7
NIFTYIT,2024-02-16,SIDE,0.008546349252832888,0.991451776973693,1.873773474110125e-06,0.05188665056889117,0.912759567532523,0.035353781898585804,0.991451776973693,86.91393512987842,0.9871776654605395,SIDE,0.912759567532523,91.25328391448541,HIGH,0.91790405592122,0.9,8
NIFTYIT,2024-02-19,SIDE,0.0015424889742942658,0.9984564623927938,1.048632911792713e-06,0.046800908566937735,0.9180069271704675,0.035192164262594784,0.9984564623927938,87.70103907557011,0.9976846935891908,SIDE,0.9180069271704675,91.32552313763489,HIGH,0.9189360448233556,0.9,9
NIFTYIT,2024-02-20,SIDE,0.00037124457324734186,0.9996213769711817,7.378455571004278e-06,0.04595029062978745,0.9188788498395776,0.03517085953063507,0.9996213769711817,87.83182747593662,0.9994320654567725,SIDE,0.9188788498395776,94.33760391937747,HIGH,0.9191086274196781,1.0,10
NIFTYIT,2024-02-21,SIDE,0.00025086979201812966,0.9994205809419325,0.00032854926604938215,0.045856059196555346,0.9186916938679307,0.03545224693551401,0.9994205809419325,87.80375408018959,0.9991308714128988,SIDE,0.9186916938679307,94.33886195068577,HIGH,0.9191265992955112,1.0,11
NIFTYIT,2024-02-22,SIDE,0.0013104024988893936,0.9986311718486824,5.842565242819112e-05,0.04663116316773315,0.9181312401648124,0.03523759666745445,0.9986311718486824,87.71968602472184,0.9979467577730237,SIDE,0.9181312401648124,94.32791986633782,HIGH,0.9189702838048259,1.0,12
NIFTYIT,2024-02-23,SIDE,0.000224018107746432,0.9997476799434816,2.830194877201908e-05,0.045842939604708886,0.9189710709991646,0.0351859893961265,0.9997476799434816,87.84566064987467,0.9996215199152222,SIDE,0.9189710709991646,94.33912351602021,HIGH,0.9191303359431459,1.0,13
NIFTYIT,2024-02-26,SIDE,0.0001706117177060326,0.996583732860721,0.0032456554215729355,0.0457358103920763,0.9162329066724965,0.038031282935427194,0.996583732860721,87.43493600087446,0.9948755992910815,SIDE,0.9162329066724965,94.33983925877469,HIGH,0.9191405608396386,1.0,14
NIFTYIT,2024-02-27,SIDE,0.0001623706809659006,0.9996151858493734,0.0002224434696607541,0.045794050842282503,0.91884961117029,0.03535633798742757,0.9996151858493734,87.8274416755435,0.99942277877406,SIDE,0.91884961117029,94.3397693106327,HIGH,0.9191395615804672,1.0,15
NIFTYIT,2024-02-28,SIDE,0.00011481477825020594,0.9993178755370125,0.000567309684737245,0.04575219248352422,0.9185874451164782,0.03566036239999762,0.9993178755370125,87.78811676747172,0.9989768133055187,SIDE,0.9185874451164782,94.34027748740144,HIGH,0.919146821248592,1.0,16
NIFTYIT,2024-02-29,SIDE,0.00020598191624886347,0.9989904738257451,0.0008035442580060398,0.04581337375766235,0.9183151635110173,0.03587146273132041,0.9989904738257451,87.74727452665257,0.9984857107386177,SIDE,0.9183151635110173,94.33934927832861,HIGH,0.9191335611189804,1.0,17
NIFTYIT,2024-03-01,SIDE,0.00013585048574262906,0.9951947371947032,0.0046694123195542446,0.045680322953595046,0.9150295383674147,0.039290138678990186,0.9951947371947032,87.25443075511221,0.9927921057920548,SIDE,0.9150295383674147,94.3402707647651,HIGH,0.91914672521093,1.0,18
NIFTYIT,2024-03-04,SIDE,0.00018078626291357836,0.9715743728833149,0.02824484085377143,0.04521212032017461,0.8946385911570622,0.06014928852276313,0.9715743728833149,84.19578867355933,0.9573615593249722,SIDE,0.8946385911570622,94.3410155932055,HIGH,0.9191573656172214,1.0,19
NIFTYIT,2024-03-05,BEAR,0.0002144304469216574,0.23472586619199748,0.765059703361081,0.029583788681718667,0.2583767881934908,0.7120394231247905,0.765059703361081,56.80591346871859,0.6475895550416214,BEAR,0.7120394231247905,67.37843236205774,MODERATE,0.9196918908865391,0.1,1
NIFTYIT,2024-03-06,BEAR,9.500408414356797e-05,0.1164377436074542,0.8834672523084021,0.02698164023229251,0.156221820469709,0.8167965392979984,0.8834672523084021,72.51948089469977,0.8252008784626033,BEAR,0.8167965392979984,70.38573286183554,MODERATE,0.9197961837405078,0.2,2
NIFTYIT,2024-03-07,BEAR,4.8899198106286205e-05,0.04048632328987212,0.9594647775120216,0.025333684080839095,0.09063280792137703,0.8840335079977838,0.9594647775120216,82.60502619966755,0.9391971662680323,BEAR,0.8840335079977838,73.39010347871857,MODERATE,0.9198586211245512,0.3,3
NIFTYIT,2024-03-11,BEAR,2.5967437739307296e-05,0.012353034888624347,0.9876209976736363,0.02471888683181311,0.06633720611197746,0.9089439070562093,0.9876209976736363,86.3415860584314,0.9814314965104545,BEAR,0.9089439070562093,76.39178308512743,HIGH,0.9198826155018205,0.4,4
NIFTYIT,2024-03-12,BEAR,0.0001602915584147498,0.10756310407194666,0.8922766043696385,0.02684190357440412,0.1485660738751668,0.8245920225504292,0.8922766043696385,73.68880338256437,0.8384149065544576,BEAR,0.8245920225504292,79.38551097675159,HIGH,0.919793013953594,0.5,5
NIFTYIT,2024-03-13,BEAR,9.352539030194614e-05,0.11917696809345199,0.8807295065162459,0.027038726675853105,0.15858696038944628,0.8143743129347006,0.8807295065162459,72.15614694020509,0.8210942597743689,BEAR,0.8143743129347006,82.38560779641173,HIGH,0.9197943970915963,0.6,6
NIFTYIT,2024-03-14,SIDE,0.001443086088214947,0.5904140638247363,0.40814285008704887,0.03805823774646838,0.5656526256826389,0.3962891365708928,0.5904140638247363,34.84789385239583,0.3856210957371044,SIDE,0.5656526256826389,76.34746678597382,HIGH,0.9192495255139117,0.4,1
NIFTYIT,2024-03-15,SIDE,0.0003366595206936198,0.8826038033133842,0.11705953716592206,0.04343854222932246,0.8178307007078641,0.13873075706281343,0.8826038033133842,72.67460510617961,0.8239057049700764,SIDE,0.8178307007078641,76.34395988084471,HIGH,0.9191994268692102,0.4,2
NIFTYIT,2024-03-18,SIDE,0.00017397037573009286,0.5815268556643034,0.4182991739599664,0.036920927223515074,0.5578333864568599,0.4052456863196251,0.5815268556643034,33.67500796852898,0.37229028349645527,SIDE,0.5578333864568599,76.36107724771684,HIGH,0.9194439606816691,0.4,3
NIFTYIT,2024-03-19,BEAR,8.192352703130188e-07,3.5516125852084343e-06,0.9999956291521443,0.02443774136372137,0.05567060150190319,0.9198916571343755,0.9999956291521443,87.98374857015631,0.9999934437282165,BEAR,0.9198916571343755,85.39267670268858,HIGH,0.9198953814669798,0.7,1
NIFTYIT,2024-03-20,BEAR,6.992510030211987e-07,8.478752864809646e-06,0.9999908219961322,0.024437756361103766,0.055674842342489365,0.919887401296407,0.9999908219961322,87.98311019446103,0.9999862329941983,BEAR,0.919887401296407,85.3926776938512,HIGH,0.9198953956264458,0.7,2
NIFTYIT,2024-03-21,BEAR,4.686830120064021e-06,0.00011118589670937503,0.9998841272731706,0.024442918491815274,0.05576398566937982,0.9197930958388049,0.9998841272731706,87.96896437582075,0.9998261909097557,BEAR,0.9197930958388049,85.39263109673728,HIGH,0.9198947299533898,0.7,3
NIFTYIT,2024-03-22,BEAR,8.832842561377343e-07,5.3195975618480815e-09,0.9999991113961463,0.0244377138958735,0.05566754661894435,0.9198947394851822,0.9999991113961463,87.98421092277732,0.9999986670942193,BEAR,0.9198947394851822,85.3926762205486,HIGH,0.9198953745792657,0.7,4
NIFTYIT,2024-03-26,BEAR,1.372183020493746e-07,6.208395529022717e-08,0.9999998006977427,0.024437157506653834,0.05566751029376149,0.9198953321995847,0.9999998006977427,87.9842998299377,0.999999701046614,BEAR,0.9198953321995847,85.39268395095601,HIGH,0.9198954850136573,0.7,5
NIFTYIT,2024-03-27,BEAR,8.646757274231008e-08,4.358957884097917e-08,0.9999998699428485,0.024437119183659522,0.05566748851867053,0.9198953922976699,0.9999998699428485,87.98430884465047,0.9999998049142728,BEAR,0.9198953922976699,85.39268447795853,HIGH,0.9198954925422648,0.7,6
NIFTYIT,2024-03-28,BEAR,3.8188367003674233e-07,2.3360063674248571e-07,0.9999993845156933,0.02443734400843703,0.05566768638448512,0.9198949696070777,0.9999993845156933,87.98424544106166,0.9999990767735397,BEAR,0.9198949696070777,85.39268140609623,HIGH,0.9198954486585176,0.7,7
NIFTYIT,2024-04-01,BULL,1.0,1.4091756882642863e-270,1.564711370557614e-198,0.7718175075805669,0.17005541374038188,0.05812707867905122,1.0,65.77262613708503,1.0,BULL,0.7718175075805669,57.02722553063968,MODERATE,0.7718175075805669,0.1,1
NIFTYIT,2024-04-02,BEAR,0.00025904341863173684,5.669478848531716e-05,0.9996842617928828,0.02463186203513639,0.0557460281563189,0.9196221098085448,0.9996842617928828,87.94331647128169,0.9995263926893244,BEAR,0.9196221098085448,88.3899973665513,HIGH,0.9198571052364471,0.8,1
NIFTYIT,2024-04-03,BEAR,2.4776667048118086e-06,2.2149933576117255e-05,0.9999753723997191,0.024439375942333075,0.05568685078010745,0.9198737732775595,0.9999753723997191,87.98106599163393,0.9999630585995787,BEAR,0.9198737732775595,91.3926585590692,HIGH,0.9198951222724172,0.9,2
NIFTYIT,2024-04-04,BEAR,2.2476514120481806e-05,0.0012371481785053932,0.998740375307374,0.024480133893349965,0.0567382843892959,0.918781581717354,0.998740375307374,87.81723725760308,0.998110562961061,BEAR,0.918781581717354,91.39238898982798,HIGH,0.9198912712832569,0.9,3
NIFTYIT,2024-04-05,BEAR,3.0756398158948263e-06,6.740434782895492e-05,0.9999295200123551,0.02444078423235435,0.05572599618140549,0.9198332195862402,0.9999295200123551,87.97498293793603,0.9998942800185325,BEAR,0.9198332195862402,91.39265004139008,HIGH,0.919895000591287,0.9,4
NIFTYIT,2024-04-08,BEAR,2.0507350292796048e-06,3.281864096643041e-05,0.9999651306240044,0.024439283506037263,0.055696014329160264,0.9198647021648024,0.9999651306240044,87.97970532472034,0.9999476959360064,BEAR,0.9198647021648024,91.39266243761183,HIGH,0.919895177680169,0.9,5
NIFTYIT,2024-04-09,BEAR,4.7201706520261504e-06,0.00016161606239223383,0.9998336637669557,0.02444401473921219,0.055807535723549746,0.9197484495372381,0.9998336637669557,87.96226743058571,0.9997504956504334,BEAR,0.9197484495372381,91.39262816646307,HIGH,0.9198946880923294,0.9,6
NIFTYIT,2024-04-10,BEAR,7.35265456545026e-05,0.01188020534497806,0.9880462681093675,0.02474438687401651,0.06593435993791945,0.909321253188064,0.9880462681093675,86.39818797820962,0.982069402164051,BEAR,0.909321253188064,91.39131434691458,HIGH,0.9198759192416369,0.9,7
NIFTYIT,2024-04-12,BEAR,1.6772093445865247e-05,0.0020070754963827883,0.9979761524101713,0.02449222671777335,0.057402460940885434,0.9181053123413412,0.9979761524101713,87.71579685120118,0.996964228615257,BEAR,0.9181053123413412,91.39240865788534,HIGH,0.9198915522555049,0.9,8
NIFTYIT,2024-04-15,BEAR,8.516894143189804e-07,4.869295581460638e-06,0.9999942790150043,0.024437793611933926,0.055671743028108456,0.9198904633599575,0.9999942790150043,87.98356950399364,0.9999914185225064,BEAR,0.9198904633599575,91.39267629875158,HIGH,0.9198953756964512,0.9,9
NIFTYIT,2024-04-16,BEAR,5.128860163639052e-08,2.300740321467724e-09,0.999999946410658,0.024437092014451496,0.05566744884187729,0.9198954591436711,0.999999946410658,87.98431887155068,0.9999999196159869,BEAR,0.9198954591436711,94.39268484472088,HIGH,0.919895497781727,1.0,10
NIFTYIT,2024-04-18,BEAR,1.984966018467973e-07,7.971482343447314e-08,0.9999997217885747,0.024437203679404322,0.05566753252744401,0.9198952637931516,0.9999997217885747,87.98428956897276,0.9999995826828622,BEAR,0.9198952637931516,94.39268331487463,HIGH,0.9198954759267803,1.0,11
NIFTYIT,2024-04-19,BEAR,2.0570591201035702e-07,9.614005570362999e-08,0.9999996981540322,0.02443720941643649,0.05566754753522281,0.9198952430483406,0.9999996981540322,87.9842864572511,0.9999995472310483,BEAR,0.9198952430483406,94.39268323930496,HIGH,0.9198954748472138,1.0,12
NIFTYIT,2024-04-22,BEAR,5.948478302419484e-07,1.1864399560443204e-06,0.9999982187122137,0.02443752341563423,0.05566853351785244,0.9198939430665133,0.9999982187122137,87.98409145997701,0.9999973280683204,BEAR,0.9198939430665133,94.39267914978915,HIGH,0.9198954164255594,1.0,13
NIFTYIT,2024-04-23,BEAR,1.5057912287246344e-06,1.0977846970411445e-05,0.9999875163618008,0.024438412243807765,0.055677092558460546,0.9198844951977317,0.9999875163618008,87.98267427965975,0.9999812745427012,BEAR,0.9198844951977317,94.39266920560547,HIGH,0.9198952743657925,1.0,14
NIFTYIT,2024-04-24,BEAR,5.459489282455139e-07,1.9935881014697723e-06,0.9999974604629702,0.024437504016460138,0.05566922489350622,0.9198932710900336,0.9999974604629702,87.98399066350504,0.9999961906944553,BEAR,0.9198932710900336,94.3926796152802,HIGH,0.9198954230754315,1.0,15
NIFTYIT,2024-04-25,BEAR,9.268752023208108e-07,6.688245599837782e-06,0.999992384879198,0.024437888445768094,0.055673322284309434,0.9198887892699226,0.999992384879198,87.98331839048839,0.9999885773187968,BEAR,0.9198887892699226,94.39267542619017,HIGH,0.9198953632312881,1.0,16
NIFTYIT,2024-04-26,BEAR,9.510925692308098e-07,7.631963989719611e-06,0.9999914169434411,0.02443792659353786,0.0556741399514287,0.9198879334550335,0.9999914169434411,87.98319001825502,0.9999871254151614,BEAR,0.9198879334550335,94.39267512679785,HIGH,0.9198953589542551,1.0,17
NIFTYIT,2024-04-29,BEAR,8.008100845292926e-07,6.751025844400526e-06,0.9999924481640711,0.02443779556085531,0.05567336207445884,0.9198888423646858,0.9999924481640711,87.98332635470287,0.9999886722461064,BEAR,0.9198888423646858,94.3926767296954,HIGH,0.9198953818527916,1.0,18
NIFTYIT,2024-04-30,BEAR,2.1151908890223446e-07,3.352639386985502e-07,0.9999994532169725,0.024437218840995877,0.055667754682668685,0.9198950264763354,0.9999994532169725,87.98425397145029,0.9999991798254587,BEAR,0.9198950264763354,94.39268316679295,HIGH,0.9198954738113279,1.0,19
NIFTYIT,2024-05-02,BEAR,1.7179552913157706e-07,6.529836191086905e-07,0.9999991752208519,0.02443719590196327,0.05566802448840698,0.9198947796096296,0.9999991752208519,87.98421694144446,0.9999987628312779,BEAR,0.9198947796096296,94.39268356226191,HIGH,0.9198954794608845,1.0,20
NIFTYIT,2024-05-03,BEAR,4.5852183264887804e-08,2.171866048896345e-08,0.9999999324291563,0.024437088363889456,0.05566746498731052,0.9198954466488,0.9999999324291563,87.98431699731998,0.9999998986437343,BEAR,0.9198954466488,94.39268490007666,HIGH,0.9198954985725238,1.0,21
NIFTYIT,2024-05-06,BEAR,5.212574481470062e-07,5.625906216715304e-06,0.9999938528363351,0.02443756272684078,0.0556723585608338,0.9198900787123253,0.9999938528363351,87.98351180684881,0.9999907792545029,BEAR,0.9198900787123253,94.39267968505251,HIGH,0.9198954240721787,1.0,22
NIFTYIT,2024-05-07,BEAR,3.7358598627316116e-06,0.0003915106224299645,0.9996047535177074,0.02444816292309546,0.05600593613620434,0.9195459009407003,0.9996047535177074,87.93188514110504,0.9994071302765609,BEAR,0.9195459009407003,94.3926265865705,HIGH,0.9198946655224357,1.0,23
NIFTYIT,2024-05-08,BEAR,9.740268406645888e-06,0.0021597070835582236,0.9978305526480352,0.024490213747064997,0.05753345333171904,0.917976332921216,0.9978305526480352,87.69644993818241,0.9967458289720527,BEAR,0.917976332921216,94.39247372319808,HIGH,0.9198924817599725,1.0,24
NIFTYIT,2024-05-09,BEAR,7.308690189451552e-06,0.0013922753860905303,0.9986004159237201,0.024472093252605943,0.05687050107765766,0.9186574056697364,0.9986004159237201,87.79861085046045,0.9979006238855801,BEAR,0.9186574056697364,94.39253826060315,HIGH,0.9198934037229021,1.0,25
NIFTYIT,2024-05-10,BEAR,2.5646543527667823e-06,0.00023493340775480697,0.9997625019378925,0.02444396128890997,0.05587059838423643,0.9196854403268535,0.9997625019378925,87.95281604902803,0.9996437529068386,BEAR,0.9196854403268535,94.39264675166577,HIGH,0.9198949535952253,1.0,26
NIFTYIT,2024-05-13,BEAR,9.504086748272234e-06,0.001720975670966977,0.9982695202422848,0.02448071689859034,0.0571545835471419,0.9183646995542677,0.9982695202422848,87.75470493314018,0.997404280363427,BEAR,0.9183646995542677,94.3924986575174,HIGH,0.9198928379645345,1.0,27
NIFTYIT,2024-05-14,BEAR,8.862450724207219e-06,0.0021879155326492115,0.9978032220166266,0.024490156938486683,0.05755771079957181,0.9179521322619414,0.9978032220166266,87.69281983929122,0.99670483302494,BEAR,0.9179521322619414,94.39248137642169,HIGH,0.9198925910917385,1.0,28
NIFTYIT,2024-05-15,BEAR,1.7451902769987396e-05,0.0067086358000707285,0.9932739122971592,0.024592613892236586,0.06146231666581364,0.9139450694419498,0.9932739122971592,87.09176041629246,0.9899108684457388,BEAR,0.9139450694419498,94.39216064349256,HIGH,0.9198880091927509,1.0,29
NIFTYIT,2024-05-16,BEAR,0.0007095254485515319,0.12822792218368523,0.8710625523677633,0.027691389913633752,0.1664728849757011,0.805835725110665,0.8710625523677633,70.87535876659977,0.8065938285516446,BEAR,0.805835725110665,94.37875878632948,HIGH,0.9196965540904214,1.0,30
NIFTYIT,2024-05-17,BEAR,4.456596050569887e-05,0.07303740280503337,0.9269180312344609,0.0260219547601339,0.11874003537893789,0.8552380098609282,0.9269180312344609,78.28570147913923,0.8903770468516914,BEAR,0.8552380098609282,94.38848006264384,HIGH,0.9198354294663407,1.0,31
NIFTYIT,2024-05-21,BEAR,7.135558508806122e-05,0.10136666915270219,0.8985619752622097,0.02664379862157993,0.14320530463137277,0.8301508967470472,0.8985619752622097,74.52263451205708,0.8478429628933144,BEAR,0.8301508967470472,94.3867504232912,HIGH,0.9198107203327317,1.0,32
NIFTYIT,2024-05-22,SIDE,0.00045230270914175863,0.8092064370331895,0.19034126025766882,0.041965731290059004,0.7544656053384866,0.20356866337145446,0.8092064370331895,63.16984080077299,0.7138096555497843,SIDE,0.7544656053384866,67.3465230022843,MODERATE,0.9192360428897757,0.1,1
NIFTYIT,2024-05-23,SIDE,0.0004528046367219615,0.9983526228640442,0.0011945724992338431,0.045984293843862566,0.917792615382651,0.036223090773486406,0.9983526228640442,87.66889230739766,0.9975289342960664,SIDE,0.917792615382651,70.33682353894118,MODERATE,0.919097479127731,0.2,2
NIFTYIT,2024-05-24,SIDE,0.0001426166986362685,0.9996958235269794,0.00016155977438423908,0.04578100015426629,0.9189169818548738,0.035302017990859996,0.9996958235269794,87.83754727823106,0.9995437352904692,SIDE,0.9189169818548738,73.33996993684127,MODERATE,0.919142427669161,0.3,3
NIFTYIT,2024-05-27,SIDE,0.0005407549144403745,0.9992581151831691,0.00020112990239052917,0.046069262277696525,0.9185845647256983,0.035346172996605224,0.9992581151831691,87.78768470885474,0.9988871727747535,SIDE,0.9185845647256983,76.33586548490496,HIGH,0.9190837926414994,0.4,4
NIFTYIT,2024-05-28,SIDE,0.0001077323799644112,0.9993782227554161,0.0005140448646195227,0.04574818124289091,0.9186387445498996,0.03561307420720956,0.9993782227554161,87.79581168248494,0.999067334133124,SIDE,0.9186387445498996,79.34034780675606,HIGH,0.9191478258108007,0.5,5
NIFTYIT,2024-05-29,SIDE,0.00011131821283825625,0.9954456453917992,0.004443036395362465,0.04566731826077503,0.915243390365494,0.03908929137373096,0.9954456453917992,87.2865085548241,0.9931684680876989,SIDE,0.915243390365494,82.34051219332177,HIGH,0.9191501741903112,0.6,6
NIFTYIT,2024-05-30,BEAR,0.00035564198952845556,0.13387437070372304,0.8657699873067484,0.02754685646632273,0.1713080900112626,0.8011450535224147,0.8657699873067484,70.1717580283622,0.7986549809601226,BEAR,0.8011450535224147,76.38213755514579,HIGH,0.9197448222163684,0.4,1
NIFTYIT,2024-05-31,BEAR,0.0025068542493214413,1.1345088345626139e-05,0.9974818006623329,0.02631086851332221,0.0559639914010344,0.9177251400856433,0.9974818006623329,87.65877101284651,0.9962227009934994,BEAR,0.9177251400856433,76.36670009794115,HIGH,0.9195242871134451,0.4,2
NIFTYIT,2024-06-03,BEAR,8.559026476961039e-06,0.000920438211332607,0.9990710027621904,0.024463004105754013,0.056463214643541405,0.9190737812507046,0.9990710027621904,87.86106718760568,0.9986065041432854,BEAR,0.9190737812507046,76.39254948324145,HIGH,0.9198935640463065,0.4,3
NIFTYIT,2024-06-04,BEAR,3.379872813619186e-06,9.089925947951734e-05,0.9999057208677069,0.024441510731811576,0.055746318741468084,0.9198121705267203,0.9999057208677069,87.97182557900805,0.9998585813015604,BEAR,0.9198121705267203,76.39264568369654,HIGH,0.919894938338522,0.4,4
NIFTYIT,2024-06-05,BEAR,0.00048121653691880837,0.05443628805940401,0.9450824954036771,0.025953140142777983,0.10272799696295463,0.8713188628942674,0.9450824954036771,80.69782943414012,0.9176237431055158,BEAR,0.8713188628942674,79.38490733675943,HIGH,0.9197843905251347,0.5,5
NIFTYIT,2024-06-06,SIDE,0.017022960264478287,0.658406225367722,0.32457081436779966,0.0511467443851341,0.6261457274307481,0.3227075281841178,0.658406225367722,43.921859114612225,0.48760933805158313,SIDE,0.6261457274307481,79.18248944109375,HIGH,0.9168927063013393,0.5,1
NIFTYIT,2024-06-07,BULL,0.9995732165444248,0.0003887676003384501,3.801585523686234e-05,0.7715067968765147,0.1703422940681831,0.05815090905530233,0.9995732165444248,65.72601953147719,0.999359824816637,BULL,0.7715067968765147,57.03162941200588,MODERATE,0.7718804201715126,0.1,1
NIFTYIT,2024-06-10,BULL,0.6901288471777586,0.30693144710993175,0.002939705712309722,0.5467462609675269,0.39964392150199224,0.05360981753048094,0.6901288471777586,32.011939145129034,0.5351932707666378,BULL,0.5467462609675269,63.22345144437725,MODERATE,0.8174778777768177,0.2,2
NIFTYIT,2024-06-11,SIDE,0.013379459013717607,0.9863962031157477,0.00022433787053461506,0.05539142263766304,0.9089469499508387,0.03566162741149827,0.9863962031157477,86.34204249262581,0.9795943046736214,SIDE,0.9089469499508387,73.20344562135024,MODERATE,0.9171920803050035,0.3,1
NIFTYIT,2024-06-12,SIDE,0.0005927736409061687,0.9992511611084428,0.0001560652506509498,0.0461079923259883,0.9185845102274721,0.03530749744653962,0.9992511611084428,87.78767653412082,0.9988767416626644,SIDE,0.9185845102274721,73.3353266433,MODERATE,0.9190760949042857,0.3,2
NIFTYIT,2024-06-13,SIDE,0.0017331449849312868,0.9982188610440401,4.799397102863657e-05,0.0469383535825595,0.9178235681387243,0.03523807827871623,0.9982188610440401,87.67353522080862,0.9973282915660602,SIDE,0.9178235681387243,76.32355907813285,HIGH,0.9189079868304693,0.4,3
NIFTYIT,2024-06-14,SIDE,0.0003976950651450276,0.9994501742116025,0.0001521307232525267,0.04596642220991387,0.9187340425797781,0.035299535210308076,0.9994501742116025,87.81010638696671,0.9991752613174036,SIDE,0.9187340425797781,79.33733852247661,HIGH,0.9191048360353801,0.5,4
NIFTYIT,2024-06-18,SIDE,0.0006605988796195595,0.9992853926012347,5.4008519145594144e-05,0.04615941079133963,0.918621827372103,0.03521876183655743,0.9992853926012347,87.79327410581544,0.9989280889018523,SIDE,0.918621827372103,82.33462184905372,HIGH,0.919066026415053,0.6,5
NIFTYIT,2024-06-19,SIDE,0.0007639600782529767,0.9992171442150631,1.889570668379819e-05,0.04623521107450067,0.9185747184496387,0.03519007047586064,0.9992171442150631,87.7862077674458,0.9988257163225949,SIDE,0.9185747184496387,85.33355396061658,HIGH,0.9190507708659512,0.7,6
NIFTYIT,2024-06-20,SIDE,0.0011265451366760763,0.9988698046501842,3.65021313973384e-06,0.04649882124105248,0.918316267535367,0.0351849112235806,0.9988698046501842,87.74744013030504,0.9983047069752761,SIDE,0.918316267535367,88.32981340185783,HIGH,0.9189973343122548,0.8,7
NIFTYIT,2024-06-21,BULL,0.6465050581275167,0.35349199361815287,2.948254330338282e-06,0.5151318175481469,0.43485872489921357,0.050009457552639656,0.6465050581275167,27.26977263222203,0.4697575871912752,BULL,0.5151318175481469,66.67324572243027,MODERATE,0.8239035103204324,0.3,1
NIFTYIT,2024-06-24,SIDE,0.05781557673550638,0.9421820429812805,2.380283213120617e-06,0.08766283083684065,0.875851162155734,0.03648600700742538,0.9421820429812805,81.37767432336008,0.9132730644719206,SIDE,0.875851162155734,87.74511092433569,HIGH,0.9106444417762243,0.8,1
NIFTYIT,2024-06-25,SIDE,0.026314144113731223,0.973685499855859,3.560304098403559e-07,0.06478852957413789,0.8994508824307573,0.035760587995104676,0.973685499855859,84.91763236461358,0.9605282497837883,SIDE,0.8994508824307573,91.07002312072044,HIGH,0.9152860445817205,0.9,2
NIFTYIT,2024-06-26,SIDE,0.006251735828086278,0.9937475899564843,6.742154293752936e-07,0.05022047318238649,0.9144795164119336,0.035300010405679975,0.9937475899564843,87.17192746179002,0.9906213849347264,SIDE,0.9144795164119336,91.27695097109118,HIGH,0.918242156729874,0.9,3
NIFTYIT,2024-06-27,SIDE,0.49639876602243344,0.5035976199491601,3.6140284065126243e-06,0.4061341256397258,0.5473039607044002,0.04656191365587395,0.5035976199491601,32.095594105660034,0.2553964299237401,SIDE,0.5473039607044002,86.22147314093624,HIGH,0.8460210448705179,0.9,4
NIFTYIT,2024-06-28,SIDE,0.13649404240688107,0.863498628526588,7.329066531018466e-06,0.1447940419751667,0.8169082279511989,0.03829773007363432,0.863498628526588,72.53623419267983,0.795247942789882,SIDE,0.8169082279511989,89.93360518841595,HIGH,0.8990515026916566,0.9,5
NIFTYIT,2024-07-01,BULL,0.9860659938951437,0.013934001650831113,4.454025134199965e-09,0.7616995151880143,0.18049348408007115,0.05780700073191464,0.9860659938951437,64.25492727820213,0.9790989908427156,BULL,0.7616995151880143,60.17094375562162,MODERATE,0.7738706250803088,0.2,1
NIFTYIT,2024-07-02,BULL,0.9997671209303531,0.00023287872564539097,3.440014454127121e-10,0.7716484055493826,0.17022986499639345,0.058121729454223885,0.9997671209303531,65.74726083240739,0.9996506813955297,BULL,0.7716484055493826,63.029627493611805,MODERATE,0.7718518213373117,0.3,2
NIFTYIT,2024-07-03,BULL,0.9984898196008563,0.001510179462800361,9.363433863815812e-10,0.7707209102481696,0.17118670101379194,0.05809238873803846,0.9984898196008563,65.60813653722543,0.9977347294012844,BULL,0.7707209102481696,66.04280184408883,MODERATE,0.7720400263441262,0.4,3
NIFTYIT,2024-07-04,BULL,0.9996495575213009,0.0003504418079330446,6.707660065382919e-10,0.7715630384442527,0.17031793239383547,0.05811902916191182,0.9996495575213009,65.7344557666379,0.9994743362819514,BULL,0.7715630384442527,69.0308400669774,MODERATE,0.771869143813963,0.5,4
NIFTYIT,2024-07-05,BULL,0.9994377828114283,0.0005622171022267454,8.634507416683847e-11,0.7714092610815712,0.17047657500870192,0.058114163909727005,0.9994377828114283,65.71138916223566,0.9991566742171424,BULL,0.7714092610815712,69.03302435516446,MODERATE,0.7719003479309209,0.5,5
NIFTYIT,2024-07-08,BULL,0.9987971320412028,0.0012028677844450363,1.7435212139224902e-10,0.7709440610855272,0.17095649149198267,0.05809944742249022,0.9987971320412028,65.64160916282907,0.9981956980618042,BULL,0.7709440610855272,72.03963215989437,MODERATE,0.7719947451413482,0.6,6
NIFTYIT,2024-07-09,BULL,0.9931513978871428,0.0068486007044975235,1.4083595991933723e-09,0.7668444866614623,0.17518575453679194,0.05796975880174576,0.9931513978871428,65.02667299921934,0.9897270968307144,BULL,0.7668444866614623,75.0978634312767,HIGH,0.77282662044681,0.7,7
NIFTYIT,2024-07-10,BULL,0.7249024554642036,0.2750971290141004,4.1552169588582103e-07,0.5720590936078355,0.3761328014655531,0.05180810492661148,0.7249024554642036,35.80886404117532,0.5873536831963055,BULL,0.5720590936078355,80.86463860007665,HIGH,0.812351980001095,0.8,8
NIFTYIT,2024-07-11,SIDE,0.3603979529155153,0.6396017660542601,2.810302244942151e-07,0.3073790237280864,0.6491861235465831,0.04343485272533054,0.6396017660542601,47.37791853198747,0.45940264908139017,SIDE,0.6491861235465831,66.62421352280627,MODERATE,0.8660601931829467,0.2,1
NIFTYIT,2024-07-12,BULL,0.9999999999327325,6.683810943109407e-11,4.293617438631513e-13,0.7718175075317124,0.17005541379040173,0.05812707867788587,0.9999999999327325,65.77262612975686,0.9999999998990987,BULL,0.7718175075317124,81.02722553133354,HIGH,0.7718175075904791,0.9,1
NIFTYIT,2024-07-15,BULL,0.9997489037335816,0.00025109539332178774,8.730966545568902e-10,0.7716351773641891,0.17024351118571449,0.058121311450096434,0.9997489037335816,65.74527660462836,0.9996233556003724,BULL,0.7716351773641891,81.02981538957931,HIGH,0.7718545055654187,0.9,2
NIFTYIT,2024-07-16,BULL,0.999718695973374,0.00028130353308963645,4.935364335659799e-10,0.7716132424109197,0.17026614038556634,0.058120617203513865,0.999718695973374,65.74198636163796,0.9995780439600609,BULL,0.7716132424109197,81.0301269586548,HIGH,0.7718589565522115,0.9,3
NIFTYIT,2024-07-18,BULL,0.9999998975498013,1.0243723140120741e-07,1.2967224064616828e-11,0.771817433187449,0.17005549047543886,0.05812707633711214,0.9999998975498013,65.77261497811735,0.9999998463247018,BULL,0.771817433187449,81.02722658733286,HIGH,0.7718175226761838,0.9,4
NIFTYIT,2024-07-19,BULL,0.999999305354304,6.946177515919317e-07,2.7944383571722032e-11,0.7718170031722854,0.17005593408083725,0.05812706274687733,0.999999305354304,65.7725504758428,0.9999989580314559,BULL,0.7718170031722854,81.02723269536068,HIGH,0.7718176099337241,0.9,5
NIFTYIT,2024-07-22,BULL,0.9999664796266005,3.351949967054915e-05,8.737290760611264e-10,0.7717931671908784,0.17008052336276722,0.05812630944635446,0.9999664796266005,65.76897507863177,0.9999497194399005,BULL,0.7717931671908784,81.02757126675792,HIGH,0.7718224466679703,0.9,6
NIFTYIT,2024-07-23,BULL,0.9995678021443962,0.0004321945272893022,3.328314386791119e-09,0.7715036728135592,0.1703791736985459,0.05811715348789478,0.9995678021443962,65.72555092203388,0.9993517032165945,BULL,0.7715036728135592,81.03168330900287,HIGH,0.7718811901286126,0.9,7
NIFTYIT,2024-07-24,BULL,0.9982558651127369,0.0017441286702742417,6.216988875147182e-09,0.7705510272113619,0.1713619536115156,0.05808701917712251,0.9982558651127369,65.58265408170428,0.9973837976691053,BULL,0.7705510272113619,81.04521489940282,HIGH,0.7720744985628976,0.9,8
NIFTYIT,2024-07-25,BULL,0.9885673264305813,0.011432623593090751,4.9976327979320176e-08,0.7635158234099676,0.17861967678488544,0.057864499805147,0.9885673264305813,64.52737351149513,0.9828509896458718,BULL,0.7635158234099676,81.14514449614836,HIGH,0.7735020642306908,0.9,9
NIFTYIT,2024-07-26,BULL,0.9999958879578058,4.111739685038117e-06,3.025090966841093e-10,0.7718145216696607,0.1700584938424988,0.05812698448784047,0.9999958879578058,65.7721782504491,0.9999938319367089,BULL,0.7718145216696607,84.02726794310999,HIGH,0.7718181134730001,1.0,10
NIFTYIT,2024-07-29,BULL,0.9985065605007564,0.0014934303535125279,9.145731055856471e-09,0.7707330662544827,0.17117415318449025,0.058092780561027055,0.9985065605007564,65.60995993817241,0.9977598407511346,BULL,0.7707330662544827,84.04262917540089,HIGH,0.772037559648584,1.0,11
NIFTYIT,2024-07-30,BULL,0.9943432390720321,0.005656746084531156,1.484343670157286e-08,0.7677099259228911,0.17429292527705698,0.05799714880005196,0.9943432390720321,65.15648888843366,0.9915148586080482,BULL,0.7677099259228911,84.08557053514927,HIGH,0.7726510076449896,1.0,12
NIFTYIT,2024-07-31,BULL,0.996463648681497,0.0035363491447692077,2.173733812120867e-09,0.7692496332895993,0.17270452060722707,0.058045846103173634,0.996463648681497,65.38744499343989,0.9946954730222453,BULL,0.7692496332895993,84.06370019064255,HIGH,0.7723385741520367,1.0,13
NIFTYIT,2024-08-01,BULL,0.9748452789760899,0.025154700131436347,2.0892473774993432e-08,0.7535517426709143,0.18889899618289654,0.05754926114618911,0.9748452789760899,63.03276140063714,0.9622679184641346,BULL,0.7535517426709143,84.28667653399407,HIGH,0.7755239504856297,1.0,14
NIFTYIT,2024-08-02,SIDE,0.34202409906892517,0.6564258865867523,0.0015500143443225982,0.2940041730785945,0.6616119344576229,0.04438389246378261,0.6564258865867523,49.24179016864343,0.4846388298801284,SIDE,0.6616119344576229,63.81380468475983,MODERATE,0.868768638353712,0.1,1
NIFTYIT,2024-08-05,BEAR,0.04121247889255114,0.10189090549348866,0.8568966156139604,0.057403006817181836,0.1483640302449072,0.794232962937911,0.8568966156139604,69.13494444068665,0.7853449234209402,BEAR,0.794232962937911,66.9602768930856,MODERATE,0.9137182413297943,0.1,1
NIFTYIT,2024-08-06,BEAR,0.0031364133290594206,0.18531204499724527,0.8115515416736954,0.03071788327841022,0.21604239675828465,0.7532397199633052,0.8115515416736954,62.98595799449578,0.717327312510543,BEAR,0.7532397199633052,70.35067725964386,MODERATE,0.9192953894234839,0.2,2
NIFTYIT,2024-08-07,BEAR,0.005256493790495127,0.42827257282329123,0.5664709333862137,0.03746379956461468,0.426080323818969,0.5364558766164164,0.5664709333862137,30.468381492462456,0.3497064000793205,BEAR,0.5364558766164164,73.3162492575403,MODERATE,0.9188035608220045,0.3,3
NIFTYIT,2024-08-08,BEAR,0.00012579883742869382,0.005449403584238481,0.9944247975783328,0.024646839371596882,0.060387368418712666,0.9149657922096905,0.9944247975783328,87.24486883145359,0.991637196367499,BEAR,0.9149657922096905,76.39110211679562,HIGH,0.9198728873827946,0.4,4
NIFTYIT,2024-08-09,BEAR,0.0026493438623948237,0.05190352551429174,0.9454471306233134,0.027519750577269245,0.10078897462367534,0.8716912747990554,0.9454471306233134,80.7536912198583,0.9181706959349701,BEAR,0.8716912747990554,79.36256351105138,HIGH,0.9194651930150197,0.5,5
NIFTYIT,2024-08-12,BEAR,0.001381406013634665,0.3761267649694987,0.6224918290168667,0.033459858575327635,0.38060937001967476,0.5859307714049975,0.6224918290168667,37.88961571074964,0.4337377435253001,BEAR,0.5859307714049975,82.35908893991856,HIGH,0.9194155562845511,0.6,6
NIFTYIT,2024-08-13,SIDE,0.0007773960228981291,0.7293647057861471,0.2698578981909549,0.04051255635465116,0.6855597859310159,0.2739276577143331,0.7293647057861471,52.83396788965238,0.5940470586792206,SIDE,0.6855597859310159,70.3472453682343,MODERATE,0.919246362403347,0.2,1
NIFTYIT,2024-08-14,SIDE,0.0016060424029429494,0.9872441162161929,0.011149841380864027,0.04661021409941591,0.9083323821632041,0.04505740373737998,0.9872441162161929,86.24985732448062,0.9808661743242894,SIDE,0.9083323821632041,73.32543904060624,MODERATE,0.9189348434372321,0.3,2
NIFTYIT,2024-08-16,SIDE,0.12349537248592352,0.8747932256275852,0.0017114018864911717,0.13531903053059638,0.8251741745401333,0.03950679492927031,0.8747932256275852,73.77612618101999,0.8121898384413778,SIDE,0.8251741745401333,75.06776350046134,HIGH,0.9009680500065905,0.4,3
NIFTYIT,2024-08-19,SIDE,0.040673616810652145,0.959259265609633,6.711757971487142e-05,0.07521405048101931,0.8886364395327196,0.03614950998626103,0.959259265609633,83.29546592990793,0.9388888984144496,SIDE,0.8886364395327196,75.92191996713281,HIGH,0.9131702852447545,0.4,4
NIFTYIT,2024-08-20,SIDE,0.05186811983787459,0.9480887870121372,4.309314998828702e-05,0.08334329960463338,0.8802712937670034,0.03638540662836324,0.9480887870121372,82.04069406505052,0.9221331805182056,SIDE,0.8802712937670034,78.80645631316594,HIGH,0.9115208044737992,0.5,5
NIFTYIT,2024-08-21,SIDE,0.026268187150428095,0.9736955335427239,3.627930684805312e-05,0.06475439539187461,0.8994542895541842,0.035791315053941244,0.9736955335427239,84.91814343312763,0.9605433003140856,SIDE,0.8994542895541842,82.0704989715242,HIGH,0.915292842450346,0.6,6
NIFTYIT,2024-08-22,SIDE,0.011053851878984632,0.9889089638988534,3.718422216193453e-05,0.05370668995802091,0.9108506870548551,0.035442622987124084,0.9889089638988534,86.62760305822825,0.98336344584828,SIDE,0.9108506870548551,85.22742282284275,HIGH,0.9175346117548966,0.7,7
NIFTYIT,2024-08-23,SIDE,0.002791436218412819,0.9971788909369939,2.9672844593408337e-05,0.04770720682785144,0.9170466140222879,0.03524617914986064,0.9971788909369939,87.55699210334319,0.9957683364054908,SIDE,0.9170466140222879,88.31264270416648,HIGH,0.9187520386309497,0.8,8
NIFTYIT,2024-08-26,SIDE,0.09851983265449463,0.9014794418677098,7.254777955848049e-07,0.11721971739362905,0.8453607110096366,0.037419571596734334,0.9014794418677098,76.8041066514455,0.8522191628015645,SIDE,0.8453607110096366,90.32527871396027,HIGH,0.904646838770861,0.9,9
NIFTYIT,2024-08-27,SIDE,0.07223358062584283,0.927765926499001,4.928751560894209e-07,0.09813231175357763,0.8650521511697603,0.036815537076662054,0.927765926499001,79.75782267546403,0.8916488897485015,SIDE,0.8650521511697603,93.59640054944983,HIGH,0.9085200078492832,1.0,10
NIFTYIT,2024-08-28,BULL,0.97278117170197,0.027218653970808037,1.7432722195182665e-07,0.7520529155021202,0.19044510277795293,0.05750198171992686,0.97278117170197,62.80793732531802,0.9591717575529548,BULL,0.7520529155021202,57.3079661717682,MODERATE,0.7758280881681172,0.1,1
NIFTYIT,2024-08-29,BULL,0.9992788657764906,0.0007211328109794096,1.4125299779504044e-09,0.7712938655724852,0.17059561987139044,0.05811051455612428,0.9992788657764906,65.69407983587278,0.9989182986647359,BULL,0.7712938655724852,60.03466345844315,MODERATE,0.7719237636920451,0.2,2
NIFTYIT,2024-08-30,BULL,0.9997744365430735,0.00022556252799724692,9.289292033822717e-10,0.7716537176713566,0.17022438430795825,0.05812189802068519,0.9997744365430735,65.74805765070349,0.9996616548146101,BULL,0.7716537176713566,63.029552038897094,MODERATE,0.7718507434128158,0.3,3
NIFTYIT,2024-09-02,BULL,0.9979213046673898,0.002078693271232109,2.0613781647302917e-09,0.7703080907038254,0.17161257907572103,0.05807933022045365,0.9979213046673898,65.54621360557381,0.9968819570010847,BULL,0.7703080907038254,66.04866562491198,MODERATE,0.7721237946415997,0.4,4
NIFTYIT,2024-09-03,BULL,0.9638036341915297,0.03619634578973826,2.0018732086396966e-08,0.7455339999063902,0.19717038038060264,0.05729561971300711,0.9638036341915297,61.83009998595853,0.9457054512872946,BULL,0.7455339999063902,69.40056234502595,MODERATE,0.7771508906432277,0.5,5
NIFTYIT,2024-09-04,SIDE,0.4578789507859327,0.5421195083001573,1.5409139100697828e-06,0.37816352068361775,0.5761612491006648,0.0456752302157175,0.5421195083001573,36.42418736509972,0.313179262450236,SIDE,0.5761612491006648,74.61877438664003,MODERATE,0.8516967769520005,0.5,1
NIFTYIT,2024-09-05,SIDE,0.057904539782122885,0.942094538304062,9.219138151648697e-07,0.08772746114544085,0.8757857785298205,0.03648676032473862,0.942094538304062,81.36786677947306,0.913141807456093,SIDE,0.8757857785298205,78.74419326630286,HIGH,0.9106313323757551,0.5,2
NIFTYIT,2024-09-06,SIDE,0.0010485144703795092,0.9989405403300207,1.0945199599724154e-05,0.046442005342265634,0.9183684217339119,0.03518957292382253,0.9989405403300207,87.75526326008678,0.998410810495031,SIDE,0.9183684217339119,79.33061860019855,HIGH,0.9190088371456936,0.5,3
NIFTYIT,2024-09-09,SIDE,0.0001500353552475411,0.9997773370298575,7.262761489488319e-05,0.04578827637135062,0.9189882170340563,0.03522350659459311,0.9997773370298575,87.84823255510842,0.9996660055447862,SIDE,0.9189882170340563,79.33988886126355,HIGH,0.919141269446622,0.5,4
NIFTYIT,2024-09-10,SIDE,0.00156272359106363,0.9984262893544119,1.098705452456156e-05,0.046815390533424386,0.9179831874728578,0.03520142199371784,0.9984262893544119,87.69747812092865,0.9976394340316177,SIDE,0.9179831874728578,79.32531494297821,HIGH,0.9189330706139744,0.5,5
NIFTYIT,2024-09-11,SIDE,0.00022641129781860052,0.9997625732101585,1.1015492022918563e-05,0.04584504461805982,0.9189842050257758,0.035170750356164314,0.9997625732101585,87.84763075386635,0.9996438598152377,SIDE,0.9189842050257758,82.33909794618388,HIGH,0.9191299706597696,0.6,6
NIFTYIT,2024-09-12,SIDE,0.005990219835141578,0.9940079692623344,1.810902524058473e-06,0.0500305526918291,0.9146744385861125,0.0352950087220584,0.9940079692623344,87.20116578791688,0.9910119538935014,SIDE,0.9146744385861125,85.27964835946176,HIGH,0.9182806908494537,0.7,7
NIFTYIT,2024-09-13,SIDE,0.00372695991806009,0.9962710539193734,1.986162566536853e-06,0.04838711302947257,0.9163697131551798,0.035243173815347736,0.9962710539193734,87.45545697327697,0.99440658087906,SIDE,0.9163697131551798,88.3029920999592,HIGH,0.91861417285656,0.8,8
NIFTYIT,2024-09-16,SIDE,0.0009020288586893197,0.999096549904653,1.421236657708848e-06,0.046335839098541096,0.9184863791670574,0.035177781734401475,0.999096549904653,87.77295687505861,0.9986448248569794,SIDE,0.9184863791670574,91.33212899500606,HIGH,0.9190304142143723,0.9,9
NIFTYIT,2024-09-17,SIDE,0.0005660959814619008,0.9994301112924874,3.7927260506736296e-06,0.046091855550164394,0.9187359813711612,0.03517216307867448,0.9994301112924874,87.81039720567416,0.9991451669387309,SIDE,0.9187359813711612,94.33559399782017,HIGH,0.9190799142545739,1.0,10
NIFTYIT,2024-09-18,SIDE,0.0022462406533351013,0.8846811523053613,0.11307260704130356,0.04490985667002145,0.8198429161232363,0.1352472272067422,0.8846811523053613,72.97643741848545,0.8270217284580419,SIDE,0.8198429161232363,94.32405972446038,HIGH,0.9189151389208626,1.0,11
NIFTYIT,2024-09-19,SIDE,0.000494270843272636,0.9328225823232961,0.0666831468334313,0.044623176525821436,0.8612124384399131,0.09416438503426534,0.9328225823232961,79.18186576598697,0.8992338734849441,SIDE,0.8612124384399131,94.33975231689304,HIGH,0.9191393188127578,1.0,12
NIFTYIT,2024-09-20,SIDE,0.0010416879104291022,0.9749653743404918,0.023992937749079082,0.0459275792070363,0.897665183746621,0.05640723704634282,0.9749653743404918,84.6497775619931,0.9624480615107377,SIDE,0.897665183746621,94.3319181536247,HIGH,0.9190274021946386,1.0,13
NIFTYIT,2024-09-23,SIDE,0.00015461102730555322,0.983760672018683,0.016084716954011462,0.045451440999395416,0.9051584161495637,0.04939014285104087,0.983760672018683,85.77376242243454,0.9756410080280243,SIDE,0.9051584161495637,94.34066233031555,HIGH,0.919152319004508,1.0,14
NIFTYIT,2024-09-24,SIDE,0.00014676138978639752,0.9979440224226689,0.001909216187544696,0.045746882869033424,0.9174047829174002,0.036848334213566376,0.9979440224226689,87.61071743761002,0.9969160336340032,SIDE,0.9174047829174002,94.34001675982131,HIGH,0.919143096568876,1.0,15
NIFTYIT,2024-09-25,SIDE,0.00014131775754445446,0.9883581019063512,0.011500580336104313,0.0455391728399109,0.9091267573368405,0.045334069823248634,0.9883581019063512,86.36901360052607,0.9825371528595268,SIDE,0.9091267573368405,94.34056449028228,HIGH,0.919150921289747,1.0,16
NIFTYIT,2024-09-26,SIDE,0.00018525452021148187,0.9975275474240979,0.0022871980556906334,0.04576680436264599,0.917049561622181,0.037183634015172974,0.9975275474240979,87.55743424332715,0.9962913211361468,SIDE,0.917049561622181,94.33963910630916,HIGH,0.9191377015187022,1.0,17
NIFTYIT,2024-09-27,SIDE,0.0024792675446413744,0.9961809922022962,0.0013397402530623782,0.047452698882182905,0.9161492242321116,0.036398076885705545,0.9961809922022962,87.42238363481675,0.9942714883034443,SIDE,0.9161492242321116,94.31592962106579,HIGH,0.9187989945866541,1.0,18
NIFTYIT,2024-09-30,SIDE,0.00016003576068886175,0.982269604261678,0.01757035997763323,0.04542381936486467,0.9038715058053194,0.050704674829815895,0.982269604261678,85.58072587079789,0.9734044063925168,SIDE,0.9038715058053194,94.3406825217703,HIGH,0.9191526074538615,1.0,19
NIFTYIT,2024-10-01,SIDE,0.00015426492021555478,0.9990204459178351,0.0008252891619493078,0.045775358207403326,0.9183351284867898,0.03588951330580694,0.9990204459178351,87.75026927301846,0.9985306688767527,SIDE,0.9183351284867898,94.33988381262243,HIGH,0.9191411973231779,1.0,20
NIFTYIT,2024-10-03,SIDE,0.00044634379683006925,0.7403793068739858,0.2591743493291841,0.04049912658856304,0.6950329802232251,0.2644678931882119,0.7403793068739858,54.25494703348377,0.6105689603109786,SIDE,0.6950329802232251,94.35011234828438,HIGH,0.9192873192612055,1.0,21
NIFTYIT,2024-10-04,SIDE,0.00026272537667492015,0.5778870498508437,0.42185022477248135,0.03690993759884835,0.5547005816289647,0.408389480772187,0.5778870498508437,33.205087244344696,0.36683057477626557,SIDE,0.5547005816289647,94.36034381134613,HIGH,0.9194334830192303,1.0,22
NIFTYIT,2024-10-07,SIDE,0.00020394897834254174,0.8383038660814942,0.1614921849401633,0.04239825709538602,0.7795627068292674,0.17803903607534655,0.8383038660814942,66.93440602439011,0.7574557991222411,SIDE,0.7795627068292674,94.34760597988914,HIGH,0.9192515139984162,1.0,23
NIFTYIT,2024-10-08,SIDE,0.00013549042704629762,0.9790577608513775,0.020806748721576333,0.04533724284072914,0.9010952845547731,0.05356747260449787,0.9790577608513775,85.16429268321596,0.9685866412770663,SIDE,0.9010952845547731,94.34110156122173,HIGH,0.9191585937317391,1.0,24
NIFTYIT,2024-10-09,SIDE,9.55890973489259e-05,0.9998044843239973,9.992657865378649e-05,0.04574816101462211,0.9190054306136983,0.03524640837167963,0.9998044843239973,87.85081459205475,0.9997067264859959,SIDE,0.9190054306136983,94.34045183039028,HIGH,0.9191493118627183,1.0,25
NIFTYIT,2024-10-10,SIDE,0.00011578394068723516,0.9977487825455603,0.0021354335137523024,0.04571958328836329,0.9172326506398405,0.03704776607179626,0.9977487825455603,87.58489759597607,0.9966231738183406,SIDE,0.9172326506398405,94.3403478619051,HIGH,0.9191478265986445,1.0,26
NIFTYIT,2024-10-11,SIDE,9.119959554617239e-05,0.999449473535046,0.00045932686940782614,0.04573733860166608,0.9186983781530317,0.035564283245302294,0.999449473535046,87.80475672295474,0.9991742103025688,SIDE,0.9186983781530317,94.34051552487128,HIGH,0.9191502217838754,1.0,27
NIFTYIT,2024-10-14,SIDE,0.00035297546877536114,0.9996037324602131,4.329207101156256e-05,0.04593626182138853,0.9188615241111853,0.0352022140674262,0.9996037324602131,87.8292286166778,0.9994055986903194,SIDE,0.9188615241111853,94.33779419137582,HIGH,0.9191113455910833,1.0,28
NIFTYIT,2024-10-15,SIDE,0.00014313878239810587,0.9997448410774333,0.00011202014016851685,0.04578243166945732,0.9189593680279573,0.03525820030258538,0.9997448410774333,87.84390520419359,0.9996172616161498,SIDE,0.9189593680279573,94.33996201291912,HIGH,0.9191423144702733,1.0,29
NIFTYIT,2024-10-16,SIDE,8.840235927875014e-05,0.9991397155911468,0.0007718820495744744,0.045728667560118896,0.9184305834737594,0.03584074896612176,0.9991397155911468,87.7645875210639,0.9987095733867202,SIDE,0.9184305834737594,94.34056039545541,HIGH,0.9191508627922204,1.0,30
NIFTYIT,2024-10-17,SIDE,0.0003795607391675087,0.9994152019158589,0.00020523734497362173,0.04595212602399596,0.918701769797621,0.035346104178383145,0.9994152019158589,87.80526546964315,0.9991228028737883,SIDE,0.918701769797621,94.3375282855304,HIGH,0.9191075469361485,1.0,31
NIFTYIT,2024-10-18,SIDE,0.008526844324465075,0.9522845469445632,0.0391886087309718,0.05104001140326861,0.8789365945495745,0.0700233940471569,0.9522845469445632,81.84048918243616,0.9284268204168447,SIDE,0.8789365945495745,94.25549351996649,HIGH,0.9179356217138073,1.0,32
NIFTYIT,2024-10-21,SIDE,0.00025686858015382,0.8712014946999884,0.1285416367198578,0.04313667945437472,0.8079757270468275,0.14888759349879757,0.8712014946999884,71.19635905702417,0.8068022420499826,SIDE,0.8079757270468275,94.3453713502147,HIGH,0.9192195907173528,1.0,33
NIFTYIT,2024-10-22,BEAR,9.136383648643613e-05,0.23301816940659842,0.7668904667569151,0.029455533100348017,0.2568881217108925,0.7136563451887596,0.7668904667569151,57.048451778313925,0.6503357001353728,BEAR,0.7136563451887596,67.37979552820902,MODERATE,0.9197113646887003,0.1,1
NIFTYIT,2024-10-23,SIDE,0.001373008863141568,0.8607329166917039,0.1378940744451544,0.04374846830455382,0.7990638260667519,0.15718770562869433,0.8607329166917039,69.85957391001277,0.7910993750375559,SIDE,0.7990638260667519,91.33433858625521,HIGH,0.9190619798036459,0.9,1
NIFTYIT,2024-10-24,SIDE,7.73584714020091e-05,0.9953248449063367,0.00459779662226121,0.045639371150100895,0.9151351950577316,0.03922543379216755,0.9953248449063367,87.27027925865973,0.9929872673595052,SIDE,0.9151351950577316,91.34087039301411,HIGH,0.9191552913287732,0.9,2
NIFTYIT,2024-10-25,SIDE,7.788360817590464e-05,0.99679546964874,0.0031266467430840954,0.045671005313579295,0.9164051335366294,0.03792386114979126,0.99679546964874,87.46077003049442,0.99519320447311,SIDE,0.9164051335366294,91.34078957617969,HIGH,0.9191541368025671,0.9,3
NIFTYIT,2024-10-28,SIDE,8.19670809358428e-05,0.9981836331214805,0.0017343997975836289,0.04570354711549724,0.9176042740795589,0.03669217880494377,0.9981836331214805,87.64064111193383,0.9972754496822206,SIDE,0.9176042740795589,91.34067610192267,HIGH,0.9191525157417524,0.9,4
NIFTYIT,2024-10-29,SIDE,8.426509304309532e-05,0.9927975030502538,0.007118231856702981,0.04559084263001924,0.9129536358061274,0.04145552156385335,0.9927975030502538,86.94304537091911,0.9891962545753807,SIDE,0.9129536358061274,91.34092833590452,HIGH,0.9191561190843504,0.9,5
NIFTYIT,2024-10-30,SIDE,0.00014477581775610739,0.9637669695842852,0.036088254597958724,0.0450193477512064,0.8878928113945801,0.06708784085421352,0.9637669695842852,83.18392170918702,0.9456504543764278,SIDE,0.8878928113945801,91.34178900885453,HIGH,0.9191684144122076,0.9,6
NIFTYIT,2024-10-31,BEAR,7.677027634077487e-06,6.75361072842323e-05,0.9999247868650817,0.024444226018744762,0.05572663629857694,0.9198291376826782,0.9999247868650817,87.97437065240176,0.9998871802976224,BEAR,0.9198291376826782,70.39260233913642,MODERATE,0.9198943191305204,0.2,1
NIFTYIT,2024-11-01,BEAR,1.5921792835979268e-06,1.3372327315577274e-05,0.9999850354934008,0.024438527676459577,0.05567917006413347,0.919882302259407,0.9999850354934008,87.98234533891105,0.9999775532401012,BEAR,0.919882302259407,73.3926681874299,MODERATE,0.9198952598204272,0.3,2
NIFTYIT,2024-11-04,BEAR,8.294504449895779e-07,1.3477182324619318e-05,0.9999856933672304,0.024437959855354817,0.0556791733589964,0.9198828667856487,0.9999856933672304,87.9824300178473,0.9999785400508456,BEAR,0.9198828667856487,76.39267608809092,HIGH,0.9198953726870133,0.4,3
NIFTYIT,2024-11-05,BEAR,1.615444906427812e-06,5.4093230760624664e-05,0.9999442913243329,0.02443941013225228,0.05571433505789181,0.9198462548098559,0.9999442913243329,87.97693822147838,0.9999164369864992,BEAR,0.9198462548098559,76.39266585921307,HIGH,0.9198952265601869,0.4,4
NIFTYIT,2024-11-06,BEAR,0.0022001027593569348,0.002068214947668116,0.995731682292975,0.02612530421744343,0.05770500137404108,0.9161696944085155,0.995731682292975,87.4254541612773,0.9935975234394624,BEAR,0.9161696944085155,79.36977429797314,HIGH,0.9195682042567592,0.5,5
NIFTYIT,2024-11-07,BEAR,0.00031073088593694284,0.15463491435160265,0.8450543547624605,0.027954324026436612,0.1892295966767384,0.7828160792968248,0.8450543547624605,67.42241189452376,0.7675815321436907,BEAR,0.7828160792968248,82.38153904460259,HIGH,0.9197362720657515,0.6,6
NIFTYIT,2024-11-08,SIDE,0.000694425608155628,0.902847748396876,0.09645782599496845,0.04413598832464599,0.8353521880677142,0.1205118236076398,0.902847748396876,75.30282821015713,0.854271622595314,SIDE,0.8353521880677142,76.33921391313964,HIGH,0.9191316273305665,0.4,1
NIFTYIT,2024-11-11,SIDE,0.000651212108452902,0.9990381553563071,0.00031063253524000935,0.04614714303864949,0.9184072652954165,0.035445591665934015,0.9990381553563071,87.76108979431247,0.9985572330344605,SIDE,0.9184072652954165,76.33473181884,HIGH,0.9190675974120001,0.4,2
NIFTYIT,2024-11-12,SIDE,0.000269802544668309,0.99947149843929,0.00025869901604172403,0.045871290847946604,0.9187378265964333,0.03539088255562004,0.99947149843929,87.81067398946499,0.9992072476589348,SIDE,0.9187378265964333,76.33866309433705,HIGH,0.9191237584905294,0.4,3
NIFTYIT,2024-11-13,SIDE,0.00018737653449807127,0.9992187703027168,0.0005938531627851615,0.04580431834814323,0.9185101683469395,0.035685513304917156,0.9992187703027168,87.77652525204091,0.998828155454075,SIDE,0.9185101683469395,76.3395304308457,HIGH,0.9191361490120814,0.4,4
NIFTYIT,2024-11-14,SIDE,0.00018168465091610023,0.9994806525130178,0.0003376628360662061,0.045805627724002804,0.9187356514741747,0.03545872080182261,0.9994806525130178,87.81034772112616,0.9992209787695266,SIDE,0.9187356514741747,79.33957600765507,HIGH,0.919136800109358,0.5,5
NIFTYIT,2024-11-18,SIDE,0.0008748072914588034,0.5656515264417854,0.43347366626675593,0.03710746640789739,0.544205272356072,0.41868726123603056,0.5656515264417854,31.630790853410794,0.34847728966267794,SIDE,0.544205272356072,82.3546264049587,HIGH,0.9193518057851243,0.6,6
NIFTYIT,2024-11-19,SIDE,0.00036739791646746446,0.8585759387803485,0.141056663303184,0.04295107188941085,0.7970862547243803,0.15996267338620881,0.8585759387803485,69.56293820865704,0.7878639081705227,SIDE,0.7970862547243803,85.3448727571755,HIGH,0.91921246795965,0.7,7
NIFTYIT,2024-11-21,SIDE,0.0002567378522084998,0.9911328297719447,0.008610432375846633,0.045684381380477,0.911535926094103,0.04277969252541997,0.9911328297719447,86.73038891411544,0.9866992446579173,SIDE,0.911535926094103,88.33922589551467,HIGH,0.9191317985073526,0.8,8
NIFTYIT,2024-11-22,SIDE,0.2462379492978949,0.7536760831740557,8.59675280494631e-05,0.22448144259942376,0.7346302952797649,0.04088826212081145,0.7536760831740557,60.194544291964725,0.6305141247610835,SIDE,0.7346302952797649,88.80168783477824,HIGH,0.8828812547825462,0.9,9
NIFTYIT,2024-11-25,BULL,0.6920716016841338,0.30792257319146044,5.82512440572936e-06,0.5482192930159454,0.4007219825418343,0.05105872444222035,0.6920716016841338,32.23289395239181,0.5381074025262007,BULL,0.5482192930159454,60.20326310262194,MODERATE,0.8171894728945992,0.1,1
NIFTYIT,2024-11-26,BULL,0.7234758495320518,0.27652120321679996,2.9472511482586055e-06,0.5710231289939168,0.37719929711526934,0.051777573890813805,0.7234758495320518,35.65346934908752,0.5852137742980776,BULL,0.5710231289939168,62.87935303887466,MODERATE,0.8125621862696382,0.2,2
NIFTYIT,2024-11-27,SIDE,0.4337246485072266,0.5662703709118786,4.98058089478719e-06,0.3606241238468591,0.5942524578505106,0.04512341830263031,0.5662703709118786,39.13786867757659,0.3494055563678179,SIDE,0.5942524578505106,83.86790703908727,HIGH,0.8552558148441041,0.8,1
NIFTYIT,2024-11-28,SIDE,0.042704973486529026,0.950398124931045,0.006896901582425947,0.07654400228279767,0.8812172438158059,0.04223875390139647,0.950398124931045,82.18258657237088,0.9255971873965674,SIDE,0.8812172438158059,87.90131817883207,HIGH,0.9128759739833153,0.8,2
NIFTYIT,2024-11-29,SIDE,0.001595870864770277,0.9983010045719548,0.00010312456327486182,0.04683750263059503,0.917878796228525,0.03528370114088001,0.9983010045719548,87.68181943427874,0.997451506857932,SIDE,0.917878796228525,88.32497777743221,HIGH,0.9189282539633175,0.8,3
NIFTYIT,2024-12-02,SIDE,0.0009673881839057641,0.99901163085158,2.098096451427555e-05,0.046382883375659024,0.9184205282351067,0.03519658838923435,0.99901163085158,87.76307923526599,0.9985174462773699,SIDE,0.9184205282351067,88.33145586787926,HIGH,0.919020798112561,0.8,4
NIFTYIT,2024-12-03,SIDE,0.0018126292490395325,0.9981433196933299,4.405105763061245e-05,0.04699615378113427,0.9177674305372748,0.035236415681590874,0.9981433196933299,87.66511458059121,0.9972149795399947,SIDE,0.9177674305372748,88.32273905888624,HIGH,0.9188962722698034,0.8,5
NIFTYIT,2024-12-04,SIDE,0.0021417152407779377,0.9978268043112799,3.1480447942249506e-05,0.04723538222339543,0.9175317642876261,0.03523285348897858,0.9978268043112799,87.62976464314389,0.9967402064669199,SIDE,0.9175317642876261,88.31934415353416,HIGH,0.9188477736219167,0.8,6
NIFTYIT,2024-12-05,SIDE,0.14684830310055802,0.8531301757199136,2.1521179528341855e-05,0.1523123484932108,0.8091395145362518,0.038548136970537515,0.8531301757199136,71.37092718043776,0.7796952635798702,SIDE,0.8091395145362518,86.82680992659742,HIGH,0.8975258560942488,0.8,7
NIFTYIT,2024-12-06,SIDE,0.009352875870651011,0.9906437770591932,3.347070155805513e-06,0.05247226779433086,0.9121541198781852,0.03537361232748396,0.9906437770591932,86.82311798172776,0.9859656655887897,SIDE,0.9121541198781852,88.24496530742482,HIGH,0.9177852186774974,0.8,8
NIFTYIT,2024-12-09,SIDE,0.010241231128347041,0.9897585081567726,2.607148804478099e-07,0.053117400657359294,0.911491310983172,0.035391288359468746,0.9897585081567726,86.72369664747579,0.9846377622351589,SIDE,0.911491310983172,91.23580246913086,HIGH,0.9176543209875838,0.9,9
NIFTYIT,2024-12-10,SIDE,0.07695202647286635,0.9230474912168092,4.823103245038642e-07,0.10155854836539217,0.8615175351873705,0.03692391644723742,0.9230474912168092,79.22763027810554,0.8845712368252138,SIDE,0.8615175351873705,93.5477335212332,HIGH,0.9078247645890458,1.0,10
NIFTYIT,2024-12-11,SIDE,0.04676209156022213,0.9532376378214796,2.7061829826026876e-07,0.07963653512962414,0.8841332370162792,0.03623022785409675,0.9532376378214796,82.61998555244183,0.9298564567322193,SIDE,0.8841332370162792,93.8591187515283,HIGH,0.9122731250218329,1.0,11
NIFTYIT,2024-12-12,SIDE,0.10121251287421414,0.898786476897466,1.0102283198613182e-06,0.11917496509694307,0.8433433570780854,0.03748167782497164,0.898786476897466,76.50150356171275,0.8481797153461991,SIDE,0.8433433570780854,93.29750586710348,HIGH,0.9042500838157642,1.0,12
NIFTYIT,2024-12-13,SIDE,0.13267120955686304,0.867328059199533,7.312436039545748e-07,0.14201828315819898,0.8197776394691999,0.038204077372601106,0.867328059199533,72.96664592037997,0.8009920887992994,SIDE,0.8197776394691999,92.97303433999843,HIGH,0.8996147762856922,1.0,13
NIFTYIT,2024-12-16,SIDE,0.011722616794818425,0.9882740439406865,3.3392644951785884e-06,0.05419302365943914,0.9103789349483173,0.035428041392243564,0.9882740439406865,86.5568402422476,0.9824110659110298,SIDE,0.9103789349483173,94.22052330835014,HIGH,0.9174360472621448,1.0,14
NIFTYIT,2024-12-17,SIDE,0.0010715951086436597,0.9989239844423565,4.420448999712387e-06,0.04645890364988038,0.9183567659405059,0.03518433040961378,0.9989239844423565,87.75351489107588,0.9983859766635348,SIDE,0.9183567659405059,94.33038020730405,HIGH,0.9190054315329149,1.0,15
NIFTYIT,2024-12-18,SIDE,0.005251935452231971,0.9947479618745347,1.0267323334006863e-07,0.04949449364404184,0.9152289683058514,0.035276538050106825,0.9947479618745347,87.28434524587772,0.9921219428118021,SIDE,0.9152289683058514,94.28726308993727,HIGH,0.9183894727133896,1.0,16
NIFTYIT,2024-12-19,SIDE,0.0008452361596971046,0.9991484612364859,6.302603816975879e-06,0.046294496140348695,0.9185247079866384,0.03518079587301296,0.9991484612364859,87.77870619799575,0.9987226918547287,SIDE,0.9185247079866384,94.3327150168489,HIGH,0.9190387859549844,1.0,17
NIFTYIT,2024-12-20,SIDE,0.011114831789471067,0.8567069314349702,0.13217823677555868,0.05094378904157192,0.7967017517505581,0.15235445920787,0.8567069314349702,69.50526276258373,0.7850603971524553,SIDE,0.7967017517505581,94.23356645467011,HIGH,0.9176223779238589,1.0,18
NIFTYIT,2024-12-23,SIDE,0.00018630463348464005,0.9876594733505901,0.012154222015925227,0.045557953612766024,0.9085286404131785,0.04591340597405547,0.9876594733505901,86.27929606197678,0.9814892100258852,SIDE,0.9085286404131785,94.34013398725519,HIGH,0.9191447712465025,1.0,19
NIFTYIT,2024-12-24,SIDE,0.00016788456898061014,0.9865324535532422,0.013299661877777298,0.04552024461149492,0.9075533564249899,0.04692639896351521,0.9865324535532422,86.13300346374847,0.9797986803298631,SIDE,0.9075533564249899,94.34038268254888,HIGH,0.9191483240364126,1.0,20
NIFTYIT,2024-12-26,SIDE,0.0002589877189441269,0.9018280713606787,0.09791294092037725,0.043788888722479005,0.8344218922882111,0.12178921898931001,0.9018280713606787,75.16328384323161,0.8527421070410178,SIDE,0.8344218922882111,94.34377968833951,HIGH,0.9191968526905645,1.0,21
NIFTYIT,2024-12-27,SIDE,0.00019492520889213447,0.8245277251600541,0.1752773496310537,0.04209885505591622,0.767666033658052,0.1902351112860318,0.8245277251600541,65.1499050487078,0.7367915877400814,SIDE,0.767666033658052,94.3484055804033,HIGH,0.9192629368629044,1.0,22
NIFTYIT,2024-12-30,SIDE,0.0011906764807049608,0.750918934574713,0.24789038894458204,0.04127932823575283,0.7042190480512077,0.25450162371303936,0.750918934574713,55.632857207681155,0.6263784018620695,SIDE,0.7042190480512077,94.34185681292008,HIGH,0.9191693830417155,1.0,23
NIFTYIT,2024-12-31,BEAR,3.135574960333857e-05,0.01709516370748454,0.9828734805429121,0.024823654879254035,0.07043263117877077,0.9047437139419753,0.9828734805429121,85.71155709129627,0.974310220814368,BEAR,0.9047437139419753,67.39148418569305,MODERATE,0.9198783455099006,0.1,1
NIFTYIT,2025-01-01,BEAR,1.0435327852755533e-05,0.0013334643478633838,0.9986561003242838,0.024473180669403852,0.05682007563805485,0.9187067436925413,0.9986561003242838,87.8060115538812,0.9979841504864256,BEAR,0.9187067436925413,70.39250886579296,MODERATE,0.9198929837970424,0.2,2
NIFTYIT,2025-01-02,BEAR,0.0006415835796036109,0.058828030181533555,0.9405303862388629,0.026166292712686074,0.10653859226272437,0.8672951150245896,0.9405303862388629,80.09426725368843,0.9107955793582941,BEAR,0.8672951150245896,73.38301996979261,MODERATE,0.9197574281398947,0.3,3
NIFTYIT,2025-01-03,BEAR,1.9172755369450456e-05,0.003101400603733616,0.9968794266408969,0.024517268570580387,0.05834768077190047,0.9171350506575192,0.9968794266408969,87.57025759862786,0.9953191399613454,BEAR,0.9171350506575192,76.39232768675835,HIGH,0.9198903955251193,0.4,4
NIFTYIT,2025-01-06,BEAR,2.7086855562835314e-05,0.006391595258184493,0.9935813178862527,0.024593079715595993,0.061189655586070146,0.9142172646983338,0.9935813178862527,87.13258970475006,0.990371976829379,BEAR,0.9142172646983338,79.39207702197336,HIGH,0.9198868145996194,0.5,5
NIFTYIT,2025-01-07,BEAR,1.0174834633996296e-05,0.0017617552167596552,0.9982280699486064,0.02448208451575806,0.05718987324250942,0.9183280422417326,0.9982280699486064,87.74920633625989,0.9973421049229095,BEAR,0.9183280422417326,82.39248961484358,HIGH,0.9198927087834798,0.6,6
NIFTYIT,2025-01-08,BEAR,4.21629428503058e-05,0.012179950328112565,0.9877778867290371,0.02472731405862041,0.0661896008776722,0.9090830850637073,0.9877778867290371,86.3624627595561,0.9816668300935555,BEAR,0.9090830850637073,85.39162408232781,HIGH,0.9198803440332545,0.7,7
NIFTYIT,2025-01-09,BEAR,7.150482286014858e-06,0.0010685176627558207,0.9989243318549581,0.02446509716048863,0.056590919519593434,0.9189439833199178,0.9989243318549581,87.8415974979877,0.9983864977824372,BEAR,0.9189439833199178,88.39255649397185,HIGH,0.919893664199598,0.8,8
NIFTYIT,2025-01-10,BEAR,0.29259208532944364,0.20964010296498242,0.49776781170557394,0.24756821568684534,0.27015982216101087,0.4822719621521438,0.49776781170557394,22.34079432282157,0.2466517175583609,BEAR,0.4822719621521438,88.34908923470189,HIGH,0.8764155604957414,0.9,9
NIFTYIT,2025-01-13,SIDE,0.004669058190408698,0.8696817528484365,0.12564918896115473,0.04640197860667067,0.8071681376406719,0.14642988375265756,0.8696817528484365,71.07522064610077,0.8045226292726546,SIDE,0.8071681376406719,67.29971486691423,MODERATE,0.9185673552416318,0.1,1
NIFTYIT,2025-01-14,BEAR,0.0006383374088401424,0.13167163776448843,0.8676900248266715,0.027711343036261587,0.16943837614420856,0.8028502808195298,0.8676900248266715,70.42754212292948,0.8015350372400072,BEAR,0.8028502808195298,91.37932018323099,HIGH,0.9197045740461569,0.9,1
NIFTYIT,2025-01-15,BEAR,0.0003780030186479991,0.43087453162435657,0.5687474653569954,0.033872986459981595,0.4277690638602873,0.5383579496797312,0.5687474653569954,30.753692451959676,0.3531211980354931,BEAR,0.5383579496797312,91.36668370022146,HIGH,0.9195240528603066,0.9,2
NIFTYIT,2025-01-16,BEAR,0.00026447108963192646,0.3645204973659091,0.6352150315444588,0.032378521791246395,0.37045964181271496,0.5971618363960386,0.6352150315444588,39.57427545940579,0.45282254731668836,BEAR,0.5971618363960386,91.37126133706096,HIGH,0.9195894476722994,0.9,3
NIFTYIT,2025-01-17,BEAR,2.2447951565935976e-06,1.625433792424785e-05,0.9999815008669191,0.024439076653720037,0.05568173331983368,0.9198791900264464,0.9999815008669191,87.9818785039669,0.9999722513003786,BEAR,0.9198791900264464,91.39266127505535,HIGH,0.9198951610722192,0.9,4
NIFTYIT,2025-01-20,BEAR,8.229933415067696e-05,0.00012111307026695478,0.9997965875955823,0.024501135451392427,0.05578143567986657,0.9197174288687409,0.9997965875955823,87.95761433031113,0.9996948813933735,BEAR,0.9197174288687409,91.39182609864838,HIGH,0.919883229980691,0.9,5
NIFTYIT,2025-01-21,BEAR,1.4754875620123356e-06,9.246494006587205e-06,0.9999892780184314,0.024438352814889798,0.055675594075930375,0.9198860531091799,0.9999892780184314,87.98290796637698,0.9999839170276471,BEAR,0.9198860531091799,91.39266960845352,HIGH,0.9198952801207645,0.9,6
NIFTYIT,2025-01-22,BEAR,9.31979983903805e-05,0.0003184123067652578,0.9995883896948444,0.024513472289378665,0.055953049434284384,0.9195334782763369,0.9995883896948444,87.93002174145053,0.9993825845422665,BEAR,0.9195334782763369,91.39170301685495,HIGH,0.9198814716693565,0.9,7
NIFTYIT,2025-01-23,BEAR,0.004356807460953871,0.026771921374980915,0.9688712711640651,0.02826198423563554,0.07928325123178036,0.8924547645325841,0.9688712711640651,83.8682146798876,0.9533069067460975,BEAR,0.8924547645325841,91.34615292930135,HIGH,0.9192307561328766,0.9,8
NIFTYIT,2025-01-24,BEAR,0.0011101005888813835,0.3485976349984388,0.6502922644126798,0.032672266336878995,0.35680704556708354,0.6105206880960374,0.6502922644126798,41.578103214405616,0.47543839661901977,BEAR,0.6105206880960374,91.36331208879635,HIGH,0.919475886982805,0.9,9
NIFTYIT,2025-01-27,BEAR,3.069441106300143e-06,1.598269624194859e-05,0.9999809478626518,0.024439687207277416,0.05568159308793795,0.9198787197047845,0.9999809478626518,87.9818079557177,0.9999714217939777,BEAR,0.9198787197047845,94.39265274114321,HIGH,0.9198950391591888,1.0,10
NIFTYIT,2025-01-28,BEAR,2.5486393856942215e-06,2.5739425790707883e-05,0.9999717119348235,0.02443950524045209,0.05568995841027561,0.9198705363492723,0.9999717119348235,87.98058045239084,0.9999575679022352,BEAR,0.9198705363492723,94.39265763943341,HIGH,0.919895109134763,1.0,11
NIFTYIT,2025-01-29,BEAR,0.00036729029229380905,0.002939457006363404,0.9966932527013428,0.024774004512808964,0.05824766360172437,0.9169783318854667,0.9966932527013428,87.54674978282002,0.9950398790520142,BEAR,0.9169783318854667,94.38872758846108,HIGH,0.9198389655494442,1.0,12
NIFTYIT,2025-01-30,BEAR,7.741791026599741e-06,0.0003064943040036868,0.9996857639049697,0.024449350806427565,0.05593298312565436,0.9196176660679182,0.9996857639049697,87.94264991018771,0.9995286458574545,BEAR,0.9196176660679182,94.39258942057131,HIGH,0.9198941345795904,1.0,13
NIFTYIT,2025-01-31,BEAR,5.487915653559381e-05,0.004431561270431478,0.9955135595730329,0.024572212529946083,0.0595003534133195,0.9159274340567345,0.9955135595730329,87.38911510851017,0.9932703393595493,BEAR,0.9159274340567345,94.39188939910959,HIGH,0.9198841342729942,1.0,14
NIFTYIT,2025-02-03,BEAR,2.476121747086974e-05,0.0015715490393926994,0.9984036897431364,0.024488945387492366,0.05702729949831547,0.9184837551141922,0.9984036897431364,87.77256326712883,0.9976055346147045,BEAR,0.9184837551141922,94.3923481688661,HIGH,0.9198906881266585,1.0,15
NIFTYIT,2025-02-04,BEAR,0.00027325294502061616,0.01581194150655221,0.9839148055484273,0.024977183574212553,0.06935224422190657,0.9056705722038809,0.9839148055484273,85.85058583058213,0.9758722083226409,BEAR,0.9056705722038809,94.38904257868334,HIGH,0.9198434654097621,1.0,16
NIFTYIT,2025-02-05,BEAR,0.00030248746824234365,0.05359483129840331,0.9461026812333543,0.0258016857747847,0.10198095805880594,0.8722173561664094,0.9461026812333543,80.83260342496139,0.9191540218500316,BEAR,0.8722173561664094,94.3868030727102,HIGH,0.9198114724672886,1.0,17
NIFTYIT,2025-02-06,BEAR,0.0017380069398077354,0.44488711405453124,0.5533748790056611,0.03518710757923334,0.440024439181497,0.5247884532392696,0.5533748790056611,28.71826798589044,0.3300623185084916,BEAR,0.5247884532392696,94.35186845091663,HIGH,0.9193124064416663,1.0,18
NIFTYIT,2025-02-07,SIDE,0.0004132316819319861,0.9202917935010364,0.0792949748170317,0.04429640762522603,0.8503828839837473,0.1053207083910267,0.9202917935010364,77.5574325975621,0.8804376902515543,SIDE,0.8503828839837473,67.34123456235042,MODERATE,0.9191604937478631,0.1,1
NIFTYIT,2025-02-10,SIDE,0.00036075172854722936,0.9775178701299987,0.02212137814145409,0.04547288557403176,0.8997913624411911,0.0547357519847772,0.9775178701299987,84.96870436617866,0.966276805194998,SIDE,0.8997913624411911,70.33884554786776,MODERATE,0.9191263649695396,0.2,2
NIFTYIT,2025-02-11,BEAR,0.0003839283867392268,0.3429170714335823,0.6566990001796784,0.0320088625600073,0.35181883695325455,0.6161723004867381,0.6566990001796784,42.42584507301071,0.4850485002695178,BEAR,0.6161723004867381,88.37113034205673,HIGH,0.9195875763150961,0.8,1
NIFTYIT,2025-02-12,BEAR,9.386249946227147e-06,0.003227750039763028,0.9967628637102908,0.024512638472322233,0.0584556635311351,0.9170316979965426,0.9967628637102908,87.5547546994814,0.9951442955654362,BEAR,0.9170316979965426,88.39242265263233,HIGH,0.9198917521804619,0.8,2
NIFTYIT,2025-02-13,BEAR,1.0230954347835518e-06,1.8305094740912105e-05,0.9999806718098243,0.024438207145134925,0.05568336439214609,0.9198784284627188,0.9999806718098243,87.98176426940786,0.9999710077147365,BEAR,0.9198784284627188,88.39267383342782,HIGH,0.9198953404775404,0.8,3
NIFTYIT,2025-02-14,BEAR,6.809032268269619e-06,0.00044641112153877955,0.999546779846193,0.024451626048374177,0.056053694025085865,0.9194946799265399,0.999546779846193,87.924201988981,0.9993201697692895,BEAR,0.9194946799265399,88.39259191792422,HIGH,0.9198941702560605,0.8,4
NIFTYIT,2025-02-17,BEAR,3.4837960074657415e-06,0.00012729725302029353,0.9998692189509721,0.02444236163437878,0.055777760146580306,0.919779878219041,0.9998692189509721,87.96698173285614,0.9998038284264582,BEAR,0.919779878219041,88.3926427409879,HIGH,0.9198948962998271,0.8,5
NIFTYIT,2025-02-18,BEAR,4.401170918786735e-06,0.00018371366525113617,0.99981188516383,0.02444424576253234,0.055826580422895726,0.919729173814572,0.99981188516383,87.95937607218578,0.999717827745745,BEAR,0.919729173814572,88.39263034047926,HIGH,0.9198947191497038,0.8,6
NIFTYIT,2025-02-19,BEAR,5.677897401447838e-07,7.674505347533067e-06,0.9999917577049123,0.024437641024236383,0.055674132840482435,0.9198882261352813,0.9999917577049123,87.98323392029218,0.9999876365573683,BEAR,0.9198882261352813,88.39267909772755,HIGH,0.9198954156818222,0.8,7
NIFTYIT,2025-02-20,BEAR,6.683023278506411e-07,1.1738508007441869e-05,0.9999875931896648,0.02443780248031859,0.05567765358747632,0.9198845439322051,0.9999875931896648,87.98268158983075,0.999981389784497,BEAR,0.9198845439322051,88.39267784757708,HIGH,0.9198953978225297,0.8,8
NIFTYIT,2025-02-21,BEAR,3.1216721651607524e-07,2.5566928736972795e-06,0.9999971311399098,0.024437341255074425,0.055669684390342304,0.9198929743545834,0.9999971311399098,87.9839461531875,0.9999956967098648,BEAR,0.9198929743545834,91.39268200967453,HIGH,0.9198954572810647,0.9,9
NIFTYIT,2025-02-24,BEAR,5.662016171857861e-09,3.723490661811219e-12,0.9999999943342603,0.024437057865235926,0.0556674416392801,0.9198955004954839,0.9999999943342603,87.98432507432258,0.9999999915013905,BEAR,0.9198955004954839,94.39268531777914,HIGH,0.9198955045397021,1.0,10
NIFTYIT,2025-02-25,BEAR,6.426899774462604e-09,1.034446409848096e-11,0.9999999935627557,0.024437058437035634,0.05566744173249077,0.9198954998304735,0.9999999935627557,87.98432497457104,0.9999999903441336,BEAR,0.9198954998304735,94.39268530985044,HIGH,0.9198955044264349,1.0,11
NIFTYIT,2025-02-27,BEAR,6.608761756240752e-09,4.123249434942595e-12,0.9999999933871151,0.024437058572823564,0.055667441747921605,0.9198954996792549,0.9999999933871151,87.98432495188821,0.9999999900806726,BEAR,0.9198954996792549,94.39268530796573,HIGH,0.9198955043995105,1.0,12
NIFTYIT,2025-02-28,BEAR,1.9876062791313137e-10,7.5545639620083435e-22,0.9999999998012394,0.02443705378202642,0.05566744101113416,0.9198955052068394,0.9999999998012394,87.9843257810259,0.9999999997018592,BEAR,0.9198955052068394,94.39268537440854,HIGH,0.9198955053486936,1.0,13
NIFTYIT,2025-03-03,BEAR,1.2722823983171482e-09,1.2608931160955522e-15,0.9999999987277164,0.024437054584355633,0.055667441133933224,0.919895504281711,0.9999999987277164,87.98432564225668,0.9999999980915746,BEAR,0.919895504281711,94.39268536328096,HIGH,0.9198955051897281,1.0,14
NIFTYIT,2025-03-04,BEAR,4.4644481657811007e-10,2.456102740656457e-16,0.9999999995535549,0.02443705396714074,0.05566744103946646,0.9198955049933927,0.9999999995535549,87.98432574900892,0.9999999993303323,BEAR,0.9198955049933927,94.39268537184118,HIGH,0.9198955053120168,1.0,15
NIFTYIT,2025-03-05,BEAR,2.4562987863957376e-08,1.719123259719596e-11,0.9999999754198209,0.024437071991738835,0.05566744381295327,0.9198954841953078,0.9999999754198209,87.98432262929616,0.9999999631297312,BEAR,0.9198954841953078,94.39268512186119,HIGH,0.9198955017408743,1.0,16
NIFTYIT,2025-03-06,BEAR,3.120582001862376e-08,8.442262639451313e-10,0.9999999679499537,0.02443707697403113,0.05566744528695472,0.919895477739014,0.9999999679499537,87.9843216608521,0.9999999519249304,BEAR,0.919895477739014,94.3926850529628,HIGH,0.9198955007566115,1.0,17
NIFTYIT,2025-03-07,BEAR,1.2255025374980403e-08,2.0637701470135257e-10,0.9999999875385976,0.02443706279702728,0.055667442568431556,0.9198954946345412,0.9999999875385976,87.98432419518119,0.9999999813078965,BEAR,0.9198954946345412,94.39268524942919,HIGH,0.9198955035632743,1.0,18
NIFTYIT,2025-03-10,BEAR,1.5710678662653715e-08,3.975037967847065e-10,0.9999999838918175,0.02443706538377526,0.05566744312875391,0.9198954914874707,0.9999999838918175,87.98432372312062,0.9999999758377262,BEAR,0.9198954914874707,94.3926852136,HIGH,0.9198955030514285,1.0,19
NIFTYIT,2025-03-11,BEAR,1.02500739363227e-08,6.211677111471636e-11,0.9999999896878093,0.02443706129550112,0.055667442214521086,0.9198954964899777,0.9999999896878093,87.98432447349666,0.999999984531714,BEAR,0.9198954964899777,94.39268527021882,HIGH,0.9198955038602689,1.0,20
NIFTYIT,2025-03-12,BEAR,7.980399614694329e-10,1.7378033976985188e-16,0.9999999992019598,0.02443705422991608,0.05566744107968465,0.9198955046903992,0.9999999992019598,87.98432570355988,0.9999999988029395,BEAR,0.9198955046903992,94.39268536819665,HIGH,0.9198955052599523,1.0,21
NIFTYIT,2025-03-13,BEAR,1.0793664823829243e-09,1.4622560000322046e-14,0.999999998920619,0.02443705444017433,0.0556674411118775,0.9198955044479481,0.999999998920619,87.98432566719224,0.9999999983809285,BEAR,0.9198955044479481,94.39268536528063,HIGH,0.9198955052182948,1.0,22
NIFTYIT,2025-03-17,BEAR,2.6251197806678635e-09,1.83795288397012e-13,0.9999999973746965,0.024437055595443735,0.05566744128883918,0.9198955031157172,0.9999999973746965,87.98432546735758,0.9999999960620447,BEAR,0.9198955031157172,94.39268534925817,HIGH,0.9198955049894026,1.0,23
NIFTYIT,2025-03-18,BEAR,4.019032455677221e-08,4.201322599608056e-10,0.9999999593895432,0.024437083679864836,0.055667445948470555,0.9198954703716645,0.9999999593895432,87.98432055574969,0.9999999390843148,BEAR,0.9198954703716645,94.392684959856,HIGH,0.9198954994265143,1.0,24
NIFTYIT,2025-03-19,BEAR,1.2250512256303906e-08,3.9301561571758644e-11,0.9999999877101863,0.02443706279010494,0.05566744242364633,0.9198954947862487,0.9999999877101863,87.98432421793731,0.9999999815652793,BEAR,0.9198954947862487,94.39268524948457,HIGH,0.9198955035640654,1.0,25
NIFTYIT,2025-03-20,BEAR,2.630402501026712e-07,3.767011406192739e-08,0.9999996992896358,0.024437251024875248,0.05566750360502768,0.9198952453700971,0.9999996992896358,87.98428680551456,0.9999995489344538,BEAR,0.9198952453700971,94.3926826480049,HIGH,0.91989546640007,1.0,26
NIFTYIT,2025-03-21,BEAR,3.145487053177164e-06,1.0940370319505728e-06,0.9999957604759149,0.024439427750543485,0.055668745490757905,0.9198918267586985,0.9999957604759149,87.98377401380476,0.9999936407138723,BEAR,0.9198918267586985,94.39265271597661,HIGH,0.9198950387996658,1.0,27
NIFTYIT,2025-03-24,BEAR,1.591998086329113e-05,0.00015725946194557067,0.9998268205571912,0.024452292707618672,0.05580505494058823,0.9197426523517932,0.9998268205571912,87.96139785276897,0.9997402308357868,BEAR,0.9197426523517932,94.39251229856778,HIGH,0.9198930328366827,1.0,28
NIFTYIT,2025-03-25,BEAR,0.0004240050663419539,0.009282095273729786,0.9902938996599283,0.024951133888621253,0.06373099311694422,0.9113178729944345,0.9902938996599283,86.69768094916517,0.9854408494898923,BEAR,0.9113178729944345,94.38781463614635,HIGH,0.9198259233735192,1.0,29
NIFTYIT,2025-03-26,BEAR,1.2254031977087815e-05,0.00064926710646529,0.9993384788615576,0.024460004970648035,0.05622948217526101,0.919310512854091,0.9993384788615576,87.89657692811366,0.9990077182923364,BEAR,0.919310512854091,94.39252508107295,HIGH,0.9198932154438991,1.0,30
NIFTYIT,2025-03-27,BEAR,6.602015521282216e-05,0.00349917064267354,0.9964348092021137,0.024560731556434567,0.05869651234174941,0.9167427561018161,0.9964348092021137,87.5114134152724,0.9946522138031704,BEAR,0.9167427561018161,94.39182170511127,HIGH,0.9198831672158754,1.0,31
NIFTYIT,2025-03-28,BEAR,3.1746002355682343e-06,4.070528146722129e-05,0.9999561201182972,0.024440291003292248,0.05570295296742097,0.9198567560292868,0.9999561201182972,87.97851340439301,0.9999341801774457,BEAR,0.9198567560292868,94.3926503840202,HIGH,0.9198950054860029,1.0,32
NIFTYIT,2025-04-01,BEAR,1.299559861891535e-07,5.902686624090372e-08,0.9999998110171476,0.02443715201399665,0.05566750682325609,0.9198953411627472,0.9999998110171476,87.9843011744121,0.9999997165257213,BEAR,0.9198953411627472,94.39268402638992,HIGH,0.9198954860912846,1.0,33
NIFTYIT,2025-04-02,BEAR,2.761354607617336e-06,3.0035383087469556e-05,0.9999672032623049,0.024439755482192422,0.055693692283775194,0.9198665522340325,0.9999672032623049,87.97998283510485,0.9999508048934572,BEAR,0.9198665522340325,94.39265521436269,HIGH,0.9198950744908956,1.0,34
NIFTYIT,2025-04-03,BEAR,3.3690763490705577e-09,4.367769769576968e-14,0.99999999663088,0.024437056151459347,0.055667441373817864,0.9198955024747227,0.99999999663088,87.98432537120843,0.9999999949463199,BEAR,0.9198955024747227,94.39268534154672,HIGH,0.919895504879239,1.0,35
NIFTYIT,2025-04-04,BEAR,1.68977400934203e-10,3.750416546816215e-19,0.9999999998310226,0.024437053759767017,0.05566744100772731,0.9198955052325055,0.9999999998310226,87.98432578487582,0.9999999997465338,BEAR,0.9198955052325055,94.39268537471722,HIGH,0.9198955053531029,1.0,36
NIFTYIT,2025-04-07,BEAR,7.998257613059143e-11,2.38474022387835e-22,0.9999999999200173,0.024437053693254027,0.05566744099754738,0.9198955053091986,0.9999999999200173,87.98432579637979,0.999999999880026,BEAR,0.9198955053091986,94.39268537563972,HIGH,0.9198955053662818,1.0,37
NIFTYIT,2025-04-08,BEAR,1.263988669181452e-09,5.5059266109426205e-17,0.9999999987360113,0.024437054578157036,0.055667441132983476,0.9198955042888595,0.9999999987360113,87.98432564332892,0.999999998104017,BEAR,0.9198955042888595,94.39268536336698,HIGH,0.9198955051909569,1.0,38
NIFTYIT,2025-04-09,BEAR,6.441454631445131e-11,1.2094535978133326e-20,0.9999999999355855,0.024437053681618786,0.05566744099576658,0.9198955053226145,0.9999999999355855,87.98432579839218,0.9999999999033783,BEAR,0.9198955053226145,94.39268537580108,HIGH,0.919895505368587,1.0,39
NIFTYIT,2025-04-11,BEAR,4.696254593617191e-10,1.3357375822866886e-17,0.9999999995303746,0.0244370539844655,0.05566744104211785,0.9198955049734165,0.9999999995303746,87.98432574601249,0.9999999992955618,BEAR,0.9198955049734165,94.39268537160083,HIGH,0.9198955053085833,1.0,40
NIFTYIT,2025-04-15,BEAR,5.092386318027131e-09,7.746691259676061e-14,0.9999999949075362,0.02443705743942825,0.05566744157097297,0.9198955009895987,0.9999999949075362,87.98432514843982,0.9999999923613043,BEAR,0.9198955009895987,94.39268532368385,HIGH,0.9198955046240551,1.0,41
NIFTYIT,2025-04-16,BEAR,3.483977817592122e-09,3.0606632023155663e-13,0.9999999965157161,0.024437056237340035,0.05566744138718777,0.9198955023754721,0.9999999965157161,87.98432535632081,0.999999994773574,BEAR,0.9198955023754721,94.3926853403557,HIGH,0.9198955048622244,1.0,42
NIFTYIT,2025-04-17,BEAR,4.439429544300426e-08,2.6829467316210513e-13,0.9999999556054363,0.024437086812910992,0.055667446066803454,0.9198954671202855,0.9999999556054363,87.98432006804282,0.9999999334081543,BEAR,0.9198954671202855,94.39268491630148,HIGH,0.9198954988043069,1.0,43
NIFTYIT,2025-04-21,BEAR,5.082167366149724e-07,5.191363552250196e-09,0.9999994865918999,0.02443743357501632,0.05566750360500162,0.9198950628199821,0.9999994865918999,87.9842594229973,0.9999992298878496,BEAR,0.9198950628199821,94.39268010830249,HIGH,0.919895430118607,1.0,44
NIFTYIT,2025-04-22,BEAR,5.404865751209413e-08,3.0985704777453394e-09,0.9999999428527719,0.024437094094212273,0.05566744984651755,0.9198954560592703,0.9999999428527719,87.98431840889054,0.9999999142791579,BEAR,0.9198954560592703,94.39268481607073,HIGH,0.919895497372439,1.0,45
NIFTYIT,2025-04-23,BEAR,0.00015922728425117754,7.849420069753939e-08,0.9998406942215481,0.024556058660977643,0.05568572245406972,0.9197582188849526,0.9998406942215481,87.96373283274286,0.9997610413323221,BEAR,0.9197582188849526,94.39103490842446,HIGH,0.9198719272632067,1.0,46
NIFTYIT,2025-04-24,BEAR,3.308023041446469e-05,7.827403866067891e-05,0.9998886457309248,0.024463439990646,0.05573881427897307,0.919797745730381,0.9998886457309248,87.96966185955715,0.9998329685963873,BEAR,0.919797745730381,94.39233847290961,HIGH,0.9198905496129945,1.0,47
NIFTYIT,2025-04-25,BEAR,0.00015340529724170606,0.0003217598794906598,0.9995248348232677,0.024558541162955704,0.05596282704040917,0.9194786317966352,0.9995248348232677,87.92179476949529,0.9992872522349016,BEAR,0.9194786317966352,94.39107876894404,HIGH,0.9198725538420577,1.0,48
NIFTYIT,2025-04-28,BEAR,0.0007504402337428724,0.004487484588114986,0.9947620751781422,0.025093249308441538,0.059628206789414225,0.9152785439021441,0.9947620751781422,87.2917815853216,0.9921431127672131,BEAR,0.9152785439021441,94.3846767224701,HIGH,0.9197810960352875,1.0,49
NIFTYIT,2025-04-29,BEAR,0.1396892846116951,0.09541261761021311,0.7648980977780918,0.1308650230006265,0.1540346175022379,0.7151003594971357,0.7648980977780918,57.26505392457035,0.6473471466671377,BEAR,0.7151003594971357,92.9398515476747,HIGH,0.8991407363953531,1.0,50
NIFTYIT,2025-04-30,BULL,0.7118047102491316,0.21029621933898773,0.07789907041188074,0.5608934760174658,0.31867925826491644,0.12042726571761786,0.7118047102491316,34.134021402619865,0.5677070653736974,BULL,0.5608934760174658,60.00372397646912,MODERATE,0.8143389139495588,0.1,1
NIFTYIT,2025-05-02,BULL,0.8614002993136881,0.13574370255436388,0.002855998131947998,0.6711145150743119,0.2714154031672987,0.057470081758389406,0.8614002993136881,50.667177261146776,0.792100448970532,BULL,0.6711145150743119,61.456917925803836,MODERATE,0.7922416846543405,0.2,2
NIFTYIT,2025-05-05,BULL,0.9770182573984623,0.022973403956392476,8.338645145159704e-06,0.7551294452085174,0.1872640185141001,0.057606536277382395,0.9770182573984623,63.26941678127761,0.9655273860976934,BULL,0.7551294452085174,63.26426441082088,MODERATE,0.7752037772974413,0.3,3
NIFTYIT,2025-05-06,BULL,0.9632990688352396,0.03666794093041118,3.299023434916255e-05,0.7451669161033859,0.19751988463448938,0.05731319926212466,0.9632990688352396,61.77503741550788,0.9449486032528595,BULL,0.7451669161033859,66.4057682264221,MODERATE,0.7772252603774584,0.4,4
NIFTYIT,2025-05-07,BULL,0.7871863411182707,0.21279368300049062,1.9975881238601027e-05,0.6172852891828426,0.3294585597908356,0.05325615102632177,0.7871863411182707,42.592793377426396,0.6807795116774061,BULL,0.6172852891828426,71.22223070672165,MODERATE,0.8031747243817378,0.5,5
NIFTYIT,2025-05-08,SIDE,0.3666957527280512,0.6332980027464231,6.244525525666848e-06,0.31195196020123034,0.644463242440226,0.043584797358543585,0.6332980027464231,46.6694863660339,0.4499470041196347,SIDE,0.644463242440226,63.559257016885816,MODERATE,0.8651322430983688,0.1,1
NIFTYIT,2025-05-09,SIDE,0.02498067978504895,0.97501575322968,3.566985270940103e-06,0.0638201840613518,0.900447018460257,0.03573279747839121,0.97501575322968,85.06705276903853,0.9625236298445202,SIDE,0.900447018460257,70.0837769125425,MODERATE,0.9154825273220358,0.2,2
NIFTYIT,2025-05-12,BULL,0.9999999768736725,6.676924068660931e-11,2.30595582953993e-08,0.7718174902978202,0.17005541115266312,0.05812709854951672,0.9999999768736725,65.77262354467302,0.9999999653105087,BULL,0.7718174902978202,72.0272257703512,MODERATE,0.771817511005017,0.6,1
NIFTYIT,2025-05-13,BULL,0.9962857879225117,0.003687142248345659,2.7069829142755733e-05,0.7691199070562773,0.17281438469960167,0.05806570824412105,0.9962857879225117,65.3679860584416,0.9944286818837673,BULL,0.7691199070562773,75.06553607063803,HIGH,0.7723648010091149,0.7,2
NIFTYIT,2025-05-14,BULL,0.9965827297051809,0.0034113324628653567,5.937831953760066e-06,0.7693359762873171,0.1726101906540688,0.05805383305861415,0.9965827297051809,65.40039644309756,0.9948740945577712,BULL,0.7693359762873171,78.06247226852092,HIGH,0.7723210324074418,0.8,3
NIFTYIT,2025-05-15,BULL,0.9994750158763149,0.0005242070712066371,7.770524784714608e-07,0.7714362808682714,0.1704480125182393,0.058115706613489346,0.9994750158763149,65.7154421302407,0.9992125238144722,BULL,0.7714362808682714,78.03264036544375,HIGH,0.7718948623634821,0.8,4
NIFTYIT,2025-05-16,BULL,0.9681488745866618,0.03181695299392261,3.417241941570102e-05,0.7486885126155238,0.19388583597408307,0.05742565141039321,0.9681488745866618,62.303276892328576,0.9522233118799927,BULL,0.7486885126155238,78.35574638607808,HIGH,0.7765106626582584,0.8,5
NIFTYIT,2025-05-19,BULL,0.6636180066792471,0.3351855676051229,0.0011964257156298766,0.5275328023959721,0.42100871690881336,0.05145848069521458,0.6636180066792471,29.12992035939582,0.4954270100188708,BULL,0.5275328023959721,81.49680039590005,HIGH,0.8213828627985722,0.8,6
NIFTYIT,2025-05-20,SIDE,0.11835127673245664,0.8800463701984365,0.0016023530691069796,0.1315860307660724,0.8291218205616416,0.039292148672285886,0.8800463701984365,74.36827308424624,0.8200695552976547,SIDE,0.8291218205616416,72.12081518037449,MODERATE,0.9017259311482072,0.3,1
NIFTYIT,2025-05-21,SIDE,0.029871186214898048,0.9699392287042027,0.0001895850808993,0.06736740820643074,0.8966228755520314,0.0360097162415379,0.9699392287042027,84.4934313328047,0.9549088430563039,SIDE,0.8966228755520314,76.03334475031907,HIGH,0.9147620678617011,0.4,2
NIFTYIT,2025-05-22,SIDE,0.0018608449005982082,0.9973081818469994,0.0008309732524024754,0.04701444769905364,0.9170518077363994,0.03593374456454705,0.9973081818469994,87.55777116045991,0.995962272770499,SIDE,0.9170518077363994,76.3222820845905,HIGH,0.9188897440655786,0.4,3
NIFTYIT,2025-05-23,SIDE,0.002011690595281009,0.9978546639297914,0.00013364547492769103,0.047138796189525455,0.9175409476978887,0.03532025611258586,0.9978546639297914,87.63114215468329,0.9967819958946871,SIDE,0.9175409476978887,76.32069049089422,HIGH,0.9188670070127747,0.4,4
NIFTYIT,2025-05-26,SIDE,0.005434950797684023,0.9945219641088485,4.308509346746847e-05,0.049626474680272946,0.9150547549201068,0.035318770399620295,0.9945219641088485,87.258213238016,0.9917829461632728,SIDE,0.9150547549201068,79.28537763472795,HIGH,0.9183625376389708,0.5,5
NIFTYIT,2025-05-27,SIDE,0.0018310097984572313,0.9979491402821851,0.00021984991935776322,0.047005765932149064,0.9176018599290975,0.03539237413875345,0.9979491402821851,87.6402789893646,0.9969237104232774,SIDE,0.9176018599290975,82.32255848826651,HIGH,0.9188936926895217,0.6,6
NIFTYIT,2025-05-28,SIDE,0.001179929055416137,0.9986565393778196,0.00016353156676424517,0.046534188769531144,0.9181382203290712,0.03532759090139761,0.9986565393778196,87.72073304936066,0.9979848090667293,SIDE,0.9181382203290712,85.32927098342167,HIGH,0.9189895854774525,0.7,7
NIFTYIT,2025-05-29,SIDE,0.00450010689072794,0.9953869594192466,0.0001129336900254767,0.04894616642092846,0.915694739909543,0.035359093669528635,0.9953869594192466,87.35421098643144,0.9930804391288699,SIDE,0.915694739909543,88.29502338832626,HIGH,0.9185003341189466,0.8,8
NIFTYIT,2025-05-30,SIDE,0.007194134705678534,0.9148436481427772,0.07796221715154426,0.049248582588913674,0.8464540866506874,0.10429733076039893,0.9148436481427772,76.9681129976031,0.8722654722141656,SIDE,0.8464540866506874,91.27122661672686,HIGH,0.9181603802389552,0.9,9
NIFTYIT,2025-06-02,SIDE,0.0011747903517234663,0.9310996177635706,0.06772559188470592,0.0450951811569281,0.859802508884122,0.09510230995894982,0.9310996177635706,78.97037633261829,0.896649426645356,SIDE,0.859802508884122,94.33278672591166,HIGH,0.9190398103701667,1.0,10
NIFTYIT,2025-06-03,BEAR,0.0010544876475013668,0.4273977982575851,0.5715477140949135,0.03430471875303531,0.4248443006192971,0.5408509806276676,0.5715477140949135,31.127647094150134,0.3573215711423702,BEAR,0.5408509806276676,67.35984981808241,MODERATE,0.9194264259726058,0.1,1
NIFTYIT,2025-06-04,BEAR,0.0002451534379206841,0.05372261363013588,0.9460322329319434,0.02576155002596152,0.1020847392525976,0.8721537107214409,0.9460322329319434,80.82305660821612,0.9190483493979152,BEAR,0.8721537107214409,70.38739081710446,MODERATE,0.9198198688157779,0.2,2
NIFTYIT,2025-06-05,BEAR,0.00038825715201787787,0.03530055490769836,0.9643111879402837,0.025477148055222724,0.08619373674486486,0.8883291151999124,0.9643111879402837,83.24936727998687,0.9464667819104255,BEAR,0.8883291151999124,73.38685166232207,MODERATE,0.9198121666046012,0.3,3
NIFTYIT,2025-06-06,BEAR,0.0019086085222490574,0.24973518029060257,0.7483562111871483,0.03116883941962173,0.2715310627102529,0.6973000978701254,0.7483562111871483,54.59501468051881,0.6225343167807225,BEAR,0.6973000978701254,76.3601021587455,HIGH,0.9194300308392215,0.4,4
NIFTYIT,2025-06-09,SIDE,0.00042904885680688593,0.9953232925413392,0.00424765860185388,0.04590218469183188,0.9151740837471711,0.038923731560997044,0.9953232925413392,87.27611256207567,0.992984938812009,SIDE,0.9151740837471711,82.337225040009,HIGH,0.9191032148572715,0.6,1
NIFTYIT,2025-06-10,SIDE,0.005705363316185128,0.994247739532988,4.689715082699765e-05,0.04982275013372278,0.9148488950678064,0.03532835479847088,0.994247739532988,87.22733426017096,0.9913716092994818,SIDE,0.9148488950678064,82.28258873938701,HIGH,0.9183226962769574,0.6,2
NIFTYIT,2025-06-11,SIDE,0.050630791939248826,0.9493658713435157,3.3367172354919353e-06,0.08244567506704538,0.8812325153986263,0.036321809534328314,0.9493658713435157,82.18487730979393,0.9240488070152734,SIDE,0.8812325153986263,81.81921633174171,HIGH,0.9117030904534532,0.6,3
NIFTYIT,2025-06-12,SIDE,0.005439922033696903,0.9945430036537771,1.7074312525908723e-05,0.049630637045194874,0.915073491130129,0.03529587182467606,0.9945430036537771,87.26102366951936,0.9918145054806655,SIDE,0.915073491130129,82.28532502724633,HIGH,0.918361786103519,0.6,4
NIFTYIT,2025-06-13,SIDE,0.000569852172809488,0.9994191180619807,1.1029765209883658e-05,0.04609442931595472,0.9187269184249981,0.03517865225904713,0.9994191180619807,87.8090377637497,0.999128677092971,SIDE,0.9187269184249981,82.33555562660275,HIGH,0.9190793660943251,0.6,5
NIFTYIT,2025-06-16,SIDE,0.014350455163621137,0.9856471145383243,2.4302980545632203e-06,0.056101212678462076,0.9084111853298455,0.035487601991692444,0.9856471145383243,86.26167779947683,0.9784706718074865,SIDE,0.9084111853298455,82.19341919259142,HIGH,0.917048845608449,0.6,6
NIFTYIT,2025-06-17,SIDE,0.02332093800844246,0.9766780100266647,1.0519648928142582e-06,0.0626150381822045,0.901692515862766,0.03569244595502952,0.9766780100266647,85.2538773794149,0.9650170150399968,SIDE,0.901692515862766,85.10089570406386,HIGH,0.9157270814866267,0.7,7
NIFTYIT,2025-06-18,SIDE,0.0021272278306960343,0.9978687245232154,4.047646088507731e-06,0.0472254451616859,0.9175663050325505,0.03520824980576357,0.9978687245232154,87.63494575488257,0.9968030867848231,SIDE,0.9175663050325505,88.31949217367587,HIGH,0.9188498881953697,0.8,8
NIFTYIT,2025-06-19,SIDE,0.000836492736731082,0.9991558156536245,7.691609644456906e-06,0.0462881177128332,0.9185300583531266,0.03518182393404013,0.9991558156536245,87.779508752969,0.9987337234804367,SIDE,0.9185300583531266,91.33280526951452,HIGH,0.9190400752787788,0.9,9
NIFTYIT,2025-06-20,SIDE,0.003751086873236511,0.996247506876559,1.4062502043893128e-06,0.048404644815058365,0.9163521402141591,0.03524321497078258,0.996247506876559,87.45282103212385,0.9943712603148386,SIDE,0.9163521402141591,94.30274321982463,HIGH,0.9186106174260662,1.0,10
NIFTYIT,2025-06-23,SIDE,0.00035837964823744054,0.9996285254755813,1.3094876181222113e-05,0.04594082749783041,0.9188835509510003,0.035175621551169406,0.9996285254755813,87.83253264265004,0.9994427882133718,SIDE,0.9188835509510003,94.3377369038606,HIGH,0.9191105271980086,1.0,11
NIFTYIT,2025-06-24,SIDE,0.00021162548198239432,0.9997810967170245,7.277800993097241e-06,0.04583438749834377,0.9189985086781826,0.0351671038234736,0.9997810967170245,87.84977630172736,0.9996716450755366,SIDE,0.9189985086781826,94.33925025858368,HIGH,0.9191321465511954,1.0,12
NIFTYIT,2025-06-25,SIDE,0.0015554589904126362,0.998442223960386,2.3170492013638545e-06,0.04681029962478454,0.9179961159565623,0.0351935844186532,0.998442223960386,87.69941739348432,0.9976633359405788,SIDE,0.9179961159565623,94.32538942721231,HIGH,0.9189341346744618,1.0,13
NIFTYIT,2025-06-26,SIDE,0.0004719106189331279,0.9995250749413755,3.0144396914013454e-06,0.046023480641774514,0.9188072084182676,0.03516931093995791,0.9995250749413755,87.82108126274012,0.9992876124120633,SIDE,0.9188072084182676,94.33656540526614,HIGH,0.9190937915038019,1.0,14
NIFTYIT,2025-06-27,SIDE,0.0005459016327646194,0.9994313479344029,2.2750432832513822e-05,0.046076788959665445,0.9187347392157545,0.03518847182458002,0.9994313479344029,87.81021088236318,0.9991470219016042,SIDE,0.9187347392157545,94.33580325814938,HIGH,0.9190829036878485,1.0,15
NIFTYIT,2025-06-30,SIDE,0.00015008440443616987,0.9998288879366665,2.102765889732437e-05,0.045789408167912625,0.9190327366404552,0.035177855191632246,0.9998288879366665,87.85491049606827,0.9997433319049995,SIDE,0.9190327366404552,94.33988571072081,HIGH,0.9191412244388688,1.0,16
NIFTYIT,2025-07-01,SIDE,9.050369022920783e-05,0.9997758394815229,0.00013365682824793848,0.04574375175487855,0.9189801142007596,0.03527613404436186,0.9997758394815229,87.84701713011394,0.9996637592222842,SIDE,0.9189801142007596,94.34050601110029,HIGH,0.9191500858728614,1.0,17
NIFTYIT,2025-07-02,SIDE,0.00012348647733385283,0.9998084084208188,6.81051018473782e-05,0.04576909433394359,0.9190120101798872,0.03521889548616924,0.9998084084208188,87.85180152698307,0.9997126126312281,SIDE,0.9190120101798872,94.3401624600975,HIGH,0.919145178001393,1.0,18
NIFTYIT,2025-07-03,SIDE,9.030991341947476e-05,0.9998236665435987,8.602354298194414e-05,0.045744622959350466,0.9190213905061911,0.03523398653445846,0.9998236665435987,87.85320857592865,0.999735499815398,SIDE,0.9190213905061911,94.34050556841798,HIGH,0.9191500795488282,1.0,19
NIFTYIT,2025-07-04,SIDE,0.0001328870768138231,0.9997763372740711,9.077564911510943e-05,0.04577543884459899,0.9189853921922451,0.03523916896315598,0.9997763372740711,87.84780882883676,0.9996645059111067,SIDE,0.9189853921922451,94.34006666229526,HIGH,0.9191438094613609,1.0,20
NIFTYIT,2025-07-07,SIDE,9.943110816597375e-05,0.998261782744208,0.0016387861476261567,0.045718259584572166,0.9176737536316631,0.0366079867837646,0.998261782744208,87.65106304474945,0.9973926741163119,SIDE,0.9176737536316631,94.34049107386724,HIGH,0.9191498724838176,1.0,21
NIFTYIT,2025-07-08,SIDE,8.478448881927037e-05,0.9995852224033474,0.00032999310783336626,0.045735427900738215,0.9188148629307918,0.03544970916846991,0.9995852224033474,87.82222943961877,0.9993778336050209,SIDE,0.9188148629307918,94.34057506290074,HIGH,0.9191510723271534,1.0,22
NIFTYIT,2025-07-09,SIDE,0.00010007725250545311,0.9985121525193894,0.0013877702281052666,0.04572406131052359,0.9178900208127417,0.03638591787673469,0.9985121525193894,87.68350312191124,0.9977682287790841,SIDE,0.9178900208127417,94.34047154414658,HIGH,0.9191495934878083,1.0,23
NIFTYIT,2025-07-10,SIDE,0.00015352270943042178,0.9656104290403198,0.03423604825024975,0.045065047126938526,0.8894856315833765,0.06544932128968506,0.9656104290403198,83.42284473750645,0.9484156435604797,SIDE,0.8894856315833765,94.3416038609485,HIGH,0.9191657694421216,1.0,24
NIFTYIT,2025-07-11,BEAR,0.00040724755246392174,0.06815055556015259,0.9314421968873835,0.026189200592381306,0.11456174931730294,0.8592490500903156,0.9314421968873835,78.88735751354737,0.8971632953310751,BEAR,0.8592490500903156,67.38497116548587,MODERATE,0.9197853023640838,0.1,1
NIFTYIT,2025-07-14,BEAR,2.1583491868263874e-06,0.00010373615960403189,0.9998941054912092,0.02444087049371752,0.05575726362425658,0.9198018658820258,0.9998941054912092,87.97027988230386,0.9998411582368137,BEAR,0.9198018658820258,70.39265768742429,MODERATE,0.9198951098203471,0.2,2
NIFTYIT,2025-07-15,BEAR,3.28105367094573e-06,3.1900555026824986e-05,0.9999648183913022,0.02444018351849022,0.055695362299387006,0.9198644541821227,0.9999648183913022,87.97966812731842,0.9999472275869532,BEAR,0.9198644541821227,73.3926497318478,MODERATE,0.9198949961692543,0.3,3
NIFTYIT,2025-07-16,BEAR,8.404650785469132e-06,0.0007739382031744428,0.9992176571460402,0.024459776508655728,0.056336694831008234,0.919203528660336,0.9992176571460402,87.8805292990504,0.9988264857190601,BEAR,0.919203528660336,76.39255859194355,HIGH,0.9198936941706224,0.4,4
NIFTYIT,2025-07-17,BEAR,7.695128940987174e-07,9.884451233382852e-06,0.9999893460358725,0.024437838735870167,0.055676064194357756,0.9198860970697721,0.9999893460358725,87.9829145604658,0.9999840190538086,BEAR,0.9198860970697721,79.39267689350852,HIGH,0.9198953841929788,0.5,5
NIFTYIT,2025-07-18,BEAR,3.559431828283299e-06,9.051511022331117e-06,0.9999873890571493,0.02443990617191821,0.055675664087086275,0.9198844297409956,0.9999873890571493,87.98266446114934,0.999981083585724,BEAR,0.9198844297409956,82.39264801740629,HIGH,0.9198949716772328,0.6,6
NIFTYIT,2025-07-21,BEAR,6.736609361380091e-07,1.5856650754387275e-05,0.9999834696883094,0.024437893970318706,0.05568121019974163,0.9198808958299397,0.9999834696883094,87.98213437449094,0.9999752045324641,BEAR,0.9198808958299397,85.39267758096653,HIGH,0.9198953940138078,0.7,7
NIFTYIT,2025-07-22,BEAR,3.7452645462499465e-07,4.584124771288583e-06,0.9999950413487741,0.0244374309315473,0.055671442202584465,0.9198911268658682,0.9999950413487741,87.98366902988025,0.9999925620231612,BEAR,0.9198911268658682,88.3926812593809,HIGH,0.9198954465625842,0.8,8
NIFTYIT,2025-07-23,BEAR,7.037248375208832e-07,1.8062524427770938e-05,0.9999812337507346,0.02443796330067303,0.055683118401524345,0.9198789182978027,0.9999812337507346,87.9818377446704,0.9999718506261018,BEAR,0.9198789182978027,91.39267715628333,HIGH,0.9198953879469047,0.9,9
NIFTYIT,2025-07-24,BEAR,5.891628779141992e-08,9.693855391317733e-10,0.9999999401143267,0.024437097686951983,0.055667448564773486,0.9198954537482746,0.9999999401143267,87.9843180622412,0.99999991017149,BEAR,0.9198954537482746,94.39268476572467,HIGH,0.9198954966532095,1.0,10
NIFTYIT,2025-07-25,BEAR,1.2830069814981884e-08,1.90772309470332e-10,0.9999999869791579,0.024437063226472752,0.05566744262073513,0.9198954941527923,0.9999999869791579,87.98432412291882,0.9999999804687367,BEAR,0.9198954941527923,94.39268524346942,HIGH,0.9198955034781345,1.0,11
NIFTYIT,2025-07-28,BEAR,9.462436849173637e-09,7.851483921200819e-11,0.9999999904590482,0.024437060707184922,0.05566744213858455,0.9198954971542306,0.9999999904590482,87.98432457313459,0.9999999856885723,BEAR,0.9198954971542306,94.39268527838225,HIGH,0.9198955039768895,1.0,12
NIFTYIT,2025-07-29,BEAR,2.151125526996135e-08,3.387640096150882e-10,0.9999999781499808,0.024437069717764985,0.05566744374154855,0.9198954865406865,0.9999999781499808,87.98432298110298,0.999999967224971,BEAR,0.9198954865406865,94.39268515347734,HIGH,0.9198955021925335,1.0,13
NIFTYIT,2025-07-30,BEAR,4.302064403682808e-08,8.900629114133884e-09,0.9999999480787269,0.024437085975348438,0.05566745359509918,0.9198954604295524,0.9999999480787269,87.98431906443285,0.9999999221180904,BEAR,0.9198954604295524,94.39268493008383,HIGH,0.9198954990011976,1.0,14
NIFTYIT,2025-07-31,BEAR,2.8089777514714887e-08,6.374779667578143e-09,0.9999999655354427,0.02443707476265195,0.05566744970612703,0.919895475531221,0.9999999655354427,87.98432132968314,0.9999999483031642,BEAR,0.919895475531221,94.3926850849786,HIGH,0.91989550121398,1.0,15
NIFTYIT,2025-08-01,BEAR,3.6257083123709573e-09,1.720501113971722e-11,0.9999999963570867,0.02443705634362564,0.05566744141799223,0.9198955022383822,0.9999999963570867,87.98432533575732,0.99999999453563,BEAR,0.9198955022383822,94.39268533888574,HIGH,0.9198955048412248,1.0,16
NIFTYIT,2025-08-04,BEAR,1.793779771957769e-07,1.4760732555602193e-07,0.9999996730146972,0.024437190832814013,0.05566758896539933,0.9198952202017867,0.9999996730146972,87.984283030268,0.9999995095220457,BEAR,0.9198952202017867,94.39268350956826,HIGH,0.9198954787081182,1.0,17
NIFTYIT,2025-08-05,BEAR,6.025456574085157e-08,4.9142701680117395e-08,0.9999998906027325,0.024437099710539995,0.05566749031531651,0.9198954099741435,0.9999998906027325,87.98431149612152,0.9999998359040988,BEAR,0.9198954099741435,94.39268474938378,HIGH,0.9198954964197683,1.0,18
NIFTYIT,2025-08-06,BEAR,9.639151962039282e-09,3.240276815334636e-10,0.9999999900368204,0.024437060844473966,0.05566744237079795,0.9198954967847279,0.9999999900368204,87.98432451770923,0.9999999850552306,BEAR,0.9198954967847279,94.3926852765379,HIGH,0.9198955039505415,1.0,19
NIFTYIT,2025-08-07,BEAR,1.3646026545996933e-07,1.6163220405119576e-07,0.9999997019075305,0.024437159054897115,0.055667596166554104,0.9198952447785487,0.9999997019075305,87.98428671678231,0.9999995528612956,BEAR,0.9198952447785487,94.39268395371126,HIGH,0.9198954850530179,1.0,20
NIFTYIT,2025-08-08,BEAR,3.549036564622397e-08,1.3326383063803e-08,0.9999999511832512,0.024437080441385473,0.05566745655534622,0.9198954630032683,0.9999999511832512,87.98431945049025,0.9999999267748767,BEAR,0.9198954630032683,94.39268500791181,HIGH,0.9198955001130257,1.0,21
NIFTYIT,2025-08-11,BEAR,1.7114449239556793e-07,4.63818744685728e-07,0.999999365036763,0.024437191396806703,0.055667861070846064,0.9198949475323471,0.999999365036763,87.98424212985209,0.9999990475551443,BEAR,0.9198949475323471,94.39268357870539,HIGH,0.9198954796957912,1.0,22
NIFTYIT,2025-08-12,BEAR,3.259351861932847e-07,2.1299210231033345e-06,0.9999975441437907,0.024437342478721695,0.055669317449496734,0.9198933400717815,0.9999975441437907,87.98400101076722,0.9999963162156861,BEAR,0.9198933400717815,94.3926818888364,HIGH,0.919895455554806,1.0,23
NIFTYIT,2025-08-13,BEAR,7.040170647595594e-07,1.839093293873248e-05,0.9999809050499965,0.024437970495729065,0.05568340201434857,0.9198786274899222,0.9999809050499965,87.98179412348833,0.9999713575749946,BEAR,0.9198786274899222,94.39267713642239,HIGH,0.919895387663177,1.0,24
NIFTYIT,2025-08-14,BEAR,4.861900989015643e-06,0.0002223800078693202,0.9997727580911417,0.02444541152398305,0.05586002135251129,0.9196945671235056,0.9997727580911417,87.95418506852583,0.9996591371367126,BEAR,0.9196945671235056,94.39262358304414,HIGH,0.9198946226149165,1.0,25
NIFTYIT,2025-08-18,BEAR,2.1824116012430223e-06,0.00016480095668683283,0.999833016631712,0.02444218572702019,0.05580999557754574,0.919747818695434,0.999833016631712,87.9621728043151,0.999749524947568,BEAR,0.919747818695434,94.39265430826802,HIGH,0.9198950615466862,1.0,26
NIFTYIT,2025-08-19,BEAR,8.596168129876192e-06,0.0013185862314254173,0.9986728176004447,0.024471490049355792,0.056807018068021055,0.9187214918826231,0.9986728176004447,87.80822378239348,0.998009226400667,BEAR,0.9187214918826231,94.39252869207348,HIGH,0.9198932670296213,1.0,27
NIFTYIT,2025-08-20,BEAR,0.0038208295918666043,0.05729462547103748,0.9388845449370959,0.028509823667714988,0.10557817111543691,0.865912005216848,0.9388845449370959,79.88680078252722,0.9083268174056439,BEAR,0.865912005216848,94.35014421410828,HIGH,0.9192877744872611,1.0,28
NIFTYIT,2025-08-21,SIDE,0.000874208757335424,0.7553680070968765,0.2437577841457881,0.041137321738417235,0.7080246037531144,0.2508380745084684,0.7553680070968765,56.203690562967154,0.6330520106453147,SIDE,0.7080246037531144,67.34490911923375,MODERATE,0.9192129874176251,0.1,1
NIFTYIT,2025-08-22,SIDE,0.0003034885042046369,0.9824690210568677,0.01722749043892773,0.04553526951582733,0.9040601106553564,0.050404619828816326,0.9824690210568677,85.60901659830344,0.9737035315853014,SIDE,0.9040601106553564,70.33918534746009,MODERATE,0.9191312192494299,0.2,2
NIFTYIT,2025-08-25,SIDE,0.009869050239568692,0.9892415137605844,0.0008894359998467623,0.052828257000140336,0.9110023154334943,0.03616942756636535,0.9892415137605844,86.65034731502415,0.9838622706408765,SIDE,0.9110023154334943,73.23968679256919,MODERATE,0.9177098113224169,0.3,3
NIFTYIT,2025-08-26,SIDE,0.0018652136691497169,0.9977207445522217,0.0004140417786284644,0.04702647723890167,0.9174085536681537,0.03556496909294466,0.9977207445522217,87.61128305022304,0.9965811168283327,SIDE,0.9174085536681537,76.32221565532568,HIGH,0.9188887950760811,0.4,4
NIFTYIT,2025-08-28,SIDE,0.00039891150324642663,0.9978804108704387,0.001720677626314941,0.04593398358296298,0.9173786975442865,0.036687318872750535,0.9978804108704387,87.60680463164296,0.996820616305658,SIDE,0.9173786975442865,79.33740636821159,HIGH,0.9191058052601657,0.5,5
NIFTYIT,2025-08-29,SIDE,0.000281905320184619,0.9887518551736922,0.010966239506123205,0.04565261005961857,0.909482843188141,0.04486454675224037,0.9887518551736922,86.42242647822115,0.9831277827605384,SIDE,0.909482843188141,82.33908705461235,HIGH,0.9191298150658906,0.6,6
NIFTYIT,2025-09-01,SIDE,0.0006978487485175057,0.9990738850974249,0.00022826615405772328,0.04618275738804112,0.9184434524504624,0.035373790161496395,0.9990738850974249,87.76651786756935,0.9986108276461372,SIDE,0.9184434524504624,85.33424657737287,HIGH,0.919060665391041,0.7,7
NIFTYIT,2025-09-02,SIDE,0.00018708592396504459,0.9996935648812618,0.00011934919477303631,0.045814187601817345,0.9189201182681321,0.03526569413005058,0.9996935648812618,87.83801774021983,0.9995403473218929,SIDE,0.9189201182681321,88.33950910863352,HIGH,0.9191358444090504,0.8,8
NIFTYIT,2025-09-03,SIDE,0.0001417950629184282,0.9990315331031145,0.0008266718339670012,0.045766274013958316,0.9183432758239288,0.035890450162112876,0.9990315331031145,87.7514913735893,0.9985472996546718,SIDE,0.9183432758239288,91.34001250017891,HIGH,0.9191430357168416,0.9,9
NIFTYIT,2025-09-04,SIDE,0.00017516140613331777,0.9916381160469941,0.00818672254687247,0.045634146949579645,0.911962907347732,0.04240294570268833,0.9916381160469941,86.7944361021598,0.9874571740704914,SIDE,0.911962907347732,94.34004557558386,HIGH,0.9191435082226266,1.0,10
NIFTYIT,2025-09-05,SIDE,0.0003697684370464566,0.5427897829368574,0.4568404486260961,0.03624433948811429,0.5244064806052013,0.4393491799066844,0.5427897829368574,28.660972090780202,0.31418467440528614,SIDE,0.5244064806052013,94.3610330919626,HIGH,0.9194433298851802,1.0,11
NIFTYIT,2025-09-08,BEAR,2.5920762529311008e-05,0.01613943498608024,0.9838346442513903,0.024799289547739207,0.06960674166602838,0.9055939687862324,0.9838346442513903,85.83909531793486,0.9757519663770855,BEAR,0.9055939687862324,67.39158950555077,MODERATE,0.9198798500792966,0.1,1
NIFTYIT,2025-09-09,BEAR,0.002702700454773994,0.07182301494354185,0.9254742846016842,0.027982794288631162,0.1179954750770493,0.8540217306343194,0.9254742846016842,78.10325959514792,0.8882114269025262,BEAR,0.8540217306343194,70.36098951698622,MODERATE,0.9194427073855174,0.2,2
NIFTYIT,2025-09-10,SIDE,0.021127565524526912,0.6449990429668757,0.3338733915085974,0.05392962636530015,0.6150381981081664,0.3310321755265335,0.6449990429668757,42.25572971622496,0.46749856445031357,SIDE,0.6150381981081664,88.14063047494618,HIGH,0.9162947210706598,0.8,1
NIFTYIT,2025-09-11,SIDE,0.0003496273394587359,0.989336214292065,0.010314158368476307,0.04571563819273516,0.9099951814651729,0.044289180342091936,0.989336214292065,86.49927721977592,0.9840043214380975,SIDE,0.9099951814651729,88.33835513473389,HIGH,0.9191193590676269,0.8,2
NIFTYIT,2025-09-12,SIDE,0.00024435542961001204,0.9994272646783574,0.00032837989203262524,0.045851332477511504,0.9186967200821027,0.03545194744038581,0.9994272646783574,87.80450801231538,0.999140897017536,SIDE,0.9186967200821027,88.33892913248792,HIGH,0.9191275590355418,0.8,3
NIFTYIT,2025-09-15,SIDE,0.00016804353499052436,0.9971515181539594,0.0026804383110500805,0.04574595291077298,0.9167228931660598,0.03753115392316719,0.9971515181539594,87.50843397490897,0.9957272772309391,SIDE,0.9167228931660598,88.33983677861647,HIGH,0.9191405254088069,0.8,4
NIFTYIT,2025-09-16,SIDE,0.0003005593654651157,0.9991647733287489,0.0005346673057860646,0.04588776188176416,0.9184764889368429,0.035635749181393,0.9991647733287489,87.77147334052643,0.9987471599931231,SIDE,0.9184764889368429,88.33836000624903,HIGH,0.9191194286607005,0.8,5
NIFTYIT,2025-09-17,SIDE,0.0003656818803049283,0.9995712404338611,6.307768583386303e-05,0.04594506809026389,0.9188349208408766,0.035220011068859504,0.9995712404338611,87.8252381261315,0.9993568606507915,SIDE,0.9188349208408766,88.33766414888277,HIGH,0.9191094878411824,0.8,6
NIFTYIT,2025-09-18,SIDE,0.001198850668788461,0.9987872853393625,1.3863991849154413e-05,0.04655110795712464,0.918253283333494,0.03519560870938146,0.9987872853393625,87.73799250002409,0.9981809280090437,SIDE,0.918253283333494,88.32906815110901,HIGH,0.918986687872986,0.8,7
NIFTYIT,2025-09-19,SIDE,0.0006972057705831775,0.9992198433033,8.295092611687324e-05,0.046185377548674696,0.9185694132112904,0.03524520924003489,0.9992198433033,87.78541198169354,0.9988297649549499,SIDE,0.9185694132112904,88.33424576137658,HIGH,0.9190606537339513,0.8,8
NIFTYIT,2025-09-22,BEAR,0.011884458277149172,0.3894097344295255,0.5987058072933253,0.04159181554893671,0.3932805823100984,0.5651276021409649,0.5987058072933253,34.76914032114474,0.398058710939988,BEAR,0.5651276021409649,70.24953918481773,MODERATE,0.9178505597831105,0.2,1
NIFTYIT,2025-09-23,BEAR,0.0002981486750083526,0.39306630160133216,0.6066355497236594,0.033010113671750725,0.395112678539473,0.5718772077887764,0.6066355497236594,35.78158116831646,0.4099533245854893,BEAR,0.5718772077887764,70.36944920266686,MODERATE,0.919563560038098,0.2,2
NIFTYIT,2025-09-24,BEAR,0.0001559636741194107,0.22464558060612663,0.7751984557197539,0.029325947991450607,0.24966581520143002,0.7210082368071193,0.7751984557197539,58.1512355210679,0.662797683579631,BEAR,0.7210082368071193,73.37955503931836,MODERATE,0.9197079291331196,0.3,3
NIFTYIT,2025-09-25,BEAR,3.716465577045446e-05,0.007391488108032365,0.9925713472361971,0.024621853209669368,0.062054211723853954,0.9133239350664767,0.9925713472361971,86.9985902599715,0.9888570208542958,BEAR,0.9133239350664767,76.39192131368988,HIGH,0.9198845901955698,0.4,4
NIFTYIT,2025-09-26,BEAR,7.592099560704776e-07,1.5279257548799355e-07,0.9999990879974684,0.024437624298056116,0.0556676597686459,0.9198947159332981,0.9999990879974684,87.9842073899947,0.9999986319962024,BEAR,0.9198947159332981,79.39267749907738,HIGH,0.9198953928439626,0.5,5
NIFTYIT,2025-09-29,BEAR,5.262884200245359e-07,7.771341345124999e-07,0.9999986965774456,0.024437463480452122,0.05566817224158898,0.9198943642779588,0.9999986965774456,87.98415464169383,0.9999980448661682,BEAR,0.9198943642779588,82.39267988141702,HIGH,0.9198954268773861,0.6,6
NIFTYIT,2025-09-30,BEAR,1.5048403680368028e-07,8.277594321596953e-08,0.9999997667400199,0.024437167860781542,0.05566752967864837,0.91989530246057,0.9999997667400199,87.9842953690855,0.99999965011003,BEAR,0.91989530246057,85.39268381239003,HIGH,0.9198954830341435,0.7,7
NIFTYIT,2025-10-01,BEAR,7.759683456461635e-07,3.6256363433548254e-06,0.999995598395311,0.024437710599414932,0.05567066047189776,0.9198916289286874,0.999995598395311,87.9837443393031,0.9999933975929666,BEAR,0.9198916289286874,88.39267714737622,HIGH,0.9198953878196604,0.8,8
NIFTYIT,2025-10-03,BEAR,8.357129603285913e-07,5.953951260867299e-06,0.9999932103357788,0.024437804713673923,0.055672677796307225,0.9198895174900189,0.9999932103357788,87.98342762350282,0.9999898155036681,BEAR,0.9198895174900189,91.3926764087633,HIGH,0.9198953772680472,0.9,9
NIFTYIT,2025-10-06,BEAR,7.378767953129468e-05,0.002934755223852195,0.9969914570966164,0.024554546513029053,0.058210030463014845,0.9172354230239561,0.9969914570966164,87.58531345359341,0.9954871856449248,BEAR,0.9172354230239561,94.39177011898761,HIGH,0.9198824302712517,1.0,10
NIFTYIT,2025-10-07,BEAR,2.234564014398976e-05,0.004286736542585148,0.9956909178172708,0.024544820985325424,0.059371576414173254,0.9160836026005014,0.9956909178172708,87.4125403900752,0.9935363767259062,BEAR,0.9160836026005014,94.39223404663173,HIGH,0.9198890578090249,1.0,11
NIFTYIT,2025-10-08,BEAR,0.00032098131764044186,0.08101325185524465,0.9186657668271149,0.026397979692473355,0.12565876678448754,0.8479432535230391,0.9186657668271149,77.19148802845586,0.8779986502406721,BEAR,0.8479432535230391,94.38520610622633,HIGH,0.9197886586603763,1.0,12
NIFTYIT,2025-10-09,SIDE,0.0006706793268080428,0.6269918011466323,0.37233751952655963,0.03825800687834109,0.597148997202689,0.36459299591896993,0.6269918011466323,39.57234958040335,0.4404877017199485,SIDE,0.597148997202689,67.35359842791566,MODERATE,0.919337120398795,0.1,1
NIFTYIT,2025-10-10,SIDE,0.0001890948773973471,0.9602480473701779,0.03956285775242477,0.04497771560191668,0.884859306119728,0.07016297827835533,0.9602480473701779,82.72889591795918,0.9403720710552667,SIDE,0.884859306119728,70.34150997583322,MODERATE,0.9191644282261889,0.2,2
NIFTYIT,2025-10-13,SIDE,0.00010250056357324078,0.9967852181358572,0.0031122813005696618,0.045689185763590094,0.9163990972810904,0.03791171695531961,0.9967852181358572,87.45986459216354,0.9951778272037858,SIDE,0.9163990972810904,73.34053493553513,MODERATE,0.9191504990790734,0.3,3
NIFTYIT,2025-10-14,SIDE,0.00010505187266026372,0.9984122437439018,0.0014827043834379884,0.04572565680040439,0.917804319033211,0.03647002416638461,0.9984122437439018,87.67064785498165,0.9976183656158527,SIDE,0.917804319033211,76.34042510051981,HIGH,0.9191489300074258,0.4,4
NIFTYIT,2025-10-15,SIDE,0.00022218442160603993,0.9994810348403946,0.0002967807379993513,0.045835904583099565,0.9187406142989564,0.035423481117944,0.9994810348403946,87.81109214484344,0.999221552260592,SIDE,0.9187406142989564,79.33915618931289,HIGH,0.9191308027044698,0.5,5
NIFTYIT,2025-10-16,SIDE,0.00018921933924407586,0.9997834296271984,2.7351033557640783e-05,0.045817691145135356,0.9189979601432666,0.03518434871159809,0.9997834296271984,87.84969402148998,0.9996751444407975,SIDE,0.9189979601432666,82.3394823889885,HIGH,0.9191354626998357,0.6,6
NIFTYIT,2025-10-17,SIDE,0.06515607457451164,0.9332658275120281,0.0015780979134601204,0.0929595609722775,0.8689917114785639,0.03804872754915858,0.9332658275120281,80.34875672178458,0.8998987412680424,SIDE,0.8689917114785639,84.66948026922678,HIGH,0.9095640038460969,0.7,7
NIFTYIT,2025-10-20,SIDE,0.0009752069130936413,0.9990125402366651,1.2252850241339745e-05,0.04638874625984131,0.9184222078539643,0.03518904588619432,0.9990125402366651,87.76333117809465,0.9985188103549975,SIDE,0.9184222078539643,88.33137477654735,HIGH,0.9190196396649624,0.8,8
NIFTYIT,2025-10-21,SIDE,0.0003182626342188396,0.9996773907532261,4.3466125550748616e-06,0.04591188291081823,0.9189211570131305,0.03516696007605124,0.9996773907532261,87.83817355196956,0.9995160861298392,SIDE,0.9189211570131305,91.3381502306791,HIGH,0.9191164318668443,0.9,9
NIFTYIT,2025-10-23,SIDE,0.14315383221121813,0.8568354084315959,1.0759357185828354e-05,0.14962988645761813,0.8119163646905648,0.03845374885181705,0.8568354084315959,71.78745470358471,0.7852531126473938,SIDE,0.8119163646905648,92.86491491291677,HIGH,0.8980702130416682,1.0,10
NIFTYIT,2025-10-24,SIDE,0.0027954171137154465,0.9972025907637828,1.9921225017265816e-06,0.047710685546031334,0.9170675340916764,0.03522178036229229,0.9972025907637828,87.56013011375144,0.995803886145674,SIDE,0.9170675340916764,94.31260022567491,HIGH,0.918751431795356,1.0,11
NIFTYIT,2025-10-27,SIDE,0.0007664094217410674,0.9992301707468142,3.419831444783918e-06,0.046237318399237344,0.9185862469816033,0.03517643461915939,0.9992301707468142,87.78793704724049,0.9988452561202211,SIDE,0.9185862469816033,94.33352790439953,HIGH,0.9190503986342791,1.0,12
NIFTYIT,2025-10-28,SIDE,0.0001846433101118005,0.9997979662282701,1.7390461618067706e-05,0.04581457992333389,0.9190099889957399,0.03517543108092613,0.9997979662282701,87.851498349361,0.9996969493424052,SIDE,0.9190099889957399,94.33952907659405,HIGH,0.9191361296656293,1.0,13
NIFTYIT,2025-10-29,SIDE,0.00020079234119578792,0.9997848413920505,1.4366266753728177e-05,0.045826370571865185,0.9190005030086352,0.0351731264194996,0.9997848413920505,87.85007545129528,0.9996772620880757,SIDE,0.9190005030086352,94.33936235714464,HIGH,0.9191337479592093,1.0,14
NIFTYIT,2025-10-30,SIDE,8.170843860468633e-05,0.9997953092217009,0.00012298233969439503,0.045737591967372065,0.9189959201702309,0.03526648786239707,0.9997953092217009,87.84938802553464,0.9996929638325514,SIDE,0.9189959201702309,94.34059618005026,HIGH,0.9191513740007181,1.0,15
NIFTYIT,2025-10-31,SIDE,6.32575373587688e-05,0.9995607272241419,0.0003760152384993644,0.04571881870681894,0.918791249020073,0.03548993227310798,0.9995607272241419,87.81868735301094,0.9993410908362127,SIDE,0.918791249020073,94.34079945509683,HIGH,0.9191542779299547,1.0,16
NIFTYIT,2025-11-03,SIDE,0.00011331188719493533,0.9997058568634247,0.0001808312493802674,0.04575931145737644,0.9189222934816079,0.03531839506101562,0.9997058568634247,87.83834402224119,0.9995587852951371,SIDE,0.9189222934816079,94.34027318045155,HIGH,0.9191467597207365,1.0,17
NIFTYIT,2025-11-04,SIDE,0.0001002030155522513,0.9945310301014866,0.005368766882961108,0.04563958105748088,0.9144523523834781,0.039908066559040986,0.9945310301014866,87.1678528575217,0.99179654515223,SIDE,0.9144523523834781,94.3406742839943,HIGH,0.9191524897713474,1.0,18
NIFTYIT,2025-11-06,SIDE,9.02681346839341e-05,0.9958550171530731,0.0040547147122429236,0.0456602824635961,0.9155944733199435,0.03874524421646041,0.9958550171530731,87.33917099799152,0.9937825257296097,SIDE,0.9155944733199435,94.34070940563643,HIGH,0.9191529915090919,1.0,19
NIFTYIT,2025-11-07,SIDE,0.00011617171039780349,0.9651195669819543,0.034764261307647905,0.045026703935379504,0.8890575017121098,0.06591579435251077,0.9651195669819543,83.35862525681644,0.9476793504729315,SIDE,0.8890575017121098,94.34201617925555,HIGH,0.9191716597036508,1.0,20
NIFTYIT,2025-11-10,SIDE,0.00025147083434982746,0.9994097103049212,0.0003388188607289747,0.04585627746999599,0.9186823758696466,0.035461346660357426,0.9994097103049212,87.80235638044698,0.9991145654573816,SIDE,0.9186823758696466,94.33885627775555,HIGH,0.919126518253651,1.0,21
NIFTYIT,2025-11-11,SIDE,0.00033335519400365415,0.999625507510329,4.113729566736875e-05,0.04592206059675643,0.9188780824538426,0.035199856949400934,0.999625507510329,87.83171236807638,0.9994382612654933,SIDE,0.9188780824538426,94.3379964485151,HIGH,0.9191142349787874,1.0,22
NIFTYIT,2025-11-12,SIDE,0.008568544388845956,0.991420512109862,1.0943501291940394e-05,0.051902574594597434,0.9127351093079559,0.03536231609744668,0.991420512109862,86.91026639619338,0.9871307681647931,SIDE,0.9127351093079559,94.25305545410427,HIGH,0.9179007922014897,1.0,23
NIFTYIT,2025-11-13,SIDE,0.000356363052764542,0.9996145933037611,2.904364347430409e-05,0.045939024361247645,0.9188712899037331,0.03518968573501928,0.9996145933037611,87.83069348555995,0.9994218899556415,SIDE,0.9188712899037331,94.337758520862,HIGH,0.9191108360123142,1.0,24
NIFTYIT,2025-11-14,SIDE,0.00011557525344582448,0.999739038154282,0.00014538659227225333,0.04576170795042482,0.9189512042915117,0.03528708775806356,0.999739038154282,87.84268064372674,0.9996085572314228,SIDE,0.9189512042915117,94.34024801898741,HIGH,0.9191464002712489,1.0,25
NIFTYIT,2025-11-17,SIDE,9.647781364781757e-05,0.999826324036116,7.719815023604926e-05,0.045749289182714266,0.9190243907736407,0.035226320043645065,0.999826324036116,87.85365861604609,0.9997394860541741,SIDE,0.9190243907736407,94.34044149909202,HIGH,0.9191491642727432,1.0,26
NIFTYIT,2025-11-18,SIDE,9.545750498855648e-05,0.9990718749568245,0.0008326675381870197,0.045732499243934695,0.9183728103891803,0.035894690366885,0.9990718749568245,87.75592155837703,0.9986078124352366,SIDE,0.9183728103891803,94.34049074264435,HIGH,0.9191498677520621,1.0,27
NIFTYIT,2025-11-19,SIDE,0.05410265487991273,0.9456199230476799,0.0002774220724073606,0.08496089931838548,0.8783950438330812,0.036644056848533314,0.9456199230476799,81.75925657496218,0.9184298845715198,SIDE,0.8783950438330812,93.78342086596099,HIGH,0.9111917266565857,1.0,28
NIFTYIT,2025-11-20,SIDE,0.0008036458901904119,0.9991871837361579,9.170373651765206e-06,0.046264234999636986,0.9185533872790448,0.03518237772131823,0.9991871837361579,87.78300809185671,0.9987807756042368,SIDE,0.9185533872790448,94.33314413448318,HIGH,0.9190449162069025,1.0,29
NIFTYIT,2025-11-21,SIDE,0.0002908690306604239,0.9996970329817675,1.2097987572070661e-05,0.04589182674291238,0.9189349844978191,0.03517318875926856,0.9996970329817675,87.84024767467284,0.9995455494726511,SIDE,0.9189349844978191,94.33843317125874,HIGH,0.9191204738751251,1.0,30
NIFTYIT,2025-11-24,SIDE,0.03683133202968595,0.9631352679046881,3.3400065625974814e-05,0.07242474303020137,0.8915438403877004,0.036031416582098345,0.9631352679046881,83.73157605815504,0.9447029018570321,SIDE,0.8915438403877004,93.96154836000115,HIGH,0.9137364051428736,1.0,31
NIFTYIT,2025-11-25,SIDE,0.00039728695278007993,0.9995963038810758,6.40916614411501e-06,0.04596922154702503,0.9188601782645134,0.035170600188461625,0.9995963038810758,87.829026739677,0.9993944558216137,SIDE,0.9188601782645134,94.33733526320272,HIGH,0.9191047894743245,1.0,32
NIFTYIT,2025-11-26,SIDE,0.0019814023325452944,0.9980165557116268,2.0419558279112157e-06,0.0471195985337578,0.9176772759719196,0.03520312549432261,0.9980165557116268,87.65159139578795,0.9970248335674401,SIDE,0.9176772759719196,94.3209961452677,HIGH,0.9188713735038244,1.0,33
NIFTYIT,2025-11-27,SIDE,0.0013741192687974552,0.9986252248910995,6.558401030263055e-07,0.04667865750005786,0.9181333934235671,0.03518794907637507,0.9986252248910995,87.72000901353503,0.9979378373366491,SIDE,0.9181333934235671,94.3272597175157,HIGH,0.9189608531073673,1.0,34
NIFTYIT,2025-11-28,SIDE,0.0006100327127964335,0.9993885666179548,1.400669248797668e-06,0.046123810436808944,0.9187051335493948,0.035171056013796304,0.9993885666179548,87.80577003240921,0.9990828499269321,SIDE,0.9187051335493948,94.33514070267421,HIGH,0.9190734386096318,1.0,35
NIFTYIT,2025-12-01,SIDE,0.0006812862073590558,0.9993170125716326,1.7012210083423964e-06,0.046175543824678915,0.9186514974678236,0.03517295870749745,0.9993170125716326,87.79772462017353,0.998975518857449,SIDE,0.9186514974678236,94.33440579477855,HIGH,0.9190629399254078,1.0,36
NIFTYIT,2025-12-02,SIDE,0.0003494900350935221,0.9996421159135668,8.394051339718692e-06,0.04593447228753441,0.918894269373414,0.035171258339051555,0.9996421159135668,87.83414040601208,0.99946317387035,SIDE,0.918894269373414,94.33782835224147,HIGH,0.9191118336034497,1.0,37
NIFTYIT,2025-12-03,SIDE,0.002810876627547175,0.9971850554206163,4.067951836555389e-06,0.04772186716683232,0.9170541607775031,0.03522397205566449,0.9971850554206163,87.55812411662546,0.9957775831309245,SIDE,0.9170541607775031,94.31244087943949,HIGH,0.9187491554205642,1.0,38
NIFTYIT,2025-12-04,SIDE,0.05512835316127048,0.944871090387066,5.564516635040581e-07,0.08571157809967314,0.8778657574611216,0.03642266443920529,0.944871090387066,81.67986361916823,0.9173066355805988,SIDE,0.8778657574611216,93.77282741133868,HIGH,0.9110403915905526,1.0,39
NIFTYIT,2025-12-05,SIDE,0.10374759509641988,0.8962521375544275,2.67349152691801e-07,0.12101579695151983,0.8414449484070176,0.03753925464146254,0.8962521375544275,76.21674226105262,0.8443782063316412,SIDE,0.8414449484070176,93.27135846596344,HIGH,0.9038765495137636,1.0,40
NIFTYIT,2025-12-08,SIDE,0.07995867061082979,0.9200412579103994,7.147877087483064e-08,0.10374179154847095,0.8592655890335901,0.03699261941793896,0.9200412579103994,78.8898383550385,0.880061886865599,SIDE,0.8592655890335901,93.51672234985,HIGH,0.907381747855,1.0,41
NIFTYIT,2025-12-09,SIDE,0.0018565529770510425,0.9981391973182541,4.249704694969991e-06,0.047028893941922716,0.9177688952295743,0.035202210828503055,0.9981391973182541,87.66533428443613,0.9972087959773811,SIDE,0.9177688952295743,94.32228398053026,HIGH,0.9188897711504324,1.0,42
NIFTYIT,2025-12-10,SIDE,0.00017824031763073592,0.9998052241228336,1.65355595357052e-05,0.04580994863730853,0.9190155237324807,0.03517452763021081,0.9998052241228336,87.85232855987209,0.9997078361842502,SIDE,0.9190155237324807,94.3395950745685,HIGH,0.9191370724938359,1.0,43
NIFTYIT,2025-12-11,SIDE,0.0004435075315804478,0.9995541434873509,2.3489810685924002e-06,0.046002870256397974,0.9188290600164416,0.035168069727160495,0.9995541434873509,87.82435900246622,0.9993312152310264,SIDE,0.9188290600164416,94.3368583264849,HIGH,0.9190979760926415,1.0,44
NIFTYIT,2025-12-12,SIDE,0.0004485140419386342,0.9995497393543271,1.7466037343242744e-06,0.04600651846377534,0.9188258297502805,0.03516765178594423,0.9995497393543271,87.82387446254208,0.9993246090314907,SIDE,0.9188258297502805,94.33680665742669,HIGH,0.9190972379632387,1.0,45
NIFTYIT,2025-12-15,SIDE,0.0006784507197445125,0.9993208937036189,6.555766365068734e-07,0.04617350708672561,0.9186545244636328,0.0351719684496416,0.9993208937036189,87.79817866954492,0.9989813405554283,SIDE,0.9186545244636328,94.33443498699287,HIGH,0.9190633569570412,1.0,46
NIFTYIT,2025-12-16,SIDE,0.00014587117546837155,0.9998337719892714,2.0356835260290992e-05,0.04578636303886585,0.9190364720570483,0.03517716490408588,0.9998337719892714,87.85547080855724,0.999750657983907,SIDE,0.9190364720570483,94.33992913245544,HIGH,0.9191418447493633,1.0,47
NIFTYIT,2025-12-17,SIDE,0.00015706285682398174,0.9998245982642224,1.8338878953672072e-05,0.04579453259779914,0.9190298307769844,0.03517563662521636,0.9998245982642224,87.85447461654766,0.9997368973963336,SIDE,0.9190298307769844,94.33981359571027,HIGH,0.9191401942244324,1.0,48
NIFTYIT,2025-12-18,SIDE,0.0008054449201371231,0.9991894573972668,5.0976825960602176e-06,0.04626562786070133,0.9185555563634388,0.03517881577585986,0.9991894573972668,87.7833334545158,0.9987841860959003,SIDE,0.9185555563634388,94.3331253701791,HIGH,0.9190446481454159,1.0,49
NIFTYIT,2025-12-19,SIDE,0.0013166788418604613,0.9986739844155407,9.33674259888942e-06,0.04663676348623286,0.9181689265781567,0.03519430993561049,0.9986739844155407,87.72533898672351,0.9980109766233108,SIDE,0.9181689265781567,94.32785261489533,HIGH,0.9189693230699335,1.0,50
NIFTYIT,2025-12-22,SIDE,0.2043275231284414,0.795666934651801,5.542219757515285e-06,0.1940504553314583,0.7660951739410358,0.03985437072750602,0.795666934651801,64.91427609115536,0.6935004019777016,SIDE,0.7660951739410358,92.23395652808874,HIGH,0.8890565218298394,1.0,51
NIFTYIT,2025-12-23,SIDE,0.004181805261665315,0.9958114847942697,6.709944064978117e-06,0.048717292545329825,0.916024905944762,0.03525780150990815,0.9958114847942697,87.4037358917143,0.9937172271914044,SIDE,0.916024905944762,94.29830097299173,HIGH,0.9185471567570248,1.0,52
NIFTYIT,2025-12-24,SIDE,0.00023849712637234122,0.9997422346921495,1.9268181478134013e-05,0.045853645262286025,0.9189680252726491,0.03517832946506493,0.9997422346921495,87.84520379089736,0.9996133520382241,SIDE,0.9189680252726491,94.33897371341808,HIGH,0.9191281959059727,1.0,53
NIFTYIT,2025-12-26,SIDE,0.00012546981375633092,0.9995474829168863,0.0003270472693573038,0.04576503358652185,0.9187869289514706,0.03544803746200755,0.9995474829168863,87.81803934272058,0.9993212243753293,SIDE,0.9187869289514706,94.34015527505095,HIGH,0.9191450753578708,1.0,54
NIFTYIT,2025-12-29,SIDE,0.00010766072824891729,0.9986338809882399,0.0012584582835112501,0.04573231502968239,0.9179960003027774,0.036271684667540334,0.9986338809882399,87.69940004541658,0.9979508214823597,SIDE,0.9179960003027774,94.34038669901548,HIGH,0.9191483814145068,1.0,55
NIFTYIT,2025-12-30,SIDE,0.00022996577002874996,0.9956715169340655,0.004098517295905666,0.04576079150019237,0.915452001365723,0.038787207134084616,0.9956715169340655,87.31780020485846,0.9935072754010983,SIDE,0.915452001365723,94.33927078029608,HIGH,0.9191324397185154,1.0,56
NIFTYIT,2025-12-31,SIDE,0.00011112140387861956,0.9976404047800193,0.002248473816102207,0.04571379624180232,0.9171385335474225,0.037147670210775315,0.9976404047800193,87.57078003211333,0.9964606071700287,SIDE,0.9171385335474225,94.34040174590082,HIGH,0.9191485963700117,1.0,57
NIFTYIT,2026-01-01,SIDE,0.0001138651411564478,0.9993014510266393,0.0005846838322043382,0.045751133823988946,0.918573153992339,0.03567571218367211,0.9993014510266393,87.78597309885085,0.9989521765399587,SIDE,0.918573153992339,94.34028817262777,HIGH,0.9191469738946824,1.0,58
NIFTYIT,2026-01-02,SIDE,8.771412811600239e-05,0.9994594879297029,0.00045279794218116475,0.04573494637542798,0.9187066268460288,0.035558426778543296,0.9994594879297029,87.8059940269043,0.9991892318945541,SIDE,0.9187066268460288,94.34055114007877,HIGH,0.9191507305725539,1.0,59
NIFTYIT,2026-01-05,SIDE,0.00024304143092060038,0.9486302889436821,0.051126669625397234,0.04477122863905982,0.8748335903930508,0.0803951809678895,0.9486302889436821,81.22503855895759,0.9229454334155233,SIDE,0.8748335903930508,94.3415462369723,HIGH,0.9191649462424616,1.0,60
NIFTYIT,2026-01-06,SIDE,0.00010658348679337607,0.9954159065101631,0.004477510003043592,0.04566314785164195,0.9152171693679412,0.03911968278041687,0.9954159065101631,87.28257540519118,0.9931238597652446,SIDE,0.9152171693679412,94.34056279513372,HIGH,0.919150897073339,1.0,61
NIFTYIT,2026-01-07,SIDE,0.0005596884922735815,0.9992396325544893,0.00020067895323705687,0.04608302022206557,0.9185707708255233,0.0353462089524111,0.9992396325544893,87.78561562382849,0.9988594488317338,SIDE,0.9185707708255233,94.33567017694962,HIGH,0.9190810025278516,1.0,62
NIFTYIT,2026-01-08,SIDE,0.00044381137887036256,0.9347964123349006,0.06475977628622892,0.04462739579681765,0.8629110605715801,0.09246154363160235,0.9347964123349006,79.43665908573699,0.9021946185023509,SIDE,0.8629110605715801,94.3401741882451,HIGH,0.9191453455463585,1.0,63
NIFTYIT,2026-01-09,SIDE,0.00013427109948955404,0.9837286594922766,0.01613706940823381,0.04543555926657968,0.905128446821719,0.049435993911701344,0.9837286594922766,85.76926702325784,0.9755929892384148,SIDE,0.905128446821719,94.34087480375031,HIGH,0.9191553543392902,1.0,64
NIFTYIT,2026-01-12,SIDE,0.00021236860514658475,0.9233897330136577,0.07639789838119584,0.04421209855541456,0.8530349656765525,0.10275293576803302,0.9233897330136577,77.95524485148285,0.8850845995204863,SIDE,0.8530349656765525,94.34315782261326,HIGH,0.9191879688944753,1.0,65
NIFTYIT,2026-01-13,SIDE,0.0004741571561073723,0.9630477937501217,0.03647804909377079,0.045250242883805615,0.8873094832866412,0.06744027382955325,0.9630477937501217,83.09642249299615,0.9445716906251828,SIDE,0.8873094832866412,94.33841167955129,HIGH,0.9191201668507327,1.0,66
NIFTYIT,2026-01-14,SIDE,0.00022635225006538206,0.8310523374157173,0.16872131033421733,0.042260950697006604,0.7733036043503643,0.18443544495262912,0.8310523374157173,65.99554065255464,0.7465785061235759,SIDE,0.7733036043503643,94.34774542040239,HIGH,0.9192535060057483,1.0,67
NIFTYIT,2026-01-16,SIDE,0.1637138000061575,0.8160320698481757,0.020254130145666946,0.16412918576319177,0.7790346628730107,0.056836151363797584,0.8160320698481757,66.8551994309516,0.7240481047722634,SIDE,0.7790346628730107,92.65389267528555,HIGH,0.8950556096469364,1.0,68
NIFTYIT,2026-01-19,BULL,0.9818639790248025,0.017989158351713733,0.00014686262348383386,0.7586451584235532,0.18351443523112962,0.057840406345317244,0.9818639790248025,63.796773763532975,0.9727959685372037,BULL,0.7586451584235532,57.214291734132225,MODERATE,0.7744898819161746,0.1,1
NIFTYIT,2026-01-20,SIDE,0.050476362383574815,0.8052384893162959,0.14428514830012937,0.07926844135289703,0.7567614495984982,0.16397010904860462,0.8052384893162959,63.51421743977475,0.7078577339744435,SIDE,0.7567614495984982,90.82820398860358,HIGH,0.9118314855514796,0.9,1
NIFTYIT,2026-01-21,SIDE,0.0004635513556358126,0.9779207168248184,0.02161573181954568,0.045558274008444775,0.900150977944334,0.054290748047221234,0.9779207168248184,85.0226466916501,0.9668810752372278,SIDE,0.900150977944334,91.3377593354634,HIGH,0.9191108476494773,0.9,2
NIFTYIT,2026-01-22,SIDE,0.00015422138307248984,0.9986053957392276,0.0012403828777000597,0.04576650841753327,0.9179767293864624,0.036256762196004454,0.9986053957392276,87.69650940796933,0.9979080936088414,SIDE,0.9179767293864624,91.33990553636463,HIGH,0.9191415076623518,0.9,3
NIFTYIT,2026-01-23,SIDE,0.0001402311928142573,0.9982568212536387,0.0016029475535469097,0.045748647369347785,0.9176741364439575,0.036577216186694704,0.9982568212536387,87.6511204665936,0.997385231880458,SIDE,0.9176741364439575,91.34006841651811,HIGH,0.9191438345216872,0.9,4
NIFTYIT,2026-01-27,SIDE,0.00038268201711207675,0.999433386356077,0.00018393162681087555,0.045954845113088,0.9187178290235288,0.03532732586338314,0.999433386356077,87.80767435352931,0.9991500795341154,SIDE,0.9187178290235288,91.33749500004677,HIGH,0.9191070714292398,0.9,5
NIFTYIT,2026-01-28,SIDE,0.00015231287095292557,0.9997669926482822,8.069448076490976e-05,0.045789758787897795,0.9189795452235647,0.03523069598853747,0.9997669926482822,87.84693178353471,0.9996504889724233,SIDE,0.9189795452235647,91.33986578394386,HIGH,0.9191409397706266,0.9,6
NIFTYIT,2026-01-29,SIDE,0.00011359371442354907,0.9982396181249467,0.0016467881606298351,0.04572837357849608,0.9176562346060156,0.03661539181548824,0.9982396181249467,87.64843519090233,0.99735942718742,SIDE,0.9176562346060156,91.34034540793824,HIGH,0.919147791541975,0.9,7
NIFTYIT,2026-01-30,SIDE,0.00018719004248026613,0.994278315862726,0.0055344940947937805,0.045699224845491174,0.9142440849485597,0.040056690205949125,0.994278315862726,87.13661274228393,0.991417473794089,SIDE,0.9142440849485597,91.33978557575723,HIGH,0.9191397939393889,0.9,8
NIFTYIT,2026-02-02,SIDE,0.0001167235385741011,0.997190549999702,0.0026927264617238648,0.04570842653403877,0.916750726613788,0.0375408468521733,0.997190549999702,87.5126089920682,0.995785824999553,SIDE,0.916750726613788,91.3403667334895,HIGH,0.9191480961927071,0.9,9
NIFTYIT,2026-02-03,SIDE,0.0007818137196125166,0.9987607215206756,0.00045746475971184246,0.046238858375768514,0.9181826415742592,0.03557850004997233,0.9987607215206756,87.72739623613887,0.9981410822810133,SIDE,0.9181826415742592,94.33339229232848,HIGH,0.9190484613189783,1.0,10
NIFTYIT,2026-02-04,BEAR,1.2308711499259267e-05,2.037617891680591e-11,0.9999876912681246,0.024446252924297293,0.055668848974548664,0.9198848981011539,0.9999876912681246,87.98273471517311,0.9999815369021867,BEAR,0.9198848981011539,67.39255779101293,MODERATE,0.9198936827287562,0.1,1
NIFTYIT,2026-02-05,BEAR,5.567205119554657e-07,6.172064325484567e-08,0.9999993815588448,0.024437471026687762,0.055667557966050385,0.9198949710072618,0.9999993815588448,87.98424565108925,0.9999990723382672,BEAR,0.9198949710072618,70.39267960264131,MODERATE,0.9198954228948759,0.2,2
NIFTYIT,2026-02-06,BEAR,1.0137565708636247e-08,2.0533600706144366e-11,0.9999999898419007,0.024437061210531283,0.0556674421657446,0.919895496623724,0.9999999898419007,87.9843244935586,0.9999999847628511,BEAR,0.919895496623724,73.39268527138717,MODERATE,0.9198955038769597,0.3,3
NIFTYIT,2026-02-09,BEAR,2.5074915651325618e-08,3.133387127640892e-10,0.9999999746117456,0.02443707238063497,0.055667444127233796,0.9198954834921312,0.9999999746117456,87.98432252381967,0.9999999619176184,BEAR,0.9198954834921312,76.39268511653965,HIGH,0.9198955016648521,0.4,4
NIFTYIT,2026-02-10,BEAR,6.791435295051334e-08,4.145092894492018e-09,0.9999999279405541,0.024437104479394147,0.05566745233625413,0.9198954431843517,0.9999999279405541,87.98431647765274,0.999999891910831,BEAR,0.9198954431843517,79.39268467229283,HIGH,0.9198954953184689,0.5,5
NIFTYIT,2026-02-11,BEAR,5.201463737776913e-09,4.8858719864329556e-12,0.9999999947936504,0.02443705752105274,0.055667441587602166,0.9198955008913452,0.9999999947936504,87.98432513370177,0.9999999921904756,BEAR,0.9198955008913452,82.39268532255298,HIGH,0.9198955046078997,0.6,6
NIFTYIT,2026-02-12,BEAR,2.6888797677277346e-11,1.3280835670017538e-28,0.9999999999731113,0.024437053653572773,0.05566744099147409,0.9198955053549531,0.9999999999731113,87.98432580324297,0.9999999999596669,BEAR,0.9198955053549531,85.39268537619016,HIGH,0.9198955053741452,0.7,7
NIFTYIT,2026-02-13,BEAR,2.1143816100175937e-10,3.393584102559913e-26,0.9999999997885618,0.024437053791501365,0.05566744101258432,0.9198955051959143,0.9999999997885618,87.98432577938715,0.9999999996828427,BEAR,0.9198955051959143,88.39268537427711,HIGH,0.919895505346816,0.8,8
NIFTYIT,2026-02-16,BEAR,3.6366239243247975e-11,2.6715284350880033e-22,0.9999999999636338,0.02443705366065603,0.0556674409925582,0.9198955053467859,0.9999999999636338,87.98432580201788,0.9999999999454506,BEAR,0.9198955053467859,91.39268537609185,HIGH,0.9198955053727407,0.9,9
NIFTYIT,2026-02-17,BEAR,3.2609257821431535e-10,2.729663231680953e-19,0.9999999996739074,0.024437053877191833,0.055667441025699406,0.9198955050971088,0.9999999996739074,87.98432576456631,0.9999999995108609,BEAR,0.9198955050971088,94.39268537308865,HIGH,0.9198955053298378,1.0,10
NIFTYIT,2026-02-18,BEAR,5.665395019901868e-11,1.8617318007851238e-20,0.999999999943346,0.02443705367581867,0.05566744099487887,0.9198955053293025,0.999999999943346,87.98432579939538,0.999999999915019,BEAR,0.9198955053293025,94.39268537588154,HIGH,0.9198955053697364,1.0,11
NIFTYIT,2026-02-19,BEAR,3.623020995371313e-11,5.148313104509187e-21,0.9999999999637698,0.024437053660554365,0.05566744099254264,0.9198955053469031,0.9999999999637698,87.98432580203547,0.9999999999456545,BEAR,0.9198955053469031,94.39268537609318,HIGH,0.9198955053727599,1.0,12
NIFTYIT,2026-02-20,BEAR,3.2755320101525827e-11,2.1410406317582814e-21,0.9999999999672446,0.0244370536579573,0.05566744099214515,0.9198955053498976,0.9999999999672446,87.98432580248465,0.999999999950867,BEAR,0.9198955053498976,94.3926853761292,HIGH,0.9198955053732741,1.0,13
NIFTYIT,2026-02-23,BEAR,1.5819428596098884e-11,1.6154111143818627e-23,0.9999999999841807,0.02443705364529974,0.055667440990207886,0.9198955053644923,0.9999999999841807,87.98432580467386,0.999999999976271,BEAR,0.9198955053644923,94.39268537630483,HIGH,0.9198955053757835,1.0,14
NIFTYIT,2026-02-24,BEAR,3.183280036400966e-13,3.5148668772431954e-36,0.9999999999996817,0.024437053633714522,0.055667440988434735,0.9198955053778507,0.9999999999996817,87.98432580667762,0.9999999999995224,BEAR,0.9198955053778507,94.39268537646537,HIGH,0.9198955053780767,1.0,15
NIFTYIT,2026-02-25,BEAR,8.667678861470729e-12,3.3068930082620954e-26,0.9999999999913323,0.02443705363995467,0.05566744098938982,0.9198955053706556,0.9999999999913323,87.98432580559832,0.9999999999869984,BEAR,0.9198955053706556,94.39268537637898,HIGH,0.9198955053768424,1.0,16
NIFTYIT,2026-02-26,BEAR,1.2730007572347899e-11,1.0689019204084446e-23,0.99999999998727,0.024437053642990765,0.05566744098985449,0.9198955053671546,0.99999999998727,87.98432580507321,0.9999999999809049,BEAR,0.9198955053671546,94.39268537633684,HIGH,0.9198955053762407,1.0,17
NIFTYIT,2026-02-27,BEAR,3.3452302183256077e-11,9.191979140625038e-22,0.9999999999665476,0.02443705365847821,0.055667440992224884,0.9198955053492969,0.9999999999665476,87.98432580239451,0.9999999999498215,BEAR,0.9198955053492969,94.392685376122,HIGH,0.9198955053731716,1.0,18
NIFTYIT,2026-03-02,BEAR,1.9536576005492943e-11,3.53365171706698e-22,0.9999999999804634,0.02443705364807787,0.05566744099063309,0.9198955053612892,0.9999999999804634,87.98432580419338,0.9999999999706951,BEAR,0.9198955053612892,94.39268537626626,HIGH,0.9198955053752325,1.0,19
NIFTYIT,2026-03-04,BEAR,9.701391009765001e-11,1.7024802127631146e-19,0.999999999902986,0.024437053705982915,0.05566744099949556,0.9198955052945216,0.999999999902986,87.98432579417822,0.9999999998544791,BEAR,0.9198955052945216,94.39268537546315,HIGH,0.9198955053637594,1.0,20
NIFTYIT,2026-03-05,BEAR,2.845854991440638e-10,1.9742066632473863e-17,0.9999999997154145,0.02443705384617025,0.0556674410209515,0.9198955051328781,0.9999999997154145,87.98432576993174,0.9999999995731218,BEAR,0.9198955051328781,94.39268537351894,HIGH,0.919895505335985,1.0,21
NIFTYIT,2026-03-06,BEAR,9.3257874045835e-10,1.0656111225377982e-15,0.9999999990674201,0.02443705433046776,0.05566744109507506,0.9198955045744572,0.9999999990674201,87.98432568616859,0.99999999860113,BEAR,0.9198955045744572,94.39268536680213,HIGH,0.9198955052400304,1.0,22
NIFTYIT,2026-03-09,BEAR,1.646723925271615e-09,1.3744828758359906e-14,0.9999999983532623,0.024437054864206182,0.05566744117677561,0.9198955039590182,0.9999999983532623,87.98432559385273,0.9999999975298932,BEAR,0.9198955039590182,94.39268535939969,HIGH,0.9198955051342814,1.0,23
NIFTYIT,2026-03-10,BEAR,1.4194298451119357e-09,9.84158784273606e-15,0.9999999985805603,0.024437054694330947,0.055667441150772545,0.9198955041548966,0.9999999985805603,87.9843256232345,0.9999999978708405,BEAR,0.9198955041548966,94.39268536175575,HIGH,0.9198955051679395,1.0,24
NIFTYIT,2026-03-11,BEAR,7.11851156435919e-10,1.0936748270535523e-15,0.9999999992881476,0.024437054165500276,0.055667441069826504,0.9198955047646733,0.9999999992881476,87.984325714701,0.9999999989322215,BEAR,0.9198955047646733,94.39268536909012,HIGH,0.9198955052727159,1.0,25
NIFTYIT,2026-03-12,BEAR,1.821264079772916e-09,1.7949529928803796e-14,0.999999998178718,0.024437054994654164,0.055667441196744535,0.9198955038086012,0.999999998178718,87.98432557129019,0.999999997268077,BEAR,0.9198955038086012,94.39268535759047,HIGH,0.9198955051084354,1.0,26
NIFTYIT,2026-03-13,BEAR,5.775220197810868e-10,6.101160386611587e-16,0.9999999994224775,0.024437054065105296,0.055667441054460434,0.9198955048804343,0.9999999994224775,87.98432573206514,0.9999999991337163,BEAR,0.9198955048804343,94.39268537048251,HIGH,0.9198955052926073,1.0,27
NIFTYIT,2026-03-16,BEAR,1.6375789307250993e-09,1.4565818050814434e-14,0.9999999983624066,0.024437054857371406,0.05566744117573024,0.9198955039668983,0.9999999983624066,87.98432559503475,0.9999999975436099,BEAR,0.9198955039668983,94.39268535949452,HIGH,0.9198955051356361,1.0,28
NIFTYIT,2026-03-17,BEAR,1.429601079709546e-09,1.0777825193610185e-14,0.9999999985703881,0.024437054701932748,0.05566744115193682,0.9198955041461304,0.9999999985703881,87.98432562191955,0.999999997855582,BEAR,0.9198955041461304,94.39268536165028,HIGH,0.9198955051664326,1.0,29
NIFTYIT,2026-03-18,BEAR,1.919898741290104e-07,2.6820291751088656e-10,0.999999807741923,0.024437197128653543,0.05566746318132293,0.9198953396900235,0.999999807741923,87.98430095350353,0.9999997116128845,BEAR,0.9198953396900235,94.39268338639167,HIGH,0.9198954769484524,1.0,30
NIFTYIT,2026-03-19,BEAR,5.865810120212817e-10,6.697198783274291e-16,0.9999999994134183,0.024437054071875804,0.05566744105549672,0.9198955048726274,0.9999999994134183,87.98432573089411,0.9999999991201275,BEAR,0.9198955048726274,94.3926853703886,HIGH,0.9198955052912657,1.0,31
NIFTYIT,2026-03-20,BEAR,2.0886885173067394e-07,1.0933322850892286e-10,0.9999997910218151,0.024437209740296496,0.05566746497489165,0.919895325284812,0.9999997910218151,87.98429879272179,0.9999996865327225,BEAR,0.919895325284812,94.3926832114415,HIGH,0.9198954744491642,1.0,32
NIFTYIT,2026-03-23,BEAR,1.089322187406431e-07,2.345898233897691e-09,0.9999998887218831,0.024437135097123537,0.05566745547460746,0.9198954094282689,0.9999998887218831,87.98431141424035,0.9999998330828246,BEAR,0.9198954094282689,94.39268424721594,HIGH,0.9198954892459422,1.0,33
NIFTYIT,2026-03-24,BEAR,3.251344360308317e-06,4.996888999225423e-07,0.9999962489667397,0.024439494240001337,0.05566824438239598,0.9198922613776027,0.9999962489667397,87.9838392066404,0.9999943734501097,BEAR,0.9198922613776027,94.39265164917892,HIGH,0.919895023559699,1.0,34
NIFTYIT,2026-03-25,BEAR,5.827768770293511e-06,1.653540043365451e-05,0.9999776368307961,0.024441760469007128,0.055682385865241324,0.9198758536657515,0.9999776368307961,87.98137804986271,0.999966455246194,BEAR,0.9198758536657515,94.39262412148098,HIGH,0.9198946303068712,1.0,35
NIFTYIT,2026-03-27,BEAR,4.603087632076334e-06,7.002072375141231e-06,0.9999883948399928,0.024440642641962,0.05567401378692491,0.919885343571113,0.9999883948399928,87.98280153566694,0.9999825922599892,BEAR,0.919885343571113,94.3926373044733,HIGH,0.919894818635333,1.0,36
NIFTYIT,2026-03-30,BEAR,3.791123809066771e-07,5.77179559795663e-08,0.9999995631696631,0.02443733820080979,0.055667534193512364,0.9198951276056779,0.9999995631696631,87.9842691408517,0.9999993447544945,BEAR,0.9198951276056779,94.3926814438364,HIGH,0.9198954491976628,1.0,37
NIFTYIT,2026-04-01,BEAR,3.0204373833420384e-05,7.025795524583689e-05,0.9998995376709208,0.024461120339420148,0.05573156346054744,0.9198073162000325,0.9998995376709208,87.97109743000486,0.9998493065063812,BEAR,0.9198073162000325,94.39236869333175,HIGH,0.9198909813333107,1.0,38
NIFTYIT,2026-04-02,BEAR,0.0042515351355303654,0.004960929909641085,0.9907875349548285,0.027719956992385004,0.06043750802330401,0.911842534984311,0.9907875349548285,86.77638024764663,0.9861813024322428,BEAR,0.911842534984311,94.34836199847835,HIGH,0.9192623142639768,1.0,39
NIFTYIT,2026-04-06,BEAR,0.008901171625774749,0.11282961893939092,0.8782692094348343,0.03348654737806102,0.15411353932858404,0.8123999132933548,0.8782692094348343,71.85998699400324,0.8174038141522515,BEAR,0.8123999132933548,94.2946378120692,HIGH,0.918494825886703,1.0,40
NIFTYIT,2026-04-07,BULL,0.7242894898634595,0.11517320920906995,0.16053730092747057,0.5682035802195597,0.23796903933005847,0.19382738045038192,0.7242894898634595,35.23053703293396,0.5864342347951893,BULL,0.5682035802195597,59.87918880977426,MODERATE,0.8125598401396323,0.1,1
NIFTYIT,2026-04-08,BULL,0.9243509162118079,0.07372005359923013,0.0019290301889619314,0.7168449565073551,0.22505903113585024,0.05809601235679468,0.9243509162118079,57.52674347610327,0.886526374317712,BULL,0.7168449565073551,60.807584716144156,MODERATE,0.7829654959449165,0.2,2
NIFTYIT,2026-04-09,BULL,0.9258731503798194,0.07396178978197217,0.00016505983820839154,0.7179877799706799,0.22544189461479885,0.056570325414521214,0.9258731503798194,57.69816699560197,0.8888097255697291,BULL,0.7179877799706799,63.791793669357546,MODERATE,0.7827399095622507,0.3,3
NIFTYIT,2026-04-10,BULL,0.9119640129951979,0.06820028304696557,0.019835703957836397,0.7074699661492652,0.21887581924475602,0.07365421460597885,0.9119640129951979,56.120494922389774,0.867946019492797,BULL,0.7074699661492652,66.93626356742529,MODERATE,0.7848037652489327,0.4,4
NIFTYIT,2026-04-13,SIDE,0.25994982000065864,0.7282720086492824,0.011778171350058946,0.23418974717701985,0.7142624546246965,0.051547798198283604,0.7282720086492824,57.13936819370448,0.5924080129739236,SIDE,0.7142624546246965,64.66086001807089,MODERATE,0.8808694288295842,0.1,1
NIFTYIT,2026-04-15,BULL,0.8772022376276384,0.12205589384700195,0.0007418685253596483,0.6826337935676825,0.2614035883991984,0.05596261803311907,0.8772022376276384,52.395069035152375,0.8158033564414574,BULL,0.6826337935676825,70.29382510645033,MODERATE,0.7899117872350047,0.5,1
NIFTYIT,2026-04-16,BULL,0.9325857923982572,0.06734621576400257,6.79918377402234e-05,0.7228641373495561,0.22049721920311066,0.05663864344733318,0.9325857923982572,58.42962060243342,0.8988786885973858,BULL,0.7228641373495561,72.72255311436327,MODERATE,0.7817507587766183,0.6,2
NIFTYIT,2026-04-17,BULL,0.9668379654863053,0.03308383156887978,7.820294481482732e-05,0.7477356781167376,0.1948298281725611,0.05743449371070135,0.9668379654863053,62.16035171751063,0.9502569482294579,BULL,0.7477356781167376,75.36926963071883,HIGH,0.776703851867412,0.7,3
NIFTYIT,2026-04-20,SIDE,0.29275759253854705,0.7064704761604829,0.0007719313009701528,0.2582464872892822,0.6991897356825233,0.042563777028194416,0.7064704761604829,54.87846035237849,0.5597057142407242,SIDE,0.6991897356825233,67.32190975751473,MODERATE,0.8760272822502105,0.2,1
NIFTYIT,2026-04-21,SIDE,0.03782502759172891,0.9621368490183636,3.8123389907407706e-05,0.0731462014398818,0.8907953766113601,0.03605842194875812,0.9621368490183636,83.61930649170401,0.9432052735275456,SIDE,0.8907953766113601,72.95129942025925,MODERATE,0.9135899917179895,0.3,2
NIFTYIT,2026-04-22,BEAR,0.07909040609376092,0.1264698486721816,0.7944397452340576,0.08623437987475094,0.17392062577714623,0.7398449943481028,0.7944397452340576,60.97674915221541,0.6916596178510863,BEAR,0.7398449943481028,66.56639502140865,MODERATE,0.9080913574486951,0.1,1
NIFTYIT,2026-04-23,BEAR,0.00040571973561532904,0.01891713269894586,0.9806771475654388,0.025142152785373604,0.07204871663812266,0.9028091305765036,0.9806771475654388,85.42136958647558,0.9710157213481582,BEAR,0.9028091305765036,70.38751034992194,MODERATE,0.9198215764274563,0.2,2
NIFTYIT,2026-04-24,BEAR,2.3165350530118726e-09,6.82947008510821e-17,0.9999999976834648,0.024437055364809637,0.05566744125338215,0.9198955033818083,0.9999999976834648,87.98432550727122,0.9999999965251972,BEAR,0.9198955033818083,73.39268535245684,MODERATE,0.9198955050350979,0.3,3
NIFTYIT,2026-04-27,BEAR,4.5584519848731854e-07,3.228839464048259e-09,0.999999540925962,0.02443739439186087,0.05566749591969607,0.9198951096884431,0.999999540925962,87.98426645326647,0.9999993113889432,BEAR,0.9198951096884431,76.39268065125817,HIGH,0.9198954378751169,0.4,4
NIFTYIT,2026-04-28,BEAR,3.465894266773686e-08,5.192653630647253e-10,0.9999999648217919,0.024437079547924095,0.055667445401348034,0.9198954750507279,0.9999999648217919,87.98432125760917,0.9999999472326878,BEAR,0.9198954750507279,79.39268501718625,HIGH,0.9198955002455179,0.5,5
NIFTYIT,2026-04-29,BEAR,2.4717277820249686e-07,2.0556273988528104e-08,0.9999997322709478,0.024437238802273557,0.05566748701224929,0.9198952741854771,0.9999997322709478,87.98429112782156,0.9999995984064216,BEAR,0.9198952741854771,82.3926828133557,HIGH,0.9198954687622244,0.6,6
NIFTYIT,2026-04-30,BEAR,3.6180810235673844e-07,9.810649290124686e-08,0.9999995400854048,0.024437326125937013,0.05566756708944634,0.9198951067846166,0.9999995400854048,87.98426601769249,0.999999310128107,BEAR,0.9198951067846166,85.39268162113316,HIGH,0.919895451730474,0.7,7
NIFTYIT,2026-05-04,BEAR,1.6286458655162023e-07,1.618716835402712e-08,0.999999820948245,0.02443717569916252,0.05566747359570144,0.9198953507051361,0.999999820948245,87.9843026057704,0.9999997314223675,BEAR,0.9198953507051361,88.3926836874728,HIGH,0.9198954812496114,0.8,8
NIFTYIT,2026-05-05,BEAR,6.275553909416094e-07,2.8262507179957014e-07,0.9999990898195372,0.024437528660145574,0.05566775681877305,0.9198947145210814,0.9999990898195372,87.98420717816221,0.9999986347293058,BEAR,0.9198947145210814,91.39267885708323,HIGH,0.9198954122440461,0.9,9
NIFTYIT,2026-05-06,BEAR,5.492923442118003e-07,3.1323844260988636e-07,0.9999991374692132,0.024437470818219096,0.05566777430094143,0.9198947548808394,0.9999991374692132,87.98421323212591,0.9999987062038198,BEAR,0.9198947548808394,94.39267966674669,HIGH,0.9198954238106672,1.0,10
NIFTYIT,2026-05-07,BEAR,1.8087192517083643e-07,7.710724439829238e-08,0.9999997420208304,0.024437190451670535,0.05566752825975923,0.9198952812885703,0.9999997420208304,87.98429219328555,0.9999996130312456,BEAR,0.9198952812885703,94.3926834976961,HIGH,0.9198954785385156,1.0,11
NIFTYIT,2026-05-08,BEAR,2.668977109285467e-06,7.926516328721006e-06,0.9999894045065619,0.024439216764281946,0.05567459080149052,0.9198861924342275,0.9999894045065619,87.98292886513411,0.9999841067598427,BEAR,0.9198861924342275,94.39265730503799,HIGH,0.9198951043576855,1.0,12
NIFTYIT,2026-05-11,BEAR,2.4000767720710514e-06,1.6333844253029788e-05,0.9999812660789749,0.0244391943971824,0.055681819735570404,0.9198789858672473,0.9999812660789749,87.98184788008707,0.9999718991184623,BEAR,0.9198789858672473,94.39265966141505,HIGH,0.9198951380202153,1.0,13
NIFTYIT,2026-05-12,BEAR,3.825070347271749e-09,5.132677020279466e-13,0.9999999961744164,0.02443705649227033,0.055667441426383586,0.9198955020813462,0.9999999961744164,87.98432531220193,0.9999999942616246,BEAR,0.9198955020813462,94.39268533682012,HIGH,0.9198955048117161,1.0,14
NIFTYIT,2026-05-13,BEAR,9.067594236887827e-09,1.603817306216821e-11,0.9999999909163676,0.024437060410760016,0.05566744203947095,0.919895497549769,0.9999999909163676,87.98432463246536,0.9999999863745512,BEAR,0.919895497549769,94.39268528247815,HIGH,0.9198955040354021,1.0,15
NIFTYIT,2026-05-14,BEAR,1.7281440262111078e-09,7.178178415786212e-14,0.9999999982717842,0.024437054925059206,0.05566744118613922,0.9198955038888017,0.9999999982717842,87.98432558332026,0.9999999974076763,BEAR,0.9198955038888017,94.39268535855574,HIGH,0.919895505122225,1.0,16
NIFTYIT,2026-05-15,BEAR,1.9267757727803865e-07,3.0933332619404468e-09,0.9999998042290895,0.024437197702646,0.05566746569947634,0.9198953365978777,0.9999998042290895,87.98430048968166,0.9999997063436341,BEAR,0.9198953365978777,94.39268337911855,HIGH,0.9198954768445509,1.0,17
NIFTYIT,2026-05-18,BEAR,3.7278560521422873e-06,1.1342484289340779e-06,0.999995137895519,0.024439863855993955,0.055668846829142804,0.9198912893148631,0.999995137895519,87.98369339722947,0.9999927068432785,BEAR,0.9198912893148631,94.39264667739322,HIGH,0.9198949525341891,1.0,18
NIFTYIT,2026-05-19,BEAR,0.0017844639144474512,0.0001131460459662695,0.9981023900395863,0.02577313073808143,0.05596926334281862,0.9182576059190999,0.9981023900395863,87.73864088786499,0.9971535850593793,BEAR,0.9182576059190999,94.37418278837217,HIGH,0.9196311826910311,1.0,19
NIFTYIT,2026-05-20,BEAR,0.00016408623442510124,0.0015439262803838775,0.9982919874851909,0.024592487369004493,0.05701938446589485,0.9183881281651006,0.9982919874851909,87.75821922476507,0.9974379812277865,BEAR,0.9183881281651006,94.39090541673949,HIGH,0.9198700773819929,1.0,20
NIFTYIT,2026-05-21,BEAR,0.00010658343227220038,0.003153565017013887,0.9967398515507139,0.024583705773341638,0.05840272325810166,0.9170135709685567,0.9967398515507139,87.55203564528351,0.9951097773260706,BEAR,0.9170135709685567,94.39141896132756,HIGH,0.919877413733251,1.0,21
NIFTYIT,2026-05-22,BEAR,0.00013117791483053203,0.0028648758646006712,0.9970039462205688,0.024595954348647357,0.05815625467671061,0.917247790974642,0.9970039462205688,87.58716864619629,0.995505919330853,BEAR,0.917247790974642,94.3911788243168,HIGH,0.919873983204526,1.0,22
NIFTYIT,2026-05-25,BEAR,0.0011981248300433245,0.05312605258465726,0.9456758225852994,0.026461108982458965,0.10167861971188397,0.8718602713056571,0.9456758225852994,80.77904069584856,0.9185137338779489,BEAR,0.8718602713056571,94.37754340579443,HIGH,0.9196791915113491,1.0,23
NIFTYIT,2026-05-26,BEAR,0.00046439921960757886,0.16515138594595172,0.8343842148344407,0.028292582759297136,0.19832810440461526,0.7733793128360874,0.8343842148344407,66.00689692541314,0.751576322251661,BEAR,0.7733793128360874,94.37940720365661,HIGH,0.9197058171950946,1.0,24
NIFTYIT,2026-05-27,BEAR,0.00034488077447424086,0.3383971101238023,0.6612580091017235,0.0318836578958055,0.34791140239660984,0.6202049397075847,0.6612580091017235,43.030740956137706,0.49188701365258525,BEAR,0.6202049397075847,94.37176674892385,HIGH,0.9195966678417694,1.0,25
NIFTYIT,2026-05-29,BULL,0.8434646929020182,0.004122369661215752,0.15241293743676604,0.6549136535797516,0.15570930652537418,0.18937703989487414,0.8434646929020182,48.23704803696274,0.7651970393530273,BULL,0.6549136535797516,58.649574688070295,MODERATE,0.7949939241152899,0.1,1
NIFTYIT,2026-06-01,BULL,0.6342224480320094,0.32860447613123944,0.03717307583675107,0.5054233289110642,0.41196347315808846,0.08261319793084737,0.6342224480320094,25.813499336659635,0.45133367204801417,BULL,0.5054233289110642,63.80183617768602,MODERATE,0.8257405168240861,0.2,2
NIFTYIT,2026-06-02,BULL,0.9999983978759257,1.1922196769844272e-06,4.099043973373606e-07,0.7718163355116485,0.17005625995343887,0.0581274045349126,0.9999983978759257,65.77245032674728,0.9999975968138886,BULL,0.7718163355116485,63.02724207628786,MODERATE,0.7718177439469696,0.3,3
NIFTYIT,2026-06-03,BEAR,0.14681601209457595,2.397054270699922e-06,0.8531815908511534,0.13416452232201043,0.07246349682592013,0.7933719808520694,0.8531815908511534,69.00579712781041,0.77977238627673,BEAR,0.7933719808520694,83.8708697755221,HIGH,0.8981552825074586,0.7,1
NIFTYIT,2026-06-04,BEAR,0.03530746049443314,0.02517690422401496,0.9395156352815519,0.05136001309336879,0.08144634294547197,0.8671936439611594,0.9395156352815519,80.0790465941739,0.9092734529223279,BEAR,0.8671936439611594,85.0254169270829,HIGH,0.9146488132440415,0.7,2
NIFTYIT,2026-06-05,BEAR,0.0009187582020166599,0.0018523400783413387,0.9972289017196421,0.02516306633376635,0.05737202390696072,0.9174649097592729,0.9972289017196421,87.61973646389093,0.9958433525794631,BEAR,0.9174649097592729,85.38306708770989,HIGH,0.9197581012529985,0.7,3
NIFTYIT,2026-06-08,BEAR,2.6913671469296084e-05,2.2135582760275495e-05,0.9999509507457703,0.024457638629800466,0.05568963357328422,0.9198527277969152,0.9999509507457703,87.9779091695373,0.9999264261186553,BEAR,0.9198527277969152,85.3924052693785,HIGH,0.9198915038482643,0.7,4
NIFTYIT,2026-06-09,BEAR,3.2265881542238888e-06,5.485875107112247e-06,0.9999912875367386,0.02443958166333636,0.05567254710184235,0.9198878712348213,0.9999912875367386,87.98318068522319,0.9999869313051081,BEAR,0.9198878712348213,85.3926516502327,HIGH,0.9198950235747528,0.7,5
NIFTYIT,2026-06-10,BEAR,2.1853678715582518e-06,5.09845700779335e-06,0.9999927161751205,0.02443879524540869,0.055672093464831526,0.9198891112897598,0.9999927161751205,87.98336669346398,0.9999890742626808,BEAR,0.9198891112897598,85.39266246281592,HIGH,0.9198951780402277,0.7,6
NIFTYIT,2026-06-11,BEAR,1.8692931383227558e-07,2.5867225832072603e-08,0.9999997872034604,0.024437193890310713,0.055667484707106585,0.9198953214025827,0.9999997872034604,87.98429821038741,0.9999996808051904,BEAR,0.9198953214025827,85.39268343753467,HIGH,0.9198954776790669,0.7,7
NIFTYIT,2026-06-12,BEAR,4.309590588570241e-07,1.271997894251557e-07,0.9999994418411516,0.02443737842606302,0.05566760012142583,0.9198950214525112,0.9999994418411516,87.98425321787668,0.9999991627617273,BEAR,0.9198950214525112,88.39268090286058,HIGH,0.9198954414694369,0.8,8
NIFTYIT,2026-06-15,BEAR,2.3206364148705534e-06,2.217602083917804e-06,0.9999954617615011,0.024438835142112106,0.05566962133156152,0.9198915435263264,0.9999954617615011,87.98373152894897,0.9999931926422515,BEAR,0.9198915435263264,91.39266120834702,HIGH,0.9198951601192431,0.9,9
NIFTYIT,2026-06-16,BEAR,4.1931922303138155e-05,0.00018538339283847544,0.9997726846848584,0.024472330983930365,0.055832315292358776,0.9196953537237109,0.9997726846848584,87.95430305855663,0.9996590270272874,BEAR,0.9196953537237109,94.39224123140468,HIGH,0.9198891604486384,1.0,10
NIFTYIT,2026-06-17,BEAR,0.00022389090631676827,0.009480811168287247,0.990295297925396,0.02480579396144779,0.06387969282057052,0.9113145132179817,0.990295297925396,86.69717698269724,0.9854429468880938,BEAR,0.9113145132179817,94.3898787267022,HIGH,0.91985541038146,1.0,11
NIFTYIT,2026-06-18,BEAR,1.416083592667878e-05,0.00031152470896605647,0.9996743144551072,0.024454255140133715,0.055938061121159115,0.9196076837387073,0.9996743144551072,87.94115256080609,0.9995114716826609,BEAR,0.9196076837387073,94.3925226263971,HIGH,0.9198931803771014,1.0,12
NIFTYIT,2026-06-19,BEAR,2.770502505754851e-08,3.6216799920662635e-12,0.9999999722913532,0.024437074339747754,0.05566744416064729,0.919895481499605,0.9999999722913532,87.98432222494074,0.9999999584370299,BEAR,0.919895481499605,94.39268508929327,HIGH,0.919895501275618,1.0,13
NIFTYIT,2026-06-22,BEAR,7.925660562279516e-08,2.5966700478252672e-09,0.9999999181467243,0.02443711292347769,0.055667452296614676,0.9198954347799077,0.9999999181467243,87.98431521698613,0.9999998772200864,BEAR,0.9198954347799077,94.39268455480452,HIGH,0.9198954936400646,1.0,14
NIFTYIT,2026-06-23,BEAR,3.274257450689821e-09,1.3803344119000747e-12,0.9999999967243622,0.02443705608062196,0.05566744136412593,0.9198955025552522,0.9999999967243622,87.98432538328782,0.9999999950865434,BEAR,0.9198955025552522,94.39268534252952,HIGH,0.9198955048932789,1.0,15
NIFTYIT,2026-06-24,BEAR,3.3567719604773395e-07,6.0813399047000146e-09,0.9999996582414641,0.02443730464124266,0.05566748463704425,0.919895210721713,0.9999996582414641,87.98428160825696,0.9999994873621961,BEAR,0.919895210721713,94.3926818967086,HIGH,0.9198954556672658,1.0,16
NIFTYIT,2026-06-25,BEAR,6.292475081619548e-08,3.194528230888785e-09,0.999999933880721,0.024437100730069425,0.055667450944694996,0.9198954483252356,0.999999933880721,87.98431724878533,0.9999999008210813,BEAR,0.9198954483252356,94.39268472406104,HIGH,0.9198954960580148,1.0,17
NIFTYIT,2026-06-29,BEAR,2.934235481886992e-08,3.0733151392625565e-10,0.9999999703503137,0.02443707556990797,0.055667444610190304,0.9198954798199016,0.9999999703503137,87.98432197298526,0.9999999555254706,BEAR,0.9198954798199016,94.39268507230598,HIGH,0.9198955010329426,1.0,18
NIFTYIT,2026-06-30,BEAR,1.2334646657380438e-09,1.6261660311139122e-14,0.9999999987665191,0.024437054555344336,0.05566744112950589,0.9198955043151497,0.9999999987665191,87.98432564727247,0.9999999981497787,BEAR,0.9198955043151497,94.39268536368333,HIGH,0.9198955051954762,1.0,19
NIFTYIT,2026-07-01,BEAR,1.1027108679687939e-09,8.506906337784045e-15,0.9999999988972805,0.024437054457621343,0.05566744111454255,0.9198955044278362,0.9999999988972805,87.98432566417542,0.9999999983459208,BEAR,0.9198955044278362,94.39268536503869,HIGH,0.9198955052148384,1.0,20
NIFTYIT,2026-07-02,BEAR,7.191219692886567e-06,8.133470298216822e-09,0.9999928006468368,0.024442428383301087,0.05566827060065872,0.9198893010160402,0.9999928006468368,87.983395152406,0.9999892009702552,BEAR,0.9198893010160402,94.39261083575292,HIGH,0.9198944405107562,1.0,21
NIFTYIT,2026-07-03,BEAR,5.7183727046304926e-05,0.0002815303681926736,0.9996612859047611,0.024485772413668665,0.055917082432704185,0.9195971451536271,0.9996612859047611,87.93957177304407,0.9994919288571417,BEAR,0.9195971451536271,94.39207821163893,HIGH,0.9198868315948421,1.0,22
NIFTYIT,2026-07-06,BEAR,1.4042841687281758e-05,0.00023246547297053836,0.9997534916853421,0.02445248743340954,0.05586978029929235,0.9196777322672981,0.9997534916853421,87.95165984009469,0.9996302375280132,BEAR,0.9196777322672981,94.39252790146426,HIGH,0.919893255735204,1.0,23
NIFTYIT,2026-07-07,BEAR,0.0004697061685213278,0.0013885698442206887,0.998141723987258,0.02481760137000313,0.05692019406766313,0.9182622045623337,0.998141723987258,87.73933068435005,0.9972125859808868,BEAR,0.9182622045623337,94.38774548802785,HIGH,0.9198249355432551,1.0,24
NIFTYIT,2026-07-08,BEAR,1.608802377302308e-05,0.00020924936158574973,0.9997746626146412,0.024453522763646415,0.05584996722693979,0.9196965100094139,0.9997746626146412,87.95447650141209,0.9996619939219616,BEAR,0.9196965100094139,94.39250789210082,HIGH,0.9198929698871547,1.0,25
NIFTYIT,2026-07-09,BEAR,2.9538498836625246e-05,0.0005898062341516045,0.9993806552670118,0.0244716598672995,0.056180115091980565,0.9193482250407199,0.9993806552670118,87.90223375610799,0.9990709829005175,BEAR,0.9193482250407199,94.39234896715851,HIGH,0.9198906995308359,1.0,26
NIFTYIT,2026-07-10,BEAR,0.003488488376927272,0.020430051735028213,0.9760814598880445,0.027478293990788136,0.07370774765147206,0.8988139583577399,0.9760814598880445,84.822093753661,0.9641221898320668,BEAR,0.8988139583577399,94.35547849410764,HIGH,0.9193639784872522,1.0,27
NIFTYIT,2026-07-13,BEAR,0.46274849767120035,0.0012328370632879108,0.5360186652655118,0.37031242605430587,0.10966485325880704,0.5200227206868872,0.5360186652655118,28.003408103033074,0.3040279978982677,BEAR,0.5200227206868872,89.59602121886046,HIGH,0.8513717316980067,1.0,28
NIFTYIT,2026-07-14,BULL,0.625382247037441,0.08305506665329203,0.29156268630926685,0.49359992815581694,0.198921356486627,0.307478715357556,0.625382247037441,24.03998922337254,0.4380733705561616,BULL,0.49359992815581694,60.90605400661789,MODERATE,0.8272293429516842,0.1,1
NIFTYIT,2026-07-15,BEAR,0.36715823407448206,0.2599536379771276,0.3728881279483904,0.3043663494390851,0.32213482306201296,0.373498827498902,0.3728881279483904,6.024824124835304,0.05933219192258559,BEAR,0.373498827498902,87.57359810740593,HIGH,0.8653371158200847,0.9,1
NIFTYIT,2026-07-16,BULL,0.5051342916648898,0.3630560842006541,0.1318096241344561,0.4096772477480742,0.4269461623536999,0.16337658989822587,0.5051342916648898,14.041924353054988,0.25770143749733465,SIDE,0.4269461623536999,65.13812853970703,MODERATE,0.8448304077101003,0.2,1
NIFTYIT,2026-07-17,BULL,0.9854611131132605,0.012412454246455018,0.0021264326402844268,0.7612151156363114,0.1791104430751754,0.05967444128851331,0.9854611131132605,64.1822673454467,0.9781916696698907,BULL,0.7612151156363114,63.17729160655411,MODERATE,0.7739613086650589,0.3,2
NIFTYIT,2026-07-20,BULL,0.9419514319867553,0.057964354241116886,8.421377212782506e-05,0.7296645267443416,0.21346733693524927,0.056868136320409254,0.9419514319867553,59.449679011651234,0.9129271479801329,BULL,0.7296645267443416,66.62595479940482,MODERATE,0.7803707828486403,0.4,3
NIFTYIT,2026-07-21,BULL,0.8724486702007376,0.12747815713903557,7.317266022691993e-05,0.6791962597687264,0.2655419394836566,0.055261800747617,0.8724486702007376,51.879438965308964,0.8086730053011062,BULL,0.6791962597687264,70.34282011287759,MODERATE,0.7906117158982513,0.5,4
NIFTYIT,2026-07-22,SIDE,0.29199284993690655,0.7021845440759753,0.005822605987118019,0.2575838840491034,0.6954013736195833,0.04701474233131331,0.7021845440759753,54.310206042937494,0.5532768161139631,SIDE,0.6954013736195833,64.33005633201516,MODERATE,0.8761436618859308,0.1,1
NIFTYIT,2026-07-23,SIDE,0.018524556153439706,0.9797830890368837,0.001692354809676611,0.05909627987200455,0.903825090405565,0.03707862972243052,0.9797830890368837,85.57376356083473,0.9696746335553256,SIDE,0.903825090405565,70.15045326377421,MODERATE,0.9164350466253459,0.2,2
NIFTYIT,2026-07-24,SIDE,0.012585870578585748,0.986968744060412,0.00044538536100223713,0.05481047310922774,0.9093505597267466,0.0358389671640257,0.986968744060412,86.40258395901199,0.980453116090618,SIDE,0.9093505597267466,73.21164218611548,MODERATE,0.9173091740873642,0.3,3
NIFTYIT,2026-07-27,SIDE,0.3061703090281848,0.6931346831347129,0.0006950078371023443,0.2679875862486039,0.6892085867650672,0.04280382698632886,0.6931346831347129,53.38128801476009,0.5397020247020694,SIDE,0.6892085867650672,73.18356427927516,MODERATE,0.8740509182753594,0.4,4
NIFTYIT,2026-07-28,BULL,0.9999909261935626,8.962988480251405e-06,1.1081795712564681e-07,0.7718109164031017,0.17006211530970472,0.05812696828719348,0.9999909261935626,65.77163746046526,0.999986389290344,BULL,0.7718109164031017,69.02731912543825,MODERATE,0.7718188446491179,0.5,1
NIFTYIT,2026-07-29,BULL,0.9999998803929759,1.1734406144410899e-07,2.26296263517361e-09,0.771817420681451,0.17005550138489076,0.05812707793365825,0.9999998803929759,65.77261310221765,0.9999998205894639,BULL,0.771817420681451,72.02722676440725,MODERATE,0.7718175252058178,0.6,2
NIFTYIT,2026-07-30,BULL,0.9999971275500287,2.868959536565791e-06,3.490434869998574e-09,0.7718154217152616,0.1700575625013993,0.058127015783338946,0.9999971275500287,65.77231325728926,0.9999956913250428,BULL,0.7718154217152616,72.02725515786248,MODERATE,0.7718179308266069,0.6,3
NIFTYIT,2026-07-31,BULL,0.982836421688592,0.017147003569266083,1.657474214198921e-05,0.7593540524788998,0.18289847378910185,0.057747473731998435,0.982836421688592,63.90310787183496,0.9742546325328878,BULL,0.7593540524788998,72.20425508149,MODERATE,0.7743465011641428,0.6,4
NIFTYIT,2026-08-03,BULL,0.9999998099077944,1.834366567388714e-07,6.655548842890187e-09,0.7718173694062632,0.17005555039291764,0.058127080200819164,0.9999998099077944,65.77260541093948,0.9999997148616917,BULL,0.7718173694062632,72.02722749163122,MODERATE,0.7718175355947317,0.6,5
NIFTYIT,2026-08-04,BULL,0.9995782768269947,0.000421574437059342,1.4873594586520308e-07,0.7715112757753152,0.1703712014720697,0.058117522752615086,0.9995782768269947,65.72669136629727,0.9993674152404921,BULL,0.7715112757753152,72.0315752784097,MODERATE,0.7718796468344244,0.6,6
NIFTYIT,2026-08-05,BULL,0.9957046443793351,0.004294963787662623,3.9183300233770427e-07,0.7686984841822135,0.1732727602642318,0.05802875555355477,0.9957046443793351,65.30477262733203,0.9935569665690027,BULL,0.7686984841822135,75.07152873817901,HIGH,0.7724504105454146,0.7,7
NIFTYIT,2026-08-06,BULL,0.880580084758122,0.11940024835848632,1.9666883391713473e-05,0.685101914436125,0.2594968345403703,0.05540125102350467,0.880580084758122,52.76528716541875,0.820870127137183,BULL,0.685101914436125,79.25894827676662,HIGH,0.7894135468109517,0.8,8
NIFTYIT,2026-08-07,BULL,0.9862913313362645,0.013707563632605094,1.1050311304997262e-06,0.7618631175786726,0.18032373167679736,0.05781315074452999,0.9862913313362645,64.27946763680089,0.9794369970043967,BULL,0.7618631175786726,81.16861963499325,HIGH,0.7738374233570464,0.9,9
NIFTYIT,2026-08-10,BULL,0.969840609220402,0.03015882019430628,5.705852917369197e-07,0.7499176569402144,0.19264755922439053,0.05743478383539517,0.969840609220402,62.48764854103216,0.9547609138306029,BULL,0.7499176569402144,84.33829576251458,HIGH,0.7762613680359225,1.0,10
NIFTYIT,2026-08-11,BULL,0.9906995647616686,0.009300387411673657,4.782665766132357e-08,0.7650641198212994,0.17702240204212266,0.057913478136577885,0.9906995647616686,64.7596179731949,0.9860493471425028,BULL,0.7650641198212994,84.12315214829628,HIGH,0.7731878878328041,1.0,11
NIFTYIT,2026-08-12,BULL,0.7354321574333685,0.2645598240107316,8.01855589975502e-06,0.579704934440413,0.36823835324587223,0.05205671231371471,0.7354321574333685,36.95574016606196,0.603148236150053,BULL,0.579704934440413,86.75603346289972,HIGH,0.8108004780414249,1.0,12
NIFTYIT,2026-08-13,SIDE,0.4263267965536862,0.5736709217498248,2.281696488927781e-06,0.355252329861479,0.5997965777386134,0.04495109239990753,0.5736709217498248,39.96948666079201,0.3605063826247372,SIDE,0.5997965777386134,62.9442098779355,MODERATE,0.8563458553990785,0.1,1
NIFTYIT,2026-08-14,SIDE,0.06373991794820033,0.9362547784139402,5.303637859372395e-06,0.09196464992337353,0.8714106669893683,0.036624683087258164,0.9362547784139402,80.71160004840523,0.9043821676209105,SIDE,0.8714106669893683,69.68400619194324,MODERATE,0.9097715170277605,0.2,2
NIFTYIT,2026-08-17,SIDE,0.003389468775394201,0.9959821474001196,0.0006283838244861095,0.04812874126812857,0.9160816386377849,0.03578962009408652,0.9959821474001196,87.41224579566772,0.9939732211001794,SIDE,0.9160816386377849,73.30650515809809,MODERATE,0.9186643594014013,0.3,3
NIFTYIT,2026-08-18,SIDE,0.0023970296353881754,0.7991930001185168,0.19840997024609497,0.04320645853703181,0.7460414971650107,0.2107520442979576,0.7991930001185168,61.9062245747516,0.6987895001777753,SIDE,0.7460414971650107,76.32687822951637,HIGH,0.9189554032788053,0.4,4
NIFTYIT,2026-08-19,SIDE,0.001201529339579149,0.9111082993025013,0.08769017135791962,0.04469047339369746,0.8425431463285874,0.11276638027771511,0.9111082993025013,76.3814719492881,0.8666624489537519,SIDE,0.8425431463285874,79.33353417389088,HIGH,0.9190504881984413,0.5,5
NIFTYIT,2026-08-20,SIDE,0.0010511178736704449,0.9932525403435757,0.005696341782753937,0.04632311623021045,0.9134571549647581,0.04021972880503149,0.9932525403435757,87.01857324471372,0.9898788105153635,SIDE,0.9134571549647581,82.33088314032118,HIGH,0.9190126162903025,0.6,6
NIFTYIT,2026-08-21,SIDE,0.0027698629017424157,0.9645106334947954,0.03271950360346213,0.046997084789538957,0.8888352405090025,0.06416767470145844,0.9645106334947954,83.32528607635038,0.9467659502421932,SIDE,0.8888352405090025,85.31454065927929,HIGH,0.9187791522754184,0.7,7
